# Blender 4.4.3
# www.blender.org
mtllib MovieTheatre.mtl
o 建物
v 0.000391 0.000000 -5.000000
v 0.000391 20.000000 -5.000000
v 0.000391 0.000000 15.000000
v 0.000391 20.000000 15.000000
v -9.999805 0.000000 -5.000000
v -9.999805 20.000000 15.000000
v -9.999804 20.000000 -5.000000
v -9.999804 0.000000 15.000000
v 10.000196 20.000000 -5.000000
v 10.000196 0.000000 15.000000
v 10.000196 0.000000 -5.000000
v 10.000196 20.000000 15.000000
v 15.000097 20.000000 -5.000000
v 15.000097 0.000000 15.000000
v 15.000097 0.000000 -5.000000
v 15.000097 20.000000 15.000000
v 5.000293 0.000000 -5.000000
v 5.000293 20.000000 15.000000
v 5.000293 20.000000 -5.000000
v 5.000293 0.000000 15.000000
v -5.312213 20.000000 -5.000000
v -5.312213 0.000000 15.000000
v -5.312213 0.000000 -5.000000
v -5.312213 20.000000 15.000000
v -14.999903 0.000000 -5.000000
v -14.999903 20.000000 15.000000
v -14.999903 20.000000 -5.000000
v -14.999903 0.000000 15.000000
v 0.000391 10.000000 15.000000
v 0.000391 10.000000 -5.000000
v -9.999804 10.000000 -5.000000
v -9.999804 10.000000 15.000000
v 10.000196 10.000000 15.000000
v 10.000196 10.000000 -5.000000
v 15.000097 10.000000 15.000000
v 15.000097 10.000000 -5.000000
v 5.000293 10.000000 -5.000000
v 5.000293 10.000000 15.000000
v -5.312213 10.000000 15.000000
v -5.312213 10.000000 -5.000000
v -14.999903 10.000000 -5.000000
v -14.999903 10.000000 15.000000
v 0.000391 15.000000 15.000000
v 0.000391 15.000000 -5.000000
v -9.999804 15.000000 -5.000000
v -9.999804 15.000000 15.000000
v 10.000196 15.000000 15.000000
v 10.000196 15.000000 -5.000000
v 15.000097 15.000000 15.000000
v 15.000097 15.000000 -5.000000
v 5.000293 15.000000 -5.000000
v 5.000293 15.000000 15.000000
v -5.312213 15.000000 15.000000
v -5.312213 15.000000 -5.000000
v -14.999903 15.000000 -5.000000
v -14.999903 15.000000 15.000000
v 0.000391 5.000000 15.000000
v 0.000391 5.000000 -5.000000
v -9.999804 5.000000 -5.000000
v -9.999804 5.000000 15.000000
v 10.000196 5.000000 15.000000
v 10.000196 5.000000 -5.000000
v 15.000097 5.000000 15.000000
v 15.000097 5.000000 -5.000000
v 5.000293 5.000000 -5.000000
v 5.000293 5.000000 15.000000
v -5.312213 5.000000 15.000000
v -5.312213 5.000000 -5.000000
v -14.999903 5.000000 -5.000000
v -14.999903 5.000000 15.000000
v 0.000391 12.500000 15.000000
v 0.000391 12.500000 -5.000000
v -9.999804 12.500000 -5.000000
v -9.999804 12.500000 15.000000
v 10.000196 12.500000 15.000000
v 10.000196 12.500000 -5.000000
v 15.000097 12.500000 15.000000
v 15.000097 12.500000 -5.000000
v 5.000293 12.500000 -5.000000
v 5.000293 12.500000 15.000000
v -5.312213 12.500000 15.000000
v -5.312213 12.500000 -5.000000
v -14.999903 12.500000 -5.000000
v -14.999903 12.500000 15.000000
v -20.000000 0.000000 5.000000
v -20.000000 20.000000 5.000000
v 20.000000 0.000000 5.000000
v 20.000000 20.000000 5.000000
v 0.000391 20.000000 5.000000
v 0.000391 0.000000 5.000000
v -9.999804 0.000000 5.000000
v -9.999804 20.000000 5.000000
v 10.000196 20.000000 5.000000
v 10.000196 0.000000 5.000000
v 15.000097 20.000000 5.000000
v 15.000097 0.000000 5.000000
v 5.000293 0.000000 5.000000
v 5.000293 20.000000 5.000000
v -5.312213 20.000000 5.000000
v -5.312213 0.000000 5.000000
v -14.999903 0.000000 5.000000
v -14.999903 20.000000 5.000000
v 20.000000 10.000000 5.000000
v -20.000000 10.000000 5.000000
v 20.000000 15.000000 5.000000
v -20.000000 15.000000 5.000000
v -20.000000 5.000000 5.000000
v 20.000000 5.000000 5.000000
v -20.000000 12.500000 5.000000
v 20.000000 12.500000 5.000000
v -8.119626 15.000000 -15.001759
v -5.312213 15.000000 -15.001759
v 0.000391 15.000000 -15.001759
v 5.000293 15.000000 -15.001759
v 8.191416 15.000000 -15.001759
v 0.000391 12.500000 -15.001759
v -8.119626 12.500000 -15.001759
v 8.191416 12.500000 -15.001759
v 5.000293 12.500000 -15.001759
v -5.312213 12.500000 -15.001759
v 2.500342 0.000000 -5.000000
v 2.500342 20.000000 15.000000
v 2.500342 20.000000 -5.000000
v 2.500342 0.000000 15.000000
v 2.500342 10.000000 -5.000000
v 2.500342 10.000000 15.000000
v 2.500342 15.000000 -5.000000
v 2.500342 15.000000 15.000000
v 2.500342 5.000000 15.000000
v 2.500342 5.000000 -5.000000
v 2.500342 12.500000 15.000000
v 2.500342 12.500000 -5.000000
v 2.500342 0.000000 5.000000
v 2.500342 20.000000 5.000000
v 2.500342 15.000000 -15.001759
v 2.500342 12.500000 -15.001759
v -2.655911 20.000000 -5.000000
v -2.655911 0.000000 15.000000
v -2.655911 0.000000 -5.000000
v -2.655911 20.000000 15.000000
v -2.655911 10.000000 15.000000
v -2.655911 10.000000 -5.000000
v -2.655911 15.000000 15.000000
v -2.655911 15.000000 -5.000000
v -2.655911 5.000000 -5.000000
v -2.655911 5.000000 15.000000
v -2.655911 12.500000 -5.000000
v -2.655911 12.500000 15.000000
v -2.655911 20.000000 5.000000
v -2.655911 0.000000 5.000000
v -2.655911 15.000000 -15.001759
v -2.655911 12.500000 -15.001759
v 2.500342 0.000000 -3.879074
v 0.000391 0.000000 -3.879074
v 0.000391 5.000000 -3.879074
v -2.655911 5.000000 -3.879074
v 2.500342 5.000000 -3.879074
v -2.655911 0.000000 -3.879074
v 16.758236 0.000000 -5.000000
v 20.000000 0.000000 -3.379118
v 20.000000 20.000000 -3.379118
v 16.758236 20.000000 -5.000000
v 20.000000 10.000000 -3.379118
v 16.758236 10.000000 -5.000000
v 20.000000 15.000000 -3.379118
v 16.758236 15.000000 -5.000000
v 16.758236 5.000000 -5.000000
v 20.000000 5.000000 -3.379118
v 16.758236 12.500000 -5.000000
v 20.000000 12.500000 -3.379118
v -20.000000 0.000000 -3.613283
v -17.226566 0.000000 -5.000000
v -17.226566 20.000000 -5.000000
v -20.000000 20.000000 -3.613283
v -17.226566 10.000000 -5.000000
v -20.000000 10.000000 -3.613283
v -17.226566 15.000000 -5.000000
v -20.000000 15.000000 -3.613283
v -20.000000 5.000000 -3.613283
v -17.226566 5.000000 -5.000000
v -20.000000 12.500000 -3.613283
v -17.226566 12.500000 -5.000000
v -14.999903 0.000000 15.000000
v -20.000000 0.000000 12.484779
v -20.000000 20.000000 12.484779
v -14.999903 20.000000 15.000000
v -14.969559 10.000000 15.000000
v -20.000000 10.000000 12.484779
v -20.000000 15.000000 12.484779
v -14.969559 15.000000 15.000000
v -20.000000 5.000000 12.484779
v -14.969559 5.000000 15.000000
v -20.000000 12.500000 12.484779
v -14.969559 12.500000 15.000000
v 20.000000 0.000000 12.381711
v 15.000097 0.000000 15.000000
v 15.000097 20.000000 15.000000
v 20.000000 20.000000 12.381711
v 14.763422 10.000000 15.000000
v 20.000000 10.000000 12.381711
v 14.763422 15.000000 15.000000
v 20.000000 15.000000 12.381711
v 20.000000 5.000000 12.381711
v 14.763422 5.000000 15.000000
v 20.000000 12.500000 12.381711
v 14.763422 12.500000 15.000000
v -20.000000 0.000000 0.685147
v -20.000000 5.000000 0.685147
v -20.000000 20.000000 0.685147
v -20.000000 15.000000 0.685147
v -20.000000 10.000000 0.685147
v -20.000000 12.500000 0.685147
v -20.000000 0.000000 -1.464068
v -20.000000 5.000000 -1.464068
v -20.000000 12.500000 -1.464068
v -20.000000 20.000000 -1.464068
v -20.000000 15.000000 -1.464068
v -20.000000 10.000000 -1.464068
v -20.000000 0.000000 8.832351
v -20.000000 5.000000 8.832351
v -20.000000 15.000000 8.832351
v -20.000000 20.000000 8.832351
v -20.000000 10.000000 8.832351
v -20.000000 12.500000 8.832351
v -20.000000 0.000000 10.658566
v -20.000000 15.000000 10.658566
v -20.000000 5.000000 10.658566
v -20.000000 20.000000 10.658566
v -20.000000 10.000000 10.658566
v -20.000000 12.500000 10.658566
v -12.499853 20.000000 -5.000000
v -12.499853 0.000000 15.000000
v -12.499853 0.000000 -5.000000
v -12.499853 20.000000 15.000000
v -12.499853 10.000000 15.000000
v -12.499853 10.000000 -5.000000
v -12.499853 15.000000 15.000000
v -12.499853 15.000000 -5.000000
v -12.499853 5.000000 -5.000000
v -12.499853 5.000000 15.000000
v -12.499853 12.500000 -5.000000
v -12.499853 12.500000 15.000000
v -12.499853 20.000000 5.000000
v -12.499853 0.000000 5.000000
v 12.500147 0.000000 -5.000000
v 12.500147 20.000000 15.000000
v 12.500147 20.000000 -5.000000
v 12.500147 0.000000 15.000000
v 12.500147 10.000000 -5.000000
v 12.500147 10.000000 15.000000
v 12.500147 15.000000 -5.000000
v 12.500147 15.000000 15.000000
v 12.500147 5.000000 15.000000
v 12.500147 5.000000 -5.000000
v 12.500147 12.500000 15.000000
v 12.500147 12.500000 -5.000000
v 12.500147 0.000000 5.000000
v 12.500147 20.000000 5.000000
v 12.500147 0.000000 15.845219
v 15.000097 0.000000 15.845219
v 15.000097 5.000000 15.845219
v -12.499853 20.000000 15.845219
v -14.999903 20.000000 15.845219
v -14.999903 5.000000 15.845219
v -14.999903 0.000000 15.845219
v 15.000097 12.500000 15.845219
v 15.000097 10.000000 15.845219
v -14.999903 12.500000 15.845219
v -14.999903 10.000000 15.845219
v -12.499853 10.000000 15.845219
v 15.000097 20.000000 15.845219
v 15.000097 15.000000 15.845219
v -14.999903 15.000000 15.845219
v -12.499853 15.000000 15.845219
v -12.499853 5.000000 15.845219
v -12.499853 12.500000 15.845219
v -12.499853 0.000000 15.845219
v 12.500147 20.000000 15.845219
v 12.500147 10.000000 15.845219
v 12.500147 15.000000 15.845219
v 12.500147 5.000000 15.845219
v 12.500147 12.500000 15.845219
v 15.000097 5.000000 -5.704350
v 15.000097 0.000000 -5.704350
v -14.999903 5.000000 -5.704350
v -14.999903 0.000000 -5.704350
v 15.000097 12.500000 -5.704350
v 15.000097 10.000000 -5.704350
v -14.999903 12.500000 -5.704350
v -14.999903 10.000000 -5.704350
v 15.000097 20.000000 -5.704350
v 15.000097 15.000000 -5.704350
v -14.999903 20.000000 -5.704350
v -14.999903 15.000000 -5.704350
v 16.758236 0.000000 -5.704350
v 16.758236 5.000000 -5.704350
v 16.758236 10.000000 -5.704350
v 16.758236 12.500000 -5.704350
v 16.758236 15.000000 -5.704350
v 16.758236 20.000000 -5.704350
v -17.226566 5.000000 -5.704350
v -17.226566 0.000000 -5.704350
v -17.226566 12.500000 -5.704350
v -17.226566 10.000000 -5.704350
v -17.226566 20.000000 -5.704350
v -17.226566 15.000000 -5.704350
v -20.000000 -0.999999 15.000000
v -20.000000 0.000001 15.000000
v -20.000000 -0.999999 -15.000000
v -20.000000 0.000001 -15.000000
v 20.000000 -0.999999 15.000000
v 20.000000 0.000001 15.000000
v 20.000000 -0.999999 -15.000000
v 20.000000 0.000001 -15.000000
v 6.000000 -0.500000 -13.000000
v 6.000000 12.500000 -13.000000
v 6.000000 -0.500000 -15.000000
v 6.000000 12.500000 -15.000000
v 8.000000 -0.500000 -13.000000
v 8.000000 12.500000 -13.000000
v 8.000000 -0.500000 -15.000000
v 8.000000 12.500000 -15.000000
v -8.000000 -0.500000 -13.000000
v -8.000000 12.500000 -13.000000
v -8.000000 -0.500000 -15.000000
v -8.000000 12.500000 -15.000000
v -6.000000 -0.500000 -13.000000
v -6.000000 12.500000 -13.000000
v -6.000000 -0.500000 -15.000000
v -6.000000 12.500000 -15.000000
v -2.900494 23.546062 -1.904634
v -2.900494 23.546062 -2.045154
v -2.550600 23.024977 -1.904634
v -2.550600 23.024977 -2.045154
v -2.052721 23.067438 -1.904634
v -2.052721 23.067438 -2.045154
v -1.788739 23.638784 -1.904634
v -1.788739 23.638784 -2.045154
v -1.345007 23.868546 -1.904634
v -1.345007 23.868546 -2.045154
v -0.738580 23.747898 -1.904634
v -0.738580 23.747898 -2.045154
v -0.416553 24.129978 -1.904634
v -0.416553 24.129978 -2.045154
v -0.643308 24.706039 -1.904634
v -0.643308 24.706039 -2.045154
v -0.492010 25.182270 -1.904634
v -0.492010 25.182270 -2.045154
v 0.031525 25.540371 -1.904634
v 0.031525 25.540371 -2.045154
v -0.010937 26.038248 -1.904634
v -0.010937 26.038248 -2.045154
v -0.577960 26.295145 -1.904634
v -0.577960 26.295145 -2.045154
v -0.807720 26.738874 -1.904634
v -0.807720 26.738874 -2.045154
v -0.691396 27.352388 -1.904634
v -0.691396 27.352388 -2.045154
v -1.073477 27.674416 -1.904634
v -1.073477 27.674416 -2.045154
v -1.656949 27.453411 -1.904634
v -1.656949 27.453411 -2.045154
v -2.133179 27.604710 -1.904634
v -2.133179 27.604710 -2.045154
v -2.483868 28.122494 -1.904634
v -2.483868 28.122494 -2.045154
v -2.981747 28.080032 -1.904634
v -2.981747 28.080032 -2.045154
v -3.239086 27.509768 -1.904634
v -3.239086 27.509768 -2.045154
v -3.682816 27.280005 -1.904634
v -3.682816 27.280005 -2.045154
v -4.295888 27.399574 -1.904634
v -4.295888 27.399574 -2.045154
v -4.617916 27.017492 -1.904634
v -4.617916 27.017492 -2.045154
v -4.395605 26.431278 -1.904634
v -4.395605 26.431278 -2.045154
v -4.546905 25.955046 -1.904634
v -4.546905 25.955046 -2.045154
v -5.065994 25.607101 -1.904634
v -5.065994 25.607101 -2.045154
v -5.023531 25.109222 -1.904634
v -5.023531 25.109222 -2.045154
v -4.445462 24.851799 -1.904634
v -4.445462 24.851799 -2.045154
v -4.215699 24.408066 -1.904634
v -4.215699 24.408066 -2.045154
v -4.343072 23.795082 -1.904634
v -4.343072 23.795082 -2.045154
v -3.960991 23.473053 -1.904634
v -3.960991 23.473053 -2.045154
v -3.376725 23.697359 -1.904634
v -3.376725 23.697359 -2.045154
v -3.404816 25.210812 -2.045154
v -3.204659 24.904076 -2.045154
v -3.322093 25.051054 -2.045154
v -2.896064 24.691982 -2.045154
v -2.529796 24.614132 -2.045154
v -2.716764 24.635021 -2.045154
v -3.060807 24.782833 -2.045154
v -3.460850 25.398846 -2.045154
v -3.476838 25.586298 -2.045154
v -2.342344 24.630119 -2.045154
v -3.408600 25.218117 -2.045154
v -3.455948 25.773266 -2.045154
v -3.398985 25.952564 -2.045154
v -2.161616 24.682369 -2.045154
v -3.308136 26.117308 -2.045154
v -3.186894 26.261160 -2.045154
v -1.994553 24.768875 -2.045154
v -3.039916 26.378595 -2.045154
v -2.692124 26.517351 -2.045154
v -2.504672 26.533339 -2.045154
v -2.872852 26.465101 -2.045154
v -2.317704 26.512449 -2.045154
v -1.829810 26.243397 -2.045154
v -1.973661 26.364637 -2.045154
v -2.138404 26.455486 -2.045154
v -1.625868 25.929354 -2.045154
v -1.847574 24.886311 -2.045154
v -1.578520 25.374205 -2.045154
v -1.557630 25.561172 -2.045154
v -1.635483 25.194906 -2.045154
v -1.726332 25.030163 -2.045154
v -1.712375 26.096416 -2.045154
v -1.573618 25.748625 -2.045154
v -3.476838 25.586298 -1.904634
v -3.408600 25.218117 -1.904634
v -3.460850 25.398846 -1.904634
v -3.204659 24.904076 -1.904634
v -2.896064 24.691982 -1.904634
v -3.060807 24.782833 -1.904634
v -3.322093 25.051054 -1.904634
v -2.529796 24.614132 -1.904634
v -2.161616 24.682369 -1.904634
v -2.342344 24.630119 -1.904634
v -1.726332 25.030163 -1.904634
v -1.847574 24.886311 -1.904634
v -1.578520 25.374205 -1.904634
v -1.635483 25.194906 -1.904634
v -1.994553 24.768875 -1.904634
v -2.716764 24.635021 -1.904634
v -3.398985 25.952564 -1.904634
v -3.455948 25.773266 -1.904634
v -3.308136 26.117308 -1.904634
v -3.039916 26.378595 -1.904634
v -3.186894 26.261160 -1.904634
v -2.692124 26.517351 -1.904634
v -2.317704 26.512449 -1.904634
v -2.504672 26.533339 -1.904634
v -2.872852 26.465101 -1.904634
v -1.973661 26.364637 -1.904634
v -1.712375 26.096416 -1.904634
v -1.829810 26.243397 -1.904634
v -1.573618 25.748625 -1.904634
v -1.557630 25.561172 -1.904634
v -1.625868 25.929354 -1.904634
v -2.138404 26.455486 -1.904634
v -7.994214 27.910559 -1.969700
v -8.230529 26.964167 -1.873626
v -8.457761 26.054140 -1.589097
v -8.667179 25.215458 -1.127048
v -8.850736 24.480345 -0.505233
v -9.001378 23.877054 0.252450
v -9.113314 23.428768 1.116883
v -9.182244 23.152716 2.054849
v -9.205519 23.059504 3.030301
v -9.182244 23.152716 4.005752
v -9.113314 23.428768 4.943718
v -9.001378 23.877054 5.808151
v -8.850736 24.480345 6.565834
v -8.667179 25.215458 7.187648
v -8.457761 26.054140 7.649698
v -8.230529 26.964167 7.934227
v -7.994214 27.910559 8.030300
v -7.757900 28.856955 7.934227
v -7.530668 29.766979 7.649698
v -7.321249 30.605661 7.187648
v -7.137693 31.340775 6.565834
v -6.987052 31.944065 5.808151
v -6.875115 32.392349 4.943718
v -6.806185 32.668404 4.005752
v -6.782909 32.761616 3.030301
v -6.806185 32.668404 2.054849
v -6.875115 32.392349 1.116883
v -6.987052 31.944065 0.252450
v -7.137693 31.340775 -0.505233
v -7.321249 30.605661 -1.127048
v -7.530668 29.766979 -1.589097
v -7.757900 28.856955 -1.873626
v -3.143158 26.699255 3.030301
v -5.387919 24.480881 8.217278
v -4.502633 30.415211 8.217278
v -5.387919 24.480881 -1.782723
v -4.502633 30.415211 -1.782723
v 4.502630 23.005405 8.217278
v 5.387917 28.939735 8.217278
v 4.502630 23.005405 -1.782723
v 5.387917 28.939735 -1.782723
v 0.847078 18.955647 -0.177396
v -1.024850 25.368567 1.913145
v 0.847078 19.575520 -2.078910
v -1.024850 25.988440 0.011631
v 2.774239 19.464148 -0.011631
v 0.902312 25.877068 2.078910
v 2.774240 20.084019 -1.913145
v 0.902312 26.496941 0.177396
v -0.493035 19.521126 8.170502
v -2.364963 25.987587 6.251965
v -0.493035 18.952255 6.253112
v -2.364963 25.418716 4.334574
v 1.434126 20.033873 8.018375
v -0.437802 26.500332 6.099837
v 1.434126 19.465000 6.100984
v -0.437802 25.931461 4.182447
v -5.725769 19.134460 1.957502
v -3.102651 25.358036 3.797708
v -5.265120 19.505232 0.046918
v -2.642002 25.728809 1.887125
v -3.929631 18.297405 2.228117
v -1.306514 24.520983 4.068324
v -3.468982 18.668179 0.317533
v -0.845864 24.891754 2.157740
v 1.596657 24.982502 -1.904634
v 1.596657 24.982502 -2.045154
v 1.946551 24.461418 -1.904634
v 1.946551 24.461418 -2.045154
v 2.444430 24.503880 -1.904634
v 2.444430 24.503880 -2.045154
v 2.708412 25.075226 -1.904634
v 2.708412 25.075226 -2.045154
v 3.152143 25.304989 -1.904634
v 3.152143 25.304989 -2.045154
v 3.758571 25.184340 -1.904634
v 3.758571 25.184340 -2.045154
v 4.080598 25.566422 -1.904634
v 4.080598 25.566422 -2.045154
v 3.853843 26.142483 -1.904634
v 3.853843 26.142483 -2.045154
v 4.005141 26.618713 -1.904634
v 4.005141 26.618713 -2.045154
v 4.528676 26.976812 -1.904634
v 4.528676 26.976812 -2.045154
v 4.486214 27.474691 -1.904634
v 4.486214 27.474691 -2.045154
v 3.919192 27.731588 -1.904634
v 3.919192 27.731588 -2.045154
v 3.689431 28.175318 -1.904634
v 3.689431 28.175318 -2.045154
v 3.805755 28.788832 -1.904634
v 3.805755 28.788832 -2.045154
v 3.423674 29.110859 -1.904634
v 3.423674 29.110859 -2.045154
v 2.840202 28.889853 -1.904634
v 2.840202 28.889853 -2.045154
v 2.363972 29.041153 -1.904634
v 2.363972 29.041153 -2.045154
v 2.013283 29.558937 -1.904634
v 2.013283 29.558937 -2.045154
v 1.515404 29.516474 -1.904634
v 1.515404 29.516474 -2.045154
v 1.258065 28.946211 -1.904634
v 1.258065 28.946211 -2.045154
v 0.814336 28.716448 -1.904634
v 0.814336 28.716448 -2.045154
v 0.201263 28.836016 -1.904634
v 0.201263 28.836016 -2.045154
v -0.120765 28.453934 -1.904634
v -0.120765 28.453934 -2.045154
v 0.101545 27.867720 -1.904634
v 0.101545 27.867720 -2.045154
v -0.049754 27.391489 -1.904634
v -0.049754 27.391489 -2.045154
v -0.568843 27.043543 -1.904634
v -0.568843 27.043543 -2.045154
v -0.526380 26.545664 -1.904634
v -0.526380 26.545664 -2.045154
v 0.051689 26.288240 -1.904634
v 0.051689 26.288240 -2.045154
v 0.281451 25.844509 -1.904634
v 0.281451 25.844509 -2.045154
v 0.154079 25.231524 -1.904634
v 0.154079 25.231524 -2.045154
v 0.536160 24.909496 -1.904634
v 0.536160 24.909496 -2.045154
v 1.120426 25.133801 -1.904634
v 1.120426 25.133801 -2.045154
v 1.092335 26.647253 -2.045154
v 1.292492 26.340517 -2.045154
v 1.175058 26.487495 -2.045154
v 1.601087 26.128426 -2.045154
v 1.967355 26.050573 -2.045154
v 1.780387 26.071465 -2.045154
v 1.436344 26.219275 -2.045154
v 1.036301 26.835287 -2.045154
v 1.020313 27.022739 -2.045154
v 2.154807 26.066561 -2.045154
v 1.088551 26.654560 -2.045154
v 1.041203 27.209707 -2.045154
v 1.098166 27.389008 -2.045154
v 2.335535 26.118811 -2.045154
v 1.189015 27.553751 -2.045154
v 1.310256 27.697601 -2.045154
v 2.502598 26.205318 -2.045154
v 1.457235 27.815037 -2.045154
v 1.805027 27.953794 -2.045154
v 1.992479 27.969782 -2.045154
v 1.624299 27.901543 -2.045154
v 2.179447 27.948891 -2.045154
v 2.667341 27.679838 -2.045154
v 2.523489 27.801079 -2.045154
v 2.358747 27.891930 -2.045154
v 2.871283 27.365795 -2.045154
v 2.649577 26.322754 -2.045154
v 2.918631 26.810648 -2.045154
v 2.939520 26.997616 -2.045154
v 2.861668 26.631348 -2.045154
v 2.770819 26.466604 -2.045154
v 2.784776 27.532860 -2.045154
v 2.923533 27.185066 -2.045154
v 1.020313 27.022739 -1.904634
v 1.088551 26.654560 -1.904634
v 1.036301 26.835287 -1.904634
v 1.292492 26.340517 -1.904634
v 1.601087 26.128426 -1.904634
v 1.436344 26.219275 -1.904634
v 1.175058 26.487495 -1.904634
v 1.967355 26.050573 -1.904634
v 2.335535 26.118811 -1.904634
v 2.154807 26.066561 -1.904634
v 2.770819 26.466604 -1.904634
v 2.649577 26.322754 -1.904634
v 2.918631 26.810648 -1.904634
v 2.861668 26.631348 -1.904634
v 2.502598 26.205318 -1.904634
v 1.780387 26.071465 -1.904634
v 1.098166 27.389008 -1.904634
v 1.041203 27.209707 -1.904634
v 1.189015 27.553751 -1.904634
v 1.457235 27.815037 -1.904634
v 1.310256 27.697601 -1.904634
v 1.805027 27.953794 -1.904634
v 2.179447 27.948891 -1.904634
v 1.992479 27.969782 -1.904634
v 1.624299 27.901543 -1.904634
v 2.523489 27.801079 -1.904634
v 2.784776 27.532860 -1.904634
v 2.667341 27.679838 -1.904634
v 2.923533 27.185066 -1.904634
v 2.939520 26.997616 -1.904634
v 2.871283 27.365795 -1.904634
v 2.358747 27.891930 -1.904634
v 1.596657 24.982502 8.398769
v 1.596657 24.982502 8.258248
v 1.946551 24.461418 8.398769
v 1.946551 24.461418 8.258248
v 2.444430 24.503880 8.398769
v 2.444430 24.503880 8.258248
v 2.708412 25.075226 8.398769
v 2.708412 25.075226 8.258248
v 3.152143 25.304989 8.398769
v 3.152143 25.304989 8.258248
v 3.758571 25.184340 8.398769
v 3.758571 25.184340 8.258248
v 4.080598 25.566422 8.398769
v 4.080598 25.566422 8.258248
v 3.853843 26.142483 8.398769
v 3.853843 26.142483 8.258248
v 4.005141 26.618713 8.398769
v 4.005141 26.618713 8.258248
v 4.528676 26.976812 8.398769
v 4.528676 26.976812 8.258248
v 4.486214 27.474691 8.398769
v 4.486214 27.474691 8.258248
v 3.919192 27.731588 8.398769
v 3.919192 27.731588 8.258248
v 3.689431 28.175318 8.398769
v 3.689431 28.175318 8.258248
v 3.805755 28.788832 8.398769
v 3.805755 28.788832 8.258248
v 3.423674 29.110859 8.398769
v 3.423674 29.110859 8.258248
v 2.840202 28.889853 8.398769
v 2.840202 28.889853 8.258248
v 2.363972 29.041153 8.398769
v 2.363972 29.041153 8.258248
v 2.013283 29.558937 8.398769
v 2.013283 29.558937 8.258248
v 1.515404 29.516474 8.398769
v 1.515404 29.516474 8.258248
v 1.258065 28.946211 8.398769
v 1.258065 28.946211 8.258248
v 0.814336 28.716448 8.398769
v 0.814336 28.716448 8.258248
v 0.201263 28.836016 8.398769
v 0.201263 28.836016 8.258248
v -0.120765 28.453934 8.398769
v -0.120765 28.453934 8.258248
v 0.101545 27.867720 8.398769
v 0.101545 27.867720 8.258248
v -0.049754 27.391489 8.398769
v -0.049754 27.391489 8.258248
v -0.568843 27.043543 8.398769
v -0.568843 27.043543 8.258248
v -0.526380 26.545664 8.398769
v -0.526380 26.545664 8.258248
v 0.051689 26.288240 8.398769
v 0.051689 26.288240 8.258248
v 0.281451 25.844509 8.398769
v 0.281451 25.844509 8.258248
v 0.154079 25.231524 8.398769
v 0.154079 25.231524 8.258248
v 0.536160 24.909496 8.398769
v 0.536160 24.909496 8.258248
v 1.120426 25.133801 8.398769
v 1.120426 25.133801 8.258248
v 1.092335 26.647253 8.258248
v 1.292492 26.340517 8.258248
v 1.175058 26.487495 8.258248
v 1.601087 26.128426 8.258248
v 1.967355 26.050573 8.258248
v 1.780387 26.071465 8.258248
v 1.436344 26.219275 8.258248
v 1.036301 26.835287 8.258248
v 1.020313 27.022739 8.258248
v 2.154807 26.066561 8.258248
v 1.088551 26.654560 8.258248
v 1.041203 27.209707 8.258248
v 1.098166 27.389008 8.258248
v 2.335535 26.118811 8.258248
v 1.189015 27.553751 8.258248
v 1.310256 27.697601 8.258248
v 2.502598 26.205318 8.258248
v 1.457235 27.815037 8.258248
v 1.805027 27.953794 8.258248
v 1.992479 27.969782 8.258248
v 1.624299 27.901543 8.258248
v 2.179447 27.948891 8.258248
v 2.667341 27.679838 8.258248
v 2.523489 27.801079 8.258248
v 2.358747 27.891930 8.258248
v 2.871283 27.365795 8.258248
v 2.649577 26.322754 8.258248
v 2.918631 26.810648 8.258248
v 2.939520 26.997616 8.258248
v 2.861668 26.631348 8.258248
v 2.770819 26.466604 8.258248
v 2.784776 27.532860 8.258248
v 2.923533 27.185066 8.258248
v 1.020313 27.022739 8.398769
v 1.088551 26.654560 8.398769
v 1.036301 26.835287 8.398769
v 1.292492 26.340517 8.398769
v 1.601087 26.128426 8.398769
v 1.436344 26.219275 8.398769
v 1.175058 26.487495 8.398769
v 1.967355 26.050573 8.398769
v 2.335535 26.118811 8.398769
v 2.154807 26.066561 8.398769
v 2.770819 26.466604 8.398769
v 2.649577 26.322754 8.398769
v 2.918631 26.810648 8.398769
v 2.861668 26.631348 8.398769
v 2.502598 26.205318 8.398769
v 1.780387 26.071465 8.398769
v 1.098166 27.389008 8.398769
v 1.041203 27.209707 8.398769
v 1.189015 27.553751 8.398769
v 1.457235 27.815037 8.398769
v 1.310256 27.697601 8.398769
v 1.805027 27.953794 8.398769
v 2.179447 27.948891 8.398769
v 1.992479 27.969782 8.398769
v 1.624299 27.901543 8.398769
v 2.523489 27.801079 8.398769
v 2.784776 27.532860 8.398769
v 2.667341 27.679838 8.398769
v 2.923533 27.185066 8.398769
v 2.939520 26.997616 8.398769
v 2.871283 27.365795 8.398769
v 2.358747 27.891930 8.398769
v -2.900494 23.546061 8.461877
v -2.900494 23.546061 8.321357
v -2.550600 23.024975 8.461877
v -2.550600 23.024975 8.321357
v -2.052721 23.067438 8.461877
v -2.052721 23.067438 8.321357
v -1.788739 23.638783 8.461877
v -1.788739 23.638783 8.321357
v -1.345007 23.868546 8.461877
v -1.345007 23.868546 8.321357
v -0.738580 23.747898 8.461877
v -0.738580 23.747898 8.321357
v -0.416553 24.129978 8.461877
v -0.416553 24.129978 8.321357
v -0.643308 24.706039 8.461877
v -0.643308 24.706039 8.321357
v -0.492010 25.182270 8.461877
v -0.492010 25.182270 8.321357
v 0.031525 25.540369 8.461877
v 0.031525 25.540369 8.321357
v -0.010937 26.038248 8.461877
v -0.010937 26.038248 8.321357
v -0.577960 26.295145 8.461877
v -0.577960 26.295145 8.321357
v -0.807720 26.738874 8.461877
v -0.807720 26.738874 8.321357
v -0.691396 27.352388 8.461877
v -0.691396 27.352388 8.321357
v -1.073477 27.674416 8.461877
v -1.073477 27.674416 8.321357
v -1.656949 27.453411 8.461877
v -1.656949 27.453411 8.321357
v -2.133179 27.604710 8.461877
v -2.133179 27.604710 8.321357
v -2.483868 28.122494 8.461877
v -2.483868 28.122494 8.321357
v -2.981747 28.080032 8.461877
v -2.981747 28.080032 8.321357
v -3.239086 27.509768 8.461877
v -3.239086 27.509768 8.321357
v -3.682816 27.280005 8.461877
v -3.682816 27.280005 8.321357
v -4.295888 27.399574 8.461877
v -4.295888 27.399574 8.321357
v -4.617916 27.017492 8.461877
v -4.617916 27.017492 8.321357
v -4.395606 26.431278 8.461877
v -4.395606 26.431278 8.321357
v -4.546905 25.955046 8.461877
v -4.546905 25.955046 8.321357
v -5.065994 25.607101 8.461877
v -5.065994 25.607101 8.321357
v -5.023531 25.109222 8.461877
v -5.023531 25.109222 8.321357
v -4.445462 24.851799 8.461877
v -4.445462 24.851799 8.321357
v -4.215699 24.408066 8.461877
v -4.215699 24.408066 8.321357
v -4.343072 23.795080 8.461877
v -4.343072 23.795080 8.321357
v -3.960991 23.473053 8.461877
v -3.960991 23.473053 8.321357
v -3.376725 23.697359 8.461877
v -3.376725 23.697359 8.321357
v -3.404816 25.210812 8.321357
v -3.204659 24.904076 8.321357
v -3.322093 25.051054 8.321357
v -2.896064 24.691982 8.321357
v -2.529796 24.614132 8.321357
v -2.716764 24.635021 8.321357
v -3.060807 24.782833 8.321357
v -3.460850 25.398846 8.321357
v -3.476838 25.586298 8.321357
v -2.342344 24.630119 8.321357
v -3.408600 25.218117 8.321357
v -3.455948 25.773264 8.321357
v -3.398986 25.952564 8.321357
v -2.161616 24.682369 8.321357
v -3.308136 26.117308 8.321357
v -3.186894 26.261160 8.321357
v -1.994553 24.768875 8.321357
v -3.039916 26.378593 8.321357
v -2.692124 26.517351 8.321357
v -2.504672 26.533339 8.321357
v -2.872852 26.465101 8.321357
v -2.317704 26.512449 8.321357
v -1.829810 26.243395 8.321357
v -1.973661 26.364635 8.321357
v -2.138404 26.455486 8.321357
v -1.625868 25.929354 8.321357
v -1.847574 24.886311 8.321357
v -1.578520 25.374205 8.321357
v -1.557630 25.561172 8.321357
v -1.635483 25.194904 8.321357
v -1.726332 25.030163 8.321357
v -1.712375 26.096416 8.321357
v -1.573618 25.748625 8.321357
v -3.476838 25.586298 8.461877
v -3.408600 25.218117 8.461877
v -3.460850 25.398846 8.461877
v -3.204659 24.904076 8.461877
v -2.896064 24.691982 8.461877
v -3.060807 24.782833 8.461877
v -3.322093 25.051054 8.461877
v -2.529796 24.614132 8.461877
v -2.161616 24.682369 8.461877
v -2.342344 24.630119 8.461877
v -1.726332 25.030163 8.461877
v -1.847574 24.886311 8.461877
v -1.578520 25.374205 8.461877
v -1.635483 25.194904 8.461877
v -1.994553 24.768875 8.461877
v -2.716764 24.635021 8.461877
v -3.398986 25.952564 8.461877
v -3.455948 25.773264 8.461877
v -3.308136 26.117308 8.461877
v -3.039916 26.378593 8.461877
v -3.186894 26.261160 8.461877
v -2.692124 26.517351 8.461877
v -2.317704 26.512449 8.461877
v -2.504672 26.533339 8.461877
v -2.872852 26.465101 8.461877
v -1.973661 26.364635 8.461877
v -1.712375 26.096416 8.461877
v -1.829810 26.243395 8.461877
v -1.573618 25.748625 8.461877
v -1.557630 25.561172 8.461877
v -1.625868 25.929354 8.461877
v -2.138404 26.455486 8.461877
v 3.065174 23.798601 1.577641
v 8.865171 23.798601 1.577641
v 3.065173 27.798601 1.577641
v 8.865173 27.798601 1.577641
v 10.828527 22.031582 1.577641
v 10.828527 26.031582 1.577641
v 13.577222 22.424253 1.577641
v 13.577222 26.424253 1.577641
v 16.227749 20.657234 1.577641
v 16.227749 24.657234 1.577641
v -2.350000 -2.170000 -3.210000
v -2.350000 5.530000 -3.210000
v -2.350000 -2.170000 -5.210000
v -2.350000 5.530000 -5.210000
v 2.350000 -2.170000 -3.210000
v 2.350000 5.530000 -3.210000
v 2.350000 -2.170000 -5.210000
v 2.350000 5.530000 -5.210000
vn 1.0000 -0.0000 -0.0000
vn -0.0000 -0.0000 -1.0000
vn -0.0000 1.0000 -0.0000
vn -1.0000 -0.0000 -0.0000
vn -0.0000 -1.0000 -0.0000
vn -0.0000 -0.0000 1.0000
vn -0.0000 -0.0000 -0.0000
vn -0.9828 -0.0000 -0.1847
vn 0.9840 -0.0000 -0.1780
vn 0.4472 -0.0000 -0.8944
vn -0.4472 -0.0000 -0.8944
vn -0.4472 -0.0027 0.8944
vn -0.4472 -0.0000 0.8944
vn -0.4494 -0.0000 0.8933
vn 0.4471 0.0212 0.8942
vn 0.4472 -0.0000 0.8944
vn 0.4639 -0.0000 0.8859
vn -0.8302 -0.5575 -0.0000
vn 0.0850 -0.9964 -0.0000
vn 0.9078 -0.4194 -0.0000
vn 0.4598 -0.8880 -0.0000
vn -0.1951 -0.9808 -0.0000
vn 0.7646 -0.6445 -0.0000
vn 0.9305 0.3663 -0.0000
vn 0.9531 -0.3028 -0.0000
vn 0.5646 -0.8254 -0.0000
vn 0.9964 0.0850 -0.0000
vn 0.4127 0.9109 -0.0000
vn 0.8880 0.4598 -0.0000
vn 0.9825 -0.1863 -0.0000
vn 0.6445 0.7646 -0.0000
vn -0.3542 0.9352 -0.0000
vn 0.3028 0.9531 -0.0000
vn 0.8280 0.5608 -0.0000
vn -0.0850 0.9964 -0.0000
vn -0.9115 0.4113 -0.0000
vn -0.4598 0.8880 -0.0000
vn 0.1914 0.9815 -0.0000
vn -0.7646 0.6445 -0.0000
vn -0.9350 -0.3546 -0.0000
vn -0.9531 0.3028 -0.0000
vn -0.5568 0.8307 -0.0000
vn -0.9964 -0.0850 -0.0000
vn -0.4068 -0.9135 -0.0000
vn -0.8880 -0.4598 -0.0000
vn -0.9791 0.2034 -0.0000
vn -0.6445 -0.7646 -0.0000
vn 0.3584 -0.9336 -0.0000
vn -0.3028 -0.9531 -0.0000
vn 0.1110 0.9938 -0.0000
vn -0.2777 0.9607 -0.0000
vn -0.6242 0.7813 -0.0000
vn -0.6242 0.7812 -0.0000
vn -0.8757 0.4829 -0.0000
vn -0.9938 0.1110 -0.0000
vn -0.9607 -0.2777 -0.0000
vn -0.7813 -0.6242 -0.0000
vn -0.4829 -0.8757 -0.0000
vn -0.1110 -0.9938 -0.0000
vn 0.2777 -0.9607 -0.0000
vn 0.6242 -0.7813 -0.0000
vn 0.8757 -0.4829 -0.0000
vn 0.9938 -0.1110 -0.0000
vn 0.9607 0.2777 -0.0000
vn 0.8880 0.4599 -0.0000
vn 0.7813 0.6242 -0.0000
vn 0.4829 0.8757 -0.0000
vn 0.6676 -0.2383 -0.7054
vn 0.6345 -0.3705 -0.6783
vn 0.6034 -0.4951 -0.6251
vn 0.5754 -0.6072 -0.5479
vn 0.5516 -0.7025 -0.4497
vn 0.5329 -0.7774 -0.3341
vn 0.5201 -0.8290 -0.2058
vn 0.5135 -0.8553 -0.0695
vn 0.5135 -0.8553 0.0695
vn 0.5201 -0.8290 0.2058
vn 0.5329 -0.7774 0.3341
vn 0.5516 -0.7025 0.4497
vn 0.5754 -0.6072 0.5479
vn 0.6034 -0.4951 0.6251
vn 0.6345 -0.3705 0.6783
vn 0.6676 -0.2383 0.7054
vn 0.7012 -0.1035 0.7054
vn 0.7342 0.0287 0.6783
vn 0.7653 0.1533 0.6251
vn 0.7933 0.2654 0.5479
vn 0.8171 0.3607 0.4497
vn 0.8358 0.4356 0.3341
vn 0.8487 0.4872 0.2058
vn 0.8553 0.5135 0.0695
vn 0.8553 0.5135 -0.0695
vn 0.8487 0.4872 -0.2058
vn 0.8358 0.4356 -0.3341
vn 0.8171 0.3607 -0.4497
vn 0.7933 0.2654 -0.5479
vn 0.7653 0.1533 -0.6251
vn -0.9702 0.2423 -0.0000
vn 0.7342 0.0287 -0.6783
vn 0.7012 -0.1035 -0.7054
vn -0.9891 0.1475 -0.0000
vn 0.9891 -0.1475 -0.0000
vn -0.1475 -0.9891 -0.0000
vn 0.1475 0.9891 -0.0000
vn -0.9636 -0.2542 -0.0829
vn -0.0000 0.3099 -0.9508
vn 0.9636 0.2542 0.0829
vn -0.0000 -0.3099 0.9508
vn 0.2674 -0.9161 -0.2986
vn -0.2674 0.9161 0.2986
vn -0.9636 -0.2564 0.0761
vn -0.0000 -0.2844 -0.9587
vn 0.9636 0.2564 -0.0761
vn -0.0000 0.2844 0.9587
vn 0.2674 -0.9238 0.2741
vn -0.2674 0.9238 -0.2741
vn -0.8981 0.4185 -0.1353
vn 0.2303 0.1854 -0.9553
vn 0.8981 -0.4185 0.1353
vn -0.2303 -0.1854 0.9553
vn -0.3747 -0.8891 -0.2629
vn 0.3747 0.8891 0.2629
vn -0.6444 -0.7646 -0.0000
vn 0.6444 0.7646 -0.0000
vn -0.4472 0.0027 0.8944
vn 0.4471 -0.0212 0.8942
vn 0.8879 0.4600 -0.0000
vn 0.7812 0.6242 -0.0000
vn -0.9702 0.2422 -0.0000
vn 0.6242 -0.7812 -0.0000
vn -0.0000 0.0001 1.0000
vt 0.815584 0.511008
vt 0.795527 0.525611
vt 0.792950 0.519302
vt 0.657673 0.405059
vt 0.661179 0.315617
vt 0.698800 0.383565
vt 0.631889 0.216821
vt 0.651303 0.204576
vt 0.651833 0.205513
vt 0.480183 0.414261
vt 0.427247 0.365019
vt 0.436323 0.333828
vt 0.740997 0.270532
vt 0.746939 0.189336
vt 0.780521 0.247696
vt 0.872410 0.652054
vt 0.900188 0.604128
vt 0.912978 0.635260
vt 0.540534 0.381424
vt 0.506836 0.295507
vt 0.550590 0.375952
vt 0.859485 0.202220
vt 0.824575 0.117229
vt 0.869971 0.196189
vt 0.537037 0.187008
vt 0.570791 0.154613
vt 0.576408 0.164464
vt 0.704699 0.506487
vt 0.730547 0.483209
vt 0.734556 0.489390
vt 0.724286 0.540556
vt 0.759654 0.507620
vt 0.765095 0.518254
vt 0.898960 0.179515
vt 0.863434 0.094890
vt 0.908829 0.173839
vt 0.500301 0.403315
vt 0.475396 0.312588
vt 0.519161 0.393053
vt 0.519393 0.156197
vt 0.548303 0.115139
vt 0.558846 0.133654
vt 0.559689 0.226334
vt 0.593239 0.193964
vt 0.598850 0.203765
vt 0.580757 0.359532
vt 0.547056 0.273653
vt 0.590811 0.354059
vt 0.820006 0.224939
vt 0.794348 0.134602
vt 0.839747 0.213576
vt 0.693997 0.480900
vt 0.729576 0.444952
vt 0.726044 0.470179
vt 0.612590 0.227603
vt 0.573023 0.249362
vt 0.612061 0.226671
vt 0.620972 0.337628
vt 0.628545 0.256613
vt 0.800266 0.236304
vt 0.764733 0.151613
vt 0.810136 0.230620
vt 0.681866 0.453323
vt 0.719210 0.422104
vt 0.724629 0.433208
vt 0.697066 0.489262
vt 0.727833 0.476996
vt 0.804219 0.128929
vt 0.849616 0.207898
vt 0.554026 0.216527
vt 0.582023 0.174307
vt 0.560646 0.370480
vt 0.537002 0.279116
vt 0.525390 0.166679
vt 0.564820 0.144136
vt 0.486086 0.306780
vt 0.529848 0.387238
vt 0.719616 0.532414
vt 0.739779 0.495062
vt 0.880456 0.190158
vt 0.853565 0.100564
vt 0.648295 0.014595
vt 0.608565 0.036904
vt 0.648272 0.014555
vt 0.755352 0.603660
vt 0.788092 0.567299
vt 0.795961 0.585150
vt 0.446468 0.328311
vt 0.490242 0.408788
vt 0.717246 0.137283
vt 0.681294 0.165948
vt 0.677564 0.159273
vt 0.503168 0.127804
vt 0.538869 0.098578
vt 0.542675 0.105260
vt 0.816675 0.576244
vt 0.830249 0.549611
vt 0.837500 0.567641
vt 0.808459 0.488572
vt 0.846144 0.455063
vt 0.851735 0.475080
vt 0.604300 0.121697
vt 0.637926 0.088808
vt 0.643865 0.099329
vt 0.632571 0.171618
vt 0.660938 0.129638
vt 0.672036 0.149397
vt 0.793580 0.442843
vt 0.825716 0.411045
vt 0.831651 0.420429
vt 0.768112 0.407450
vt 0.801127 0.372961
vt 0.807175 0.382612
vt 0.681234 0.304481
vt 0.668175 0.234683
vt 0.701233 0.293239
vt 0.788326 0.434619
vt 0.813254 0.392164
vt 0.638143 0.181462
vt 0.598349 0.111198
vt 0.627431 0.070240
vt 0.811855 0.499871
vt 0.855069 0.485620
vt 0.801395 0.459761
vt 0.835843 0.432618
vt 0.843320 0.443630
vt 0.615836 0.142060
vt 0.649797 0.109847
vt 0.655372 0.119744
vt 0.549210 0.070743
vt 0.568939 0.059371
vt 0.569006 0.059491
vt 0.612593 0.227604
vt 0.631315 0.215802
vt 0.739538 0.360636
vt 0.779398 0.337018
vt 0.899426 0.481756
vt 0.860616 0.502038
vt 0.858567 0.496136
vt 0.627645 0.209119
vt 0.809099 0.558227
vt 0.756637 0.470373
vt 0.578590 0.122417
vt 0.584551 0.132906
vt 0.601702 0.163101
vt 0.612855 0.182781
vt 0.756275 0.470411
vt 0.756465 0.470397
vt 0.741035 0.410338
vt 0.747458 0.421215
vt 0.648314 0.245756
vt 0.757196 0.469878
vt 0.784017 0.495248
vt 0.618415 0.192613
vt 0.568062 0.103894
vt 0.788351 0.507725
vt 0.753699 0.432297
vt 0.590507 0.143389
vt 0.596108 0.153249
vt 0.719286 0.372247
vt 0.515019 0.499597
vt 0.478970 0.459933
vt 0.651729 0.425190
vt 0.600865 0.348585
vt 0.557109 0.268192
vt 0.588661 0.278318
vt 0.791586 0.686177
vt 0.818721 0.637995
vt 0.831884 0.669053
vt 0.689469 0.087543
vt 0.695048 0.097473
vt 0.867076 0.395626
vt 0.842075 0.422094
vt 0.892178 0.461809
vt 0.895752 0.471740
vt 0.667090 0.047839
vt 0.677593 0.066448
vt 0.711729 0.127331
vt 0.851154 0.368841
vt 0.862276 0.387930
vt 0.754779 0.157327
vt 0.839766 0.349542
vt 0.845477 0.359226
vt 0.700620 0.107409
vt 0.683534 0.076994
vt 0.885701 0.443934
vt 0.972878 0.242047
vt 0.918697 0.168164
vt 0.958021 0.190886
vt 0.754859 0.157283
vt 0.760899 0.144937
vt 0.872128 0.533509
vt 0.878966 0.551254
vt 0.709038 0.402631
vt 0.670221 0.429698
vt 0.667305 0.423816
vt 0.707697 0.212248
vt 0.852129 0.660526
vt 0.859436 0.620868
vt 0.610246 0.132189
vt 0.785866 0.464471
vt 0.797660 0.450612
vt 0.587835 0.092665
vt 0.774744 0.446859
vt 0.774338 0.416585
vt 0.690503 0.182458
vt 0.691022 0.183392
vt 0.761686 0.397550
vt 0.779556 0.451893
vt 0.621420 0.151925
vt 0.804012 0.468839
vt 0.523976 0.494722
vt 0.518104 0.505263
vt 0.436403 0.333783
vt 0.442767 0.321502
vt 0.802103 0.541492
vt 0.821389 0.526858
vt 0.823705 0.532903
vt 0.839053 0.629384
vt 0.838789 0.319188
vt 0.873381 0.089171
vt 0.904522 0.097709
vt 0.529427 0.082007
vt 0.549142 0.070623
vt 0.608632 0.037024
vt 0.737561 0.404362
vt 0.534034 0.489248
vt 0.912918 0.518016
vt 0.919693 0.535375
vt 0.925862 0.269087
vt 0.944360 0.258448
vt 0.562948 0.473511
vt 0.573634 0.467694
vt 0.604433 0.450930
vt 0.624544 0.439986
vt 0.885168 0.292496
vt 0.895033 0.286821
vt 0.845722 0.315197
vt 0.855583 0.309521
vt 0.841987 0.324743
vt 0.865445 0.303844
vt 0.634601 0.434511
vt 0.544091 0.483773
vt 0.954226 0.252774
vt 0.904897 0.281146
vt 0.915379 0.275117
vt 0.584320 0.461878
vt 0.594377 0.456404
vt 0.676753 0.442955
vt 0.716089 0.416039
vt 0.829236 0.331664
vt 0.793547 0.360601
vt 0.790201 0.355074
vt 0.489880 0.104524
vt 0.529359 0.081887
vt 0.757241 0.470072
vt 0.757028 0.469904
vt 0.756400 0.470123
vt 0.756539 0.470050
vt 0.756271 0.470210
vt 0.756975 0.470257
vt 0.756695 0.469987
vt 0.756862 0.469937
vt 0.787252 0.471959
vt 0.783167 0.457615
vt 0.756808 0.470326
vt 0.900121 0.295667
vt 0.814089 0.123256
vt 0.700498 0.497598
vt 0.542688 0.196855
vt 0.516894 0.290044
vt 0.757123 0.470172
vt 0.882596 0.433885
vt 0.496776 0.300972
vt 0.531389 0.177155
vt 0.709502 0.515398
vt 0.835061 0.111201
vt 0.847363 0.435130
vt 0.876758 0.414668
vt 0.880851 0.426923
vt 0.843950 0.428885
vt 0.872715 0.405504
vt 0.909986 0.289993
vt 0.818646 0.313764
vt 0.729965 0.391130
vt 0.750412 0.379141
vt 0.906884 0.502203
vt 0.866056 0.517219
vt 0.780695 0.550774
vt 0.747295 0.586477
vt 0.739655 0.570821
vt 0.863916 0.511349
vt 0.816077 0.744128
vt 0.844326 0.698559
vt 0.856374 0.727251
vt 0.896714 0.710395
vt 0.925209 0.664848
vt 0.937131 0.693624
vt 0.864518 0.690086
vt 0.876532 0.718810
vt 0.977529 0.676813
vt 0.965672 0.648132
vt 0.884733 0.681643
vt 0.940733 0.587604
vt 0.953476 0.618580
vt 0.730163 0.160741
vt 0.573047 0.249412
vt 0.730142 0.160702
vt 0.926582 0.552755
vt 0.885938 0.568897
vt 0.824176 0.594033
vt 0.844778 0.585456
vt 0.778394 0.655408
vt 0.803663 0.602805
vt 0.763179 0.620889
vt 0.919091 0.650060
vt 0.959571 0.633356
vt 0.838116 0.683814
vt 0.858331 0.675317
vt 0.878575 0.666859
vt 0.797818 0.700875
vt 0.804035 0.715578
vt 0.964091 0.247101
vt 0.582223 0.082773
vt 0.661485 0.037920
vt 0.770554 0.529210
vt 0.562442 0.094009
vt 0.621827 0.060335
vt 0.508808 0.137682
vt 0.456532 0.322842
vt 0.873302 0.089216
vt 0.729516 0.550446
vt 0.644659 0.429037
vt 0.608263 0.220121
vt 0.533237 0.088693
vt 0.578425 0.076082
vt 0.869465 0.082543
vt 0.686819 0.463668
vt 0.774607 0.145942
vt 0.493715 0.111244
vt 0.489903 0.104564
vt 0.499355 0.121125
vt 0.612427 0.043725
vt 0.618036 0.053635
vt 0.553016 0.077433
vt 0.558641 0.087323
vt 0.652087 0.021299
vt 0.657694 0.031215
vt 0.572807 0.066185
vt 0.641912 0.188118
vt 0.647504 0.197936
vt 0.686795 0.175801
vt 0.720964 0.144008
vt 0.726450 0.153972
vt 0.622162 0.199261
vt 0.569187 0.242749
vt 0.602644 0.210377
vt 0.563516 0.232958
vt 0.553416 0.261395
vt 0.799565 0.535398
vt 0.817805 0.517182
vt 0.777937 0.544820
vt 0.758157 0.391894
vt 0.797746 0.367474
vt 0.753832 0.384816
vt 0.733314 0.396983
vt 0.673859 0.437036
vt 0.712180 0.408553
vt 0.736874 0.565090
vt 0.773476 0.535278
vt 0.832486 0.337188
vt 0.836534 0.344053
vt 0.901473 0.487473
vt 0.904793 0.496475
vt 0.647741 0.434702
vt 0.967288 0.252659
vt 0.732387 0.556147
vt 0.315354 0.517095
vt 0.285419 0.547030
vt 0.285419 0.517095
vt 0.315354 0.547030
vt 0.285419 0.576965
vt 0.315354 0.576965
vt 0.285419 0.606901
vt 0.315354 0.606901
vt 0.285419 0.636836
vt 0.255484 0.606901
vt 0.255484 0.576965
vt 0.345289 0.576965
vt 0.901948 0.862535
vt 0.872013 0.892470
vt 0.872013 0.862535
vt 0.901948 0.892470
vt 0.872013 0.922405
vt 0.901948 0.922405
vt 0.872013 0.952340
vt 0.901948 0.952340
vt 0.872013 0.982276
vt 0.209903 0.674325
vt 0.179968 0.704260
vt 0.179968 0.674325
vt 0.269774 0.674325
vt 0.239839 0.704260
vt 0.239839 0.674325
vt 0.947155 0.866092
vt 0.917219 0.896027
vt 0.917219 0.866092
vt 0.947155 0.896027
vt 0.917219 0.925963
vt 0.947155 0.925963
vt 0.917219 0.955898
vt 0.947155 0.955898
vt 0.917219 0.985833
vt 0.256086 0.780421
vt 0.226151 0.810356
vt 0.226151 0.780421
vt 0.315957 0.780421
vt 0.286022 0.810356
vt 0.286022 0.780421
vt 0.000000 0.000000
vt 0.366298 0.956087
vt 0.371583 0.902431
vt 0.376868 0.956087
vt 0.387234 0.954025
vt 0.396998 0.949980
vt 0.405787 0.944108
vt 0.413260 0.936635
vt 0.419132 0.927846
vt 0.423177 0.918082
vt 0.425239 0.907716
vt 0.425239 0.897146
vt 0.423177 0.886780
vt 0.419132 0.877015
vt 0.413260 0.868227
vt 0.405787 0.860754
vt 0.396999 0.854882
vt 0.387234 0.850837
vt 0.376868 0.848775
vt 0.366298 0.848775
vt 0.355932 0.850837
vt 0.346167 0.854882
vt 0.337379 0.860754
vt 0.329906 0.868227
vt 0.324034 0.877015
vt 0.319989 0.886780
vt 0.317927 0.897146
vt 0.317927 0.907716
vt 0.319989 0.918082
vt 0.324034 0.927846
vt 0.329906 0.936635
vt 0.337379 0.944108
vt 0.346167 0.949980
vt 0.612696 0.857499
vt 0.598507 0.884045
vt 0.571962 0.869856
vt 0.355932 0.954025
vt 0.297513 0.370231
vt 0.283479 0.287167
vt 0.330604 0.341564
vt 0.172879 0.195138
vt 0.205971 0.166471
vt 0.158845 0.112073
vt 0.125754 0.140740
vt 0.050430 0.018152
vt 0.267261 0.018152
vt 0.314386 0.072550
vt 0.064464 0.289059
vt 0.114643 0.291382
vt 0.186615 0.363353
vt 0.114643 0.363353
vt 0.114643 0.435325
vt 0.186615 0.435325
vt 0.114643 0.507296
vt 0.186615 0.579268
vt 0.114643 0.579268
vt 0.042672 0.507296
vt 0.042672 0.435325
vt 0.258586 0.507296
vt 0.186615 0.507296
vt 0.684894 0.803377
vt 0.642326 0.845944
vt 0.642326 0.803377
vt 0.684894 0.845944
vt 0.642326 0.888512
vt 0.684893 0.931079
vt 0.642326 0.931079
vt 0.684893 0.973647
vt 0.642326 0.973647
vt 0.599759 0.888512
vt 0.599759 0.931079
vt 0.727461 0.888512
vt 0.684894 0.888512
vt 0.089291 0.611085
vt 0.161263 0.683057
vt 0.089291 0.683057
vt 0.161263 0.755028
vt 0.089291 0.755028
vt 0.089291 0.827000
vt 0.161263 0.827000
vt 0.089291 0.898972
vt 0.017320 0.827000
vt 0.017320 0.755028
vt 0.233234 0.827000
vt 0.551624 0.805471
vt 0.507146 0.713920
vt 0.575161 0.737457
vt 0.505688 0.815355
vt 0.483610 0.781934
vt 0.555871 0.868814
vt 0.487857 0.845278
vt 0.507146 0.886757
vt 0.849796 0.894725
vt 0.839223 0.905299
vt 0.839223 0.894725
vt 0.849796 0.905299
vt 0.839223 0.915872
vt 0.849796 0.915872
vt 0.839223 0.926446
vt 0.849796 0.926446
vt 0.839223 0.937019
vt 0.828649 0.926446
vt 0.828649 0.915872
vt 0.860370 0.915872
vt 0.460067 0.425220
vt 0.443264 0.394395
vt 0.435255 0.379705
vt 0.497791 0.494513
vt 0.488381 0.477223
vt 0.557119 0.268161
vt 0.967775 0.207848
vt 0.977529 0.224810
vt 0.938443 0.156823
vt 0.751024 0.150607
vt 0.527060 0.500388
vt 0.432697 0.326975
vt 0.921073 0.126556
vt 0.912796 0.112132
vt 0.848920 0.320752
vt 0.920468 0.283963
vt 0.859597 0.088218
vt 0.543363 0.266856
vt 0.654811 0.430855
vt 0.976075 0.247607
vt 0.315354 0.636836
vt 0.345289 0.606901
vt 0.901948 0.982276
vt 0.209903 0.704260
vt 0.269774 0.704260
vt 0.947155 0.985833
vt 0.256086 0.810356
vt 0.315957 0.810356
vt 0.571148 0.865764
vt 0.571148 0.861592
vt 0.571962 0.857499
vt 0.573558 0.853645
vt 0.575876 0.850176
vt 0.578827 0.847225
vt 0.582296 0.844907
vt 0.586151 0.843311
vt 0.590243 0.842497
vt 0.594415 0.842497
vt 0.598507 0.843311
vt 0.602362 0.844907
vt 0.605831 0.847225
vt 0.608781 0.850176
vt 0.611099 0.853645
vt 0.613510 0.861592
vt 0.613510 0.865764
vt 0.612696 0.869856
vt 0.611099 0.873711
vt 0.608781 0.877180
vt 0.605831 0.880130
vt 0.602362 0.882448
vt 0.594415 0.884859
vt 0.590243 0.884859
vt 0.586151 0.884045
vt 0.582296 0.882448
vt 0.578827 0.880130
vt 0.575876 0.877180
vt 0.573558 0.873711
vt 0.250388 0.315833
vt 0.017339 0.046819
vt 0.017339 0.234661
vt 0.186615 0.291382
vt 0.258586 0.435325
vt 0.727461 0.931079
vt 0.161263 0.611085
vt 0.161263 0.898972
vt 0.233234 0.755028
vt 0.573702 0.838892
vt 0.575161 0.910293
vt 0.849796 0.937019
vt 0.860370 0.926446
s 0
usemtl マテリアル
f 41/1/1 289/2/1 83/3/1
f 161/4/1 105/5/1 165/6/1
f 206/7/2 35/8/2 199/9/2
f 102/10/3 185/11/3 186/12/3
f 108/13/1 195/14/1 87/15/1
f 223/16/4 107/17/4 220/18/4
f 89/19/3 122/20/3 134/21/3
f 90/22/5 138/23/5 150/24/5
f 122/25/6 43/26/6 128/27/6
f 137/28/2 44/29/2 144/30/2
f 231/31/2 45/32/2 238/33/2
f 91/34/5 232/35/5 244/36/5
f 92/37/3 24/38/3 99/39/3
f 24/40/6 46/41/6 53/42/6
f 246/43/6 47/44/6 252/45/6
f 93/46/3 246/47/3 258/48/3
f 94/49/5 20/50/5 97/51/5
f 19/52/2 48/53/2 51/54/2
f 201/55/2 16/56/2 49/57/2
f 88/58/1 202/59/1 105/5/1
f 96/60/5 248/61/5 257/62/5
f 247/63/2 50/64/2 251/65/2
f 123/66/2 51/54/2 127/67/2
f 97/51/5 124/68/5 133/69/5
f 12/70/6 52/71/6 47/44/6
f 98/72/3 12/73/3 93/46/3
f 140/74/6 53/42/6 143/75/6
f 99/39/3 140/76/3 149/77/3
f 7/78/2 54/79/2 45/32/2
f 100/80/5 8/81/5 91/34/5
f 28/82/7 192/83/7 183/84/7
f 216/85/4 178/86/4 217/87/4
f 102/10/3 234/88/3 243/89/3
f 248/90/4 281/91/4 253/92/4
f 234/93/1 274/94/1 237/95/1
f 215/96/4 176/97/4 218/98/4
f 31/99/2 68/100/2 59/101/2
f 141/102/6 67/103/6 146/104/6
f 33/105/6 66/106/6 61/107/6
f 125/108/2 65/109/2 130/110/2
f 249/111/2 64/112/2 254/113/2
f 110/114/1 200/115/1 103/116/1
f 37/117/2 62/118/2 65/109/2
f 250/119/6 61/107/6 253/92/6
f 39/120/6 60/121/6 67/103/6
f 236/122/2 59/101/2 239/123/2
f 142/124/2 58/125/2 145/126/2
f 126/127/6 57/128/6 129/129/6
f 84/130/2 187/131/2 42/132/2
f 201/133/2 77/134/2 206/7/2
f 163/135/1 108/13/1 168/136/1
f 25/137/1 285/138/1 69/139/1
f 49/57/1 266/140/1 77/134/1
f 217/87/4 181/141/4 215/96/4
f 51/54/3 135/142/3 127/67/3
f 143/75/6 81/143/6 148/144/6
f 47/44/6 80/145/6 75/146/6
f 51/54/3 115/147/3 114/148/3
f 251/65/2 78/149/2 256/150/2
f 105/5/1 205/151/1 110/114/1
f 45/32/8 117/152/8 73/153/8
f 252/45/6 75/146/6 255/154/6
f 53/42/6 74/155/6 81/143/6
f 238/33/2 73/153/2 241/156/2
f 76/157/9 115/147/9 48/53/9
f 128/27/6 71/158/6 131/159/6
f 165/6/1 110/114/1 170/160/1
f 173/161/3 209/162/3 102/10/3
f 162/163/3 95/164/3 88/58/3
f 95/164/3 16/165/3 198/166/3
f 222/167/4 106/168/4 221/169/4
f 129/129/6 3/170/6 124/171/6
f 121/172/4 157/173/4 130/110/4
f 239/123/2 5/174/2 233/175/2
f 67/103/6 8/176/6 22/177/6
f 253/92/6 10/178/6 248/90/6
f 65/109/2 11/179/2 17/180/2
f 96/60/5 195/14/5 196/181/5
f 254/113/2 15/182/2 245/183/2
f 130/110/2 17/180/2 121/172/2
f 61/107/6 20/184/6 10/178/6
f 146/104/6 22/177/6 138/185/6
f 59/101/2 23/186/2 5/174/2
f 172/187/5 101/188/5 207/189/5
f 14/190/5 259/191/5 248/61/5
f 218/98/4 179/192/4 214/193/4
f 166/194/1 300/195/1 162/196/1
f 103/116/1 203/197/1 108/13/1
f 224/198/4 104/199/4 223/16/4
f 131/159/6 29/200/6 126/127/6
f 147/201/2 30/202/2 142/124/2
f 241/156/2 31/99/2 236/122/2
f 81/143/6 32/203/6 39/120/6
f 255/154/6 33/105/6 250/119/6
f 79/204/2 34/205/2 37/117/2
f 199/9/2 63/206/2 204/207/2
f 256/150/2 36/208/2 249/111/2
f 132/209/2 37/117/2 125/108/2
f 75/146/6 38/210/6 33/105/6
f 148/144/6 39/120/6 141/102/6
f 73/153/2 40/211/2 31/99/2
f 27/212/3 305/213/3 173/161/3
f 26/214/3 262/215/3 234/88/3
f 182/216/4 304/217/4 175/218/4
f 221/169/4 109/219/4 224/198/4
f 159/220/5 87/15/5 96/60/5
f 101/188/5 183/221/5 184/222/5
f 56/223/2 194/224/2 84/130/2
f 42/132/2 192/83/2 70/225/2
f 50/64/4 287/226/4 78/149/4
f 27/212/3 243/89/3 231/227/3
f 214/193/4 171/228/4 213/229/4
f 23/230/5 91/34/5 5/231/5
f 21/232/3 149/77/3 137/233/3
f 19/234/3 93/46/3 9/235/3
f 17/236/5 133/69/5 121/237/5
f 15/238/5 257/62/5 245/239/5
f 15/238/5 295/240/5 159/220/5
f 11/241/5 97/51/5 17/236/5
f 9/235/3 258/48/3 247/242/3
f 7/243/3 99/39/3 21/232/3
f 5/231/5 244/36/5 233/244/5
f 1/245/5 150/24/5 139/246/5
f 2/247/3 134/21/3 123/248/3
f 13/249/4 292/250/4 50/64/4
f 159/251/1 296/252/1 167/253/1
f 170/160/1 103/116/1 163/135/1
f 56/223/2 186/254/2 190/255/2
f 111/256/2 120/257/2 117/152/2
f 135/142/2 119/258/2 136/259/2
f 114/148/2 118/260/2 119/258/2
f 151/261/2 116/262/2 152/263/2
f 44/29/3 151/261/3 144/30/3
f 82/264/5 117/152/5 120/257/5
f 54/79/3 111/256/3 45/32/3
f 82/264/5 152/263/5 147/201/5
f 72/265/5 136/259/5 132/209/5
f 79/204/5 118/260/5 76/157/5
f 132/209/5 119/258/5 79/204/5
f 113/266/2 136/259/2 116/262/2
f 123/248/3 98/72/3 19/234/3
f 121/237/5 90/22/5 1/245/5
f 72/265/2 125/108/2 30/202/2
f 80/145/6 126/127/6 38/210/6
f 1/245/3 153/267/3 121/237/3
f 66/106/6 124/171/6 20/184/6
f 52/71/6 131/159/6 80/145/6
f 127/67/3 113/266/3 44/29/3
f 38/210/6 129/129/6 66/106/6
f 30/202/2 130/110/2 58/125/2
f 133/69/5 3/268/5 90/22/5
f 2/269/2 127/67/2 44/29/2
f 18/270/6 128/27/6 52/71/6
f 134/21/3 18/271/3 98/72/3
f 147/201/5 116/262/5 72/265/5
f 144/30/3 112/272/3 54/79/3
f 112/272/2 152/263/2 120/257/2
f 139/246/5 100/80/5 23/230/5
f 137/233/3 89/19/3 2/247/3
f 71/158/6 141/102/6 29/200/6
f 82/264/2 142/124/2 40/211/2
f 57/128/6 138/185/6 3/170/6
f 68/100/2 139/273/2 23/186/2
f 43/26/6 148/144/6 71/158/6
f 40/211/2 145/126/2 68/100/2
f 29/200/6 146/104/6 57/128/6
f 149/77/3 4/274/3 89/19/3
f 4/275/6 143/75/6 43/26/6
f 21/276/2 144/30/2 54/79/2
f 150/24/5 22/277/5 100/80/5
f 156/278/2 154/279/2 158/280/2
f 155/281/2 153/282/2 154/279/2
f 130/110/5 155/281/5 58/125/5
f 145/126/1 158/280/1 139/273/1
f 139/246/3 154/283/3 1/245/3
f 58/125/5 156/278/5 145/126/5
f 160/284/10 167/253/10 168/136/10
f 163/135/10 169/285/10 170/160/10
f 165/6/10 162/196/10 161/4/10
f 168/136/10 164/286/10 163/135/10
f 170/160/10 166/194/10 165/6/10
f 168/136/1 87/15/1 160/284/1
f 172/287/11 179/192/11 180/288/11
f 175/218/11 181/141/11 182/216/11
f 177/289/11 174/290/11 173/291/11
f 180/288/11 176/97/11 175/218/11
f 182/216/11 178/86/11 177/289/11
f 175/218/4 301/292/4 180/288/4
f 186/293/12 189/294/12 190/295/12
f 187/296/13 191/297/13 192/298/13
f 190/295/13 193/299/13 194/300/13
f 183/301/14 191/297/14 184/302/14
f 194/300/13 188/303/13 187/296/13
f 220/18/4 85/304/4 219/305/4
f 196/306/15 203/197/15 204/207/15
f 199/9/16 205/151/16 206/7/16
f 197/307/17 202/59/17 198/166/17
f 204/207/16 200/115/16 199/9/16
f 206/7/16 202/59/16 201/133/16
f 196/306/7 63/206/7 14/308/7
f 107/17/4 207/309/4 85/304/4
f 104/199/4 208/310/4 107/17/4
f 106/168/4 212/311/4 109/219/4
f 109/219/4 211/312/4 104/199/4
f 86/313/4 210/314/4 106/168/4
f 208/310/4 213/229/4 207/309/4
f 211/312/4 214/193/4 208/310/4
f 210/314/4 215/96/4 212/311/4
f 212/311/4 218/98/4 211/312/4
f 209/315/4 217/87/4 210/314/4
f 227/316/4 219/305/4 225/317/4
f 226/318/4 224/198/4 230/319/4
f 230/319/4 223/16/4 229/320/4
f 228/321/4 221/169/4 226/318/4
f 229/320/4 220/18/4 227/316/4
f 188/303/4 227/316/4 191/297/4
f 185/322/4 226/318/4 189/294/4
f 193/299/4 229/320/4 188/303/4
f 189/294/4 230/319/4 193/299/4
f 191/297/4 225/317/4 184/302/4
f 233/244/5 101/188/5 25/323/5
f 231/227/3 92/37/3 7/243/3
f 74/155/6 235/324/6 32/203/6
f 83/3/2 236/122/2 41/1/2
f 60/121/6 232/325/6 8/176/6
f 69/139/2 233/175/2 25/137/2
f 55/326/2 241/156/2 83/3/2
f 46/41/6 242/327/6 74/155/6
f 41/1/2 239/123/2 69/139/2
f 32/203/6 240/328/6 60/121/6
f 6/329/6 237/95/6 46/41/6
f 243/89/3 6/330/3 92/37/3
f 244/36/5 28/331/5 101/188/5
f 27/332/2 238/33/2 55/326/2
f 247/242/3 95/164/3 13/333/3
f 245/239/5 94/49/5 11/241/5
f 76/157/2 249/111/2 34/205/2
f 16/56/1 272/334/1 49/57/1
f 62/118/2 245/183/2 11/179/2
f 84/130/4 273/335/4 56/223/4
f 242/327/1 270/336/1 235/324/1
f 48/53/2 256/150/2 76/157/2
f 232/35/5 265/337/5 28/331/5
f 34/205/2 254/113/2 62/118/2
f 9/338/2 251/65/2 48/53/2
f 257/62/5 10/339/5 94/49/5
f 258/48/3 16/165/3 95/164/3
f 56/223/4 263/340/4 26/341/4
f 262/342/6 273/335/6 274/94/6
f 270/336/6 264/343/6 275/344/6
f 274/94/6 268/345/6 276/346/6
f 275/344/6 265/347/6 277/348/6
f 276/346/6 269/349/6 270/336/6
f 266/140/6 279/350/6 267/351/6
f 261/352/6 259/353/6 260/354/6
f 272/334/6 282/355/6 266/140/6
f 267/351/6 281/91/6 261/352/6
f 271/356/6 280/357/6 272/334/6
f 252/45/4 278/358/4 246/43/4
f 240/328/1 277/348/1 232/325/1
f 255/154/4 280/357/4 252/45/4
f 63/206/1 260/354/1 14/308/1
f 42/132/4 268/345/4 84/130/4
f 70/225/4 269/349/4 42/132/4
f 77/134/1 267/351/1 35/8/1
f 35/8/1 261/352/1 63/206/1
f 28/82/4 264/343/4 70/225/4
f 253/92/4 279/350/4 250/119/4
f 237/95/1 276/346/1 242/327/1
f 246/47/3 271/359/3 16/165/3
f 250/119/4 282/355/4 255/154/4
f 235/324/1 275/344/1 240/328/1
f 303/360/2 290/361/2 304/217/2
f 306/362/2 289/2/2 303/360/2
f 288/363/2 296/252/2 283/364/2
f 304/217/2 285/138/2 301/292/2
f 287/226/2 297/365/2 288/363/2
f 292/250/2 298/366/2 287/226/2
f 291/367/2 299/368/2 292/250/2
f 305/369/2 294/370/2 306/362/2
f 283/364/2 295/371/2 284/372/2
f 301/292/2 286/373/2 302/374/2
f 69/139/1 290/361/1 41/1/1
f 177/289/4 303/360/4 182/216/4
f 167/253/1 297/365/1 164/286/1
f 162/163/3 291/375/3 13/333/3
f 64/112/4 284/372/4 15/182/4
f 78/149/4 288/363/4 36/208/4
f 180/288/4 302/374/4 172/287/4
f 36/208/4 283/364/4 64/112/4
f 172/187/5 286/376/5 25/323/5
f 164/286/1 298/366/1 169/285/1
f 173/291/4 306/362/4 177/289/4
f 169/285/1 299/368/1 166/194/1
f 55/326/1 293/377/1 27/332/1
f 83/3/1 294/370/1 55/326/1
f 308/378/4 309/379/4 307/380/4
f 310/381/2 313/382/2 309/379/2
f 314/383/1 311/384/1 313/382/1
f 312/385/6 307/386/6 311/384/6
f 313/382/5 307/387/5 309/388/5
f 310/389/3 312/385/3 314/383/3
f 316/390/4 317/391/4 315/392/4
f 318/393/2 321/394/2 317/391/2
f 322/395/1 319/396/1 321/394/1
f 320/397/6 315/398/6 319/396/6
f 321/399/5 315/400/5 317/401/5
f 318/402/3 320/403/3 322/404/3
f 324/405/4 325/406/4 323/407/4
f 326/408/2 329/409/2 325/406/2
f 330/410/1 327/411/1 329/409/1
f 328/412/6 323/413/6 327/411/6
f 329/414/5 323/415/5 325/416/5
f 326/417/3 328/418/3 330/419/3
s 1
f 332/420/18 333/420/18 331/420/18
f 334/420/19 335/420/19 333/420/19
f 336/420/20 337/420/20 335/420/20
f 338/420/21 339/420/21 337/420/21
f 340/420/22 341/420/22 339/420/22
f 342/420/23 343/420/23 341/420/23
f 344/420/24 345/420/24 343/420/24
f 346/420/25 347/420/25 345/420/25
f 348/420/26 349/420/26 347/420/26
f 350/420/27 351/420/27 349/420/27
f 352/420/28 353/420/28 351/420/28
f 354/420/29 355/420/29 353/420/29
f 356/420/30 357/420/30 355/420/30
f 358/420/31 359/420/31 357/420/31
f 360/420/32 361/420/32 359/420/32
f 362/420/33 363/420/33 361/420/33
f 364/420/34 365/420/34 363/420/34
f 366/420/35 367/420/35 365/420/35
f 368/420/36 369/420/36 367/420/36
f 370/420/37 371/420/37 369/420/37
f 372/420/38 373/420/38 371/420/38
f 374/420/39 375/420/39 373/420/39
f 376/420/40 377/420/40 375/420/40
f 378/420/41 379/420/41 377/420/41
f 380/420/42 381/420/42 379/420/42
f 382/420/43 383/420/43 381/420/43
f 384/420/44 385/420/44 383/420/44
f 386/420/45 387/420/45 385/420/45
f 388/420/46 389/420/46 387/420/46
f 390/420/47 391/420/47 389/420/47
f 427/420/2 420/420/2 348/420/2
f 380/420/2 403/420/2 402/420/2
f 392/420/48 393/420/48 391/420/48
f 394/420/49 331/420/49 393/420/49
f 331/420/6 345/420/6 438/420/6
f 385/420/6 428/420/6 445/420/6
f 399/420/50 443/420/50 435/420/50
f 404/420/35 435/420/35 437/420/35
f 408/420/51 437/420/51 436/420/51
f 411/420/37 436/420/37 442/420/37
f 411/420/52 439/420/52 421/420/53
f 421/420/39 438/420/39 425/420/39
f 425/420/54 441/420/54 424/420/54
f 424/420/41 440/420/41 422/420/41
f 422/420/55 457/420/55 423/420/55
f 423/420/43 456/420/43 427/420/43
f 427/420/56 458/420/56 420/420/56
f 420/420/45 454/420/45 426/420/45
f 426/420/57 455/420/57 417/420/57
f 417/420/47 453/420/47 418/420/47
f 418/420/58 459/420/58 419/420/58
f 419/420/49 450/420/49 416/420/49
f 416/420/59 451/420/59 414/420/59
f 414/420/19 449/420/19 413/420/19
f 413/420/60 452/420/60 415/420/60
f 415/420/21 447/420/21 412/420/21
f 410/420/61 447/420/61 448/420/61
f 409/420/23 448/420/23 446/420/23
f 407/420/62 446/420/62 444/420/62
f 406/420/25 444/420/25 445/420/25
f 403/420/63 445/420/63 428/420/63
f 402/420/27 428/420/27 430/420/27
f 405/420/64 430/420/64 429/420/64
f 397/420/29 395/420/65 429/420/29
f 396/420/66 434/420/66 431/420/66
f 401/420/31 431/420/31 433/420/31
f 398/420/67 433/420/67 432/420/67
f 400/420/33 432/420/33 443/420/33
s 0
f 460/421/68 492/422/68 461/423/68
f 461/423/69 492/422/69 462/424/69
f 462/424/70 492/422/70 463/425/70
f 463/425/71 492/422/71 464/426/71
f 464/426/72 492/422/72 465/427/72
f 465/427/73 492/422/73 466/428/73
f 466/428/74 492/422/74 467/429/74
f 467/429/75 492/422/75 468/430/75
f 468/430/76 492/422/76 469/431/76
f 469/431/77 492/422/77 470/432/77
f 470/432/78 492/422/78 471/433/78
f 471/433/79 492/422/79 472/434/79
f 472/434/80 492/422/80 473/435/80
f 473/435/81 492/422/81 474/436/81
f 474/436/82 492/422/82 475/437/82
f 475/437/83 492/422/83 476/438/83
f 476/438/84 492/422/84 477/439/84
f 477/439/85 492/422/85 478/440/85
f 478/440/86 492/422/86 479/441/86
f 479/441/87 492/422/87 480/442/87
f 480/442/88 492/422/88 481/443/88
f 481/443/89 492/422/89 482/444/89
f 482/444/90 492/422/90 483/445/90
f 483/445/91 492/422/91 484/446/91
f 484/446/92 492/422/92 485/447/92
f 485/447/93 492/422/93 486/448/93
f 486/448/94 492/422/94 487/449/94
f 487/449/95 492/422/95 488/450/95
f 488/450/96 492/422/96 489/451/96
f 489/451/97 492/422/97 490/452/97
f 475/453/98 483/454/98 491/455/98
f 490/452/99 492/422/99 491/456/99
f 491/456/100 492/422/100 460/421/100
f 494/457/101 495/458/101 493/459/101
f 495/458/2 500/460/2 499/461/2
f 500/460/102 497/462/102 499/461/102
f 498/463/6 493/464/6 497/462/6
f 499/461/103 493/465/103 495/466/103
f 496/467/104 498/463/104 500/460/104
f 501/468/105 504/469/105 503/470/105
f 504/469/106 507/471/106 503/470/106
f 508/472/107 505/473/107 507/471/107
f 505/473/108 502/474/108 501/475/108
f 507/471/109 501/476/109 503/477/109
f 508/472/110 502/478/110 506/479/110
f 510/480/111 511/481/111 509/482/111
f 512/483/112 515/484/112 511/481/112
f 515/484/113 514/485/113 513/486/113
f 513/486/114 510/487/114 509/488/114
f 511/489/115 513/486/115 509/490/115
f 512/491/116 514/485/116 516/492/116
f 517/493/117 520/494/117 519/495/117
f 519/495/118 524/496/118 523/497/118
f 524/496/119 521/498/119 523/497/119
f 522/499/120 517/500/120 521/498/120
f 523/497/121 517/501/121 519/502/121
f 524/496/122 518/503/122 522/499/122
s 1
f 526/420/18 527/420/18 525/420/18
f 528/420/19 529/420/19 527/420/19
f 530/420/20 531/420/20 529/420/20
f 532/420/21 533/420/21 531/420/21
f 534/420/22 535/420/22 533/420/22
f 536/420/23 537/420/23 535/420/23
f 538/420/24 539/420/24 537/420/24
f 540/420/25 541/420/25 539/420/25
f 542/420/26 543/420/26 541/420/26
f 544/420/27 545/420/27 543/420/27
f 546/420/28 547/420/28 545/420/28
f 548/420/29 549/420/29 547/420/29
f 550/420/30 551/420/30 549/420/30
f 552/420/31 553/420/31 551/420/31
f 554/420/32 555/420/32 553/420/32
f 556/420/33 557/420/33 555/420/33
f 558/420/34 559/420/34 557/420/34
f 560/420/35 561/420/35 559/420/35
f 562/420/36 563/420/36 561/420/36
f 564/420/37 565/420/37 563/420/37
f 566/420/38 567/420/38 565/420/38
f 568/420/39 569/420/39 567/420/39
f 570/420/40 571/420/40 569/420/40
f 572/420/41 573/420/41 571/420/41
f 574/420/42 575/420/42 573/420/42
f 576/420/43 577/420/43 575/420/43
f 578/420/44 579/420/44 577/420/44
f 580/420/45 581/420/45 579/420/45
f 582/420/46 583/420/46 581/420/46
f 584/420/47 585/420/47 583/420/47
f 621/420/2 614/420/2 542/420/2
f 574/420/2 597/420/2 596/420/2
f 586/420/48 587/420/48 585/420/48
f 588/420/49 525/420/49 587/420/49
f 525/420/6 539/420/6 632/420/6
f 579/420/6 622/420/6 639/420/6
f 593/420/50 637/420/50 629/420/50
f 598/420/35 629/420/35 631/420/35
f 602/420/51 631/420/51 630/420/51
f 605/420/37 630/420/37 636/420/37
f 605/420/52 633/420/52 615/420/52
f 615/420/39 632/420/39 619/420/39
f 619/420/54 635/420/54 618/420/54
f 618/420/41 634/420/41 616/420/41
f 616/420/55 651/420/55 617/420/55
f 617/420/43 650/420/43 621/420/43
f 621/420/56 652/420/56 614/420/56
f 614/420/45 648/420/45 620/420/45
f 620/420/57 649/420/57 611/420/57
f 611/420/47 647/420/47 612/420/123
f 612/420/58 653/420/58 613/420/58
f 613/420/49 644/420/49 610/420/49
f 610/420/59 645/420/59 608/420/59
f 608/420/19 643/420/19 607/420/19
f 607/420/60 646/420/60 609/420/60
f 609/420/21 641/420/21 606/420/21
f 604/420/61 641/420/61 642/420/61
f 603/420/23 642/420/23 640/420/23
f 601/420/62 640/420/62 638/420/62
f 600/420/25 638/420/25 639/420/25
f 597/420/63 639/420/63 622/420/63
f 596/420/27 622/420/27 624/420/27
f 599/420/64 624/420/64 623/420/64
f 591/420/29 589/420/29 623/420/29
f 590/420/66 628/420/66 625/420/66
f 595/420/31 625/420/31 627/420/124
f 592/420/67 627/420/67 626/420/67
f 594/420/33 626/420/33 637/420/33
f 655/420/18 656/420/18 654/420/18
f 657/420/19 658/420/19 656/420/19
f 659/420/20 660/420/20 658/420/20
f 661/420/21 662/420/21 660/420/21
f 663/420/22 664/420/22 662/420/22
f 665/420/23 666/420/23 664/420/23
f 667/420/24 668/420/24 666/420/24
f 669/420/25 670/420/25 668/420/25
f 671/420/26 672/420/26 670/420/26
f 673/420/27 674/420/27 672/420/27
f 675/420/28 676/420/28 674/420/28
f 677/420/29 678/420/29 676/420/29
f 679/420/30 680/420/30 678/420/30
f 681/420/31 682/420/31 680/420/31
f 683/420/32 684/420/32 682/420/32
f 685/420/33 686/420/33 684/420/33
f 687/420/34 688/420/34 686/420/34
f 689/420/35 690/420/35 688/420/35
f 691/420/36 692/420/36 690/420/36
f 693/420/37 694/420/37 692/420/37
f 695/420/38 696/420/38 694/420/38
f 697/420/39 698/420/39 696/420/39
f 699/420/40 700/420/40 698/420/40
f 701/420/41 702/420/41 700/420/41
f 703/420/42 704/420/42 702/420/42
f 705/420/43 706/420/43 704/420/43
f 707/420/44 708/420/44 706/420/44
f 709/420/45 710/420/45 708/420/45
f 711/420/46 712/420/46 710/420/46
f 713/420/47 714/420/47 712/420/47
f 750/420/2 743/420/2 671/420/2
f 703/420/2 726/420/2 725/420/2
f 715/420/48 716/420/48 714/420/48
f 717/420/49 654/420/49 716/420/49
f 654/420/6 668/420/6 761/420/6
f 708/420/6 751/420/6 768/420/6
f 722/420/50 766/420/50 758/420/50
f 727/420/35 758/420/35 760/420/35
f 731/420/51 760/420/51 759/420/51
f 734/420/37 759/420/37 765/420/37
f 734/420/52 762/420/52 744/420/52
f 744/420/39 761/420/39 748/420/39
f 748/420/54 764/420/54 747/420/54
f 747/420/41 763/420/41 745/420/41
f 745/420/55 780/420/55 746/420/55
f 746/420/43 779/420/43 750/420/43
f 750/420/56 781/420/56 743/420/56
f 743/420/45 777/420/45 749/420/45
f 749/420/57 778/420/57 740/420/57
f 740/420/47 776/420/47 741/420/123
f 741/420/58 782/420/58 742/420/58
f 742/420/49 773/420/49 739/420/49
f 739/420/59 774/420/59 737/420/59
f 737/420/19 772/420/19 736/420/19
f 736/420/60 775/420/60 738/420/60
f 738/420/21 770/420/21 735/420/21
f 733/420/61 770/420/61 771/420/61
f 732/420/23 771/420/23 769/420/23
f 730/420/62 769/420/62 767/420/62
f 729/420/25 767/420/25 768/420/25
f 726/420/63 768/420/63 751/420/63
f 725/420/27 751/420/27 753/420/27
f 728/420/64 753/420/64 752/420/64
f 720/420/29 718/420/29 752/420/29
f 719/420/66 757/420/66 754/420/66
f 724/420/31 754/420/31 756/420/124
f 721/420/67 756/420/67 755/420/67
f 723/420/33 755/420/33 766/420/33
f 784/420/18 785/420/18 783/420/18
f 786/420/19 787/420/19 785/420/19
f 788/420/20 789/420/20 787/420/20
f 790/420/21 791/420/21 789/420/21
f 792/420/22 793/420/22 791/420/22
f 794/420/23 795/420/23 793/420/23
f 796/420/24 797/420/24 795/420/24
f 798/420/25 799/420/25 797/420/25
f 800/420/26 801/420/26 799/420/26
f 802/420/27 803/420/27 801/420/27
f 804/420/28 805/420/28 803/420/28
f 806/420/29 807/420/29 805/420/29
f 808/420/30 809/420/30 807/420/30
f 810/420/31 811/420/31 809/420/31
f 812/420/32 813/420/32 811/420/32
f 814/420/33 815/420/33 813/420/33
f 816/420/34 817/420/34 815/420/34
f 818/420/35 819/420/35 817/420/35
f 820/420/36 821/420/36 819/420/36
f 822/420/37 823/420/37 821/420/37
f 824/420/38 825/420/38 823/420/38
f 826/420/39 827/420/39 825/420/39
f 828/420/40 829/420/40 827/420/40
f 830/420/41 831/420/41 829/420/41
f 832/420/42 833/420/42 831/420/42
f 834/420/43 835/420/43 833/420/43
f 836/420/44 837/420/44 835/420/44
f 838/420/45 839/420/45 837/420/45
f 840/420/46 841/420/46 839/420/46
f 842/420/47 843/420/47 841/420/47
f 879/420/2 872/420/2 800/420/2
f 832/420/2 855/420/2 854/420/2
f 844/420/48 845/420/48 843/420/48
f 846/420/49 783/420/49 845/420/49
f 783/420/6 797/420/6 890/420/6
f 837/420/6 880/420/6 897/420/6
f 851/420/50 895/420/50 887/420/50
f 856/420/35 887/420/35 889/420/35
f 860/420/51 889/420/51 888/420/51
f 863/420/37 888/420/37 894/420/37
f 863/420/52 891/420/52 873/420/53
f 873/420/39 890/420/39 877/420/39
f 877/420/54 893/420/54 876/420/54
f 876/420/41 892/420/41 874/420/41
f 874/420/55 909/420/55 875/420/55
f 875/420/43 908/420/43 879/420/43
f 879/420/56 910/420/56 872/420/56
f 872/420/45 906/420/45 878/420/45
f 878/420/57 907/420/57 869/420/57
f 869/420/47 905/420/47 870/420/47
f 870/420/58 911/420/58 871/420/58
f 871/420/49 902/420/49 868/420/49
f 868/420/59 903/420/59 866/420/59
f 866/420/19 901/420/19 865/420/19
f 865/420/60 904/420/60 867/420/60
f 867/420/21 899/420/21 864/420/21
f 862/420/61 899/420/61 900/420/61
f 861/420/23 900/420/23 898/420/23
f 859/420/62 898/420/62 896/420/62
f 858/420/25 896/420/25 897/420/25
f 855/420/63 897/420/63 880/420/63
f 854/420/27 880/420/27 882/420/27
f 857/420/64 882/420/64 881/420/64
f 849/420/29 847/420/65 881/420/29
f 848/420/66 886/420/66 883/420/66
f 853/420/31 883/420/31 885/420/31
f 850/420/67 885/420/67 884/420/67
f 852/420/33 884/420/33 895/420/33
s 0
f 913/504/6 914/505/6 912/506/6
f 913/504/6 917/507/6 915/508/6
f 917/507/6 918/509/6 919/510/6
f 918/509/6 921/511/6 919/510/6
f 923/512/4 924/513/4 922/514/4
f 925/515/2 928/516/2 924/513/2
f 929/517/1 926/518/1 928/516/1
f 927/519/6 922/520/6 926/518/6
f 928/516/5 922/521/5 924/522/5
f 925/523/3 927/519/3 929/517/3
f 41/1/1 290/361/1 289/2/1
f 161/4/1 88/58/1 105/5/1
f 206/7/2 77/134/2 35/8/2
f 102/10/3 86/524/3 222/525/3
f 102/10/3 222/525/3 228/526/3
f 102/10/3 228/526/3 185/11/3
f 186/12/3 26/214/3 102/10/3
f 108/13/1 203/197/1 195/14/1
f 223/16/4 104/199/4 107/17/4
f 89/19/3 4/274/3 122/20/3
f 90/22/5 3/268/5 138/23/5
f 122/25/6 4/275/6 43/26/6
f 137/28/2 2/269/2 44/29/2
f 231/31/2 7/78/2 45/32/2
f 91/34/5 8/81/5 232/35/5
f 92/37/3 6/330/3 24/38/3
f 24/40/6 6/329/6 46/41/6
f 246/43/6 12/70/6 47/44/6
f 93/46/3 12/73/3 246/47/3
f 94/49/5 10/339/5 20/50/5
f 19/52/2 9/338/2 48/53/2
f 201/55/3 197/307/3 16/56/3
f 88/58/1 198/166/1 202/59/1
f 96/60/5 14/190/5 248/61/5
f 247/63/2 13/249/2 50/64/2
f 123/66/2 19/52/2 51/54/2
f 97/51/5 20/50/5 124/68/5
f 12/70/6 18/270/6 52/71/6
f 98/72/3 18/271/3 12/73/3
f 140/74/6 24/40/6 53/42/6
f 99/39/3 24/38/3 140/76/3
f 7/78/2 21/276/2 54/79/2
f 100/80/5 22/277/5 8/81/5
f 28/82/2 70/225/2 192/83/2
f 216/85/4 174/290/4 178/86/4
f 102/10/3 26/214/3 234/88/3
f 248/90/4 259/353/4 281/91/4
f 234/93/1 262/342/1 274/94/1
f 215/96/4 181/141/4 176/97/4
f 31/99/2 40/211/2 68/100/2
f 141/102/6 39/120/6 67/103/6
f 33/105/6 38/210/6 66/106/6
f 125/108/2 37/117/2 65/109/2
f 249/111/2 36/208/2 64/112/2
f 110/114/1 205/151/1 200/115/1
f 37/117/2 34/205/2 62/118/2
f 250/119/6 33/105/6 61/107/6
f 39/120/6 32/203/6 60/121/6
f 236/122/2 31/99/2 59/101/2
f 142/124/2 30/202/2 58/125/2
f 126/127/6 29/200/6 57/128/6
f 84/130/2 194/224/2 187/131/2
f 201/133/2 49/57/2 77/134/2
f 163/135/1 103/116/1 108/13/1
f 25/137/1 286/373/1 285/138/1
f 49/57/1 272/334/1 266/140/1
f 217/87/4 178/86/4 181/141/4
f 51/54/3 114/148/3 135/142/3
f 143/75/6 53/42/6 81/143/6
f 47/44/6 52/71/6 80/145/6
f 51/54/3 48/53/3 115/147/3
f 251/65/2 50/64/2 78/149/2
f 105/5/1 202/59/1 205/151/1
f 45/32/8 111/256/8 117/152/8
f 252/45/6 47/44/6 75/146/6
f 53/42/6 46/41/6 74/155/6
f 238/33/2 45/32/2 73/153/2
f 76/157/9 118/260/9 115/147/9
f 128/27/6 43/26/6 71/158/6
f 165/6/1 105/5/1 110/114/1
f 102/10/3 27/212/3 173/161/3
f 173/161/3 174/527/3 216/528/3
f 209/162/3 86/524/3 102/10/3
f 173/161/3 216/528/3 209/162/3
f 88/58/3 161/4/3 162/163/3
f 162/163/3 13/333/3 95/164/3
f 198/166/3 88/58/3 95/164/3
f 16/165/3 197/529/3 198/166/3
f 222/167/4 86/313/4 106/168/4
f 129/129/6 57/128/6 3/170/6
f 121/172/4 153/282/4 157/173/4
f 239/123/2 59/101/2 5/174/2
f 67/103/6 60/121/6 8/176/6
f 253/92/6 61/107/6 10/178/6
f 65/109/2 62/118/2 11/179/2
f 96/60/5 87/15/5 195/14/5
f 196/181/3 14/190/3 96/60/3
f 254/113/2 64/112/2 15/182/2
f 130/110/2 65/109/2 17/180/2
f 61/107/6 66/106/6 20/184/6
f 146/104/6 67/103/6 22/177/6
f 59/101/2 68/100/2 23/186/2
f 213/530/5 171/531/5 172/187/5
f 172/187/5 25/323/5 101/188/5
f 101/188/5 85/532/5 207/189/5
f 207/189/5 213/530/5 172/187/5
f 14/190/5 260/533/5 259/191/5
f 218/98/4 176/97/4 179/192/4
f 166/194/1 299/368/1 300/195/1
f 103/116/1 200/115/1 203/197/1
f 224/198/4 109/219/4 104/199/4
f 131/159/6 71/158/6 29/200/6
f 147/201/2 72/265/2 30/202/2
f 241/156/2 73/153/2 31/99/2
f 81/143/6 74/155/6 32/203/6
f 255/154/6 75/146/6 33/105/6
f 79/204/2 76/157/2 34/205/2
f 199/9/2 35/8/2 63/206/2
f 256/150/2 78/149/2 36/208/2
f 132/209/2 79/204/2 37/117/2
f 75/146/6 80/145/6 38/210/6
f 148/144/6 81/143/6 39/120/6
f 73/153/2 82/264/2 40/211/2
f 27/212/3 293/534/3 305/213/3
f 26/214/3 263/535/3 262/215/3
f 182/216/4 303/360/4 304/217/4
f 221/169/4 106/168/4 109/219/4
f 96/60/5 15/238/5 159/220/5
f 159/220/5 160/284/5 87/15/5
f 219/536/5 85/532/5 101/188/5
f 225/537/5 219/536/5 101/188/5
f 184/222/5 225/537/5 101/188/5
f 101/188/3 28/331/3 183/221/3
f 56/223/2 190/255/2 194/224/2
f 42/132/2 187/131/2 192/83/2
f 50/64/4 292/250/4 287/226/4
f 27/212/3 102/10/3 243/89/3
f 214/193/4 179/192/4 171/228/4
f 23/230/5 100/80/5 91/34/5
f 21/232/3 99/39/3 149/77/3
f 19/234/3 98/72/3 93/46/3
f 17/236/5 97/51/5 133/69/5
f 15/238/5 96/60/5 257/62/5
f 15/238/5 284/538/5 295/240/5
f 11/241/5 94/49/5 97/51/5
f 9/235/3 93/46/3 258/48/3
f 7/243/3 92/37/3 99/39/3
f 5/231/5 91/34/5 244/36/5
f 1/245/5 90/22/5 150/24/5
f 2/247/3 89/19/3 134/21/3
f 13/249/4 291/367/4 292/250/4
f 159/251/1 295/371/1 296/252/1
f 170/160/1 110/114/1 103/116/1
f 56/223/7 26/341/7 186/254/7
f 111/256/2 112/272/2 120/257/2
f 135/142/2 114/148/2 119/258/2
f 114/148/2 115/147/2 118/260/2
f 151/261/2 113/266/2 116/262/2
f 44/29/3 113/266/3 151/261/3
f 82/264/5 73/153/5 117/152/5
f 54/79/3 112/272/3 111/256/3
f 82/264/5 120/257/5 152/263/5
f 72/265/5 116/262/5 136/259/5
f 79/204/5 119/258/5 118/260/5
f 132/209/5 136/259/5 119/258/5
f 113/266/2 135/142/2 136/259/2
f 123/248/3 134/21/3 98/72/3
f 121/237/5 133/69/5 90/22/5
f 72/265/2 132/209/2 125/108/2
f 80/145/6 131/159/6 126/127/6
f 1/245/3 154/283/3 153/267/3
f 66/106/6 129/129/6 124/171/6
f 52/71/6 128/27/6 131/159/6
f 127/67/3 135/142/3 113/266/3
f 38/210/6 126/127/6 129/129/6
f 30/202/2 125/108/2 130/110/2
f 133/69/5 124/68/5 3/268/5
f 2/269/2 123/66/2 127/67/2
f 18/270/6 122/25/6 128/27/6
f 134/21/3 122/20/3 18/271/3
f 147/201/5 152/263/5 116/262/5
f 144/30/3 151/261/3 112/272/3
f 112/272/2 151/261/2 152/263/2
f 139/246/5 150/24/5 100/80/5
f 137/233/3 149/77/3 89/19/3
f 71/158/6 148/144/6 141/102/6
f 82/264/2 147/201/2 142/124/2
f 57/128/6 146/104/6 138/185/6
f 68/100/2 145/126/2 139/273/2
f 43/26/6 143/75/6 148/144/6
f 40/211/2 142/124/2 145/126/2
f 29/200/6 141/102/6 146/104/6
f 149/77/3 140/76/3 4/274/3
f 4/275/6 140/74/6 143/75/6
f 21/276/2 137/28/2 144/30/2
f 150/24/5 138/23/5 22/277/5
f 156/278/2 155/281/2 154/279/2
f 155/281/2 157/173/2 153/282/2
f 130/110/5 157/173/5 155/281/5
f 145/126/1 156/278/1 158/280/1
f 139/246/3 158/539/3 154/283/3
f 58/125/5 155/281/5 156/278/5
f 160/284/10 159/251/10 167/253/10
f 163/135/10 164/286/10 169/285/10
f 165/6/10 166/194/10 162/196/10
f 168/136/10 167/253/10 164/286/10
f 170/160/10 169/285/10 166/194/10
f 168/136/1 108/13/1 87/15/1
f 172/287/11 171/228/11 179/192/11
f 175/218/11 176/97/11 181/141/11
f 177/289/11 178/86/11 174/290/11
f 180/288/11 179/192/11 176/97/11
f 182/216/11 181/141/11 178/86/11
f 175/218/4 304/217/4 301/292/4
f 186/293/14 185/322/14 189/294/14
f 187/296/13 188/303/13 191/297/13
f 190/295/13 189/294/13 193/299/13
f 183/301/125 192/298/125 191/297/125
f 194/300/13 193/299/13 188/303/13
f 220/18/4 107/17/4 85/304/4
f 196/306/17 195/14/17 203/197/17
f 199/9/16 200/115/16 205/151/16
f 197/307/126 201/55/126 202/59/126
f 204/207/16 203/197/16 200/115/16
f 206/7/16 205/151/16 202/59/16
f 196/306/2 204/207/2 63/206/2
f 107/17/4 208/310/4 207/309/4
f 104/199/4 211/312/4 208/310/4
f 106/168/4 210/314/4 212/311/4
f 109/219/4 212/311/4 211/312/4
f 86/313/4 209/315/4 210/314/4
f 208/310/4 214/193/4 213/229/4
f 211/312/4 218/98/4 214/193/4
f 210/314/4 217/87/4 215/96/4
f 212/311/4 215/96/4 218/98/4
f 209/315/4 216/85/4 217/87/4
f 227/316/4 220/18/4 219/305/4
f 226/318/4 221/169/4 224/198/4
f 230/319/4 224/198/4 223/16/4
f 228/321/4 222/167/4 221/169/4
f 229/320/4 223/16/4 220/18/4
f 188/303/4 229/320/4 227/316/4
f 185/322/4 228/321/4 226/318/4
f 193/299/4 230/319/4 229/320/4
f 189/294/4 226/318/4 230/319/4
f 191/297/4 227/316/4 225/317/4
f 233/244/5 244/36/5 101/188/5
f 231/227/3 243/89/3 92/37/3
f 74/155/6 242/327/6 235/324/6
f 83/3/2 241/156/2 236/122/2
f 60/121/6 240/328/6 232/325/6
f 69/139/2 239/123/2 233/175/2
f 55/326/2 238/33/2 241/156/2
f 46/41/6 237/95/6 242/327/6
f 41/1/2 236/122/2 239/123/2
f 32/203/6 235/324/6 240/328/6
f 6/329/6 234/93/6 237/95/6
f 243/89/3 234/88/3 6/330/3
f 244/36/5 232/35/5 28/331/5
f 27/332/2 231/31/2 238/33/2
f 247/242/3 258/48/3 95/164/3
f 245/239/5 257/62/5 94/49/5
f 76/157/2 256/150/2 249/111/2
f 16/56/1 271/356/1 272/334/1
f 62/118/2 254/113/2 245/183/2
f 84/130/4 268/345/4 273/335/4
f 242/327/1 276/346/1 270/336/1
f 48/53/2 251/65/2 256/150/2
f 232/35/5 277/540/5 265/337/5
f 34/205/2 249/111/2 254/113/2
f 9/338/2 247/63/2 251/65/2
f 257/62/5 248/61/5 10/339/5
f 258/48/3 246/47/3 16/165/3
f 56/223/4 273/335/4 263/340/4
f 262/342/6 263/340/6 273/335/6
f 270/336/6 269/349/6 264/343/6
f 274/94/6 273/335/6 268/345/6
f 275/344/6 264/343/6 265/347/6
f 276/346/6 268/345/6 269/349/6
f 266/140/6 282/355/6 279/350/6
f 261/352/6 281/91/6 259/353/6
f 272/334/6 280/357/6 282/355/6
f 267/351/6 279/350/6 281/91/6
f 271/356/6 278/358/6 280/357/6
f 252/45/4 280/357/4 278/358/4
f 240/328/1 275/344/1 277/348/1
f 255/154/4 282/355/4 280/357/4
f 63/206/1 261/352/1 260/354/1
f 42/132/4 269/349/4 268/345/4
f 70/225/4 264/343/4 269/349/4
f 77/134/1 266/140/1 267/351/1
f 35/8/1 267/351/1 261/352/1
f 28/82/4 265/347/4 264/343/4
f 253/92/4 281/91/4 279/350/4
f 237/95/1 274/94/1 276/346/1
f 246/47/3 278/541/3 271/359/3
f 250/119/4 279/350/4 282/355/4
f 235/324/1 270/336/1 275/344/1
f 303/360/2 289/2/2 290/361/2
f 306/362/2 294/370/2 289/2/2
f 288/363/2 297/365/2 296/252/2
f 304/217/2 290/361/2 285/138/2
f 287/226/2 298/366/2 297/365/2
f 292/250/2 299/368/2 298/366/2
f 291/367/2 300/195/2 299/368/2
f 305/369/2 293/377/2 294/370/2
f 283/364/2 296/252/2 295/371/2
f 301/292/2 285/138/2 286/373/2
f 69/139/1 285/138/1 290/361/1
f 177/289/4 306/362/4 303/360/4
f 167/253/1 296/252/1 297/365/1
f 162/163/3 300/542/3 291/375/3
f 64/112/4 283/364/4 284/372/4
f 78/149/4 287/226/4 288/363/4
f 180/288/4 301/292/4 302/374/4
f 36/208/4 288/363/4 283/364/4
f 172/187/5 302/543/5 286/376/5
f 164/286/1 297/365/1 298/366/1
f 173/291/4 305/369/4 306/362/4
f 169/285/1 298/366/1 299/368/1
f 55/326/1 294/370/1 293/377/1
f 83/3/1 289/2/1 294/370/1
f 308/378/4 310/381/4 309/379/4
f 310/381/2 314/383/2 313/382/2
f 314/383/1 312/385/1 311/384/1
f 312/385/6 308/544/6 307/386/6
f 313/382/5 311/384/5 307/387/5
f 310/389/3 308/545/3 312/385/3
f 316/390/4 318/393/4 317/391/4
f 318/393/2 322/395/2 321/394/2
f 322/395/1 320/397/1 319/396/1
f 320/397/6 316/546/6 315/398/6
f 321/399/5 319/547/5 315/400/5
f 318/402/3 316/548/3 320/403/3
f 324/405/4 326/408/4 325/406/4
f 326/408/2 330/410/2 329/409/2
f 330/410/1 328/412/1 327/411/1
f 328/412/6 324/549/6 323/413/6
f 329/414/5 327/550/5 323/415/5
f 326/417/3 324/551/3 328/418/3
s 1
f 332/420/18 334/420/18 333/420/18
f 334/420/19 336/420/19 335/420/19
f 336/420/20 338/420/20 337/420/20
f 338/420/21 340/420/21 339/420/21
f 340/420/22 342/420/22 341/420/22
f 342/420/23 344/420/23 343/420/23
f 344/420/24 346/420/24 345/420/24
f 346/420/25 348/420/25 347/420/25
f 348/420/26 350/420/26 349/420/26
f 350/420/27 352/420/27 351/420/27
f 352/420/28 354/420/28 353/420/28
f 354/420/29 356/420/29 355/420/29
f 356/420/30 358/420/30 357/420/30
f 358/420/31 360/420/31 359/420/31
f 360/420/32 362/420/32 361/420/32
f 362/420/33 364/420/33 363/420/33
f 364/420/34 366/420/34 365/420/34
f 366/420/35 368/420/35 367/420/35
f 368/420/36 370/420/36 369/420/36
f 370/420/37 372/420/37 371/420/37
f 372/420/38 374/420/38 373/420/38
f 374/420/39 376/420/39 375/420/39
f 376/420/40 378/420/40 377/420/40
f 378/420/41 380/420/41 379/420/41
f 380/420/42 382/420/42 381/420/42
f 382/420/43 384/420/43 383/420/43
f 384/420/44 386/420/44 385/420/44
f 386/420/45 388/420/45 387/420/45
f 388/420/46 390/420/46 389/420/46
f 390/420/47 392/420/47 391/420/47
f 346/420/2 344/420/2 342/420/2
f 346/420/2 342/420/2 340/420/2
f 352/420/2 350/420/2 348/420/2
f 348/420/2 346/420/2 340/420/2
f 338/420/2 336/420/2 334/420/2
f 348/420/2 340/420/2 338/420/2
f 354/420/2 352/420/2 348/420/2
f 360/420/2 358/420/2 356/420/2
f 356/420/2 354/420/2 348/420/2
f 348/420/2 338/420/2 334/420/2
f 348/420/2 334/420/2 332/420/2
f 360/420/2 356/420/2 348/420/2
f 362/420/2 360/420/2 348/420/2
f 348/420/2 332/420/2 394/420/2
f 394/420/2 392/420/2 390/420/2
f 388/420/2 386/420/2 395/420/2
f 394/420/2 390/420/2 388/420/2
f 364/420/2 362/420/2 348/420/2
f 368/420/2 366/420/2 364/420/2
f 370/420/2 368/420/2 364/420/2
f 394/420/2 388/420/2 395/420/2
f 394/420/2 395/420/2 397/420/2
f 370/420/2 364/420/2 348/420/2
f 376/420/2 374/420/2 372/420/2
f 394/420/2 397/420/2 396/420/2
f 394/420/2 396/420/2 401/420/2
f 378/420/2 376/420/2 372/420/2
f 409/420/2 407/420/2 378/420/2
f 410/420/2 409/420/2 378/420/2
f 378/420/2 372/420/2 370/420/2
f 394/420/2 401/420/2 398/420/2
f 394/420/2 398/420/2 400/420/2
f 410/420/2 378/420/2 370/420/2
f 412/420/2 410/420/2 370/420/2
f 394/420/2 400/420/2 399/420/2
f 394/420/2 399/420/2 404/420/2
f 415/420/2 412/420/2 370/420/2
f 413/420/2 415/420/2 370/420/2
f 394/420/2 404/420/2 408/420/2
f 394/420/2 408/420/2 411/420/2
f 414/420/2 413/420/2 370/420/2
f 416/420/2 414/420/2 370/420/2
f 348/420/2 394/420/2 411/420/2
f 348/420/2 411/420/2 421/420/2
f 419/420/2 416/420/2 370/420/2
f 418/420/2 419/420/2 370/420/2
f 348/420/2 421/420/2 425/420/2
f 348/420/2 425/420/2 424/420/2
f 418/420/2 370/420/2 348/420/2
f 417/420/2 418/420/2 348/420/2
f 348/420/2 424/420/2 422/420/2
f 348/420/2 422/420/2 423/420/2
f 426/420/2 417/420/2 348/420/2
f 420/420/2 426/420/2 348/420/2
f 348/420/2 423/420/2 427/420/2
f 395/420/2 386/420/2 384/420/2
f 384/420/2 382/420/2 380/420/2
f 380/420/2 378/420/2 407/420/2
f 380/420/2 407/420/2 406/420/2
f 395/420/2 384/420/2 380/420/2
f 405/420/2 395/420/2 380/420/2
f 380/420/2 406/420/2 403/420/2
f 402/420/2 405/420/2 380/420/2
f 392/420/48 394/420/48 393/420/48
f 394/420/49 332/420/49 331/420/49
f 443/420/6 432/420/6 393/420/6
f 331/420/6 333/420/6 335/420/6
f 443/420/6 393/420/6 331/420/6
f 435/420/6 443/420/6 331/420/6
f 331/420/6 335/420/6 337/420/6
f 339/420/6 341/420/6 343/420/6
f 331/420/6 337/420/6 339/420/6
f 437/420/6 435/420/6 331/420/6
f 436/420/6 437/420/6 331/420/6
f 331/420/6 339/420/6 343/420/6
f 345/420/6 347/420/6 440/420/6
f 331/420/6 343/420/6 345/420/6
f 442/420/6 436/420/6 331/420/6
f 439/420/6 442/420/6 331/420/6
f 345/420/6 440/420/6 441/420/6
f 438/420/6 439/420/6 331/420/6
f 345/420/6 441/420/6 438/420/6
f 457/420/6 440/420/6 347/420/6
f 347/420/6 349/420/6 351/420/6
f 347/420/6 351/420/6 353/420/6
f 456/420/6 457/420/6 347/420/6
f 458/420/6 456/420/6 347/420/6
f 347/420/6 353/420/6 355/420/6
f 355/420/6 357/420/6 359/420/6
f 355/420/6 359/420/6 361/420/6
f 458/420/6 347/420/6 355/420/6
f 454/420/6 458/420/6 355/420/6
f 355/420/6 361/420/6 363/420/6
f 363/420/6 365/420/6 367/420/6
f 363/420/6 367/420/6 369/420/6
f 454/420/6 355/420/6 363/420/6
f 455/420/6 454/420/6 363/420/6
f 363/420/6 369/420/6 371/420/6
f 371/420/6 373/420/6 375/420/6
f 371/420/6 375/420/6 377/420/6
f 453/420/6 455/420/6 363/420/6
f 459/420/6 453/420/6 363/420/6
f 363/420/6 371/420/6 377/420/6
f 379/420/6 381/420/6 383/420/6
f 363/420/6 377/420/6 379/420/6
f 450/420/6 459/420/6 363/420/6
f 451/420/6 450/420/6 363/420/6
f 363/420/6 379/420/6 383/420/6
f 363/420/6 383/420/6 385/420/6
f 449/420/6 451/420/6 363/420/6
f 452/420/6 449/420/6 363/420/6
f 387/420/6 389/420/6 391/420/6
f 391/420/6 393/420/6 432/420/6
f 391/420/6 432/420/6 433/420/6
f 387/420/6 391/420/6 433/420/6
f 387/420/6 433/420/6 431/420/6
f 447/420/6 452/420/6 363/420/6
f 448/420/6 447/420/6 363/420/6
f 385/420/6 387/420/6 431/420/6
f 385/420/6 431/420/6 434/420/6
f 448/420/6 363/420/6 385/420/6
f 446/420/6 448/420/6 385/420/6
f 385/420/6 434/420/6 429/420/6
f 385/420/6 429/420/6 430/420/6
f 444/420/6 446/420/6 385/420/6
f 445/420/6 444/420/6 385/420/6
f 385/420/6 430/420/6 428/420/6
f 399/420/50 400/420/50 443/420/50
f 404/420/35 399/420/35 435/420/35
f 408/420/51 404/420/51 437/420/51
f 411/420/37 408/420/37 436/420/37
f 411/420/52 442/420/52 439/420/52
f 421/420/39 439/420/39 438/420/39
f 425/420/54 438/420/54 441/420/54
f 424/420/41 441/420/41 440/420/41
f 422/420/55 440/420/55 457/420/55
f 423/420/43 457/420/43 456/420/43
f 427/420/56 456/420/56 458/420/56
f 420/420/45 458/420/45 454/420/45
f 426/420/57 454/420/57 455/420/57
f 417/420/47 455/420/123 453/420/47
f 418/420/58 453/420/58 459/420/58
f 419/420/49 459/420/49 450/420/49
f 416/420/59 450/420/59 451/420/59
f 414/420/19 451/420/19 449/420/19
f 413/420/60 449/420/60 452/420/60
f 415/420/21 452/420/21 447/420/21
f 410/420/61 412/420/61 447/420/61
f 409/420/23 410/420/23 448/420/23
f 407/420/62 409/420/62 446/420/62
f 406/420/25 407/420/25 444/420/25
f 403/420/63 406/420/63 445/420/63
f 402/420/27 403/420/27 428/420/27
f 405/420/64 402/420/64 430/420/64
f 429/420/29 434/420/29 397/420/29
f 395/420/65 405/420/127 429/420/29
f 396/420/66 397/420/128 434/420/66
f 401/420/31 396/420/31 431/420/31
f 398/420/67 401/420/67 433/420/67
f 400/420/33 398/420/33 432/420/33
s 0
f 491/455/98 460/552/98 461/553/98
f 461/553/98 462/554/98 463/555/98
f 463/555/98 464/556/98 465/557/98
f 465/557/98 466/558/98 467/559/98
f 467/559/98 468/560/98 469/561/98
f 469/561/98 470/562/98 471/563/98
f 471/563/98 472/564/98 473/565/98
f 473/565/98 474/566/98 475/453/98
f 475/453/98 476/567/98 477/568/98
f 477/568/98 478/569/98 479/570/98
f 479/570/129 480/571/129 481/572/129
f 481/572/98 482/573/98 483/454/98
f 483/454/98 484/574/98 485/575/98
f 485/575/98 486/576/98 487/577/98
f 487/577/129 488/578/129 489/579/129
f 489/579/98 490/580/98 491/455/98
f 491/455/98 461/553/98 463/555/98
f 463/555/98 465/557/98 467/559/98
f 467/559/98 469/561/98 471/563/98
f 471/563/98 473/565/98 475/453/98
f 475/453/98 477/568/98 479/570/98
f 479/570/98 481/572/98 483/454/98
f 483/454/98 485/575/98 487/577/98
f 487/577/98 489/579/98 491/455/98
f 491/455/98 463/555/98 467/559/98
f 467/559/98 471/563/98 475/453/98
f 475/453/98 479/570/98 483/454/98
f 483/454/98 487/577/98 491/455/98
f 491/455/98 467/559/98 475/453/98
f 494/457/101 496/581/101 495/458/101
f 495/458/2 496/581/2 500/460/2
f 500/460/102 498/463/102 497/462/102
f 498/463/6 494/582/6 493/464/6
f 499/461/103 497/462/103 493/465/103
f 496/467/104 494/583/104 498/463/104
f 501/468/105 502/584/105 504/469/105
f 504/469/106 508/472/106 507/471/106
f 508/472/107 506/479/107 505/473/107
f 505/473/108 506/479/108 502/474/108
f 507/471/109 505/473/109 501/476/109
f 508/472/110 504/585/110 502/478/110
f 510/480/111 512/483/111 511/481/111
f 512/483/112 516/492/112 515/484/112
f 515/484/113 516/492/113 514/485/113
f 513/486/114 514/485/114 510/487/114
f 511/489/115 515/484/115 513/486/115
f 512/491/116 510/586/116 514/485/116
f 517/493/117 518/587/117 520/494/117
f 519/495/118 520/494/118 524/496/118
f 524/496/119 522/499/119 521/498/119
f 522/499/120 518/588/120 517/500/120
f 523/497/121 521/498/121 517/501/121
f 524/496/122 520/589/122 518/503/122
s 1
f 526/420/18 528/420/18 527/420/18
f 528/420/19 530/420/19 529/420/19
f 530/420/20 532/420/20 531/420/20
f 532/420/21 534/420/21 533/420/21
f 534/420/22 536/420/22 535/420/22
f 536/420/23 538/420/23 537/420/23
f 538/420/24 540/420/24 539/420/24
f 540/420/25 542/420/25 541/420/25
f 542/420/26 544/420/26 543/420/26
f 544/420/27 546/420/27 545/420/27
f 546/420/28 548/420/28 547/420/28
f 548/420/29 550/420/29 549/420/29
f 550/420/30 552/420/30 551/420/30
f 552/420/31 554/420/31 553/420/31
f 554/420/32 556/420/32 555/420/32
f 556/420/33 558/420/33 557/420/33
f 558/420/34 560/420/34 559/420/34
f 560/420/35 562/420/35 561/420/35
f 562/420/36 564/420/36 563/420/36
f 564/420/37 566/420/37 565/420/37
f 566/420/38 568/420/38 567/420/38
f 568/420/39 570/420/39 569/420/39
f 570/420/40 572/420/40 571/420/40
f 572/420/41 574/420/41 573/420/41
f 574/420/42 576/420/42 575/420/42
f 576/420/43 578/420/43 577/420/43
f 578/420/44 580/420/44 579/420/44
f 580/420/45 582/420/45 581/420/45
f 582/420/46 584/420/46 583/420/46
f 584/420/47 586/420/47 585/420/47
f 540/420/2 538/420/2 536/420/2
f 540/420/2 536/420/2 534/420/2
f 546/420/2 544/420/2 542/420/2
f 542/420/2 540/420/2 534/420/2
f 532/420/2 530/420/2 528/420/2
f 542/420/2 534/420/2 532/420/2
f 548/420/2 546/420/2 542/420/2
f 554/420/2 552/420/2 550/420/2
f 550/420/2 548/420/2 542/420/2
f 542/420/2 532/420/2 528/420/2
f 542/420/2 528/420/2 526/420/2
f 554/420/2 550/420/2 542/420/2
f 556/420/2 554/420/2 542/420/2
f 542/420/2 526/420/2 588/420/2
f 588/420/2 586/420/2 584/420/2
f 582/420/2 580/420/2 589/420/2
f 588/420/2 584/420/2 582/420/2
f 558/420/2 556/420/2 542/420/2
f 562/420/2 560/420/2 558/420/2
f 564/420/2 562/420/2 558/420/2
f 588/420/2 582/420/2 589/420/2
f 588/420/2 589/420/2 591/420/2
f 564/420/2 558/420/2 542/420/2
f 570/420/2 568/420/2 566/420/2
f 588/420/2 591/420/2 590/420/2
f 588/420/2 590/420/2 595/420/2
f 572/420/2 570/420/2 566/420/2
f 603/420/2 601/420/2 572/420/2
f 604/420/2 603/420/2 572/420/2
f 572/420/2 566/420/2 564/420/2
f 588/420/2 595/420/2 592/420/2
f 588/420/2 592/420/2 594/420/2
f 604/420/2 572/420/2 564/420/2
f 606/420/2 604/420/2 564/420/2
f 588/420/2 594/420/2 593/420/2
f 588/420/2 593/420/2 598/420/2
f 609/420/2 606/420/2 564/420/2
f 607/420/2 609/420/2 564/420/2
f 588/420/2 598/420/2 602/420/2
f 588/420/2 602/420/2 605/420/2
f 608/420/2 607/420/2 564/420/2
f 610/420/2 608/420/2 564/420/2
f 542/420/2 588/420/2 605/420/2
f 542/420/2 605/420/2 615/420/2
f 613/420/2 610/420/2 564/420/2
f 612/420/2 613/420/2 564/420/2
f 542/420/2 615/420/2 619/420/2
f 542/420/2 619/420/2 618/420/2
f 612/420/2 564/420/2 542/420/2
f 611/420/2 612/420/2 542/420/2
f 542/420/2 618/420/2 616/420/2
f 542/420/2 616/420/2 617/420/2
f 620/420/2 611/420/2 542/420/2
f 614/420/2 620/420/2 542/420/2
f 542/420/2 617/420/2 621/420/2
f 589/420/2 580/420/2 578/420/2
f 578/420/2 576/420/2 574/420/2
f 574/420/2 572/420/2 601/420/2
f 574/420/2 601/420/2 600/420/2
f 589/420/2 578/420/2 574/420/2
f 599/420/2 589/420/2 574/420/2
f 574/420/2 600/420/2 597/420/2
f 596/420/2 599/420/2 574/420/2
f 586/420/48 588/420/48 587/420/48
f 588/420/49 526/420/49 525/420/49
f 637/420/6 626/420/6 587/420/6
f 525/420/6 527/420/6 529/420/6
f 637/420/6 587/420/6 525/420/6
f 629/420/6 637/420/6 525/420/6
f 525/420/6 529/420/6 531/420/6
f 533/420/6 535/420/6 537/420/6
f 525/420/6 531/420/6 533/420/6
f 631/420/6 629/420/6 525/420/6
f 630/420/6 631/420/6 525/420/6
f 525/420/6 533/420/6 537/420/6
f 539/420/6 541/420/6 634/420/6
f 525/420/6 537/420/6 539/420/6
f 636/420/6 630/420/6 525/420/6
f 633/420/6 636/420/6 525/420/6
f 539/420/6 634/420/6 635/420/6
f 632/420/6 633/420/6 525/420/6
f 539/420/6 635/420/6 632/420/6
f 651/420/6 634/420/6 541/420/6
f 541/420/6 543/420/6 545/420/6
f 541/420/6 545/420/6 547/420/6
f 650/420/6 651/420/6 541/420/6
f 652/420/6 650/420/6 541/420/6
f 541/420/6 547/420/6 549/420/6
f 549/420/6 551/420/6 553/420/6
f 549/420/6 553/420/6 555/420/6
f 652/420/6 541/420/6 549/420/6
f 648/420/6 652/420/6 549/420/6
f 549/420/6 555/420/6 557/420/6
f 557/420/6 559/420/6 561/420/6
f 557/420/6 561/420/6 563/420/6
f 648/420/6 549/420/6 557/420/6
f 649/420/6 648/420/6 557/420/6
f 557/420/6 563/420/6 565/420/6
f 565/420/6 567/420/6 569/420/6
f 565/420/6 569/420/6 571/420/6
f 647/420/6 649/420/6 557/420/6
f 653/420/6 647/420/6 557/420/6
f 557/420/6 565/420/6 571/420/6
f 573/420/6 575/420/6 577/420/6
f 557/420/6 571/420/6 573/420/6
f 644/420/6 653/420/6 557/420/6
f 645/420/6 644/420/6 557/420/6
f 557/420/6 573/420/6 577/420/6
f 557/420/6 577/420/6 579/420/6
f 643/420/6 645/420/6 557/420/6
f 646/420/6 643/420/6 557/420/6
f 581/420/6 583/420/6 585/420/6
f 585/420/6 587/420/6 626/420/6
f 585/420/6 626/420/6 627/420/6
f 581/420/6 585/420/6 627/420/6
f 581/420/6 627/420/6 625/420/6
f 641/420/6 646/420/6 557/420/6
f 642/420/6 641/420/6 557/420/6
f 579/420/6 581/420/6 625/420/6
f 579/420/6 625/420/6 628/420/6
f 642/420/6 557/420/6 579/420/6
f 640/420/6 642/420/6 579/420/6
f 579/420/6 628/420/6 623/420/6
f 579/420/6 623/420/6 624/420/6
f 638/420/6 640/420/6 579/420/6
f 639/420/6 638/420/6 579/420/6
f 579/420/6 624/420/6 622/420/6
f 593/420/50 594/420/50 637/420/50
f 598/420/35 593/420/35 629/420/35
f 602/420/51 598/420/51 631/420/51
f 605/420/37 602/420/37 630/420/37
f 605/420/52 636/420/53 633/420/52
f 615/420/39 633/420/39 632/420/39
f 619/420/54 632/420/54 635/420/54
f 618/420/41 635/420/41 634/420/41
f 616/420/55 634/420/55 651/420/55
f 617/420/43 651/420/43 650/420/43
f 621/420/56 650/420/56 652/420/56
f 614/420/45 652/420/45 648/420/45
f 620/420/57 648/420/57 649/420/57
f 611/420/47 649/420/47 647/420/47
f 612/420/58 647/420/58 653/420/58
f 613/420/49 653/420/49 644/420/49
f 610/420/59 644/420/59 645/420/59
f 608/420/19 645/420/19 643/420/19
f 607/420/60 643/420/60 646/420/60
f 609/420/21 646/420/21 641/420/21
f 604/420/61 606/420/130 641/420/61
f 603/420/23 604/420/23 642/420/23
f 601/420/62 603/420/62 640/420/62
f 600/420/25 601/420/25 638/420/25
f 597/420/63 600/420/63 639/420/63
f 596/420/27 597/420/27 622/420/27
f 599/420/64 596/420/64 624/420/64
f 623/420/29 628/420/29 591/420/29
f 589/420/29 599/420/29 623/420/29
f 590/420/66 591/420/66 628/420/66
f 595/420/31 590/420/31 625/420/31
f 592/420/67 595/420/67 627/420/67
f 594/420/33 592/420/33 626/420/33
f 655/420/18 657/420/18 656/420/18
f 657/420/19 659/420/19 658/420/19
f 659/420/20 661/420/20 660/420/20
f 661/420/21 663/420/21 662/420/21
f 663/420/22 665/420/22 664/420/22
f 665/420/23 667/420/23 666/420/23
f 667/420/24 669/420/24 668/420/24
f 669/420/25 671/420/25 670/420/25
f 671/420/26 673/420/26 672/420/26
f 673/420/27 675/420/27 674/420/27
f 675/420/28 677/420/28 676/420/28
f 677/420/29 679/420/29 678/420/29
f 679/420/30 681/420/30 680/420/30
f 681/420/31 683/420/31 682/420/31
f 683/420/32 685/420/32 684/420/32
f 685/420/33 687/420/33 686/420/33
f 687/420/34 689/420/34 688/420/34
f 689/420/35 691/420/35 690/420/35
f 691/420/36 693/420/36 692/420/36
f 693/420/37 695/420/37 694/420/37
f 695/420/38 697/420/38 696/420/38
f 697/420/39 699/420/39 698/420/39
f 699/420/40 701/420/40 700/420/40
f 701/420/41 703/420/41 702/420/41
f 703/420/42 705/420/42 704/420/42
f 705/420/43 707/420/43 706/420/43
f 707/420/44 709/420/44 708/420/44
f 709/420/45 711/420/45 710/420/45
f 711/420/46 713/420/46 712/420/46
f 713/420/47 715/420/47 714/420/47
f 669/420/2 667/420/2 665/420/2
f 669/420/2 665/420/2 663/420/2
f 675/420/2 673/420/2 671/420/2
f 671/420/2 669/420/2 663/420/2
f 661/420/2 659/420/2 657/420/2
f 671/420/2 663/420/2 661/420/2
f 677/420/2 675/420/2 671/420/2
f 683/420/2 681/420/2 679/420/2
f 679/420/2 677/420/2 671/420/2
f 671/420/2 661/420/2 657/420/2
f 671/420/2 657/420/2 655/420/2
f 683/420/2 679/420/2 671/420/2
f 685/420/2 683/420/2 671/420/2
f 671/420/2 655/420/2 717/420/2
f 717/420/2 715/420/2 713/420/2
f 711/420/2 709/420/2 718/420/2
f 717/420/2 713/420/2 711/420/2
f 687/420/2 685/420/2 671/420/2
f 691/420/2 689/420/2 687/420/2
f 693/420/2 691/420/2 687/420/2
f 717/420/2 711/420/2 718/420/2
f 717/420/2 718/420/2 720/420/2
f 693/420/2 687/420/2 671/420/2
f 699/420/2 697/420/2 695/420/2
f 717/420/2 720/420/2 719/420/2
f 717/420/2 719/420/2 724/420/2
f 701/420/2 699/420/2 695/420/2
f 732/420/2 730/420/2 701/420/2
f 733/420/2 732/420/2 701/420/2
f 701/420/2 695/420/2 693/420/2
f 717/420/2 724/420/2 721/420/2
f 717/420/2 721/420/2 723/420/2
f 733/420/2 701/420/2 693/420/2
f 735/420/2 733/420/2 693/420/2
f 717/420/2 723/420/2 722/420/2
f 717/420/2 722/420/2 727/420/2
f 738/420/2 735/420/2 693/420/2
f 736/420/2 738/420/2 693/420/2
f 717/420/2 727/420/2 731/420/2
f 717/420/2 731/420/2 734/420/2
f 737/420/2 736/420/2 693/420/2
f 739/420/2 737/420/2 693/420/2
f 671/420/2 717/420/2 734/420/2
f 671/420/2 734/420/2 744/420/2
f 742/420/2 739/420/2 693/420/2
f 741/420/2 742/420/2 693/420/2
f 671/420/2 744/420/2 748/420/2
f 671/420/2 748/420/2 747/420/2
f 741/420/2 693/420/2 671/420/2
f 740/420/2 741/420/2 671/420/2
f 671/420/2 747/420/2 745/420/2
f 671/420/2 745/420/2 746/420/2
f 749/420/2 740/420/2 671/420/2
f 743/420/2 749/420/2 671/420/2
f 671/420/2 746/420/2 750/420/2
f 718/420/2 709/420/2 707/420/2
f 707/420/2 705/420/2 703/420/2
f 703/420/2 701/420/2 730/420/2
f 703/420/2 730/420/2 729/420/2
f 718/420/2 707/420/2 703/420/2
f 728/420/2 718/420/2 703/420/2
f 703/420/2 729/420/2 726/420/2
f 725/420/2 728/420/2 703/420/2
f 715/420/48 717/420/48 716/420/48
f 717/420/49 655/420/49 654/420/49
f 766/420/6 755/420/6 716/420/6
f 654/420/6 656/420/6 658/420/6
f 766/420/6 716/420/6 654/420/6
f 758/420/6 766/420/6 654/420/6
f 654/420/6 658/420/6 660/420/6
f 662/420/6 664/420/6 666/420/6
f 654/420/6 660/420/6 662/420/6
f 760/420/6 758/420/6 654/420/6
f 759/420/6 760/420/6 654/420/6
f 654/420/6 662/420/6 666/420/6
f 668/420/6 670/420/6 763/420/6
f 654/420/6 666/420/6 668/420/6
f 765/420/6 759/420/6 654/420/6
f 762/420/6 765/420/6 654/420/6
f 668/420/6 763/420/6 764/420/6
f 761/420/6 762/420/6 654/420/6
f 668/420/6 764/420/6 761/420/6
f 780/420/6 763/420/6 670/420/6
f 670/420/6 672/420/6 674/420/6
f 670/420/6 674/420/6 676/420/6
f 779/420/6 780/420/6 670/420/6
f 781/420/6 779/420/6 670/420/6
f 670/420/6 676/420/6 678/420/6
f 678/420/6 680/420/6 682/420/6
f 678/420/6 682/420/6 684/420/6
f 781/420/6 670/420/6 678/420/6
f 777/420/6 781/420/6 678/420/6
f 678/420/6 684/420/6 686/420/6
f 686/420/6 688/420/6 690/420/6
f 686/420/6 690/420/6 692/420/6
f 777/420/6 678/420/6 686/420/6
f 778/420/6 777/420/6 686/420/6
f 686/420/6 692/420/6 694/420/6
f 694/420/6 696/420/6 698/420/6
f 694/420/6 698/420/6 700/420/6
f 776/420/6 778/420/6 686/420/6
f 782/420/6 776/420/6 686/420/6
f 686/420/6 694/420/6 700/420/6
f 702/420/6 704/420/6 706/420/6
f 686/420/6 700/420/6 702/420/6
f 773/420/6 782/420/6 686/420/6
f 774/420/6 773/420/6 686/420/6
f 686/420/6 702/420/6 706/420/6
f 686/420/6 706/420/6 708/420/6
f 772/420/6 774/420/6 686/420/6
f 775/420/6 772/420/6 686/420/6
f 710/420/6 712/420/6 714/420/6
f 714/420/6 716/420/6 755/420/6
f 714/420/6 755/420/6 756/420/6
f 710/420/6 714/420/6 756/420/6
f 710/420/6 756/420/6 754/420/6
f 770/420/6 775/420/6 686/420/6
f 771/420/6 770/420/6 686/420/6
f 708/420/6 710/420/6 754/420/6
f 708/420/6 754/420/6 757/420/6
f 771/420/6 686/420/6 708/420/6
f 769/420/131 771/420/6 708/420/6
f 708/420/6 757/420/6 752/420/6
f 708/420/6 752/420/6 753/420/6
f 767/420/6 769/420/131 708/420/6
f 768/420/6 767/420/6 708/420/6
f 708/420/6 753/420/6 751/420/6
f 722/420/50 723/420/50 766/420/50
f 727/420/35 722/420/35 758/420/35
f 731/420/51 727/420/51 760/420/51
f 734/420/37 731/420/37 759/420/37
f 734/420/52 765/420/53 762/420/52
f 744/420/39 762/420/39 761/420/39
f 748/420/54 761/420/54 764/420/54
f 747/420/41 764/420/41 763/420/41
f 745/420/55 763/420/55 780/420/55
f 746/420/43 780/420/43 779/420/43
f 750/420/56 779/420/56 781/420/56
f 743/420/45 781/420/45 777/420/45
f 749/420/57 777/420/57 778/420/57
f 740/420/47 778/420/47 776/420/47
f 741/420/58 776/420/58 782/420/58
f 742/420/49 782/420/49 773/420/49
f 739/420/59 773/420/59 774/420/59
f 737/420/19 774/420/19 772/420/19
f 736/420/60 772/420/60 775/420/60
f 738/420/21 775/420/21 770/420/21
f 733/420/61 735/420/130 770/420/61
f 732/420/23 733/420/23 771/420/23
f 730/420/62 732/420/62 769/420/62
f 729/420/25 730/420/25 767/420/25
f 726/420/63 729/420/63 768/420/63
f 725/420/27 726/420/27 751/420/27
f 728/420/64 725/420/64 753/420/64
f 752/420/29 757/420/29 720/420/29
f 718/420/29 728/420/29 752/420/29
f 719/420/66 720/420/66 757/420/66
f 724/420/31 719/420/31 754/420/31
f 721/420/67 724/420/67 756/420/67
f 723/420/33 721/420/33 755/420/33
f 784/420/18 786/420/18 785/420/18
f 786/420/19 788/420/19 787/420/19
f 788/420/20 790/420/20 789/420/20
f 790/420/21 792/420/21 791/420/21
f 792/420/22 794/420/22 793/420/22
f 794/420/23 796/420/23 795/420/23
f 796/420/24 798/420/24 797/420/24
f 798/420/25 800/420/25 799/420/25
f 800/420/26 802/420/26 801/420/26
f 802/420/27 804/420/27 803/420/27
f 804/420/28 806/420/28 805/420/28
f 806/420/29 808/420/29 807/420/29
f 808/420/30 810/420/30 809/420/30
f 810/420/31 812/420/31 811/420/31
f 812/420/32 814/420/32 813/420/32
f 814/420/33 816/420/33 815/420/33
f 816/420/34 818/420/34 817/420/34
f 818/420/35 820/420/35 819/420/35
f 820/420/36 822/420/36 821/420/36
f 822/420/37 824/420/37 823/420/37
f 824/420/38 826/420/38 825/420/38
f 826/420/39 828/420/39 827/420/39
f 828/420/40 830/420/40 829/420/40
f 830/420/41 832/420/41 831/420/41
f 832/420/42 834/420/42 833/420/42
f 834/420/43 836/420/43 835/420/43
f 836/420/44 838/420/44 837/420/44
f 838/420/45 840/420/45 839/420/45
f 840/420/46 842/420/46 841/420/46
f 842/420/47 844/420/47 843/420/47
f 798/420/2 796/420/2 794/420/2
f 798/420/2 794/420/2 792/420/2
f 804/420/2 802/420/2 800/420/2
f 800/420/2 798/420/2 792/420/2
f 790/420/2 788/420/2 786/420/2
f 800/420/2 792/420/2 790/420/2
f 806/420/2 804/420/2 800/420/2
f 812/420/2 810/420/2 808/420/2
f 808/420/2 806/420/2 800/420/2
f 800/420/2 790/420/2 786/420/2
f 800/420/2 786/420/2 784/420/2
f 812/420/2 808/420/2 800/420/2
f 814/420/2 812/420/2 800/420/2
f 800/420/2 784/420/2 846/420/2
f 846/420/2 844/420/2 842/420/2
f 840/420/2 838/420/2 847/420/2
f 846/420/2 842/420/2 840/420/2
f 816/420/2 814/420/2 800/420/2
f 820/420/2 818/420/2 816/420/2
f 822/420/2 820/420/2 816/420/2
f 846/420/2 840/420/2 847/420/2
f 846/420/2 847/420/2 849/420/2
f 822/420/2 816/420/2 800/420/2
f 828/420/2 826/420/2 824/420/2
f 846/420/2 849/420/2 848/420/2
f 846/420/2 848/420/2 853/420/2
f 830/420/2 828/420/2 824/420/2
f 861/420/2 859/420/2 830/420/2
f 862/420/2 861/420/2 830/420/2
f 830/420/2 824/420/2 822/420/2
f 846/420/2 853/420/2 850/420/2
f 846/420/2 850/420/2 852/420/2
f 862/420/2 830/420/2 822/420/2
f 864/420/2 862/420/2 822/420/2
f 846/420/2 852/420/2 851/420/2
f 846/420/2 851/420/2 856/420/2
f 867/420/2 864/420/2 822/420/2
f 865/420/2 867/420/2 822/420/2
f 846/420/2 856/420/2 860/420/2
f 846/420/2 860/420/2 863/420/2
f 866/420/2 865/420/2 822/420/2
f 868/420/2 866/420/2 822/420/2
f 800/420/2 846/420/2 863/420/2
f 800/420/2 863/420/2 873/420/2
f 871/420/2 868/420/2 822/420/2
f 870/420/2 871/420/2 822/420/2
f 800/420/2 873/420/2 877/420/2
f 800/420/2 877/420/2 876/420/2
f 870/420/2 822/420/2 800/420/2
f 869/420/2 870/420/2 800/420/2
f 800/420/2 876/420/2 874/420/2
f 800/420/2 874/420/2 875/420/2
f 878/420/2 869/420/2 800/420/2
f 872/420/2 878/420/2 800/420/2
f 800/420/2 875/420/2 879/420/2
f 847/420/2 838/420/2 836/420/2
f 836/420/2 834/420/2 832/420/2
f 832/420/2 830/420/2 859/420/2
f 832/420/2 859/420/2 858/420/2
f 847/420/2 836/420/2 832/420/2
f 857/420/2 847/420/2 832/420/2
f 832/420/2 858/420/2 855/420/2
f 854/420/2 857/420/2 832/420/2
f 844/420/48 846/420/48 845/420/48
f 846/420/49 784/420/49 783/420/49
f 895/420/6 884/420/6 845/420/6
f 783/420/6 785/420/6 787/420/6
f 895/420/6 845/420/6 783/420/6
f 887/420/6 895/420/6 783/420/6
f 783/420/6 787/420/6 789/420/6
f 791/420/6 793/420/6 795/420/6
f 783/420/6 789/420/6 791/420/6
f 889/420/6 887/420/6 783/420/6
f 888/420/6 889/420/6 783/420/6
f 783/420/6 791/420/6 795/420/6
f 797/420/6 799/420/6 892/420/6
f 783/420/6 795/420/6 797/420/6
f 894/420/6 888/420/6 783/420/6
f 891/420/6 894/420/6 783/420/6
f 797/420/6 892/420/6 893/420/6
f 890/420/6 891/420/6 783/420/6
f 797/420/6 893/420/6 890/420/6
f 909/420/6 892/420/6 799/420/6
f 799/420/6 801/420/6 803/420/6
f 799/420/6 803/420/6 805/420/6
f 908/420/6 909/420/6 799/420/6
f 910/420/6 908/420/6 799/420/6
f 799/420/6 805/420/6 807/420/6
f 807/420/6 809/420/6 811/420/6
f 807/420/6 811/420/6 813/420/6
f 910/420/6 799/420/6 807/420/6
f 906/420/6 910/420/6 807/420/6
f 807/420/6 813/420/6 815/420/6
f 815/420/6 817/420/6 819/420/6
f 815/420/6 819/420/6 821/420/6
f 906/420/6 807/420/6 815/420/6
f 907/420/6 906/420/6 815/420/6
f 815/420/6 821/420/6 823/420/6
f 823/420/6 825/420/6 827/420/6
f 823/420/6 827/420/6 829/420/6
f 905/420/6 907/420/6 815/420/6
f 911/420/6 905/420/6 815/420/6
f 815/420/6 823/420/6 829/420/6
f 831/420/6 833/420/6 835/420/6
f 815/420/6 829/420/6 831/420/6
f 902/420/6 911/420/6 815/420/6
f 903/420/6 902/420/6 815/420/6
f 815/420/6 831/420/6 835/420/6
f 815/420/6 835/420/6 837/420/6
f 901/420/6 903/420/6 815/420/6
f 904/420/6 901/420/6 815/420/6
f 839/420/6 841/420/6 843/420/6
f 843/420/6 845/420/6 884/420/6
f 843/420/6 884/420/6 885/420/6
f 839/420/6 843/420/6 885/420/6
f 839/420/6 885/420/6 883/420/6
f 899/420/6 904/420/6 815/420/6
f 900/420/6 899/420/6 815/420/6
f 837/420/6 839/420/6 883/420/6
f 837/420/6 883/420/6 886/420/6
f 900/420/6 815/420/6 837/420/6
f 898/420/6 900/420/6 837/420/6
f 837/420/6 886/420/6 881/420/6
f 837/420/6 881/420/6 882/420/6
f 896/420/6 898/420/6 837/420/6
f 897/420/6 896/420/6 837/420/6
f 837/420/6 882/420/6 880/420/6
f 851/420/50 852/420/50 895/420/50
f 856/420/35 851/420/35 887/420/35
f 860/420/51 856/420/51 889/420/51
f 863/420/37 860/420/37 888/420/37
f 863/420/52 894/420/52 891/420/52
f 873/420/39 891/420/39 890/420/39
f 877/420/54 890/420/54 893/420/54
f 876/420/41 893/420/41 892/420/41
f 874/420/55 892/420/55 909/420/55
f 875/420/43 909/420/43 908/420/43
f 879/420/56 908/420/56 910/420/56
f 872/420/45 910/420/45 906/420/45
f 878/420/57 906/420/57 907/420/57
f 869/420/47 907/420/47 905/420/47
f 870/420/58 905/420/58 911/420/58
f 871/420/49 911/420/49 902/420/49
f 868/420/59 902/420/59 903/420/59
f 866/420/19 903/420/19 901/420/19
f 865/420/60 901/420/60 904/420/60
f 867/420/21 904/420/21 899/420/21
f 862/420/61 864/420/130 899/420/61
f 861/420/23 862/420/23 900/420/23
f 859/420/62 861/420/62 898/420/62
f 858/420/25 859/420/25 896/420/25
f 855/420/63 858/420/63 897/420/63
f 854/420/27 855/420/27 880/420/27
f 857/420/64 854/420/64 882/420/64
f 881/420/29 886/420/29 849/420/29
f 847/420/65 857/420/127 881/420/29
f 848/420/66 849/420/66 886/420/66
f 853/420/31 848/420/31 883/420/31
f 850/420/67 853/420/67 885/420/67
f 852/420/33 850/420/33 884/420/33
s 0
f 913/504/6 915/508/6 914/505/6
f 913/504/6 916/590/6 917/507/6
f 917/507/6 916/590/6 918/509/6
f 918/509/6 920/591/6 921/511/6
f 923/512/4 925/515/4 924/513/4
f 925/515/2 929/517/2 928/516/2
f 929/517/1 927/519/1 926/518/1
f 927/519/6 923/592/6 922/520/6
f 928/516/5 926/518/5 922/521/5
f 925/523/3 923/593/3 927/519/3
