# Blender 4.4.3
# www.blender.org
mtllib Boss.mtl
o 立方体
v -1.100604 0.528190 -2.957951
v -0.906276 1.731332 -2.615051
v -1.100604 0.528190 -3.366151
v -0.906276 1.731332 -3.709051
v -1.192804 0.544447 -2.957951
v -0.963913 1.741495 -2.615051
v -1.192804 0.544447 -3.366151
v -0.963913 1.741495 -3.709051
v -1.100604 0.528190 -3.230084
v -1.100604 0.528190 -3.094018
v -0.843023 1.989002 -2.870378
v -0.843023 1.989002 -3.453725
v -1.192804 0.544447 -3.094018
v -1.192804 0.544447 -3.230084
v -0.935223 2.005260 -3.453725
v -0.935223 2.005260 -2.870378
v -0.987662 1.269770 -2.615051
v -0.924339 1.628896 -2.615051
v -0.924339 1.628896 -3.709051
v -0.987662 1.269770 -3.709051
v -0.981975 1.639059 -3.709051
v -1.045299 1.279932 -3.709051
v -0.981975 1.639059 -2.615051
v -1.045299 1.279932 -2.615051
v -0.990210 1.693416 -3.453725
v -1.091507 1.118932 -3.453725
v -0.990210 1.693416 -2.870378
v -1.091507 1.118932 -2.870378
v -0.898010 1.677159 -2.870378
v -0.999307 1.102674 -2.870378
v -0.898010 1.677159 -3.453725
v -0.999307 1.102674 -3.453725
v 0.416561 1.267735 -3.253812
v 0.416561 1.266596 -3.265374
v 0.426419 1.249293 -3.253812
v 0.403295 1.283900 -3.253812
v 0.416561 1.266596 -3.242250
v 0.426419 1.248508 -3.245848
v 0.403295 1.282451 -3.239097
v 0.416561 1.263224 -3.231133
v 0.426419 1.246185 -3.238190
v 0.403295 1.278158 -3.224947
v 0.416561 1.257747 -3.220887
v 0.426419 1.242413 -3.231133
v 0.403295 1.271188 -3.211906
v 0.416561 1.250377 -3.211906
v 0.426419 1.237336 -3.224947
v 0.403295 1.261807 -3.200476
v 0.416561 1.241396 -3.204536
v 0.426419 1.231150 -3.219870
v 0.403295 1.250377 -3.191095
v 0.416561 1.231150 -3.199059
v 0.416561 1.220033 -3.195687
v 0.426419 1.224093 -3.216098
v 0.403295 1.237336 -3.184125
v 0.387130 1.242413 -3.171868
v 0.403295 1.223186 -3.179832
v 0.387130 1.225775 -3.166821
v 0.403295 1.208471 -3.178383
v 0.416561 1.208471 -3.194548
v 0.387130 1.208471 -3.165117
v 0.403295 1.193755 -3.179832
v 0.416561 1.196909 -3.195687
v 0.387130 1.191167 -3.166821
v 0.403295 1.179605 -3.184125
v 0.416562 1.185792 -3.199059
v 0.387130 1.174529 -3.171868
v 0.403295 1.166565 -3.191095
v 0.416561 1.175545 -3.204536
v 0.387130 1.159195 -3.180065
v 0.403295 1.155135 -3.200476
v 0.416561 1.166565 -3.211906
v 0.387130 1.145754 -3.191095
v 0.403295 1.145754 -3.211906
v 0.403295 1.138784 -3.224947
v 0.416561 1.159195 -3.220887
v 0.387130 1.134724 -3.204536
v 0.368688 1.126527 -3.199059
v 0.387130 1.126527 -3.219870
v 0.368688 1.117420 -3.216098
v 0.387130 1.121480 -3.236508
v 0.403295 1.134491 -3.239097
v 0.368688 1.111812 -3.234585
v 0.387130 1.119776 -3.253812
v 0.403295 1.133042 -3.253812
v 0.368688 1.109918 -3.253812
v 0.387130 1.121480 -3.271116
v 0.403295 1.134491 -3.268527
v 0.368688 1.111812 -3.273039
v 0.387130 1.126527 -3.287754
v 0.403295 1.138784 -3.282677
v 0.368688 1.117420 -3.291527
v 0.387130 1.134724 -3.303088
v 0.403295 1.145754 -3.295718
v 0.368688 1.126527 -3.308565
v 0.387130 1.145754 -3.316529
v 0.387130 1.159195 -3.327559
v 0.403295 1.155135 -3.307148
v 0.368688 1.138784 -3.323499
v 0.348677 1.134491 -3.327792
v 0.368688 1.153718 -3.335756
v 0.348677 1.150345 -3.340803
v 0.368688 1.170756 -3.344863
v 0.387130 1.174529 -3.335756
v 0.348677 1.168433 -3.350471
v 0.368688 1.189244 -3.350471
v 0.387130 1.191167 -3.340803
v 0.348677 1.188060 -3.356425
v 0.368688 1.208471 -3.352365
v 0.387130 1.208471 -3.342507
v 0.348677 1.208471 -3.358435
v 0.368688 1.227698 -3.350471
v 0.387130 1.225774 -3.340803
v 0.348677 1.228882 -3.356425
v 0.368688 1.246185 -3.344863
v 0.387130 1.242413 -3.335756
v 0.368688 1.263224 -3.335756
v 0.348677 1.248508 -3.350471
v 0.348677 1.266596 -3.340803
v 0.348677 1.282451 -3.327792
v 0.348677 1.295462 -3.311937
v 0.368688 1.278158 -3.323499
v 0.368688 1.290415 -3.308565
v 0.387130 1.271188 -3.316529
v 0.403295 1.261807 -3.307148
v 0.387130 1.257747 -3.327559
v 0.387130 1.282218 -3.303088
v 0.387130 1.290415 -3.287754
v 0.403295 1.271188 -3.295718
v 0.416561 1.257747 -3.286737
v 0.403295 1.278158 -3.282677
v 0.403295 1.282451 -3.268527
v 0.416561 1.263224 -3.276491
v 0.426419 1.246185 -3.269434
v 0.432489 1.227698 -3.261776
v 0.426419 1.242413 -3.276491
v 0.426419 1.248508 -3.261776
v 0.432489 1.228882 -3.257872
v 0.432489 1.229282 -3.253812
v 0.434539 1.208471 -3.253812
v 0.432489 1.216435 -3.273039
v 0.432489 1.212531 -3.274223
v 0.432489 1.208471 -3.274623
v 0.432489 1.204411 -3.274223
v 0.432489 1.200507 -3.273039
v 0.432489 1.196909 -3.271116
v 0.432489 1.193755 -3.268527
v 0.432489 1.191167 -3.265374
v 0.432489 1.189244 -3.261776
v 0.432489 1.188060 -3.257872
v 0.432489 1.187660 -3.253812
v 0.432489 1.188060 -3.249752
v 0.432489 1.189244 -3.245848
v 0.432489 1.191167 -3.242250
v 0.432489 1.193755 -3.239097
v 0.432489 1.196909 -3.236508
v 0.432489 1.200507 -3.234585
v 0.432489 1.204411 -3.233401
v 0.432489 1.208471 -3.233001
v 0.432489 1.212531 -3.233401
v 0.432489 1.216435 -3.234585
v 0.432489 1.220033 -3.236508
v 0.432489 1.223186 -3.239097
v 0.432489 1.225774 -3.242250
v 0.432489 1.227698 -3.245848
v 0.432489 1.228882 -3.249752
v 0.432489 1.220033 -3.271116
v 0.432489 1.223186 -3.268527
v 0.432489 1.225775 -3.265374
v 0.426419 1.237336 -3.282677
v 0.416561 1.250377 -3.295718
v 0.426419 1.231150 -3.287754
v 0.416561 1.241396 -3.303088
v 0.426419 1.224093 -3.291527
v 0.416561 1.231150 -3.308565
v 0.426419 1.216435 -3.293850
v 0.416561 1.220033 -3.311937
v 0.426419 1.208471 -3.294634
v 0.416561 1.208471 -3.313076
v 0.426419 1.200507 -3.293850
v 0.416561 1.196909 -3.311937
v 0.426419 1.192849 -3.291527
v 0.416562 1.185791 -3.308565
v 0.426419 1.185791 -3.287754
v 0.416561 1.175545 -3.303088
v 0.426419 1.179605 -3.282677
v 0.416561 1.166565 -3.295718
v 0.426419 1.174529 -3.276491
v 0.416562 1.159195 -3.286737
v 0.426419 1.170756 -3.269434
v 0.416562 1.153718 -3.276491
v 0.426419 1.168433 -3.261776
v 0.416562 1.150345 -3.265374
v 0.426419 1.167649 -3.253812
v 0.416561 1.149207 -3.253812
v 0.426419 1.168433 -3.245848
v 0.416562 1.150345 -3.242250
v 0.426419 1.170756 -3.238190
v 0.416562 1.153718 -3.231133
v 0.426419 1.174529 -3.231133
v 0.426419 1.179605 -3.224947
v 0.426419 1.185791 -3.219870
v 0.426419 1.192849 -3.216098
v 0.426419 1.200507 -3.213775
v 0.426419 1.208471 -3.212990
v 0.426419 1.216435 -3.213775
v 0.403295 1.166565 -3.316529
v 0.403295 1.179605 -3.323499
v 0.403295 1.193755 -3.327792
v 0.403295 1.208471 -3.329241
v 0.403295 1.223186 -3.327792
v 0.403295 1.237336 -3.323499
v 0.403295 1.250377 -3.316529
v 0.387130 1.295462 -3.271116
v 0.368688 1.305130 -3.273039
v 0.387130 1.297166 -3.253812
v 0.368688 1.307024 -3.253812
v 0.387130 1.295462 -3.236508
v 0.368688 1.305130 -3.234585
v 0.387130 1.290414 -3.219870
v 0.368688 1.299522 -3.216098
v 0.387130 1.282218 -3.204536
v 0.368688 1.290415 -3.199059
v 0.387130 1.271188 -3.191095
v 0.387130 1.257747 -3.180065
v 0.368688 1.278158 -3.184125
v 0.348677 1.282451 -3.179832
v 0.368688 1.263224 -3.171868
v 0.348677 1.266596 -3.166821
v 0.368688 1.246185 -3.162761
v 0.348677 1.248508 -3.157153
v 0.368688 1.227698 -3.157153
v 0.348677 1.228882 -3.151199
v 0.368688 1.208471 -3.155259
v 0.348677 1.208471 -3.149189
v 0.368688 1.189244 -3.157153
v 0.348677 1.188060 -3.151199
v 0.368688 1.170756 -3.162761
v 0.348677 1.168433 -3.157153
v 0.368688 1.153718 -3.171868
v 0.368688 1.138784 -3.184125
v 0.348677 1.150345 -3.166821
v 0.348677 1.134491 -3.179832
v 0.348677 1.121480 -3.195687
v 0.348677 1.111812 -3.213774
v 0.348677 1.105858 -3.233401
v 0.348677 1.103848 -3.253812
v 0.348677 1.105858 -3.274223
v 0.348677 1.111812 -3.293849
v 0.348677 1.121480 -3.311937
v 0.348677 1.295462 -3.195687
v 0.348677 1.305130 -3.213775
v 0.348677 1.311084 -3.233401
v 0.348677 1.313094 -3.253812
v 0.348677 1.311084 -3.274223
v 0.348677 1.305130 -3.293850
v 0.368688 1.299522 -3.291527
v -0.587471 0.501687 -3.528793
v -0.443826 0.501687 -3.605485
v -0.719101 0.604354 -3.662537
v -0.662948 0.501687 -3.382842
v -0.523336 0.580795 -3.445965
v -0.821964 0.604354 -3.463627
v -0.662948 0.501687 -3.160199
v -0.821964 0.604354 -3.160199
v -0.662948 0.501687 -2.937556
v -0.523336 0.580795 -3.142538
v -0.523336 0.599554 -2.856771
v -0.224704 0.580795 -3.142538
v -0.224704 0.580795 -3.445965
v -0.224704 0.599554 -2.856771
v 0.073927 0.599554 -3.160199
v 0.213540 0.501687 -3.160199
v 0.073927 0.599554 -2.856771
v 0.073927 0.599554 -3.463627
v -0.005582 0.501687 -3.605485
v 0.213540 0.501687 -3.382842
v 0.372555 0.604354 -3.463627
v 0.138062 0.501687 -3.528793
v 0.269692 0.604354 -3.662537
v 0.073927 0.604354 -3.767054
v 0.269692 1.041410 -3.662537
v 0.073927 1.041410 -3.767054
v 0.269692 1.343911 -3.662537
v 0.372555 1.041410 -3.463627
v 0.372555 1.343911 -3.463627
v 0.372555 1.041410 -3.160199
v 0.372555 0.604354 -3.160199
v 0.372555 1.343911 -3.160199
v 0.372555 1.041410 -2.856771
v 0.372555 0.604354 -2.856771
v 0.372555 1.343911 -2.856771
v 0.269692 1.041410 -2.657861
v 0.269692 0.604354 -2.657861
v 0.269692 1.343912 -2.657861
v 0.073927 1.041410 -2.553344
v 0.073927 0.604354 -2.553344
v 0.073927 1.343912 -2.553344
v -0.224704 1.041410 -2.553344
v -0.224704 0.604354 -2.553344
v -0.224704 1.343911 -2.553344
v -0.523336 1.041410 -2.553344
v -0.523336 0.604354 -2.553344
v -0.523336 1.343911 -2.553344
v -0.719101 1.041410 -2.657861
v -0.719101 0.604354 -2.657861
v -0.719100 1.343911 -2.657861
v -0.821964 1.041410 -2.856771
v -0.821964 0.604354 -2.856771
v -0.821964 1.343911 -2.856771
v -0.821964 1.041410 -3.160199
v -0.821964 1.343911 -3.160199
v -0.821964 1.041410 -3.463627
v -0.719100 1.041410 -3.662537
v -0.821964 1.343911 -3.463627
v -0.719100 1.343911 -3.662537
v -0.821964 1.563482 -3.463627
v -0.821964 1.563482 -3.160199
v -0.719100 1.563482 -3.662537
v -0.693728 1.721430 -3.398478
v -0.693728 1.721430 -3.160199
v -0.612949 1.721431 -3.554680
v -0.523336 1.609078 -3.463627
v -0.523336 1.609078 -3.160199
v -0.224704 1.609079 -3.463627
v -0.459216 1.721431 -3.636756
v -0.523336 1.563482 -3.767055
v -0.224704 1.721431 -3.636756
v -0.224704 1.563482 -3.767055
v 0.009807 1.721431 -3.636756
v 0.163540 1.721430 -3.554680
v 0.073927 1.609079 -3.463627
v 0.073927 1.563482 -3.767055
v 0.073927 1.343911 -3.767054
v 0.269692 1.563482 -3.662537
v 0.372555 1.563482 -3.463627
v 0.244319 1.721430 -3.398478
v 0.372555 1.563482 -3.160199
v 0.244319 1.721430 -3.160199
v 0.372555 1.563482 -2.856771
v 0.244319 1.721430 -2.921921
v 0.269692 1.563482 -2.657861
v 0.163540 1.721430 -2.765718
v 0.073927 1.563482 -2.553344
v 0.009807 1.721431 -2.683642
v -0.224704 1.563482 -2.553344
v -0.224704 1.721431 -2.683642
v -0.523336 1.563482 -2.553344
v -0.459216 1.721431 -2.683642
v -0.719100 1.563482 -2.657861
v -0.612949 1.721431 -2.765718
v -0.821964 1.563482 -2.856771
v -0.693728 1.721430 -2.921921
v -0.523336 1.609078 -2.856771
v -0.224704 1.609079 -2.856771
v -0.224704 1.609079 -3.160199
v 0.073927 1.609079 -2.856771
v 0.073927 1.609079 -3.160199
v -0.224704 1.343911 -3.767054
v -0.523336 1.343911 -3.767054
v -0.224704 1.041410 -3.767054
v -0.523336 1.041410 -3.767054
v -0.224704 0.604354 -3.767054
v -0.523336 0.604354 -3.767054
v -0.224704 0.501687 -3.605485
v -0.587471 0.501687 -2.791605
v -0.443826 0.501687 -2.714913
v -0.224704 0.501687 -2.714913
v -0.005582 0.501687 -2.714913
v 0.138062 0.501687 -2.791605
v 0.213540 0.501687 -2.937556
v 0.140540 0.543702 -3.288328
v 0.163454 0.543702 -3.288328
v 0.140540 0.475562 -3.287574
v 0.140540 0.543441 -3.311888
v 0.163454 0.543441 -3.311888
v 0.140540 0.475301 -3.311134
v 0.140540 0.543181 -3.335450
v 0.140540 0.475040 -3.334696
v 0.140540 0.542920 -3.359012
v 0.163454 0.543181 -3.335450
v 0.186369 0.543181 -3.335450
v 0.163454 0.542920 -3.359012
v 0.163454 0.542659 -3.382572
v 0.186369 0.542920 -3.359012
v 0.186369 0.542659 -3.382572
v 0.209284 0.542920 -3.359012
v 0.209284 0.542659 -3.382572
v 0.209284 0.543181 -3.335450
v 0.232198 0.542920 -3.359012
v 0.232198 0.542659 -3.382572
v 0.232198 0.474780 -3.358257
v 0.232198 0.543181 -3.335450
v 0.232198 0.475040 -3.334696
v 0.232198 0.543441 -3.311888
v 0.232198 0.475301 -3.311134
v 0.232198 0.543702 -3.288328
v 0.209284 0.543442 -3.311888
v 0.186369 0.543441 -3.311888
v 0.209284 0.543702 -3.288328
v 0.209284 0.475562 -3.287574
v 0.186369 0.543702 -3.288328
v 0.186369 0.475562 -3.287574
v 0.186369 0.406356 -3.286808
v 0.163454 0.475562 -3.287574
v 0.163455 0.406356 -3.286808
v 0.163455 0.337151 -3.286041
v 0.140540 0.406356 -3.286808
v 0.140540 0.406096 -3.310368
v 0.140540 0.337151 -3.286041
v 0.140540 0.266881 -3.285264
v 0.140540 0.336890 -3.309602
v 0.140540 0.266620 -3.308824
v 0.140540 0.336629 -3.333164
v 0.140540 0.405835 -3.333930
v 0.140540 0.266359 -3.332386
v 0.140540 0.336368 -3.356725
v 0.140540 0.266098 -3.355947
v 0.140540 0.336107 -3.380286
v 0.140540 0.405574 -3.357491
v 0.140540 0.474780 -3.358257
v 0.140540 0.405313 -3.381052
v 0.163455 0.405313 -3.381052
v 0.140540 0.474519 -3.381818
v 0.140540 0.542659 -3.382572
v 0.163455 0.474519 -3.381818
v 0.186369 0.474519 -3.381818
v 0.186369 0.405313 -3.381052
v 0.209284 0.474519 -3.381818
v 0.209284 0.405313 -3.381052
v 0.232198 0.474519 -3.381818
v 0.232198 0.405313 -3.381052
v 0.232198 0.405574 -3.357491
v 0.232198 0.336107 -3.380286
v 0.209284 0.336107 -3.380286
v 0.232198 0.265838 -3.379508
v 0.232198 0.336368 -3.356725
v 0.232198 0.266098 -3.355947
v 0.232198 0.336629 -3.333164
v 0.232198 0.405835 -3.333930
v 0.232198 0.266359 -3.332386
v 0.232198 0.336890 -3.309602
v 0.232198 0.266620 -3.308824
v 0.232198 0.337151 -3.286041
v 0.232198 0.406096 -3.310368
v 0.232198 0.406356 -3.286808
v 0.209284 0.406356 -3.286808
v 0.232198 0.475562 -3.287574
v 0.209284 0.337151 -3.286041
v 0.209284 0.266881 -3.285264
v 0.186369 0.337151 -3.286041
v 0.186369 0.266881 -3.285264
v 0.163455 0.266881 -3.285264
v 0.186369 0.266620 -3.308824
v 0.209284 0.266620 -3.308824
v 0.186369 0.266359 -3.332386
v 0.163455 0.266620 -3.308824
v 0.163455 0.266359 -3.332386
v 0.163455 0.266098 -3.355947
v 0.186369 0.266099 -3.355947
v 0.163454 0.265838 -3.379508
v 0.140540 0.265838 -3.379508
v 0.163455 0.336107 -3.380286
v 0.186369 0.265838 -3.379508
v 0.209284 0.265838 -3.379508
v 0.186369 0.336107 -3.380286
v 0.209284 0.266098 -3.355947
v 0.209284 0.266359 -3.332386
v 0.232198 0.266881 -3.285264
v 0.421191 0.322425 -3.470794
v 0.414899 0.322425 -3.506999
v 0.419182 0.291774 -3.470794
v 0.414899 0.322425 -3.434589
v 0.419182 0.353075 -3.470794
v 0.413190 0.383201 -3.470794
v 0.412944 0.352254 -3.506999
v 0.412944 0.352254 -3.434589
v 0.395901 0.350010 -3.408085
v 0.407112 0.381573 -3.434589
v 0.390508 0.377123 -3.408085
v 0.397503 0.409879 -3.434589
v 0.381622 0.403301 -3.408085
v 0.384282 0.436690 -3.434589
v 0.403316 0.412287 -3.470794
v 0.389731 0.439836 -3.470794
v 0.397503 0.409879 -3.506999
v 0.384282 0.436690 -3.506999
v 0.381622 0.403301 -3.533503
v 0.407112 0.381573 -3.506999
v 0.390507 0.377123 -3.533503
v 0.367826 0.371046 -3.543204
v 0.395901 0.350010 -3.533503
v 0.372620 0.346945 -3.543204
v 0.397709 0.322425 -3.533503
v 0.395901 0.294839 -3.533503
v 0.374227 0.322425 -3.543204
v 0.372620 0.297905 -3.543204
v 0.350744 0.322425 -3.533503
v 0.349338 0.300970 -3.533503
v 0.333554 0.322425 -3.506999
v 0.349338 0.343880 -3.533503
v 0.345143 0.364968 -3.533503
v 0.332295 0.341636 -3.506999
v 0.328539 0.360519 -3.506999
v 0.326057 0.340815 -3.470794
v 0.322461 0.358891 -3.470794
v 0.332295 0.341636 -3.434589
v 0.327262 0.322425 -3.470794
v 0.326057 0.304035 -3.470794
v 0.333554 0.322425 -3.434589
v 0.332295 0.303213 -3.434589
v 0.350744 0.322425 -3.408085
v 0.349338 0.300970 -3.408085
v 0.374227 0.322425 -3.398384
v 0.349338 0.343880 -3.408085
v 0.345144 0.364968 -3.408085
v 0.372620 0.346945 -3.398384
v 0.367826 0.371046 -3.398384
v 0.359927 0.394315 -3.398384
v 0.338232 0.385329 -3.408085
v 0.349059 0.416354 -3.398384
v 0.328722 0.404612 -3.408085
v 0.335407 0.436785 -3.398384
v 0.369395 0.428095 -3.408085
v 0.354036 0.451080 -3.408085
v 0.335809 0.471865 -3.408085
v 0.367674 0.461545 -3.434589
v 0.347964 0.484020 -3.434589
v 0.372666 0.465375 -3.470794
v 0.352413 0.488469 -3.470794
v 0.367674 0.461545 -3.506999
v 0.347964 0.484020 -3.506999
v 0.354036 0.451080 -3.533503
v 0.335809 0.471865 -3.533503
v 0.335407 0.436785 -3.543204
v 0.369395 0.428095 -3.533503
v 0.349059 0.416354 -3.543204
v 0.328722 0.404612 -3.533503
v 0.359927 0.394315 -3.543204
v 0.338232 0.385329 -3.533503
v 0.322351 0.378750 -3.506999
v 0.313835 0.396017 -3.506999
v 0.316537 0.376342 -3.470794
v 0.308386 0.392871 -3.470794
v 0.322351 0.378750 -3.434589
v 0.313835 0.396017 -3.434589
v 0.328539 0.360519 -3.434589
v 0.303139 0.412025 -3.434589
v 0.298147 0.408195 -3.470794
v 0.290445 0.426500 -3.434589
v 0.316777 0.422490 -3.408085
v 0.302600 0.438656 -3.408085
v 0.286435 0.452832 -3.408085
v 0.319204 0.455260 -3.398384
v 0.300730 0.471462 -3.398384
v 0.280298 0.485114 -3.398384
v 0.315025 0.490092 -3.408085
v 0.292039 0.505450 -3.408085
v 0.325489 0.503730 -3.434589
v 0.300634 0.520337 -3.434589
v 0.329320 0.508722 -3.470794
v 0.303780 0.525786 -3.470794
v 0.325489 0.503730 -3.506999
v 0.300634 0.520337 -3.506999
v 0.315025 0.490092 -3.533503
v 0.292039 0.505450 -3.533503
v 0.300730 0.471462 -3.543204
v 0.280298 0.485114 -3.543204
v 0.286435 0.452832 -3.533503
v 0.319204 0.455260 -3.543204
v 0.302600 0.438656 -3.533503
v 0.290445 0.426500 -3.506999
v 0.316777 0.422490 -3.533503
v 0.303139 0.412025 -3.506999
v 0.275970 0.439195 -3.506999
v 0.285996 0.422051 -3.470794
v 0.272139 0.434203 -3.470794
v 0.256816 0.444442 -3.470794
v 0.275970 0.439195 -3.434589
v 0.259962 0.449891 -3.434589
v 0.242695 0.458406 -3.434589
v 0.268557 0.464778 -3.408085
v 0.249273 0.474288 -3.408085
v 0.228913 0.481199 -3.408085
v 0.258259 0.495982 -3.398384
v 0.234990 0.503881 -3.398384
v 0.267245 0.517677 -3.408085
v 0.241068 0.526563 -3.408085
v 0.273824 0.533559 -3.434589
v 0.245517 0.543168 -3.434589
v 0.276232 0.539372 -3.470794
v 0.247146 0.549245 -3.470794
v 0.273824 0.533559 -3.506999
v 0.245517 0.543168 -3.506999
v 0.267245 0.517677 -3.533503
v 0.241068 0.526563 -3.533503
v 0.258259 0.495982 -3.543204
v 0.234990 0.503881 -3.543204
v 0.249273 0.474288 -3.533503
v 0.228913 0.481199 -3.533503
v 0.242695 0.458406 -3.506999
v 0.268557 0.464778 -3.533503
v 0.259962 0.449891 -3.506999
v 0.224464 0.464595 -3.506999
v 0.240287 0.452593 -3.470794
v 0.222835 0.458517 -3.470794
v 0.204759 0.462113 -3.470794
v 0.224464 0.464595 -3.434589
v 0.205581 0.468351 -3.434589
v 0.186369 0.469610 -3.434589
v 0.207824 0.485394 -3.408085
v 0.186369 0.486800 -3.408085
v 0.210890 0.508675 -3.398384
v 0.186369 0.510282 -3.398384
v 0.213955 0.531956 -3.408085
v 0.186369 0.533764 -3.408085
v 0.216198 0.548999 -3.434589
v 0.186369 0.550955 -3.434589
v 0.217020 0.555238 -3.470794
v 0.186369 0.557247 -3.470794
v 0.216198 0.548999 -3.506999
v 0.186369 0.550955 -3.506999
v 0.213955 0.531956 -3.533503
v 0.186369 0.533764 -3.533503
v 0.210890 0.508675 -3.543204
v 0.186369 0.510282 -3.543204
v 0.207825 0.485394 -3.533503
v 0.186369 0.486800 -3.533503
v 0.205581 0.468351 -3.506999
v 0.186369 0.469610 -3.506999
v 0.167158 0.468351 -3.506999
v 0.186369 0.463318 -3.470794
v 0.167979 0.462112 -3.470794
v 0.149903 0.458517 -3.470794
v 0.167158 0.468351 -3.434589
v 0.148275 0.464595 -3.434589
v 0.164914 0.485394 -3.408085
v 0.143826 0.481199 -3.408085
v 0.161849 0.508675 -3.398384
v 0.137748 0.503881 -3.398384
v 0.158784 0.531956 -3.408085
v 0.131670 0.526563 -3.408085
v 0.156540 0.548999 -3.434589
v 0.127221 0.543168 -3.434589
v 0.155719 0.555238 -3.470794
v 0.125593 0.549245 -3.470794
v 0.156540 0.548999 -3.506999
v 0.127221 0.543168 -3.506999
v 0.158784 0.531956 -3.533503
v 0.131670 0.526563 -3.533503
v 0.161849 0.508675 -3.543204
v 0.137748 0.503881 -3.543204
v 0.164914 0.485394 -3.533503
v 0.143826 0.481199 -3.533503
v 0.123466 0.474288 -3.533503
v 0.148275 0.464595 -3.506999
v 0.130044 0.458406 -3.506999
v 0.112777 0.449891 -3.506999
v 0.132452 0.452593 -3.470794
v 0.115923 0.444442 -3.470794
v 0.130044 0.458406 -3.434589
v 0.112777 0.449891 -3.434589
v 0.123466 0.474288 -3.408085
v 0.104182 0.464778 -3.408085
v 0.114479 0.495982 -3.398384
v 0.092441 0.485114 -3.398384
v 0.105493 0.517677 -3.408085
v 0.080700 0.505450 -3.408085
v 0.098915 0.533559 -3.434589
v 0.072105 0.520337 -3.434589
v 0.096507 0.539372 -3.470794
v 0.068959 0.525786 -3.470794
v 0.098915 0.533559 -3.506999
v 0.072105 0.520337 -3.506999
v 0.105493 0.517677 -3.533503
v 0.080700 0.505450 -3.533503
v 0.114479 0.495982 -3.543204
v 0.092441 0.485114 -3.543204
v 0.072009 0.471462 -3.543204
v 0.104182 0.464778 -3.533503
v 0.086304 0.452832 -3.533503
v 0.070138 0.438656 -3.533503
v 0.096769 0.439195 -3.506999
v 0.082294 0.426500 -3.506999
v 0.100599 0.434203 -3.470794
v 0.086743 0.422051 -3.470794
v 0.096769 0.439195 -3.434589
v 0.082294 0.426500 -3.434589
v 0.086304 0.452832 -3.408085
v 0.070138 0.438656 -3.408085
v 0.072009 0.471462 -3.398384
v 0.053534 0.455260 -3.398384
v 0.057714 0.490092 -3.408085
v 0.036930 0.471864 -3.408085
v 0.047249 0.503730 -3.434589
v 0.024774 0.484020 -3.434589
v 0.043419 0.508721 -3.470794
v 0.020325 0.488469 -3.470794
v 0.047249 0.503730 -3.506999
v 0.024774 0.484020 -3.506999
v 0.057714 0.490092 -3.533503
v 0.036930 0.471864 -3.533503
v 0.018702 0.451080 -3.533503
v 0.053534 0.455260 -3.543204
v 0.037332 0.436785 -3.543204
v 0.023680 0.416353 -3.543204
v 0.055962 0.422490 -3.533503
v 0.044016 0.404612 -3.533503
v 0.069600 0.412025 -3.506999
v 0.058903 0.396017 -3.506999
v 0.074591 0.408195 -3.470794
v 0.064352 0.392871 -3.470794
v 0.069600 0.412025 -3.434589
v 0.058903 0.396017 -3.434589
v 0.055962 0.422490 -3.408085
v 0.044016 0.404612 -3.408085
v 0.037332 0.436785 -3.398384
v 0.023680 0.416354 -3.398384
v 0.018702 0.451080 -3.408085
v 0.003344 0.428095 -3.408085
v 0.005065 0.461545 -3.434589
v -0.011543 0.436690 -3.434589
v 0.000073 0.465375 -3.470794
v -0.016992 0.439836 -3.470794
v 0.005065 0.461545 -3.506999
v -0.011543 0.436690 -3.506999
v -0.024765 0.409879 -3.506999
v 0.003344 0.428095 -3.533503
v -0.008883 0.403301 -3.533503
v -0.017769 0.377124 -3.533503
v 0.012812 0.394315 -3.543204
v 0.004913 0.371046 -3.543204
v 0.034506 0.385328 -3.533503
v 0.027595 0.364968 -3.533503
v 0.050388 0.378750 -3.506999
v 0.044200 0.360519 -3.506999
v 0.056201 0.376342 -3.470794
v 0.050277 0.358891 -3.470794
v 0.050388 0.378750 -3.434589
v 0.044200 0.360519 -3.434589
v 0.034506 0.385328 -3.408085
v 0.027595 0.364968 -3.408085
v 0.012812 0.394315 -3.398384
v 0.004913 0.371046 -3.398384
v -0.008883 0.403301 -3.408085
v -0.017769 0.377124 -3.408085
v -0.024765 0.409879 -3.434589
v -0.034373 0.381573 -3.434589
v -0.030578 0.412287 -3.470794
v -0.040451 0.383201 -3.470794
v -0.046443 0.353075 -3.470794
v -0.034373 0.381573 -3.506999
v -0.040205 0.352254 -3.506999
v -0.042160 0.322425 -3.506999
v -0.023162 0.350010 -3.533503
v -0.024970 0.322425 -3.533503
v 0.000119 0.346945 -3.543204
v -0.001488 0.322425 -3.543204
v 0.023400 0.343880 -3.533503
v 0.021994 0.322425 -3.533503
v 0.040443 0.341636 -3.506999
v 0.039184 0.322425 -3.506999
v 0.046682 0.340815 -3.470794
v 0.045476 0.322425 -3.470794
v 0.040443 0.341636 -3.434589
v 0.039184 0.322425 -3.434589
v 0.023400 0.343880 -3.408085
v 0.021994 0.322425 -3.408085
v 0.000119 0.346945 -3.398384
v -0.001488 0.322425 -3.398384
v -0.023162 0.350010 -3.408085
v -0.024970 0.322425 -3.408085
v -0.040205 0.352254 -3.434589
v -0.042160 0.322425 -3.434589
v -0.040205 0.292596 -3.434589
v -0.048452 0.322425 -3.470794
v -0.046443 0.291774 -3.470794
v -0.040451 0.261649 -3.470794
v -0.040205 0.292596 -3.506999
v -0.034373 0.263277 -3.506999
v -0.023162 0.294840 -3.533503
v -0.017769 0.267726 -3.533503
v 0.000119 0.297905 -3.543204
v 0.004913 0.273804 -3.543204
v 0.023400 0.300970 -3.533503
v 0.027595 0.279881 -3.533503
v 0.040443 0.303213 -3.506999
v 0.044199 0.284331 -3.506999
v 0.046682 0.304035 -3.470794
v 0.050277 0.285959 -3.470794
v 0.040443 0.303213 -3.434589
v 0.044200 0.284331 -3.434589
v 0.023400 0.300970 -3.408085
v 0.027595 0.279881 -3.408085
v 0.000119 0.297905 -3.398384
v 0.004913 0.273804 -3.398384
v -0.023162 0.294840 -3.408085
v -0.017769 0.267726 -3.408085
v -0.008883 0.241549 -3.408085
v -0.034373 0.263277 -3.434589
v -0.024765 0.234970 -3.434589
v -0.011543 0.208160 -3.434589
v -0.030578 0.232562 -3.470794
v -0.016992 0.205014 -3.470794
v -0.024765 0.234970 -3.506999
v -0.011543 0.208160 -3.506999
v -0.008883 0.241549 -3.533503
v 0.003344 0.216755 -3.533503
v 0.012812 0.250535 -3.543204
v 0.023680 0.228496 -3.543204
v 0.034506 0.259521 -3.533503
v 0.044016 0.240237 -3.533503
v 0.050388 0.266100 -3.506999
v 0.058903 0.248832 -3.506999
v 0.056201 0.268507 -3.470794
v 0.064352 0.251978 -3.470794
v 0.050388 0.266100 -3.434589
v 0.058903 0.248832 -3.434589
v 0.034506 0.259521 -3.408085
v 0.044016 0.240237 -3.408085
v 0.012812 0.250535 -3.398384
v 0.023680 0.228496 -3.398384
v 0.037332 0.208064 -3.398384
v 0.003344 0.216755 -3.408085
v 0.018702 0.193770 -3.408085
v 0.036930 0.172985 -3.408085
v 0.005064 0.183305 -3.434589
v 0.024774 0.160830 -3.434589
v 0.000073 0.179474 -3.470794
v 0.020325 0.156381 -3.470794
v 0.005064 0.183305 -3.506999
v 0.024774 0.160830 -3.506999
v 0.018702 0.193769 -3.533503
v 0.036930 0.172985 -3.533503
v 0.037332 0.208064 -3.543204
v 0.053534 0.189590 -3.543204
v 0.055962 0.222360 -3.533503
v 0.070138 0.206194 -3.533503
v 0.069600 0.232824 -3.506999
v 0.082294 0.218349 -3.506999
v 0.074591 0.236655 -3.470794
v 0.086743 0.222798 -3.470794
v 0.069600 0.232824 -3.434589
v 0.082294 0.218349 -3.434589
v 0.055962 0.222360 -3.408085
v 0.070138 0.206194 -3.408085
v 0.086304 0.192017 -3.408085
v 0.053534 0.189590 -3.398384
v 0.072009 0.173388 -3.398384
v 0.092441 0.159736 -3.398384
v 0.057714 0.154758 -3.408085
v 0.080700 0.139399 -3.408085
v 0.047249 0.141120 -3.434589
v 0.072105 0.124512 -3.434589
v 0.043419 0.136128 -3.470794
v 0.068958 0.119063 -3.470794
v 0.047249 0.141120 -3.506999
v 0.072105 0.124512 -3.506999
v 0.057714 0.154758 -3.533503
v 0.080700 0.139399 -3.533503
v 0.072009 0.173388 -3.543204
v 0.092441 0.159736 -3.543204
v 0.086304 0.192017 -3.533503
v 0.104182 0.180072 -3.533503
v 0.096769 0.205655 -3.506999
v 0.112777 0.194959 -3.506999
v 0.100599 0.210647 -3.470794
v 0.115923 0.200408 -3.470794
v 0.096769 0.205655 -3.434589
v 0.112777 0.194959 -3.434589
v 0.130044 0.186444 -3.434589
v 0.104182 0.180072 -3.408085
v 0.123466 0.170562 -3.408085
v 0.143826 0.163651 -3.408085
v 0.114479 0.148867 -3.398384
v 0.137748 0.140968 -3.398384
v 0.105493 0.127173 -3.408085
v 0.131671 0.118286 -3.408085
v 0.098915 0.111291 -3.434589
v 0.127221 0.101682 -3.434589
v 0.096507 0.105478 -3.470794
v 0.125593 0.095604 -3.470794
v 0.098915 0.111291 -3.506999
v 0.127221 0.101682 -3.506999
v 0.105493 0.127173 -3.533503
v 0.131671 0.118286 -3.533503
v 0.114479 0.148867 -3.543204
v 0.137748 0.140969 -3.543204
v 0.123466 0.170562 -3.533503
v 0.143826 0.163651 -3.533503
v 0.130044 0.186444 -3.506999
v 0.148275 0.180255 -3.506999
v 0.132452 0.192257 -3.470794
v 0.149904 0.186333 -3.470794
v 0.167979 0.182737 -3.470794
v 0.148275 0.180255 -3.434589
v 0.167158 0.176499 -3.434589
v 0.186369 0.175240 -3.434589
v 0.164914 0.159456 -3.408085
v 0.186369 0.158050 -3.408085
v 0.161849 0.136175 -3.398384
v 0.186369 0.134567 -3.398384
v 0.158784 0.112893 -3.408085
v 0.186369 0.111085 -3.408085
v 0.156540 0.095850 -3.434589
v 0.186369 0.093895 -3.434589
v 0.155719 0.089612 -3.470794
v 0.186369 0.087603 -3.470794
v 0.156540 0.095850 -3.506999
v 0.186369 0.093895 -3.506999
v 0.158784 0.112893 -3.533503
v 0.186369 0.111085 -3.533503
v 0.161849 0.136175 -3.543204
v 0.186369 0.134568 -3.543204
v 0.164914 0.159456 -3.533503
v 0.186369 0.158050 -3.533503
v 0.167158 0.176499 -3.506999
v 0.186369 0.175240 -3.506999
v 0.205581 0.176499 -3.506999
v 0.186369 0.181532 -3.470794
v 0.204759 0.182737 -3.470794
v 0.222835 0.186333 -3.470794
v 0.205581 0.176499 -3.434589
v 0.224464 0.180255 -3.434589
v 0.207825 0.159456 -3.408085
v 0.228913 0.163651 -3.408085
v 0.210890 0.136175 -3.398384
v 0.234990 0.140968 -3.398384
v 0.213955 0.112893 -3.408085
v 0.241068 0.118286 -3.408085
v 0.216198 0.095850 -3.434589
v 0.245517 0.101682 -3.434589
v 0.217020 0.089612 -3.470794
v 0.247146 0.095604 -3.470794
v 0.216198 0.095850 -3.506999
v 0.245517 0.101682 -3.506999
v 0.213955 0.112893 -3.533503
v 0.241068 0.118286 -3.533503
v 0.210890 0.136175 -3.543204
v 0.234990 0.140969 -3.543204
v 0.207825 0.159456 -3.533503
v 0.228913 0.163651 -3.533503
v 0.249273 0.170562 -3.533503
v 0.224464 0.180255 -3.506999
v 0.242695 0.186444 -3.506999
v 0.259962 0.194959 -3.506999
v 0.240287 0.192257 -3.470794
v 0.256816 0.200408 -3.470794
v 0.242695 0.186444 -3.434589
v 0.259962 0.194959 -3.434589
v 0.249273 0.170562 -3.408085
v 0.268557 0.180072 -3.408085
v 0.258259 0.148867 -3.398384
v 0.280298 0.159736 -3.398384
v 0.267246 0.127173 -3.408085
v 0.292039 0.139399 -3.408085
v 0.273824 0.111291 -3.434589
v 0.300634 0.124512 -3.434589
v 0.276232 0.105478 -3.470794
v 0.303780 0.119063 -3.470794
v 0.273824 0.111291 -3.506999
v 0.300634 0.124512 -3.506999
v 0.267246 0.127173 -3.533503
v 0.292039 0.139399 -3.533503
v 0.258259 0.148867 -3.543204
v 0.280298 0.159736 -3.543204
v 0.300730 0.173388 -3.543204
v 0.268557 0.180072 -3.533503
v 0.286435 0.192017 -3.533503
v 0.302600 0.206194 -3.533503
v 0.275970 0.205655 -3.506999
v 0.290445 0.218349 -3.506999
v 0.272140 0.210647 -3.470794
v 0.285996 0.222798 -3.470794
v 0.275970 0.205655 -3.434589
v 0.290445 0.218349 -3.434589
v 0.286435 0.192017 -3.408085
v 0.302600 0.206194 -3.408085
v 0.300730 0.173387 -3.398384
v 0.319204 0.189590 -3.398384
v 0.315025 0.154758 -3.408085
v 0.335809 0.172985 -3.408085
v 0.325489 0.141120 -3.434589
v 0.347964 0.160830 -3.434589
v 0.329320 0.136128 -3.470794
v 0.352413 0.156381 -3.470794
v 0.325489 0.141120 -3.506999
v 0.347964 0.160830 -3.506999
v 0.315025 0.154758 -3.533503
v 0.335809 0.172985 -3.533503
v 0.354036 0.193769 -3.533503
v 0.319204 0.189590 -3.543204
v 0.335406 0.208065 -3.543204
v 0.349059 0.228496 -3.543204
v 0.316777 0.222360 -3.533503
v 0.328722 0.240237 -3.533503
v 0.303139 0.232824 -3.506999
v 0.313835 0.248832 -3.506999
v 0.298147 0.236655 -3.470794
v 0.308386 0.251978 -3.470794
v 0.303139 0.232824 -3.434589
v 0.313835 0.248832 -3.434589
v 0.316777 0.222360 -3.408085
v 0.328722 0.240237 -3.408085
v 0.335406 0.208065 -3.398384
v 0.349059 0.228496 -3.398384
v 0.354036 0.193770 -3.408085
v 0.369395 0.216755 -3.408085
v 0.367674 0.183305 -3.434589
v 0.384282 0.208160 -3.434589
v 0.372666 0.179475 -3.470794
v 0.389731 0.205014 -3.470794
v 0.367674 0.183305 -3.506999
v 0.384282 0.208160 -3.506999
v 0.397503 0.234970 -3.506999
v 0.369395 0.216755 -3.533503
v 0.381622 0.241549 -3.533503
v 0.390507 0.267726 -3.533503
v 0.359927 0.250535 -3.543204
v 0.367826 0.273804 -3.543204
v 0.338232 0.259521 -3.533503
v 0.345143 0.279881 -3.533503
v 0.322351 0.266100 -3.506999
v 0.328539 0.284331 -3.506999
v 0.316537 0.268507 -3.470794
v 0.322462 0.285959 -3.470794
v 0.322351 0.266100 -3.434589
v 0.328539 0.284331 -3.434589
v 0.338232 0.259521 -3.408085
v 0.345143 0.279881 -3.408085
v 0.359927 0.250535 -3.398384
v 0.367826 0.273804 -3.398384
v 0.381622 0.241549 -3.408085
v 0.390508 0.267726 -3.408085
v 0.397503 0.234970 -3.434589
v 0.407112 0.263277 -3.434589
v 0.403316 0.232562 -3.470794
v 0.413190 0.261649 -3.470794
v 0.407112 0.263277 -3.506999
v 0.412944 0.292596 -3.506999
v 0.412944 0.292596 -3.434589
v 0.395901 0.294840 -3.408085
v 0.372620 0.297905 -3.398384
v 0.397709 0.322425 -3.408085
v 0.332295 0.303213 -3.506999
v 0.064797 0.321452 -3.460702
v 0.038920 0.294767 -3.460702
v 0.064797 0.321452 -3.480810
v 0.067698 0.350902 -3.460702
v 0.047510 0.381985 -3.460702
v 0.067698 0.350902 -3.480810
v 0.131232 0.335305 -3.460702
v 0.130140 0.324217 -3.460702
v 0.134467 0.345967 -3.460702
v 0.131232 0.335305 -3.480810
v 0.134467 0.345967 -3.480810
v 0.130140 0.324217 -3.480810
v 0.131232 0.313130 -3.480810
v 0.134467 0.302468 -3.480810
v 0.131232 0.313130 -3.460702
v 0.134467 0.302468 -3.460702
v 0.139719 0.292642 -3.460702
v 0.146787 0.284029 -3.460702
v 0.139719 0.292642 -3.480810
v 0.146787 0.284029 -3.480810
v 0.155399 0.276961 -3.480810
v 0.165225 0.271709 -3.480810
v 0.155399 0.276961 -3.460702
v 0.165225 0.271709 -3.460702
v 0.175887 0.268475 -3.460702
v 0.186975 0.267383 -3.460702
v 0.175887 0.268475 -3.480810
v 0.186975 0.267383 -3.480810
v 0.198062 0.268475 -3.480810
v 0.208724 0.271709 -3.480810
v 0.198062 0.268475 -3.460702
v 0.208724 0.271709 -3.460702
v 0.218550 0.276961 -3.460702
v 0.227163 0.284029 -3.460702
v 0.218550 0.276961 -3.480810
v 0.227163 0.284029 -3.480810
v 0.234231 0.292642 -3.480810
v 0.239483 0.302468 -3.480810
v 0.234231 0.292642 -3.460702
v 0.239483 0.302468 -3.460702
v 0.242717 0.313130 -3.460702
v 0.243809 0.324217 -3.460702
v 0.242717 0.313130 -3.480810
v 0.243809 0.324217 -3.480810
v 0.242717 0.335305 -3.480810
v 0.239483 0.345967 -3.480810
v 0.242717 0.335305 -3.460702
v 0.239483 0.345967 -3.460702
v 0.234231 0.355793 -3.460702
v 0.227163 0.364405 -3.460702
v 0.234231 0.355793 -3.480810
v 0.227163 0.364405 -3.480810
v 0.218550 0.371473 -3.480810
v 0.208724 0.376725 -3.480810
v 0.218550 0.371473 -3.460702
v 0.208724 0.376725 -3.460702
v 0.198062 0.379960 -3.460702
v 0.186975 0.381052 -3.460702
v 0.198063 0.379960 -3.480810
v 0.213522 0.443586 -3.480810
v 0.186975 0.381052 -3.480810
v 0.175887 0.379960 -3.480810
v 0.165225 0.376725 -3.480810
v 0.175887 0.379960 -3.460702
v 0.165225 0.376725 -3.460702
v 0.155399 0.371473 -3.460702
v 0.146787 0.364405 -3.460702
v 0.155399 0.371473 -3.480810
v 0.155023 0.371164 -3.480810
v 0.121412 0.427026 -3.480810
v 0.146787 0.364405 -3.480810
v 0.139719 0.355793 -3.480810
v 0.139719 0.355793 -3.460702
v 0.129207 0.463682 -3.480810
v 0.121412 0.427026 -3.460702
v 0.098537 0.408253 -3.480810
v 0.098537 0.408253 -3.460702
v 0.061460 0.408084 -3.480810
v 0.061460 0.408083 -3.460702
v 0.047510 0.381985 -3.480810
v 0.129207 0.463682 -3.460702
v 0.157525 0.472272 -3.460702
v 0.184072 0.446487 -3.460702
v 0.157525 0.472272 -3.480810
v 0.184072 0.446486 -3.480810
v 0.213522 0.443586 -3.460702
v 0.244743 0.463682 -3.460702
v 0.270841 0.449732 -3.460702
v 0.244743 0.463682 -3.480810
v 0.270841 0.449732 -3.480810
v 0.271463 0.412746 -3.480810
v 0.290237 0.389871 -3.480810
v 0.271463 0.412746 -3.460702
v 0.290237 0.389871 -3.460702
v 0.326439 0.381985 -3.460702
v 0.335029 0.353667 -3.460702
v 0.326439 0.381985 -3.480810
v 0.335029 0.353667 -3.480810
v 0.309353 0.326977 -3.480810
v 0.306453 0.297527 -3.480810
v 0.309353 0.326977 -3.460702
v 0.306453 0.297527 -3.460702
v 0.326439 0.266449 -3.460702
v 0.312489 0.240351 -3.460702
v 0.326439 0.266449 -3.480810
v 0.312489 0.240351 -3.480810
v 0.275518 0.239535 -3.480810
v 0.252642 0.220762 -3.480810
v 0.275518 0.239535 -3.460702
v 0.252642 0.220762 -3.460702
v 0.244743 0.184753 -3.460702
v 0.216424 0.176163 -3.460702
v 0.244743 0.184753 -3.480810
v 0.216425 0.176163 -3.480810
v 0.189235 0.202081 -3.480810
v 0.159785 0.204981 -3.480810
v 0.189235 0.202081 -3.460702
v 0.159785 0.204981 -3.460702
v 0.129207 0.184753 -3.460702
v 0.103108 0.198703 -3.460702
v 0.129207 0.184753 -3.480810
v 0.103108 0.198703 -3.480810
v 0.102631 0.235317 -3.480810
v 0.083857 0.258192 -3.480810
v 0.102631 0.235317 -3.460702
v 0.083857 0.258192 -3.460702
v 0.047510 0.266449 -3.460702
v 0.047510 0.266449 -3.480810
v 0.038920 0.294767 -3.480810
v 0.151362 0.298351 -3.313787
v 0.168866 0.298351 -3.313787
v 0.151362 0.297155 -3.391237
v 0.151362 0.315665 -3.313924
v 0.168866 0.315665 -3.313924
v 0.151362 0.314469 -3.391374
v 0.151362 0.332978 -3.314062
v 0.151362 0.331782 -3.391511
v 0.151362 0.350291 -3.314199
v 0.168866 0.332978 -3.314062
v 0.186369 0.332978 -3.314062
v 0.168866 0.350291 -3.314199
v 0.168866 0.367604 -3.314336
v 0.186369 0.350291 -3.314199
v 0.186369 0.367604 -3.314336
v 0.203872 0.350291 -3.314199
v 0.203872 0.367604 -3.314336
v 0.203872 0.332978 -3.314062
v 0.221376 0.350291 -3.314199
v 0.221376 0.367604 -3.314336
v 0.221376 0.349095 -3.391649
v 0.221376 0.332978 -3.314062
v 0.221376 0.331782 -3.391511
v 0.221376 0.315665 -3.313924
v 0.221376 0.314469 -3.391374
v 0.221376 0.298351 -3.313787
v 0.203872 0.315665 -3.313924
v 0.186369 0.315665 -3.313924
v 0.203872 0.298351 -3.313787
v 0.203872 0.297155 -3.391237
v 0.186369 0.298351 -3.313787
v 0.186369 0.297155 -3.391237
v 0.186369 0.295940 -3.469898
v 0.168866 0.297155 -3.391237
v 0.168866 0.295940 -3.469898
v 0.168866 0.294725 -3.548558
v 0.151362 0.295940 -3.469898
v 0.151362 0.313253 -3.470035
v 0.151362 0.294725 -3.548558
v 0.151362 0.293491 -3.628429
v 0.151362 0.312038 -3.548696
v 0.151362 0.310805 -3.628566
v 0.151362 0.329351 -3.548833
v 0.151362 0.330566 -3.470172
v 0.151362 0.328118 -3.628703
v 0.151362 0.346665 -3.548970
v 0.151362 0.345431 -3.628841
v 0.151362 0.363978 -3.549108
v 0.151362 0.347880 -3.470309
v 0.151362 0.349095 -3.391649
v 0.151362 0.365193 -3.470447
v 0.168866 0.365193 -3.470447
v 0.151362 0.366408 -3.391786
v 0.151362 0.367604 -3.314336
v 0.168866 0.366408 -3.391786
v 0.186369 0.366408 -3.391786
v 0.186369 0.365193 -3.470447
v 0.203872 0.366408 -3.391786
v 0.203872 0.365193 -3.470447
v 0.221376 0.366408 -3.391786
v 0.221376 0.365193 -3.470447
v 0.221376 0.347880 -3.470309
v 0.221376 0.363978 -3.549108
v 0.203872 0.363978 -3.549108
v 0.221376 0.362744 -3.628978
v 0.221376 0.346665 -3.548970
v 0.221376 0.345431 -3.628841
v 0.221376 0.329351 -3.548833
v 0.221376 0.330566 -3.470172
v 0.221376 0.328118 -3.628703
v 0.221376 0.312038 -3.548696
v 0.221376 0.310805 -3.628566
v 0.221376 0.294725 -3.548558
v 0.221376 0.313254 -3.470035
v 0.221376 0.295940 -3.469898
v 0.203872 0.295940 -3.469898
v 0.221376 0.297155 -3.391237
v 0.203872 0.294725 -3.548558
v 0.203872 0.293491 -3.628429
v 0.186369 0.294725 -3.548558
v 0.186369 0.293491 -3.628429
v 0.168866 0.293491 -3.628429
v 0.186369 0.310805 -3.628566
v 0.203872 0.310805 -3.628566
v 0.186369 0.328118 -3.628703
v 0.168866 0.310805 -3.628566
v 0.168866 0.328118 -3.628703
v 0.168866 0.345431 -3.628841
v 0.186369 0.345431 -3.628841
v 0.168866 0.362744 -3.628978
v 0.151362 0.362744 -3.628978
v 0.168866 0.363978 -3.549108
v 0.186369 0.362744 -3.628978
v 0.203872 0.362744 -3.628978
v 0.186369 0.363978 -3.549108
v 0.203872 0.345431 -3.628841
v 0.203872 0.328118 -3.628703
v 0.221376 0.293491 -3.628429
v 0.272499 0.340080 -3.640257
v 0.270450 0.319277 -3.640027
v 0.290779 0.358929 -3.640465
v 0.272499 0.339914 -3.655240
v 0.290779 0.358764 -3.655448
v 0.270450 0.319111 -3.655010
v 0.284711 0.297154 -3.654767
v 0.284711 0.297320 -3.639783
v 0.274856 0.278719 -3.654562
v 0.248664 0.278599 -3.654561
v 0.274856 0.278885 -3.639579
v 0.248664 0.278765 -3.639578
v 0.232505 0.265505 -3.639431
v 0.226999 0.239612 -3.639145
v 0.232505 0.265339 -3.654414
v 0.208762 0.304799 -3.654851
v 0.226999 0.239446 -3.654128
v 0.206994 0.233378 -3.654061
v 0.188240 0.251592 -3.654262
v 0.206994 0.233544 -3.639078
v 0.188241 0.251758 -3.639279
v 0.167436 0.253807 -3.639302
v 0.167436 0.253641 -3.654285
v 0.145381 0.239612 -3.639145
v 0.126945 0.249466 -3.639254
v 0.145381 0.239446 -3.654128
v 0.126945 0.249300 -3.654237
v 0.126505 0.275426 -3.654526
v 0.113244 0.291585 -3.654705
v 0.126505 0.275591 -3.639543
v 0.113244 0.291751 -3.639722
v 0.087669 0.297320 -3.639783
v 0.081601 0.317324 -3.640005
v 0.087669 0.297154 -3.654767
v 0.081601 0.317158 -3.654988
v 0.099739 0.336011 -3.655197
v 0.101788 0.356814 -3.655427
v 0.099739 0.336177 -3.640213
v 0.101788 0.356980 -3.640444
v 0.087669 0.378933 -3.640687
v 0.097524 0.397368 -3.640891
v 0.087669 0.378767 -3.655670
v 0.097524 0.397202 -3.655874
v 0.123641 0.397778 -3.655880
v 0.139801 0.411039 -3.656027
v 0.123641 0.397944 -3.640897
v 0.139801 0.411205 -3.641044
v 0.145381 0.436642 -3.641326
v 0.165386 0.442709 -3.641393
v 0.145381 0.436476 -3.656309
v 0.165386 0.442543 -3.656376
v 0.184594 0.424236 -3.656173
v 0.205398 0.422187 -3.656151
v 0.184594 0.424401 -3.641190
v 0.205398 0.422353 -3.641167
v 0.186190 0.378273 -3.640680
v 0.194023 0.377502 -3.640671
v 0.178357 0.377502 -3.640671
v 0.186190 0.378107 -3.655663
v 0.194023 0.377336 -3.655654
v 0.178357 0.377336 -3.655654
v 0.170826 0.375052 -3.655629
v 0.163884 0.371342 -3.655588
v 0.170826 0.375217 -3.640646
v 0.163884 0.371508 -3.640605
v 0.157800 0.366515 -3.640549
v 0.152807 0.360431 -3.640482
v 0.157800 0.366349 -3.655532
v 0.152807 0.360265 -3.655465
v 0.149097 0.353324 -3.655388
v 0.146812 0.345793 -3.655305
v 0.149097 0.353490 -3.640405
v 0.146812 0.345959 -3.640322
v 0.146041 0.338127 -3.640235
v 0.146812 0.330294 -3.640148
v 0.146041 0.337961 -3.655218
v 0.146812 0.330128 -3.655132
v 0.149097 0.322598 -3.655048
v 0.152807 0.315656 -3.654971
v 0.149097 0.322764 -3.640065
v 0.152807 0.315822 -3.639988
v 0.157800 0.309738 -3.639921
v 0.163884 0.304746 -3.639866
v 0.157800 0.309573 -3.654904
v 0.163884 0.304580 -3.654849
v 0.170826 0.300870 -3.654808
v 0.178357 0.298585 -3.654782
v 0.170826 0.301036 -3.639825
v 0.178357 0.298751 -3.639799
v 0.186190 0.297980 -3.639791
v 0.194023 0.298751 -3.639799
v 0.186190 0.297814 -3.654774
v 0.194023 0.298585 -3.654782
v 0.201554 0.300870 -3.654808
v 0.208496 0.304580 -3.654849
v 0.201554 0.301036 -3.639825
v 0.208496 0.304746 -3.639866
v 0.214580 0.309738 -3.639921
v 0.219573 0.315822 -3.639988
v 0.214580 0.309573 -3.654904
v 0.219573 0.315656 -3.654971
v 0.223283 0.322598 -3.655048
v 0.223283 0.322764 -3.640065
v 0.225568 0.330128 -3.655132
v 0.225568 0.330294 -3.640148
v 0.226339 0.337961 -3.655218
v 0.225568 0.345793 -3.655305
v 0.226339 0.338127 -3.640235
v 0.225568 0.345959 -3.640322
v 0.223283 0.353490 -3.640405
v 0.223283 0.353324 -3.655388
v 0.219573 0.360431 -3.640482
v 0.214580 0.366515 -3.640549
v 0.219573 0.360265 -3.655465
v 0.214580 0.366349 -3.655532
v 0.208496 0.371342 -3.655588
v 0.201554 0.375052 -3.655629
v 0.208496 0.371508 -3.640605
v 0.201554 0.375217 -3.640646
v 0.226999 0.436642 -3.641326
v 0.245435 0.426787 -3.641217
v 0.226999 0.436476 -3.656309
v 0.245435 0.426621 -3.656200
v 0.245773 0.400758 -3.655913
v 0.259034 0.384599 -3.655735
v 0.245773 0.400924 -3.640930
v 0.259034 0.384765 -3.640751
v 0.284711 0.378933 -3.640687
v 0.284711 0.378767 -3.655670
v 0.272678 0.346721 -3.286398
v 0.270629 0.325918 -3.286168
v 0.290958 0.365570 -3.286607
v 0.272678 0.346555 -3.301381
v 0.290958 0.365405 -3.301590
v 0.270629 0.325752 -3.301151
v 0.284890 0.303795 -3.300908
v 0.284890 0.303961 -3.285925
v 0.275035 0.285360 -3.300704
v 0.248843 0.285240 -3.300702
v 0.275035 0.285526 -3.285721
v 0.248843 0.285406 -3.285719
v 0.232684 0.272146 -3.285573
v 0.227178 0.246253 -3.285286
v 0.232684 0.271980 -3.300556
v 0.208941 0.311440 -3.300992
v 0.227178 0.246087 -3.300269
v 0.207173 0.240019 -3.300202
v 0.207173 0.240185 -3.285219
v 0.188420 0.258233 -3.300403
v 0.188420 0.258399 -3.285420
v 0.167615 0.260282 -3.300426
v 0.178536 0.305226 -3.300924
v 0.145560 0.246087 -3.300269
v 0.167615 0.260448 -3.285443
v 0.145560 0.246253 -3.285286
v 0.127124 0.256107 -3.285395
v 0.126684 0.282232 -3.285684
v 0.127124 0.255941 -3.300378
v 0.126684 0.282067 -3.300667
v 0.113423 0.298226 -3.300846
v 0.087848 0.303795 -3.300908
v 0.113423 0.298392 -3.285863
v 0.087848 0.303961 -3.285925
v 0.081780 0.323965 -3.286146
v 0.099918 0.342818 -3.286355
v 0.081780 0.323799 -3.301129
v 0.099918 0.342652 -3.301338
v 0.101967 0.363455 -3.301568
v 0.087848 0.385408 -3.301811
v 0.101967 0.363620 -3.286585
v 0.087848 0.385574 -3.286828
v 0.097703 0.404009 -3.287032
v 0.123820 0.404585 -3.287039
v 0.097703 0.403843 -3.302015
v 0.123820 0.404419 -3.302022
v 0.139980 0.417680 -3.302168
v 0.145560 0.443117 -3.302450
v 0.139980 0.417846 -3.287185
v 0.145560 0.443283 -3.287467
v 0.165565 0.449350 -3.287534
v 0.184773 0.431042 -3.287331
v 0.165565 0.449184 -3.302517
v 0.184773 0.430877 -3.302315
v 0.205577 0.428828 -3.302292
v 0.227178 0.443117 -3.302450
v 0.205577 0.428993 -3.287309
v 0.227178 0.443283 -3.287467
v 0.245614 0.433428 -3.287358
v 0.245952 0.407565 -3.287071
v 0.245614 0.433262 -3.302341
v 0.245952 0.407399 -3.302055
v 0.259213 0.391240 -3.301876
v 0.284890 0.385408 -3.301811
v 0.259213 0.391406 -3.286893
v 0.284890 0.385574 -3.286828
v 0.186369 0.384914 -3.286821
v 0.178536 0.384143 -3.286812
v 0.186369 0.384748 -3.301804
v 0.194202 0.384143 -3.286812
v 0.201733 0.381858 -3.286787
v 0.194202 0.383977 -3.301795
v 0.201733 0.381693 -3.301770
v 0.208675 0.377983 -3.301729
v 0.214759 0.372990 -3.301674
v 0.208675 0.378149 -3.286746
v 0.214759 0.373156 -3.286691
v 0.219752 0.367072 -3.286623
v 0.223462 0.360131 -3.286546
v 0.219752 0.366906 -3.301606
v 0.223462 0.359965 -3.301529
v 0.225747 0.352434 -3.301446
v 0.226518 0.344602 -3.301359
v 0.225747 0.352600 -3.286463
v 0.226518 0.344768 -3.286376
v 0.225747 0.336935 -3.286290
v 0.223462 0.329405 -3.286206
v 0.225747 0.336769 -3.301273
v 0.223462 0.329239 -3.301189
v 0.219752 0.322297 -3.301113
v 0.214759 0.316214 -3.301045
v 0.219752 0.322463 -3.286129
v 0.214759 0.316379 -3.286062
v 0.208675 0.311387 -3.286007
v 0.208675 0.311221 -3.300990
v 0.201733 0.307677 -3.285966
v 0.201733 0.307511 -3.300949
v 0.194202 0.305392 -3.285941
v 0.186369 0.304621 -3.285932
v 0.194202 0.305226 -3.300924
v 0.186369 0.304455 -3.300915
v 0.178536 0.305392 -3.285941
v 0.171005 0.307677 -3.285966
v 0.171005 0.307511 -3.300949
v 0.164063 0.311387 -3.286007
v 0.157979 0.316379 -3.286062
v 0.164063 0.311221 -3.300990
v 0.157979 0.316214 -3.301045
v 0.152986 0.322297 -3.301113
v 0.149276 0.329239 -3.301189
v 0.152986 0.322463 -3.286129
v 0.149276 0.329405 -3.286206
v 0.146991 0.336935 -3.286290
v 0.146220 0.344768 -3.286376
v 0.146991 0.336769 -3.301273
v 0.146220 0.344602 -3.301359
v 0.146991 0.352434 -3.301446
v 0.149276 0.359965 -3.301529
v 0.146991 0.352600 -3.286463
v 0.149276 0.360131 -3.286546
v 0.152986 0.367072 -3.286623
v 0.157979 0.373156 -3.286691
v 0.152986 0.366906 -3.301606
v 0.157979 0.372990 -3.301674
v 0.164063 0.377983 -3.301729
v 0.171005 0.381693 -3.301770
v 0.164063 0.378149 -3.286746
v 0.171005 0.381858 -3.286787
v 0.178536 0.383977 -3.301795
v 0.140540 0.540335 -3.562186
v 0.163454 0.540335 -3.562186
v 0.140540 0.472195 -3.561432
v 0.140540 0.540075 -3.585747
v 0.163454 0.540075 -3.585747
v 0.140540 0.471934 -3.584992
v 0.140540 0.539814 -3.609308
v 0.140540 0.471673 -3.608554
v 0.140540 0.539553 -3.632870
v 0.163454 0.539814 -3.609308
v 0.186369 0.539814 -3.609308
v 0.163454 0.539553 -3.632870
v 0.186369 0.539553 -3.632870
v 0.163454 0.539292 -3.656430
v 0.140540 0.539292 -3.656430
v 0.163454 0.471152 -3.655676
v 0.186369 0.539292 -3.656430
v 0.186369 0.471152 -3.655676
v 0.209284 0.539292 -3.656430
v 0.209283 0.471152 -3.655676
v 0.232198 0.539292 -3.656430
v 0.209284 0.539553 -3.632870
v 0.209283 0.539814 -3.609308
v 0.232198 0.539553 -3.632870
v 0.232198 0.471413 -3.632115
v 0.232198 0.539814 -3.609308
v 0.232198 0.471674 -3.608554
v 0.232198 0.540075 -3.585747
v 0.232198 0.471934 -3.584992
v 0.232198 0.540335 -3.562186
v 0.209283 0.540075 -3.585747
v 0.186369 0.540075 -3.585747
v 0.209284 0.540335 -3.562186
v 0.209284 0.472195 -3.561432
v 0.186369 0.540335 -3.562186
v 0.186369 0.472195 -3.561432
v 0.186369 0.402989 -3.560666
v 0.163454 0.472195 -3.561432
v 0.163454 0.402989 -3.560666
v 0.140540 0.402989 -3.560666
v 0.163454 0.333784 -3.559900
v 0.186369 0.333784 -3.559900
v 0.140540 0.333784 -3.559900
v 0.163454 0.263514 -3.559122
v 0.186369 0.263514 -3.559122
v 0.140540 0.263514 -3.559122
v 0.163454 0.263253 -3.582682
v 0.140540 0.263253 -3.582682
v 0.163454 0.262992 -3.606244
v 0.186369 0.263253 -3.582682
v 0.209283 0.263253 -3.582682
v 0.186369 0.262992 -3.606244
v 0.186369 0.262732 -3.629806
v 0.209284 0.262992 -3.606244
v 0.232198 0.262992 -3.606244
v 0.209284 0.262732 -3.629806
v 0.232198 0.262732 -3.629806
v 0.209284 0.262471 -3.653366
v 0.186369 0.262471 -3.653366
v 0.209283 0.332740 -3.654144
v 0.232198 0.262471 -3.653366
v 0.232198 0.332740 -3.654144
v 0.232198 0.333001 -3.630583
v 0.232198 0.401946 -3.654910
v 0.232198 0.402207 -3.631349
v 0.209283 0.401946 -3.654910
v 0.232198 0.471152 -3.655676
v 0.186369 0.401946 -3.654910
v 0.163454 0.401946 -3.654910
v 0.186369 0.332740 -3.654144
v 0.163454 0.332740 -3.654144
v 0.140540 0.332740 -3.654144
v 0.163454 0.262471 -3.653366
v 0.140540 0.262471 -3.653366
v 0.163454 0.262732 -3.629806
v 0.140540 0.262731 -3.629806
v 0.140540 0.262992 -3.606244
v 0.140540 0.333001 -3.630583
v 0.140540 0.402207 -3.631349
v 0.140540 0.333262 -3.607022
v 0.140540 0.333523 -3.583460
v 0.140540 0.402468 -3.607788
v 0.140540 0.402729 -3.584226
v 0.140540 0.471413 -3.632115
v 0.140540 0.401946 -3.654910
v 0.140540 0.471152 -3.655676
v 0.232198 0.402468 -3.607788
v 0.232198 0.402729 -3.584226
v 0.232198 0.333262 -3.607022
v 0.232198 0.333523 -3.583460
v 0.232198 0.263253 -3.582682
v 0.232198 0.333784 -3.559900
v 0.232198 0.263514 -3.559122
v 0.209284 0.333784 -3.559900
v 0.232198 0.402989 -3.560666
v 0.232198 0.472195 -3.561432
v 0.209284 0.402989 -3.560666
v 0.209283 0.263514 -3.559122
v -0.636017 0.543702 -3.288115
v -0.613103 0.543702 -3.288115
v -0.636017 0.475562 -3.287361
v -0.636017 0.543441 -3.311676
v -0.613103 0.543441 -3.311676
v -0.636017 0.475301 -3.310921
v -0.636017 0.543181 -3.335237
v -0.636017 0.475040 -3.334483
v -0.636017 0.542920 -3.358799
v -0.613103 0.543181 -3.335237
v -0.590188 0.543181 -3.335237
v -0.613103 0.542920 -3.358799
v -0.613103 0.542659 -3.382359
v -0.590188 0.542920 -3.358799
v -0.590188 0.542659 -3.382359
v -0.567273 0.542920 -3.358799
v -0.567273 0.542659 -3.382359
v -0.567273 0.543181 -3.335237
v -0.544359 0.542920 -3.358799
v -0.544359 0.542659 -3.382359
v -0.544359 0.474780 -3.358044
v -0.544359 0.543181 -3.335237
v -0.544359 0.475040 -3.334483
v -0.544359 0.543441 -3.311676
v -0.544359 0.475301 -3.310921
v -0.544359 0.543702 -3.288115
v -0.567273 0.543441 -3.311676
v -0.590188 0.543441 -3.311676
v -0.567273 0.543702 -3.288115
v -0.567273 0.475562 -3.287361
v -0.590188 0.543702 -3.288115
v -0.590188 0.475562 -3.287361
v -0.590188 0.406356 -3.286595
v -0.613103 0.475562 -3.287361
v -0.613102 0.406356 -3.286595
v -0.613102 0.337151 -3.285829
v -0.636017 0.406356 -3.286595
v -0.636017 0.406095 -3.310155
v -0.636017 0.337151 -3.285829
v -0.636017 0.266881 -3.285051
v -0.636017 0.336890 -3.309389
v -0.636017 0.266620 -3.308611
v -0.636017 0.336629 -3.332951
v -0.636017 0.405835 -3.333717
v -0.636017 0.266359 -3.332173
v -0.636017 0.336368 -3.356512
v -0.636017 0.266098 -3.355734
v -0.636017 0.336107 -3.380073
v -0.636017 0.405574 -3.357278
v -0.636017 0.474780 -3.358044
v -0.636017 0.405313 -3.380839
v -0.613102 0.405313 -3.380839
v -0.636017 0.474519 -3.381605
v -0.636017 0.542659 -3.382359
v -0.613102 0.474519 -3.381605
v -0.590188 0.474519 -3.381605
v -0.590188 0.405313 -3.380839
v -0.567273 0.474519 -3.381605
v -0.567273 0.405313 -3.380839
v -0.544359 0.474519 -3.381605
v -0.544359 0.405313 -3.380839
v -0.544359 0.405574 -3.357278
v -0.544359 0.336107 -3.380073
v -0.567273 0.336107 -3.380073
v -0.544359 0.265838 -3.379295
v -0.544359 0.336368 -3.356512
v -0.544359 0.266098 -3.355734
v -0.544359 0.336629 -3.332951
v -0.544359 0.405835 -3.333717
v -0.544359 0.266359 -3.332173
v -0.544359 0.336890 -3.309389
v -0.544359 0.266620 -3.308611
v -0.544359 0.337151 -3.285829
v -0.544359 0.406095 -3.310155
v -0.544359 0.406356 -3.286595
v -0.567273 0.406356 -3.286595
v -0.544359 0.475562 -3.287361
v -0.567273 0.337151 -3.285829
v -0.567273 0.266881 -3.285051
v -0.590188 0.337150 -3.285829
v -0.590188 0.266881 -3.285051
v -0.613102 0.266881 -3.285051
v -0.590188 0.266620 -3.308611
v -0.567273 0.266620 -3.308611
v -0.590188 0.266359 -3.332173
v -0.613102 0.266620 -3.308611
v -0.613102 0.266359 -3.332173
v -0.613102 0.266098 -3.355734
v -0.590188 0.266098 -3.355734
v -0.613103 0.265838 -3.379295
v -0.636017 0.265838 -3.379295
v -0.613102 0.336107 -3.380073
v -0.590188 0.265838 -3.379295
v -0.567273 0.265838 -3.379295
v -0.590188 0.336107 -3.380073
v -0.567273 0.266098 -3.355734
v -0.567273 0.266359 -3.332173
v -0.544359 0.266881 -3.285051
v -0.355367 0.322425 -3.470581
v -0.361659 0.322425 -3.506786
v -0.357376 0.291774 -3.470581
v -0.361659 0.322425 -3.434376
v -0.357376 0.353075 -3.470581
v -0.363368 0.383201 -3.470581
v -0.363614 0.352254 -3.506786
v -0.363614 0.352254 -3.434376
v -0.380657 0.350010 -3.407872
v -0.369446 0.381572 -3.434376
v -0.386050 0.377123 -3.407872
v -0.379054 0.409879 -3.434376
v -0.394936 0.403301 -3.407872
v -0.392276 0.436690 -3.434376
v -0.373241 0.412287 -3.470581
v -0.386827 0.439836 -3.470581
v -0.379054 0.409879 -3.506786
v -0.392276 0.436690 -3.506786
v -0.394936 0.403301 -3.533290
v -0.369446 0.381573 -3.506786
v -0.386050 0.377123 -3.533290
v -0.408732 0.371046 -3.542991
v -0.380657 0.350010 -3.533290
v -0.403938 0.346945 -3.542991
v -0.378849 0.322425 -3.533290
v -0.380657 0.294839 -3.533290
v -0.402331 0.322425 -3.542991
v -0.403938 0.297904 -3.542991
v -0.425813 0.322425 -3.533290
v -0.427219 0.300970 -3.533290
v -0.443003 0.322425 -3.506786
v -0.427219 0.343880 -3.533290
v -0.431414 0.364968 -3.533290
v -0.444263 0.341636 -3.506786
v -0.448019 0.360519 -3.506786
v -0.450501 0.340815 -3.470581
v -0.454096 0.358891 -3.470581
v -0.444263 0.341636 -3.434376
v -0.449295 0.322425 -3.470581
v -0.450501 0.304035 -3.470581
v -0.443003 0.322425 -3.434376
v -0.444263 0.303213 -3.434376
v -0.425813 0.322425 -3.407872
v -0.427219 0.300970 -3.407872
v -0.402331 0.322425 -3.398171
v -0.427219 0.343880 -3.407872
v -0.431414 0.364968 -3.407872
v -0.403938 0.346945 -3.398171
v -0.408732 0.371046 -3.398171
v -0.416631 0.394315 -3.398171
v -0.438326 0.385329 -3.407872
v -0.427499 0.416354 -3.398171
v -0.447835 0.404612 -3.407872
v -0.441151 0.436785 -3.398171
v -0.407163 0.428095 -3.407872
v -0.422521 0.451080 -3.407872
v -0.440749 0.471864 -3.407872
v -0.408884 0.461545 -3.434376
v -0.428594 0.484020 -3.434376
v -0.403892 0.465375 -3.470581
v -0.424144 0.488469 -3.470581
v -0.408884 0.461545 -3.506786
v -0.428594 0.484020 -3.506786
v -0.422521 0.451080 -3.533290
v -0.440749 0.471864 -3.533290
v -0.441151 0.436785 -3.542991
v -0.407163 0.428095 -3.533290
v -0.427499 0.416353 -3.542991
v -0.447835 0.404612 -3.533290
v -0.416631 0.394315 -3.542991
v -0.438326 0.385329 -3.533290
v -0.454207 0.378750 -3.506786
v -0.462722 0.396017 -3.506786
v -0.460020 0.376342 -3.470581
v -0.468171 0.392871 -3.470581
v -0.454207 0.378750 -3.434376
v -0.462722 0.396017 -3.434376
v -0.448019 0.360519 -3.434376
v -0.473419 0.412025 -3.434376
v -0.478410 0.408195 -3.470581
v -0.486113 0.426500 -3.434376
v -0.459781 0.422490 -3.407872
v -0.473958 0.438656 -3.407872
v -0.490123 0.452832 -3.407872
v -0.457353 0.455260 -3.398171
v -0.475828 0.471462 -3.398171
v -0.496260 0.485114 -3.398171
v -0.461533 0.490092 -3.407872
v -0.484519 0.505450 -3.407872
v -0.451068 0.503730 -3.434376
v -0.475924 0.520337 -3.434376
v -0.447238 0.508721 -3.470581
v -0.472777 0.525786 -3.470581
v -0.451068 0.503730 -3.506786
v -0.475924 0.520337 -3.506786
v -0.461533 0.490092 -3.533290
v -0.484519 0.505450 -3.533290
v -0.475828 0.471462 -3.542991
v -0.496260 0.485114 -3.542991
v -0.490123 0.452832 -3.533290
v -0.457353 0.455260 -3.542991
v -0.473958 0.438656 -3.533290
v -0.486113 0.426500 -3.506786
v -0.459781 0.422490 -3.533290
v -0.473419 0.412025 -3.506786
v -0.500588 0.439195 -3.506786
v -0.490562 0.422051 -3.470581
v -0.504418 0.434203 -3.470581
v -0.519742 0.444442 -3.470581
v -0.500588 0.439195 -3.434376
v -0.516596 0.449891 -3.434376
v -0.533863 0.458406 -3.434376
v -0.508001 0.464778 -3.407872
v -0.527285 0.474288 -3.407872
v -0.547645 0.481199 -3.407872
v -0.518298 0.495982 -3.398171
v -0.541567 0.503881 -3.398171
v -0.509312 0.517677 -3.407872
v -0.535490 0.526563 -3.407872
v -0.502734 0.533559 -3.434376
v -0.531041 0.543168 -3.434376
v -0.500326 0.539372 -3.470581
v -0.529412 0.549245 -3.470581
v -0.502734 0.533559 -3.506786
v -0.531041 0.543168 -3.506786
v -0.509312 0.517677 -3.533290
v -0.535490 0.526563 -3.533290
v -0.518298 0.495982 -3.542991
v -0.541567 0.503881 -3.542991
v -0.527285 0.474288 -3.533290
v -0.547645 0.481199 -3.533290
v -0.533863 0.458406 -3.506786
v -0.508001 0.464778 -3.533290
v -0.516596 0.449891 -3.506786
v -0.552094 0.464595 -3.506786
v -0.536271 0.452593 -3.470581
v -0.553723 0.458517 -3.470581
v -0.571798 0.462112 -3.470581
v -0.552094 0.464595 -3.434376
v -0.570977 0.468351 -3.434376
v -0.590188 0.469610 -3.434376
v -0.568733 0.485394 -3.407872
v -0.590188 0.486800 -3.407872
v -0.565668 0.508675 -3.398171
v -0.590188 0.510282 -3.398171
v -0.562603 0.531956 -3.407872
v -0.590188 0.533764 -3.407872
v -0.560359 0.548999 -3.434376
v -0.590188 0.550954 -3.434376
v -0.559538 0.555238 -3.470581
v -0.590188 0.557246 -3.470581
v -0.560359 0.548999 -3.506786
v -0.590188 0.550954 -3.506786
v -0.562603 0.531956 -3.533290
v -0.590188 0.533764 -3.533290
v -0.565668 0.508675 -3.542991
v -0.590188 0.510282 -3.542991
v -0.568733 0.485394 -3.533290
v -0.590188 0.486800 -3.533290
v -0.570977 0.468351 -3.506786
v -0.590188 0.469610 -3.506786
v -0.609400 0.468351 -3.506786
v -0.590188 0.463318 -3.470581
v -0.608579 0.462112 -3.470581
v -0.626654 0.458517 -3.470581
v -0.609400 0.468351 -3.434376
v -0.628283 0.464595 -3.434376
v -0.611644 0.485394 -3.407872
v -0.632732 0.481199 -3.407872
v -0.614709 0.508675 -3.398171
v -0.638810 0.503881 -3.398171
v -0.617774 0.531956 -3.407872
v -0.644887 0.526563 -3.407872
v -0.620018 0.548999 -3.434376
v -0.649336 0.543167 -3.434376
v -0.620839 0.555238 -3.470581
v -0.650965 0.549245 -3.470581
v -0.620018 0.548999 -3.506786
v -0.649336 0.543167 -3.506786
v -0.617774 0.531956 -3.533290
v -0.644887 0.526563 -3.533290
v -0.614709 0.508675 -3.542991
v -0.638810 0.503881 -3.542991
v -0.611644 0.485394 -3.533290
v -0.632732 0.481199 -3.533290
v -0.653092 0.474288 -3.533290
v -0.628283 0.464595 -3.506786
v -0.646514 0.458406 -3.506786
v -0.663781 0.449891 -3.506786
v -0.644106 0.452593 -3.470581
v -0.660635 0.444442 -3.470581
v -0.646514 0.458406 -3.434376
v -0.663781 0.449891 -3.434376
v -0.653092 0.474288 -3.407872
v -0.672376 0.464778 -3.407872
v -0.662078 0.495982 -3.398171
v -0.684117 0.485114 -3.398171
v -0.671065 0.517677 -3.407872
v -0.695858 0.505450 -3.407872
v -0.677643 0.533559 -3.434376
v -0.704453 0.520337 -3.434376
v -0.680051 0.539372 -3.470581
v -0.707599 0.525786 -3.470581
v -0.677643 0.533559 -3.506786
v -0.704453 0.520337 -3.506786
v -0.671064 0.517677 -3.533290
v -0.695858 0.505450 -3.533290
v -0.662078 0.495982 -3.542991
v -0.684117 0.485114 -3.542991
v -0.704549 0.471462 -3.542991
v -0.672376 0.464778 -3.533290
v -0.690254 0.452832 -3.533290
v -0.706419 0.438656 -3.533290
v -0.679789 0.439195 -3.506786
v -0.694264 0.426500 -3.506786
v -0.675959 0.434203 -3.470581
v -0.689815 0.422051 -3.470581
v -0.679789 0.439195 -3.434376
v -0.694264 0.426500 -3.434376
v -0.690254 0.452832 -3.407872
v -0.706419 0.438656 -3.407872
v -0.704549 0.471462 -3.398171
v -0.723024 0.455260 -3.398171
v -0.718844 0.490092 -3.407872
v -0.739628 0.471864 -3.407872
v -0.729309 0.503730 -3.434376
v -0.751783 0.484020 -3.434376
v -0.733139 0.508721 -3.470581
v -0.756233 0.488469 -3.470581
v -0.729309 0.503730 -3.506786
v -0.751783 0.484020 -3.506786
v -0.718844 0.490092 -3.533290
v -0.739628 0.471864 -3.533290
v -0.757855 0.451080 -3.533290
v -0.723024 0.455260 -3.542991
v -0.739226 0.436785 -3.542991
v -0.752878 0.416353 -3.542991
v -0.720596 0.422490 -3.533290
v -0.732542 0.404612 -3.533290
v -0.706958 0.412025 -3.506786
v -0.717654 0.396017 -3.506786
v -0.701966 0.408195 -3.470581
v -0.712205 0.392871 -3.470581
v -0.706958 0.412025 -3.434376
v -0.717654 0.396017 -3.434376
v -0.720596 0.422490 -3.407872
v -0.732542 0.404612 -3.407872
v -0.739226 0.436785 -3.398171
v -0.752878 0.416353 -3.398171
v -0.757855 0.451080 -3.407872
v -0.773214 0.428095 -3.407872
v -0.771493 0.461545 -3.434376
v -0.788101 0.436690 -3.434376
v -0.776485 0.465375 -3.470581
v -0.793550 0.439836 -3.470581
v -0.771493 0.461545 -3.506786
v -0.788101 0.436690 -3.506786
v -0.801322 0.409879 -3.506786
v -0.773214 0.428095 -3.533290
v -0.785441 0.403301 -3.533290
v -0.794327 0.377123 -3.533290
v -0.763746 0.394315 -3.542991
v -0.771645 0.371046 -3.542991
v -0.742051 0.385328 -3.533290
v -0.748963 0.364968 -3.533290
v -0.726170 0.378750 -3.506786
v -0.732358 0.360519 -3.506786
v -0.720357 0.376342 -3.470581
v -0.726281 0.358891 -3.470581
v -0.726170 0.378750 -3.434376
v -0.732358 0.360519 -3.434376
v -0.742051 0.385328 -3.407872
v -0.748963 0.364968 -3.407872
v -0.763746 0.394315 -3.398171
v -0.771645 0.371046 -3.398171
v -0.785441 0.403301 -3.407872
v -0.794327 0.377123 -3.407872
v -0.801322 0.409879 -3.434376
v -0.810931 0.381573 -3.434376
v -0.807135 0.412287 -3.470581
v -0.817009 0.383201 -3.470581
v -0.823001 0.353075 -3.470581
v -0.810931 0.381573 -3.506786
v -0.816763 0.352254 -3.506786
v -0.818718 0.322425 -3.506786
v -0.799720 0.350010 -3.533290
v -0.801528 0.322425 -3.533290
v -0.776439 0.346945 -3.542991
v -0.778046 0.322425 -3.542991
v -0.753157 0.343880 -3.533290
v -0.754564 0.322425 -3.533290
v -0.736114 0.341636 -3.506786
v -0.737373 0.322425 -3.506786
v -0.729876 0.340815 -3.470581
v -0.731081 0.322425 -3.470581
v -0.736114 0.341636 -3.434376
v -0.737373 0.322425 -3.434376
v -0.753157 0.343880 -3.407872
v -0.754564 0.322425 -3.407872
v -0.776439 0.346945 -3.398171
v -0.778046 0.322425 -3.398171
v -0.799720 0.350010 -3.407872
v -0.801528 0.322425 -3.407872
v -0.816763 0.352254 -3.434376
v -0.818718 0.322425 -3.434376
v -0.816763 0.292596 -3.434376
v -0.825010 0.322425 -3.470581
v -0.823001 0.291774 -3.470581
v -0.817009 0.261648 -3.470581
v -0.816763 0.292596 -3.506786
v -0.810931 0.263277 -3.506786
v -0.799720 0.294839 -3.533290
v -0.794327 0.267726 -3.533290
v -0.776439 0.297904 -3.542991
v -0.771645 0.273804 -3.542991
v -0.753157 0.300969 -3.533290
v -0.748963 0.279881 -3.533290
v -0.736114 0.303213 -3.506786
v -0.732358 0.284330 -3.506786
v -0.729876 0.304035 -3.470581
v -0.726281 0.285959 -3.470581
v -0.736114 0.303213 -3.434376
v -0.732358 0.284331 -3.434376
v -0.753157 0.300969 -3.407872
v -0.748963 0.279881 -3.407872
v -0.776439 0.297904 -3.398171
v -0.771645 0.273804 -3.398171
v -0.799720 0.294839 -3.407872
v -0.794327 0.267726 -3.407872
v -0.785441 0.241549 -3.407872
v -0.810931 0.263277 -3.434376
v -0.801322 0.234970 -3.434376
v -0.788101 0.208160 -3.434376
v -0.807135 0.232562 -3.470581
v -0.793550 0.205014 -3.470581
v -0.801322 0.234970 -3.506786
v -0.788101 0.208160 -3.506786
v -0.785441 0.241549 -3.533290
v -0.773214 0.216755 -3.533290
v -0.763746 0.250535 -3.542991
v -0.752878 0.228496 -3.542991
v -0.742051 0.259521 -3.533290
v -0.732541 0.240237 -3.533290
v -0.726170 0.266100 -3.506786
v -0.717654 0.248832 -3.506786
v -0.720357 0.268507 -3.470581
v -0.712205 0.251978 -3.470581
v -0.726170 0.266100 -3.434376
v -0.717654 0.248832 -3.434376
v -0.742051 0.259521 -3.407872
v -0.732541 0.240237 -3.407872
v -0.763746 0.250535 -3.398171
v -0.752878 0.228496 -3.398171
v -0.739226 0.208064 -3.398171
v -0.773214 0.216755 -3.407872
v -0.757855 0.193770 -3.407872
v -0.739628 0.172985 -3.407872
v -0.771493 0.183305 -3.434376
v -0.751783 0.160830 -3.434376
v -0.776485 0.179474 -3.470581
v -0.756233 0.156381 -3.470581
v -0.771493 0.183305 -3.506786
v -0.751783 0.160830 -3.506786
v -0.757855 0.193769 -3.533290
v -0.739628 0.172985 -3.533290
v -0.739226 0.208064 -3.542991
v -0.723024 0.189590 -3.542991
v -0.720596 0.222360 -3.533290
v -0.706419 0.206194 -3.533290
v -0.706958 0.232824 -3.506786
v -0.694264 0.218349 -3.506786
v -0.701966 0.236655 -3.470581
v -0.689815 0.222798 -3.470581
v -0.706958 0.232824 -3.434376
v -0.694264 0.218349 -3.434376
v -0.720596 0.222360 -3.407872
v -0.706419 0.206194 -3.407872
v -0.690254 0.192017 -3.407872
v -0.723024 0.189590 -3.398171
v -0.704549 0.173387 -3.398171
v -0.684117 0.159736 -3.398171
v -0.718844 0.154758 -3.407872
v -0.695858 0.139399 -3.407872
v -0.729308 0.141120 -3.434376
v -0.704453 0.124512 -3.434376
v -0.733139 0.136128 -3.470581
v -0.707599 0.119063 -3.470581
v -0.729308 0.141120 -3.506786
v -0.704453 0.124512 -3.506786
v -0.718844 0.154758 -3.533290
v -0.695858 0.139399 -3.533290
v -0.704549 0.173387 -3.542991
v -0.684117 0.159736 -3.542991
v -0.690254 0.192017 -3.533290
v -0.672376 0.180072 -3.533290
v -0.679789 0.205655 -3.506786
v -0.663781 0.194959 -3.506786
v -0.675959 0.210647 -3.470581
v -0.660635 0.200408 -3.470581
v -0.679789 0.205655 -3.434376
v -0.663781 0.194959 -3.434376
v -0.646514 0.186444 -3.434376
v -0.672376 0.180072 -3.407872
v -0.653092 0.170562 -3.407872
v -0.632732 0.163651 -3.407872
v -0.662078 0.148867 -3.398171
v -0.638809 0.140968 -3.398171
v -0.671065 0.127173 -3.407872
v -0.644887 0.118286 -3.407872
v -0.677643 0.111291 -3.434376
v -0.649336 0.101682 -3.434376
v -0.680051 0.105478 -3.470581
v -0.650965 0.095604 -3.470581
v -0.677643 0.111291 -3.506786
v -0.649336 0.101682 -3.506786
v -0.671064 0.127173 -3.533290
v -0.644887 0.118286 -3.533290
v -0.662078 0.148867 -3.542991
v -0.638809 0.140969 -3.542991
v -0.653092 0.170562 -3.533290
v -0.632732 0.163651 -3.533290
v -0.646514 0.186444 -3.506786
v -0.628283 0.180255 -3.506786
v -0.644106 0.192257 -3.470581
v -0.626654 0.186332 -3.470581
v -0.608579 0.182737 -3.470581
v -0.628283 0.180255 -3.434376
v -0.609400 0.176499 -3.434376
v -0.590188 0.175240 -3.434376
v -0.611644 0.159456 -3.407872
v -0.590188 0.158050 -3.407872
v -0.614709 0.136175 -3.398171
v -0.590188 0.134567 -3.398171
v -0.617774 0.112893 -3.407872
v -0.590188 0.111085 -3.407872
v -0.620018 0.095850 -3.434376
v -0.590188 0.093895 -3.434376
v -0.620839 0.089612 -3.470581
v -0.590188 0.087603 -3.470581
v -0.620018 0.095850 -3.506786
v -0.590188 0.093895 -3.506786
v -0.617774 0.112893 -3.533290
v -0.590188 0.111085 -3.533290
v -0.614709 0.136175 -3.542991
v -0.590188 0.134567 -3.542991
v -0.611644 0.159456 -3.533290
v -0.590188 0.158050 -3.533290
v -0.609400 0.176499 -3.506786
v -0.590188 0.175240 -3.506786
v -0.570977 0.176499 -3.506786
v -0.590188 0.181532 -3.470581
v -0.571798 0.182737 -3.470581
v -0.553723 0.186333 -3.470581
v -0.570977 0.176499 -3.434376
v -0.552094 0.180255 -3.434376
v -0.568733 0.159456 -3.407872
v -0.547645 0.163650 -3.407872
v -0.565668 0.136175 -3.398171
v -0.541567 0.140968 -3.398171
v -0.562603 0.112893 -3.407872
v -0.535490 0.118286 -3.407872
v -0.560359 0.095850 -3.434376
v -0.531041 0.101682 -3.434376
v -0.559538 0.089612 -3.470581
v -0.529412 0.095604 -3.470581
v -0.560359 0.095850 -3.506786
v -0.531041 0.101682 -3.506786
v -0.562603 0.112893 -3.533290
v -0.535490 0.118286 -3.533290
v -0.565668 0.136175 -3.542991
v -0.541567 0.140968 -3.542991
v -0.568733 0.159456 -3.533290
v -0.547645 0.163651 -3.533290
v -0.527285 0.170562 -3.533290
v -0.552094 0.180255 -3.506786
v -0.533863 0.186444 -3.506786
v -0.516596 0.194959 -3.506786
v -0.536271 0.192256 -3.470581
v -0.519742 0.200408 -3.470581
v -0.533863 0.186444 -3.434376
v -0.516596 0.194959 -3.434376
v -0.527285 0.170562 -3.407872
v -0.508001 0.180072 -3.407872
v -0.518298 0.148867 -3.398171
v -0.496260 0.159736 -3.398171
v -0.509312 0.127173 -3.407872
v -0.484519 0.139399 -3.407872
v -0.502734 0.111291 -3.434376
v -0.475924 0.124512 -3.434376
v -0.500326 0.105478 -3.470581
v -0.472778 0.119063 -3.470581
v -0.502734 0.111291 -3.506786
v -0.475924 0.124512 -3.506786
v -0.509312 0.127173 -3.533290
v -0.484519 0.139399 -3.533290
v -0.518298 0.148867 -3.542991
v -0.496260 0.159736 -3.542991
v -0.475828 0.173388 -3.542991
v -0.508001 0.180072 -3.533290
v -0.490123 0.192017 -3.533290
v -0.473958 0.206194 -3.533290
v -0.500588 0.205655 -3.506786
v -0.486113 0.218349 -3.506786
v -0.504418 0.210647 -3.470581
v -0.490562 0.222798 -3.470581
v -0.500588 0.205655 -3.434376
v -0.486113 0.218349 -3.434376
v -0.490123 0.192017 -3.407872
v -0.473958 0.206194 -3.407872
v -0.475828 0.173387 -3.398171
v -0.457353 0.189590 -3.398171
v -0.461533 0.154758 -3.407872
v -0.440749 0.172985 -3.407872
v -0.451068 0.141120 -3.434376
v -0.428594 0.160830 -3.434376
v -0.447238 0.136128 -3.470581
v -0.424144 0.156381 -3.470581
v -0.451068 0.141120 -3.506786
v -0.428594 0.160830 -3.506786
v -0.461533 0.154758 -3.533290
v -0.440749 0.172985 -3.533290
v -0.422521 0.193769 -3.533290
v -0.457353 0.189590 -3.542991
v -0.441151 0.208065 -3.542991
v -0.427499 0.228496 -3.542991
v -0.459781 0.222360 -3.533290
v -0.447835 0.240237 -3.533290
v -0.473419 0.232824 -3.506786
v -0.462722 0.248832 -3.506786
v -0.478410 0.236655 -3.470581
v -0.468171 0.251978 -3.470581
v -0.473419 0.232824 -3.434376
v -0.462722 0.248832 -3.434376
v -0.459781 0.222360 -3.407872
v -0.447835 0.240237 -3.407872
v -0.441151 0.208065 -3.398171
v -0.427499 0.228496 -3.398171
v -0.422521 0.193769 -3.407872
v -0.407163 0.216755 -3.407872
v -0.408884 0.183305 -3.434376
v -0.392276 0.208160 -3.434376
v -0.403892 0.179474 -3.470581
v -0.386827 0.205014 -3.470581
v -0.408884 0.183305 -3.506786
v -0.392276 0.208160 -3.506786
v -0.379054 0.234970 -3.506786
v -0.407163 0.216755 -3.533290
v -0.394936 0.241549 -3.533290
v -0.386050 0.267726 -3.533290
v -0.416631 0.250535 -3.542991
v -0.408732 0.273804 -3.542991
v -0.438325 0.259521 -3.533290
v -0.431414 0.279881 -3.533290
v -0.454207 0.266100 -3.506786
v -0.448019 0.284330 -3.506786
v -0.460020 0.268507 -3.470581
v -0.454096 0.285959 -3.470581
v -0.454207 0.266100 -3.434376
v -0.448019 0.284331 -3.434376
v -0.438325 0.259521 -3.407872
v -0.431414 0.279881 -3.407872
v -0.416631 0.250535 -3.398171
v -0.408732 0.273804 -3.398171
v -0.394936 0.241549 -3.407872
v -0.386050 0.267726 -3.407872
v -0.379054 0.234970 -3.434376
v -0.369446 0.263277 -3.434376
v -0.373241 0.232562 -3.470581
v -0.363368 0.261648 -3.470581
v -0.369446 0.263277 -3.506786
v -0.363614 0.292596 -3.506786
v -0.363614 0.292596 -3.434376
v -0.380657 0.294839 -3.407872
v -0.403938 0.297905 -3.398171
v -0.378849 0.322425 -3.407872
v -0.444263 0.303213 -3.506786
v -0.711761 0.321452 -3.460489
v -0.737638 0.294767 -3.460489
v -0.711761 0.321452 -3.480597
v -0.708860 0.350902 -3.460489
v -0.729048 0.381985 -3.460489
v -0.708860 0.350902 -3.480597
v -0.645325 0.335305 -3.460489
v -0.646417 0.324217 -3.460489
v -0.642091 0.345967 -3.460489
v -0.645325 0.335305 -3.480597
v -0.642091 0.345967 -3.480597
v -0.646417 0.324217 -3.480597
v -0.645325 0.313129 -3.480597
v -0.642091 0.302468 -3.480597
v -0.645325 0.313129 -3.460489
v -0.642091 0.302468 -3.460489
v -0.636839 0.292642 -3.460489
v -0.629771 0.284029 -3.460489
v -0.636839 0.292642 -3.480597
v -0.629771 0.284029 -3.480597
v -0.621158 0.276961 -3.480597
v -0.611333 0.271709 -3.480597
v -0.621158 0.276961 -3.460489
v -0.611333 0.271709 -3.460489
v -0.600671 0.268475 -3.460489
v -0.589583 0.267383 -3.460489
v -0.600671 0.268475 -3.480597
v -0.589583 0.267383 -3.480597
v -0.578495 0.268475 -3.480597
v -0.567833 0.271709 -3.480597
v -0.578495 0.268475 -3.460489
v -0.567833 0.271709 -3.460489
v -0.558007 0.276961 -3.460489
v -0.549395 0.284029 -3.460489
v -0.558008 0.276961 -3.480597
v -0.549395 0.284029 -3.480597
v -0.542327 0.292642 -3.480597
v -0.537075 0.302468 -3.480597
v -0.542327 0.292642 -3.460489
v -0.537075 0.302468 -3.460489
v -0.533841 0.313130 -3.460489
v -0.532749 0.324217 -3.460489
v -0.533841 0.313130 -3.480597
v -0.532749 0.324217 -3.480597
v -0.533841 0.335305 -3.480597
v -0.537075 0.345967 -3.480597
v -0.533841 0.335305 -3.460489
v -0.537075 0.345967 -3.460489
v -0.542327 0.355793 -3.460489
v -0.549395 0.364405 -3.460489
v -0.542327 0.355793 -3.480597
v -0.549395 0.364405 -3.480597
v -0.558008 0.371473 -3.480597
v -0.567833 0.376725 -3.480597
v -0.558008 0.371473 -3.460489
v -0.567833 0.376725 -3.460489
v -0.578495 0.379960 -3.460489
v -0.589583 0.381052 -3.460489
v -0.578495 0.379960 -3.480597
v -0.563036 0.443586 -3.480597
v -0.589583 0.381052 -3.480597
v -0.600671 0.379960 -3.480597
v -0.611333 0.376725 -3.480597
v -0.600671 0.379960 -3.460489
v -0.611333 0.376725 -3.460489
v -0.621158 0.371473 -3.460489
v -0.629771 0.364405 -3.460489
v -0.621158 0.371473 -3.480597
v -0.621535 0.371164 -3.480597
v -0.655145 0.427026 -3.480597
v -0.629771 0.364405 -3.480597
v -0.636839 0.355793 -3.480597
v -0.636839 0.355793 -3.460489
v -0.647351 0.463682 -3.480597
v -0.655145 0.427026 -3.460489
v -0.678021 0.408253 -3.480597
v -0.678021 0.408253 -3.460489
v -0.715098 0.408083 -3.480597
v -0.715098 0.408083 -3.460489
v -0.729048 0.381985 -3.480597
v -0.647351 0.463682 -3.460489
v -0.619033 0.472272 -3.460489
v -0.592486 0.446486 -3.460489
v -0.619033 0.472272 -3.480597
v -0.592486 0.446486 -3.480597
v -0.563036 0.443586 -3.460489
v -0.531815 0.463682 -3.460489
v -0.505717 0.449732 -3.460489
v -0.531815 0.463682 -3.480597
v -0.505717 0.449732 -3.480597
v -0.505094 0.412746 -3.480597
v -0.486321 0.389871 -3.480597
v -0.505094 0.412746 -3.460489
v -0.486321 0.389871 -3.460489
v -0.450118 0.381985 -3.460489
v -0.441528 0.353667 -3.460489
v -0.450118 0.381985 -3.480597
v -0.441528 0.353667 -3.480597
v -0.467205 0.326977 -3.480597
v -0.470105 0.297527 -3.480597
v -0.467205 0.326977 -3.460489
v -0.470105 0.297527 -3.460489
v -0.450118 0.266449 -3.460489
v -0.464068 0.240351 -3.460489
v -0.450118 0.266449 -3.480597
v -0.464068 0.240351 -3.480597
v -0.501040 0.239535 -3.480597
v -0.523915 0.220762 -3.480597
v -0.501040 0.239535 -3.460489
v -0.523915 0.220762 -3.460489
v -0.531815 0.184753 -3.460489
v -0.560133 0.176163 -3.460489
v -0.531815 0.184753 -3.480597
v -0.560133 0.176163 -3.480597
v -0.587323 0.202081 -3.480597
v -0.616773 0.204981 -3.480597
v -0.587323 0.202081 -3.460489
v -0.616773 0.204981 -3.460489
v -0.647351 0.184753 -3.460489
v -0.673449 0.198703 -3.460489
v -0.647351 0.184753 -3.480597
v -0.673449 0.198703 -3.480597
v -0.673927 0.235317 -3.480597
v -0.692700 0.258192 -3.480597
v -0.673927 0.235317 -3.460489
v -0.692700 0.258192 -3.460489
v -0.729048 0.266449 -3.460489
v -0.729048 0.266449 -3.480597
v -0.737638 0.294767 -3.480597
v -0.625195 0.298351 -3.313574
v -0.607691 0.298351 -3.313574
v -0.625195 0.297155 -3.391024
v -0.625195 0.315665 -3.313711
v -0.607692 0.315665 -3.313711
v -0.625195 0.314469 -3.391161
v -0.625195 0.332978 -3.313849
v -0.625195 0.331781 -3.391299
v -0.625195 0.350291 -3.313986
v -0.607692 0.332978 -3.313849
v -0.590188 0.332978 -3.313849
v -0.607692 0.350291 -3.313986
v -0.607692 0.367604 -3.314123
v -0.590188 0.350291 -3.313986
v -0.590188 0.367604 -3.314123
v -0.572685 0.350291 -3.313986
v -0.572685 0.367604 -3.314123
v -0.572685 0.332978 -3.313849
v -0.555181 0.350291 -3.313986
v -0.555181 0.367604 -3.314123
v -0.555181 0.349095 -3.391436
v -0.555181 0.332978 -3.313849
v -0.555181 0.331781 -3.391299
v -0.555181 0.315665 -3.313711
v -0.555181 0.314469 -3.391161
v -0.555181 0.298351 -3.313574
v -0.572685 0.315665 -3.313711
v -0.590188 0.315665 -3.313711
v -0.572685 0.298351 -3.313574
v -0.572685 0.297155 -3.391024
v -0.590188 0.298351 -3.313574
v -0.590188 0.297155 -3.391024
v -0.590188 0.295940 -3.469685
v -0.607692 0.297155 -3.391024
v -0.607692 0.295940 -3.469685
v -0.607692 0.294725 -3.548345
v -0.625195 0.295940 -3.469685
v -0.625195 0.313253 -3.469822
v -0.625195 0.294725 -3.548345
v -0.625195 0.293491 -3.628216
v -0.625195 0.312038 -3.548483
v -0.625195 0.310805 -3.628353
v -0.625195 0.329351 -3.548620
v -0.625195 0.330566 -3.469959
v -0.625195 0.328118 -3.628490
v -0.625195 0.346665 -3.548757
v -0.625195 0.345431 -3.628628
v -0.625195 0.363978 -3.548895
v -0.625195 0.347880 -3.470097
v -0.625195 0.349095 -3.391436
v -0.625195 0.365193 -3.470234
v -0.607692 0.365193 -3.470234
v -0.625195 0.366408 -3.391573
v -0.625195 0.367604 -3.314123
v -0.607691 0.366408 -3.391573
v -0.590188 0.366408 -3.391573
v -0.590188 0.365193 -3.470234
v -0.572685 0.366408 -3.391573
v -0.572685 0.365193 -3.470234
v -0.555181 0.366408 -3.391573
v -0.555181 0.365193 -3.470234
v -0.555181 0.347880 -3.470097
v -0.555181 0.363978 -3.548895
v -0.572685 0.363978 -3.548895
v -0.555181 0.362744 -3.628765
v -0.555181 0.346665 -3.548757
v -0.555181 0.345431 -3.628628
v -0.555181 0.329351 -3.548620
v -0.555181 0.330566 -3.469959
v -0.555181 0.328118 -3.628490
v -0.555181 0.312038 -3.548483
v -0.555181 0.310805 -3.628353
v -0.555181 0.294725 -3.548345
v -0.555181 0.313253 -3.469822
v -0.555181 0.295940 -3.469685
v -0.572685 0.295940 -3.469685
v -0.555181 0.297155 -3.391024
v -0.572685 0.294725 -3.548345
v -0.572685 0.293491 -3.628216
v -0.590188 0.294725 -3.548345
v -0.590188 0.293491 -3.628216
v -0.607692 0.293491 -3.628216
v -0.590188 0.310805 -3.628353
v -0.572685 0.310805 -3.628353
v -0.590188 0.328118 -3.628490
v -0.607692 0.310805 -3.628353
v -0.607691 0.328118 -3.628490
v -0.607692 0.345431 -3.628628
v -0.590188 0.345431 -3.628628
v -0.607692 0.362744 -3.628765
v -0.625195 0.362744 -3.628765
v -0.607692 0.363978 -3.548895
v -0.590188 0.362744 -3.628765
v -0.572685 0.362744 -3.628765
v -0.590188 0.363978 -3.548895
v -0.572685 0.345431 -3.628628
v -0.572685 0.328118 -3.628490
v -0.555181 0.293491 -3.628216
v -0.504058 0.340080 -3.640044
v -0.506108 0.319277 -3.639813
v -0.485779 0.358929 -3.640252
v -0.504059 0.339914 -3.655027
v -0.485779 0.358764 -3.655236
v -0.506108 0.319111 -3.654797
v -0.491847 0.297154 -3.654554
v -0.491847 0.297320 -3.639570
v -0.501702 0.278719 -3.654350
v -0.527894 0.278599 -3.654348
v -0.501702 0.278885 -3.639366
v -0.527894 0.278765 -3.639365
v -0.544053 0.265505 -3.639218
v -0.549559 0.239612 -3.638932
v -0.544053 0.265339 -3.654202
v -0.567796 0.304799 -3.654638
v -0.549559 0.239446 -3.653915
v -0.569564 0.233378 -3.653848
v -0.588318 0.251592 -3.654049
v -0.569564 0.233544 -3.638865
v -0.588317 0.251758 -3.639066
v -0.609122 0.253807 -3.639089
v -0.609122 0.253641 -3.654072
v -0.631177 0.239612 -3.638932
v -0.649613 0.249466 -3.639041
v -0.631177 0.239446 -3.653915
v -0.649613 0.249300 -3.654024
v -0.650053 0.275426 -3.654313
v -0.663314 0.291585 -3.654492
v -0.650053 0.275591 -3.639330
v -0.663314 0.291751 -3.639509
v -0.688889 0.297320 -3.639570
v -0.694957 0.317324 -3.639792
v -0.688889 0.297154 -3.654554
v -0.694957 0.317158 -3.654775
v -0.676819 0.336011 -3.654984
v -0.674770 0.356814 -3.655214
v -0.676818 0.336177 -3.640001
v -0.674770 0.356980 -3.640231
v -0.688889 0.378933 -3.640474
v -0.679034 0.397368 -3.640678
v -0.688889 0.378767 -3.655457
v -0.679034 0.397202 -3.655661
v -0.652917 0.397778 -3.655667
v -0.636757 0.411039 -3.655814
v -0.652917 0.397944 -3.640684
v -0.636757 0.411205 -3.640831
v -0.631177 0.436642 -3.641113
v -0.611172 0.442709 -3.641180
v -0.631177 0.436476 -3.656096
v -0.611172 0.442543 -3.656163
v -0.591964 0.424236 -3.655960
v -0.571160 0.422187 -3.655938
v -0.591964 0.424401 -3.640977
v -0.571160 0.422353 -3.640954
v -0.590368 0.378273 -3.640467
v -0.582535 0.377502 -3.640458
v -0.598201 0.377502 -3.640458
v -0.590368 0.378107 -3.655450
v -0.582535 0.377336 -3.655441
v -0.598201 0.377336 -3.655441
v -0.605732 0.375051 -3.655416
v -0.612674 0.371342 -3.655375
v -0.605732 0.375217 -3.640433
v -0.612674 0.371508 -3.640392
v -0.618758 0.366515 -3.640337
v -0.623751 0.360431 -3.640269
v -0.618758 0.366349 -3.655319
v -0.623751 0.360265 -3.655252
v -0.627461 0.353324 -3.655175
v -0.629746 0.345793 -3.655092
v -0.627461 0.353490 -3.640192
v -0.629746 0.345959 -3.640109
v -0.630517 0.338127 -3.640022
v -0.629746 0.330294 -3.639935
v -0.630517 0.337961 -3.655005
v -0.629746 0.330128 -3.654919
v -0.627461 0.322598 -3.654835
v -0.623751 0.315656 -3.654758
v -0.627461 0.322764 -3.639852
v -0.623751 0.315822 -3.639775
v -0.618757 0.309738 -3.639708
v -0.612674 0.304746 -3.639653
v -0.618758 0.309573 -3.654691
v -0.612674 0.304580 -3.654636
v -0.605732 0.300870 -3.654595
v -0.598201 0.298585 -3.654569
v -0.605732 0.301036 -3.639611
v -0.598201 0.298751 -3.639586
v -0.590368 0.297980 -3.639578
v -0.582535 0.298751 -3.639586
v -0.590368 0.297814 -3.654561
v -0.582535 0.298585 -3.654569
v -0.575004 0.300870 -3.654595
v -0.568062 0.304580 -3.654636
v -0.575004 0.301036 -3.639611
v -0.568062 0.304746 -3.639653
v -0.561978 0.309738 -3.639708
v -0.556985 0.315822 -3.639775
v -0.561978 0.309573 -3.654691
v -0.556985 0.315656 -3.654758
v -0.553275 0.322598 -3.654835
v -0.553275 0.322764 -3.639852
v -0.550990 0.330128 -3.654918
v -0.550990 0.330294 -3.639935
v -0.550219 0.337961 -3.655005
v -0.550990 0.345793 -3.655092
v -0.550219 0.338127 -3.640022
v -0.550990 0.345959 -3.640109
v -0.553275 0.353490 -3.640192
v -0.553275 0.353324 -3.655175
v -0.556985 0.360431 -3.640269
v -0.561978 0.366515 -3.640337
v -0.556985 0.360265 -3.655252
v -0.561978 0.366349 -3.655319
v -0.568062 0.371342 -3.655375
v -0.575004 0.375052 -3.655416
v -0.568062 0.371508 -3.640392
v -0.575004 0.375217 -3.640433
v -0.549559 0.436642 -3.641113
v -0.531123 0.426787 -3.641004
v -0.549559 0.436476 -3.656096
v -0.531123 0.426621 -3.655987
v -0.530784 0.400758 -3.655700
v -0.517524 0.384599 -3.655521
v -0.530785 0.400924 -3.640717
v -0.517524 0.384765 -3.640538
v -0.491847 0.378933 -3.640474
v -0.491847 0.378767 -3.655457
v -0.503879 0.346720 -3.286185
v -0.505928 0.325918 -3.285955
v -0.485599 0.365570 -3.286394
v -0.503879 0.346555 -3.301168
v -0.485599 0.365404 -3.301377
v -0.505928 0.325752 -3.300938
v -0.491667 0.303795 -3.300695
v -0.491667 0.303961 -3.285712
v -0.501522 0.285360 -3.300491
v -0.527714 0.285240 -3.300489
v -0.501522 0.285526 -3.285508
v -0.527714 0.285406 -3.285506
v -0.543873 0.272146 -3.285359
v -0.549379 0.246253 -3.285073
v -0.543873 0.271980 -3.300343
v -0.567616 0.311440 -3.300779
v -0.549379 0.246087 -3.300056
v -0.569384 0.240019 -3.299989
v -0.569384 0.240185 -3.285006
v -0.588137 0.258233 -3.300190
v -0.588137 0.258399 -3.285207
v -0.608942 0.260282 -3.300213
v -0.598021 0.305226 -3.300711
v -0.630997 0.246087 -3.300056
v -0.608942 0.260448 -3.285230
v -0.630997 0.246253 -3.285073
v -0.649433 0.256107 -3.285182
v -0.649873 0.282232 -3.285471
v -0.649433 0.255941 -3.300165
v -0.649873 0.282067 -3.300454
v -0.663134 0.298226 -3.300633
v -0.688709 0.303795 -3.300695
v -0.663134 0.298391 -3.285650
v -0.688709 0.303961 -3.285712
v -0.694777 0.323965 -3.285933
v -0.676639 0.342818 -3.286142
v -0.694777 0.323799 -3.300916
v -0.676639 0.342652 -3.301125
v -0.674590 0.363455 -3.301355
v -0.688709 0.385408 -3.301598
v -0.674590 0.363620 -3.286372
v -0.688709 0.385574 -3.286615
v -0.678854 0.404009 -3.286819
v -0.652737 0.404585 -3.286825
v -0.678854 0.403843 -3.301802
v -0.652737 0.404419 -3.301809
v -0.636577 0.417680 -3.301955
v -0.630997 0.443117 -3.302237
v -0.636577 0.417846 -3.286972
v -0.630997 0.443283 -3.287254
v -0.610992 0.449350 -3.287321
v -0.591784 0.431042 -3.287118
v -0.610992 0.449184 -3.302304
v -0.591784 0.430876 -3.302101
v -0.570980 0.428828 -3.302079
v -0.549379 0.443117 -3.302237
v -0.570980 0.428993 -3.287096
v -0.549379 0.443283 -3.287254
v -0.530943 0.433428 -3.287145
v -0.530605 0.407565 -3.286859
v -0.530943 0.433262 -3.302128
v -0.530605 0.407399 -3.301841
v -0.517344 0.391240 -3.301663
v -0.491667 0.385408 -3.301598
v -0.517344 0.391406 -3.286680
v -0.491667 0.385574 -3.286615
v -0.590188 0.384914 -3.286608
v -0.598021 0.384143 -3.286599
v -0.590188 0.384748 -3.301591
v -0.582355 0.384143 -3.286599
v -0.574824 0.381858 -3.286574
v -0.582355 0.383977 -3.301582
v -0.574824 0.381692 -3.301557
v -0.567882 0.377983 -3.301516
v -0.561798 0.372990 -3.301461
v -0.567882 0.378149 -3.286533
v -0.561798 0.373156 -3.286478
v -0.556805 0.367072 -3.286410
v -0.553095 0.360131 -3.286333
v -0.556805 0.366906 -3.301393
v -0.553095 0.359965 -3.301316
v -0.550810 0.352434 -3.301233
v -0.550039 0.344602 -3.301147
v -0.550810 0.352600 -3.286250
v -0.550039 0.344768 -3.286163
v -0.550810 0.336935 -3.286077
v -0.553095 0.329404 -3.285993
v -0.550810 0.336769 -3.301060
v -0.553095 0.329239 -3.300976
v -0.556805 0.322297 -3.300900
v -0.561798 0.316213 -3.300832
v -0.556805 0.322463 -3.285917
v -0.561798 0.316379 -3.285849
v -0.567882 0.311387 -3.285794
v -0.567882 0.311221 -3.300777
v -0.574824 0.307677 -3.285753
v -0.574824 0.307511 -3.300736
v -0.582355 0.305392 -3.285728
v -0.590188 0.304621 -3.285719
v -0.582355 0.305226 -3.300711
v -0.590188 0.304455 -3.300702
v -0.598021 0.305392 -3.285728
v -0.605552 0.307677 -3.285753
v -0.605552 0.307511 -3.300736
v -0.612494 0.311387 -3.285794
v -0.618578 0.316379 -3.285849
v -0.612494 0.311221 -3.300777
v -0.618578 0.316213 -3.300832
v -0.623571 0.322297 -3.300900
v -0.627281 0.329239 -3.300976
v -0.623571 0.322463 -3.285917
v -0.627281 0.329405 -3.285993
v -0.629566 0.336935 -3.286077
v -0.630337 0.344768 -3.286163
v -0.629566 0.336769 -3.301060
v -0.630337 0.344602 -3.301147
v -0.629566 0.352434 -3.301233
v -0.627281 0.359965 -3.301316
v -0.629566 0.352600 -3.286250
v -0.627281 0.360131 -3.286333
v -0.623571 0.367072 -3.286410
v -0.618578 0.373156 -3.286478
v -0.623571 0.366906 -3.301393
v -0.618578 0.372990 -3.301461
v -0.612494 0.377983 -3.301516
v -0.605552 0.381693 -3.301557
v -0.612494 0.378148 -3.286533
v -0.605552 0.381858 -3.286574
v -0.598021 0.383977 -3.301582
v -0.636017 0.540335 -3.561973
v -0.613103 0.540335 -3.561973
v -0.636017 0.472195 -3.561219
v -0.636017 0.540075 -3.585533
v -0.613103 0.540075 -3.585533
v -0.636017 0.471934 -3.584779
v -0.636017 0.539814 -3.609095
v -0.636017 0.471673 -3.608341
v -0.636017 0.539553 -3.632657
v -0.613103 0.539814 -3.609095
v -0.590188 0.539814 -3.609095
v -0.613103 0.539553 -3.632657
v -0.590188 0.539553 -3.632657
v -0.613103 0.539292 -3.656217
v -0.636017 0.539292 -3.656217
v -0.613103 0.471152 -3.655463
v -0.590188 0.539292 -3.656217
v -0.590188 0.471152 -3.655463
v -0.567273 0.539292 -3.656217
v -0.567274 0.471152 -3.655463
v -0.544359 0.539292 -3.656217
v -0.567273 0.539553 -3.632657
v -0.567274 0.539814 -3.609095
v -0.544359 0.539553 -3.632657
v -0.544359 0.471413 -3.631902
v -0.544359 0.539814 -3.609095
v -0.544359 0.471673 -3.608341
v -0.544359 0.540074 -3.585533
v -0.544359 0.471934 -3.584779
v -0.544359 0.540335 -3.561973
v -0.567274 0.540075 -3.585533
v -0.590188 0.540075 -3.585533
v -0.567273 0.540335 -3.561973
v -0.567273 0.472195 -3.561219
v -0.590188 0.540335 -3.561973
v -0.590188 0.472195 -3.561219
v -0.590188 0.402989 -3.560453
v -0.613103 0.472195 -3.561219
v -0.613103 0.402989 -3.560453
v -0.636017 0.402989 -3.560453
v -0.613103 0.333784 -3.559687
v -0.590188 0.333783 -3.559687
v -0.636017 0.333784 -3.559687
v -0.613103 0.263514 -3.558909
v -0.590188 0.263514 -3.558909
v -0.636017 0.263514 -3.558909
v -0.613103 0.263253 -3.582469
v -0.636017 0.263253 -3.582469
v -0.613103 0.262992 -3.606031
v -0.590188 0.263253 -3.582469
v -0.567274 0.263253 -3.582469
v -0.590188 0.262992 -3.606031
v -0.590188 0.262731 -3.629592
v -0.567273 0.262992 -3.606031
v -0.544359 0.262992 -3.606031
v -0.567273 0.262731 -3.629592
v -0.544359 0.262732 -3.629592
v -0.567273 0.262471 -3.653153
v -0.590188 0.262471 -3.653153
v -0.567274 0.332740 -3.653931
v -0.544359 0.262471 -3.653153
v -0.544359 0.332740 -3.653931
v -0.544359 0.333001 -3.630370
v -0.544359 0.401946 -3.654697
v -0.544359 0.402207 -3.631136
v -0.567274 0.401946 -3.654697
v -0.544359 0.471152 -3.655463
v -0.590188 0.401946 -3.654697
v -0.613103 0.401946 -3.654697
v -0.590188 0.332740 -3.653931
v -0.613103 0.332740 -3.653931
v -0.636017 0.332740 -3.653931
v -0.613103 0.262471 -3.653153
v -0.636017 0.262471 -3.653153
v -0.613103 0.262731 -3.629592
v -0.636017 0.262731 -3.629592
v -0.636017 0.262992 -3.606031
v -0.636017 0.333001 -3.630370
v -0.636017 0.402207 -3.631136
v -0.636017 0.333262 -3.606809
v -0.636017 0.333523 -3.583247
v -0.636017 0.402468 -3.607575
v -0.636017 0.402728 -3.584013
v -0.636017 0.471413 -3.631902
v -0.636017 0.401946 -3.654697
v -0.636017 0.471152 -3.655463
v -0.544359 0.402468 -3.607575
v -0.544359 0.402729 -3.584013
v -0.544359 0.333262 -3.606809
v -0.544359 0.333523 -3.583247
v -0.544359 0.263253 -3.582469
v -0.544359 0.333784 -3.559687
v -0.544359 0.263514 -3.558909
v -0.567273 0.333784 -3.559687
v -0.544359 0.402989 -3.560453
v -0.544359 0.472195 -3.561219
v -0.567273 0.402989 -3.560453
v -0.567274 0.263514 -3.558909
v 0.140540 0.543702 -2.657882
v 0.163454 0.543702 -2.657882
v 0.140540 0.475562 -2.657128
v 0.140540 0.543441 -2.681443
v 0.163454 0.543441 -2.681443
v 0.140540 0.475301 -2.680689
v 0.140540 0.543181 -2.705004
v 0.140540 0.475040 -2.704250
v 0.140540 0.542920 -2.728566
v 0.163454 0.543181 -2.705004
v 0.186369 0.543181 -2.705004
v 0.163454 0.542920 -2.728566
v 0.163454 0.542659 -2.752127
v 0.186369 0.542920 -2.728566
v 0.186369 0.542659 -2.752127
v 0.209284 0.542920 -2.728566
v 0.209284 0.542659 -2.752127
v 0.209284 0.543181 -2.705004
v 0.232198 0.542920 -2.728566
v 0.232198 0.542659 -2.752127
v 0.232198 0.474780 -2.727812
v 0.232198 0.543181 -2.705004
v 0.232198 0.475040 -2.704250
v 0.232198 0.543441 -2.681443
v 0.232198 0.475301 -2.680689
v 0.232198 0.543702 -2.657882
v 0.209284 0.543442 -2.681443
v 0.186369 0.543441 -2.681443
v 0.209284 0.543702 -2.657882
v 0.209284 0.475562 -2.657128
v 0.186369 0.543702 -2.657882
v 0.186369 0.475562 -2.657128
v 0.186369 0.406356 -2.656362
v 0.163454 0.475562 -2.657128
v 0.163455 0.406356 -2.656362
v 0.163455 0.337151 -2.655596
v 0.140540 0.406356 -2.656362
v 0.140540 0.406096 -2.679923
v 0.140540 0.337151 -2.655596
v 0.140540 0.266881 -2.654818
v 0.140540 0.336890 -2.679157
v 0.140540 0.266620 -2.678379
v 0.140540 0.336629 -2.702718
v 0.140540 0.405835 -2.703484
v 0.140540 0.266359 -2.701941
v 0.140540 0.336368 -2.726280
v 0.140540 0.266098 -2.725502
v 0.140540 0.336107 -2.749840
v 0.140540 0.405574 -2.727046
v 0.140540 0.474780 -2.727812
v 0.140540 0.405313 -2.750606
v 0.163455 0.405313 -2.750606
v 0.140540 0.474519 -2.751372
v 0.140540 0.542659 -2.752127
v 0.163455 0.474519 -2.751372
v 0.186369 0.474519 -2.751372
v 0.186369 0.405313 -2.750606
v 0.209284 0.474519 -2.751372
v 0.209284 0.405313 -2.750606
v 0.232198 0.474519 -2.751372
v 0.232198 0.405313 -2.750606
v 0.232198 0.405574 -2.727046
v 0.232198 0.336107 -2.749840
v 0.209284 0.336107 -2.749840
v 0.232198 0.265838 -2.749063
v 0.232198 0.336368 -2.726280
v 0.232198 0.266098 -2.725502
v 0.232198 0.336629 -2.702718
v 0.232198 0.405835 -2.703484
v 0.232198 0.266359 -2.701941
v 0.232198 0.336890 -2.679157
v 0.232198 0.266620 -2.678379
v 0.232198 0.337151 -2.655596
v 0.232198 0.406096 -2.679923
v 0.232198 0.406356 -2.656362
v 0.209284 0.406356 -2.656362
v 0.232198 0.475562 -2.657128
v 0.209284 0.337151 -2.655596
v 0.209284 0.266881 -2.654818
v 0.186369 0.337151 -2.655596
v 0.186369 0.266881 -2.654818
v 0.163455 0.266881 -2.654818
v 0.186369 0.266620 -2.678379
v 0.209284 0.266620 -2.678379
v 0.186369 0.266359 -2.701941
v 0.163455 0.266620 -2.678379
v 0.163455 0.266359 -2.701941
v 0.163455 0.266098 -2.725502
v 0.186369 0.266099 -2.725502
v 0.163454 0.265838 -2.749063
v 0.140540 0.265838 -2.749063
v 0.163455 0.336107 -2.749840
v 0.186369 0.265838 -2.749063
v 0.209284 0.265838 -2.749063
v 0.186369 0.336107 -2.749840
v 0.209284 0.266098 -2.725502
v 0.209284 0.266359 -2.701941
v 0.232198 0.266881 -2.654818
v 0.421191 0.322425 -2.840349
v 0.414899 0.322425 -2.876554
v 0.419182 0.291774 -2.840349
v 0.414899 0.322425 -2.804144
v 0.419182 0.353075 -2.840349
v 0.413190 0.383201 -2.840349
v 0.412944 0.352254 -2.876554
v 0.412944 0.352254 -2.804144
v 0.395901 0.350010 -2.777640
v 0.407112 0.381573 -2.804144
v 0.390508 0.377123 -2.777640
v 0.397503 0.409879 -2.804144
v 0.381622 0.403301 -2.777640
v 0.384282 0.436690 -2.804144
v 0.403316 0.412287 -2.840349
v 0.389731 0.439836 -2.840349
v 0.397503 0.409879 -2.876554
v 0.384282 0.436690 -2.876554
v 0.381622 0.403301 -2.903058
v 0.407112 0.381573 -2.876554
v 0.390507 0.377123 -2.903058
v 0.367826 0.371046 -2.912759
v 0.395901 0.350010 -2.903058
v 0.372620 0.346945 -2.912759
v 0.397709 0.322425 -2.903058
v 0.395901 0.294839 -2.903058
v 0.374227 0.322425 -2.912759
v 0.372620 0.297905 -2.912759
v 0.350744 0.322425 -2.903058
v 0.349338 0.300970 -2.903058
v 0.333554 0.322425 -2.876554
v 0.349338 0.343880 -2.903058
v 0.345143 0.364968 -2.903058
v 0.332295 0.341636 -2.876554
v 0.328539 0.360519 -2.876554
v 0.326057 0.340815 -2.840349
v 0.322461 0.358891 -2.840349
v 0.332295 0.341636 -2.804144
v 0.327262 0.322425 -2.840349
v 0.326057 0.304035 -2.840349
v 0.333554 0.322425 -2.804144
v 0.332295 0.303213 -2.804144
v 0.350744 0.322425 -2.777640
v 0.349338 0.300970 -2.777640
v 0.374227 0.322425 -2.767939
v 0.349338 0.343880 -2.777640
v 0.345144 0.364968 -2.777640
v 0.372620 0.346945 -2.767939
v 0.367826 0.371046 -2.767939
v 0.359927 0.394315 -2.767939
v 0.338232 0.385329 -2.777640
v 0.349059 0.416354 -2.767939
v 0.328722 0.404612 -2.777640
v 0.335407 0.436785 -2.767939
v 0.369395 0.428095 -2.777640
v 0.354036 0.451080 -2.777640
v 0.335809 0.471865 -2.777640
v 0.367674 0.461545 -2.804144
v 0.347964 0.484020 -2.804144
v 0.372666 0.465375 -2.840349
v 0.352413 0.488469 -2.840349
v 0.367674 0.461545 -2.876554
v 0.347964 0.484020 -2.876554
v 0.354036 0.451080 -2.903058
v 0.335809 0.471865 -2.903058
v 0.335407 0.436785 -2.912759
v 0.369395 0.428095 -2.903058
v 0.349059 0.416354 -2.912759
v 0.328722 0.404612 -2.903058
v 0.359927 0.394315 -2.912759
v 0.338232 0.385329 -2.903058
v 0.322351 0.378750 -2.876554
v 0.313835 0.396017 -2.876554
v 0.316537 0.376342 -2.840349
v 0.308386 0.392871 -2.840349
v 0.322351 0.378750 -2.804144
v 0.313835 0.396017 -2.804144
v 0.328539 0.360519 -2.804144
v 0.303139 0.412025 -2.804144
v 0.298147 0.408195 -2.840349
v 0.290445 0.426500 -2.804144
v 0.316777 0.422490 -2.777640
v 0.302600 0.438656 -2.777640
v 0.286435 0.452832 -2.777640
v 0.319204 0.455260 -2.767939
v 0.300730 0.471462 -2.767939
v 0.280298 0.485114 -2.767939
v 0.315025 0.490092 -2.777640
v 0.292039 0.505450 -2.777640
v 0.325489 0.503730 -2.804144
v 0.300634 0.520337 -2.804144
v 0.329320 0.508722 -2.840349
v 0.303780 0.525786 -2.840349
v 0.325489 0.503730 -2.876554
v 0.300634 0.520337 -2.876554
v 0.315025 0.490092 -2.903058
v 0.292039 0.505450 -2.903058
v 0.300730 0.471462 -2.912759
v 0.280298 0.485114 -2.912759
v 0.286435 0.452832 -2.903058
v 0.319204 0.455260 -2.912759
v 0.302600 0.438656 -2.903058
v 0.290445 0.426500 -2.876554
v 0.316777 0.422490 -2.903058
v 0.303139 0.412025 -2.876554
v 0.275970 0.439195 -2.876554
v 0.285996 0.422051 -2.840349
v 0.272139 0.434203 -2.840349
v 0.256816 0.444442 -2.840349
v 0.275970 0.439195 -2.804144
v 0.259962 0.449891 -2.804144
v 0.242695 0.458406 -2.804144
v 0.268557 0.464778 -2.777640
v 0.249273 0.474288 -2.777640
v 0.228913 0.481199 -2.777640
v 0.258259 0.495982 -2.767939
v 0.234990 0.503881 -2.767939
v 0.267245 0.517677 -2.777640
v 0.241068 0.526563 -2.777640
v 0.273824 0.533559 -2.804144
v 0.245517 0.543168 -2.804144
v 0.276232 0.539372 -2.840349
v 0.247146 0.549245 -2.840349
v 0.273824 0.533559 -2.876554
v 0.245517 0.543168 -2.876554
v 0.267245 0.517677 -2.903058
v 0.241068 0.526563 -2.903058
v 0.258259 0.495982 -2.912759
v 0.234990 0.503881 -2.912759
v 0.249273 0.474288 -2.903058
v 0.228913 0.481199 -2.903058
v 0.242695 0.458406 -2.876554
v 0.268557 0.464778 -2.903058
v 0.259962 0.449891 -2.876554
v 0.224464 0.464595 -2.876554
v 0.240287 0.452593 -2.840349
v 0.222835 0.458517 -2.840349
v 0.204759 0.462113 -2.840349
v 0.224464 0.464595 -2.804144
v 0.205581 0.468351 -2.804144
v 0.186369 0.469610 -2.804144
v 0.207824 0.485394 -2.777640
v 0.186369 0.486800 -2.777640
v 0.210890 0.508675 -2.767939
v 0.186369 0.510282 -2.767939
v 0.213955 0.531956 -2.777640
v 0.186369 0.533764 -2.777640
v 0.216198 0.548999 -2.804144
v 0.186369 0.550955 -2.804144
v 0.217020 0.555238 -2.840349
v 0.186369 0.557247 -2.840349
v 0.216198 0.548999 -2.876554
v 0.186369 0.550955 -2.876554
v 0.213955 0.531956 -2.903058
v 0.186369 0.533764 -2.903058
v 0.210890 0.508675 -2.912759
v 0.186369 0.510282 -2.912759
v 0.207825 0.485394 -2.903058
v 0.186369 0.486800 -2.903058
v 0.205581 0.468351 -2.876554
v 0.186369 0.469610 -2.876554
v 0.167158 0.468351 -2.876554
v 0.186369 0.463318 -2.840349
v 0.167979 0.462112 -2.840349
v 0.149903 0.458517 -2.840349
v 0.167158 0.468351 -2.804144
v 0.148275 0.464595 -2.804144
v 0.164914 0.485394 -2.777640
v 0.143826 0.481199 -2.777640
v 0.161849 0.508675 -2.767939
v 0.137748 0.503881 -2.767939
v 0.158784 0.531956 -2.777640
v 0.131670 0.526563 -2.777640
v 0.156540 0.548999 -2.804144
v 0.127221 0.543168 -2.804144
v 0.155719 0.555238 -2.840349
v 0.125593 0.549245 -2.840349
v 0.156540 0.548999 -2.876554
v 0.127221 0.543168 -2.876554
v 0.158784 0.531956 -2.903058
v 0.131670 0.526563 -2.903058
v 0.161849 0.508675 -2.912759
v 0.137748 0.503881 -2.912759
v 0.164914 0.485394 -2.903058
v 0.143826 0.481199 -2.903058
v 0.123466 0.474288 -2.903058
v 0.148275 0.464595 -2.876554
v 0.130044 0.458406 -2.876554
v 0.112777 0.449891 -2.876554
v 0.132452 0.452593 -2.840349
v 0.115923 0.444442 -2.840349
v 0.130044 0.458406 -2.804144
v 0.112777 0.449891 -2.804144
v 0.123466 0.474288 -2.777640
v 0.104182 0.464778 -2.777640
v 0.114479 0.495982 -2.767939
v 0.092441 0.485114 -2.767939
v 0.105493 0.517677 -2.777640
v 0.080700 0.505450 -2.777640
v 0.098915 0.533559 -2.804144
v 0.072105 0.520337 -2.804144
v 0.096507 0.539372 -2.840349
v 0.068959 0.525786 -2.840349
v 0.098915 0.533559 -2.876554
v 0.072105 0.520337 -2.876554
v 0.105493 0.517677 -2.903058
v 0.080700 0.505450 -2.903058
v 0.114479 0.495982 -2.912759
v 0.092441 0.485114 -2.912759
v 0.072009 0.471462 -2.912759
v 0.104182 0.464778 -2.903058
v 0.086304 0.452832 -2.903058
v 0.070138 0.438656 -2.903058
v 0.096769 0.439195 -2.876554
v 0.082294 0.426500 -2.876554
v 0.100599 0.434203 -2.840349
v 0.086743 0.422051 -2.840349
v 0.096769 0.439195 -2.804144
v 0.082294 0.426500 -2.804144
v 0.086304 0.452832 -2.777640
v 0.070138 0.438656 -2.777640
v 0.072009 0.471462 -2.767939
v 0.053534 0.455260 -2.767939
v 0.057714 0.490092 -2.777640
v 0.036930 0.471864 -2.777640
v 0.047249 0.503730 -2.804144
v 0.024774 0.484020 -2.804144
v 0.043419 0.508721 -2.840349
v 0.020325 0.488469 -2.840349
v 0.047249 0.503730 -2.876554
v 0.024774 0.484020 -2.876554
v 0.057714 0.490092 -2.903058
v 0.036930 0.471864 -2.903058
v 0.018702 0.451080 -2.903058
v 0.053534 0.455260 -2.912759
v 0.037332 0.436785 -2.912759
v 0.023680 0.416353 -2.912759
v 0.055962 0.422490 -2.903058
v 0.044016 0.404612 -2.903058
v 0.069600 0.412025 -2.876554
v 0.058903 0.396017 -2.876554
v 0.074591 0.408195 -2.840349
v 0.064352 0.392871 -2.840349
v 0.069600 0.412025 -2.804144
v 0.058903 0.396017 -2.804144
v 0.055962 0.422490 -2.777640
v 0.044016 0.404612 -2.777640
v 0.037332 0.436785 -2.767939
v 0.023680 0.416354 -2.767939
v 0.018702 0.451080 -2.777640
v 0.003344 0.428095 -2.777640
v 0.005065 0.461545 -2.804144
v -0.011543 0.436690 -2.804144
v 0.000073 0.465375 -2.840349
v -0.016992 0.439836 -2.840349
v 0.005065 0.461545 -2.876554
v -0.011543 0.436690 -2.876554
v -0.024765 0.409879 -2.876554
v 0.003344 0.428095 -2.903058
v -0.008883 0.403301 -2.903058
v -0.017769 0.377124 -2.903058
v 0.012812 0.394315 -2.912759
v 0.004913 0.371046 -2.912759
v 0.034506 0.385328 -2.903058
v 0.027595 0.364968 -2.903058
v 0.050388 0.378750 -2.876554
v 0.044200 0.360519 -2.876554
v 0.056201 0.376342 -2.840349
v 0.050277 0.358891 -2.840349
v 0.050388 0.378750 -2.804144
v 0.044200 0.360519 -2.804144
v 0.034506 0.385328 -2.777640
v 0.027595 0.364968 -2.777640
v 0.012812 0.394315 -2.767939
v 0.004913 0.371046 -2.767939
v -0.008883 0.403301 -2.777640
v -0.017769 0.377124 -2.777640
v -0.024765 0.409879 -2.804144
v -0.034373 0.381573 -2.804144
v -0.030578 0.412287 -2.840349
v -0.040451 0.383201 -2.840349
v -0.046443 0.353075 -2.840349
v -0.034373 0.381573 -2.876554
v -0.040205 0.352254 -2.876554
v -0.042160 0.322425 -2.876554
v -0.023162 0.350010 -2.903058
v -0.024970 0.322425 -2.903058
v 0.000119 0.346945 -2.912759
v -0.001488 0.322425 -2.912759
v 0.023400 0.343880 -2.903058
v 0.021994 0.322425 -2.903058
v 0.040443 0.341636 -2.876554
v 0.039184 0.322425 -2.876554
v 0.046682 0.340815 -2.840349
v 0.045476 0.322425 -2.840349
v 0.040443 0.341636 -2.804144
v 0.039184 0.322425 -2.804144
v 0.023400 0.343880 -2.777640
v 0.021994 0.322425 -2.777640
v 0.000119 0.346945 -2.767939
v -0.001488 0.322425 -2.767939
v -0.023162 0.350010 -2.777640
v -0.024970 0.322425 -2.777640
v -0.040205 0.352254 -2.804144
v -0.042160 0.322425 -2.804144
v -0.040205 0.292596 -2.804144
v -0.048452 0.322425 -2.840349
v -0.046443 0.291774 -2.840349
v -0.040451 0.261649 -2.840349
v -0.040205 0.292596 -2.876554
v -0.034373 0.263277 -2.876554
v -0.023162 0.294840 -2.903058
v -0.017769 0.267726 -2.903058
v 0.000119 0.297905 -2.912759
v 0.004913 0.273804 -2.912759
v 0.023400 0.300970 -2.903058
v 0.027595 0.279881 -2.903058
v 0.040443 0.303213 -2.876554
v 0.044199 0.284331 -2.876554
v 0.046682 0.304035 -2.840349
v 0.050277 0.285959 -2.840349
v 0.040443 0.303213 -2.804144
v 0.044200 0.284331 -2.804144
v 0.023400 0.300970 -2.777640
v 0.027595 0.279881 -2.777640
v 0.000119 0.297905 -2.767939
v 0.004913 0.273804 -2.767939
v -0.023162 0.294840 -2.777640
v -0.017769 0.267726 -2.777640
v -0.008883 0.241549 -2.777640
v -0.034373 0.263277 -2.804144
v -0.024765 0.234970 -2.804144
v -0.011543 0.208160 -2.804144
v -0.030578 0.232562 -2.840349
v -0.016992 0.205014 -2.840349
v -0.024765 0.234970 -2.876554
v -0.011543 0.208160 -2.876554
v -0.008883 0.241549 -2.903058
v 0.003344 0.216755 -2.903058
v 0.012812 0.250535 -2.912759
v 0.023680 0.228496 -2.912759
v 0.034506 0.259521 -2.903058
v 0.044016 0.240237 -2.903058
v 0.050388 0.266100 -2.876554
v 0.058903 0.248832 -2.876554
v 0.056201 0.268507 -2.840349
v 0.064352 0.251978 -2.840349
v 0.050388 0.266100 -2.804144
v 0.058903 0.248832 -2.804144
v 0.034506 0.259521 -2.777640
v 0.044016 0.240237 -2.777640
v 0.012812 0.250535 -2.767939
v 0.023680 0.228496 -2.767939
v 0.037332 0.208064 -2.767939
v 0.003344 0.216755 -2.777640
v 0.018702 0.193770 -2.777640
v 0.036930 0.172985 -2.777640
v 0.005064 0.183305 -2.804144
v 0.024774 0.160830 -2.804144
v 0.000073 0.179474 -2.840349
v 0.020325 0.156381 -2.840349
v 0.005064 0.183305 -2.876554
v 0.024774 0.160830 -2.876554
v 0.018702 0.193769 -2.903058
v 0.036930 0.172985 -2.903058
v 0.037332 0.208064 -2.912759
v 0.053534 0.189590 -2.912759
v 0.055962 0.222360 -2.903058
v 0.070138 0.206194 -2.903058
v 0.069600 0.232824 -2.876554
v 0.082294 0.218349 -2.876554
v 0.074591 0.236655 -2.840349
v 0.086743 0.222798 -2.840349
v 0.069600 0.232824 -2.804144
v 0.082294 0.218349 -2.804144
v 0.055962 0.222360 -2.777640
v 0.070138 0.206194 -2.777640
v 0.086304 0.192017 -2.777640
v 0.053534 0.189590 -2.767939
v 0.072009 0.173388 -2.767939
v 0.092441 0.159736 -2.767939
v 0.057714 0.154758 -2.777640
v 0.080700 0.139399 -2.777640
v 0.047249 0.141120 -2.804144
v 0.072105 0.124512 -2.804144
v 0.043419 0.136128 -2.840349
v 0.068958 0.119063 -2.840349
v 0.047249 0.141120 -2.876554
v 0.072105 0.124512 -2.876554
v 0.057714 0.154758 -2.903058
v 0.080700 0.139399 -2.903058
v 0.072009 0.173388 -2.912759
v 0.092441 0.159736 -2.912759
v 0.086304 0.192017 -2.903058
v 0.104182 0.180072 -2.903058
v 0.096769 0.205655 -2.876554
v 0.112777 0.194959 -2.876554
v 0.100599 0.210647 -2.840349
v 0.115923 0.200408 -2.840349
v 0.096769 0.205655 -2.804144
v 0.112777 0.194959 -2.804144
v 0.130044 0.186444 -2.804144
v 0.104182 0.180072 -2.777640
v 0.123466 0.170562 -2.777640
v 0.143826 0.163651 -2.777640
v 0.114479 0.148867 -2.767939
v 0.137748 0.140968 -2.767939
v 0.105493 0.127173 -2.777640
v 0.131671 0.118286 -2.777640
v 0.098915 0.111291 -2.804144
v 0.127221 0.101682 -2.804144
v 0.096507 0.105478 -2.840349
v 0.125593 0.095604 -2.840349
v 0.098915 0.111291 -2.876554
v 0.127221 0.101682 -2.876554
v 0.105493 0.127173 -2.903058
v 0.131671 0.118286 -2.903058
v 0.114479 0.148867 -2.912759
v 0.137748 0.140969 -2.912759
v 0.123466 0.170562 -2.903058
v 0.143826 0.163651 -2.903058
v 0.130044 0.186444 -2.876554
v 0.148275 0.180255 -2.876554
v 0.132452 0.192257 -2.840349
v 0.149904 0.186333 -2.840349
v 0.167979 0.182737 -2.840349
v 0.148275 0.180255 -2.804144
v 0.167158 0.176499 -2.804144
v 0.186369 0.175240 -2.804144
v 0.164914 0.159456 -2.777640
v 0.186369 0.158050 -2.777640
v 0.161849 0.136175 -2.767939
v 0.186369 0.134567 -2.767939
v 0.158784 0.112893 -2.777640
v 0.186369 0.111085 -2.777640
v 0.156540 0.095850 -2.804144
v 0.186369 0.093895 -2.804144
v 0.155719 0.089612 -2.840349
v 0.186369 0.087603 -2.840349
v 0.156540 0.095850 -2.876554
v 0.186369 0.093895 -2.876554
v 0.158784 0.112893 -2.903058
v 0.186369 0.111085 -2.903058
v 0.161849 0.136175 -2.912759
v 0.186369 0.134568 -2.912759
v 0.164914 0.159456 -2.903058
v 0.186369 0.158050 -2.903058
v 0.167158 0.176499 -2.876554
v 0.186369 0.175240 -2.876554
v 0.205581 0.176499 -2.876554
v 0.186369 0.181532 -2.840349
v 0.204759 0.182737 -2.840349
v 0.222835 0.186333 -2.840349
v 0.205581 0.176499 -2.804144
v 0.224464 0.180255 -2.804144
v 0.207825 0.159456 -2.777640
v 0.228913 0.163651 -2.777640
v 0.210890 0.136175 -2.767939
v 0.234990 0.140968 -2.767939
v 0.213955 0.112893 -2.777640
v 0.241068 0.118286 -2.777640
v 0.216198 0.095850 -2.804144
v 0.245517 0.101682 -2.804144
v 0.217020 0.089612 -2.840349
v 0.247146 0.095604 -2.840349
v 0.216198 0.095850 -2.876554
v 0.245517 0.101682 -2.876554
v 0.213955 0.112893 -2.903058
v 0.241068 0.118286 -2.903058
v 0.210890 0.136175 -2.912759
v 0.234990 0.140969 -2.912759
v 0.207825 0.159456 -2.903058
v 0.228913 0.163651 -2.903058
v 0.249273 0.170562 -2.903058
v 0.224464 0.180255 -2.876554
v 0.242695 0.186444 -2.876554
v 0.259962 0.194959 -2.876554
v 0.240287 0.192257 -2.840349
v 0.256816 0.200408 -2.840349
v 0.242695 0.186444 -2.804144
v 0.259962 0.194959 -2.804144
v 0.249273 0.170562 -2.777640
v 0.268557 0.180072 -2.777640
v 0.258259 0.148867 -2.767939
v 0.280298 0.159736 -2.767939
v 0.267246 0.127173 -2.777640
v 0.292039 0.139399 -2.777640
v 0.273824 0.111291 -2.804144
v 0.300634 0.124512 -2.804144
v 0.276232 0.105478 -2.840349
v 0.303780 0.119063 -2.840349
v 0.273824 0.111291 -2.876554
v 0.300634 0.124512 -2.876554
v 0.267246 0.127173 -2.903058
v 0.292039 0.139399 -2.903058
v 0.258259 0.148867 -2.912759
v 0.280298 0.159736 -2.912759
v 0.300730 0.173388 -2.912759
v 0.268557 0.180072 -2.903058
v 0.286435 0.192017 -2.903058
v 0.302600 0.206194 -2.903058
v 0.275970 0.205655 -2.876554
v 0.290445 0.218349 -2.876554
v 0.272140 0.210647 -2.840349
v 0.285996 0.222798 -2.840349
v 0.275970 0.205655 -2.804144
v 0.290445 0.218349 -2.804144
v 0.286435 0.192017 -2.777640
v 0.302600 0.206194 -2.777640
v 0.300730 0.173387 -2.767939
v 0.319204 0.189590 -2.767939
v 0.315025 0.154758 -2.777640
v 0.335809 0.172985 -2.777640
v 0.325489 0.141120 -2.804144
v 0.347964 0.160830 -2.804144
v 0.329320 0.136128 -2.840349
v 0.352413 0.156381 -2.840349
v 0.325489 0.141120 -2.876554
v 0.347964 0.160830 -2.876554
v 0.315025 0.154758 -2.903058
v 0.335809 0.172985 -2.903058
v 0.354036 0.193769 -2.903058
v 0.319204 0.189590 -2.912759
v 0.335406 0.208065 -2.912759
v 0.349059 0.228496 -2.912759
v 0.316777 0.222360 -2.903058
v 0.328722 0.240237 -2.903058
v 0.303139 0.232824 -2.876554
v 0.313835 0.248832 -2.876554
v 0.298147 0.236655 -2.840349
v 0.308386 0.251978 -2.840349
v 0.303139 0.232824 -2.804144
v 0.313835 0.248832 -2.804144
v 0.316777 0.222360 -2.777640
v 0.328722 0.240237 -2.777640
v 0.335406 0.208065 -2.767939
v 0.349059 0.228496 -2.767939
v 0.354036 0.193770 -2.777640
v 0.369395 0.216755 -2.777640
v 0.367674 0.183305 -2.804144
v 0.384282 0.208160 -2.804144
v 0.372666 0.179475 -2.840349
v 0.389731 0.205014 -2.840349
v 0.367674 0.183305 -2.876554
v 0.384282 0.208160 -2.876554
v 0.397503 0.234970 -2.876554
v 0.369395 0.216755 -2.903058
v 0.381622 0.241549 -2.903058
v 0.390507 0.267726 -2.903058
v 0.359927 0.250535 -2.912759
v 0.367826 0.273804 -2.912759
v 0.338232 0.259521 -2.903058
v 0.345143 0.279881 -2.903058
v 0.322351 0.266100 -2.876554
v 0.328539 0.284331 -2.876554
v 0.316537 0.268507 -2.840349
v 0.322462 0.285959 -2.840349
v 0.322351 0.266100 -2.804144
v 0.328539 0.284331 -2.804144
v 0.338232 0.259521 -2.777640
v 0.345143 0.279881 -2.777640
v 0.359927 0.250535 -2.767939
v 0.367826 0.273804 -2.767939
v 0.381622 0.241549 -2.777640
v 0.390508 0.267726 -2.777640
v 0.397503 0.234970 -2.804144
v 0.407112 0.263277 -2.804144
v 0.403316 0.232562 -2.840349
v 0.413190 0.261649 -2.840349
v 0.407112 0.263277 -2.876554
v 0.412944 0.292596 -2.876554
v 0.412944 0.292596 -2.804144
v 0.395901 0.294840 -2.777640
v 0.372620 0.297905 -2.767939
v 0.397709 0.322425 -2.777640
v 0.332295 0.303213 -2.876554
v 0.064797 0.321452 -2.830256
v 0.038920 0.294767 -2.830256
v 0.064797 0.321452 -2.850365
v 0.067698 0.350902 -2.830256
v 0.047510 0.381985 -2.830256
v 0.067698 0.350902 -2.850365
v 0.131232 0.335305 -2.830257
v 0.130140 0.324217 -2.830257
v 0.134467 0.345967 -2.830257
v 0.131232 0.335305 -2.850365
v 0.134467 0.345967 -2.850365
v 0.130140 0.324217 -2.850365
v 0.131232 0.313130 -2.850365
v 0.134467 0.302468 -2.850365
v 0.131232 0.313130 -2.830257
v 0.134467 0.302468 -2.830257
v 0.139719 0.292642 -2.830257
v 0.146787 0.284029 -2.830257
v 0.139719 0.292642 -2.850365
v 0.146787 0.284029 -2.850365
v 0.155399 0.276961 -2.850365
v 0.165225 0.271709 -2.850365
v 0.155399 0.276961 -2.830257
v 0.165225 0.271709 -2.830257
v 0.175887 0.268475 -2.830257
v 0.186975 0.267383 -2.830257
v 0.175887 0.268475 -2.850365
v 0.186975 0.267383 -2.850365
v 0.198062 0.268475 -2.850365
v 0.208724 0.271709 -2.850365
v 0.198062 0.268475 -2.830257
v 0.208724 0.271709 -2.830257
v 0.218550 0.276961 -2.830257
v 0.227163 0.284029 -2.830257
v 0.218550 0.276961 -2.850365
v 0.227163 0.284029 -2.850365
v 0.234231 0.292642 -2.850365
v 0.239483 0.302468 -2.850365
v 0.234231 0.292642 -2.830257
v 0.239483 0.302468 -2.830257
v 0.242717 0.313130 -2.830257
v 0.243809 0.324217 -2.830257
v 0.242717 0.313130 -2.850365
v 0.243809 0.324217 -2.850365
v 0.242717 0.335305 -2.850365
v 0.239483 0.345967 -2.850365
v 0.242717 0.335305 -2.830257
v 0.239483 0.345967 -2.830257
v 0.234231 0.355793 -2.830257
v 0.227163 0.364405 -2.830257
v 0.234231 0.355793 -2.850365
v 0.227163 0.364405 -2.850365
v 0.218550 0.371473 -2.850365
v 0.208724 0.376725 -2.850365
v 0.218550 0.371473 -2.830257
v 0.208724 0.376725 -2.830257
v 0.198062 0.379960 -2.830257
v 0.186975 0.381052 -2.830257
v 0.198063 0.379960 -2.850365
v 0.213522 0.443586 -2.850365
v 0.186975 0.381052 -2.850365
v 0.175887 0.379960 -2.850365
v 0.165225 0.376725 -2.850365
v 0.175887 0.379960 -2.830257
v 0.165225 0.376725 -2.830257
v 0.155399 0.371473 -2.830257
v 0.146787 0.364405 -2.830257
v 0.155399 0.371473 -2.850365
v 0.155023 0.371164 -2.850365
v 0.121412 0.427026 -2.850365
v 0.146787 0.364405 -2.850365
v 0.139719 0.355793 -2.850365
v 0.139719 0.355793 -2.830257
v 0.129207 0.463682 -2.850365
v 0.121412 0.427026 -2.830257
v 0.098537 0.408253 -2.850365
v 0.098537 0.408253 -2.830257
v 0.061460 0.408084 -2.850365
v 0.061460 0.408083 -2.830256
v 0.047510 0.381985 -2.850365
v 0.129207 0.463682 -2.830257
v 0.157525 0.472272 -2.830257
v 0.184072 0.446487 -2.830257
v 0.157525 0.472272 -2.850365
v 0.184072 0.446486 -2.850365
v 0.213522 0.443586 -2.830257
v 0.244743 0.463682 -2.830257
v 0.270841 0.449732 -2.830257
v 0.244743 0.463682 -2.850365
v 0.270841 0.449732 -2.850365
v 0.271463 0.412746 -2.850365
v 0.290237 0.389871 -2.850365
v 0.271463 0.412746 -2.830257
v 0.290237 0.389871 -2.830257
v 0.326439 0.381985 -2.830257
v 0.335029 0.353667 -2.830257
v 0.326439 0.381985 -2.850365
v 0.335029 0.353667 -2.850365
v 0.309353 0.326977 -2.850365
v 0.306453 0.297527 -2.850365
v 0.309353 0.326977 -2.830257
v 0.306453 0.297527 -2.830257
v 0.326439 0.266449 -2.830257
v 0.312489 0.240351 -2.830257
v 0.326439 0.266449 -2.850365
v 0.312489 0.240351 -2.850365
v 0.275518 0.239535 -2.850365
v 0.252642 0.220762 -2.850365
v 0.275518 0.239535 -2.830257
v 0.252642 0.220762 -2.830257
v 0.244743 0.184753 -2.830257
v 0.216424 0.176163 -2.830257
v 0.244743 0.184753 -2.850365
v 0.216425 0.176163 -2.850365
v 0.189235 0.202081 -2.850365
v 0.159785 0.204981 -2.850365
v 0.189235 0.202081 -2.830257
v 0.159785 0.204981 -2.830256
v 0.129207 0.184753 -2.830256
v 0.103108 0.198703 -2.830256
v 0.129207 0.184753 -2.850365
v 0.103108 0.198703 -2.850365
v 0.102631 0.235317 -2.850365
v 0.083857 0.258192 -2.850365
v 0.102631 0.235317 -2.830256
v 0.083857 0.258192 -2.830256
v 0.047510 0.266449 -2.830256
v 0.047510 0.266449 -2.850365
v 0.038920 0.294767 -2.850365
v 0.151362 0.298351 -2.683342
v 0.168866 0.298351 -2.683342
v 0.151362 0.297155 -2.760791
v 0.151362 0.315665 -2.683479
v 0.168866 0.315665 -2.683479
v 0.151362 0.314469 -2.760929
v 0.151362 0.332978 -2.683616
v 0.151362 0.331782 -2.761066
v 0.151362 0.350291 -2.683753
v 0.168866 0.332978 -2.683616
v 0.186369 0.332978 -2.683616
v 0.168866 0.350291 -2.683753
v 0.168866 0.367604 -2.683891
v 0.186369 0.350291 -2.683753
v 0.186369 0.367604 -2.683891
v 0.203872 0.350291 -2.683753
v 0.203872 0.367604 -2.683891
v 0.203872 0.332978 -2.683616
v 0.221376 0.350291 -2.683753
v 0.221376 0.367604 -2.683891
v 0.221376 0.349095 -2.761203
v 0.221376 0.332978 -2.683616
v 0.221376 0.331782 -2.761066
v 0.221376 0.315665 -2.683479
v 0.221376 0.314469 -2.760929
v 0.221376 0.298351 -2.683342
v 0.203872 0.315665 -2.683479
v 0.186369 0.315665 -2.683479
v 0.203872 0.298351 -2.683342
v 0.203872 0.297155 -2.760791
v 0.186369 0.298351 -2.683342
v 0.186369 0.297155 -2.760791
v 0.186369 0.295940 -2.839452
v 0.168866 0.297155 -2.760791
v 0.168866 0.295940 -2.839452
v 0.168866 0.294725 -2.918113
v 0.151362 0.295940 -2.839452
v 0.151362 0.313253 -2.839589
v 0.151362 0.294725 -2.918113
v 0.151362 0.293491 -2.997983
v 0.151362 0.312038 -2.918250
v 0.151362 0.310805 -2.998121
v 0.151362 0.329351 -2.918387
v 0.151362 0.330566 -2.839727
v 0.151362 0.328118 -2.998258
v 0.151362 0.346665 -2.918525
v 0.151362 0.345431 -2.998395
v 0.151362 0.363978 -2.918662
v 0.151362 0.347880 -2.839864
v 0.151362 0.349095 -2.761203
v 0.151362 0.365193 -2.840001
v 0.168866 0.365193 -2.840001
v 0.151362 0.366408 -2.761341
v 0.151362 0.367604 -2.683891
v 0.168866 0.366408 -2.761341
v 0.186369 0.366408 -2.761341
v 0.186369 0.365193 -2.840001
v 0.203872 0.366408 -2.761341
v 0.203872 0.365193 -2.840001
v 0.221376 0.366408 -2.761341
v 0.221376 0.365193 -2.840001
v 0.221376 0.347880 -2.839864
v 0.221376 0.363978 -2.918662
v 0.203872 0.363978 -2.918662
v 0.221376 0.362744 -2.998533
v 0.221376 0.346665 -2.918525
v 0.221376 0.345431 -2.998395
v 0.221376 0.329351 -2.918387
v 0.221376 0.330566 -2.839727
v 0.221376 0.328118 -2.998258
v 0.221376 0.312038 -2.918250
v 0.221376 0.310805 -2.998121
v 0.221376 0.294725 -2.918113
v 0.221376 0.313254 -2.839589
v 0.221376 0.295940 -2.839452
v 0.203872 0.295940 -2.839452
v 0.221376 0.297155 -2.760791
v 0.203872 0.294725 -2.918113
v 0.203872 0.293491 -2.997983
v 0.186369 0.294725 -2.918113
v 0.186369 0.293491 -2.997983
v 0.168866 0.293491 -2.997983
v 0.186369 0.310805 -2.998121
v 0.203872 0.310805 -2.998121
v 0.186369 0.328118 -2.998258
v 0.168866 0.310805 -2.998121
v 0.168866 0.328118 -2.998258
v 0.168866 0.345431 -2.998395
v 0.186369 0.345431 -2.998395
v 0.168866 0.362744 -2.998533
v 0.151362 0.362744 -2.998533
v 0.168866 0.363978 -2.918662
v 0.186369 0.362744 -2.998533
v 0.203872 0.362744 -2.998533
v 0.186369 0.363978 -2.918662
v 0.203872 0.345431 -2.998395
v 0.203872 0.328118 -2.998258
v 0.221376 0.293491 -2.997983
v 0.272499 0.340080 -3.009811
v 0.270450 0.319277 -3.009581
v 0.290779 0.358929 -3.010020
v 0.272499 0.339914 -3.024794
v 0.290779 0.358764 -3.025003
v 0.270450 0.319111 -3.024564
v 0.284711 0.297154 -3.024321
v 0.284711 0.297320 -3.009338
v 0.274856 0.278719 -3.024117
v 0.248664 0.278599 -3.024116
v 0.274856 0.278885 -3.009134
v 0.248664 0.278765 -3.009133
v 0.232505 0.265505 -3.008986
v 0.226999 0.239612 -3.008699
v 0.232505 0.265339 -3.023969
v 0.208762 0.304799 -3.024406
v 0.226999 0.239446 -3.023682
v 0.206994 0.233378 -3.023615
v 0.188240 0.251592 -3.023817
v 0.206994 0.233544 -3.008632
v 0.188241 0.251758 -3.008834
v 0.167436 0.253807 -3.008856
v 0.167436 0.253641 -3.023839
v 0.145381 0.239612 -3.008699
v 0.126945 0.249466 -3.008808
v 0.145381 0.239446 -3.023682
v 0.126945 0.249300 -3.023791
v 0.126505 0.275426 -3.024081
v 0.113244 0.291585 -3.024260
v 0.126505 0.275591 -3.009098
v 0.113244 0.291751 -3.009276
v 0.087669 0.297320 -3.009338
v 0.081601 0.317324 -3.009559
v 0.087669 0.297154 -3.024321
v 0.081601 0.317158 -3.024543
v 0.099739 0.336011 -3.024751
v 0.101788 0.356814 -3.024981
v 0.099739 0.336177 -3.009768
v 0.101788 0.356980 -3.009998
v 0.087669 0.378933 -3.010242
v 0.097524 0.397368 -3.010445
v 0.087669 0.378767 -3.025224
v 0.097524 0.397202 -3.025429
v 0.123641 0.397778 -3.025435
v 0.139801 0.411039 -3.025582
v 0.123641 0.397944 -3.010452
v 0.139801 0.411205 -3.010599
v 0.145381 0.436642 -3.010880
v 0.165386 0.442709 -3.010947
v 0.145381 0.436476 -3.025863
v 0.165386 0.442543 -3.025930
v 0.184594 0.424236 -3.025728
v 0.205398 0.422187 -3.025705
v 0.184594 0.424401 -3.010745
v 0.205398 0.422353 -3.010722
v 0.186190 0.378273 -3.010234
v 0.194023 0.377502 -3.010226
v 0.178357 0.377502 -3.010226
v 0.186190 0.378107 -3.025217
v 0.194023 0.377336 -3.025209
v 0.178357 0.377336 -3.025209
v 0.170826 0.375052 -3.025183
v 0.163884 0.371342 -3.025142
v 0.170826 0.375217 -3.010200
v 0.163884 0.371508 -3.010159
v 0.157800 0.366515 -3.010104
v 0.152807 0.360431 -3.010037
v 0.157800 0.366349 -3.025087
v 0.152807 0.360265 -3.025020
v 0.149097 0.353324 -3.024943
v 0.146812 0.345793 -3.024859
v 0.149097 0.353490 -3.009960
v 0.146812 0.345959 -3.009876
v 0.146041 0.338127 -3.009790
v 0.146812 0.330294 -3.009703
v 0.146041 0.337961 -3.024773
v 0.146812 0.330128 -3.024686
v 0.149097 0.322598 -3.024603
v 0.152807 0.315656 -3.024526
v 0.149097 0.322764 -3.009620
v 0.152807 0.315822 -3.009543
v 0.157800 0.309738 -3.009475
v 0.163884 0.304746 -3.009420
v 0.157800 0.309573 -3.024459
v 0.163884 0.304580 -3.024403
v 0.170826 0.300870 -3.024362
v 0.178357 0.298585 -3.024337
v 0.170826 0.301036 -3.009379
v 0.178357 0.298751 -3.009354
v 0.186190 0.297980 -3.009345
v 0.194023 0.298751 -3.009354
v 0.186190 0.297814 -3.024328
v 0.194023 0.298585 -3.024337
v 0.201554 0.300870 -3.024362
v 0.208496 0.304580 -3.024403
v 0.201554 0.301036 -3.009379
v 0.208496 0.304746 -3.009420
v 0.214580 0.309738 -3.009475
v 0.219573 0.315822 -3.009543
v 0.214580 0.309573 -3.024459
v 0.219573 0.315656 -3.024526
v 0.223283 0.322598 -3.024603
v 0.223283 0.322764 -3.009620
v 0.225568 0.330128 -3.024686
v 0.225568 0.330294 -3.009703
v 0.226339 0.337961 -3.024773
v 0.225568 0.345793 -3.024859
v 0.226339 0.338127 -3.009790
v 0.225568 0.345959 -3.009876
v 0.223283 0.353490 -3.009960
v 0.223283 0.353324 -3.024943
v 0.219573 0.360431 -3.010036
v 0.214580 0.366515 -3.010104
v 0.219573 0.360265 -3.025020
v 0.214580 0.366349 -3.025087
v 0.208496 0.371342 -3.025142
v 0.201554 0.375052 -3.025183
v 0.208496 0.371508 -3.010159
v 0.201554 0.375217 -3.010200
v 0.226999 0.436642 -3.010880
v 0.245435 0.426787 -3.010771
v 0.226999 0.436476 -3.025863
v 0.245435 0.426621 -3.025754
v 0.245773 0.400758 -3.025468
v 0.259034 0.384599 -3.025289
v 0.245773 0.400924 -3.010485
v 0.259034 0.384765 -3.010306
v 0.284711 0.378933 -3.010242
v 0.284711 0.378767 -3.025224
v 0.272678 0.346721 -2.655952
v 0.270629 0.325918 -2.655722
v 0.290958 0.365570 -2.656161
v 0.272678 0.346555 -2.670936
v 0.290958 0.365405 -2.671144
v 0.270629 0.325752 -2.670705
v 0.284890 0.303795 -2.670462
v 0.284890 0.303961 -2.655479
v 0.275035 0.285360 -2.670258
v 0.248843 0.285240 -2.670257
v 0.275035 0.285526 -2.655275
v 0.248843 0.285406 -2.655274
v 0.232684 0.272146 -2.655127
v 0.227178 0.246253 -2.654840
v 0.232684 0.271980 -2.670110
v 0.208941 0.311440 -2.670547
v 0.227178 0.246087 -2.669823
v 0.207173 0.240019 -2.669756
v 0.207173 0.240185 -2.654773
v 0.188420 0.258233 -2.669958
v 0.188420 0.258399 -2.654975
v 0.167615 0.260282 -2.669981
v 0.178536 0.305226 -2.670478
v 0.145560 0.246087 -2.669823
v 0.167615 0.260448 -2.654998
v 0.145560 0.246253 -2.654840
v 0.127124 0.256107 -2.654950
v 0.126684 0.282232 -2.655239
v 0.127124 0.255941 -2.669933
v 0.126684 0.282067 -2.670222
v 0.113423 0.298226 -2.670401
v 0.087848 0.303795 -2.670462
v 0.113423 0.298392 -2.655418
v 0.087848 0.303961 -2.655479
v 0.081780 0.323965 -2.655701
v 0.099918 0.342818 -2.655909
v 0.081780 0.323799 -2.670684
v 0.099918 0.342652 -2.670892
v 0.101967 0.363455 -2.671123
v 0.087848 0.385408 -2.671366
v 0.101967 0.363620 -2.656140
v 0.087848 0.385574 -2.656383
v 0.097703 0.404009 -2.656587
v 0.123820 0.404585 -2.656593
v 0.097703 0.403843 -2.671570
v 0.123820 0.404419 -2.671576
v 0.139980 0.417680 -2.671723
v 0.145560 0.443117 -2.672004
v 0.139980 0.417846 -2.656740
v 0.145560 0.443283 -2.657021
v 0.165565 0.449350 -2.657089
v 0.184773 0.431042 -2.656886
v 0.165565 0.449184 -2.672072
v 0.184773 0.430877 -2.671869
v 0.205577 0.428828 -2.671846
v 0.227178 0.443117 -2.672004
v 0.205577 0.428993 -2.656863
v 0.227178 0.443283 -2.657021
v 0.245614 0.433428 -2.656912
v 0.245952 0.407565 -2.656626
v 0.245614 0.433262 -2.671895
v 0.245952 0.407399 -2.671609
v 0.259213 0.391240 -2.671430
v 0.284890 0.385408 -2.671366
v 0.259213 0.391406 -2.656447
v 0.284890 0.385574 -2.656383
v 0.186369 0.384914 -2.656375
v 0.178536 0.384143 -2.656367
v 0.186369 0.384748 -2.671358
v 0.194202 0.384143 -2.656367
v 0.201733 0.381858 -2.656342
v 0.194202 0.383977 -2.671350
v 0.201733 0.381693 -2.671324
v 0.208675 0.377983 -2.671283
v 0.214759 0.372990 -2.671228
v 0.208675 0.378149 -2.656300
v 0.214759 0.373156 -2.656245
v 0.219752 0.367072 -2.656178
v 0.223462 0.360131 -2.656101
v 0.219752 0.366906 -2.671161
v 0.223462 0.359965 -2.671084
v 0.225747 0.352434 -2.671001
v 0.226518 0.344602 -2.670914
v 0.225747 0.352600 -2.656018
v 0.226518 0.344768 -2.655931
v 0.225747 0.336935 -2.655844
v 0.223462 0.329405 -2.655761
v 0.225747 0.336769 -2.670827
v 0.223462 0.329239 -2.670744
v 0.219752 0.322297 -2.670667
v 0.214759 0.316214 -2.670600
v 0.219752 0.322463 -2.655684
v 0.214759 0.316379 -2.655617
v 0.208675 0.311387 -2.655561
v 0.208675 0.311221 -2.670545
v 0.201733 0.307677 -2.655520
v 0.201733 0.307511 -2.670503
v 0.194202 0.305392 -2.655495
v 0.186369 0.304621 -2.655487
v 0.194202 0.305226 -2.670478
v 0.186369 0.304455 -2.670470
v 0.178536 0.305392 -2.655495
v 0.171005 0.307677 -2.655520
v 0.171005 0.307511 -2.670503
v 0.164063 0.311387 -2.655561
v 0.157979 0.316379 -2.655617
v 0.164063 0.311221 -2.670545
v 0.157979 0.316214 -2.670600
v 0.152986 0.322297 -2.670667
v 0.149276 0.329239 -2.670744
v 0.152986 0.322463 -2.655684
v 0.149276 0.329405 -2.655761
v 0.146991 0.336935 -2.655844
v 0.146220 0.344768 -2.655931
v 0.146991 0.336769 -2.670827
v 0.146220 0.344602 -2.670914
v 0.146991 0.352434 -2.671001
v 0.149276 0.359965 -2.671084
v 0.146991 0.352600 -2.656018
v 0.149276 0.360131 -2.656101
v 0.152986 0.367072 -2.656178
v 0.157979 0.373156 -2.656245
v 0.152986 0.366906 -2.671161
v 0.157979 0.372990 -2.671228
v 0.164063 0.377983 -2.671283
v 0.171005 0.381693 -2.671324
v 0.164063 0.378149 -2.656300
v 0.171005 0.381858 -2.656342
v 0.178536 0.383977 -2.671350
v 0.140540 0.540335 -2.931741
v 0.163454 0.540335 -2.931741
v 0.140540 0.472195 -2.930986
v 0.140540 0.540075 -2.955301
v 0.163454 0.540075 -2.955301
v 0.140540 0.471934 -2.954547
v 0.140540 0.539814 -2.978863
v 0.140540 0.471673 -2.978108
v 0.140540 0.539553 -3.002424
v 0.163454 0.539814 -2.978863
v 0.186369 0.539814 -2.978863
v 0.163454 0.539553 -3.002424
v 0.186369 0.539553 -3.002424
v 0.163454 0.539292 -3.025985
v 0.140540 0.539292 -3.025985
v 0.163454 0.471152 -3.025230
v 0.186369 0.539292 -3.025985
v 0.186369 0.471152 -3.025230
v 0.209284 0.539292 -3.025985
v 0.209283 0.471152 -3.025230
v 0.232198 0.539292 -3.025985
v 0.209284 0.539553 -3.002424
v 0.209283 0.539814 -2.978863
v 0.232198 0.539553 -3.002424
v 0.232198 0.471413 -3.001670
v 0.232198 0.539814 -2.978863
v 0.232198 0.471674 -2.978108
v 0.232198 0.540075 -2.955301
v 0.232198 0.471934 -2.954547
v 0.232198 0.540335 -2.931741
v 0.209283 0.540075 -2.955301
v 0.186369 0.540075 -2.955301
v 0.209284 0.540335 -2.931741
v 0.209284 0.472195 -2.930986
v 0.186369 0.540335 -2.931741
v 0.186369 0.472195 -2.930986
v 0.186369 0.402989 -2.930220
v 0.163454 0.472195 -2.930986
v 0.163454 0.402989 -2.930220
v 0.140540 0.402989 -2.930220
v 0.163454 0.333784 -2.929454
v 0.186369 0.333784 -2.929454
v 0.140540 0.333784 -2.929454
v 0.163454 0.263514 -2.928676
v 0.186369 0.263514 -2.928676
v 0.140540 0.263514 -2.928676
v 0.163454 0.263253 -2.952237
v 0.140540 0.263253 -2.952237
v 0.163454 0.262992 -2.975798
v 0.186369 0.263253 -2.952237
v 0.209283 0.263253 -2.952237
v 0.186369 0.262992 -2.975798
v 0.186369 0.262732 -2.999360
v 0.209284 0.262992 -2.975798
v 0.232198 0.262992 -2.975798
v 0.209284 0.262732 -2.999360
v 0.232198 0.262732 -2.999360
v 0.209284 0.262471 -3.022921
v 0.186369 0.262471 -3.022921
v 0.209283 0.332740 -3.023698
v 0.232198 0.262471 -3.022921
v 0.232198 0.332740 -3.023698
v 0.232198 0.333001 -3.000138
v 0.232198 0.401946 -3.024464
v 0.232198 0.402207 -3.000904
v 0.209283 0.401946 -3.024464
v 0.232198 0.471152 -3.025230
v 0.186369 0.401946 -3.024464
v 0.163454 0.401946 -3.024464
v 0.186369 0.332740 -3.023698
v 0.163454 0.332740 -3.023698
v 0.140540 0.332740 -3.023698
v 0.163454 0.262471 -3.022921
v 0.140540 0.262471 -3.022921
v 0.163454 0.262732 -2.999360
v 0.140540 0.262731 -2.999360
v 0.140540 0.262992 -2.975798
v 0.140540 0.333001 -3.000138
v 0.140540 0.402207 -3.000904
v 0.140540 0.333262 -2.976576
v 0.140540 0.333523 -2.953015
v 0.140540 0.402468 -2.977342
v 0.140540 0.402729 -2.953781
v 0.140540 0.471413 -3.001670
v 0.140540 0.401946 -3.024464
v 0.140540 0.471152 -3.025230
v 0.232198 0.402468 -2.977342
v 0.232198 0.402729 -2.953781
v 0.232198 0.333262 -2.976576
v 0.232198 0.333523 -2.953015
v 0.232198 0.263253 -2.952237
v 0.232198 0.333784 -2.929454
v 0.232198 0.263514 -2.928676
v 0.209284 0.333784 -2.929454
v 0.232198 0.402989 -2.930220
v 0.232198 0.472195 -2.930986
v 0.209284 0.402989 -2.930220
v 0.209283 0.263514 -2.928676
v -0.628626 0.543702 -2.654531
v -0.605712 0.543702 -2.654531
v -0.628626 0.475562 -2.653777
v -0.628626 0.543442 -2.678092
v -0.605712 0.543442 -2.678092
v -0.628626 0.475301 -2.677338
v -0.628626 0.543181 -2.701654
v -0.628626 0.475040 -2.700899
v -0.628626 0.542920 -2.725215
v -0.605712 0.543181 -2.701654
v -0.582797 0.543181 -2.701654
v -0.605712 0.542920 -2.725215
v -0.605712 0.542659 -2.748776
v -0.582797 0.542920 -2.725215
v -0.582797 0.542659 -2.748776
v -0.559882 0.542920 -2.725215
v -0.559882 0.542659 -2.748776
v -0.559882 0.543181 -2.701654
v -0.536968 0.542920 -2.725215
v -0.536968 0.542659 -2.748776
v -0.536968 0.474780 -2.724461
v -0.536968 0.543181 -2.701654
v -0.536968 0.475040 -2.700899
v -0.536968 0.543441 -2.678092
v -0.536968 0.475301 -2.677338
v -0.536968 0.543702 -2.654531
v -0.559882 0.543442 -2.678092
v -0.582797 0.543441 -2.678092
v -0.559882 0.543702 -2.654531
v -0.559882 0.475562 -2.653777
v -0.582797 0.543702 -2.654531
v -0.582797 0.475562 -2.653777
v -0.582797 0.406356 -2.653011
v -0.605712 0.475562 -2.653777
v -0.605711 0.406356 -2.653011
v -0.605711 0.337151 -2.652245
v -0.628626 0.406356 -2.653011
v -0.628626 0.406096 -2.676572
v -0.628626 0.337151 -2.652245
v -0.628626 0.266881 -2.651467
v -0.628626 0.336890 -2.675806
v -0.628626 0.266620 -2.675028
v -0.628626 0.336629 -2.699367
v -0.628626 0.405835 -2.700133
v -0.628626 0.266359 -2.698590
v -0.628626 0.336368 -2.722929
v -0.628626 0.266098 -2.722151
v -0.628626 0.336107 -2.746490
v -0.628626 0.405574 -2.723695
v -0.628626 0.474780 -2.724461
v -0.628626 0.405313 -2.747256
v -0.605711 0.405313 -2.747256
v -0.628626 0.474519 -2.748022
v -0.628626 0.542659 -2.748776
v -0.605711 0.474519 -2.748022
v -0.582797 0.474519 -2.748022
v -0.582797 0.405313 -2.747256
v -0.559882 0.474519 -2.748022
v -0.559882 0.405313 -2.747256
v -0.536968 0.474519 -2.748022
v -0.536968 0.405313 -2.747256
v -0.536968 0.405574 -2.723695
v -0.536968 0.336107 -2.746490
v -0.559882 0.336107 -2.746490
v -0.536968 0.265838 -2.745712
v -0.536968 0.336368 -2.722929
v -0.536968 0.266098 -2.722151
v -0.536968 0.336629 -2.699367
v -0.536968 0.405835 -2.700133
v -0.536968 0.266359 -2.698590
v -0.536968 0.336890 -2.675806
v -0.536968 0.266620 -2.675028
v -0.536968 0.337151 -2.652245
v -0.536968 0.406096 -2.676572
v -0.536968 0.406356 -2.653011
v -0.559882 0.406356 -2.653011
v -0.536968 0.475562 -2.653777
v -0.559882 0.337151 -2.652245
v -0.559882 0.266881 -2.651467
v -0.582797 0.337151 -2.652245
v -0.582797 0.266881 -2.651467
v -0.605711 0.266881 -2.651467
v -0.582797 0.266620 -2.675028
v -0.559882 0.266620 -2.675028
v -0.582797 0.266359 -2.698590
v -0.605711 0.266620 -2.675028
v -0.605711 0.266359 -2.698590
v -0.605711 0.266098 -2.722151
v -0.582797 0.266099 -2.722151
v -0.605712 0.265838 -2.745712
v -0.628626 0.265838 -2.745712
v -0.605711 0.336107 -2.746490
v -0.582797 0.265838 -2.745712
v -0.559882 0.265838 -2.745712
v -0.582797 0.336107 -2.746490
v -0.559882 0.266098 -2.722151
v -0.559882 0.266359 -2.698590
v -0.536968 0.266881 -2.651467
v -0.347975 0.322425 -2.836998
v -0.354267 0.322425 -2.873203
v -0.349984 0.291774 -2.836998
v -0.354267 0.322425 -2.800793
v -0.349984 0.353075 -2.836998
v -0.355977 0.383201 -2.836998
v -0.356223 0.352254 -2.873203
v -0.356223 0.352254 -2.800793
v -0.373266 0.350010 -2.774289
v -0.362054 0.381573 -2.800793
v -0.378659 0.377123 -2.774289
v -0.371663 0.409879 -2.800793
v -0.387545 0.403301 -2.774289
v -0.384885 0.436690 -2.800793
v -0.365850 0.412287 -2.836998
v -0.379436 0.439836 -2.836998
v -0.371663 0.409879 -2.873203
v -0.384885 0.436690 -2.873203
v -0.387545 0.403301 -2.899707
v -0.362054 0.381573 -2.873203
v -0.378659 0.377123 -2.899707
v -0.401341 0.371046 -2.909408
v -0.373266 0.350010 -2.899707
v -0.396547 0.346945 -2.909408
v -0.371458 0.322425 -2.899707
v -0.373266 0.294840 -2.899707
v -0.394940 0.322425 -2.909408
v -0.396547 0.297905 -2.909408
v -0.418422 0.322425 -2.899707
v -0.419828 0.300970 -2.899707
v -0.435612 0.322425 -2.873203
v -0.419828 0.343880 -2.899707
v -0.424023 0.364968 -2.899707
v -0.436871 0.341636 -2.873203
v -0.440627 0.360519 -2.873203
v -0.443109 0.340815 -2.836998
v -0.446705 0.358891 -2.836998
v -0.436871 0.341636 -2.800793
v -0.441904 0.322425 -2.836998
v -0.443109 0.304035 -2.836998
v -0.435612 0.322425 -2.800793
v -0.436871 0.303213 -2.800793
v -0.418422 0.322425 -2.774289
v -0.419828 0.300970 -2.774289
v -0.394940 0.322425 -2.764588
v -0.419828 0.343880 -2.774289
v -0.424023 0.364968 -2.774289
v -0.396547 0.346945 -2.764588
v -0.401341 0.371046 -2.764588
v -0.409240 0.394315 -2.764588
v -0.430934 0.385329 -2.774289
v -0.420108 0.416354 -2.764588
v -0.440444 0.404612 -2.774289
v -0.433760 0.436785 -2.764588
v -0.399772 0.428095 -2.774289
v -0.415130 0.451080 -2.774289
v -0.433358 0.471865 -2.774289
v -0.401492 0.461545 -2.800793
v -0.421202 0.484020 -2.800793
v -0.396501 0.465375 -2.836998
v -0.416753 0.488469 -2.836998
v -0.401492 0.461545 -2.873203
v -0.421202 0.484020 -2.873203
v -0.415130 0.451080 -2.899707
v -0.433358 0.471865 -2.899707
v -0.433760 0.436785 -2.909408
v -0.399772 0.428095 -2.899707
v -0.420108 0.416354 -2.909408
v -0.440444 0.404613 -2.899707
v -0.409240 0.394315 -2.909408
v -0.430934 0.385329 -2.899707
v -0.446816 0.378750 -2.873203
v -0.455331 0.396017 -2.873203
v -0.452629 0.376342 -2.836998
v -0.460780 0.392871 -2.836998
v -0.446816 0.378750 -2.800793
v -0.455331 0.396017 -2.800793
v -0.440627 0.360519 -2.800793
v -0.466027 0.412025 -2.800793
v -0.471019 0.408195 -2.836998
v -0.478722 0.426500 -2.800793
v -0.452389 0.422490 -2.774289
v -0.466566 0.438656 -2.774289
v -0.482732 0.452832 -2.774289
v -0.449962 0.455260 -2.764588
v -0.468437 0.471462 -2.764588
v -0.488868 0.485114 -2.764588
v -0.454142 0.490092 -2.774289
v -0.477127 0.505450 -2.774289
v -0.443677 0.503730 -2.800793
v -0.468532 0.520337 -2.800793
v -0.439847 0.508722 -2.836998
v -0.465386 0.525786 -2.836998
v -0.443677 0.503730 -2.873203
v -0.468532 0.520337 -2.873203
v -0.454142 0.490092 -2.899707
v -0.477127 0.505450 -2.899707
v -0.468437 0.471462 -2.909408
v -0.488868 0.485114 -2.909408
v -0.482732 0.452832 -2.899707
v -0.449962 0.455260 -2.909408
v -0.466566 0.438656 -2.899707
v -0.478722 0.426500 -2.873203
v -0.452389 0.422490 -2.899707
v -0.466027 0.412025 -2.873203
v -0.493197 0.439195 -2.873203
v -0.483171 0.422051 -2.836998
v -0.497027 0.434203 -2.836998
v -0.512351 0.444442 -2.836998
v -0.493197 0.439195 -2.800793
v -0.509205 0.449891 -2.800793
v -0.526472 0.458406 -2.800793
v -0.500610 0.464778 -2.774289
v -0.519893 0.474288 -2.774289
v -0.540254 0.481199 -2.774289
v -0.510907 0.495982 -2.764588
v -0.534176 0.503881 -2.764588
v -0.501921 0.517677 -2.774289
v -0.528098 0.526563 -2.774289
v -0.495343 0.533559 -2.800793
v -0.523649 0.543168 -2.800793
v -0.492935 0.539372 -2.836998
v -0.522021 0.549245 -2.836998
v -0.495343 0.533559 -2.873203
v -0.523649 0.543168 -2.873203
v -0.501921 0.517677 -2.899707
v -0.528099 0.526563 -2.899707
v -0.510907 0.495982 -2.909408
v -0.534176 0.503881 -2.909408
v -0.519893 0.474288 -2.899707
v -0.540254 0.481199 -2.899707
v -0.526472 0.458406 -2.873203
v -0.500610 0.464778 -2.899707
v -0.509205 0.449891 -2.873203
v -0.544703 0.464595 -2.873203
v -0.528880 0.452593 -2.836998
v -0.546331 0.458517 -2.836998
v -0.564407 0.462113 -2.836998
v -0.544703 0.464595 -2.800793
v -0.563586 0.468351 -2.800793
v -0.582797 0.469610 -2.800793
v -0.561342 0.485394 -2.774289
v -0.582797 0.486800 -2.774289
v -0.558277 0.508675 -2.764588
v -0.582797 0.510282 -2.764588
v -0.555212 0.531956 -2.774289
v -0.582797 0.533764 -2.774289
v -0.552968 0.548999 -2.800793
v -0.582797 0.550955 -2.800793
v -0.552147 0.555238 -2.836998
v -0.582797 0.557247 -2.836998
v -0.552968 0.548999 -2.873203
v -0.582797 0.550955 -2.873203
v -0.555212 0.531956 -2.899707
v -0.582797 0.533764 -2.899707
v -0.558277 0.508675 -2.909408
v -0.582797 0.510282 -2.909408
v -0.561342 0.485394 -2.899707
v -0.582797 0.486800 -2.899707
v -0.563586 0.468351 -2.873203
v -0.582797 0.469610 -2.873203
v -0.602009 0.468351 -2.873203
v -0.582797 0.463318 -2.836998
v -0.601187 0.462112 -2.836998
v -0.619263 0.458517 -2.836998
v -0.602009 0.468351 -2.800793
v -0.620891 0.464595 -2.800793
v -0.604252 0.485394 -2.774289
v -0.625341 0.481199 -2.774289
v -0.607318 0.508675 -2.764588
v -0.631418 0.503881 -2.764588
v -0.610383 0.531956 -2.774289
v -0.637496 0.526563 -2.774289
v -0.612626 0.548999 -2.800793
v -0.641945 0.543168 -2.800793
v -0.613448 0.555238 -2.836998
v -0.643574 0.549245 -2.836998
v -0.612626 0.548999 -2.873203
v -0.641945 0.543168 -2.873203
v -0.610383 0.531956 -2.899707
v -0.637496 0.526563 -2.899707
v -0.607318 0.508675 -2.909408
v -0.631418 0.503881 -2.909408
v -0.604252 0.485394 -2.899707
v -0.625341 0.481199 -2.899707
v -0.645701 0.474288 -2.899707
v -0.620891 0.464595 -2.873203
v -0.639122 0.458406 -2.873203
v -0.656390 0.449891 -2.873203
v -0.636715 0.452593 -2.836998
v -0.653244 0.444442 -2.836998
v -0.639122 0.458406 -2.800793
v -0.656390 0.449891 -2.800793
v -0.645701 0.474288 -2.774289
v -0.664985 0.464778 -2.774289
v -0.654687 0.495982 -2.764588
v -0.676726 0.485114 -2.764588
v -0.663673 0.517677 -2.774289
v -0.688467 0.505450 -2.774289
v -0.670252 0.533559 -2.800793
v -0.697062 0.520337 -2.800793
v -0.672660 0.539372 -2.836998
v -0.700208 0.525786 -2.836998
v -0.670252 0.533559 -2.873203
v -0.697062 0.520337 -2.873203
v -0.663673 0.517677 -2.899707
v -0.688467 0.505450 -2.899707
v -0.654687 0.495982 -2.909408
v -0.676726 0.485114 -2.909408
v -0.697158 0.471462 -2.909408
v -0.664985 0.464778 -2.899707
v -0.682862 0.452832 -2.899707
v -0.699028 0.438656 -2.899707
v -0.672398 0.439195 -2.873203
v -0.686873 0.426500 -2.873203
v -0.668567 0.434203 -2.836998
v -0.682424 0.422051 -2.836998
v -0.672398 0.439195 -2.800793
v -0.686873 0.426500 -2.800793
v -0.682862 0.452832 -2.774289
v -0.699028 0.438656 -2.774289
v -0.697158 0.471462 -2.764588
v -0.715632 0.455260 -2.764588
v -0.711453 0.490092 -2.774289
v -0.732237 0.471864 -2.774289
v -0.721917 0.503730 -2.800793
v -0.744392 0.484020 -2.800793
v -0.725748 0.508721 -2.836998
v -0.748841 0.488469 -2.836998
v -0.721917 0.503730 -2.873203
v -0.744392 0.484020 -2.873203
v -0.711453 0.490092 -2.899707
v -0.732237 0.471864 -2.899707
v -0.750464 0.451080 -2.899707
v -0.715632 0.455260 -2.909408
v -0.731834 0.436785 -2.909408
v -0.745486 0.416354 -2.909408
v -0.713205 0.422490 -2.899707
v -0.725150 0.404612 -2.899707
v -0.699567 0.412025 -2.873203
v -0.710263 0.396017 -2.873203
v -0.694575 0.408195 -2.836998
v -0.704814 0.392871 -2.836998
v -0.699567 0.412026 -2.800793
v -0.710263 0.396017 -2.800793
v -0.713205 0.422490 -2.774289
v -0.725150 0.404612 -2.774289
v -0.731834 0.436785 -2.764588
v -0.745486 0.416354 -2.764588
v -0.750464 0.451080 -2.774289
v -0.765823 0.428095 -2.774289
v -0.764102 0.461545 -2.800793
v -0.780710 0.436690 -2.800793
v -0.769094 0.465375 -2.836998
v -0.786159 0.439836 -2.836998
v -0.764102 0.461545 -2.873203
v -0.780710 0.436690 -2.873203
v -0.793931 0.409879 -2.873203
v -0.765823 0.428095 -2.899707
v -0.778049 0.403301 -2.899707
v -0.786935 0.377124 -2.899707
v -0.756355 0.394315 -2.909408
v -0.764253 0.371046 -2.909408
v -0.734660 0.385328 -2.899707
v -0.741571 0.364968 -2.899707
v -0.718778 0.378750 -2.873203
v -0.724967 0.360519 -2.873203
v -0.712965 0.376342 -2.836998
v -0.718889 0.358891 -2.836998
v -0.718778 0.378750 -2.800793
v -0.724967 0.360519 -2.800793
v -0.734660 0.385328 -2.774289
v -0.741571 0.364968 -2.774289
v -0.756355 0.394315 -2.764588
v -0.764253 0.371046 -2.764588
v -0.778049 0.403301 -2.774289
v -0.786935 0.377124 -2.774289
v -0.793931 0.409879 -2.800793
v -0.803540 0.381573 -2.800793
v -0.799744 0.412287 -2.836998
v -0.809618 0.383201 -2.836998
v -0.815610 0.353075 -2.836998
v -0.803540 0.381573 -2.873203
v -0.809372 0.352254 -2.873203
v -0.811327 0.322425 -2.873203
v -0.792329 0.350010 -2.899707
v -0.794137 0.322425 -2.899707
v -0.769047 0.346945 -2.909408
v -0.770655 0.322425 -2.909408
v -0.745766 0.343880 -2.899707
v -0.747172 0.322425 -2.899707
v -0.728723 0.341636 -2.873203
v -0.729982 0.322425 -2.873203
v -0.722485 0.340815 -2.836998
v -0.723690 0.322425 -2.836998
v -0.728723 0.341636 -2.800793
v -0.729982 0.322425 -2.800793
v -0.745766 0.343880 -2.774289
v -0.747172 0.322425 -2.774289
v -0.769047 0.346945 -2.764588
v -0.770654 0.322425 -2.764588
v -0.792329 0.350010 -2.774289
v -0.794137 0.322425 -2.774289
v -0.809372 0.352254 -2.800793
v -0.811327 0.322425 -2.800793
v -0.809372 0.292596 -2.800793
v -0.817619 0.322425 -2.836998
v -0.815610 0.291774 -2.836998
v -0.809618 0.261649 -2.836998
v -0.809372 0.292596 -2.873203
v -0.803540 0.263277 -2.873203
v -0.792329 0.294840 -2.899707
v -0.786936 0.267726 -2.899707
v -0.769047 0.297905 -2.909408
v -0.764253 0.273804 -2.909408
v -0.745766 0.300970 -2.899707
v -0.741571 0.279881 -2.899707
v -0.728723 0.303213 -2.873203
v -0.724967 0.284331 -2.873203
v -0.722485 0.304035 -2.836998
v -0.718889 0.285959 -2.836998
v -0.728723 0.303213 -2.800793
v -0.724967 0.284331 -2.800793
v -0.745766 0.300970 -2.774289
v -0.741571 0.279881 -2.774289
v -0.769047 0.297905 -2.764588
v -0.764253 0.273804 -2.764588
v -0.792329 0.294840 -2.774289
v -0.786935 0.267726 -2.774289
v -0.778049 0.241549 -2.774289
v -0.803540 0.263277 -2.800793
v -0.793931 0.234970 -2.800793
v -0.780710 0.208160 -2.800793
v -0.799744 0.232563 -2.836998
v -0.786159 0.205014 -2.836998
v -0.793931 0.234970 -2.873203
v -0.780710 0.208160 -2.873203
v -0.778049 0.241549 -2.899707
v -0.765823 0.216755 -2.899707
v -0.756355 0.250535 -2.909408
v -0.745486 0.228496 -2.909408
v -0.734660 0.259521 -2.899707
v -0.725150 0.240237 -2.899707
v -0.718778 0.266100 -2.873203
v -0.710263 0.248832 -2.873203
v -0.712965 0.268507 -2.836998
v -0.704814 0.251978 -2.836998
v -0.718778 0.266100 -2.800793
v -0.710263 0.248832 -2.800793
v -0.734660 0.259521 -2.774289
v -0.725150 0.240237 -2.774289
v -0.756355 0.250535 -2.764588
v -0.745486 0.228496 -2.764588
v -0.731834 0.208064 -2.764588
v -0.765823 0.216755 -2.774289
v -0.750464 0.193770 -2.774289
v -0.732237 0.172985 -2.774289
v -0.764102 0.183305 -2.800793
v -0.744392 0.160830 -2.800793
v -0.769094 0.179474 -2.836998
v -0.748841 0.156381 -2.836998
v -0.764102 0.183305 -2.873203
v -0.744392 0.160830 -2.873203
v -0.750464 0.193769 -2.899707
v -0.732237 0.172985 -2.899707
v -0.731834 0.208064 -2.909408
v -0.715632 0.189590 -2.909408
v -0.713205 0.222360 -2.899707
v -0.699028 0.206194 -2.899707
v -0.699567 0.232824 -2.873203
v -0.686873 0.218349 -2.873203
v -0.694575 0.236655 -2.836998
v -0.682424 0.222798 -2.836998
v -0.699567 0.232824 -2.800793
v -0.686873 0.218349 -2.800793
v -0.713205 0.222360 -2.774289
v -0.699028 0.206194 -2.774289
v -0.682862 0.192017 -2.774289
v -0.715632 0.189590 -2.764588
v -0.697158 0.173388 -2.764588
v -0.676726 0.159736 -2.764588
v -0.711452 0.154758 -2.774289
v -0.688467 0.139399 -2.774289
v -0.721917 0.141120 -2.800793
v -0.697062 0.124512 -2.800793
v -0.725748 0.136128 -2.836998
v -0.700208 0.119063 -2.836998
v -0.721917 0.141120 -2.873203
v -0.697062 0.124512 -2.873203
v -0.711452 0.154758 -2.899707
v -0.688467 0.139399 -2.899707
v -0.697158 0.173388 -2.909408
v -0.676726 0.159736 -2.909408
v -0.682862 0.192017 -2.899707
v -0.664985 0.180072 -2.899707
v -0.672398 0.205655 -2.873203
v -0.656390 0.194959 -2.873203
v -0.668567 0.210647 -2.836998
v -0.653244 0.200408 -2.836998
v -0.672398 0.205655 -2.800793
v -0.656390 0.194959 -2.800793
v -0.639122 0.186444 -2.800793
v -0.664985 0.180072 -2.774289
v -0.645701 0.170562 -2.774289
v -0.625341 0.163651 -2.774289
v -0.654687 0.148867 -2.764588
v -0.631418 0.140968 -2.764588
v -0.663673 0.127173 -2.774289
v -0.637496 0.118286 -2.774289
v -0.670252 0.111291 -2.800793
v -0.641945 0.101682 -2.800793
v -0.672660 0.105478 -2.836998
v -0.643573 0.095604 -2.836998
v -0.670252 0.111291 -2.873203
v -0.641945 0.101682 -2.873203
v -0.663673 0.127173 -2.899707
v -0.637496 0.118286 -2.899707
v -0.654687 0.148867 -2.909408
v -0.631418 0.140969 -2.909408
v -0.645701 0.170562 -2.899707
v -0.625341 0.163651 -2.899707
v -0.639122 0.186444 -2.873203
v -0.620891 0.180255 -2.873203
v -0.636715 0.192257 -2.836998
v -0.619263 0.186333 -2.836998
v -0.601187 0.182737 -2.836998
v -0.620891 0.180255 -2.800793
v -0.602009 0.176499 -2.800793
v -0.582797 0.175240 -2.800793
v -0.604252 0.159456 -2.774289
v -0.582797 0.158050 -2.774289
v -0.607317 0.136175 -2.764588
v -0.582797 0.134567 -2.764588
v -0.610382 0.112893 -2.774289
v -0.582797 0.111085 -2.774289
v -0.612626 0.095850 -2.800793
v -0.582797 0.093895 -2.800793
v -0.613448 0.089612 -2.836998
v -0.582797 0.087603 -2.836998
v -0.612626 0.095850 -2.873203
v -0.582797 0.093895 -2.873203
v -0.610382 0.112893 -2.899707
v -0.582797 0.111085 -2.899707
v -0.607317 0.136175 -2.909408
v -0.582797 0.134568 -2.909408
v -0.604252 0.159456 -2.899707
v -0.582797 0.158050 -2.899707
v -0.602009 0.176499 -2.873203
v -0.582797 0.175240 -2.873203
v -0.563586 0.176499 -2.873203
v -0.582797 0.181532 -2.836998
v -0.564407 0.182737 -2.836998
v -0.546331 0.186333 -2.836998
v -0.563586 0.176499 -2.800793
v -0.544703 0.180255 -2.800793
v -0.561342 0.159456 -2.774289
v -0.540254 0.163651 -2.774289
v -0.558277 0.136175 -2.764588
v -0.534176 0.140968 -2.764588
v -0.555212 0.112893 -2.774289
v -0.528098 0.118287 -2.774289
v -0.552968 0.095850 -2.800793
v -0.523649 0.101682 -2.800793
v -0.552147 0.089612 -2.836998
v -0.522021 0.095604 -2.836998
v -0.552968 0.095850 -2.873203
v -0.523649 0.101682 -2.873203
v -0.555212 0.112893 -2.899707
v -0.528098 0.118287 -2.899707
v -0.558277 0.136175 -2.909408
v -0.534176 0.140969 -2.909408
v -0.561342 0.159456 -2.899707
v -0.540254 0.163651 -2.899707
v -0.519893 0.170562 -2.899707
v -0.544703 0.180255 -2.873203
v -0.526472 0.186444 -2.873203
v -0.509205 0.194959 -2.873203
v -0.528880 0.192257 -2.836998
v -0.512351 0.200408 -2.836998
v -0.526472 0.186444 -2.800793
v -0.509205 0.194959 -2.800793
v -0.519893 0.170562 -2.774289
v -0.500610 0.180072 -2.774289
v -0.510907 0.148867 -2.764588
v -0.488868 0.159736 -2.764588
v -0.501921 0.127173 -2.774289
v -0.477127 0.139399 -2.774289
v -0.495343 0.111291 -2.800793
v -0.468532 0.124512 -2.800793
v -0.492935 0.105478 -2.836998
v -0.465386 0.119063 -2.836998
v -0.495343 0.111291 -2.873203
v -0.468532 0.124512 -2.873203
v -0.501921 0.127173 -2.899707
v -0.477127 0.139399 -2.899707
v -0.510907 0.148867 -2.909408
v -0.488868 0.159736 -2.909408
v -0.468437 0.173388 -2.909408
v -0.500610 0.180072 -2.899707
v -0.482732 0.192017 -2.899707
v -0.466566 0.206194 -2.899707
v -0.493197 0.205655 -2.873203
v -0.478722 0.218349 -2.873203
v -0.497027 0.210647 -2.836998
v -0.483171 0.222798 -2.836998
v -0.493196 0.205655 -2.800793
v -0.478722 0.218349 -2.800793
v -0.482732 0.192017 -2.774289
v -0.466566 0.206194 -2.774289
v -0.468437 0.173388 -2.764588
v -0.449962 0.189590 -2.764588
v -0.454142 0.154758 -2.774289
v -0.433357 0.172985 -2.774289
v -0.443677 0.141120 -2.800793
v -0.421202 0.160830 -2.800793
v -0.439847 0.136128 -2.836998
v -0.416753 0.156381 -2.836998
v -0.443677 0.141120 -2.873203
v -0.421202 0.160830 -2.873203
v -0.454142 0.154758 -2.899707
v -0.433357 0.172985 -2.899707
v -0.415130 0.193769 -2.899707
v -0.449962 0.189590 -2.909408
v -0.433760 0.208065 -2.909408
v -0.420108 0.228496 -2.909408
v -0.452389 0.222360 -2.899707
v -0.440444 0.240237 -2.899707
v -0.466027 0.232824 -2.873203
v -0.455331 0.248832 -2.873203
v -0.471019 0.236655 -2.836998
v -0.460780 0.251978 -2.836998
v -0.466027 0.232824 -2.800793
v -0.455331 0.248832 -2.800793
v -0.452389 0.222360 -2.774289
v -0.440444 0.240237 -2.774289
v -0.433760 0.208065 -2.764588
v -0.420108 0.228496 -2.764588
v -0.415130 0.193770 -2.774289
v -0.399772 0.216755 -2.774289
v -0.401492 0.183305 -2.800793
v -0.384885 0.208160 -2.800793
v -0.396501 0.179475 -2.836998
v -0.379436 0.205014 -2.836998
v -0.401492 0.183305 -2.873203
v -0.384885 0.208160 -2.873203
v -0.371663 0.234970 -2.873203
v -0.399772 0.216755 -2.899707
v -0.387545 0.241549 -2.899707
v -0.378659 0.267726 -2.899707
v -0.409240 0.250535 -2.909408
v -0.401341 0.273804 -2.909408
v -0.430934 0.259521 -2.899707
v -0.424023 0.279881 -2.899707
v -0.446816 0.266100 -2.873203
v -0.440627 0.284331 -2.873203
v -0.452629 0.268507 -2.836998
v -0.446705 0.285959 -2.836998
v -0.446816 0.266100 -2.800793
v -0.440627 0.284331 -2.800793
v -0.430934 0.259521 -2.774289
v -0.424023 0.279881 -2.774289
v -0.409240 0.250535 -2.764588
v -0.401341 0.273804 -2.764588
v -0.387545 0.241549 -2.774289
v -0.378659 0.267726 -2.774289
v -0.371663 0.234970 -2.800793
v -0.362054 0.263277 -2.800793
v -0.365850 0.232562 -2.836998
v -0.355977 0.261649 -2.836998
v -0.362054 0.263277 -2.873203
v -0.356223 0.292596 -2.873203
v -0.356223 0.292596 -2.800793
v -0.373266 0.294840 -2.774289
v -0.396547 0.297905 -2.764588
v -0.371458 0.322425 -2.774289
v -0.436871 0.303213 -2.873203
v -0.704369 0.321452 -2.826906
v -0.730246 0.294767 -2.826906
v -0.704369 0.321452 -2.847014
v -0.701469 0.350902 -2.826906
v -0.721656 0.381985 -2.826906
v -0.701469 0.350902 -2.847014
v -0.637934 0.335305 -2.826906
v -0.639026 0.324217 -2.826906
v -0.634700 0.345967 -2.826906
v -0.637934 0.335305 -2.847014
v -0.634700 0.345967 -2.847014
v -0.639026 0.324217 -2.847014
v -0.637934 0.313129 -2.847014
v -0.634700 0.302468 -2.847014
v -0.637934 0.313129 -2.826906
v -0.634700 0.302468 -2.826906
v -0.629448 0.292642 -2.826906
v -0.622380 0.284029 -2.826906
v -0.629448 0.292642 -2.847014
v -0.622380 0.284029 -2.847014
v -0.613767 0.276961 -2.847014
v -0.603941 0.271709 -2.847014
v -0.613767 0.276961 -2.826906
v -0.603941 0.271709 -2.826906
v -0.593280 0.268475 -2.826906
v -0.582192 0.267383 -2.826906
v -0.593279 0.268475 -2.847014
v -0.582192 0.267383 -2.847014
v -0.571104 0.268475 -2.847014
v -0.560442 0.271709 -2.847014
v -0.571104 0.268475 -2.826906
v -0.560442 0.271709 -2.826906
v -0.550616 0.276961 -2.826906
v -0.542004 0.284030 -2.826906
v -0.550616 0.276961 -2.847014
v -0.542004 0.284030 -2.847014
v -0.534936 0.292642 -2.847014
v -0.529684 0.302468 -2.847014
v -0.534936 0.292642 -2.826906
v -0.529684 0.302468 -2.826906
v -0.526449 0.313130 -2.826906
v -0.525357 0.324217 -2.826906
v -0.526449 0.313130 -2.847014
v -0.525357 0.324217 -2.847014
v -0.526449 0.335305 -2.847014
v -0.529684 0.345967 -2.847014
v -0.526449 0.335305 -2.826906
v -0.529684 0.345967 -2.826906
v -0.534936 0.355793 -2.826906
v -0.542004 0.364405 -2.826906
v -0.534936 0.355793 -2.847014
v -0.542004 0.364405 -2.847014
v -0.550616 0.371473 -2.847014
v -0.560442 0.376726 -2.847014
v -0.550616 0.371473 -2.826906
v -0.560442 0.376725 -2.826906
v -0.571104 0.379960 -2.826906
v -0.582192 0.381052 -2.826906
v -0.571104 0.379960 -2.847014
v -0.555644 0.443586 -2.847014
v -0.582192 0.381052 -2.847014
v -0.593279 0.379960 -2.847014
v -0.603941 0.376725 -2.847014
v -0.593279 0.379960 -2.826906
v -0.603941 0.376725 -2.826906
v -0.613767 0.371473 -2.826906
v -0.622380 0.364405 -2.826906
v -0.613767 0.371473 -2.847014
v -0.614144 0.371164 -2.847014
v -0.647754 0.427026 -2.847014
v -0.622380 0.364405 -2.847014
v -0.629448 0.355793 -2.847014
v -0.629448 0.355793 -2.826906
v -0.639960 0.463682 -2.847014
v -0.647754 0.427026 -2.826906
v -0.670629 0.408253 -2.847014
v -0.670629 0.408253 -2.826906
v -0.707706 0.408083 -2.847014
v -0.707706 0.408083 -2.826906
v -0.721656 0.381985 -2.847014
v -0.639960 0.463682 -2.826906
v -0.611642 0.472272 -2.826906
v -0.585094 0.446487 -2.826906
v -0.611642 0.472272 -2.847014
v -0.585094 0.446487 -2.847014
v -0.555644 0.443586 -2.826906
v -0.524424 0.463682 -2.826906
v -0.498326 0.449732 -2.826906
v -0.524424 0.463682 -2.847014
v -0.498326 0.449732 -2.847014
v -0.497703 0.412746 -2.847014
v -0.478930 0.389871 -2.847014
v -0.497703 0.412746 -2.826906
v -0.478930 0.389871 -2.826906
v -0.442727 0.381985 -2.826906
v -0.434137 0.353667 -2.826906
v -0.442727 0.381985 -2.847014
v -0.434137 0.353667 -2.847014
v -0.459813 0.326977 -2.847014
v -0.462714 0.297527 -2.847014
v -0.459813 0.326977 -2.826906
v -0.462714 0.297527 -2.826906
v -0.442727 0.266449 -2.826906
v -0.456677 0.240351 -2.826906
v -0.442727 0.266449 -2.847014
v -0.456677 0.240351 -2.847014
v -0.493649 0.239535 -2.847014
v -0.516524 0.220762 -2.847014
v -0.493649 0.239535 -2.826906
v -0.516524 0.220762 -2.826906
v -0.524424 0.184753 -2.826906
v -0.552742 0.176163 -2.826906
v -0.524424 0.184753 -2.847014
v -0.552742 0.176163 -2.847014
v -0.579932 0.202081 -2.847014
v -0.609382 0.204981 -2.847014
v -0.579932 0.202081 -2.826906
v -0.609382 0.204981 -2.826906
v -0.639960 0.184753 -2.826906
v -0.666058 0.198703 -2.826906
v -0.639960 0.184753 -2.847014
v -0.666058 0.198703 -2.847014
v -0.666536 0.235317 -2.847014
v -0.685309 0.258192 -2.847014
v -0.666536 0.235317 -2.826906
v -0.685309 0.258192 -2.826906
v -0.721656 0.266449 -2.826906
v -0.721656 0.266449 -2.847014
v -0.730246 0.294767 -2.847014
v -0.617804 0.298351 -2.679991
v -0.600300 0.298351 -2.679991
v -0.617804 0.297155 -2.757441
v -0.617804 0.315665 -2.680128
v -0.600300 0.315665 -2.680128
v -0.617804 0.314469 -2.757578
v -0.617804 0.332978 -2.680265
v -0.617804 0.331781 -2.757715
v -0.617804 0.350291 -2.680403
v -0.600300 0.332978 -2.680265
v -0.582797 0.332978 -2.680265
v -0.600300 0.350291 -2.680403
v -0.600300 0.367604 -2.680540
v -0.582797 0.350291 -2.680403
v -0.582797 0.367604 -2.680540
v -0.565294 0.350291 -2.680403
v -0.565294 0.367604 -2.680540
v -0.565294 0.332978 -2.680265
v -0.547790 0.350291 -2.680403
v -0.547790 0.367604 -2.680540
v -0.547790 0.349095 -2.757853
v -0.547790 0.332978 -2.680265
v -0.547790 0.331781 -2.757715
v -0.547790 0.315665 -2.680128
v -0.547790 0.314469 -2.757578
v -0.547790 0.298351 -2.679991
v -0.565294 0.315665 -2.680128
v -0.582797 0.315665 -2.680128
v -0.565294 0.298351 -2.679991
v -0.565294 0.297155 -2.757441
v -0.582797 0.298351 -2.679991
v -0.582797 0.297155 -2.757441
v -0.582797 0.295940 -2.836101
v -0.600300 0.297155 -2.757441
v -0.600300 0.295940 -2.836101
v -0.600300 0.294725 -2.914762
v -0.617804 0.295940 -2.836101
v -0.617804 0.313254 -2.836239
v -0.617804 0.294725 -2.914762
v -0.617804 0.293491 -2.994632
v -0.617804 0.312039 -2.914899
v -0.617804 0.310805 -2.994770
v -0.617804 0.329351 -2.915036
v -0.617804 0.330566 -2.836376
v -0.617804 0.328118 -2.994907
v -0.617804 0.346665 -2.915174
v -0.617804 0.345431 -2.995044
v -0.617804 0.363978 -2.915311
v -0.617804 0.347880 -2.836513
v -0.617804 0.349095 -2.757853
v -0.617804 0.365193 -2.836651
v -0.600300 0.365193 -2.836651
v -0.617804 0.366408 -2.757990
v -0.617804 0.367604 -2.680540
v -0.600300 0.366408 -2.757990
v -0.582797 0.366408 -2.757990
v -0.582797 0.365193 -2.836651
v -0.565294 0.366408 -2.757990
v -0.565294 0.365193 -2.836651
v -0.547790 0.366408 -2.757990
v -0.547790 0.365193 -2.836651
v -0.547790 0.347880 -2.836513
v -0.547790 0.363978 -2.915311
v -0.565294 0.363978 -2.915311
v -0.547790 0.362744 -2.995182
v -0.547790 0.346665 -2.915174
v -0.547790 0.345431 -2.995044
v -0.547790 0.329351 -2.915037
v -0.547790 0.330566 -2.836376
v -0.547790 0.328118 -2.994907
v -0.547790 0.312039 -2.914899
v -0.547790 0.310805 -2.994770
v -0.547790 0.294725 -2.914762
v -0.547790 0.313254 -2.836239
v -0.547790 0.295940 -2.836101
v -0.565294 0.295940 -2.836101
v -0.547790 0.297155 -2.757441
v -0.565294 0.294725 -2.914762
v -0.565294 0.293491 -2.994632
v -0.582797 0.294725 -2.914762
v -0.582797 0.293491 -2.994632
v -0.600300 0.293491 -2.994632
v -0.582797 0.310805 -2.994770
v -0.565294 0.310805 -2.994770
v -0.582797 0.328118 -2.994907
v -0.600300 0.310805 -2.994770
v -0.600300 0.328118 -2.994907
v -0.600300 0.345431 -2.995044
v -0.582797 0.345431 -2.995044
v -0.600300 0.362744 -2.995182
v -0.617804 0.362744 -2.995182
v -0.600300 0.363978 -2.915311
v -0.582797 0.362744 -2.995182
v -0.565294 0.362744 -2.995182
v -0.582797 0.363978 -2.915311
v -0.565294 0.345431 -2.995044
v -0.565294 0.328118 -2.994907
v -0.547790 0.293491 -2.994632
v -0.496667 0.340080 -3.006460
v -0.498716 0.319277 -3.006230
v -0.478387 0.358929 -3.006669
v -0.496667 0.339914 -3.021444
v -0.478387 0.358764 -3.021652
v -0.498716 0.319111 -3.021213
v -0.484455 0.297154 -3.020970
v -0.484455 0.297320 -3.005987
v -0.494310 0.278720 -3.020766
v -0.520502 0.278599 -3.020765
v -0.494310 0.278885 -3.005783
v -0.520502 0.278765 -3.005782
v -0.536661 0.265505 -3.005635
v -0.542167 0.239612 -3.005348
v -0.536661 0.265339 -3.020618
v -0.560404 0.304799 -3.021055
v -0.542167 0.239446 -3.020331
v -0.562172 0.233378 -3.020264
v -0.580926 0.251592 -3.020466
v -0.562172 0.233544 -3.005281
v -0.580925 0.251758 -3.005483
v -0.601730 0.253807 -3.005506
v -0.601730 0.253641 -3.020489
v -0.623785 0.239612 -3.005348
v -0.642221 0.249466 -3.005457
v -0.623785 0.239446 -3.020331
v -0.642221 0.249300 -3.020441
v -0.642661 0.275426 -3.020730
v -0.655922 0.291585 -3.020909
v -0.642661 0.275591 -3.005747
v -0.655922 0.291750 -3.005925
v -0.681497 0.297320 -3.005987
v -0.687565 0.317324 -3.006209
v -0.681497 0.297154 -3.020970
v -0.687565 0.317158 -3.021192
v -0.669427 0.336011 -3.021400
v -0.667378 0.356814 -3.021631
v -0.669427 0.336177 -3.006417
v -0.667378 0.356980 -3.006648
v -0.681497 0.378933 -3.006891
v -0.671642 0.397368 -3.007095
v -0.681497 0.378767 -3.021874
v -0.671642 0.397202 -3.022078
v -0.645525 0.397778 -3.022084
v -0.629365 0.411039 -3.022231
v -0.645525 0.397944 -3.007101
v -0.629365 0.411205 -3.007248
v -0.623785 0.436642 -3.007529
v -0.603780 0.442709 -3.007596
v -0.623785 0.436476 -3.022512
v -0.603780 0.442543 -3.022580
v -0.584572 0.424236 -3.022377
v -0.563768 0.422187 -3.022354
v -0.584572 0.424401 -3.007394
v -0.563768 0.422353 -3.007371
v -0.582976 0.378273 -3.006883
v -0.575143 0.377502 -3.006875
v -0.590809 0.377502 -3.006875
v -0.582976 0.378107 -3.021866
v -0.575143 0.377336 -3.021858
v -0.590809 0.377336 -3.021858
v -0.598340 0.375052 -3.021832
v -0.605282 0.371342 -3.021791
v -0.598340 0.375217 -3.006849
v -0.605282 0.371508 -3.006808
v -0.611366 0.366515 -3.006753
v -0.616359 0.360431 -3.006686
v -0.611366 0.366349 -3.021736
v -0.616359 0.360265 -3.021669
v -0.620069 0.353324 -3.021592
v -0.622354 0.345793 -3.021509
v -0.620069 0.353490 -3.006609
v -0.622354 0.345959 -3.006526
v -0.623125 0.338127 -3.006439
v -0.622354 0.330294 -3.006352
v -0.623125 0.337961 -3.021422
v -0.622354 0.330128 -3.021335
v -0.620069 0.322598 -3.021252
v -0.616359 0.315656 -3.021175
v -0.620069 0.322764 -3.006269
v -0.616359 0.315822 -3.006192
v -0.611366 0.309738 -3.006125
v -0.605282 0.304746 -3.006069
v -0.611366 0.309573 -3.021108
v -0.605282 0.304580 -3.021052
v -0.598340 0.300870 -3.021011
v -0.590809 0.298585 -3.020986
v -0.598340 0.301036 -3.006028
v -0.590809 0.298751 -3.006003
v -0.582976 0.297980 -3.005995
v -0.575143 0.298751 -3.006003
v -0.582976 0.297814 -3.020977
v -0.575143 0.298585 -3.020986
v -0.567612 0.300870 -3.021011
v -0.560670 0.304580 -3.021052
v -0.567612 0.301036 -3.006028
v -0.560670 0.304746 -3.006069
v -0.554586 0.309738 -3.006124
v -0.549593 0.315822 -3.006192
v -0.554586 0.309573 -3.021108
v -0.549593 0.315656 -3.021175
v -0.545883 0.322598 -3.021252
v -0.545883 0.322764 -3.006269
v -0.543598 0.330128 -3.021335
v -0.543598 0.330294 -3.006352
v -0.542827 0.337961 -3.021422
v -0.543598 0.345793 -3.021509
v -0.542827 0.338127 -3.006439
v -0.543598 0.345959 -3.006526
v -0.545883 0.353490 -3.006609
v -0.545883 0.353324 -3.021592
v -0.549593 0.360431 -3.006686
v -0.554586 0.366515 -3.006753
v -0.549593 0.360265 -3.021669
v -0.554586 0.366349 -3.021736
v -0.560670 0.371342 -3.021791
v -0.567612 0.375052 -3.021832
v -0.560670 0.371508 -3.006808
v -0.567612 0.375217 -3.006849
v -0.542167 0.436642 -3.007529
v -0.523731 0.426787 -3.007420
v -0.542167 0.436476 -3.022512
v -0.523731 0.426621 -3.022403
v -0.523393 0.400758 -3.022117
v -0.510132 0.384599 -3.021938
v -0.523393 0.400924 -3.007134
v -0.510132 0.384765 -3.006955
v -0.484455 0.378933 -3.006891
v -0.484455 0.378767 -3.021874
v -0.496488 0.346721 -2.652602
v -0.498537 0.325918 -2.652371
v -0.478208 0.365570 -2.652810
v -0.496488 0.346555 -2.667585
v -0.478208 0.365405 -2.667793
v -0.498537 0.325752 -2.667355
v -0.484276 0.303795 -2.667111
v -0.484276 0.303961 -2.652128
v -0.494131 0.285360 -2.666907
v -0.520323 0.285240 -2.666906
v -0.494131 0.285526 -2.651924
v -0.520323 0.285406 -2.651923
v -0.536482 0.272146 -2.651776
v -0.541988 0.246253 -2.651489
v -0.536482 0.271980 -2.666759
v -0.560225 0.311440 -2.667196
v -0.541988 0.246087 -2.666473
v -0.561993 0.240019 -2.666405
v -0.561993 0.240185 -2.651423
v -0.580746 0.258233 -2.666607
v -0.580746 0.258399 -2.651624
v -0.601551 0.260282 -2.666630
v -0.590630 0.305226 -2.667127
v -0.623606 0.246087 -2.666473
v -0.601551 0.260448 -2.651647
v -0.623606 0.246253 -2.651489
v -0.642042 0.256107 -2.651599
v -0.642482 0.282232 -2.651888
v -0.642042 0.255941 -2.666582
v -0.642482 0.282067 -2.666871
v -0.655743 0.298226 -2.667050
v -0.681318 0.303795 -2.667111
v -0.655743 0.298392 -2.652067
v -0.681318 0.303961 -2.652128
v -0.687386 0.323965 -2.652350
v -0.669248 0.342818 -2.652558
v -0.687386 0.323799 -2.667333
v -0.669248 0.342652 -2.667542
v -0.667199 0.363455 -2.667772
v -0.681318 0.385408 -2.668015
v -0.667199 0.363620 -2.652789
v -0.681318 0.385574 -2.653032
v -0.671463 0.404009 -2.653236
v -0.645346 0.404585 -2.653242
v -0.671463 0.403843 -2.668219
v -0.645346 0.404419 -2.668225
v -0.629186 0.417680 -2.668372
v -0.623606 0.443117 -2.668653
v -0.629186 0.417846 -2.653389
v -0.623606 0.443283 -2.653671
v -0.603601 0.449350 -2.653738
v -0.584393 0.431042 -2.653535
v -0.603601 0.449184 -2.668721
v -0.584393 0.430877 -2.668518
v -0.563589 0.428828 -2.668495
v -0.541988 0.443117 -2.668653
v -0.563589 0.428993 -2.653512
v -0.541988 0.443283 -2.653671
v -0.523552 0.433428 -2.653561
v -0.523214 0.407565 -2.653275
v -0.523552 0.433262 -2.668545
v -0.523214 0.407399 -2.668258
v -0.509953 0.391240 -2.668079
v -0.484276 0.385408 -2.668015
v -0.509953 0.391406 -2.653096
v -0.484276 0.385574 -2.653032
v -0.582797 0.384914 -2.653024
v -0.590630 0.384143 -2.653016
v -0.582797 0.384748 -2.668008
v -0.574964 0.384143 -2.653016
v -0.567433 0.381858 -2.652991
v -0.574964 0.383977 -2.667999
v -0.567433 0.381693 -2.667974
v -0.560491 0.377983 -2.667933
v -0.554407 0.372990 -2.667877
v -0.560491 0.378149 -2.652950
v -0.554407 0.373156 -2.652894
v -0.549414 0.367072 -2.652827
v -0.545704 0.360131 -2.652750
v -0.549414 0.366906 -2.667810
v -0.545704 0.359965 -2.667733
v -0.543419 0.352434 -2.667650
v -0.542648 0.344602 -2.667563
v -0.543419 0.352600 -2.652667
v -0.542648 0.344768 -2.652580
v -0.543419 0.336935 -2.652493
v -0.545704 0.329405 -2.652410
v -0.543419 0.336769 -2.667476
v -0.545704 0.329239 -2.667393
v -0.549414 0.322297 -2.667316
v -0.554407 0.316214 -2.667249
v -0.549414 0.322463 -2.652333
v -0.554407 0.316379 -2.652266
v -0.560491 0.311387 -2.652210
v -0.560491 0.311221 -2.667194
v -0.567433 0.307677 -2.652169
v -0.567433 0.307511 -2.667152
v -0.574964 0.305392 -2.652144
v -0.582797 0.304621 -2.652136
v -0.574964 0.305226 -2.667127
v -0.582797 0.304455 -2.667119
v -0.590630 0.305392 -2.652144
v -0.598161 0.307677 -2.652169
v -0.598161 0.307511 -2.667152
v -0.605103 0.311387 -2.652211
v -0.611187 0.316379 -2.652266
v -0.605103 0.311221 -2.667194
v -0.611187 0.316214 -2.667249
v -0.616180 0.322297 -2.667316
v -0.619890 0.329239 -2.667393
v -0.616180 0.322463 -2.652333
v -0.619890 0.329405 -2.652410
v -0.622175 0.336935 -2.652493
v -0.622946 0.344768 -2.652580
v -0.622175 0.336769 -2.667476
v -0.622946 0.344602 -2.667563
v -0.622175 0.352434 -2.667650
v -0.619890 0.359965 -2.667733
v -0.622175 0.352600 -2.652667
v -0.619890 0.360131 -2.652750
v -0.616180 0.367072 -2.652827
v -0.611187 0.373156 -2.652894
v -0.616180 0.366906 -2.667810
v -0.611187 0.372990 -2.667877
v -0.605103 0.377983 -2.667933
v -0.598161 0.381693 -2.667974
v -0.605103 0.378149 -2.652950
v -0.598161 0.381858 -2.652991
v -0.590630 0.383977 -2.667999
v -0.628626 0.540335 -2.928390
v -0.605712 0.540335 -2.928390
v -0.628626 0.472195 -2.927635
v -0.628626 0.540075 -2.951950
v -0.605712 0.540075 -2.951950
v -0.628626 0.471934 -2.951196
v -0.628626 0.539814 -2.975512
v -0.628626 0.471673 -2.974757
v -0.628626 0.539553 -2.999073
v -0.605712 0.539814 -2.975512
v -0.582797 0.539814 -2.975512
v -0.605712 0.539553 -2.999073
v -0.582797 0.539553 -2.999073
v -0.605712 0.539292 -3.022634
v -0.628626 0.539292 -3.022634
v -0.605712 0.471152 -3.021880
v -0.582797 0.539292 -3.022634
v -0.582797 0.471152 -3.021880
v -0.559882 0.539292 -3.022634
v -0.559883 0.471152 -3.021880
v -0.536968 0.539292 -3.022634
v -0.559882 0.539553 -2.999073
v -0.559883 0.539814 -2.975512
v -0.536968 0.539553 -2.999073
v -0.536968 0.471413 -2.998319
v -0.536968 0.539814 -2.975512
v -0.536968 0.471674 -2.974757
v -0.536968 0.540075 -2.951950
v -0.536968 0.471934 -2.951196
v -0.536968 0.540335 -2.928390
v -0.559883 0.540075 -2.951950
v -0.582797 0.540075 -2.951950
v -0.559882 0.540335 -2.928390
v -0.559882 0.472195 -2.927635
v -0.582797 0.540335 -2.928390
v -0.582797 0.472195 -2.927635
v -0.582797 0.402989 -2.926869
v -0.605712 0.472195 -2.927635
v -0.605712 0.402989 -2.926869
v -0.628626 0.402989 -2.926869
v -0.605712 0.333784 -2.926103
v -0.582797 0.333784 -2.926103
v -0.628626 0.333784 -2.926103
v -0.605712 0.263514 -2.925325
v -0.582797 0.263514 -2.925325
v -0.628626 0.263514 -2.925325
v -0.605712 0.263253 -2.948886
v -0.628626 0.263253 -2.948886
v -0.605712 0.262992 -2.972448
v -0.582797 0.263253 -2.948886
v -0.559883 0.263253 -2.948886
v -0.582797 0.262992 -2.972448
v -0.582797 0.262732 -2.996009
v -0.559882 0.262992 -2.972448
v -0.536968 0.262992 -2.972448
v -0.559882 0.262732 -2.996009
v -0.536968 0.262732 -2.996009
v -0.559882 0.262471 -3.019570
v -0.582797 0.262471 -3.019570
v -0.559883 0.332740 -3.020348
v -0.536968 0.262471 -3.019570
v -0.536968 0.332740 -3.020348
v -0.536968 0.333001 -2.996787
v -0.536968 0.401946 -3.021114
v -0.536968 0.402207 -2.997553
v -0.559883 0.401946 -3.021114
v -0.536968 0.471152 -3.021880
v -0.582797 0.401946 -3.021114
v -0.605712 0.401946 -3.021114
v -0.582797 0.332740 -3.020348
v -0.605712 0.332740 -3.020348
v -0.628626 0.332740 -3.020348
v -0.605712 0.262471 -3.019570
v -0.628626 0.262471 -3.019570
v -0.605712 0.262732 -2.996009
v -0.628626 0.262732 -2.996009
v -0.628626 0.262992 -2.972448
v -0.628626 0.333001 -2.996787
v -0.628626 0.402207 -2.997553
v -0.628626 0.333262 -2.973225
v -0.628626 0.333523 -2.949664
v -0.628626 0.402468 -2.973991
v -0.628626 0.402729 -2.950430
v -0.628626 0.471413 -2.998319
v -0.628626 0.401946 -3.021114
v -0.628626 0.471152 -3.021880
v -0.536968 0.402468 -2.973991
v -0.536968 0.402729 -2.950430
v -0.536968 0.333262 -2.973225
v -0.536968 0.333523 -2.949664
v -0.536968 0.263253 -2.948886
v -0.536968 0.333784 -2.926103
v -0.536968 0.263514 -2.925325
v -0.559882 0.333784 -2.926103
v -0.536968 0.402989 -2.926869
v -0.536968 0.472195 -2.927635
v -0.559882 0.402989 -2.926869
v -0.559883 0.263514 -2.925325
v 0.465872 1.481758 -2.917510
v 0.469153 1.479504 -2.940151
v 0.485176 1.445266 -2.914712
v 0.439893 1.513744 -2.921274
v 0.462591 1.479504 -2.894868
v 0.482916 1.443713 -2.899117
v 0.435717 1.510877 -2.892458
v 0.459436 1.472832 -2.873098
v 0.480743 1.439116 -2.884120
v 0.431702 1.502382 -2.864749
v 0.456528 1.461994 -2.853034
v 0.478740 1.431653 -2.870301
v 0.428001 1.488591 -2.839211
v 0.453980 1.447411 -2.835446
v 0.476985 1.421607 -2.858187
v 0.424758 1.470028 -2.816828
v 0.451888 1.429640 -2.821014
v 0.475544 1.409366 -2.848244
v 0.422095 1.447411 -2.798458
v 0.450334 1.409366 -2.810288
v 0.449377 1.387369 -2.803685
v 0.474474 1.395403 -2.840858
v 0.420117 1.421607 -2.784808
v 0.384984 1.431653 -2.765393
v 0.418899 1.393608 -2.776402
v 0.383551 1.398731 -2.755510
v 0.418488 1.364491 -2.773564
v 0.449054 1.364491 -2.801455
v 0.383068 1.364491 -2.752173
v 0.418899 1.335372 -2.776402
v 0.449377 1.341613 -2.803685
v 0.383551 1.330251 -2.755510
v 0.420117 1.307373 -2.784808
v 0.450334 1.319615 -2.810288
v 0.384984 1.297329 -2.765393
v 0.422095 1.281570 -2.798457
v 0.451888 1.299339 -2.821014
v 0.387310 1.266987 -2.781445
v 0.424757 1.258953 -2.816828
v 0.453980 1.281570 -2.835446
v 0.390440 1.240391 -2.803045
v 0.428001 1.240391 -2.839211
v 0.431702 1.226599 -2.864749
v 0.456528 1.266987 -2.853034
v 0.394254 1.218566 -2.829366
v 0.356586 1.202346 -2.823874
v 0.398606 1.202346 -2.859394
v 0.361421 1.184326 -2.857241
v 0.403327 1.192359 -2.891976
v 0.435717 1.218105 -2.892458
v 0.366667 1.173229 -2.893444
v 0.408238 1.188988 -2.925862
v 0.439893 1.215237 -2.921274
v 0.372124 1.169481 -2.931095
v 0.413149 1.192359 -2.959748
v 0.444069 1.218105 -2.950090
v 0.377580 1.173229 -2.968747
v 0.417870 1.202346 -2.992329
v 0.448085 1.226599 -2.977800
v 0.382826 1.184326 -3.004951
v 0.422222 1.218566 -3.022357
v 0.451786 1.240391 -3.003338
v 0.387662 1.202346 -3.038316
v 0.426036 1.240391 -3.048678
v 0.429166 1.266987 -3.070278
v 0.455029 1.258953 -3.025721
v 0.391900 1.226599 -3.067561
v 0.353931 1.218105 -3.081647
v 0.395378 1.256150 -3.091564
v 0.357623 1.249475 -3.107126
v 0.397962 1.289863 -3.109398
v 0.431492 1.297329 -3.086330
v 0.360367 1.285267 -3.126058
v 0.399554 1.326446 -3.120380
v 0.432925 1.330251 -3.096214
v 0.362057 1.324103 -3.137718
v 0.400091 1.364491 -3.124089
v 0.433408 1.364491 -3.099550
v 0.362627 1.364491 -3.141654
v 0.399554 1.402536 -3.120380
v 0.432925 1.398728 -3.096214
v 0.362056 1.404879 -3.137718
v 0.397962 1.439116 -3.109398
v 0.431492 1.431653 -3.086330
v 0.395378 1.472832 -3.091564
v 0.360367 1.443713 -3.126059
v 0.357623 1.479504 -3.107126
v 0.353931 1.510877 -3.081647
v 0.349432 1.536622 -3.050598
v 0.391900 1.502382 -3.067561
v 0.387662 1.526636 -3.038316
v 0.426036 1.488590 -3.048679
v 0.455029 1.470028 -3.025721
v 0.429166 1.461994 -3.070278
v 0.422222 1.510416 -3.022357
v 0.417870 1.526635 -2.992329
v 0.451786 1.488590 -3.003338
v 0.475215 1.461994 -2.981986
v 0.448085 1.502382 -2.977800
v 0.444069 1.510877 -2.950090
v 0.472308 1.472832 -2.961921
v 0.489610 1.439116 -2.945304
v 0.499323 1.402536 -2.928585
v 0.491612 1.431653 -2.959124
v 0.487436 1.443713 -2.930308
v 0.498215 1.404878 -2.920940
v 0.497063 1.405670 -2.912990
v 0.501077 1.364491 -2.912408
v 0.502519 1.380250 -2.950641
v 0.502855 1.372524 -2.952960
v 0.502969 1.364491 -2.953743
v 0.502855 1.356457 -2.952960
v 0.502519 1.348732 -2.950641
v 0.501974 1.341613 -2.946876
v 0.501239 1.335372 -2.941806
v 0.500344 1.330251 -2.935631
v 0.499323 1.326446 -2.928585
v 0.498215 1.324103 -2.920940
v 0.497063 1.323312 -2.912990
v 0.495911 1.324103 -2.905039
v 0.494803 1.326446 -2.897394
v 0.493782 1.330251 -2.890348
v 0.492887 1.335372 -2.884174
v 0.492152 1.341613 -2.879104
v 0.491607 1.348732 -2.875338
v 0.491271 1.356457 -2.873019
v 0.491157 1.364491 -2.872236
v 0.491271 1.372524 -2.873019
v 0.491607 1.380249 -2.875338
v 0.492152 1.387369 -2.879104
v 0.492887 1.393608 -2.884174
v 0.493782 1.398729 -2.890348
v 0.494803 1.402536 -2.897394
v 0.495911 1.404879 -2.905039
v 0.501974 1.387369 -2.946876
v 0.501239 1.393608 -2.941806
v 0.500344 1.398731 -2.935631
v 0.493368 1.421607 -2.971238
v 0.477764 1.447411 -2.999573
v 0.494809 1.409366 -2.981180
v 0.479856 1.429641 -3.014005
v 0.495879 1.395402 -2.988568
v 0.481410 1.409366 -3.024731
v 0.496539 1.380249 -2.993117
v 0.482367 1.387369 -3.031334
v 0.496761 1.364491 -2.994653
v 0.482690 1.364491 -3.033565
v 0.496539 1.348732 -2.993117
v 0.482367 1.341613 -3.031334
v 0.495879 1.333579 -2.988568
v 0.481410 1.319613 -3.024731
v 0.494809 1.319613 -2.981180
v 0.479855 1.299339 -3.014005
v 0.493368 1.307373 -2.971238
v 0.477764 1.281570 -2.999573
v 0.491612 1.297329 -2.959124
v 0.475215 1.266987 -2.981986
v 0.489610 1.289863 -2.945304
v 0.472308 1.256150 -2.961921
v 0.487436 1.285267 -2.930308
v 0.469153 1.249475 -2.940151
v 0.485176 1.283715 -2.914712
v 0.465872 1.247224 -2.917510
v 0.482916 1.285267 -2.899117
v 0.462591 1.249475 -2.894868
v 0.480743 1.289863 -2.884120
v 0.459436 1.256150 -2.873098
v 0.478740 1.297329 -2.870301
v 0.476985 1.307373 -2.858187
v 0.475544 1.319613 -2.848244
v 0.474474 1.333579 -2.840858
v 0.473815 1.348732 -2.836309
v 0.473592 1.364491 -2.834772
v 0.473815 1.380249 -2.836309
v 0.457691 1.281570 -3.044091
v 0.459669 1.307373 -3.057740
v 0.460888 1.335372 -3.066147
v 0.461299 1.364491 -3.068985
v 0.460888 1.393608 -3.066147
v 0.459669 1.421607 -3.057740
v 0.457691 1.447411 -3.044091
v 0.413149 1.536622 -2.959748
v 0.377580 1.555752 -2.968747
v 0.408238 1.539994 -2.925862
v 0.372124 1.559500 -2.931095
v 0.403327 1.536622 -2.891976
v 0.366667 1.555752 -2.893444
v 0.398606 1.526634 -2.859394
v 0.361421 1.544656 -2.857241
v 0.394254 1.510416 -2.829366
v 0.356586 1.526636 -2.823874
v 0.390440 1.488591 -2.803045
v 0.387310 1.461994 -2.781445
v 0.352347 1.502382 -2.794629
v 0.311942 1.510877 -2.791901
v 0.348869 1.472832 -2.770627
v 0.308250 1.479504 -2.766422
v 0.346285 1.439116 -2.752793
v 0.305506 1.443713 -2.747490
v 0.344693 1.402536 -2.741811
v 0.303817 1.404879 -2.735830
v 0.344156 1.364491 -2.738102
v 0.303246 1.364491 -2.731894
v 0.344693 1.326446 -2.741811
v 0.303817 1.324103 -2.735830
v 0.346285 1.289863 -2.752793
v 0.305506 1.285267 -2.747490
v 0.348869 1.256150 -2.770627
v 0.352348 1.226599 -2.794629
v 0.308250 1.249475 -2.766422
v 0.311942 1.218105 -2.791901
v 0.316442 1.192359 -2.822949
v 0.321574 1.173229 -2.858369
v 0.327144 1.161448 -2.896804
v 0.332937 1.157471 -2.936774
v 0.338729 1.161448 -2.976744
v 0.344299 1.173229 -3.015177
v 0.349432 1.192359 -3.050598
v 0.316442 1.536622 -2.822950
v 0.321575 1.555752 -2.858371
v 0.327144 1.567533 -2.896804
v 0.332937 1.571511 -2.936774
v 0.338729 1.567534 -2.976744
v 0.344299 1.555752 -3.015179
v 0.382826 1.544656 -3.004951
v 0.421994 1.597456 -3.323723
v 0.420094 1.595508 -3.339834
v 0.439498 1.574121 -3.325546
v 0.400477 1.616860 -3.321270
v 0.424431 1.596245 -3.307612
v 0.441177 1.573287 -3.314448
v 0.403578 1.615320 -3.300766
v 0.427311 1.591924 -3.292121
v 0.443161 1.570310 -3.303777
v 0.407244 1.609819 -3.281048
v 0.430523 1.584656 -3.277844
v 0.445373 1.565305 -3.293944
v 0.411332 1.600570 -3.262877
v 0.433944 1.574724 -3.265329
v 0.447729 1.558462 -3.285324
v 0.415685 1.587927 -3.246949
v 0.437441 1.562506 -3.255059
v 0.450139 1.550047 -3.278250
v 0.420137 1.572378 -3.233877
v 0.440882 1.548475 -3.247427
v 0.444133 1.533168 -3.242729
v 0.452508 1.540383 -3.272993
v 0.424516 1.554519 -3.224165
v 0.404039 1.558283 -3.204097
v 0.428654 1.535037 -3.218183
v 0.408905 1.535375 -3.197064
v 0.432392 1.514680 -3.216164
v 0.447070 1.517174 -3.241142
v 0.413300 1.511437 -3.194689
v 0.435587 1.494230 -3.218183
v 0.449580 1.501107 -3.242729
v 0.417057 1.487390 -3.197064
v 0.438114 1.474474 -3.224165
v 0.451566 1.485585 -3.247427
v 0.420029 1.464160 -3.204097
v 0.439878 1.456172 -3.233877
v 0.452952 1.471203 -3.255059
v 0.422103 1.442639 -3.215519
v 0.440811 1.440025 -3.246949
v 0.453685 1.458517 -3.265329
v 0.423200 1.423651 -3.230888
v 0.440876 1.426654 -3.262877
v 0.440072 1.416574 -3.281048
v 0.453736 1.448012 -3.277844
v 0.423277 1.407929 -3.249618
v 0.401615 1.392556 -3.238576
v 0.422331 1.396075 -3.270985
v 0.400564 1.379386 -3.262319
v 0.420399 1.388547 -3.294169
v 0.438429 1.410171 -3.300766
v 0.398417 1.371021 -3.288080
v 0.417554 1.385633 -3.318282
v 0.436010 1.407693 -3.321270
v 0.395256 1.367783 -3.314872
v 0.413907 1.387444 -3.342394
v 0.432908 1.409233 -3.341775
v 0.391204 1.369796 -3.341664
v 0.409597 1.393912 -3.365578
v 0.429243 1.414735 -3.361492
v 0.386415 1.376982 -3.367426
v 0.404790 1.404789 -3.386945
v 0.425155 1.423983 -3.379664
v 0.381074 1.389067 -3.391167
v 0.399671 1.419654 -3.405675
v 0.394436 1.437938 -3.421044
v 0.420801 1.436626 -3.395591
v 0.375385 1.405585 -3.411977
v 0.348877 1.394958 -3.414259
v 0.369569 1.425901 -3.429057
v 0.342702 1.416525 -3.432389
v 0.363847 1.449234 -3.441747
v 0.389287 1.458938 -3.432467
v 0.336628 1.441296 -3.445861
v 0.358441 1.474689 -3.449561
v 0.384421 1.481846 -3.439499
v 0.330888 1.468320 -3.454158
v 0.353557 1.501287 -3.452201
v 0.380026 1.505784 -3.441874
v 0.325704 1.496556 -3.456959
v 0.349383 1.528007 -3.449561
v 0.376270 1.529829 -3.439499
v 0.321273 1.524920 -3.454158
v 0.346081 1.553818 -3.441747
v 0.373297 1.553061 -3.432467
v 0.343776 1.577733 -3.429057
v 0.317767 1.552322 -3.445861
v 0.315320 1.577709 -3.432389
v 0.314026 1.600107 -3.414259
v 0.313936 1.618652 -3.392166
v 0.342557 1.598830 -3.411977
v 0.342472 1.616300 -3.391167
v 0.370126 1.593570 -3.405675
v 0.395676 1.584528 -3.395591
v 0.371223 1.574583 -3.421044
v 0.370050 1.609292 -3.386945
v 0.370995 1.621146 -3.365578
v 0.395610 1.597899 -3.379664
v 0.418171 1.582558 -3.369603
v 0.396415 1.607979 -3.361492
v 0.398058 1.614382 -3.341775
v 0.418803 1.590478 -3.355325
v 0.437300 1.569314 -3.347314
v 0.451194 1.545302 -3.337766
v 0.436865 1.563859 -3.357148
v 0.438189 1.572779 -3.336643
v 0.451648 1.547068 -3.332326
v 0.452315 1.547752 -3.326668
v 0.459954 1.519362 -3.327047
v 0.451735 1.529327 -3.353460
v 0.452432 1.523876 -3.355110
v 0.453313 1.518234 -3.355667
v 0.454345 1.512618 -3.355110
v 0.455486 1.507242 -3.353460
v 0.456695 1.502315 -3.350780
v 0.457923 1.498024 -3.347173
v 0.459124 1.494537 -3.342779
v 0.460252 1.491985 -3.337766
v 0.461263 1.490468 -3.332326
v 0.462119 1.490043 -3.326668
v 0.462786 1.490727 -3.321011
v 0.463240 1.492493 -3.315571
v 0.463462 1.495273 -3.310557
v 0.463444 1.498962 -3.306164
v 0.463186 1.503418 -3.302556
v 0.462700 1.508468 -3.299876
v 0.462002 1.513919 -3.298227
v 0.461121 1.519561 -3.297669
v 0.460090 1.525177 -3.298227
v 0.458948 1.530552 -3.299876
v 0.457740 1.535480 -3.302556
v 0.456511 1.539769 -3.306164
v 0.455310 1.543257 -3.310557
v 0.454182 1.545810 -3.315571
v 0.453171 1.547327 -3.321011
v 0.451248 1.534377 -3.350780
v 0.450991 1.538831 -3.347173
v 0.450973 1.542521 -3.342779
v 0.436900 1.556623 -3.365768
v 0.418222 1.572053 -3.382117
v 0.437405 1.547884 -3.372843
v 0.418955 1.559366 -3.392387
v 0.438360 1.537979 -3.378100
v 0.420341 1.544985 -3.400019
v 0.439728 1.527287 -3.381337
v 0.422327 1.529464 -3.404718
v 0.441456 1.516220 -3.382429
v 0.424837 1.513397 -3.406305
v 0.443479 1.505203 -3.381337
v 0.427774 1.497402 -3.404718
v 0.445719 1.494659 -3.378100
v 0.431025 1.482094 -3.400019
v 0.448089 1.484993 -3.372843
v 0.434466 1.468063 -3.392387
v 0.450498 1.476578 -3.365768
v 0.437963 1.455846 -3.382117
v 0.452854 1.469737 -3.357148
v 0.441384 1.445914 -3.369603
v 0.455067 1.464730 -3.347314
v 0.444596 1.438646 -3.355325
v 0.457050 1.461754 -3.336643
v 0.447476 1.434324 -3.339834
v 0.458729 1.460920 -3.325546
v 0.449912 1.433115 -3.323723
v 0.460038 1.462261 -3.314448
v 0.451813 1.435061 -3.307612
v 0.460928 1.465726 -3.303777
v 0.453104 1.440092 -3.292121
v 0.461363 1.471182 -3.293944
v 0.461327 1.478417 -3.285324
v 0.460822 1.487156 -3.278250
v 0.459868 1.497062 -3.272993
v 0.458500 1.507754 -3.269756
v 0.456771 1.518821 -3.268662
v 0.454748 1.529839 -3.269756
v 0.416349 1.452175 -3.408664
v 0.411971 1.470033 -3.418376
v 0.407832 1.489515 -3.424358
v 0.404094 1.509873 -3.426377
v 0.400900 1.530322 -3.424358
v 0.398373 1.550078 -3.418376
v 0.396608 1.568381 -3.408664
v 0.372927 1.628674 -3.342394
v 0.345669 1.637835 -3.341664
v 0.375772 1.631588 -3.318282
v 0.348830 1.641073 -3.314872
v 0.379419 1.629776 -3.294169
v 0.352883 1.639060 -3.288080
v 0.383729 1.623307 -3.270985
v 0.357671 1.631874 -3.262319
v 0.388536 1.612432 -3.249618
v 0.363012 1.619790 -3.238576
v 0.393655 1.597567 -3.230888
v 0.398890 1.579282 -3.215519
v 0.368701 1.603271 -3.217766
v 0.341780 1.604822 -3.208084
v 0.374517 1.582955 -3.200687
v 0.347955 1.583253 -3.189954
v 0.380239 1.559621 -3.187996
v 0.354029 1.558482 -3.176482
v 0.385646 1.534167 -3.180182
v 0.359769 1.531460 -3.168185
v 0.390530 1.507568 -3.177543
v 0.364954 1.503224 -3.165385
v 0.394703 1.480850 -3.180182
v 0.369384 1.474859 -3.168185
v 0.398006 1.455037 -3.187996
v 0.372890 1.447456 -3.176482
v 0.400311 1.431123 -3.200687
v 0.401529 1.410027 -3.217766
v 0.375337 1.422069 -3.189954
v 0.376631 1.399673 -3.208084
v 0.376722 1.381127 -3.230177
v 0.375606 1.367146 -3.255381
v 0.373327 1.358266 -3.282730
v 0.369972 1.354828 -3.311172
v 0.365670 1.356965 -3.339613
v 0.360586 1.364595 -3.366961
v 0.354915 1.377423 -3.392166
v 0.335742 1.622356 -3.230177
v 0.330072 1.635185 -3.255382
v 0.324988 1.642815 -3.282730
v 0.320686 1.644951 -3.311172
v 0.317330 1.641514 -3.339613
v 0.315051 1.632633 -3.366963
v 0.343522 1.629470 -3.367426
v -0.430210 1.747369 -2.579546
v -0.364499 1.811091 -2.579546
v -0.430210 1.747369 -2.515578
v -0.502730 1.740227 -2.579546
v -0.579273 1.789938 -2.579546
v -0.502730 1.740227 -2.515578
v -0.464323 1.583773 -2.579546
v -0.437019 1.586462 -2.579546
v -0.490577 1.575808 -2.579546
v -0.464323 1.583773 -2.515578
v -0.490577 1.575808 -2.515578
v -0.437019 1.586462 -2.515578
v -0.409715 1.583773 -2.515578
v -0.383460 1.575808 -2.515578
v -0.409715 1.583773 -2.579546
v -0.383460 1.575808 -2.579546
v -0.359264 1.562875 -2.579546
v -0.338056 1.545470 -2.579546
v -0.359264 1.562875 -2.515578
v -0.338056 1.545470 -2.515578
v -0.320651 1.524262 -2.515578
v -0.307718 1.500066 -2.515578
v -0.320651 1.524262 -2.579546
v -0.307718 1.500066 -2.579546
v -0.299754 1.473811 -2.579546
v -0.297064 1.446507 -2.579546
v -0.299754 1.473811 -2.515578
v -0.297064 1.446507 -2.515578
v -0.299753 1.419204 -2.515578
v -0.307718 1.392949 -2.515578
v -0.299753 1.419204 -2.579546
v -0.307718 1.392949 -2.579546
v -0.320651 1.368753 -2.579546
v -0.338056 1.347545 -2.579546
v -0.320651 1.368753 -2.515578
v -0.338056 1.347545 -2.515578
v -0.359264 1.330139 -2.515578
v -0.383460 1.317206 -2.515578
v -0.359264 1.330139 -2.579546
v -0.383460 1.317206 -2.579546
v -0.409715 1.309242 -2.579546
v -0.437019 1.306553 -2.579546
v -0.409715 1.309242 -2.515578
v -0.437019 1.306553 -2.515578
v -0.464323 1.309242 -2.515578
v -0.490577 1.317206 -2.515578
v -0.464323 1.309242 -2.579546
v -0.490577 1.317206 -2.579546
v -0.514773 1.330139 -2.579546
v -0.535981 1.347545 -2.579546
v -0.514773 1.330139 -2.515578
v -0.535981 1.347545 -2.515578
v -0.553387 1.368753 -2.515578
v -0.566320 1.392949 -2.515578
v -0.553387 1.368753 -2.579546
v -0.566320 1.392949 -2.579546
v -0.574284 1.419204 -2.579546
v -0.576973 1.446507 -2.579546
v -0.574284 1.419204 -2.515578
v -0.730964 1.381135 -2.515578
v -0.576973 1.446507 -2.515578
v -0.574284 1.473811 -2.515578
v -0.566320 1.500066 -2.515578
v -0.574284 1.473811 -2.579546
v -0.566320 1.500066 -2.579546
v -0.553387 1.524262 -2.579546
v -0.535982 1.545470 -2.579546
v -0.553387 1.524262 -2.515578
v -0.552626 1.525189 -2.515578
v -0.690185 1.607954 -2.515578
v -0.535982 1.545470 -2.515578
v -0.514773 1.562875 -2.515578
v -0.514773 1.562875 -2.579546
v -0.780450 1.588761 -2.515578
v -0.690185 1.607954 -2.579546
v -0.643956 1.664284 -2.515578
v -0.643956 1.664284 -2.579546
v -0.643539 1.755587 -2.515578
v -0.643539 1.755587 -2.579546
v -0.579273 1.789938 -2.515578
v -0.780450 1.588761 -2.579546
v -0.801603 1.519027 -2.579546
v -0.738107 1.453655 -2.579546
v -0.801603 1.519027 -2.515578
v -0.738107 1.453655 -2.515578
v -0.730964 1.381135 -2.579546
v -0.780450 1.304254 -2.579546
v -0.746099 1.239987 -2.579546
v -0.780450 1.304254 -2.515578
v -0.746099 1.239987 -2.515578
v -0.655020 1.238454 -2.515578
v -0.598690 1.192225 -2.515578
v -0.655020 1.238454 -2.579546
v -0.598690 1.192225 -2.579546
v -0.579272 1.103076 -2.579546
v -0.509539 1.081923 -2.579546
v -0.579272 1.103076 -2.515578
v -0.509539 1.081923 -2.515578
v -0.443815 1.145150 -2.515578
v -0.371295 1.152293 -2.515578
v -0.443815 1.145150 -2.579546
v -0.371295 1.152293 -2.579546
v -0.294765 1.103076 -2.579546
v -0.230499 1.137427 -2.579546
v -0.294765 1.103076 -2.515578
v -0.230499 1.137427 -2.515578
v -0.228490 1.228470 -2.515578
v -0.182261 1.284800 -2.515578
v -0.228490 1.228470 -2.579546
v -0.182261 1.284800 -2.579546
v -0.093588 1.304254 -2.579546
v -0.072435 1.373987 -2.579546
v -0.093588 1.304254 -2.515578
v -0.072435 1.373987 -2.515578
v -0.136258 1.440943 -2.515578
v -0.143400 1.513463 -2.515578
v -0.136258 1.440943 -2.579546
v -0.143400 1.513463 -2.579546
v -0.093588 1.588761 -2.579546
v -0.127939 1.653028 -2.579546
v -0.093588 1.588761 -2.515578
v -0.127939 1.653028 -2.515578
v -0.218102 1.654204 -2.515578
v -0.274433 1.700433 -2.515578
v -0.218102 1.654204 -2.579546
v -0.274433 1.700433 -2.579546
v -0.294765 1.789938 -2.579546
v -0.294765 1.789938 -2.515578
v -0.364499 1.811091 -2.515578
v 0.062821 1.373943 -2.579546
v 0.101271 1.411230 -2.579546
v 0.062821 1.373943 -2.515578
v 0.020386 1.369763 -2.579546
v -0.024403 1.398852 -2.579546
v 0.020386 1.369763 -2.515578
v 0.042860 1.278215 -2.579546
v 0.058836 1.279788 -2.579546
v 0.027497 1.273555 -2.579546
v 0.042860 1.278215 -2.515578
v 0.027497 1.273555 -2.515578
v 0.058836 1.279788 -2.515578
v 0.074813 1.278215 -2.515578
v 0.090176 1.273555 -2.515578
v 0.074813 1.278215 -2.579546
v 0.090176 1.273555 -2.579546
v 0.104334 1.265987 -2.579546
v 0.116744 1.255802 -2.579546
v 0.104334 1.265987 -2.515578
v 0.116744 1.255802 -2.515578
v 0.126929 1.243392 -2.515578
v 0.134496 1.229234 -2.515578
v 0.126929 1.243392 -2.579546
v 0.134496 1.229234 -2.579546
v 0.139157 1.213871 -2.579546
v 0.140730 1.197895 -2.579546
v 0.139157 1.213871 -2.515578
v 0.140730 1.197895 -2.515578
v 0.139157 1.181918 -2.515578
v 0.134496 1.166555 -2.515578
v 0.139157 1.181918 -2.579546
v 0.134496 1.166555 -2.579546
v 0.126929 1.152397 -2.579546
v 0.116744 1.139987 -2.579546
v 0.126929 1.152397 -2.515578
v 0.116744 1.139987 -2.515578
v 0.104334 1.129802 -2.515578
v 0.090176 1.122235 -2.515578
v 0.104334 1.129802 -2.579546
v 0.090176 1.122235 -2.579546
v 0.074813 1.117574 -2.579546
v 0.058836 1.116001 -2.579546
v 0.074813 1.117574 -2.515578
v 0.058836 1.116001 -2.515578
v 0.042860 1.117574 -2.515578
v 0.027497 1.122235 -2.515578
v 0.042860 1.117574 -2.579546
v 0.027497 1.122235 -2.579546
v 0.013339 1.129802 -2.579546
v 0.000929 1.139987 -2.579546
v 0.013339 1.129802 -2.515578
v 0.000929 1.139987 -2.515578
v -0.009256 1.152397 -2.515578
v -0.016824 1.166555 -2.515578
v -0.009256 1.152397 -2.579546
v -0.016824 1.166555 -2.579546
v -0.021484 1.181918 -2.579546
v -0.023057 1.197895 -2.579546
v -0.021484 1.181918 -2.515578
v -0.113164 1.159642 -2.515578
v -0.023057 1.197895 -2.515578
v -0.021484 1.213871 -2.515578
v -0.016824 1.229234 -2.515578
v -0.021484 1.213871 -2.579546
v -0.016824 1.229234 -2.579546
v -0.009256 1.243392 -2.579546
v 0.000929 1.255802 -2.579546
v -0.009256 1.243392 -2.515578
v -0.008810 1.243935 -2.515578
v -0.089303 1.292365 -2.515578
v 0.000929 1.255802 -2.515578
v 0.013339 1.265987 -2.515578
v 0.013339 1.265987 -2.579546
v -0.142121 1.281134 -2.515578
v -0.089303 1.292365 -2.579546
v -0.062252 1.325326 -2.515578
v -0.062252 1.325326 -2.579546
v -0.062008 1.378752 -2.515578
v -0.062008 1.378752 -2.579546
v -0.024403 1.398852 -2.515578
v -0.142121 1.281134 -2.579546
v -0.154499 1.240330 -2.579546
v -0.117344 1.202077 -2.579546
v -0.154499 1.240330 -2.515578
v -0.117344 1.202077 -2.515578
v -0.113164 1.159642 -2.579546
v -0.142121 1.114656 -2.579546
v -0.122020 1.077050 -2.579546
v -0.142121 1.114656 -2.515578
v -0.122020 1.077050 -2.515578
v -0.068726 1.076154 -2.515578
v -0.035765 1.049103 -2.515578
v -0.068726 1.076154 -2.579546
v -0.035765 1.049103 -2.579546
v -0.024403 0.996938 -2.579546
v 0.016401 0.984560 -2.579546
v -0.024403 0.996938 -2.515578
v 0.016401 0.984560 -2.515578
v 0.054860 1.021557 -2.515578
v 0.097295 1.025737 -2.515578
v 0.054860 1.021557 -2.579546
v 0.097295 1.025737 -2.579546
v 0.142075 0.996938 -2.579546
v 0.179681 1.017038 -2.579546
v 0.142075 0.996938 -2.515578
v 0.179681 1.017038 -2.515578
v 0.180856 1.070312 -2.515578
v 0.207907 1.103273 -2.515578
v 0.180856 1.070312 -2.579546
v 0.207907 1.103273 -2.579546
v 0.259794 1.114656 -2.579546
v 0.272171 1.155460 -2.579546
v 0.259794 1.114656 -2.515578
v 0.272171 1.155460 -2.515578
v 0.234825 1.194638 -2.515578
v 0.230646 1.237073 -2.515578
v 0.234825 1.194638 -2.579546
v 0.230646 1.237073 -2.579546
v 0.259794 1.281134 -2.579546
v 0.239693 1.318739 -2.579546
v 0.259794 1.281134 -2.515578
v 0.239693 1.318739 -2.515578
v 0.186935 1.319428 -2.515578
v 0.153973 1.346479 -2.515578
v 0.186935 1.319428 -2.579546
v 0.153973 1.346479 -2.579546
v 0.142075 1.398852 -2.579546
v 0.142075 1.398852 -2.515578
v 0.101271 1.411230 -2.515578
v -0.275673 1.072913 -2.579546
v -0.221993 1.124968 -2.579546
v -0.275673 1.072913 -2.515578
v -0.334916 1.067078 -2.579546
v -0.397445 1.107688 -2.579546
v -0.334916 1.067078 -2.515578
v -0.303541 0.939269 -2.579546
v -0.281236 0.941465 -2.579546
v -0.324988 0.932762 -2.579546
v -0.303541 0.939269 -2.515578
v -0.324988 0.932762 -2.515578
v -0.281236 0.941465 -2.515578
v -0.258931 0.939268 -2.515578
v -0.237483 0.932762 -2.515578
v -0.258931 0.939268 -2.579546
v -0.237483 0.932762 -2.579546
v -0.217717 0.922197 -2.579546
v -0.200392 0.907979 -2.579546
v -0.217717 0.922197 -2.515578
v -0.200392 0.907979 -2.515578
v -0.186173 0.890653 -2.515578
v -0.175608 0.870887 -2.515578
v -0.186173 0.890653 -2.579546
v -0.175608 0.870887 -2.579546
v -0.169102 0.849440 -2.579546
v -0.166905 0.827135 -2.579546
v -0.169102 0.849440 -2.515578
v -0.166905 0.827135 -2.515578
v -0.169102 0.804830 -2.515578
v -0.175608 0.783382 -2.515578
v -0.169102 0.804830 -2.579546
v -0.175608 0.783382 -2.579546
v -0.186174 0.763616 -2.579546
v -0.200392 0.746291 -2.579546
v -0.186174 0.763616 -2.515578
v -0.200392 0.746291 -2.515578
v -0.217717 0.732072 -2.515578
v -0.237483 0.721507 -2.515578
v -0.217717 0.732072 -2.579546
v -0.237483 0.721507 -2.579546
v -0.258931 0.715001 -2.579546
v -0.281236 0.712804 -2.579546
v -0.258931 0.715001 -2.515578
v -0.281236 0.712804 -2.515578
v -0.303541 0.715001 -2.515578
v -0.324988 0.721507 -2.515578
v -0.303541 0.715001 -2.579546
v -0.324988 0.721507 -2.579546
v -0.344755 0.732072 -2.579546
v -0.362080 0.746291 -2.579546
v -0.344755 0.732072 -2.515578
v -0.362080 0.746291 -2.515578
v -0.376298 0.763616 -2.515578
v -0.386864 0.783382 -2.515578
v -0.376298 0.763616 -2.579546
v -0.386864 0.783382 -2.579546
v -0.393370 0.804830 -2.579546
v -0.395566 0.827135 -2.579546
v -0.393370 0.804830 -2.515578
v -0.521363 0.773731 -2.515578
v -0.395566 0.827135 -2.515578
v -0.393370 0.849440 -2.515578
v -0.386864 0.870887 -2.515578
v -0.393370 0.849440 -2.579546
v -0.386864 0.870887 -2.579546
v -0.376298 0.890653 -2.579546
v -0.362080 0.907979 -2.579546
v -0.376298 0.890653 -2.515578
v -0.375676 0.891411 -2.515578
v -0.488050 0.959023 -2.515578
v -0.362080 0.907979 -2.515578
v -0.344755 0.922197 -2.515578
v -0.344755 0.922197 -2.579546
v -0.561789 0.943343 -2.515578
v -0.488050 0.959023 -2.579546
v -0.450285 1.005040 -2.515578
v -0.450285 1.005040 -2.579546
v -0.449945 1.079626 -2.515578
v -0.449945 1.079626 -2.579546
v -0.397445 1.107688 -2.515578
v -0.561789 0.943343 -2.579546
v -0.579069 0.886377 -2.579546
v -0.527198 0.832974 -2.579546
v -0.579069 0.886377 -2.515578
v -0.527198 0.832974 -2.515578
v -0.521363 0.773731 -2.579546
v -0.561789 0.710926 -2.579546
v -0.533727 0.658426 -2.579546
v -0.561789 0.710926 -2.515578
v -0.533727 0.658426 -2.515578
v -0.459324 0.657174 -2.515578
v -0.413307 0.619409 -2.515578
v -0.459324 0.657174 -2.579546
v -0.413307 0.619409 -2.579546
v -0.397445 0.546582 -2.579546
v -0.340479 0.529302 -2.579546
v -0.397445 0.546582 -2.515578
v -0.340479 0.529302 -2.515578
v -0.286788 0.580953 -2.515578
v -0.227545 0.586788 -2.515578
v -0.286788 0.580953 -2.579546
v -0.227545 0.586788 -2.579546
v -0.165027 0.546582 -2.579546
v -0.112527 0.574644 -2.579546
v -0.165027 0.546582 -2.515578
v -0.112527 0.574644 -2.515578
v -0.110886 0.649018 -2.515578
v -0.073121 0.695035 -2.515578
v -0.110886 0.649018 -2.579546
v -0.073121 0.695035 -2.579546
v -0.000683 0.710926 -2.579546
v 0.016597 0.767892 -2.579546
v -0.000683 0.710926 -2.515578
v 0.016597 0.767892 -2.515578
v -0.035540 0.822589 -2.515578
v -0.041375 0.881832 -2.515578
v -0.035540 0.822589 -2.579546
v -0.041375 0.881832 -2.579546
v -0.000683 0.943343 -2.579546
v -0.028745 0.995844 -2.579546
v -0.000683 0.943343 -2.515578
v -0.028745 0.995844 -2.515578
v -0.102400 0.996805 -2.515578
v -0.148417 1.034570 -2.515578
v -0.102400 0.996805 -2.579546
v -0.148417 1.034570 -2.579546
v -0.165027 1.107688 -2.579546
v -0.165027 1.107688 -2.515578
v -0.221993 1.124968 -2.515578
v -0.365190 1.566238 -3.803926
v -0.333004 1.597450 -3.803926
v -0.365190 1.566238 -3.739958
v -0.400710 1.562740 -3.803926
v -0.438201 1.587089 -3.803926
v -0.400710 1.562740 -3.739958
v -0.381898 1.486108 -3.803926
v -0.368525 1.487425 -3.803926
v -0.394758 1.482207 -3.803926
v -0.381898 1.486108 -3.739958
v -0.394758 1.482207 -3.739958
v -0.368525 1.487425 -3.739958
v -0.355151 1.486108 -3.739958
v -0.342292 1.482207 -3.739958
v -0.355151 1.486108 -3.803926
v -0.342292 1.482207 -3.803926
v -0.330440 1.475872 -3.803926
v -0.320053 1.467347 -3.803926
v -0.330440 1.475872 -3.739958
v -0.320053 1.467347 -3.739958
v -0.311527 1.456959 -3.739958
v -0.305193 1.445108 -3.739958
v -0.311527 1.456959 -3.803926
v -0.305193 1.445108 -3.803926
v -0.301292 1.432248 -3.803926
v -0.299975 1.418875 -3.803926
v -0.301292 1.432248 -3.739958
v -0.299975 1.418875 -3.739958
v -0.301292 1.405501 -3.739958
v -0.305193 1.392642 -3.739958
v -0.301292 1.405501 -3.803926
v -0.305193 1.392642 -3.803926
v -0.311527 1.380790 -3.803926
v -0.320053 1.370402 -3.803926
v -0.311527 1.380790 -3.739958
v -0.320053 1.370402 -3.739958
v -0.330440 1.361877 -3.739958
v -0.342292 1.355542 -3.739958
v -0.330440 1.361877 -3.803926
v -0.342292 1.355542 -3.803926
v -0.355151 1.351641 -3.803926
v -0.368525 1.350324 -3.803926
v -0.355151 1.351641 -3.739958
v -0.368525 1.350324 -3.739958
v -0.381898 1.351641 -3.739958
v -0.394758 1.355542 -3.739958
v -0.381898 1.351641 -3.803926
v -0.394758 1.355542 -3.803926
v -0.406609 1.361877 -3.803926
v -0.416997 1.370402 -3.803926
v -0.406609 1.361877 -3.739958
v -0.416997 1.370402 -3.739958
v -0.425523 1.380790 -3.739958
v -0.431857 1.392642 -3.739958
v -0.425523 1.380790 -3.803926
v -0.431857 1.392642 -3.803926
v -0.435758 1.405501 -3.803926
v -0.437075 1.418875 -3.803926
v -0.435758 1.405501 -3.739958
v -0.512501 1.386855 -3.739958
v -0.437075 1.418875 -3.739958
v -0.435758 1.432248 -3.739958
v -0.431857 1.445108 -3.739958
v -0.435758 1.432248 -3.803926
v -0.431857 1.445108 -3.803926
v -0.425523 1.456959 -3.803926
v -0.416997 1.467347 -3.803926
v -0.425523 1.456959 -3.739958
v -0.425150 1.457413 -3.739958
v -0.492527 1.497952 -3.739958
v -0.416997 1.467347 -3.739958
v -0.406609 1.475872 -3.739958
v -0.406609 1.475872 -3.803926
v -0.536739 1.488551 -3.739958
v -0.492527 1.497952 -3.803926
v -0.469884 1.525543 -3.739958
v -0.469884 1.525543 -3.803926
v -0.469680 1.570263 -3.739958
v -0.469680 1.570263 -3.803926
v -0.438201 1.587089 -3.739958
v -0.536739 1.488551 -3.803926
v -0.547100 1.454395 -3.803926
v -0.515999 1.422376 -3.803926
v -0.547100 1.454395 -3.739958
v -0.515999 1.422376 -3.739958
v -0.512501 1.386855 -3.803926
v -0.536739 1.349198 -3.803926
v -0.519914 1.317720 -3.803926
v -0.536739 1.349198 -3.739958
v -0.519914 1.317720 -3.739958
v -0.475303 1.316969 -3.739958
v -0.447712 1.294326 -3.739958
v -0.475303 1.316969 -3.803926
v -0.447712 1.294326 -3.803926
v -0.438201 1.250661 -3.803926
v -0.404046 1.240300 -3.803926
v -0.438201 1.250661 -3.739958
v -0.404046 1.240300 -3.739958
v -0.371854 1.271269 -3.739958
v -0.336333 1.274767 -3.739958
v -0.371854 1.271269 -3.803926
v -0.336333 1.274767 -3.803926
v -0.298848 1.250661 -3.803926
v -0.267370 1.267486 -3.803926
v -0.298848 1.250661 -3.739958
v -0.267370 1.267486 -3.739958
v -0.266386 1.312079 -3.739958
v -0.243743 1.339670 -3.739958
v -0.266386 1.312079 -3.803926
v -0.243743 1.339670 -3.803926
v -0.200311 1.349198 -3.803926
v -0.189950 1.383354 -3.803926
v -0.200311 1.349198 -3.739958
v -0.189950 1.383354 -3.739958
v -0.221211 1.416149 -3.739958
v -0.224709 1.451670 -3.739958
v -0.221211 1.416149 -3.803926
v -0.224709 1.451670 -3.803926
v -0.200311 1.488551 -3.803926
v -0.217136 1.520029 -3.803926
v -0.200311 1.488551 -3.739958
v -0.217136 1.520029 -3.739958
v -0.261299 1.520606 -3.739958
v -0.288889 1.543249 -3.739958
v -0.261299 1.520606 -3.803926
v -0.288889 1.543249 -3.803926
v -0.298848 1.587089 -3.803926
v -0.298848 1.587089 -3.739958
v -0.333004 1.597450 -3.739958
v -0.380733 1.060260 -3.803926
v -0.327053 1.112316 -3.803926
v -0.380733 1.060260 -3.739958
v -0.439975 1.054425 -3.803926
v -0.502504 1.095036 -3.803926
v -0.439975 1.054425 -3.739958
v -0.408600 0.926616 -3.803926
v -0.386295 0.928813 -3.803926
v -0.430048 0.920110 -3.803926
v -0.408600 0.926616 -3.739958
v -0.430048 0.920110 -3.739958
v -0.386295 0.928813 -3.739958
v -0.363991 0.926616 -3.739958
v -0.342543 0.920110 -3.739958
v -0.363991 0.926616 -3.803926
v -0.342543 0.920110 -3.803926
v -0.322777 0.909545 -3.803926
v -0.305452 0.895326 -3.803926
v -0.322777 0.909545 -3.739958
v -0.305452 0.895326 -3.739958
v -0.291233 0.878001 -3.739958
v -0.280668 0.858235 -3.739958
v -0.291233 0.878001 -3.803926
v -0.280668 0.858235 -3.803926
v -0.274162 0.836787 -3.803926
v -0.271965 0.814483 -3.803926
v -0.274162 0.836787 -3.739958
v -0.271965 0.814483 -3.739958
v -0.274162 0.792178 -3.739958
v -0.280668 0.770730 -3.739958
v -0.274162 0.792178 -3.803926
v -0.280668 0.770730 -3.803926
v -0.291233 0.750964 -3.803926
v -0.305452 0.733639 -3.803926
v -0.291233 0.750964 -3.739958
v -0.305452 0.733639 -3.739958
v -0.322777 0.719420 -3.739958
v -0.342543 0.708855 -3.739958
v -0.322777 0.719420 -3.803926
v -0.342543 0.708855 -3.803926
v -0.363991 0.702349 -3.803926
v -0.386295 0.700152 -3.803926
v -0.363991 0.702349 -3.739958
v -0.386295 0.700152 -3.739958
v -0.408600 0.702349 -3.739958
v -0.430048 0.708855 -3.739958
v -0.408600 0.702349 -3.803926
v -0.430048 0.708855 -3.803926
v -0.449814 0.719420 -3.803926
v -0.467139 0.733639 -3.803926
v -0.449814 0.719420 -3.739958
v -0.467139 0.733639 -3.739958
v -0.481358 0.750964 -3.739958
v -0.491923 0.770730 -3.739958
v -0.481358 0.750964 -3.803926
v -0.491923 0.770730 -3.803926
v -0.498429 0.792178 -3.803926
v -0.500626 0.814483 -3.803926
v -0.498429 0.792178 -3.739958
v -0.626423 0.761079 -3.739958
v -0.500626 0.814483 -3.739958
v -0.498429 0.836787 -3.739958
v -0.491923 0.858235 -3.739958
v -0.498429 0.836787 -3.803926
v -0.491923 0.858235 -3.803926
v -0.481358 0.878001 -3.803926
v -0.467139 0.895326 -3.803926
v -0.481358 0.878001 -3.739958
v -0.480736 0.878759 -3.739958
v -0.593110 0.946371 -3.739958
v -0.467139 0.895326 -3.739958
v -0.449814 0.909545 -3.739958
v -0.449814 0.909545 -3.803926
v -0.666848 0.930691 -3.739958
v -0.593110 0.946371 -3.803926
v -0.555345 0.992388 -3.739958
v -0.555345 0.992388 -3.803926
v -0.555004 1.066974 -3.739958
v -0.555004 1.066974 -3.803926
v -0.502504 1.095036 -3.739958
v -0.666848 0.930691 -3.803926
v -0.684129 0.873725 -3.803926
v -0.632258 0.820322 -3.803926
v -0.684129 0.873725 -3.739958
v -0.632258 0.820322 -3.739958
v -0.626423 0.761079 -3.803926
v -0.666848 0.698274 -3.803926
v -0.638786 0.645774 -3.803926
v -0.666848 0.698274 -3.739958
v -0.638786 0.645774 -3.739958
v -0.564383 0.644522 -3.739958
v -0.518367 0.606757 -3.739958
v -0.564383 0.644522 -3.803926
v -0.518367 0.606757 -3.803926
v -0.502504 0.533930 -3.803926
v -0.445538 0.516649 -3.803926
v -0.502504 0.533930 -3.739958
v -0.445538 0.516649 -3.739958
v -0.391847 0.568301 -3.739958
v -0.332604 0.574136 -3.739958
v -0.391847 0.568301 -3.803926
v -0.332604 0.574136 -3.803926
v -0.270087 0.533930 -3.803926
v -0.217586 0.561992 -3.803926
v -0.270087 0.533930 -3.739958
v -0.217586 0.561992 -3.739958
v -0.215945 0.636366 -3.739958
v -0.178181 0.682382 -3.739958
v -0.215945 0.636366 -3.803926
v -0.178181 0.682382 -3.803926
v -0.105742 0.698274 -3.803926
v -0.088462 0.755240 -3.803926
v -0.105742 0.698274 -3.739958
v -0.088462 0.755240 -3.739958
v -0.140600 0.809937 -3.739958
v -0.146435 0.869179 -3.739958
v -0.140600 0.809937 -3.803926
v -0.146435 0.869179 -3.803926
v -0.105742 0.930691 -3.803926
v -0.133804 0.983192 -3.803926
v -0.105742 0.930691 -3.739958
v -0.133804 0.983192 -3.739958
v -0.207460 0.984153 -3.739958
v -0.253477 1.021918 -3.739958
v -0.207460 0.984153 -3.803926
v -0.253477 1.021918 -3.803926
v -0.270087 1.095036 -3.803926
v -0.270087 1.095036 -3.739958
v -0.327053 1.112316 -3.739958
v 0.064990 1.459205 -3.803926
v 0.122101 1.514588 -3.803926
v 0.064990 1.459205 -3.739958
v 0.001960 1.452997 -3.803926
v -0.064565 1.496203 -3.803926
v 0.001960 1.452997 -3.739958
v 0.035341 1.317019 -3.803926
v 0.059072 1.319356 -3.803926
v 0.012522 1.310097 -3.803926
v 0.035341 1.317019 -3.739958
v 0.012522 1.310097 -3.739958
v 0.059072 1.319356 -3.739958
v 0.082802 1.317019 -3.739958
v 0.105621 1.310097 -3.739958
v 0.082802 1.317019 -3.803926
v 0.105621 1.310097 -3.803926
v 0.126650 1.298856 -3.803926
v 0.145083 1.283729 -3.803926
v 0.126650 1.298856 -3.739958
v 0.145083 1.283729 -3.739958
v 0.160210 1.265296 -3.739958
v 0.171451 1.244267 -3.739958
v 0.160210 1.265296 -3.803926
v 0.171451 1.244267 -3.803926
v 0.178373 1.221448 -3.803926
v 0.180710 1.197717 -3.803926
v 0.178373 1.221448 -3.739958
v 0.180710 1.197717 -3.739958
v 0.178373 1.173987 -3.739958
v 0.171451 1.151168 -3.739958
v 0.178373 1.173987 -3.803926
v 0.171451 1.151168 -3.803926
v 0.160210 1.130139 -3.803926
v 0.145083 1.111706 -3.803926
v 0.160210 1.130139 -3.739958
v 0.145083 1.111706 -3.739958
v 0.126650 1.096579 -3.739958
v 0.105621 1.085338 -3.739958
v 0.126650 1.096579 -3.803926
v 0.105621 1.085338 -3.803926
v 0.082802 1.078416 -3.803926
v 0.059072 1.076079 -3.803926
v 0.082802 1.078416 -3.739958
v 0.059072 1.076079 -3.739958
v 0.035341 1.078416 -3.739958
v 0.012522 1.085338 -3.739958
v 0.035341 1.078416 -3.803926
v 0.012522 1.085338 -3.803926
v -0.008507 1.096579 -3.803926
v -0.026940 1.111706 -3.803926
v -0.008507 1.096579 -3.739958
v -0.026940 1.111706 -3.739958
v -0.042067 1.130139 -3.739958
v -0.053308 1.151168 -3.739958
v -0.042067 1.130139 -3.803926
v -0.053308 1.151168 -3.803926
v -0.060230 1.173987 -3.803926
v -0.062567 1.197717 -3.803926
v -0.060230 1.173987 -3.739958
v -0.196404 1.140900 -3.739958
v -0.062567 1.197717 -3.739958
v -0.060230 1.221448 -3.739958
v -0.053308 1.244267 -3.739958
v -0.060230 1.221448 -3.803926
v -0.053308 1.244267 -3.803926
v -0.042067 1.265296 -3.803926
v -0.026940 1.283729 -3.803926
v -0.042067 1.265296 -3.739958
v -0.041405 1.266102 -3.739958
v -0.160962 1.338035 -3.739958
v -0.026940 1.283729 -3.739958
v -0.008507 1.298856 -3.739958
v -0.008507 1.298856 -3.803926
v -0.239414 1.321354 -3.739958
v -0.160962 1.338035 -3.803926
v -0.120783 1.386994 -3.739958
v -0.120783 1.386994 -3.803926
v -0.120421 1.466347 -3.739958
v -0.120421 1.466347 -3.803926
v -0.064565 1.496203 -3.739958
v -0.239414 1.321354 -3.803926
v -0.257799 1.260747 -3.803926
v -0.202612 1.203930 -3.803926
v -0.257799 1.260747 -3.739958
v -0.202612 1.203930 -3.739958
v -0.196404 1.140900 -3.803926
v -0.239414 1.074081 -3.803926
v -0.209558 1.018225 -3.803926
v -0.239414 1.074081 -3.739958
v -0.209558 1.018225 -3.739958
v -0.130400 1.016893 -3.739958
v -0.081442 0.976714 -3.739958
v -0.130400 1.016893 -3.803926
v -0.081442 0.976714 -3.803926
v -0.064565 0.899232 -3.803926
v -0.003958 0.880847 -3.803926
v -0.064565 0.899232 -3.739958
v -0.003958 0.880847 -3.739958
v 0.053165 0.935800 -3.739958
v 0.116194 0.942008 -3.739958
v 0.053165 0.935800 -3.803926
v 0.116194 0.942008 -3.803926
v 0.182708 0.899232 -3.803926
v 0.238564 0.929088 -3.803926
v 0.182708 0.899232 -3.739958
v 0.238564 0.929088 -3.739958
v 0.240310 1.008215 -3.739958
v 0.280489 1.057173 -3.739958
v 0.240310 1.008215 -3.803926
v 0.280489 1.057173 -3.803926
v 0.357557 1.074081 -3.803926
v 0.375942 1.134688 -3.803926
v 0.357557 1.074081 -3.739958
v 0.375942 1.134688 -3.739958
v 0.320472 1.192881 -3.739958
v 0.314264 1.255910 -3.739958
v 0.320472 1.192881 -3.803926
v 0.314264 1.255910 -3.803926
v 0.357557 1.321354 -3.803926
v 0.327701 1.377210 -3.803926
v 0.357557 1.321354 -3.739958
v 0.327701 1.377210 -3.739958
v 0.249338 1.378233 -3.739958
v 0.200380 1.418412 -3.739958
v 0.249338 1.378233 -3.803926
v 0.200380 1.418412 -3.803926
v 0.182708 1.496203 -3.803926
v 0.182708 1.496203 -3.739958
v 0.122101 1.514588 -3.739958
v -0.372630 0.303946 -3.196039
v -0.372630 0.303946 -3.250906
v -0.339063 0.298027 -3.196039
v -0.329252 0.549955 -3.077613
v -0.285874 0.795964 -3.077613
v -0.295685 0.544036 -3.077613
v -0.329252 0.549955 -3.158803
v -0.329252 0.549955 -3.408607
v -0.285874 0.795964 -3.158803
v -0.285874 0.795964 -3.408607
v -0.275099 0.857070 -3.158803
v -0.281089 0.823100 -3.077614
v -0.275099 0.857070 -3.408607
v -0.241532 0.851151 -3.158803
v -0.247522 0.817181 -3.077613
v -0.241532 0.851151 -3.408607
v -0.252307 0.790045 -3.158803
v -0.252307 0.790045 -3.077613
v -0.252307 0.790045 -3.408607
v -0.295685 0.544036 -3.158803
v -0.295685 0.544036 -3.408607
v -0.339063 0.298027 -3.250906
v -0.339063 0.298027 -3.316503
v -0.339063 0.298027 -3.371370
v -0.372630 0.303946 -3.316503
v -0.372630 0.303946 -3.371370
v -0.329252 0.549955 -3.489795
v -0.285874 0.795964 -3.489795
v -0.295685 0.544036 -3.489795
v -0.252307 0.790045 -3.489795
v -0.247522 0.817181 -3.489795
v -0.281089 0.823100 -3.489795
v -0.886446 1.708336 -3.166393
v -0.886446 1.819584 -3.281112
v -0.822477 1.708336 -3.166393
v -0.886446 1.695866 -3.039785
v -0.886446 1.782654 -2.906155
v -0.822477 1.695866 -3.039785
v -0.886446 1.422725 -3.106838
v -0.886446 1.427420 -3.154505
v -0.886446 1.408821 -3.061002
v -0.822477 1.422725 -3.106838
v -0.822477 1.408821 -3.061002
v -0.822477 1.427420 -3.154505
v -0.822477 1.422725 -3.202173
v -0.822477 1.408821 -3.248008
v -0.886446 1.422725 -3.202173
v -0.886446 1.408821 -3.248008
v -0.886446 1.386242 -3.290251
v -0.886446 1.355855 -3.327276
v -0.822477 1.386242 -3.290251
v -0.822477 1.355855 -3.327276
v -0.822477 1.318830 -3.357663
v -0.822477 1.276588 -3.380242
v -0.886446 1.318830 -3.357663
v -0.886446 1.276588 -3.380242
v -0.886446 1.230752 -3.394146
v -0.886446 1.183084 -3.398841
v -0.822477 1.230752 -3.394146
v -0.822477 1.183084 -3.398841
v -0.822477 1.135417 -3.394146
v -0.822477 1.089581 -3.380242
v -0.886446 1.135417 -3.394146
v -0.886446 1.089581 -3.380242
v -0.886446 1.047339 -3.357663
v -0.886446 1.010313 -3.327276
v -0.822477 1.047339 -3.357663
v -0.822477 1.010313 -3.327276
v -0.822477 0.979926 -3.290251
v -0.822477 0.957347 -3.248008
v -0.886446 0.979926 -3.290251
v -0.886446 0.957347 -3.248008
v -0.886446 0.943443 -3.202173
v -0.886446 0.938748 -3.154505
v -0.822477 0.943443 -3.202173
v -0.822477 0.938748 -3.154505
v -0.822477 0.943443 -3.106838
v -0.822477 0.957347 -3.061002
v -0.886446 0.943443 -3.106838
v -0.886446 0.957347 -3.061002
v -0.886446 0.979926 -3.018759
v -0.886446 1.010313 -2.981734
v -0.822477 0.979926 -3.018759
v -0.822477 1.010313 -2.981734
v -0.822477 1.047339 -2.951347
v -0.822477 1.089581 -2.928768
v -0.886446 1.047339 -2.951347
v -0.886446 1.089581 -2.928768
v -0.886446 1.135417 -2.914864
v -0.886446 1.183084 -2.910169
v -0.822477 1.135417 -2.914864
v -0.822477 1.068955 -2.641329
v -0.822477 1.183084 -2.910169
v -0.822477 1.230752 -2.914864
v -0.822477 1.276588 -2.928768
v -0.886446 1.230752 -2.914864
v -0.886446 1.276588 -2.928768
v -0.886446 1.318830 -2.951347
v -0.886446 1.355855 -2.981734
v -0.822477 1.318830 -2.951347
v -0.822477 1.320449 -2.952676
v -0.822477 1.464942 -2.712522
v -0.822477 1.355855 -2.981734
v -0.822477 1.386242 -3.018759
v -0.886446 1.386242 -3.018759
v -0.822477 1.431434 -2.554935
v -0.886446 1.464942 -2.712522
v -0.822477 1.563285 -2.793230
v -0.886446 1.563285 -2.793230
v -0.822477 1.722683 -2.793957
v -0.886446 1.722683 -2.793957
v -0.822477 1.782654 -2.906155
v -0.886446 1.431434 -2.554935
v -0.886446 1.309692 -2.518005
v -0.886446 1.195563 -2.628859
v -0.822477 1.309692 -2.518005
v -0.822477 1.195563 -2.628859
v -0.886446 1.068955 -2.641329
v -0.886446 0.934735 -2.554935
v -0.886446 0.822536 -2.614906
v -0.822477 0.934735 -2.554935
v -0.822477 0.822536 -2.614906
v -0.822477 0.819861 -2.773913
v -0.822477 0.739153 -2.872255
v -0.886446 0.819861 -2.773913
v -0.886446 0.739153 -2.872255
v -0.886446 0.583514 -2.906155
v -0.886446 0.546585 -3.027898
v -0.822477 0.583514 -2.906155
v -0.822477 0.546585 -3.027898
v -0.822477 0.656969 -3.142641
v -0.822477 0.669439 -3.269248
v -0.886446 0.656968 -3.142641
v -0.886446 0.669438 -3.269248
v -0.886446 0.583514 -3.402855
v -0.886446 0.643486 -3.515053
v -0.822477 0.583514 -3.402855
v -0.822477 0.643486 -3.515053
v -0.822477 0.802431 -3.518560
v -0.822477 0.900773 -3.599267
v -0.886446 0.802431 -3.518560
v -0.886446 0.900773 -3.599267
v -0.886446 0.934735 -3.754075
v -0.886446 1.056477 -3.791005
v -0.822477 0.934735 -3.754075
v -0.822477 1.056477 -3.791005
v -0.822477 1.173369 -3.679581
v -0.822477 1.299977 -3.667111
v -0.886446 1.173369 -3.679581
v -0.886446 1.299977 -3.667111
v -0.886446 1.431434 -3.754075
v -0.886446 1.543632 -3.694104
v -0.822477 1.431434 -3.754075
v -0.822478 1.543632 -3.694104
v -0.822477 1.545687 -3.536695
v -0.822477 1.626395 -3.438352
v -0.886446 1.545687 -3.536695
v -0.886446 1.626395 -3.438352
v -0.886446 1.782654 -3.402855
v -0.822477 1.782654 -3.402855
v -0.822477 1.819584 -3.281112
vn -0.9825 0.1732 0.0686
vn -0.0000 -0.0000 1.0000
vn 0.9825 -0.1732 -0.0686
vn -0.0000 -0.0000 -1.0000
vn 0.1736 0.9848 -0.0000
vn -0.1205 -0.6836 -0.7198
vn -0.1205 -0.6836 0.7198
vn -0.1736 -0.9848 -0.0000
vn 0.9825 -0.1732 0.0686
vn 0.9848 -0.1736 -0.0000
vn -0.9825 0.1732 -0.0686
vn -0.9848 0.1736 -0.0000
vn -0.9824 0.1805 -0.0478
vn 0.9849 -0.1664 0.0478
vn 0.0722 0.4095 -0.9094
vn 0.9849 -0.1664 -0.0478
vn 0.0722 0.4095 0.9094
vn -0.9824 0.1805 0.0478
vn 0.8810 0.4709 -0.0464
vn 0.7715 0.6331 -0.0624
vn 0.8810 0.4709 0.0464
vn 0.7715 0.6331 0.0624
vn 0.8810 0.4528 0.1373
vn 0.7715 0.6088 0.1847
vn 0.8810 0.4173 0.2231
vn 0.7715 0.5611 0.2999
vn 0.8810 0.3658 0.3002
vn 0.7715 0.4918 0.4036
vn 0.8810 0.3002 0.3658
vn 0.7715 0.4036 0.4918
vn 0.8810 0.2231 0.4173
vn 0.7715 0.2999 0.5611
vn 0.7715 0.1847 0.6088
vn 0.8810 0.1373 0.4528
vn 0.6326 0.2248 0.7412
vn 0.6326 0.3651 0.6830
vn 0.7715 0.0624 0.6331
vn 0.6326 0.0759 0.7708
vn 0.7715 -0.0624 0.6331
vn 0.6326 -0.0759 0.7708
vn 0.7715 -0.1847 0.6088
vn 0.6326 -0.2248 0.7412
vn 0.7715 -0.2999 0.5611
vn 0.6326 -0.3651 0.6830
vn 0.7715 -0.4036 0.4918
vn 0.6326 -0.4913 0.5987
vn 0.7715 -0.4918 0.4036
vn 0.6326 -0.5987 0.4913
vn 0.7715 -0.5611 0.2999
vn 0.6326 -0.6830 0.3651
vn 0.4696 -0.7786 0.4162
vn 0.4696 -0.6825 0.5601
vn 0.6326 -0.7411 0.2248
vn 0.4696 -0.8449 0.2563
vn 0.6326 -0.7708 0.0759
vn 0.4696 -0.8786 0.0865
vn 0.6326 -0.7708 -0.0759
vn 0.4696 -0.8786 -0.0865
vn 0.6326 -0.7411 -0.2248
vn 0.4696 -0.8449 -0.2563
vn 0.6326 -0.6830 -0.3651
vn 0.4697 -0.7786 -0.4162
vn 0.6326 -0.5987 -0.4913
vn 0.4696 -0.6825 -0.5601
vn 0.6326 -0.4914 -0.5987
vn 0.4696 -0.5601 -0.6825
vn 0.2890 -0.6073 -0.7400
vn 0.2890 -0.7400 -0.6073
vn 0.4697 -0.4162 -0.7786
vn 0.2890 -0.4513 -0.8443
vn 0.4696 -0.2563 -0.8449
vn 0.2890 -0.2779 -0.9161
vn 0.4696 -0.0865 -0.8786
vn 0.2890 -0.0938 -0.9527
vn 0.4696 0.0865 -0.8786
vn 0.2890 0.0938 -0.9527
vn 0.4696 0.2563 -0.8448
vn 0.2890 0.2779 -0.9161
vn 0.4696 0.4162 -0.7786
vn 0.2890 0.4513 -0.8443
vn -1.0000 -0.0000 -0.0000
vn 0.2890 0.6073 -0.7400
vn 0.2890 0.7400 -0.6073
vn 0.4696 0.6825 -0.5601
vn 0.4696 0.5601 -0.6825
vn 0.6326 0.5987 -0.4913
vn 0.6326 0.4913 -0.5987
vn 0.6326 0.6830 -0.3651
vn 0.4697 0.7786 -0.4162
vn 0.7715 0.5611 -0.2999
vn 0.7715 0.4918 -0.4036
vn 0.7715 0.6088 -0.1847
vn 0.6326 0.7412 -0.2248
vn 0.8810 0.4528 -0.1373
vn 0.8810 0.4173 -0.2231
vn 0.9566 0.2790 -0.0846
vn 0.9566 0.2571 -0.1374
vn 0.9566 0.2902 -0.0286
vn 0.9951 0.0980 -0.0097
vn 0.9951 0.0943 -0.0286
vn 0.9951 0.0980 0.0097
vn 0.9951 0.0464 -0.0869
vn 0.9951 0.0286 -0.0943
vn 0.9951 0.0097 -0.0980
vn 0.9951 -0.0097 -0.0980
vn 0.9951 -0.0286 -0.0943
vn 0.9951 -0.0464 -0.0869
vn 0.9951 -0.0625 -0.0761
vn 0.9951 -0.0761 -0.0625
vn 0.9951 -0.0869 -0.0464
vn 0.9951 -0.0943 -0.0286
vn 0.9951 -0.0980 -0.0097
vn 0.9951 -0.0980 0.0097
vn 0.9951 -0.0943 0.0286
vn 0.9951 -0.0869 0.0464
vn 0.9951 -0.0762 0.0625
vn 0.9951 -0.0625 0.0761
vn 0.9951 -0.0464 0.0869
vn 0.9951 -0.0286 0.0943
vn 0.9951 -0.0097 0.0980
vn 0.9951 0.0097 0.0980
vn 0.9951 0.0286 0.0943
vn 0.9951 0.0464 0.0869
vn 0.9951 0.0625 0.0761
vn 0.9951 0.0761 0.0625
vn 0.9951 0.0869 0.0464
vn 0.9951 0.0943 0.0286
vn 0.9951 0.0625 -0.0761
vn 0.9951 0.0761 -0.0625
vn 0.9951 0.0869 -0.0464
vn 0.9565 0.2254 -0.1850
vn 0.9566 0.1850 -0.2254
vn 0.8810 0.3658 -0.3002
vn 0.8810 0.3002 -0.3658
vn 0.9565 0.1375 -0.2571
vn 0.8810 0.2231 -0.4173
vn 0.9566 0.0846 -0.2790
vn 0.8810 0.1373 -0.4528
vn 0.9566 0.0286 -0.2902
vn 0.8810 0.0464 -0.4709
vn 0.8810 -0.0464 -0.4709
vn 0.9566 -0.0286 -0.2901
vn 0.9566 -0.0846 -0.2790
vn 0.8810 -0.1373 -0.4528
vn 0.9566 -0.1375 -0.2571
vn 0.8810 -0.2231 -0.4173
vn 0.9566 -0.1850 -0.2254
vn 0.8810 -0.3002 -0.3658
vn 0.9565 -0.2254 -0.1850
vn 0.8810 -0.3658 -0.3002
vn 0.9566 -0.2571 -0.1375
vn 0.8810 -0.4173 -0.2231
vn 0.9566 -0.2790 -0.0846
vn 0.8810 -0.4528 -0.1374
vn 0.9566 -0.2902 -0.0286
vn 0.8810 -0.4709 -0.0463
vn 0.8810 -0.4709 0.0463
vn 0.9566 -0.2901 0.0286
vn 0.9566 -0.2790 0.0846
vn 0.8810 -0.4528 0.1374
vn 0.9566 -0.2571 0.1375
vn 0.8810 -0.4173 0.2231
vn 0.9566 -0.2254 0.1850
vn 0.8810 -0.3658 0.3002
vn 0.9566 -0.1850 0.2254
vn 0.8810 -0.3002 0.3658
vn 0.9566 -0.1374 0.2571
vn 0.8810 -0.2231 0.4173
vn 0.9565 -0.0846 0.2790
vn 0.8810 -0.1373 0.4528
vn 0.9566 -0.0286 0.2902
vn 0.8810 -0.0464 0.4709
vn 0.8810 0.0464 0.4709
vn 0.9566 0.0286 0.2902
vn 0.9566 0.0846 0.2790
vn 0.7715 -0.6088 0.1847
vn 0.7715 -0.6332 0.0623
vn 0.7715 -0.6332 -0.0623
vn 0.7715 -0.6088 -0.1847
vn 0.7715 -0.5611 -0.2999
vn 0.7715 -0.4918 -0.4036
vn 0.7715 -0.4036 -0.4918
vn 0.7715 -0.2999 -0.5611
vn 0.6326 -0.3651 -0.6831
vn 0.6326 -0.2248 -0.7412
vn 0.7715 -0.1847 -0.6088
vn 0.7715 -0.0623 -0.6331
vn 0.6326 -0.0759 -0.7708
vn 0.7715 0.0623 -0.6331
vn 0.6326 0.0759 -0.7708
vn 0.7715 0.1847 -0.6088
vn 0.6326 0.2248 -0.7412
vn 0.7715 0.2999 -0.5611
vn 0.6326 0.3651 -0.6831
vn 0.7715 0.4036 -0.4918
vn 0.9565 0.2790 0.0846
vn 0.9566 0.2902 0.0286
vn 0.9566 0.2571 0.1375
vn 0.9566 0.2254 0.1850
vn 0.9566 0.1850 0.2254
vn 0.9565 0.1374 0.2571
vn 0.6326 0.7708 -0.0759
vn 0.4696 0.8786 -0.0865
vn 0.4696 0.8449 -0.2563
vn 0.6326 0.7708 0.0759
vn 0.4696 0.8786 0.0865
vn 0.6326 0.7412 0.2249
vn 0.4696 0.8448 0.2563
vn 0.6326 0.6831 0.3651
vn 0.4697 0.7786 0.4162
vn 0.6326 0.5987 0.4913
vn 0.4696 0.6825 0.5601
vn 0.6326 0.4913 0.5987
vn 0.4696 0.5601 0.6825
vn 0.2890 0.6073 0.7400
vn 0.2890 0.7400 0.6073
vn 0.4696 0.4162 0.7786
vn 0.2890 0.4513 0.8443
vn 0.4696 0.2563 0.8449
vn 0.2890 0.2779 0.9161
vn 0.4696 0.0865 0.8786
vn 0.2890 0.0938 0.9527
vn 0.4696 -0.0865 0.8786
vn 0.2890 -0.0938 0.9527
vn 0.4696 -0.2563 0.8449
vn 0.2890 -0.2779 0.9161
vn 0.4696 -0.4162 0.7786
vn 0.2890 -0.4513 0.8443
vn 0.4696 -0.5601 0.6825
vn 0.2890 -0.6073 0.7400
vn 0.2890 -0.7400 0.6073
vn 0.2890 -0.8443 0.4513
vn 0.2890 -0.9161 0.2779
vn 0.2890 -0.9527 0.0938
vn 0.2890 -0.9527 -0.0938
vn 0.2890 -0.9161 -0.2779
vn 0.2890 -0.8443 -0.4513
vn 0.2890 0.8443 0.4513
vn 0.2890 0.9161 0.2779
vn 0.2890 0.9527 0.0938
vn 0.2890 0.9527 -0.0938
vn 0.2890 0.9161 -0.2779
vn 0.2890 0.8443 -0.4513
vn -0.2334 -0.8686 -0.4371
vn 0.4320 -0.7954 0.4252
vn -0.4431 -0.8667 -0.2292
vn 0.4930 -0.8700 -0.0000
vn -0.5424 -0.8401 -0.0000
vn 0.5272 -0.8492 0.0313
vn -0.0000 -1.0000 -0.0000
vn -0.0000 -0.9979 0.0655
vn 0.0627 -0.9980 -0.0000
vn 0.0323 -0.9990 0.0318
vn -0.5740 -0.8189 -0.0000
vn 0.0483 -0.8668 0.4963
vn -0.5208 -0.6826 0.5126
vn 0.4431 -0.8667 -0.2292
vn 0.5424 -0.8401 -0.0000
vn 0.2334 -0.8686 -0.4371
vn 0.4710 -0.0000 -0.8821
vn 0.8883 -0.0000 -0.4593
vn 1.0000 -0.0000 -0.0000
vn 0.8883 -0.0000 0.4593
vn 0.4710 -0.0000 0.8821
vn -0.4710 -0.0000 0.8821
vn -0.8883 -0.0000 0.4593
vn -0.8883 -0.0000 -0.4593
vn -0.7763 0.6303 -0.0000
vn -0.6568 0.6733 -0.3396
vn 0.5505 0.8348 -0.0000
vn 0.4707 0.7509 0.4633
vn -0.0000 1.0000 -0.0000
vn -0.0000 0.8388 0.5444
vn -0.3468 0.6766 -0.6496
vn -0.0000 0.6364 -0.7714
vn 0.3468 0.6766 -0.6496
vn -0.4707 0.7509 0.4633
vn 0.6568 0.6733 -0.3396
vn 0.7763 0.6303 -0.0000
vn 0.6568 0.6733 0.3396
vn 0.3468 0.6766 0.6496
vn -0.0000 0.6364 0.7714
vn -0.3468 0.6766 0.6496
vn -0.6568 0.6733 0.3396
vn 0.4707 0.7509 -0.4633
vn -0.0000 0.8388 -0.5444
vn -0.5505 0.8348 -0.0000
vn -0.4707 0.7509 -0.4633
vn -0.0000 -0.8440 -0.5363
vn -0.0000 -0.8959 0.4443
vn -0.4710 -0.0000 -0.8821
vn -0.4431 -0.8667 0.2292
vn -0.2334 -0.8686 0.4371
vn 0.5208 -0.6826 -0.5126
vn -0.0000 -0.8440 0.5363
vn -0.0000 -0.8231 -0.5679
vn -0.5208 -0.6826 -0.5126
vn 0.2334 -0.8686 0.4371
vn 0.4431 -0.8667 0.2292
vn -0.0000 0.0111 0.9999
vn -0.0000 0.9999 -0.0111
vn -0.0000 -0.0111 -0.9999
vn -0.0000 -0.9999 0.0111
vn 0.9832 0.0644 -0.1709
vn 0.9832 -0.0644 -0.1709
vn 0.9832 -0.0644 0.1709
vn 0.9832 0.0644 0.1709
vn 0.9664 0.1922 0.1709
vn 0.9664 0.1922 -0.1709
vn 0.8377 0.0549 0.5433
vn 0.8234 0.1638 0.5433
vn 0.7950 0.2699 0.5433
vn 0.9330 0.3167 0.1709
vn 0.7529 0.3713 0.5433
vn 0.8837 0.4358 0.1709
vn 0.8837 0.4358 -0.1709
vn 0.9330 0.3167 -0.1709
vn 0.7529 0.3713 -0.5433
vn 0.7950 0.2699 -0.5433
vn 0.8234 0.1638 -0.5433
vn 0.3622 0.1230 -0.9239
vn 0.3752 0.0746 -0.9239
vn 0.8377 0.0549 -0.5433
vn 0.3817 0.0250 -0.9239
vn 0.8377 -0.0549 -0.5433
vn 0.3817 -0.0250 -0.9239
vn -0.3817 0.0250 -0.9239
vn -0.3817 -0.0250 -0.9239
vn -0.8377 0.0549 -0.5433
vn -0.8377 -0.0549 -0.5433
vn -0.3752 -0.0746 -0.9239
vn -0.8234 -0.1638 -0.5433
vn -0.9664 -0.1922 -0.1709
vn -0.9832 -0.0644 -0.1709
vn -0.9664 -0.1922 0.1709
vn -0.9832 -0.0644 0.1709
vn -0.9832 0.0644 -0.1709
vn -0.9832 0.0644 0.1709
vn -0.8377 0.0549 0.5433
vn -0.8377 -0.0549 0.5433
vn -0.3817 0.0250 0.9239
vn -0.3817 -0.0250 0.9239
vn -0.8234 -0.1638 0.5433
vn -0.3752 -0.0746 0.9239
vn 0.3752 0.0746 0.9239
vn 0.3817 0.0250 0.9239
vn -0.3622 -0.1230 0.9239
vn 0.3622 0.1230 0.9239
vn -0.3431 -0.1692 0.9239
vn 0.3431 0.1692 0.9239
vn -0.3181 -0.2125 0.9239
vn 0.3181 0.2125 0.9239
vn 0.6980 0.4664 0.5433
vn 0.2876 0.2522 0.9239
vn 0.6312 0.5535 0.5433
vn 0.7408 0.6496 0.1709
vn 0.8192 0.5474 0.1709
vn 0.7408 0.6497 -0.1709
vn 0.8192 0.5474 -0.1709
vn 0.6312 0.5535 -0.5433
vn 0.6980 0.4664 -0.5433
vn 0.2876 0.2522 -0.9239
vn 0.3181 0.2125 -0.9239
vn 0.3431 0.1692 -0.9239
vn -0.3181 -0.2125 -0.9239
vn -0.3431 -0.1692 -0.9239
vn -0.3622 -0.1230 -0.9239
vn -0.7529 -0.3713 -0.5433
vn -0.7950 -0.2699 -0.5433
vn -0.8837 -0.4358 -0.1709
vn -0.9330 -0.3167 -0.1709
vn -0.8837 -0.4358 0.1709
vn -0.9330 -0.3167 0.1709
vn -0.7529 -0.3713 0.5433
vn -0.7950 -0.2698 0.5433
vn -0.8192 -0.5474 0.1709
vn -0.6980 -0.4664 0.5433
vn -0.7408 -0.6497 0.1709
vn -0.6312 -0.5535 0.5433
vn -0.2876 -0.2522 0.9239
vn -0.5535 -0.6312 0.5433
vn -0.2522 -0.2876 0.9239
vn 0.2522 0.2876 0.9239
vn -0.2125 -0.3181 0.9239
vn 0.2125 0.3180 0.9239
vn 0.4664 0.6980 0.5433
vn 0.5535 0.6312 0.5433
vn 0.5474 0.8192 0.1709
vn 0.6497 0.7408 0.1709
vn 0.5474 0.8192 -0.1709
vn 0.6496 0.7408 -0.1709
vn 0.4664 0.6980 -0.5433
vn 0.5535 0.6312 -0.5433
vn 0.2125 0.3181 -0.9239
vn 0.2522 0.2876 -0.9239
vn -0.2125 -0.3181 -0.9239
vn -0.2522 -0.2876 -0.9240
vn -0.2876 -0.2522 -0.9239
vn -0.5535 -0.6312 -0.5433
vn -0.6312 -0.5535 -0.5433
vn -0.6980 -0.4664 -0.5433
vn -0.7408 -0.6496 -0.1709
vn -0.8192 -0.5474 -0.1709
vn -0.6497 -0.7408 -0.1709
vn -0.6496 -0.7408 0.1709
vn -0.5474 -0.8192 -0.1709
vn -0.5474 -0.8192 0.1709
vn -0.4664 -0.6980 0.5433
vn -0.4358 -0.8837 0.1709
vn -0.3713 -0.7529 0.5433
vn -0.1692 -0.3431 0.9239
vn -0.2699 -0.7950 0.5433
vn -0.1230 -0.3622 0.9239
vn 0.1230 0.3622 0.9239
vn 0.1692 0.3431 0.9239
vn 0.2699 0.7950 0.5433
vn 0.3713 0.7529 0.5433
vn 0.3167 0.9330 0.1709
vn 0.4358 0.8837 0.1709
vn 0.3167 0.9330 -0.1709
vn 0.4358 0.8837 -0.1709
vn 0.2699 0.7950 -0.5433
vn 0.3713 0.7529 -0.5433
vn 0.1230 0.3622 -0.9239
vn 0.1692 0.3431 -0.9239
vn -0.1230 -0.3622 -0.9239
vn -0.1692 -0.3431 -0.9239
vn -0.2699 -0.7950 -0.5433
vn -0.3713 -0.7529 -0.5433
vn -0.4664 -0.6980 -0.5433
vn -0.4358 -0.8837 -0.1709
vn -0.3167 -0.9330 -0.1709
vn -0.3167 -0.9330 0.1709
vn -0.1922 -0.9664 -0.1709
vn -0.1922 -0.9664 0.1709
vn -0.1638 -0.8234 0.5433
vn -0.0644 -0.9832 0.1709
vn -0.0549 -0.8377 0.5433
vn -0.0250 -0.3817 0.9239
vn -0.0746 -0.3752 0.9239
vn 0.0250 0.3817 0.9239
vn 0.0746 0.3752 0.9239
vn 0.0549 0.8377 0.5433
vn 0.1638 0.8234 0.5433
vn 0.0644 0.9832 0.1709
vn 0.1922 0.9664 0.1709
vn 0.0644 0.9832 -0.1709
vn 0.1922 0.9664 -0.1709
vn 0.0549 0.8377 -0.5433
vn 0.1638 0.8234 -0.5433
vn 0.0250 0.3817 -0.9239
vn 0.0746 0.3752 -0.9239
vn -0.0250 -0.3817 -0.9239
vn -0.0746 -0.3752 -0.9239
vn -0.0549 -0.8377 -0.5433
vn -0.1638 -0.8234 -0.5433
vn -0.0644 -0.9832 -0.1709
vn 0.0549 -0.8377 -0.5433
vn 0.0644 -0.9832 -0.1709
vn 0.0644 -0.9832 0.1709
vn 0.1922 -0.9664 -0.1709
vn 0.1922 -0.9664 0.1709
vn 0.1638 -0.8234 0.5433
vn 0.0549 -0.8377 0.5433
vn 0.0746 -0.3752 0.9239
vn 0.0250 -0.3817 0.9239
vn -0.0746 0.3752 0.9239
vn -0.0250 0.3817 0.9239
vn -0.1638 0.8234 0.5433
vn -0.0549 0.8377 0.5433
vn -0.1922 0.9664 0.1709
vn -0.0644 0.9832 0.1709
vn -0.1922 0.9664 -0.1709
vn -0.0644 0.9832 -0.1709
vn -0.1638 0.8234 -0.5433
vn -0.0549 0.8377 -0.5433
vn -0.0746 0.3752 -0.9239
vn -0.0250 0.3817 -0.9239
vn 0.0746 -0.3752 -0.9239
vn 0.0250 -0.3817 -0.9239
vn 0.1638 -0.8234 -0.5433
vn 0.1230 -0.3622 -0.9239
vn 0.2699 -0.7950 -0.5433
vn 0.3167 -0.9330 -0.1709
vn 0.3713 -0.7529 -0.5433
vn 0.4358 -0.8837 -0.1709
vn 0.4358 -0.8837 0.1709
vn 0.3167 -0.9330 0.1709
vn 0.3713 -0.7529 0.5433
vn 0.2699 -0.7950 0.5433
vn 0.1692 -0.3431 0.9239
vn 0.1230 -0.3622 0.9239
vn -0.1692 0.3431 0.9239
vn -0.1230 0.3622 0.9239
vn -0.3713 0.7529 0.5433
vn -0.2699 0.7950 0.5433
vn -0.4358 0.8837 0.1709
vn -0.3167 0.9330 0.1709
vn -0.4358 0.8837 -0.1709
vn -0.3167 0.9330 -0.1709
vn -0.3713 0.7529 -0.5433
vn -0.2699 0.7950 -0.5433
vn -0.1692 0.3431 -0.9239
vn -0.1230 0.3622 -0.9239
vn 0.1692 -0.3431 -0.9240
vn -0.2125 0.3180 -0.9239
vn 0.2125 -0.3181 -0.9239
vn 0.4664 -0.6980 -0.5433
vn 0.2522 -0.2876 -0.9239
vn 0.5535 -0.6312 -0.5433
vn 0.6497 -0.7408 -0.1709
vn 0.5474 -0.8192 -0.1709
vn 0.6497 -0.7408 0.1709
vn 0.5474 -0.8192 0.1709
vn 0.5535 -0.6312 0.5433
vn 0.4664 -0.6980 0.5433
vn 0.2522 -0.2876 0.9239
vn 0.2125 -0.3181 0.9239
vn -0.2522 0.2876 0.9239
vn -0.2125 0.3180 0.9239
vn -0.5535 0.6312 0.5433
vn -0.4664 0.6980 0.5433
vn -0.6497 0.7408 0.1709
vn -0.5474 0.8192 0.1709
vn -0.6496 0.7408 -0.1709
vn -0.5474 0.8192 -0.1709
vn -0.5535 0.6312 -0.5433
vn -0.4664 0.6980 -0.5433
vn -0.2522 0.2876 -0.9239
vn -0.6312 0.5535 -0.5433
vn -0.2876 0.2522 -0.9239
vn 0.2876 -0.2522 -0.9239
vn -0.3181 0.2125 -0.9239
vn 0.3181 -0.2125 -0.9239
vn 0.6980 -0.4664 -0.5433
vn 0.6312 -0.5535 -0.5433
vn 0.8192 -0.5474 -0.1709
vn 0.7408 -0.6496 -0.1709
vn 0.8192 -0.5474 0.1709
vn 0.7408 -0.6496 0.1709
vn 0.6980 -0.4664 0.5433
vn 0.6312 -0.5535 0.5433
vn 0.3181 -0.2125 0.9239
vn 0.2876 -0.2522 0.9239
vn -0.3181 0.2125 0.9239
vn -0.2876 0.2522 0.9239
vn -0.6980 0.4664 0.5433
vn -0.6312 0.5535 0.5433
vn -0.8192 0.5474 0.1709
vn -0.7408 0.6497 0.1709
vn -0.8192 0.5474 -0.1709
vn -0.7408 0.6497 -0.1709
vn -0.6980 0.4664 -0.5433
vn -0.8837 0.4358 -0.1709
vn -0.7529 0.3713 -0.5433
vn -0.3431 0.1692 -0.9239
vn -0.7950 0.2699 -0.5433
vn -0.3622 0.1230 -0.9239
vn 0.3622 -0.1230 -0.9239
vn 0.3431 -0.1692 -0.9239
vn 0.7950 -0.2698 -0.5433
vn 0.7529 -0.3713 -0.5433
vn 0.9330 -0.3167 -0.1709
vn 0.8837 -0.4358 -0.1709
vn 0.9330 -0.3167 0.1709
vn 0.8837 -0.4358 0.1709
vn 0.7950 -0.2699 0.5433
vn 0.7529 -0.3713 0.5433
vn 0.3622 -0.1230 0.9239
vn 0.3431 -0.1692 0.9239
vn -0.3622 0.1229 0.9239
vn -0.3431 0.1692 0.9239
vn -0.7950 0.2699 0.5433
vn -0.7529 0.3713 0.5433
vn -0.9330 0.3167 0.1709
vn -0.8837 0.4358 0.1709
vn -0.9330 0.3167 -0.1709
vn -0.9664 0.1922 0.1709
vn -0.9664 0.1922 -0.1709
vn -0.8234 0.1638 -0.5433
vn -0.3752 0.0746 -0.9239
vn 0.3752 -0.0746 -0.9239
vn 0.8234 -0.1638 -0.5433
vn 0.9664 -0.1922 -0.1709
vn 0.9664 -0.1922 0.1709
vn 0.8377 -0.0549 0.5433
vn 0.8234 -0.1638 0.5433
vn 0.3817 -0.0250 0.9239
vn 0.3752 -0.0746 0.9239
vn -0.3752 0.0746 0.9239
vn -0.8234 0.1638 0.5433
vn -0.7950 -0.2699 0.5433
vn 0.7950 0.2698 -0.5433
vn -0.7408 -0.6496 0.1709
vn 0.7408 0.6497 0.1709
vn 0.2125 0.3181 0.9239
vn -0.6497 -0.7408 0.1709
vn -0.2125 -0.3180 -0.9239
vn -0.2522 -0.2876 -0.9239
vn 0.1692 0.3431 -0.9240
vn 0.0746 0.3752 0.9240
vn -0.0250 -0.3817 0.9240
vn -0.0250 0.3817 -0.9240
vn 0.1692 -0.3431 -0.9239
vn 0.2125 -0.3180 -0.9239
vn -0.2125 0.3181 -0.9239
vn -0.6497 0.7408 -0.1709
vn -0.6496 0.7408 0.1709
vn -0.2125 0.3180 0.9240
vn 0.2125 -0.3180 0.9239
vn 0.6496 -0.7408 -0.1709
vn -0.7408 0.6496 -0.1709
vn -0.7408 0.6496 0.1709
vn 0.7408 -0.6497 0.1709
vn 0.7950 -0.2699 -0.5433
vn -0.3622 0.1230 0.9239
vn -0.7179 0.6962 -0.0000
vn -0.9952 0.0980 -0.0000
vn -0.8386 -0.5447 -0.0000
vn 0.9952 -0.0980 -0.0000
vn 0.9569 -0.2903 -0.0000
vn 0.9952 0.0980 -0.0000
vn 0.9569 0.2903 -0.0000
vn 0.8819 0.4714 -0.0000
vn 0.7730 0.6344 -0.0000
vn 0.6344 0.7730 -0.0000
vn 0.4714 0.8819 -0.0000
vn 0.2903 0.9569 -0.0000
vn 0.0980 0.9952 -0.0000
vn -0.0980 0.9952 -0.0000
vn -0.2903 0.9569 -0.0000
vn -0.4714 0.8819 -0.0000
vn -0.6344 0.7730 -0.0000
vn -0.7730 0.6344 -0.0000
vn -0.8819 0.4714 -0.0000
vn -0.9569 0.2903 -0.0000
vn -0.9952 -0.0980 -0.0000
vn -0.9569 -0.2903 -0.0000
vn -0.8819 -0.4714 -0.0000
vn -0.7730 -0.6344 -0.0000
vn -0.6344 -0.7730 -0.0000
vn -0.4714 -0.8819 -0.0000
vn -0.2903 -0.9569 -0.0000
vn -0.0980 -0.9952 -0.0000
vn 0.0980 -0.9952 -0.0000
vn 0.2903 -0.9569 -0.0000
vn 0.4714 -0.8819 -0.0000
vn 0.6344 -0.7730 -0.0000
vn 0.7730 -0.6344 -0.0000
vn 0.8819 -0.4714 -0.0000
vn -0.9781 0.2080 -0.0000
vn -0.0046 1.0000 -0.0000
vn 0.6967 0.7173 -0.0000
vn -0.5412 0.8409 -0.0000
vn 0.9999 0.0168 -0.0000
vn 0.2128 0.9771 -0.0000
vn 0.7207 -0.6933 -0.0000
vn 0.8411 0.5409 -0.0000
vn 0.0221 -0.9998 -0.0000
vn 0.9768 -0.2143 -0.0000
vn -0.6900 -0.7238 -0.0000
vn 0.5517 -0.8340 -0.0000
vn -0.9999 -0.0131 -0.0000
vn -0.2215 -0.9752 -0.0000
vn -0.0000 0.0079 1.0000
vn -0.0000 -0.9999 0.0154
vn -0.0000 0.9999 -0.0154
vn -0.0000 -0.0079 -1.0000
vn 0.9952 -0.0980 0.0011
vn 0.7179 -0.6961 0.0077
vn 0.8386 0.5446 -0.0060
vn 0.8819 -0.4714 0.0052
vn 0.0046 -0.9999 0.0111
vn 0.6344 -0.7730 0.0086
vn 0.9781 -0.2080 0.0023
vn 0.2903 -0.9569 0.0106
vn -0.6967 -0.7173 0.0080
vn -0.0980 -0.9951 0.0110
vn 0.5412 -0.8408 0.0093
vn -0.4714 -0.8819 0.0098
vn -0.9999 -0.0168 0.0002
vn -0.7730 -0.6343 0.0070
vn -0.2128 -0.9770 0.0108
vn -0.9569 -0.2902 0.0032
vn -0.7207 0.6932 -0.0077
vn -0.9952 0.0980 -0.0011
vn -0.8411 -0.5409 0.0060
vn -0.8819 0.4714 -0.0052
vn -0.0220 0.9997 -0.0111
vn -0.6344 0.7730 -0.0086
vn -0.9768 0.2143 -0.0024
vn -0.2903 0.9569 -0.0106
vn 0.6900 0.7238 -0.0080
vn 0.0980 0.9951 -0.0110
vn 0.0980 -0.9951 0.0110
vn 0.4714 -0.8819 0.0098
vn 0.7730 -0.6344 0.0070
vn 0.8819 -0.4713 0.0052
vn 0.9569 -0.2903 0.0032
vn 0.9952 0.0980 -0.0011
vn 0.9569 0.2903 -0.0032
vn 0.8820 0.4713 -0.0052
vn 0.7730 0.6344 -0.0070
vn 0.6344 0.7730 -0.0086
vn 0.4713 0.8819 -0.0098
vn 0.2903 0.9569 -0.0106
vn -0.0979 0.9951 -0.0110
vn -0.4713 0.8819 -0.0098
vn -0.6344 0.7730 -0.0085
vn -0.7730 0.6344 -0.0070
vn -0.8820 0.4713 -0.0052
vn -0.9569 0.2903 -0.0032
vn -0.9952 -0.0980 0.0011
vn -0.9569 -0.2903 0.0032
vn -0.8820 -0.4713 0.0052
vn -0.6344 -0.7730 0.0086
vn -0.2903 -0.9569 0.0106
vn -0.5517 0.8340 -0.0092
vn 0.4714 0.8819 -0.0098
vn 0.9999 0.0131 -0.0001
vn 0.7730 0.6343 -0.0070
vn 0.2215 0.9751 -0.0108
vn 0.9569 0.2902 -0.0032
vn -0.6967 -0.7173 0.0079
vn -0.0221 0.9997 -0.0111
vn -0.9768 0.2142 -0.0024
vn -0.4713 -0.8819 0.0098
vn -0.7730 -0.6344 0.0070
vn -0.9952 -0.0979 0.0011
vn -0.0980 0.9951 -0.0110
vn 0.8820 -0.4713 0.0052
vn 0.4713 -0.8819 0.0098
vn 0.6496 0.7408 0.1709
vn -0.7408 -0.6497 -0.1709
vn -0.6496 -0.7408 -0.1709
vn 0.0250 0.3817 -0.9240
vn -0.2125 0.3181 0.9239
vn 0.7408 -0.6497 -0.1709
vn -0.7950 -0.2698 -0.5433
vn 0.7408 0.6496 -0.1709
vn -0.0746 0.3752 0.9240
vn 0.6344 -0.7730 0.0085
vn 0.9952 -0.0979 0.0011
vn 0.9952 0.0979 -0.0011
vn -0.9952 0.0979 -0.0011
vn 0.8387 0.5446 -0.0060
vn 0.4714 0.8818 -0.0098
vn -0.7730 0.6343 -0.0070
vn 0.2698 0.7950 0.5433
vn -0.0746 -0.3752 -0.9240
vn 0.1692 -0.3431 0.9240
vn 0.6496 -0.7408 0.1709
vn -0.3622 0.1229 -0.9239
vn -0.2125 -0.3180 0.9239
vn -0.8387 -0.5447 -0.0000
vn -0.8819 -0.4713 0.0052
vn 0.6497 0.7408 -0.1709
vn -0.7950 0.2698 -0.5433
vn -0.0000 -0.0080 -1.0000
vn -0.2904 0.9569 -0.0106
vn -0.7207 0.6933 -0.0077
vn 0.8785 0.4709 0.0804
vn 0.7725 0.6331 0.0489
vn 0.8652 0.4709 0.1723
vn 0.7546 0.6331 0.1724
vn 0.8522 0.4528 0.2623
vn 0.7371 0.6088 0.2934
vn 0.8399 0.4173 0.3471
vn 0.7205 0.5611 0.4075
vn 0.8288 0.3658 0.4234
vn 0.7056 0.4918 0.5101
vn 0.8194 0.3002 0.4883
vn 0.6930 0.4036 0.5974
vn 0.8120 0.2231 0.5393
vn 0.6831 0.2999 0.6659
vn 0.6762 0.1847 0.7132
vn 0.8069 0.1373 0.5745
vn 0.5197 0.2248 0.8242
vn 0.5281 0.3651 0.7667
vn 0.6727 0.0624 0.7372
vn 0.5155 0.0759 0.8535
vn 0.6727 -0.0624 0.7372
vn 0.5155 -0.0759 0.8535
vn 0.6762 -0.1847 0.7132
vn 0.5197 -0.2248 0.8242
vn 0.6831 -0.2999 0.6659
vn 0.5281 -0.3651 0.7667
vn 0.6930 -0.4036 0.5974
vn 0.5402 -0.4913 0.6832
vn 0.7056 -0.4918 0.5101
vn 0.5556 -0.5987 0.5770
vn 0.7205 -0.5611 0.4075
vn 0.5737 -0.6830 0.4521
vn 0.4051 -0.7786 0.4792
vn 0.3845 -0.6825 0.6216
vn 0.5938 -0.7412 0.3132
vn 0.4280 -0.8449 0.3210
vn 0.6151 -0.7708 0.1658
vn 0.4524 -0.8786 0.1530
vn 0.6369 -0.7708 0.0156
vn 0.4772 -0.8786 -0.0183
vn 0.6583 -0.7411 -0.1318
vn 0.5015 -0.8449 -0.1863
vn 0.6784 -0.6831 -0.2706
vn 0.5245 -0.7786 -0.3445
vn 0.6965 -0.5987 -0.3955
vn 0.5451 -0.6825 -0.4869
vn 0.7119 -0.4914 -0.5018
vn 0.5627 -0.5601 -0.6080
vn 0.3922 -0.6073 -0.6909
vn 0.3731 -0.7400 -0.5596
vn 0.5765 -0.4162 -0.7032
vn 0.4071 -0.4513 -0.7941
vn 0.5859 -0.2563 -0.7688
vn 0.4174 -0.2779 -0.8652
vn 0.5908 -0.0865 -0.8022
vn 0.4227 -0.0938 -0.9014
vn 0.5908 0.0865 -0.8022
vn 0.4227 0.0938 -0.9014
vn 0.5859 0.2563 -0.7688
vn 0.4174 0.2779 -0.8652
vn 0.5765 0.4162 -0.7032
vn 0.4071 0.4513 -0.7941
vn -0.9897 -0.0000 -0.1434
vn 0.3922 0.6073 -0.6909
vn 0.3731 0.7400 -0.5596
vn 0.5451 0.6825 -0.4869
vn 0.5627 0.5601 -0.6080
vn 0.6965 0.5987 -0.3955
vn 0.7119 0.4913 -0.5018
vn 0.6784 0.6831 -0.2706
vn 0.5245 0.7786 -0.3445
vn 0.8065 0.5611 -0.1862
vn 0.8214 0.4918 -0.2888
vn 0.7900 0.6088 -0.0721
vn 0.6583 0.7411 -0.1318
vn 0.8916 0.4528 -0.0096
vn 0.9038 0.4173 -0.0944
vn 0.9588 0.2790 0.0534
vn 0.9664 0.2571 0.0012
vn 0.9508 0.2902 0.1089
vn 0.9862 0.0980 0.1331
vn 0.9889 0.0943 0.1144
vn 0.9835 0.0980 0.1523
vn 0.9973 0.0464 0.0567
vn 0.9984 0.0286 0.0494
vn 0.9989 0.0097 0.0457
vn 0.9989 -0.0097 0.0457
vn 0.9984 -0.0286 0.0494
vn 0.9973 -0.0464 0.0568
vn 0.9958 -0.0625 0.0674
vn 0.9938 -0.0761 0.0809
vn 0.9915 -0.0869 0.0968
vn 0.9889 -0.0943 0.1144
vn 0.9862 -0.0980 0.1332
vn 0.9835 -0.0980 0.1523
vn 0.9808 -0.0943 0.1710
vn 0.9782 -0.0869 0.1887
vn 0.9759 -0.0761 0.2046
vn 0.9739 -0.0625 0.2181
vn 0.9724 -0.0464 0.2287
vn 0.9713 -0.0286 0.2360
vn 0.9708 -0.0096 0.2397
vn 0.9708 0.0096 0.2397
vn 0.9713 0.0286 0.2360
vn 0.9724 0.0464 0.2287
vn 0.9739 0.0625 0.2181
vn 0.9759 0.0761 0.2046
vn 0.9782 0.0869 0.1887
vn 0.9807 0.0943 0.1710
vn 0.9958 0.0625 0.0674
vn 0.9938 0.0761 0.0809
vn 0.9915 0.0869 0.0968
vn 0.9732 0.2254 -0.0459
vn 0.9790 0.1850 -0.0858
vn 0.9149 0.3658 -0.1707
vn 0.9243 0.3002 -0.2356
vn 0.9835 0.1375 -0.1173
vn 0.9317 0.2231 -0.2866
vn 0.9867 0.0846 -0.1389
vn 0.9368 0.1374 -0.3218
vn 0.9883 0.0286 -0.1500
vn 0.9394 0.0464 -0.3397
vn 0.9394 -0.0464 -0.3397
vn 0.9883 -0.0286 -0.1500
vn 0.9867 -0.0846 -0.1389
vn 0.9368 -0.1373 -0.3218
vn 0.9835 -0.1374 -0.1173
vn 0.9317 -0.2231 -0.2866
vn 0.9790 -0.1850 -0.0858
vn 0.9243 -0.3002 -0.2356
vn 0.9732 -0.2254 -0.0459
vn 0.9149 -0.3658 -0.1707
vn 0.9664 -0.2571 0.0011
vn 0.9038 -0.4173 -0.0944
vn 0.9588 -0.2790 0.0534
vn 0.8916 -0.4528 -0.0096
vn 0.9508 -0.2902 0.1089
vn 0.8785 -0.4709 0.0805
vn 0.8652 -0.4709 0.1722
vn 0.9426 -0.2902 0.1655
vn 0.9345 -0.2790 0.2209
vn 0.8522 -0.4528 0.2623
vn 0.9269 -0.2571 0.2732
vn 0.8399 -0.4173 0.3471
vn 0.9201 -0.2254 0.3202
vn 0.8288 -0.3658 0.4234
vn 0.9143 -0.1850 0.3602
vn 0.8194 -0.3002 0.4883
vn 0.9098 -0.1374 0.3917
vn 0.8120 -0.2230 0.5393
vn 0.9066 -0.0846 0.4133
vn 0.8069 -0.1373 0.5745
vn 0.9050 -0.0286 0.4243
vn 0.8043 -0.0464 0.5924
vn 0.8043 0.0464 0.5924
vn 0.9051 0.0286 0.4243
vn 0.9066 0.0846 0.4133
vn 0.7370 -0.6088 0.2935
vn 0.7546 -0.6332 0.1723
vn 0.7725 -0.6332 0.0490
vn 0.7900 -0.6088 -0.0722
vn 0.8066 -0.5611 -0.1862
vn 0.8214 -0.4918 -0.2888
vn 0.8341 -0.4036 -0.3761
vn 0.8440 -0.2999 -0.4446
vn 0.7240 -0.3651 -0.5853
vn 0.7323 -0.2248 -0.6428
vn 0.8509 -0.1847 -0.4919
vn 0.8543 -0.0624 -0.5160
vn 0.7366 -0.0759 -0.6721
vn 0.8543 0.0624 -0.5160
vn 0.7366 0.0759 -0.6721
vn 0.8508 0.1847 -0.4919
vn 0.7323 0.2248 -0.6428
vn 0.8440 0.2999 -0.4447
vn 0.7240 0.3651 -0.5853
vn 0.8341 0.4036 -0.3761
vn 0.9345 0.2790 0.2209
vn 0.9426 0.2902 0.1655
vn 0.9270 0.2571 0.2732
vn 0.9201 0.2254 0.3202
vn 0.9143 0.1850 0.3602
vn 0.9098 0.1374 0.3917
vn 0.6369 0.7708 0.0156
vn 0.4772 0.8786 -0.0183
vn 0.5015 0.8449 -0.1863
vn 0.6151 0.7708 0.1658
vn 0.4524 0.8786 0.1530
vn 0.5938 0.7412 0.3133
vn 0.4280 0.8448 0.3210
vn 0.5737 0.6831 0.4520
vn 0.4051 0.7786 0.4792
vn 0.5556 0.5987 0.5770
vn 0.3845 0.6825 0.6216
vn 0.5402 0.4913 0.6832
vn 0.3669 0.5601 0.7428
vn 0.1799 0.6073 0.7738
vn 0.1989 0.7400 0.6425
vn 0.3531 0.4162 0.8379
vn 0.1649 0.4513 0.8770
vn 0.3436 0.2563 0.9035
vn 0.1546 0.2779 0.9481
vn 0.3388 0.0865 0.9369
vn 0.1494 0.0938 0.9843
vn 0.3388 -0.0865 0.9369
vn 0.1494 -0.0938 0.9843
vn 0.3436 -0.2563 0.9035
vn 0.1546 -0.2779 0.9481
vn 0.3531 -0.4162 0.8379
vn 0.1649 -0.4513 0.8770
vn 0.3669 -0.5601 0.7428
vn 0.1799 -0.6073 0.7738
vn 0.1989 -0.7400 0.6425
vn 0.2213 -0.8443 0.4881
vn 0.2462 -0.9161 0.3165
vn 0.2726 -0.9527 0.1343
vn 0.2995 -0.9527 -0.0514
vn 0.3259 -0.9161 -0.2336
vn 0.3507 -0.8443 -0.4052
vn 0.2213 0.8443 0.4881
vn 0.2462 0.9161 0.3165
vn 0.2726 0.9527 0.1343
vn 0.2995 0.9527 -0.0514
vn 0.3259 0.9161 -0.2336
vn 0.3507 0.8443 -0.4052
vn 0.7828 0.6001 -0.1649
vn 0.6499 0.7416 -0.1663
vn 0.7949 0.6021 -0.0750
vn 0.6662 0.7444 -0.0449
vn 0.8097 0.5867 0.0131
vn 0.6862 0.7236 0.0743
vn 0.8267 0.5544 0.0962
vn 0.7092 0.6799 0.1865
vn 0.8452 0.5064 0.1709
vn 0.7342 0.6150 0.2875
vn 0.8645 0.4446 0.2345
vn 0.7603 0.5316 0.3734
vn 0.8838 0.3714 0.2844
vn 0.7864 0.4326 0.4409
vn 0.8117 0.3220 0.4873
vn 0.9025 0.2896 0.3188
vn 0.6890 0.3425 0.6388
vn 0.6581 0.4778 0.5819
vn 0.8350 0.2040 0.5110
vn 0.7175 0.1980 0.6678
vn 0.8555 0.0832 0.5110
vn 0.7426 0.0501 0.6678
vn 0.8725 -0.0359 0.4873
vn 0.7634 -0.0957 0.6388
vn 0.8852 -0.1486 0.4409
vn 0.7790 -0.2337 0.5819
vn 0.8932 -0.2507 0.3734
vn 0.7887 -0.3586 0.4993
vn 0.8961 -0.3381 0.2875
vn 0.7924 -0.4656 0.3941
vn 0.8939 -0.4075 0.1865
vn 0.7897 -0.5507 0.2705
vn 0.6537 -0.6736 0.3447
vn 0.6568 -0.5762 0.4864
vn 0.7808 -0.6104 0.1332
vn 0.6436 -0.7421 0.1873
vn 0.7661 -0.6426 -0.0127
vn 0.6267 -0.7790 0.0202
vn 0.7461 -0.6460 -0.1614
vn 0.6038 -0.7829 -0.1501
vn 0.7215 -0.6205 -0.3072
vn 0.5757 -0.7536 -0.3172
vn 0.6934 -0.5670 -0.4446
vn 0.5435 -0.6923 -0.4747
vn 0.6628 -0.4876 -0.5682
vn 0.5084 -0.6014 -0.6163
vn 0.6309 -0.3854 -0.6734
vn 0.4718 -0.4843 -0.7368
vn 0.2928 -0.5648 -0.7715
vn 0.3326 -0.6923 -0.6404
vn 0.4351 -0.3455 -0.8314
vn 0.2528 -0.4137 -0.8746
vn 0.3997 -0.1904 -0.8967
vn 0.2143 -0.2448 -0.9456
vn 0.3670 -0.0249 -0.9299
vn 0.1787 -0.0646 -0.9818
vn 0.3382 0.1446 -0.9299
vn 0.1474 0.1200 -0.9818
vn 0.3144 0.3117 -0.8966
vn 0.1215 0.3018 -0.9456
vn 0.2966 0.4698 -0.8314
vn 0.1020 0.4739 -0.8746
vn -0.9768 -0.1659 0.1353
vn 0.0899 0.6298 -0.7716
vn 0.0854 0.7633 -0.6404
vn 0.2813 0.7356 -0.6163
vn 0.2854 0.6129 -0.7368
vn 0.4646 0.6792 -0.5682
vn 0.4682 0.5721 -0.6734
vn 0.4673 0.7642 -0.4446
vn 0.2843 0.8330 -0.4747
vn 0.6306 0.6665 -0.3976
vn 0.6284 0.5971 -0.4986
vn 0.6378 0.7153 -0.2854
vn 0.4762 0.8239 -0.3072
vn 0.7739 0.5806 -0.2530
vn 0.7685 0.5445 -0.3360
vn 0.8801 0.4252 -0.2114
vn 0.8768 0.4030 -0.2624
vn 0.8855 0.4371 -0.1573
vn 0.9551 0.2589 -0.1440
vn 0.9533 0.2549 -0.1622
vn 0.9576 0.2593 -0.1253
vn 0.9535 0.2078 -0.2183
vn 0.9555 0.1905 -0.2255
vn 0.9580 0.1723 -0.2291
vn 0.9612 0.1538 -0.2291
vn 0.9648 0.1357 -0.2255
vn 0.9686 0.1188 -0.2183
vn 0.9726 0.1036 -0.2080
vn 0.9766 0.0908 -0.1949
vn 0.9805 0.0809 -0.1794
vn 0.9840 0.0742 -0.1622
vn 0.9870 0.0710 -0.1440
vn 0.9895 0.0714 -0.1254
vn 0.9914 0.0755 -0.1071
vn 0.9925 0.0829 -0.0900
vn 0.9928 0.0936 -0.0745
vn 0.9924 0.1070 -0.0613
vn 0.9911 0.1226 -0.0510
vn 0.9892 0.1399 -0.0439
vn 0.9866 0.1581 -0.0403
vn 0.9835 0.1766 -0.0403
vn 0.9799 0.1947 -0.0439
vn 0.9760 0.2116 -0.0510
vn 0.9720 0.2267 -0.0613
vn 0.9680 0.2395 -0.0745
vn 0.9642 0.2494 -0.0899
vn 0.9607 0.2561 -0.1072
vn 0.9523 0.2234 -0.2080
vn 0.9518 0.2368 -0.1949
vn 0.9522 0.2474 -0.1794
vn 0.8758 0.3715 -0.3083
vn 0.8771 0.3318 -0.3472
vn 0.7669 0.4931 -0.4108
vn 0.7691 0.4284 -0.4743
vn 0.8808 0.2854 -0.3779
vn 0.7750 0.3529 -0.5243
vn 0.8865 0.2342 -0.3990
vn 0.7844 0.2695 -0.5587
vn 0.8942 0.1801 -0.4098
vn 0.7969 0.1814 -0.5762
vn 0.8121 0.0920 -0.5762
vn 0.9036 0.1253 -0.4097
vn 0.9142 0.0717 -0.3990
vn 0.8294 0.0047 -0.5587
vn 0.9256 0.0215 -0.3779
vn 0.8481 -0.0772 -0.5243
vn 0.9375 -0.0235 -0.3472
vn 0.8674 -0.1504 -0.4743
vn 0.9493 -0.0614 -0.3082
vn 0.8867 -0.2122 -0.4108
vn 0.9607 -0.0909 -0.2624
vn 0.9052 -0.2601 -0.3361
vn 0.9711 -0.1107 -0.2114
vn 0.9222 -0.2925 -0.2530
vn 0.9802 -0.1202 -0.1573
vn 0.9370 -0.3079 -0.1648
vn 0.9491 -0.3059 -0.0750
vn 0.9876 -0.1189 -0.1021
vn 0.9931 -0.1070 -0.0480
vn 0.9580 -0.2864 0.0132
vn 0.9964 -0.0848 0.0029
vn 0.9634 -0.2503 0.0962
vn 0.9974 -0.0532 0.0488
vn 0.9650 -0.1989 0.1709
vn 0.9960 -0.0136 0.0878
vn 0.9628 -0.1342 0.2345
vn 0.9924 0.0328 0.1185
vn 0.9569 -0.0587 0.2844
vn 0.9866 0.0840 0.1396
vn 0.9475 0.0247 0.3188
vn 0.9790 0.1381 0.1503
vn 0.9350 0.1128 0.3363
vn 0.9198 0.2023 0.3363
vn 0.9696 0.1930 0.1503
vn 0.9590 0.2465 0.1396
vn 0.8867 -0.4564 0.0743
vn 0.8747 -0.4827 -0.0449
vn 0.8583 -0.4854 -0.1663
vn 0.8382 -0.4646 -0.2855
vn 0.8153 -0.4209 -0.3976
vn 0.7903 -0.3561 -0.4986
vn 0.7642 -0.2726 -0.5845
vn 0.7381 -0.1736 -0.6520
vn 0.5989 -0.2643 -0.7560
vn 0.5680 -0.1289 -0.8129
vn 0.7128 -0.0630 -0.6985
vn 0.6895 0.0550 -0.7222
vn 0.5394 0.0155 -0.8419
vn 0.6690 0.1758 -0.7222
vn 0.5143 0.1635 -0.8419
vn 0.6520 0.2949 -0.6985
vn 0.4936 0.3093 -0.8129
vn 0.6393 0.4076 -0.6520
vn 0.4780 0.4472 -0.7560
vn 0.6313 0.5096 -0.5845
vn 0.9021 0.4289 -0.0480
vn 0.8930 0.4384 -0.1021
vn 0.9125 0.4091 0.0029
vn 0.9239 0.3796 0.0488
vn 0.9357 0.3417 0.0878
vn 0.9476 0.2968 0.1184
vn 0.4909 0.8562 -0.1614
vn 0.3114 0.9384 -0.1501
vn 0.2945 0.9015 -0.3172
vn 0.5109 0.8596 -0.0127
vn 0.3343 0.9422 0.0202
vn 0.5354 0.8340 0.1332
vn 0.3624 0.9130 0.1873
vn 0.5635 0.7806 0.2705
vn 0.3946 0.8517 0.3447
vn 0.5941 0.7012 0.3941
vn 0.4297 0.7608 0.4864
vn 0.6261 0.5990 0.4993
vn 0.4663 0.6437 0.6069
vn 0.2868 0.6632 0.6913
vn 0.2470 0.7907 0.5601
vn 0.5030 0.5049 0.7015
vn 0.3267 0.5121 0.7943
vn 0.5383 0.3497 0.7667
vn 0.3652 0.3432 0.8653
vn 0.5711 0.1842 0.8000
vn 0.4009 0.1630 0.9015
vn 0.5999 0.0147 0.8000
vn 0.4322 -0.0215 0.9015
vn 0.6236 -0.1523 0.7667
vn 0.4581 -0.2034 0.8653
vn 0.6415 -0.3105 0.7015
vn 0.4775 -0.3755 0.7943
vn 0.6527 -0.4536 0.6069
vn 0.4897 -0.5313 0.6913
vn 0.4942 -0.6648 0.5601
vn 0.4909 -0.7709 0.4059
vn 0.4798 -0.8454 0.2345
vn 0.4614 -0.8856 0.0526
vn 0.4365 -0.8898 -0.1329
vn 0.4059 -0.8580 -0.3148
vn 0.3708 -0.7913 -0.4862
vn 0.2088 0.8898 0.4059
vn 0.1737 0.9565 0.2345
vn 0.1431 0.9883 0.0526
vn 0.1181 0.9841 -0.1329
vn 0.0998 0.9439 -0.3148
vn 0.0887 0.8694 -0.4862
vn -0.6962 0.7179 -0.0000
vn 0.5447 0.8386 -0.0000
vn -0.2080 0.9781 -0.0000
vn -1.0000 0.0046 -0.0000
vn -0.7173 -0.6967 -0.0000
vn -0.8409 0.5412 -0.0000
vn -0.0168 -0.9999 -0.0000
vn -0.9771 -0.2128 -0.0000
vn 0.6933 -0.7207 -0.0000
vn -0.5409 -0.8411 -0.0000
vn 0.9998 -0.0221 -0.0000
vn 0.2143 -0.9768 -0.0000
vn 0.7238 0.6900 -0.0000
vn 0.8340 -0.5517 -0.0000
vn 0.0131 0.9999 -0.0000
vn 0.9752 0.2215 -0.0000
vn 0.0130 0.9999 -0.0000
vn -0.0744 -0.4219 0.9036
vn 0.1598 0.9064 0.3910
vn -0.0744 -0.4219 -0.9036
vn 0.1598 0.9064 -0.3910
vn -0.0000 0.7179 0.6962
vn -0.0000 0.9952 0.0980
vn -0.0000 0.8386 -0.5447
vn -0.0000 -0.9952 -0.0980
vn -0.0000 -0.9569 -0.2903
vn -0.0000 -0.9952 0.0980
vn -0.0000 -0.9569 0.2903
vn -0.0000 -0.8819 0.4714
vn -0.0000 -0.7730 0.6344
vn -0.0000 -0.6344 0.7730
vn -0.0000 -0.4714 0.8819
vn -0.0000 -0.2903 0.9569
vn -0.0000 -0.0980 0.9952
vn -0.0000 0.0980 0.9952
vn -0.0000 0.2903 0.9569
vn -0.0000 0.4714 0.8819
vn -0.0000 0.6344 0.7730
vn -0.0000 0.7730 0.6344
vn -0.0000 0.8819 0.4714
vn -0.0000 0.9569 0.2903
vn -0.0000 0.9952 -0.0980
vn -0.0000 0.9569 -0.2903
vn -0.0000 0.8819 -0.4714
vn -0.0000 0.7730 -0.6344
vn -0.0000 0.6344 -0.7730
vn -0.0000 0.4714 -0.8819
vn -0.0000 0.2903 -0.9569
vn -0.0000 0.0980 -0.9952
vn -0.0000 -0.0980 -0.9952
vn -0.0000 -0.2903 -0.9569
vn -0.0000 -0.4714 -0.8819
vn -0.0000 -0.6344 -0.7730
vn -0.0000 -0.7730 -0.6344
vn -0.0000 -0.8819 -0.4714
vn -0.0000 0.9781 0.2080
vn -0.0000 0.0046 1.0000
vn -0.0000 -0.6967 0.7173
vn -0.0000 0.5412 0.8409
vn -0.0000 -0.9999 0.0168
vn -0.0000 -0.2128 0.9771
vn -0.0000 -0.7207 -0.6933
vn -0.0000 -0.8411 0.5409
vn -0.0000 -0.0221 -0.9998
vn -0.0000 -0.9768 -0.2143
vn -0.0000 0.6900 -0.7238
vn -0.0000 -0.5517 -0.8340
vn -0.0000 0.9999 -0.0131
vn -0.0000 0.2215 -0.9752
vt 0.541667 0.166667
vt 0.625000 0.166667
vt 0.625000 0.250000
vt 0.541667 0.250000
vt 0.625000 0.500000
vt 0.541667 0.500000
vt 0.541667 0.666667
vt 0.625000 0.666667
vt 0.625000 0.750000
vt 0.541667 0.750000
vt 0.625000 1.000000
vt 0.541667 1.000000
vt 0.125000 0.666667
vt 0.375000 0.666667
vt 0.375000 0.750000
vt 0.125000 0.750000
vt 0.875000 0.666667
vt 0.875000 0.750000
vt 0.875000 0.500000
vt 0.875000 0.583333
vt 0.625000 0.583333
vt 0.125000 0.500000
vt 0.375000 0.500000
vt 0.375000 0.583333
vt 0.125000 0.583333
vt 0.541667 0.583333
vt 0.541667 0.000000
vt 0.625000 0.000000
vt 0.625000 0.083333
vt 0.541667 0.083333
vt 0.375000 0.083333
vt 0.458333 0.083333
vt 0.458333 0.166667
vt 0.375000 0.166667
vt 0.375000 0.000000
vt 0.458333 0.000000
vt 0.458333 0.583333
vt 0.458333 0.666667
vt 0.458333 0.500000
vt 0.458333 0.750000
vt 0.458333 1.000000
vt 0.375000 1.000000
vt 0.375000 0.250000
vt 0.458333 0.250000
vt 0.000000 0.000000
vt 0.458333 0.083333
vt 0.541667 0.083333
vt 0.458333 0.166667
vt 0.541667 0.166667
s 0
f 31/1/1 12/2/1 4/3/1 19/4/1
f 19/4/2 4/3/2 8/5/2 21/6/2
f 27/7/3 16/8/3 6/9/3 23/10/3
f 23/10/4 6/9/4 2/11/4 18/12/4
f 10/13/5 13/14/5 5/15/5 1/16/5
f 16/8/6 11/17/6 2/18/6 6/9/6
f 8/5/7 4/19/7 12/20/7 15/21/7
f 15/21/8 12/20/8 11/17/8 16/8/8
f 3/22/5 7/23/5 14/24/5 9/25/5
f 9/25/5 14/24/5 13/14/5 10/13/5
f 21/6/9 8/5/9 15/21/9 25/26/9
f 25/26/10 15/21/10 16/8/10 27/7/10
f 18/27/11 2/28/11 11/29/11 29/30/11
f 29/30/12 11/29/12 12/2/12 31/1/12
f 10/31/12 30/32/12 32/33/12 9/34/12
f 30/32/12 29/30/12 31/1/12 32/33/12
f 1/35/13 17/36/13 30/32/13 10/31/13
f 17/36/11 18/27/11 29/30/11 30/32/11
f 14/24/10 26/37/10 28/38/10 13/14/10
f 26/37/10 25/26/10 27/7/10 28/38/10
f 7/23/14 22/39/14 26/37/14 14/24/14
f 22/39/9 21/6/9 25/26/9 26/37/9
f 5/15/15 24/40/15 17/41/15 1/42/15
f 24/40/4 23/10/4 18/12/4 17/41/4
f 13/14/16 28/38/16 24/40/16 5/15/16
f 28/38/3 27/7/3 23/10/3 24/40/3
f 3/43/17 20/44/17 22/39/17 7/23/17
f 20/44/2 19/4/2 21/6/2 22/39/2
f 9/34/18 32/33/18 20/44/18 3/43/18
f 32/33/1 31/1/1 19/4/1 20/44/1
s 1
f 33/45/19 35/45/19 137/45/19 34/45/19
f 36/45/20 33/45/20 34/45/20 132/45/20
f 37/45/21 38/45/21 35/45/21 33/45/21
f 39/45/22 37/45/22 33/45/22 36/45/22
f 40/45/23 41/45/23 38/45/23 37/45/23
f 42/45/24 40/45/24 37/45/24 39/45/24
f 43/45/25 44/45/25 41/45/25 40/45/25
f 45/45/26 43/45/26 40/45/26 42/45/26
f 46/45/27 47/45/27 44/45/27 43/45/27
f 48/45/28 46/45/28 43/45/28 45/45/28
f 49/45/29 50/45/29 47/45/29 46/45/29
f 51/45/30 49/45/30 46/45/30 48/45/30
f 52/45/31 54/45/31 50/45/31 49/45/31
f 55/45/32 52/45/32 49/45/32 51/45/32
f 57/45/33 53/45/33 52/45/33 55/45/33
f 53/45/34 206/45/34 54/45/34 52/45/34
f 58/45/35 57/45/35 55/45/35 56/45/35
f 56/45/36 55/45/36 51/45/36 225/45/36
f 59/45/37 60/45/37 53/45/37 57/45/37
f 61/45/38 59/45/38 57/45/38 58/45/38
f 62/45/39 63/45/39 60/45/39 59/45/39
f 64/45/40 62/45/40 59/45/40 61/45/40
f 65/45/41 66/45/41 63/45/41 62/45/41
f 67/45/42 65/45/42 62/45/42 64/45/42
f 68/45/43 69/45/43 66/45/43 65/45/43
f 70/45/44 68/45/44 65/45/44 67/45/44
f 71/45/45 72/45/45 69/45/45 68/45/45
f 73/45/46 71/45/46 68/45/46 70/45/46
f 74/45/47 76/45/47 72/45/47 71/45/47
f 77/45/48 74/45/48 71/45/48 73/45/48
f 75/45/49 199/45/49 76/45/49 74/45/49
f 79/45/50 75/45/50 74/45/50 77/45/50
f 80/45/51 79/45/51 77/45/51 78/45/51
f 78/45/52 77/45/52 73/45/52 241/45/52
f 81/45/53 82/45/53 75/45/53 79/45/53
f 83/45/54 81/45/54 79/45/54 80/45/54
f 84/45/55 85/45/55 82/45/55 81/45/55
f 86/45/56 84/45/56 81/45/56 83/45/56
f 87/45/57 88/45/57 85/45/57 84/45/57
f 89/45/58 87/45/58 84/45/58 86/45/58
f 90/45/59 91/45/59 88/45/59 87/45/59
f 92/45/60 90/45/60 87/45/60 89/45/60
f 93/45/61 94/45/61 91/45/61 90/45/61
f 95/45/62 93/45/62 90/45/62 92/45/62
f 96/45/63 98/45/63 94/45/63 93/45/63
f 99/45/64 96/45/64 93/45/64 95/45/64
f 97/45/65 207/45/65 98/45/65 96/45/65
f 101/45/66 97/45/66 96/45/66 99/45/66
f 102/45/67 101/45/67 99/45/67 100/45/67
f 100/45/68 99/45/68 95/45/68 250/45/68
f 103/45/69 104/45/69 97/45/69 101/45/69
f 105/45/70 103/45/70 101/45/70 102/45/70
f 106/45/71 107/45/71 104/45/71 103/45/71
f 108/45/72 106/45/72 103/45/72 105/45/72
f 109/45/73 110/45/73 107/45/73 106/45/73
f 111/45/74 109/45/74 106/45/74 108/45/74
f 112/45/75 113/45/75 110/45/75 109/45/75
f 114/45/76 112/45/76 109/45/76 111/45/76
f 115/45/77 116/45/77 113/45/77 112/45/77
f 118/45/78 115/45/78 112/45/78 114/45/78
f 117/45/79 126/45/79 116/45/79 115/45/79
f 119/45/80 117/45/80 115/45/80 118/45/80
f 254/45/81 255/45/81 256/45/81 121/45/81 120/45/81 119/45/81 118/45/81 114/45/81 111/45/81 108/45/81 105/45/81 102/45/81 100/45/81 250/45/81 249/45/81 248/45/81 247/45/81 246/45/81 245/45/81 244/45/81 243/45/81 242/45/81 239/45/81 237/45/81 235/45/81 233/45/81 231/45/81 229/45/81 227/45/81 251/45/81 252/45/81 253/45/81
f 120/45/82 122/45/82 117/45/82 119/45/82
f 121/45/83 123/45/83 122/45/83 120/45/83
f 123/45/84 127/45/84 124/45/84 122/45/84
f 122/45/85 124/45/85 126/45/85 117/45/85
f 127/45/86 129/45/86 125/45/86 124/45/86
f 124/45/87 125/45/87 213/45/87 126/45/87
f 128/45/88 131/45/88 129/45/88 127/45/88
f 257/45/89 128/45/89 127/45/89 123/45/89
f 131/45/90 133/45/90 130/45/90 129/45/90
f 129/45/91 130/45/91 171/45/91 125/45/91
f 132/45/92 34/45/92 133/45/92 131/45/92
f 214/45/93 132/45/93 131/45/93 128/45/93
f 34/45/94 137/45/94 134/45/94 133/45/94
f 133/45/95 134/45/95 136/45/95 130/45/95
f 137/45/96 138/45/96 135/45/96 134/45/96
f 134/45/97 135/45/97 169/45/97 136/45/97
f 35/45/98 139/45/98 138/45/98 137/45/98
f 139/45/99 140/45/99 138/45/99
f 138/45/100 140/45/100 135/45/100
f 166/45/101 140/45/101 139/45/101
f 167/45/102 140/45/102 141/45/102
f 141/45/103 140/45/103 142/45/103
f 142/45/104 140/45/104 143/45/104
f 143/45/105 140/45/105 144/45/105
f 144/45/106 140/45/106 145/45/106
f 145/45/107 140/45/107 146/45/107
f 146/45/108 140/45/108 147/45/108
f 147/45/109 140/45/109 148/45/109
f 148/45/110 140/45/110 149/45/110
f 149/45/111 140/45/111 150/45/111
f 150/45/112 140/45/112 151/45/112
f 151/45/113 140/45/113 152/45/113
f 152/45/114 140/45/114 153/45/114
f 153/45/115 140/45/115 154/45/115
f 154/45/116 140/45/116 155/45/116
f 155/45/117 140/45/117 156/45/117
f 156/45/118 140/45/118 157/45/118
f 157/45/119 140/45/119 158/45/119
f 158/45/120 140/45/120 159/45/120
f 159/45/121 140/45/121 160/45/121
f 160/45/122 140/45/122 161/45/122
f 161/45/123 140/45/123 162/45/123
f 162/45/124 140/45/124 163/45/124
f 163/45/125 140/45/125 164/45/125
f 164/45/126 140/45/126 165/45/126
f 165/45/127 140/45/127 166/45/127
f 168/45/128 140/45/128 167/45/128
f 169/45/129 140/45/129 168/45/129
f 135/45/130 140/45/130 169/45/130
f 136/45/131 169/45/131 168/45/131 170/45/131
f 170/45/132 168/45/132 167/45/132 172/45/132
f 130/45/133 136/45/133 170/45/133 171/45/133
f 171/45/134 170/45/134 172/45/134 173/45/134
f 172/45/135 167/45/135 141/45/135 174/45/135
f 173/45/136 172/45/136 174/45/136 175/45/136
f 174/45/137 141/45/137 142/45/137 176/45/137
f 175/45/138 174/45/138 176/45/138 177/45/138
f 176/45/139 142/45/139 143/45/139 178/45/139
f 177/45/140 176/45/140 178/45/140 179/45/140
f 179/45/141 178/45/141 180/45/141 181/45/141
f 178/45/142 143/45/142 144/45/142 180/45/142
f 180/45/143 144/45/143 145/45/143 182/45/143
f 181/45/144 180/45/144 182/45/144 183/45/144
f 182/45/145 145/45/145 146/45/145 184/45/145
f 183/45/146 182/45/146 184/45/146 185/45/146
f 184/45/147 146/45/147 147/45/147 186/45/147
f 185/45/148 184/45/148 186/45/148 187/45/148
f 186/45/149 147/45/149 148/45/149 188/45/149
f 187/45/150 186/45/150 188/45/150 189/45/150
f 188/45/151 148/45/151 149/45/151 190/45/151
f 189/45/152 188/45/152 190/45/152 191/45/152
f 190/45/153 149/45/153 150/45/153 192/45/153
f 191/45/154 190/45/154 192/45/154 193/45/154
f 192/45/155 150/45/155 151/45/155 194/45/155
f 193/45/156 192/45/156 194/45/156 195/45/156
f 195/45/157 194/45/157 196/45/157 197/45/157
f 194/45/158 151/45/158 152/45/158 196/45/158
f 196/45/159 152/45/159 153/45/159 198/45/159
f 197/45/160 196/45/160 198/45/160 199/45/160
f 198/45/161 153/45/161 154/45/161 200/45/161
f 199/45/162 198/45/162 200/45/162 76/45/162
f 200/45/163 154/45/163 155/45/163 201/45/163
f 76/45/164 200/45/164 201/45/164 72/45/164
f 201/45/165 155/45/165 156/45/165 202/45/165
f 72/45/166 201/45/166 202/45/166 69/45/166
f 202/45/167 156/45/167 157/45/167 203/45/167
f 69/45/168 202/45/168 203/45/168 66/45/168
f 203/45/169 157/45/169 158/45/169 204/45/169
f 66/45/170 203/45/170 204/45/170 63/45/170
f 204/45/171 158/45/171 159/45/171 205/45/171
f 63/45/172 204/45/172 205/45/172 60/45/172
f 60/45/173 205/45/173 206/45/173 53/45/173
f 205/45/174 159/45/174 160/45/174 206/45/174
f 206/45/175 160/45/175 161/45/175 54/45/175
f 82/45/176 197/45/176 199/45/176 75/45/176
f 85/45/177 195/45/177 197/45/177 82/45/177
f 88/45/178 193/45/178 195/45/178 85/45/178
f 91/45/179 191/45/179 193/45/179 88/45/179
f 94/45/180 189/45/180 191/45/180 91/45/180
f 98/45/181 187/45/181 189/45/181 94/45/181
f 207/45/182 185/45/182 187/45/182 98/45/182
f 208/45/183 183/45/183 185/45/183 207/45/183
f 104/45/184 208/45/184 207/45/184 97/45/184
f 107/45/185 209/45/185 208/45/185 104/45/185
f 209/45/186 181/45/186 183/45/186 208/45/186
f 210/45/187 179/45/187 181/45/187 209/45/187
f 110/45/188 210/45/188 209/45/188 107/45/188
f 211/45/189 177/45/189 179/45/189 210/45/189
f 113/45/190 211/45/190 210/45/190 110/45/190
f 212/45/191 175/45/191 177/45/191 211/45/191
f 116/45/192 212/45/192 211/45/192 113/45/192
f 213/45/193 173/45/193 175/45/193 212/45/193
f 126/45/194 213/45/194 212/45/194 116/45/194
f 125/45/195 171/45/195 173/45/195 213/45/195
f 41/45/196 165/45/196 166/45/196 38/45/196
f 38/45/197 166/45/197 139/45/197 35/45/197
f 44/45/198 164/45/198 165/45/198 41/45/198
f 47/45/199 163/45/199 164/45/199 44/45/199
f 50/45/200 162/45/200 163/45/200 47/45/200
f 54/45/201 161/45/201 162/45/201 50/45/201
f 216/45/202 36/45/202 132/45/202 214/45/202
f 217/45/203 216/45/203 214/45/203 215/45/203
f 215/45/204 214/45/204 128/45/204 257/45/204
f 218/45/205 39/45/205 36/45/205 216/45/205
f 219/45/206 218/45/206 216/45/206 217/45/206
f 220/45/207 42/45/207 39/45/207 218/45/207
f 221/45/208 220/45/208 218/45/208 219/45/208
f 222/45/209 45/45/209 42/45/209 220/45/209
f 223/45/210 222/45/210 220/45/210 221/45/210
f 224/45/211 48/45/211 45/45/211 222/45/211
f 226/45/212 224/45/212 222/45/212 223/45/212
f 225/45/213 51/45/213 48/45/213 224/45/213
f 228/45/214 225/45/214 224/45/214 226/45/214
f 229/45/215 228/45/215 226/45/215 227/45/215
f 227/45/216 226/45/216 223/45/216 251/45/216
f 230/45/217 56/45/217 225/45/217 228/45/217
f 231/45/218 230/45/218 228/45/218 229/45/218
f 232/45/219 58/45/219 56/45/219 230/45/219
f 233/45/220 232/45/220 230/45/220 231/45/220
f 234/45/221 61/45/221 58/45/221 232/45/221
f 235/45/222 234/45/222 232/45/222 233/45/222
f 236/45/223 64/45/223 61/45/223 234/45/223
f 237/45/224 236/45/224 234/45/224 235/45/224
f 238/45/225 67/45/225 64/45/225 236/45/225
f 239/45/226 238/45/226 236/45/226 237/45/226
f 240/45/227 70/45/227 67/45/227 238/45/227
f 242/45/228 240/45/228 238/45/228 239/45/228
f 241/45/229 73/45/229 70/45/229 240/45/229
f 243/45/230 241/45/230 240/45/230 242/45/230
f 244/45/231 78/45/231 241/45/231 243/45/231
f 245/45/232 80/45/232 78/45/232 244/45/232
f 246/45/233 83/45/233 80/45/233 245/45/233
f 247/45/234 86/45/234 83/45/234 246/45/234
f 248/45/235 89/45/235 86/45/235 247/45/235
f 249/45/236 92/45/236 89/45/236 248/45/236
f 250/45/237 95/45/237 92/45/237 249/45/237
f 251/45/238 223/45/238 221/45/238 252/45/238
f 252/45/239 221/45/239 219/45/239 253/45/239
f 253/45/240 219/45/240 217/45/240 254/45/240
f 254/45/241 217/45/241 215/45/241 255/45/241
f 255/45/242 215/45/242 257/45/242 256/45/242
f 256/45/243 257/45/243 123/45/243 121/45/243
f 258/45/244 260/45/244 364/45/244 259/45/244
f 259/45/245 262/45/245 261/45/245 258/45/245
f 261/45/246 263/45/246 260/45/246 258/45/246
f 262/45/247 267/45/247 264/45/247 261/45/247
f 264/45/248 265/45/248 263/45/248 261/45/248
f 266/45/248 309/45/248 265/45/248 264/45/248
f 267/45/249 268/45/249 266/45/249 264/45/249
f 270/45/250 269/45/250 267/45/250 262/45/250
f 269/45/251 271/45/251 268/45/251 267/45/251
f 275/45/252 272/45/252 269/45/252 270/45/252
f 272/45/253 274/45/253 271/45/253 269/45/253
f 277/45/254 273/45/254 272/45/254 275/45/254
f 273/45/254 371/45/254 274/45/254 272/45/254
f 276/45/255 275/45/255 270/45/255 365/45/255
f 279/45/256 277/45/256 275/45/256 276/45/256
f 279/45/257 280/45/257 278/45/257 277/45/257
f 277/45/258 278/45/258 288/45/258 273/45/258
f 276/45/259 281/45/259 280/45/259 279/45/259
f 281/45/260 283/45/260 282/45/260 280/45/260
f 280/45/261 282/45/261 285/45/261 278/45/261
f 283/45/260 334/45/260 284/45/260 282/45/260
f 282/45/261 284/45/261 286/45/261 285/45/261
f 278/45/262 285/45/262 287/45/262 288/45/262
f 285/45/262 286/45/262 289/45/262 287/45/262
f 288/45/262 287/45/262 290/45/262 291/45/262
f 287/45/262 289/45/262 292/45/262 290/45/262
f 291/45/263 290/45/263 293/45/263 294/45/263
f 290/45/263 292/45/263 295/45/263 293/45/263
f 294/45/264 293/45/264 296/45/264 297/45/264
f 293/45/264 295/45/264 298/45/264 296/45/264
f 297/45/2 296/45/2 299/45/2 300/45/2
f 296/45/2 298/45/2 301/45/2 299/45/2
f 300/45/2 299/45/2 302/45/2 303/45/2
f 299/45/2 301/45/2 304/45/2 302/45/2
f 303/45/265 302/45/265 305/45/265 306/45/265
f 302/45/265 304/45/265 307/45/265 305/45/265
f 306/45/266 305/45/266 308/45/266 309/45/266
f 305/45/266 307/45/266 310/45/266 308/45/266
f 309/45/81 308/45/81 311/45/81 265/45/81
f 308/45/81 310/45/81 312/45/81 311/45/81
f 265/45/81 311/45/81 313/45/81 263/45/81
f 311/45/81 312/45/81 315/45/81 313/45/81
f 263/45/267 313/45/267 314/45/267 260/45/267
f 313/45/267 315/45/267 316/45/267 314/45/267
f 315/45/267 317/45/267 319/45/267 316/45/267
f 312/45/81 318/45/81 317/45/81 315/45/81
f 318/45/268 321/45/268 320/45/268 317/45/268
f 317/45/269 320/45/269 322/45/269 319/45/269
f 324/45/270 323/45/270 320/45/270 321/45/270
f 323/45/271 326/45/271 322/45/271 320/45/271
f 356/45/272 325/45/272 323/45/272 324/45/272
f 325/45/273 328/45/273 326/45/273 323/45/273
f 319/45/274 322/45/274 326/45/274 327/45/274
f 327/45/275 326/45/275 328/45/275 329/45/275
f 329/45/275 328/45/275 330/45/275 333/45/275
f 332/45/273 330/45/273 328/45/273 325/45/273
f 333/45/276 330/45/276 331/45/276 335/45/276
f 337/45/277 331/45/277 330/45/277 332/45/277
f 359/45/4 329/45/4 333/45/4 334/45/4
f 334/45/260 333/45/260 335/45/260 284/45/260
f 335/45/278 331/45/278 337/45/278 336/45/278
f 284/45/261 335/45/261 336/45/261 286/45/261
f 286/45/262 336/45/262 338/45/262 289/45/262
f 336/45/279 337/45/279 339/45/279 338/45/279
f 289/45/262 338/45/262 340/45/262 292/45/262
f 338/45/279 339/45/279 341/45/279 340/45/279
f 340/45/280 341/45/280 343/45/280 342/45/280
f 292/45/263 340/45/263 342/45/263 295/45/263
f 342/45/281 343/45/281 345/45/281 344/45/281
f 295/45/264 342/45/264 344/45/264 298/45/264
f 344/45/282 345/45/282 347/45/282 346/45/282
f 298/45/2 344/45/2 346/45/2 301/45/2
f 301/45/2 346/45/2 348/45/2 304/45/2
f 346/45/282 347/45/282 349/45/282 348/45/282
f 304/45/265 348/45/265 350/45/265 307/45/265
f 348/45/283 349/45/283 351/45/283 350/45/283
f 350/45/284 351/45/284 353/45/284 352/45/284
f 307/45/266 350/45/266 352/45/266 310/45/266
f 310/45/81 352/45/81 318/45/81 312/45/81
f 352/45/268 353/45/268 321/45/268 318/45/268
f 349/45/285 354/45/285 353/45/285 351/45/285
f 354/45/270 324/45/270 321/45/270 353/45/270
f 347/45/286 355/45/286 354/45/286 349/45/286
f 355/45/272 356/45/272 324/45/272 354/45/272
f 345/45/286 357/45/286 355/45/286 347/45/286
f 357/45/272 358/45/272 356/45/272 355/45/272
f 341/45/287 339/45/287 358/45/287 357/45/287
f 343/45/288 341/45/288 357/45/288 345/45/288
f 358/45/272 332/45/272 325/45/272 356/45/272
f 339/45/287 337/45/287 332/45/287 358/45/287
f 361/45/4 359/45/4 334/45/4 283/45/4
f 360/45/4 327/45/4 329/45/4 359/45/4
f 362/45/4 360/45/4 359/45/4 361/45/4
f 364/45/4 362/45/4 361/45/4 363/45/4
f 363/45/4 361/45/4 283/45/4 281/45/4
f 259/45/289 364/45/289 363/45/289 365/45/289
f 365/45/289 363/45/289 281/45/289 276/45/289
f 365/45/290 270/45/290 262/45/290 259/45/290
f 260/45/291 314/45/291 362/45/291 364/45/291
f 314/45/291 316/45/291 360/45/291 362/45/291
f 316/45/291 319/45/291 327/45/291 360/45/291
f 366/45/292 306/45/292 309/45/292 266/45/292
f 367/45/293 303/45/293 306/45/293 366/45/293
f 268/45/294 367/45/294 366/45/294 266/45/294
f 368/45/295 300/45/295 303/45/295 367/45/295
f 271/45/296 368/45/296 367/45/296 268/45/296
f 274/45/296 369/45/296 368/45/296 271/45/296
f 369/45/295 297/45/295 300/45/295 368/45/295
f 371/45/297 370/45/297 369/45/297 274/45/297
f 370/45/298 294/45/298 297/45/298 369/45/298
f 371/45/299 291/45/299 294/45/299 370/45/299
f 273/45/258 288/45/258 291/45/258 371/45/258
f 372/45/300 374/45/300 405/45/300 373/45/300
f 373/45/301 376/45/301 375/45/301 372/45/301
f 375/45/81 377/45/81 374/45/81 372/45/81
f 376/45/301 381/45/301 378/45/301 375/45/301
f 378/45/81 379/45/81 377/45/81 375/45/81
f 380/45/81 421/45/81 379/45/81 378/45/81
f 381/45/301 383/45/301 380/45/301 378/45/301
f 399/45/301 382/45/301 381/45/301 376/45/301
f 382/45/301 385/45/301 383/45/301 381/45/301
f 385/45/301 386/45/301 384/45/301 383/45/301
f 383/45/301 384/45/301 425/45/301 380/45/301
f 389/45/301 387/45/301 385/45/301 382/45/301
f 387/45/301 388/45/301 386/45/301 385/45/301
f 390/45/301 391/45/301 388/45/301 387/45/301
f 393/45/301 390/45/301 387/45/301 389/45/301
f 390/45/262 392/45/262 431/45/262 391/45/262
f 393/45/262 394/45/262 392/45/262 390/45/262
f 395/45/262 396/45/262 394/45/262 393/45/262
f 395/45/301 393/45/301 389/45/301 398/45/301
f 397/45/262 448/45/262 396/45/262 395/45/262
f 397/45/301 395/45/301 398/45/301 400/45/301
f 400/45/301 398/45/301 399/45/301 402/45/301
f 398/45/301 389/45/301 382/45/301 399/45/301
f 400/45/300 401/45/300 448/45/300 397/45/300
f 402/45/300 403/45/300 401/45/300 400/45/300
f 373/45/300 405/45/300 403/45/300 402/45/300
f 402/45/301 399/45/301 376/45/301 373/45/301
f 403/45/300 404/45/300 447/45/300 401/45/300
f 405/45/300 406/45/300 404/45/300 403/45/300
f 374/45/300 408/45/300 406/45/300 405/45/300
f 406/45/300 407/45/300 451/45/300 404/45/300
f 408/45/300 410/45/300 407/45/300 406/45/300
f 377/45/81 409/45/81 408/45/81 374/45/81
f 409/45/81 412/45/81 410/45/81 408/45/81
f 410/45/300 411/45/300 453/45/300 407/45/300
f 412/45/81 413/45/81 411/45/81 410/45/81
f 414/45/81 416/45/81 413/45/81 412/45/81
f 415/45/81 414/45/81 412/45/81 409/45/81
f 420/45/81 417/45/81 414/45/81 415/45/81
f 417/45/81 418/45/81 416/45/81 414/45/81
f 419/45/81 462/45/81 418/45/81 417/45/81
f 422/45/81 419/45/81 417/45/81 420/45/81
f 421/45/81 420/45/81 415/45/81 379/45/81
f 424/45/81 422/45/81 420/45/81 421/45/81
f 426/45/302 423/45/302 422/45/302 424/45/302
f 423/45/302 463/45/302 419/45/302 422/45/302
f 425/45/81 424/45/81 421/45/81 380/45/81
f 384/45/302 426/45/302 424/45/302 425/45/302
f 386/45/302 427/45/302 426/45/302 384/45/302
f 427/45/302 428/45/302 423/45/302 426/45/302
f 388/45/302 429/45/302 427/45/302 386/45/302
f 429/45/302 430/45/302 428/45/302 427/45/302
f 391/45/302 431/45/302 429/45/302 388/45/302
f 431/45/302 432/45/302 430/45/302 429/45/302
f 392/45/262 433/45/262 432/45/262 431/45/262
f 432/45/302 434/45/302 435/45/302 430/45/302
f 433/45/262 437/45/262 434/45/262 432/45/262
f 434/45/302 436/45/302 465/45/302 435/45/302
f 437/45/262 438/45/262 436/45/262 434/45/262
f 439/45/262 441/45/262 438/45/262 437/45/262
f 440/45/262 439/45/262 437/45/262 433/45/262
f 445/45/262 442/45/262 439/45/262 440/45/262
f 442/45/262 443/45/262 441/45/262 439/45/262
f 444/45/262 469/45/262 443/45/262 442/45/262
f 446/45/262 444/45/262 442/45/262 445/45/262
f 396/45/262 445/45/262 440/45/262 394/45/262
f 448/45/262 446/45/262 445/45/262 396/45/262
f 401/45/300 447/45/300 446/45/300 448/45/300
f 447/45/300 449/45/300 444/45/300 446/45/300
f 404/45/300 451/45/300 449/45/300 447/45/300
f 449/45/300 450/45/300 469/45/300 444/45/300
f 451/45/300 452/45/300 450/45/300 449/45/300
f 407/45/300 453/45/300 452/45/300 451/45/300
f 454/45/303 452/45/303 453/45/303 457/45/303
f 455/45/303 450/45/303 452/45/303 454/45/303
f 468/45/303 455/45/303 454/45/303 456/45/303
f 456/45/303 454/45/303 457/45/303 458/45/303
f 457/45/303 453/45/303 411/45/303 413/45/303
f 458/45/303 457/45/303 413/45/303 416/45/303
f 459/45/303 458/45/303 416/45/303 418/45/303
f 460/45/303 456/45/303 458/45/303 459/45/303
f 461/45/303 459/45/303 418/45/303 462/45/303
f 464/45/303 460/45/303 459/45/303 461/45/303
f 463/45/302 461/45/302 462/45/302 419/45/302
f 466/45/302 464/45/302 461/45/302 463/45/302
f 435/45/302 465/45/302 464/45/302 466/45/302
f 465/45/303 467/45/303 460/45/303 464/45/303
f 428/45/302 466/45/302 463/45/302 423/45/302
f 430/45/302 435/45/302 466/45/302 428/45/302
f 436/45/303 438/45/303 467/45/303 465/45/303
f 438/45/303 441/45/303 468/45/303 467/45/303
f 467/45/303 468/45/303 456/45/303 460/45/303
f 441/45/303 443/45/303 455/45/303 468/45/303
f 443/45/303 469/45/303 450/45/303 455/45/303
f 394/45/262 440/45/262 433/45/262 392/45/262
f 379/45/81 415/45/81 409/45/81 377/45/81
s 0
f 474/45/304 470/45/304 471/45/304 476/45/304
f 470/45/305 472/45/305 1040/45/305 471/45/305
f 473/45/306 1041/45/306 472/45/306 470/45/306
f 477/45/307 473/45/307 470/45/307 474/45/307
f 479/45/308 477/45/308 474/45/308 475/45/308
f 475/45/309 474/45/309 476/45/309 489/45/309
f 478/45/310 1044/45/310 473/45/310 477/45/310
f 480/45/311 478/45/311 477/45/311 479/45/311
f 482/45/312 480/45/312 479/45/312 481/45/312
f 481/45/313 479/45/313 475/45/313 484/45/313
f 524/45/314 482/45/314 481/45/314 483/45/314
f 483/45/315 481/45/315 484/45/315 485/45/315
f 485/45/316 484/45/316 486/45/316 487/45/316
f 484/45/317 475/45/317 489/45/317 486/45/317
f 487/45/318 486/45/318 488/45/318 536/45/318
f 486/45/319 489/45/319 490/45/319 488/45/319
f 489/45/320 476/45/320 492/45/320 490/45/320
f 488/45/321 490/45/321 491/45/321 539/45/321
f 490/45/322 492/45/322 493/45/322 491/45/322
f 476/45/323 471/45/323 494/45/323 492/45/323
f 492/45/324 494/45/324 496/45/324 493/45/324
f 471/45/325 1040/45/325 495/45/325 494/45/325
f 494/45/326 495/45/326 497/45/326 496/45/326
f 496/45/327 497/45/327 499/45/327 498/45/327
f 493/45/328 496/45/328 498/45/328 501/45/328
f 498/45/329 499/45/329 1045/45/329 500/45/329
f 501/45/330 498/45/330 500/45/330 503/45/330
f 491/45/331 493/45/331 501/45/331 502/45/331
f 502/45/332 501/45/332 503/45/332 504/45/332
f 504/45/333 503/45/333 505/45/333 506/45/333
f 503/45/334 500/45/334 508/45/334 505/45/334
f 506/45/335 505/45/335 507/45/335 547/45/335
f 505/45/336 508/45/336 510/45/336 507/45/336
f 500/45/337 1045/45/337 509/45/337 508/45/337
f 508/45/338 509/45/338 511/45/338 510/45/338
f 510/45/339 511/45/339 513/45/339 512/45/339
f 507/45/340 510/45/340 512/45/340 515/45/340
f 512/45/341 513/45/341 1043/45/341 514/45/341
f 515/45/342 512/45/342 514/45/342 517/45/342
f 547/45/343 507/45/343 515/45/343 516/45/343
f 516/45/344 515/45/344 517/45/344 518/45/344
f 518/45/345 517/45/345 478/45/345 480/45/345
f 517/45/346 514/45/346 1044/45/346 478/45/346
f 520/45/347 516/45/347 518/45/347 519/45/347
f 519/45/348 518/45/348 480/45/348 482/45/348
f 522/45/349 520/45/349 519/45/349 521/45/349
f 521/45/350 519/45/350 482/45/350 524/45/350
f 551/45/351 522/45/351 521/45/351 523/45/351
f 523/45/352 521/45/352 524/45/352 525/45/352
f 525/45/353 524/45/353 483/45/353 527/45/353
f 554/45/354 523/45/354 525/45/354 526/45/354
f 526/45/355 525/45/355 527/45/355 528/45/355
f 528/45/356 527/45/356 529/45/356 530/45/356
f 527/45/357 483/45/357 485/45/357 529/45/357
f 530/45/358 529/45/358 531/45/358 532/45/358
f 529/45/359 485/45/359 487/45/359 531/45/359
f 532/45/360 531/45/360 533/45/360 534/45/360
f 531/45/361 487/45/361 536/45/361 533/45/361
f 534/45/362 533/45/362 535/45/362 570/45/362
f 533/45/363 536/45/363 537/45/363 535/45/363
f 536/45/364 488/45/364 539/45/364 537/45/364
f 535/45/365 537/45/365 538/45/365 573/45/365
f 537/45/366 539/45/366 540/45/366 538/45/366
f 539/45/367 491/45/367 502/45/367 540/45/367
f 538/45/368 540/45/368 541/45/368 542/45/368
f 540/45/369 502/45/369 504/45/369 541/45/369
f 542/45/370 541/45/370 543/45/370 544/45/370
f 541/45/371 504/45/371 506/45/371 543/45/371
f 544/45/372 543/45/372 545/45/372 546/45/372
f 543/45/373 506/45/373 547/45/373 545/45/373
f 546/45/374 545/45/374 520/45/374 522/45/374
f 545/45/375 547/45/375 516/45/375 520/45/375
f 549/45/376 544/45/376 546/45/376 548/45/376
f 548/45/377 546/45/377 522/45/377 551/45/377
f 576/45/378 549/45/378 548/45/378 550/45/378
f 550/45/379 548/45/379 551/45/379 552/45/379
f 552/45/380 551/45/380 523/45/380 554/45/380
f 579/45/381 550/45/381 552/45/381 553/45/381
f 553/45/382 552/45/382 554/45/382 555/45/382
f 555/45/383 554/45/383 526/45/383 557/45/383
f 582/45/384 553/45/384 555/45/384 556/45/384
f 556/45/385 555/45/385 557/45/385 558/45/385
f 558/45/386 557/45/386 559/45/386 560/45/386
f 557/45/387 526/45/387 528/45/387 559/45/387
f 560/45/388 559/45/388 561/45/388 562/45/388
f 559/45/389 528/45/389 530/45/389 561/45/389
f 562/45/390 561/45/390 563/45/390 564/45/390
f 561/45/391 530/45/391 532/45/391 563/45/391
f 564/45/392 563/45/392 565/45/392 566/45/392
f 563/45/393 532/45/393 534/45/393 565/45/393
f 566/45/394 565/45/394 567/45/394 568/45/394
f 565/45/395 534/45/395 570/45/395 567/45/395
f 568/45/396 567/45/396 569/45/396 602/45/396
f 567/45/397 570/45/397 571/45/397 569/45/397
f 570/45/398 535/45/398 573/45/398 571/45/398
f 569/45/399 571/45/399 572/45/399 575/45/399
f 571/45/400 573/45/400 574/45/400 572/45/400
f 573/45/401 538/45/401 542/45/401 574/45/401
f 572/45/402 574/45/402 549/45/402 576/45/402
f 574/45/403 542/45/403 544/45/403 549/45/403
f 575/45/404 572/45/404 576/45/404 577/45/404
f 577/45/405 576/45/405 550/45/405 579/45/405
f 603/45/406 575/45/406 577/45/406 578/45/406
f 578/45/407 577/45/407 579/45/407 580/45/407
f 580/45/408 579/45/408 553/45/408 582/45/408
f 605/45/409 578/45/409 580/45/409 581/45/409
f 581/45/410 580/45/410 582/45/410 583/45/410
f 583/45/411 582/45/411 556/45/411 585/45/411
f 608/45/412 581/45/412 583/45/412 584/45/412
f 584/45/413 583/45/413 585/45/413 586/45/413
f 586/45/414 585/45/414 587/45/414 588/45/414
f 585/45/415 556/45/415 558/45/415 587/45/415
f 588/45/416 587/45/416 589/45/416 590/45/416
f 587/45/417 558/45/417 560/45/417 589/45/417
f 590/45/418 589/45/418 591/45/418 592/45/418
f 589/45/419 560/45/419 562/45/419 591/45/419
f 592/45/420 591/45/420 593/45/420 594/45/420
f 591/45/421 562/45/421 564/45/421 593/45/421
f 594/45/422 593/45/422 595/45/422 596/45/422
f 593/45/423 564/45/423 566/45/423 595/45/423
f 596/45/424 595/45/424 597/45/424 598/45/424
f 595/45/425 566/45/425 568/45/425 597/45/425
f 598/45/426 597/45/426 599/45/426 600/45/426
f 597/45/427 568/45/427 602/45/427 599/45/427
f 600/45/428 599/45/428 601/45/428 604/45/428
f 599/45/429 602/45/429 603/45/429 601/45/429
f 602/45/430 569/45/430 575/45/430 603/45/430
f 601/45/431 603/45/431 578/45/431 605/45/431
f 604/45/432 601/45/432 605/45/432 606/45/432
f 606/45/433 605/45/433 581/45/433 608/45/433
f 629/45/434 604/45/434 606/45/434 607/45/434
f 607/45/435 606/45/435 608/45/435 609/45/435
f 609/45/436 608/45/436 584/45/436 611/45/436
f 632/45/437 607/45/437 609/45/437 610/45/437
f 610/45/438 609/45/438 611/45/438 612/45/438
f 612/45/439 611/45/439 613/45/439 614/45/439
f 611/45/440 584/45/440 586/45/440 613/45/440
f 614/45/441 613/45/441 615/45/441 616/45/441
f 613/45/442 586/45/442 588/45/442 615/45/442
f 616/45/443 615/45/443 617/45/443 618/45/443
f 615/45/444 588/45/444 590/45/444 617/45/444
f 618/45/445 617/45/445 619/45/445 620/45/445
f 617/45/446 590/45/446 592/45/446 619/45/446
f 620/45/447 619/45/447 621/45/447 622/45/447
f 619/45/448 592/45/448 594/45/448 621/45/448
f 622/45/449 621/45/449 623/45/449 624/45/449
f 621/45/450 594/45/450 596/45/450 623/45/450
f 624/45/451 623/45/451 625/45/451 626/45/451
f 623/45/452 596/45/452 598/45/452 625/45/452
f 626/45/453 625/45/453 627/45/453 628/45/453
f 625/45/454 598/45/454 600/45/454 627/45/454
f 628/45/455 627/45/455 629/45/455 630/45/455
f 627/45/456 600/45/456 604/45/456 629/45/456
f 630/45/457 629/45/457 607/45/457 632/45/457
f 653/45/458 628/45/458 630/45/458 631/45/458
f 631/45/459 630/45/459 632/45/459 633/45/459
f 633/45/460 632/45/460 610/45/460 635/45/460
f 656/45/461 631/45/461 633/45/461 634/45/461
f 634/45/462 633/45/462 635/45/462 636/45/462
f 636/45/463 635/45/463 637/45/463 638/45/463
f 635/45/464 610/45/464 612/45/464 637/45/464
f 638/45/465 637/45/465 639/45/465 640/45/465
f 637/45/466 612/45/466 614/45/466 639/45/466
f 640/45/467 639/45/467 641/45/467 642/45/467
f 639/45/468 614/45/468 616/45/468 641/45/468
f 642/45/469 641/45/469 643/45/469 644/45/469
f 641/45/470 616/45/470 618/45/470 643/45/470
f 644/45/471 643/45/471 645/45/471 646/45/471
f 643/45/472 618/45/472 620/45/472 645/45/472
f 646/45/473 645/45/473 647/45/473 648/45/473
f 645/45/474 620/45/474 622/45/474 647/45/474
f 648/45/475 647/45/475 649/45/475 650/45/475
f 647/45/476 622/45/476 624/45/476 649/45/476
f 650/45/477 649/45/477 651/45/477 652/45/477
f 649/45/478 624/45/478 626/45/478 651/45/478
f 652/45/479 651/45/479 653/45/479 654/45/479
f 651/45/480 626/45/480 628/45/480 653/45/480
f 654/45/481 653/45/481 631/45/481 656/45/481
f 677/45/482 652/45/482 654/45/482 655/45/482
f 655/45/483 654/45/483 656/45/483 657/45/483
f 657/45/484 656/45/484 634/45/484 659/45/484
f 680/45/485 655/45/485 657/45/485 658/45/485
f 658/45/486 657/45/486 659/45/486 660/45/486
f 660/45/487 659/45/487 661/45/487 662/45/487
f 659/45/488 634/45/488 636/45/488 661/45/488
f 662/45/489 661/45/489 663/45/489 664/45/489
f 661/45/490 636/45/490 638/45/490 663/45/490
f 664/45/491 663/45/491 665/45/491 666/45/491
f 663/45/492 638/45/492 640/45/492 665/45/492
f 666/45/493 665/45/493 667/45/493 668/45/493
f 665/45/494 640/45/494 642/45/494 667/45/494
f 668/45/495 667/45/495 669/45/495 670/45/495
f 667/45/496 642/45/496 644/45/496 669/45/496
f 670/45/497 669/45/497 671/45/497 672/45/497
f 669/45/498 644/45/498 646/45/498 671/45/498
f 672/45/499 671/45/499 673/45/499 674/45/499
f 671/45/500 646/45/500 648/45/500 673/45/500
f 674/45/501 673/45/501 675/45/501 676/45/501
f 673/45/502 648/45/502 650/45/502 675/45/502
f 676/45/503 675/45/503 677/45/503 678/45/503
f 675/45/504 650/45/504 652/45/504 677/45/504
f 678/45/505 677/45/505 655/45/505 680/45/505
f 701/45/506 676/45/506 678/45/506 679/45/506
f 679/45/507 678/45/507 680/45/507 681/45/507
f 681/45/508 680/45/508 658/45/508 683/45/508
f 704/45/509 679/45/509 681/45/509 682/45/509
f 682/45/510 681/45/510 683/45/510 684/45/510
f 684/45/511 683/45/511 685/45/511 686/45/511
f 683/45/512 658/45/512 660/45/512 685/45/512
f 686/45/513 685/45/513 687/45/513 688/45/513
f 685/45/514 660/45/514 662/45/514 687/45/514
f 688/45/515 687/45/515 689/45/515 690/45/515
f 687/45/516 662/45/516 664/45/516 689/45/516
f 690/45/517 689/45/517 691/45/517 692/45/517
f 689/45/518 664/45/518 666/45/518 691/45/518
f 692/45/519 691/45/519 693/45/519 694/45/519
f 691/45/520 666/45/520 668/45/520 693/45/520
f 694/45/521 693/45/521 695/45/521 696/45/521
f 693/45/522 668/45/522 670/45/522 695/45/522
f 696/45/523 695/45/523 697/45/523 698/45/523
f 695/45/524 670/45/524 672/45/524 697/45/524
f 698/45/525 697/45/525 699/45/525 700/45/525
f 697/45/526 672/45/526 674/45/526 699/45/526
f 700/45/527 699/45/527 701/45/527 702/45/527
f 699/45/528 674/45/528 676/45/528 701/45/528
f 702/45/529 701/45/529 679/45/529 704/45/529
f 725/45/530 700/45/530 702/45/530 703/45/530
f 703/45/531 702/45/531 704/45/531 705/45/531
f 705/45/532 704/45/532 682/45/532 707/45/532
f 728/45/533 703/45/533 705/45/533 706/45/533
f 706/45/534 705/45/534 707/45/534 708/45/534
f 708/45/535 707/45/535 709/45/535 710/45/535
f 707/45/536 682/45/536 684/45/536 709/45/536
f 710/45/537 709/45/537 711/45/537 712/45/537
f 709/45/538 684/45/538 686/45/538 711/45/538
f 712/45/539 711/45/539 713/45/539 714/45/539
f 711/45/540 686/45/540 688/45/540 713/45/540
f 714/45/541 713/45/541 715/45/541 716/45/541
f 713/45/542 688/45/542 690/45/542 715/45/542
f 716/45/543 715/45/543 717/45/543 718/45/543
f 715/45/544 690/45/544 692/45/544 717/45/544
f 718/45/545 717/45/545 719/45/545 720/45/545
f 717/45/546 692/45/546 694/45/546 719/45/546
f 720/45/547 719/45/547 721/45/547 722/45/547
f 719/45/548 694/45/548 696/45/548 721/45/548
f 722/45/549 721/45/549 723/45/549 724/45/549
f 721/45/550 696/45/550 698/45/550 723/45/550
f 724/45/551 723/45/551 725/45/551 726/45/551
f 723/45/552 698/45/552 700/45/552 725/45/552
f 726/45/553 725/45/553 703/45/553 728/45/553
f 749/45/554 724/45/554 726/45/554 727/45/554
f 727/45/555 726/45/555 728/45/555 729/45/555
f 729/45/556 728/45/556 706/45/556 731/45/556
f 752/45/557 727/45/557 729/45/557 730/45/557
f 730/45/558 729/45/558 731/45/558 732/45/558
f 732/45/559 731/45/559 733/45/559 734/45/559
f 731/45/560 706/45/560 708/45/560 733/45/560
f 734/45/561 733/45/561 735/45/561 736/45/561
f 733/45/562 708/45/562 710/45/562 735/45/562
f 736/45/563 735/45/563 737/45/563 738/45/563
f 735/45/564 710/45/564 712/45/564 737/45/564
f 738/45/565 737/45/565 739/45/565 740/45/565
f 737/45/566 712/45/566 714/45/566 739/45/566
f 740/45/567 739/45/567 741/45/567 742/45/567
f 739/45/568 714/45/568 716/45/568 741/45/568
f 742/45/569 741/45/569 743/45/569 744/45/569
f 741/45/570 716/45/570 718/45/570 743/45/570
f 744/45/571 743/45/571 745/45/571 746/45/571
f 743/45/572 718/45/572 720/45/572 745/45/572
f 746/45/573 745/45/573 747/45/573 748/45/573
f 745/45/574 720/45/574 722/45/574 747/45/574
f 748/45/575 747/45/575 749/45/575 750/45/575
f 747/45/576 722/45/576 724/45/576 749/45/576
f 750/45/577 749/45/577 727/45/577 752/45/577
f 773/45/578 748/45/578 750/45/578 751/45/578
f 751/45/579 750/45/579 752/45/579 753/45/579
f 753/45/580 752/45/580 730/45/580 755/45/580
f 776/45/337 751/45/337 753/45/337 754/45/337
f 754/45/329 753/45/329 755/45/329 756/45/329
f 756/45/327 755/45/327 757/45/327 758/45/327
f 755/45/581 730/45/581 732/45/581 757/45/581
f 758/45/326 757/45/326 759/45/326 760/45/326
f 757/45/582 732/45/582 734/45/582 759/45/582
f 760/45/325 759/45/325 761/45/325 762/45/325
f 759/45/583 734/45/583 736/45/583 761/45/583
f 762/45/305 761/45/305 763/45/305 764/45/305
f 761/45/584 736/45/584 738/45/584 763/45/584
f 764/45/306 763/45/306 765/45/306 766/45/306
f 763/45/585 738/45/585 740/45/585 765/45/585
f 766/45/586 765/45/586 767/45/586 768/45/586
f 765/45/587 740/45/587 742/45/587 767/45/587
f 768/45/588 767/45/588 769/45/588 770/45/588
f 767/45/589 742/45/589 744/45/589 769/45/589
f 770/45/341 769/45/341 771/45/341 772/45/341
f 769/45/590 744/45/590 746/45/590 771/45/590
f 772/45/339 771/45/339 773/45/339 774/45/339
f 771/45/591 746/45/591 748/45/591 773/45/591
f 774/45/338 773/45/338 751/45/338 776/45/338
f 797/45/340 772/45/340 774/45/340 775/45/340
f 775/45/336 774/45/336 776/45/336 777/45/336
f 777/45/334 776/45/334 754/45/334 779/45/334
f 800/45/335 775/45/335 777/45/335 778/45/335
f 778/45/333 777/45/333 779/45/333 780/45/333
f 780/45/332 779/45/332 781/45/332 782/45/332
f 779/45/330 754/45/330 756/45/330 781/45/330
f 782/45/331 781/45/331 783/45/331 784/45/331
f 781/45/328 756/45/328 758/45/328 783/45/328
f 784/45/322 783/45/322 785/45/322 786/45/322
f 783/45/324 758/45/324 760/45/324 785/45/324
f 786/45/320 785/45/320 787/45/320 788/45/320
f 785/45/323 760/45/323 762/45/323 787/45/323
f 788/45/309 787/45/309 789/45/309 790/45/309
f 787/45/304 762/45/304 764/45/304 789/45/304
f 790/45/308 789/45/308 791/45/308 792/45/308
f 789/45/307 764/45/307 766/45/307 791/45/307
f 792/45/311 791/45/311 793/45/311 794/45/311
f 791/45/310 766/45/310 768/45/310 793/45/310
f 794/45/345 793/45/345 795/45/345 796/45/345
f 793/45/346 768/45/346 770/45/346 795/45/346
f 796/45/344 795/45/344 797/45/344 798/45/344
f 795/45/342 770/45/342 772/45/342 797/45/342
f 798/45/343 797/45/343 775/45/343 800/45/343
f 821/45/347 796/45/347 798/45/347 799/45/347
f 799/45/592 798/45/592 800/45/592 801/45/592
f 801/45/373 800/45/373 778/45/373 803/45/373
f 824/45/374 799/45/374 801/45/374 802/45/374
f 802/45/372 801/45/372 803/45/372 804/45/372
f 804/45/370 803/45/370 805/45/370 806/45/370
f 803/45/371 778/45/371 780/45/371 805/45/371
f 806/45/368 805/45/368 807/45/368 808/45/368
f 805/45/369 780/45/369 782/45/369 807/45/369
f 808/45/366 807/45/366 809/45/366 810/45/366
f 807/45/367 782/45/367 784/45/367 809/45/367
f 810/45/364 809/45/364 811/45/364 812/45/364
f 809/45/321 784/45/321 786/45/321 811/45/321
f 812/45/318 811/45/318 813/45/318 814/45/318
f 811/45/593 786/45/593 788/45/593 813/45/593
f 814/45/316 813/45/316 815/45/316 816/45/316
f 813/45/317 788/45/317 790/45/317 815/45/317
f 816/45/315 815/45/315 817/45/315 818/45/315
f 815/45/313 790/45/313 792/45/313 817/45/313
f 818/45/314 817/45/314 819/45/314 820/45/314
f 817/45/312 792/45/312 794/45/312 819/45/312
f 820/45/350 819/45/350 821/45/350 822/45/350
f 819/45/348 794/45/348 796/45/348 821/45/348
f 822/45/349 821/45/349 799/45/349 824/45/349
f 845/45/352 820/45/352 822/45/352 823/45/352
f 823/45/351 822/45/351 824/45/351 825/45/351
f 825/45/377 824/45/377 802/45/377 827/45/377
f 848/45/380 823/45/380 825/45/380 826/45/380
f 826/45/379 825/45/379 827/45/379 828/45/379
f 828/45/594 827/45/594 829/45/594 830/45/594
f 827/45/376 802/45/376 804/45/376 829/45/376
f 830/45/402 829/45/402 831/45/402 832/45/402
f 829/45/403 804/45/403 806/45/403 831/45/403
f 832/45/400 831/45/400 833/45/400 834/45/400
f 831/45/401 806/45/401 808/45/401 833/45/401
f 834/45/398 833/45/398 835/45/398 836/45/398
f 833/45/365 808/45/365 810/45/365 835/45/365
f 836/45/362 835/45/362 837/45/362 838/45/362
f 835/45/363 810/45/363 812/45/363 837/45/363
f 838/45/360 837/45/360 839/45/360 840/45/360
f 837/45/361 812/45/361 814/45/361 839/45/361
f 840/45/358 839/45/358 841/45/358 842/45/358
f 839/45/359 814/45/359 816/45/359 841/45/359
f 842/45/595 841/45/595 843/45/595 844/45/595
f 841/45/357 816/45/357 818/45/357 843/45/357
f 844/45/355 843/45/355 845/45/355 846/45/355
f 843/45/353 818/45/353 820/45/353 845/45/353
f 846/45/354 845/45/354 823/45/354 848/45/354
f 869/45/387 844/45/387 846/45/387 847/45/387
f 847/45/383 846/45/383 848/45/383 849/45/383
f 849/45/382 848/45/382 826/45/382 851/45/382
f 872/45/596 847/45/596 849/45/596 850/45/596
f 850/45/384 849/45/384 851/45/384 852/45/384
f 852/45/408 851/45/408 853/45/408 854/45/408
f 851/45/381 826/45/381 828/45/381 853/45/381
f 854/45/407 853/45/407 855/45/407 856/45/407
f 853/45/597 828/45/597 830/45/597 855/45/597
f 856/45/406 855/45/406 857/45/406 858/45/406
f 855/45/404 830/45/404 832/45/404 857/45/404
f 858/45/430 857/45/430 859/45/430 860/45/430
f 857/45/399 832/45/399 834/45/399 859/45/399
f 860/45/598 859/45/598 861/45/598 862/45/598
f 859/45/599 834/45/599 836/45/599 861/45/599
f 862/45/394 861/45/394 863/45/394 864/45/394
f 861/45/395 836/45/395 838/45/395 863/45/395
f 864/45/392 863/45/392 865/45/392 866/45/392
f 863/45/393 838/45/393 840/45/393 865/45/393
f 866/45/390 865/45/390 867/45/390 868/45/390
f 865/45/391 840/45/391 842/45/391 867/45/391
f 868/45/388 867/45/388 869/45/388 870/45/388
f 867/45/389 842/45/389 844/45/389 869/45/389
f 870/45/386 869/45/386 847/45/386 872/45/386
f 893/45/419 868/45/419 870/45/419 871/45/419
f 871/45/417 870/45/417 872/45/417 873/45/417
f 873/45/415 872/45/415 850/45/415 875/45/415
f 896/45/416 871/45/416 873/45/416 874/45/416
f 874/45/414 873/45/414 875/45/414 876/45/414
f 876/45/413 875/45/413 877/45/413 878/45/413
f 875/45/411 850/45/411 852/45/411 877/45/411
f 878/45/412 877/45/412 879/45/412 880/45/412
f 877/45/410 852/45/410 854/45/410 879/45/410
f 880/45/433 879/45/433 881/45/433 882/45/433
f 879/45/409 854/45/409 856/45/409 881/45/409
f 882/45/432 881/45/432 883/45/432 884/45/432
f 881/45/431 856/45/431 858/45/431 883/45/431
f 884/45/428 883/45/428 885/45/428 886/45/428
f 883/45/429 858/45/429 860/45/429 885/45/429
f 886/45/426 885/45/426 887/45/426 888/45/426
f 885/45/427 860/45/427 862/45/427 887/45/427
f 888/45/424 887/45/424 889/45/424 890/45/424
f 887/45/600 862/45/600 864/45/600 889/45/600
f 890/45/422 889/45/422 891/45/422 892/45/422
f 889/45/423 864/45/423 866/45/423 891/45/423
f 892/45/420 891/45/420 893/45/420 894/45/420
f 891/45/421 866/45/421 868/45/421 893/45/421
f 894/45/418 893/45/418 871/45/418 896/45/418
f 917/45/448 892/45/448 894/45/448 895/45/448
f 895/45/446 894/45/446 896/45/446 897/45/446
f 897/45/444 896/45/444 874/45/444 899/45/444
f 920/45/445 895/45/445 897/45/445 898/45/445
f 898/45/443 897/45/443 899/45/443 900/45/443
f 900/45/441 899/45/441 901/45/441 902/45/441
f 899/45/601 874/45/601 876/45/601 901/45/601
f 902/45/602 901/45/602 903/45/602 904/45/602
f 901/45/440 876/45/440 878/45/440 903/45/440
f 904/45/438 903/45/438 905/45/438 906/45/438
f 903/45/436 878/45/436 880/45/436 905/45/436
f 906/45/437 905/45/437 907/45/437 908/45/437
f 905/45/435 880/45/435 882/45/435 907/45/435
f 908/45/457 907/45/457 909/45/457 910/45/457
f 907/45/434 882/45/434 884/45/434 909/45/434
f 910/45/455 909/45/455 911/45/455 912/45/455
f 909/45/456 884/45/456 886/45/456 911/45/456
f 912/45/453 911/45/453 913/45/453 914/45/453
f 911/45/454 886/45/454 888/45/454 913/45/454
f 914/45/451 913/45/451 915/45/451 916/45/451
f 913/45/452 888/45/452 890/45/452 915/45/452
f 916/45/449 915/45/449 917/45/449 918/45/449
f 915/45/450 890/45/450 892/45/450 917/45/450
f 918/45/447 917/45/447 895/45/447 920/45/447
f 941/45/476 916/45/476 918/45/476 919/45/476
f 919/45/474 918/45/474 920/45/474 921/45/474
f 921/45/472 920/45/472 898/45/472 923/45/472
f 944/45/473 919/45/473 921/45/473 922/45/473
f 922/45/471 921/45/471 923/45/471 924/45/471
f 924/45/469 923/45/469 925/45/469 926/45/469
f 923/45/470 898/45/470 900/45/470 925/45/470
f 926/45/467 925/45/467 927/45/467 928/45/467
f 925/45/468 900/45/468 902/45/468 927/45/468
f 928/45/465 927/45/465 929/45/465 930/45/465
f 927/45/466 902/45/466 904/45/466 929/45/466
f 930/45/463 929/45/463 931/45/463 932/45/463
f 929/45/464 904/45/464 906/45/464 931/45/464
f 932/45/462 931/45/462 933/45/462 934/45/462
f 931/45/460 906/45/460 908/45/460 933/45/460
f 934/45/461 933/45/461 935/45/461 936/45/461
f 933/45/459 908/45/459 910/45/459 935/45/459
f 936/45/481 935/45/481 937/45/481 938/45/481
f 935/45/458 910/45/458 912/45/458 937/45/458
f 938/45/479 937/45/479 939/45/479 940/45/479
f 937/45/480 912/45/480 914/45/480 939/45/480
f 940/45/477 939/45/477 941/45/477 942/45/477
f 939/45/603 914/45/603 916/45/603 941/45/603
f 942/45/475 941/45/475 919/45/475 944/45/475
f 965/45/504 940/45/504 942/45/504 943/45/504
f 943/45/502 942/45/502 944/45/502 945/45/502
f 945/45/500 944/45/500 922/45/500 947/45/500
f 968/45/501 943/45/501 945/45/501 946/45/501
f 946/45/499 945/45/499 947/45/499 948/45/499
f 948/45/497 947/45/497 949/45/497 950/45/497
f 947/45/498 922/45/498 924/45/498 949/45/498
f 950/45/495 949/45/495 951/45/495 952/45/495
f 949/45/496 924/45/496 926/45/496 951/45/496
f 952/45/493 951/45/493 953/45/493 954/45/493
f 951/45/494 926/45/494 928/45/494 953/45/494
f 954/45/491 953/45/491 955/45/491 956/45/491
f 953/45/492 928/45/492 930/45/492 955/45/492
f 956/45/489 955/45/489 957/45/489 958/45/489
f 955/45/490 930/45/490 932/45/490 957/45/490
f 958/45/487 957/45/487 959/45/487 960/45/487
f 957/45/488 932/45/488 934/45/488 959/45/488
f 960/45/486 959/45/486 961/45/486 962/45/486
f 959/45/484 934/45/484 936/45/484 961/45/484
f 962/45/485 961/45/485 963/45/485 964/45/485
f 961/45/483 936/45/483 938/45/483 963/45/483
f 964/45/604 963/45/604 965/45/604 966/45/604
f 963/45/482 938/45/482 940/45/482 965/45/482
f 966/45/503 965/45/503 943/45/503 968/45/503
f 989/45/605 964/45/605 966/45/605 967/45/605
f 967/45/606 966/45/606 968/45/606 969/45/606
f 969/45/528 968/45/528 946/45/528 971/45/528
f 992/45/529 967/45/529 969/45/529 970/45/529
f 970/45/527 969/45/527 971/45/527 972/45/527
f 972/45/607 971/45/607 973/45/607 974/45/607
f 971/45/526 946/45/526 948/45/526 973/45/526
f 974/45/608 973/45/608 975/45/608 976/45/608
f 973/45/524 948/45/524 950/45/524 975/45/524
f 976/45/521 975/45/521 977/45/521 978/45/521
f 975/45/522 950/45/522 952/45/522 977/45/522
f 978/45/519 977/45/519 979/45/519 980/45/519
f 977/45/609 952/45/609 954/45/609 979/45/609
f 980/45/517 979/45/517 981/45/517 982/45/517
f 979/45/610 954/45/610 956/45/610 981/45/610
f 982/45/515 981/45/515 983/45/515 984/45/515
f 981/45/516 956/45/516 958/45/516 983/45/516
f 984/45/513 983/45/513 985/45/513 986/45/513
f 983/45/514 958/45/514 960/45/514 985/45/514
f 986/45/611 985/45/611 987/45/611 988/45/611
f 985/45/512 960/45/512 962/45/512 987/45/512
f 988/45/510 987/45/510 989/45/510 990/45/510
f 987/45/508 962/45/508 964/45/508 989/45/508
f 990/45/509 989/45/509 967/45/509 992/45/509
f 1013/45/536 988/45/536 990/45/536 991/45/536
f 991/45/532 990/45/532 992/45/532 993/45/532
f 993/45/531 992/45/531 970/45/531 995/45/531
f 1016/45/534 991/45/534 993/45/534 994/45/534
f 994/45/533 993/45/533 995/45/533 996/45/533
f 996/45/553 995/45/553 997/45/553 998/45/553
f 995/45/530 970/45/530 972/45/530 997/45/530
f 998/45/551 997/45/551 999/45/551 1000/45/551
f 997/45/612 972/45/612 974/45/612 999/45/612
f 1000/45/549 999/45/549 1001/45/549 1002/45/549
f 999/45/613 974/45/613 976/45/613 1001/45/613
f 1002/45/547 1001/45/547 1003/45/547 1004/45/547
f 1001/45/548 976/45/548 978/45/548 1003/45/548
f 1004/45/545 1003/45/545 1005/45/545 1006/45/545
f 1003/45/546 978/45/546 980/45/546 1005/45/546
f 1006/45/543 1005/45/543 1007/45/543 1008/45/543
f 1005/45/544 980/45/544 982/45/544 1007/45/544
f 1008/45/541 1007/45/541 1009/45/541 1010/45/541
f 1007/45/542 982/45/542 984/45/542 1009/45/542
f 1010/45/539 1009/45/539 1011/45/539 1012/45/539
f 1009/45/614 984/45/614 986/45/614 1011/45/614
f 1012/45/537 1011/45/537 1013/45/537 1014/45/537
f 1011/45/538 986/45/538 988/45/538 1013/45/538
f 1014/45/535 1013/45/535 991/45/535 1016/45/535
f 1037/45/564 1012/45/564 1014/45/564 1015/45/564
f 1015/45/562 1014/45/562 1016/45/562 1017/45/562
f 1017/45/560 1016/45/560 994/45/560 1019/45/560
f 1039/45/615 1015/45/615 1017/45/615 1018/45/615
f 1018/45/559 1017/45/559 1019/45/559 1020/45/559
f 1020/45/558 1019/45/558 1021/45/558 1022/45/558
f 1019/45/556 994/45/556 996/45/556 1021/45/556
f 1022/45/557 1021/45/557 1023/45/557 1024/45/557
f 1021/45/555 996/45/555 998/45/555 1023/45/555
f 1024/45/577 1023/45/577 1025/45/577 1026/45/577
f 1023/45/554 998/45/554 1000/45/554 1025/45/554
f 1026/45/575 1025/45/575 1027/45/575 1028/45/575
f 1025/45/576 1000/45/576 1002/45/576 1027/45/576
f 1028/45/573 1027/45/573 1029/45/573 1030/45/573
f 1027/45/574 1002/45/574 1004/45/574 1029/45/574
f 1030/45/616 1029/45/616 1031/45/616 1032/45/616
f 1029/45/572 1004/45/572 1006/45/572 1031/45/572
f 1032/45/569 1031/45/569 1033/45/569 1034/45/569
f 1031/45/570 1006/45/570 1008/45/570 1033/45/570
f 1034/45/567 1033/45/567 1035/45/567 1036/45/567
f 1033/45/568 1008/45/568 1010/45/568 1035/45/568
f 1036/45/565 1035/45/565 1037/45/565 1038/45/565
f 1035/45/566 1010/45/566 1012/45/566 1037/45/566
f 1038/45/563 1037/45/563 1015/45/563 1039/45/563
f 1041/45/585 1036/45/585 1038/45/585 472/45/585
f 472/45/584 1038/45/584 1039/45/584 1040/45/584
f 1040/45/583 1039/45/583 1018/45/583 495/45/583
f 1042/45/587 1034/45/587 1036/45/587 1041/45/587
f 1044/45/586 1042/45/586 1041/45/586 473/45/586
f 1043/45/589 1032/45/589 1034/45/589 1042/45/589
f 514/45/588 1043/45/588 1042/45/588 1044/45/588
f 513/45/590 1030/45/590 1032/45/590 1043/45/590
f 511/45/591 1028/45/591 1030/45/591 513/45/591
f 509/45/578 1026/45/578 1028/45/578 511/45/578
f 1045/45/579 1024/45/579 1026/45/579 509/45/579
f 499/45/580 1022/45/580 1024/45/580 1045/45/580
f 497/45/581 1020/45/581 1022/45/581 499/45/581
f 495/45/582 1018/45/582 1020/45/582 497/45/582
s 1
f 1052/45/2 1049/45/2 1046/45/2 1047/45/2 1172/45/2 1171/45/2 1170/45/2 1165/45/2 1164/45/2 1163/45/2 1162/45/2 1071/45/2 1070/45/2 1069/45/2 1068/45/2 1063/45/2 1062/45/2 1061/45/2 1060/45/2 1053/45/2
f 1046/45/617 1048/45/617 1174/45/617 1047/45/617
f 1049/45/618 1051/45/618 1048/45/618 1046/45/618
f 1071/45/2 1162/45/2 1157/45/2 1156/45/2 1155/45/2 1154/45/2 1149/45/2 1148/45/2 1147/45/2 1146/45/2 1141/45/2 1140/45/2 1139/45/2 1138/45/2 1133/45/2 1132/45/2 1131/45/2 1128/45/2 1127/45/2 1126/45/2 1120/45/2 1122/45/2 1124/45/2 1050/45/2 1049/45/2 1052/45/2 1054/45/2 1118/45/2 1112/45/2 1111/45/2 1110/45/2 1109/45/2 1103/45/2 1102/45/2 1101/45/2 1100/45/2 1095/45/2 1094/45/2 1093/45/2 1092/45/2 1087/45/2 1086/45/2 1085/45/2 1084/45/2 1079/45/2 1078/45/2 1077/45/2 1076/45/2
f 1050/45/619 1125/45/619 1051/45/619 1049/45/619
f 1053/45/620 1057/45/620 1055/45/620 1052/45/620
f 1052/45/621 1055/45/621 1056/45/621 1054/45/621
f 1166/45/4 1167/45/4 1168/45/4 1169/45/4 1173/45/4 1174/45/4 1048/45/4 1051/45/4 1125/45/4 1123/45/4 1121/45/4 1115/45/4 1114/45/4 1116/45/4 1117/45/4 1056/45/4 1055/45/4 1057/45/4 1058/45/4 1059/45/4 1064/45/4 1065/45/4 1066/45/4 1067/45/4 1072/45/4 1073/45/4 1074/45/4 1075/45/4 1080/45/4 1081/45/4 1082/45/4 1083/45/4 1088/45/4 1089/45/4 1090/45/4 1091/45/4 1096/45/4 1097/45/4 1098/45/4 1099/45/4 1104/45/4 1105/45/4 1134/45/4 1135/45/4 1136/45/4 1137/45/4 1142/45/4 1143/45/4 1144/45/4 1145/45/4 1150/45/4 1151/45/4 1152/45/4 1153/45/4 1158/45/4 1159/45/4 1160/45/4 1161/45/4
f 1060/45/622 1058/45/622 1057/45/622 1053/45/622
f 1061/45/623 1059/45/623 1058/45/623 1060/45/623
f 1062/45/624 1064/45/624 1059/45/624 1061/45/624
f 1063/45/625 1065/45/625 1064/45/625 1062/45/625
f 1066/45/626 1065/45/626 1063/45/626 1068/45/626
f 1067/45/627 1066/45/627 1068/45/627 1069/45/627
f 1072/45/628 1067/45/628 1069/45/628 1070/45/628
f 1073/45/629 1072/45/629 1070/45/629 1071/45/629
f 1074/45/630 1073/45/630 1071/45/630 1076/45/630
f 1075/45/631 1074/45/631 1076/45/631 1077/45/631
f 1080/45/632 1075/45/632 1077/45/632 1078/45/632
f 1081/45/633 1080/45/633 1078/45/633 1079/45/633
f 1082/45/634 1081/45/634 1079/45/634 1084/45/634
f 1083/45/635 1082/45/635 1084/45/635 1085/45/635
f 1088/45/636 1083/45/636 1085/45/636 1086/45/636
f 1089/45/618 1088/45/618 1086/45/618 1087/45/618
f 1090/45/637 1089/45/637 1087/45/637 1092/45/637
f 1091/45/638 1090/45/638 1092/45/638 1093/45/638
f 1096/45/639 1091/45/639 1093/45/639 1094/45/639
f 1097/45/640 1096/45/640 1094/45/640 1095/45/640
f 1100/45/641 1098/45/641 1097/45/641 1095/45/641
f 1101/45/642 1099/45/642 1098/45/642 1100/45/642
f 1102/45/643 1104/45/643 1099/45/643 1101/45/643
f 1103/45/644 1106/45/644 1104/45/644 1102/45/644
f 1115/45/4 1119/45/4 1129/45/4 1130/45/4 1105/45/4 1104/45/4 1106/45/4 1107/45/4 1108/45/4 1113/45/4 1114/45/4
f 1109/45/645 1107/45/645 1106/45/645 1103/45/645
f 1110/45/646 1108/45/646 1107/45/646 1109/45/646
f 1111/45/647 1113/45/647 1108/45/647 1110/45/647
f 1112/45/648 1116/45/648 1114/45/648 1113/45/648 1111/45/648
f 1118/45/649 1117/45/649 1116/45/649 1112/45/649
f 1054/45/650 1056/45/650 1117/45/650 1118/45/650
f 1126/45/651 1119/45/651 1115/45/651 1120/45/651
f 1120/45/633 1115/45/633 1121/45/633 1122/45/633
f 1122/45/652 1121/45/652 1123/45/652 1124/45/652
f 1124/45/635 1123/45/635 1125/45/635 1050/45/635
f 1127/45/631 1129/45/631 1119/45/631 1126/45/631
f 1128/45/653 1130/45/653 1129/45/653 1127/45/653
f 1131/45/629 1105/45/629 1130/45/629 1128/45/629
f 1132/45/654 1134/45/654 1105/45/654 1131/45/654
f 1133/45/627 1135/45/627 1134/45/627 1132/45/627
f 1138/45/655 1136/45/655 1135/45/655 1133/45/655
f 1139/45/625 1137/45/625 1136/45/625 1138/45/625
f 1140/45/656 1142/45/656 1137/45/656 1139/45/656
f 1141/45/623 1143/45/623 1142/45/623 1140/45/623
f 1146/45/657 1144/45/657 1143/45/657 1141/45/657
f 1147/45/620 1145/45/620 1144/45/620 1146/45/620
f 1148/45/658 1150/45/658 1145/45/658 1147/45/658
f 1149/45/650 1151/45/650 1150/45/650 1148/45/650
f 1154/45/659 1152/45/659 1151/45/659 1149/45/659
f 1155/45/648 1153/45/648 1152/45/648 1154/45/648
f 1156/45/660 1158/45/660 1153/45/660 1155/45/660
f 1157/45/646 1159/45/646 1158/45/646 1156/45/646
f 1162/45/661 1160/45/661 1159/45/661 1157/45/661
f 1163/45/644 1161/45/644 1160/45/644 1162/45/644
f 1164/45/662 1166/45/662 1161/45/662 1163/45/662
f 1165/45/642 1167/45/642 1166/45/642 1164/45/642
f 1170/45/663 1168/45/663 1167/45/663 1165/45/663
f 1171/45/640 1169/45/640 1168/45/640 1170/45/640
f 1172/45/664 1173/45/664 1169/45/664 1171/45/664
f 1047/45/638 1174/45/638 1173/45/638 1172/45/638
f 1176/45/665 1179/45/665 1178/45/665 1175/45/665
f 1175/45/666 1177/45/666 1208/45/666 1176/45/666
f 1178/45/81 1180/45/81 1177/45/81 1175/45/81
f 1179/45/665 1184/45/665 1181/45/665 1178/45/665
f 1181/45/81 1182/45/81 1180/45/81 1178/45/81
f 1183/45/81 1224/45/81 1182/45/81 1181/45/81
f 1184/45/665 1186/45/665 1183/45/665 1181/45/665
f 1202/45/665 1185/45/665 1184/45/665 1179/45/665
f 1185/45/665 1188/45/665 1186/45/665 1184/45/665
f 1186/45/665 1187/45/665 1228/45/665 1183/45/665
f 1188/45/665 1189/45/665 1187/45/665 1186/45/665
f 1192/45/665 1190/45/665 1188/45/665 1185/45/665
f 1190/45/665 1191/45/665 1189/45/665 1188/45/665
f 1193/45/665 1194/45/665 1191/45/665 1190/45/665
f 1196/45/665 1193/45/665 1190/45/665 1192/45/665
f 1193/45/262 1195/45/262 1234/45/262 1194/45/262
f 1196/45/262 1197/45/262 1195/45/262 1193/45/262
f 1198/45/262 1199/45/262 1197/45/262 1196/45/262
f 1198/45/665 1196/45/665 1192/45/665 1201/45/665
f 1200/45/262 1251/45/262 1199/45/262 1198/45/262
f 1200/45/665 1198/45/665 1201/45/665 1203/45/665
f 1201/45/665 1192/45/665 1185/45/665 1202/45/665
f 1203/45/665 1201/45/665 1202/45/665 1205/45/665
f 1205/45/666 1206/45/666 1204/45/666 1203/45/666
f 1203/45/666 1204/45/666 1251/45/666 1200/45/666
f 1205/45/665 1202/45/665 1179/45/665 1176/45/665
f 1176/45/666 1208/45/666 1206/45/666 1205/45/666
f 1206/45/666 1207/45/666 1250/45/666 1204/45/666
f 1208/45/666 1209/45/666 1207/45/666 1206/45/666
f 1177/45/666 1211/45/666 1209/45/666 1208/45/666
f 1211/45/666 1213/45/666 1210/45/666 1209/45/666
f 1209/45/666 1210/45/666 1254/45/666 1207/45/666
f 1180/45/81 1212/45/81 1211/45/81 1177/45/81
f 1212/45/81 1215/45/81 1213/45/81 1211/45/81
f 1213/45/666 1214/45/666 1256/45/666 1210/45/666
f 1215/45/81 1216/45/81 1214/45/81 1213/45/81
f 1217/45/81 1219/45/81 1216/45/81 1215/45/81
f 1218/45/81 1217/45/81 1215/45/81 1212/45/81
f 1223/45/81 1220/45/81 1217/45/81 1218/45/81
f 1220/45/81 1221/45/81 1219/45/81 1217/45/81
f 1222/45/81 1265/45/81 1221/45/81 1220/45/81
f 1225/45/81 1222/45/81 1220/45/81 1223/45/81
f 1224/45/81 1223/45/81 1218/45/81 1182/45/81
f 1227/45/81 1225/45/81 1223/45/81 1224/45/81
f 1226/45/667 1266/45/667 1222/45/667 1225/45/667
f 1229/45/667 1226/45/667 1225/45/667 1227/45/667
f 1228/45/81 1227/45/81 1224/45/81 1183/45/81
f 1187/45/667 1229/45/667 1227/45/667 1228/45/667
f 1189/45/667 1230/45/667 1229/45/667 1187/45/667
f 1230/45/667 1231/45/667 1226/45/667 1229/45/667
f 1191/45/667 1232/45/667 1230/45/667 1189/45/667
f 1232/45/667 1233/45/667 1231/45/667 1230/45/667
f 1194/45/667 1234/45/667 1232/45/667 1191/45/667
f 1234/45/667 1235/45/667 1233/45/667 1232/45/667
f 1195/45/262 1236/45/262 1235/45/262 1234/45/262
f 1235/45/667 1237/45/667 1238/45/667 1233/45/667
f 1236/45/262 1240/45/262 1237/45/262 1235/45/262
f 1237/45/667 1239/45/667 1268/45/667 1238/45/667
f 1240/45/262 1241/45/262 1239/45/262 1237/45/262
f 1242/45/262 1244/45/262 1241/45/262 1240/45/262
f 1243/45/262 1242/45/262 1240/45/262 1236/45/262
f 1248/45/262 1245/45/262 1242/45/262 1243/45/262
f 1245/45/262 1246/45/262 1244/45/262 1242/45/262
f 1247/45/262 1272/45/262 1246/45/262 1245/45/262
f 1249/45/262 1247/45/262 1245/45/262 1248/45/262
f 1199/45/262 1248/45/262 1243/45/262 1197/45/262
f 1251/45/262 1249/45/262 1248/45/262 1199/45/262
f 1250/45/666 1252/45/666 1247/45/666 1249/45/666
f 1204/45/666 1250/45/666 1249/45/666 1251/45/666
f 1207/45/666 1254/45/666 1252/45/666 1250/45/666
f 1252/45/666 1253/45/666 1272/45/666 1247/45/666
f 1254/45/666 1255/45/666 1253/45/666 1252/45/666
f 1210/45/666 1256/45/666 1255/45/666 1254/45/666
f 1257/45/668 1255/45/668 1256/45/668 1260/45/668
f 1258/45/668 1253/45/668 1255/45/668 1257/45/668
f 1271/45/668 1258/45/668 1257/45/668 1259/45/668
f 1259/45/668 1257/45/668 1260/45/668 1261/45/668
f 1260/45/668 1256/45/668 1214/45/668 1216/45/668
f 1261/45/668 1260/45/668 1216/45/668 1219/45/668
f 1262/45/668 1261/45/668 1219/45/668 1221/45/668
f 1263/45/668 1259/45/668 1261/45/668 1262/45/668
f 1264/45/668 1262/45/668 1221/45/668 1265/45/668
f 1267/45/668 1263/45/668 1262/45/668 1264/45/668
f 1266/45/667 1264/45/667 1265/45/667 1222/45/667
f 1269/45/667 1267/45/667 1264/45/667 1266/45/667
f 1268/45/668 1270/45/668 1263/45/668 1267/45/668
f 1238/45/667 1268/45/667 1267/45/667 1269/45/667
f 1231/45/667 1269/45/667 1266/45/667 1226/45/667
f 1233/45/667 1238/45/667 1269/45/667 1231/45/667
f 1239/45/668 1241/45/668 1270/45/668 1268/45/668
f 1270/45/668 1271/45/668 1259/45/668 1263/45/668
f 1241/45/668 1244/45/668 1271/45/668 1270/45/668
f 1244/45/668 1246/45/668 1258/45/668 1271/45/668
f 1246/45/668 1272/45/668 1253/45/668 1258/45/668
f 1197/45/262 1243/45/262 1236/45/262 1195/45/262
f 1182/45/81 1218/45/81 1212/45/81 1180/45/81
f 1274/45/669 1278/45/669 1276/45/669 1273/45/669
f 1377/45/300 1274/45/300 1273/45/300 1275/45/300 1400/45/300 1399/45/300 1398/45/300 1393/45/300 1392/45/300 1327/45/300 1326/45/300 1328/45/300 1329/45/300 1391/45/300 1390/45/300 1385/45/300 1384/45/300 1382/45/300 1381/45/300 1380/45/300
f 1273/45/670 1276/45/670 1277/45/670 1275/45/670
f 1394/45/302 1395/45/302 1396/45/302 1397/45/302 1401/45/302 1277/45/302 1276/45/302 1278/45/302 1279/45/302 1281/45/302 1282/45/302 1287/45/302 1288/45/302 1372/45/302 1373/45/302 1374/45/302 1376/45/302 1378/45/302 1379/45/302 1383/45/302 1386/45/302 1387/45/302 1388/45/302 1389/45/302 1332/45/302 1331/45/302 1333/45/302 1334/45/302 1335/45/302 1340/45/302 1341/45/302 1342/45/302 1343/45/302 1348/45/302 1349/45/302 1350/45/302 1351/45/302 1356/45/302 1357/45/302 1358/45/302 1359/45/302 1295/45/302 1298/45/302 1299/45/302 1300/45/302 1301/45/302 1306/45/302 1307/45/302 1308/45/302 1309/45/302 1314/45/302 1315/45/302 1316/45/302 1317/45/302 1322/45/302 1323/45/302 1324/45/302 1325/45/302
f 1280/45/671 1279/45/671 1278/45/671 1274/45/671
f 1283/45/672 1281/45/672 1279/45/672 1280/45/672
f 1284/45/673 1282/45/673 1281/45/673 1283/45/673
f 1328/45/300 1326/45/300 1321/45/300 1320/45/300 1319/45/300 1318/45/300 1313/45/300 1312/45/300 1311/45/300 1310/45/300 1305/45/300 1304/45/300 1303/45/300 1302/45/300 1297/45/300 1296/45/300 1294/45/300 1293/45/300 1292/45/300 1286/45/300 1285/45/300 1284/45/300 1283/45/300 1280/45/300 1274/45/300 1377/45/300 1375/45/300 1371/45/300 1370/45/300 1369/45/300 1368/45/300 1363/45/300 1362/45/300 1361/45/300 1360/45/300 1355/45/300 1354/45/300 1353/45/300 1352/45/300 1347/45/300 1346/45/300 1345/45/300 1344/45/300 1339/45/300 1338/45/300 1337/45/300 1336/45/300 1330/45/300
f 1285/45/674 1287/45/674 1282/45/674 1284/45/674
f 1286/45/675 1289/45/675 1287/45/675 1285/45/675
f 1287/45/302 1289/45/302 1290/45/302 1291/45/302 1295/45/302 1359/45/302 1364/45/302 1365/45/302 1366/45/302 1367/45/302 1288/45/302
f 1292/45/676 1290/45/676 1289/45/676 1286/45/676
f 1293/45/677 1291/45/677 1290/45/677 1292/45/677
f 1294/45/678 1295/45/678 1291/45/678 1293/45/678
f 1296/45/679 1298/45/679 1295/45/679 1294/45/679
f 1297/45/680 1299/45/680 1298/45/680 1296/45/680
f 1302/45/681 1300/45/681 1299/45/681 1297/45/681
f 1303/45/682 1301/45/682 1300/45/682 1302/45/682
f 1304/45/683 1306/45/683 1301/45/683 1303/45/683
f 1305/45/684 1307/45/684 1306/45/684 1304/45/684
f 1310/45/685 1308/45/685 1307/45/685 1305/45/685
f 1311/45/686 1309/45/686 1308/45/686 1310/45/686
f 1312/45/687 1314/45/687 1309/45/687 1311/45/687
f 1313/45/688 1315/45/688 1314/45/688 1312/45/688
f 1318/45/689 1316/45/689 1315/45/689 1313/45/689
f 1319/45/690 1317/45/690 1316/45/690 1318/45/690
f 1320/45/691 1322/45/691 1317/45/691 1319/45/691
f 1321/45/692 1323/45/692 1322/45/692 1320/45/692
f 1326/45/693 1324/45/693 1323/45/693 1321/45/693
f 1327/45/694 1325/45/694 1324/45/694 1326/45/694
f 1331/45/678 1332/45/678 1329/45/678 1328/45/678
f 1333/45/695 1331/45/695 1328/45/695 1330/45/695
f 1334/45/676 1333/45/676 1330/45/676 1336/45/676
f 1335/45/696 1334/45/696 1336/45/696 1337/45/696
f 1340/45/674 1335/45/674 1337/45/674 1338/45/674
f 1341/45/697 1340/45/697 1338/45/697 1339/45/697
f 1342/45/698 1341/45/698 1339/45/698 1344/45/698
f 1343/45/699 1342/45/699 1344/45/699 1345/45/699
f 1348/45/669 1343/45/669 1345/45/669 1346/45/669
f 1349/45/700 1348/45/700 1346/45/700 1347/45/700
f 1350/45/701 1349/45/701 1347/45/701 1352/45/701
f 1351/45/702 1350/45/702 1352/45/702 1353/45/702
f 1356/45/703 1351/45/703 1353/45/703 1354/45/703
f 1355/45/704 1357/45/704 1356/45/704 1354/45/704
f 1360/45/705 1358/45/705 1357/45/705 1355/45/705
f 1361/45/706 1359/45/706 1358/45/706 1360/45/706
f 1362/45/694 1364/45/694 1359/45/694 1361/45/694
f 1363/45/707 1365/45/707 1364/45/707 1362/45/707
f 1368/45/692 1366/45/692 1365/45/692 1363/45/692
f 1369/45/708 1367/45/708 1366/45/708 1368/45/708
f 1370/45/709 1372/45/709 1288/45/709 1367/45/709 1369/45/709
f 1371/45/710 1373/45/710 1372/45/710 1370/45/710
f 1375/45/711 1374/45/711 1373/45/711 1371/45/711
f 1377/45/712 1376/45/712 1374/45/712 1375/45/712
f 1380/45/686 1378/45/686 1376/45/686 1377/45/686
f 1381/45/713 1379/45/713 1378/45/713 1380/45/713
f 1382/45/714 1383/45/714 1379/45/714 1381/45/714
f 1384/45/715 1386/45/715 1383/45/715 1382/45/715
f 1385/45/682 1387/45/682 1386/45/682 1384/45/682
f 1388/45/716 1387/45/716 1385/45/716 1390/45/716
f 1389/45/680 1388/45/680 1390/45/680 1391/45/680
f 1332/45/717 1389/45/717 1391/45/717 1329/45/717
f 1392/45/718 1394/45/718 1325/45/718 1327/45/718
f 1393/45/719 1395/45/719 1394/45/719 1392/45/719
f 1398/45/720 1396/45/720 1395/45/720 1393/45/720
f 1399/45/721 1397/45/721 1396/45/721 1398/45/721
f 1400/45/722 1401/45/722 1397/45/722 1399/45/722
f 1275/45/723 1277/45/723 1401/45/723 1400/45/723
f 1403/45/669 1407/45/669 1405/45/669 1402/45/669
f 1487/45/300 1403/45/300 1402/45/300 1404/45/300 1467/45/300 1466/45/300 1461/45/300 1460/45/300 1459/45/300 1458/45/300 1453/45/300 1468/45/300 1471/45/300 1472/45/300 1477/45/300 1478/45/300 1479/45/300 1480/45/300 1485/45/300 1486/45/300
f 1402/45/670 1405/45/670 1406/45/670 1404/45/670
f 1457/45/302 1462/45/302 1463/45/302 1464/45/302 1465/45/302 1406/45/302 1405/45/302 1407/45/302 1408/45/302 1410/45/302 1411/45/302 1416/45/302 1417/45/302 1492/45/302 1491/45/302 1490/45/302 1489/45/302 1484/45/302 1483/45/302 1482/45/302 1481/45/302 1476/45/302 1475/45/302 1474/45/302 1473/45/302 1470/45/302 1530/45/302 1527/45/302 1526/45/302 1525/45/302 1524/45/302 1519/45/302 1518/45/302 1517/45/302 1516/45/302 1511/45/302 1510/45/302 1509/45/302 1508/45/302 1505/45/302 1424/45/302 1423/45/302 1425/45/302 1430/45/302 1431/45/302 1432/45/302 1433/45/302 1438/45/302 1439/45/302 1440/45/302 1441/45/302 1446/45/302 1447/45/302 1448/45/302 1449/45/302 1454/45/302 1455/45/302 1456/45/302
f 1409/45/671 1408/45/671 1407/45/671 1403/45/671
f 1412/45/672 1410/45/672 1408/45/672 1409/45/672
f 1413/45/673 1411/45/673 1410/45/673 1412/45/673
f 1468/45/300 1453/45/300 1452/45/300 1451/45/300 1450/45/300 1445/45/300 1444/45/300 1443/45/300 1442/45/300 1437/45/300 1436/45/300 1435/45/300 1434/45/300 1429/45/300 1428/45/300 1427/45/300 1426/45/300 1422/45/300 1420/45/300 1415/45/300 1414/45/300 1413/45/300 1412/45/300 1409/45/300 1403/45/300 1487/45/300 1488/45/300 1493/45/300 1494/45/300 1495/45/300 1497/45/300 1499/45/300 1500/45/300 1503/45/300 1504/45/300 1506/45/300 1507/45/300 1512/45/300 1513/45/300 1514/45/300 1515/45/300 1520/45/300 1521/45/300 1522/45/300 1523/45/300 1528/45/300 1529/45/300 1469/45/300
f 1414/45/674 1416/45/674 1411/45/674 1413/45/674
f 1415/45/675 1418/45/675 1416/45/675 1414/45/675
f 1416/45/302 1418/45/302 1419/45/302 1421/45/302 1423/45/302 1424/45/302 1502/45/302 1501/45/302 1498/45/302 1496/45/302 1417/45/302
f 1420/45/676 1419/45/676 1418/45/676 1415/45/676
f 1422/45/724 1421/45/724 1419/45/724 1420/45/724
f 1426/45/678 1423/45/678 1421/45/678 1422/45/678
f 1427/45/679 1425/45/679 1423/45/679 1426/45/679
f 1428/45/680 1430/45/680 1425/45/680 1427/45/680
f 1429/45/681 1431/45/681 1430/45/681 1428/45/681
f 1434/45/682 1432/45/682 1431/45/682 1429/45/682
f 1435/45/683 1433/45/683 1432/45/683 1434/45/683
f 1436/45/684 1438/45/684 1433/45/684 1435/45/684
f 1437/45/685 1439/45/685 1438/45/685 1436/45/685
f 1442/45/686 1440/45/686 1439/45/686 1437/45/686
f 1443/45/687 1441/45/687 1440/45/687 1442/45/687
f 1444/45/688 1446/45/688 1441/45/688 1443/45/688
f 1445/45/725 1447/45/725 1446/45/725 1444/45/725
f 1450/45/690 1448/45/690 1447/45/690 1445/45/690
f 1451/45/726 1449/45/726 1448/45/726 1450/45/726
f 1452/45/692 1454/45/692 1449/45/692 1451/45/692
f 1453/45/693 1455/45/693 1454/45/693 1452/45/693
f 1458/45/694 1456/45/694 1455/45/694 1453/45/694
f 1459/45/718 1457/45/718 1456/45/718 1458/45/718
f 1460/45/719 1462/45/719 1457/45/719 1459/45/719
f 1461/45/720 1463/45/720 1462/45/720 1460/45/720
f 1466/45/721 1464/45/721 1463/45/721 1461/45/721
f 1467/45/722 1465/45/722 1464/45/722 1466/45/722
f 1404/45/723 1406/45/723 1465/45/723 1467/45/723
f 1530/45/695 1470/45/695 1468/45/695 1469/45/695
f 1470/45/678 1473/45/678 1471/45/678 1468/45/678
f 1473/45/717 1474/45/717 1472/45/717 1471/45/717
f 1474/45/727 1475/45/727 1477/45/727 1472/45/727
f 1475/45/716 1476/45/716 1478/45/716 1477/45/716
f 1478/45/728 1476/45/728 1481/45/728 1479/45/728
f 1479/45/715 1481/45/715 1482/45/715 1480/45/715
f 1480/45/714 1482/45/714 1483/45/714 1485/45/714
f 1485/45/729 1483/45/729 1484/45/729 1486/45/729
f 1486/45/686 1484/45/686 1489/45/686 1487/45/686
f 1487/45/712 1489/45/712 1490/45/712 1488/45/712
f 1488/45/711 1490/45/711 1491/45/711 1493/45/711
f 1493/45/710 1491/45/710 1492/45/710 1494/45/710
f 1494/45/709 1492/45/709 1417/45/709 1496/45/709 1495/45/709
f 1495/45/708 1496/45/708 1498/45/708 1497/45/708
f 1497/45/692 1498/45/692 1501/45/692 1499/45/692
f 1499/45/730 1501/45/730 1502/45/730 1500/45/730
f 1500/45/694 1502/45/694 1424/45/694 1503/45/694
f 1503/45/706 1424/45/706 1505/45/706 1504/45/706
f 1504/45/705 1505/45/705 1508/45/705 1506/45/705
f 1506/45/704 1508/45/704 1509/45/704 1507/45/704
f 1509/45/703 1510/45/703 1512/45/703 1507/45/703
f 1510/45/702 1511/45/702 1513/45/702 1512/45/702
f 1511/45/701 1516/45/701 1514/45/701 1513/45/701
f 1516/45/700 1517/45/700 1515/45/700 1514/45/700
f 1517/45/669 1518/45/669 1520/45/669 1515/45/669
f 1518/45/699 1519/45/699 1521/45/699 1520/45/699
f 1519/45/731 1524/45/731 1522/45/731 1521/45/731
f 1524/45/697 1525/45/697 1523/45/697 1522/45/697
f 1525/45/674 1526/45/674 1528/45/674 1523/45/674
f 1526/45/732 1527/45/732 1529/45/732 1528/45/732
f 1527/45/676 1530/45/676 1469/45/676 1529/45/676
f 1532/45/301 1535/45/301 1534/45/301 1531/45/301
f 1531/45/300 1533/45/300 1568/45/300 1532/45/300
f 1534/45/81 1536/45/81 1533/45/81 1531/45/81
f 1535/45/301 1540/45/301 1537/45/301 1534/45/301
f 1537/45/81 1538/45/81 1536/45/81 1534/45/81
f 1539/45/81 1614/45/81 1538/45/81 1537/45/81
f 1540/45/301 1542/45/301 1539/45/301 1537/45/301
f 1562/45/301 1541/45/301 1540/45/301 1535/45/301
f 1541/45/301 1543/45/301 1542/45/301 1540/45/301
f 1542/45/301 1544/45/301 1545/45/301 1539/45/301
f 1543/45/301 1547/45/301 1544/45/301 1542/45/301
f 1544/45/302 1546/45/302 1616/45/302 1545/45/302
f 1547/45/302 1548/45/302 1546/45/302 1544/45/302
f 1549/45/302 1550/45/302 1548/45/302 1547/45/302
f 1552/45/301 1549/45/301 1547/45/301 1543/45/301
f 1551/45/302 1597/45/302 1550/45/302 1549/45/302
f 1554/45/301 1551/45/301 1549/45/301 1552/45/301
f 1556/45/301 1554/45/301 1552/45/301 1553/45/301
f 1553/45/301 1552/45/301 1543/45/301 1541/45/301
f 1554/45/262 1555/45/262 1597/45/262 1551/45/262
f 1556/45/262 1557/45/262 1555/45/262 1554/45/262
f 1558/45/262 1559/45/262 1557/45/262 1556/45/262
f 1558/45/301 1556/45/301 1553/45/301 1561/45/301
f 1560/45/262 1626/45/262 1559/45/262 1558/45/262
f 1560/45/301 1558/45/301 1561/45/301 1563/45/301
f 1561/45/301 1553/45/301 1541/45/301 1562/45/301
f 1563/45/301 1561/45/301 1562/45/301 1565/45/301
f 1563/45/300 1564/45/300 1626/45/300 1560/45/300
f 1565/45/300 1566/45/300 1564/45/300 1563/45/300
f 1532/45/300 1568/45/300 1566/45/300 1565/45/300
f 1565/45/301 1562/45/301 1535/45/301 1532/45/301
f 1568/45/300 1569/45/300 1567/45/300 1566/45/300
f 1566/45/300 1567/45/300 1627/45/300 1564/45/300
f 1533/45/300 1570/45/300 1569/45/300 1568/45/300
f 1570/45/300 1573/45/300 1571/45/300 1569/45/300
f 1569/45/300 1571/45/300 1572/45/300 1567/45/300
f 1571/45/300 1574/45/300 1575/45/300 1572/45/300
f 1573/45/300 1576/45/300 1574/45/300 1571/45/300
f 1580/45/303 1575/45/303 1574/45/303 1577/45/303
f 1577/45/303 1574/45/303 1576/45/303 1578/45/303
f 1579/45/303 1577/45/303 1578/45/303 1607/45/303
f 1582/45/303 1580/45/303 1577/45/303 1579/45/303
f 1581/45/303 1628/45/303 1575/45/303 1580/45/303
f 1584/45/303 1581/45/303 1580/45/303 1582/45/303
f 1583/45/303 1582/45/303 1579/45/303 1605/45/303
f 1586/45/303 1584/45/303 1582/45/303 1583/45/303
f 1587/45/303 1585/45/303 1584/45/303 1586/45/303
f 1585/45/303 1621/45/303 1581/45/303 1584/45/303
f 1588/45/303 1586/45/303 1583/45/303 1589/45/303
f 1591/45/303 1587/45/303 1586/45/303 1588/45/303
f 1590/45/302 1588/45/302 1589/45/302 1600/45/302
f 1592/45/302 1591/45/302 1588/45/302 1590/45/302
f 1593/45/262 1587/45/262 1591/45/262 1592/45/262
f 1595/45/262 1593/45/262 1592/45/262 1594/45/262
f 1594/45/302 1592/45/302 1590/45/302 1596/45/302
f 1555/45/262 1595/45/262 1594/45/262 1597/45/262
f 1597/45/302 1594/45/302 1596/45/302 1550/45/302
f 1596/45/302 1590/45/302 1600/45/302 1598/45/302
f 1550/45/302 1596/45/302 1598/45/302 1548/45/302
f 1598/45/302 1600/45/302 1601/45/302 1599/45/302
f 1548/45/302 1598/45/302 1599/45/302 1546/45/302
f 1600/45/302 1589/45/302 1603/45/302 1601/45/302
f 1599/45/302 1601/45/302 1602/45/302 1615/45/302
f 1601/45/302 1603/45/302 1604/45/302 1602/45/302
f 1603/45/303 1605/45/303 1606/45/303 1604/45/303
f 1589/45/303 1583/45/303 1605/45/303 1603/45/303
f 1605/45/303 1579/45/303 1607/45/303 1606/45/303
f 1608/45/81 1606/45/81 1607/45/81 1610/45/81
f 1602/45/81 1604/45/81 1606/45/81 1608/45/81
f 1615/45/81 1602/45/81 1608/45/81 1609/45/81
f 1609/45/81 1608/45/81 1610/45/81 1612/45/81
f 1612/45/81 1610/45/81 1611/45/81 1613/45/81
f 1610/45/81 1607/45/81 1578/45/81 1611/45/81
f 1538/45/81 1612/45/81 1613/45/81 1536/45/81
f 1614/45/81 1609/45/81 1612/45/81 1538/45/81
f 1613/45/81 1611/45/81 1573/45/81 1570/45/81
f 1536/45/81 1613/45/81 1570/45/81 1533/45/81
f 1611/45/81 1578/45/81 1576/45/81 1573/45/81
f 1616/45/81 1615/45/81 1609/45/81 1614/45/81
f 1546/45/302 1599/45/302 1615/45/302 1616/45/302
f 1545/45/81 1616/45/81 1614/45/81 1539/45/81
f 1557/45/262 1617/45/262 1595/45/262 1555/45/262
f 1617/45/262 1619/45/262 1593/45/262 1595/45/262
f 1559/45/262 1618/45/262 1617/45/262 1557/45/262
f 1618/45/262 1620/45/262 1619/45/262 1617/45/262
f 1619/45/262 1585/45/262 1587/45/262 1593/45/262
f 1620/45/262 1621/45/262 1585/45/262 1619/45/262
f 1625/45/262 1622/45/262 1620/45/262 1618/45/262
f 1622/45/262 1623/45/262 1621/45/262 1620/45/262
f 1624/45/300 1628/45/300 1623/45/300 1622/45/300
f 1627/45/300 1624/45/300 1622/45/300 1625/45/300
f 1626/45/262 1625/45/262 1618/45/262 1559/45/262
f 1564/45/300 1627/45/300 1625/45/300 1626/45/300
f 1567/45/300 1572/45/300 1624/45/300 1627/45/300
f 1572/45/300 1575/45/300 1628/45/300 1624/45/300
f 1621/45/303 1623/45/303 1628/45/303 1581/45/303
f 1629/45/300 1631/45/300 1662/45/300 1630/45/300
f 1630/45/301 1633/45/301 1632/45/301 1629/45/301
f 1632/45/81 1634/45/81 1631/45/81 1629/45/81
f 1633/45/301 1638/45/301 1635/45/301 1632/45/301
f 1635/45/81 1636/45/81 1634/45/81 1632/45/81
f 1637/45/81 1678/45/81 1636/45/81 1635/45/81
f 1638/45/301 1640/45/301 1637/45/301 1635/45/301
f 1656/45/301 1639/45/301 1638/45/301 1633/45/301
f 1639/45/301 1642/45/301 1640/45/301 1638/45/301
f 1642/45/301 1643/45/301 1641/45/301 1640/45/301
f 1640/45/301 1641/45/301 1682/45/301 1637/45/301
f 1646/45/301 1644/45/301 1642/45/301 1639/45/301
f 1644/45/301 1645/45/301 1643/45/301 1642/45/301
f 1647/45/301 1648/45/301 1645/45/301 1644/45/301
f 1650/45/301 1647/45/301 1644/45/301 1646/45/301
f 1647/45/262 1649/45/262 1688/45/262 1648/45/262
f 1650/45/262 1651/45/262 1649/45/262 1647/45/262
f 1652/45/262 1653/45/262 1651/45/262 1650/45/262
f 1652/45/301 1650/45/301 1646/45/301 1655/45/301
f 1654/45/262 1705/45/262 1653/45/262 1652/45/262
f 1654/45/301 1652/45/301 1655/45/301 1657/45/301
f 1657/45/301 1655/45/301 1656/45/301 1659/45/301
f 1655/45/301 1646/45/301 1639/45/301 1656/45/301
f 1657/45/300 1658/45/300 1705/45/300 1654/45/300
f 1659/45/300 1660/45/300 1658/45/300 1657/45/300
f 1630/45/300 1662/45/300 1660/45/300 1659/45/300
f 1659/45/301 1656/45/301 1633/45/301 1630/45/301
f 1660/45/300 1661/45/300 1704/45/300 1658/45/300
f 1662/45/300 1663/45/300 1661/45/300 1660/45/300
f 1631/45/300 1665/45/300 1663/45/300 1662/45/300
f 1663/45/300 1664/45/300 1708/45/300 1661/45/300
f 1665/45/300 1667/45/300 1664/45/300 1663/45/300
f 1634/45/81 1666/45/81 1665/45/81 1631/45/81
f 1666/45/81 1669/45/81 1667/45/81 1665/45/81
f 1667/45/300 1668/45/300 1710/45/300 1664/45/300
f 1669/45/81 1670/45/81 1668/45/81 1667/45/81
f 1671/45/81 1673/45/81 1670/45/81 1669/45/81
f 1672/45/81 1671/45/81 1669/45/81 1666/45/81
f 1677/45/81 1674/45/81 1671/45/81 1672/45/81
f 1674/45/81 1675/45/81 1673/45/81 1671/45/81
f 1676/45/81 1719/45/81 1675/45/81 1674/45/81
f 1679/45/81 1676/45/81 1674/45/81 1677/45/81
f 1678/45/81 1677/45/81 1672/45/81 1636/45/81
f 1681/45/81 1679/45/81 1677/45/81 1678/45/81
f 1683/45/302 1680/45/302 1679/45/302 1681/45/302
f 1680/45/302 1720/45/302 1676/45/302 1679/45/302
f 1682/45/81 1681/45/81 1678/45/81 1637/45/81
f 1641/45/302 1683/45/302 1681/45/302 1682/45/302
f 1643/45/302 1684/45/302 1683/45/302 1641/45/302
f 1684/45/302 1685/45/302 1680/45/302 1683/45/302
f 1645/45/302 1686/45/302 1684/45/302 1643/45/302
f 1686/45/302 1687/45/302 1685/45/302 1684/45/302
f 1648/45/302 1688/45/302 1686/45/302 1645/45/302
f 1688/45/302 1689/45/302 1687/45/302 1686/45/302
f 1649/45/262 1690/45/262 1689/45/262 1688/45/262
f 1689/45/302 1691/45/302 1692/45/302 1687/45/302
f 1690/45/262 1694/45/262 1691/45/262 1689/45/262
f 1691/45/302 1693/45/302 1722/45/302 1692/45/302
f 1694/45/262 1695/45/262 1693/45/262 1691/45/262
f 1696/45/262 1698/45/262 1695/45/262 1694/45/262
f 1697/45/262 1696/45/262 1694/45/262 1690/45/262
f 1702/45/262 1699/45/262 1696/45/262 1697/45/262
f 1699/45/262 1700/45/262 1698/45/262 1696/45/262
f 1701/45/262 1726/45/262 1700/45/262 1699/45/262
f 1703/45/262 1701/45/262 1699/45/262 1702/45/262
f 1653/45/262 1702/45/262 1697/45/262 1651/45/262
f 1705/45/262 1703/45/262 1702/45/262 1653/45/262
f 1658/45/300 1704/45/300 1703/45/300 1705/45/300
f 1704/45/300 1706/45/300 1701/45/300 1703/45/300
f 1661/45/300 1708/45/300 1706/45/300 1704/45/300
f 1706/45/300 1707/45/300 1726/45/300 1701/45/300
f 1708/45/300 1709/45/300 1707/45/300 1706/45/300
f 1664/45/300 1710/45/300 1709/45/300 1708/45/300
f 1711/45/303 1709/45/303 1710/45/303 1714/45/303
f 1712/45/303 1707/45/303 1709/45/303 1711/45/303
f 1725/45/303 1712/45/303 1711/45/303 1713/45/303
f 1713/45/303 1711/45/303 1714/45/303 1715/45/303
f 1714/45/303 1710/45/303 1668/45/303 1670/45/303
f 1715/45/303 1714/45/303 1670/45/303 1673/45/303
f 1716/45/303 1715/45/303 1673/45/303 1675/45/303
f 1717/45/303 1713/45/303 1715/45/303 1716/45/303
f 1718/45/303 1716/45/303 1675/45/303 1719/45/303
f 1721/45/303 1717/45/303 1716/45/303 1718/45/303
f 1720/45/302 1718/45/302 1719/45/302 1676/45/302
f 1723/45/302 1721/45/302 1718/45/302 1720/45/302
f 1692/45/302 1722/45/302 1721/45/302 1723/45/302
f 1722/45/303 1724/45/303 1717/45/303 1721/45/303
f 1685/45/302 1723/45/302 1720/45/302 1680/45/302
f 1687/45/302 1692/45/302 1723/45/302 1685/45/302
f 1693/45/303 1695/45/303 1724/45/303 1722/45/303
f 1695/45/303 1698/45/303 1725/45/303 1724/45/303
f 1724/45/303 1725/45/303 1713/45/303 1717/45/303
f 1698/45/303 1700/45/303 1712/45/303 1725/45/303
f 1700/45/303 1726/45/303 1707/45/303 1712/45/303
f 1651/45/262 1697/45/262 1690/45/262 1649/45/262
f 1636/45/81 1672/45/81 1666/45/81 1634/45/81
s 0
f 1731/45/304 1727/45/304 1728/45/304 1733/45/304
f 1727/45/305 1729/45/305 2297/45/305 1728/45/305
f 1730/45/306 2298/45/306 1729/45/306 1727/45/306
f 1734/45/307 1730/45/307 1727/45/307 1731/45/307
f 1736/45/308 1734/45/308 1731/45/308 1732/45/308
f 1732/45/309 1731/45/309 1733/45/309 1746/45/309
f 1735/45/310 2301/45/310 1730/45/310 1734/45/310
f 1737/45/311 1735/45/311 1734/45/311 1736/45/311
f 1739/45/312 1737/45/312 1736/45/312 1738/45/312
f 1738/45/313 1736/45/313 1732/45/313 1741/45/313
f 1781/45/314 1739/45/314 1738/45/314 1740/45/314
f 1740/45/315 1738/45/315 1741/45/315 1742/45/315
f 1742/45/316 1741/45/316 1743/45/316 1744/45/316
f 1741/45/317 1732/45/317 1746/45/317 1743/45/317
f 1744/45/318 1743/45/318 1745/45/318 1793/45/318
f 1743/45/593 1746/45/593 1747/45/593 1745/45/593
f 1746/45/320 1733/45/320 1749/45/320 1747/45/320
f 1745/45/321 1747/45/321 1748/45/321 1796/45/321
f 1747/45/322 1749/45/322 1750/45/322 1748/45/322
f 1733/45/323 1728/45/323 1751/45/323 1749/45/323
f 1749/45/324 1751/45/324 1753/45/324 1750/45/324
f 1728/45/325 2297/45/325 1752/45/325 1751/45/325
f 1751/45/326 1752/45/326 1754/45/326 1753/45/326
f 1753/45/327 1754/45/327 1756/45/327 1755/45/327
f 1750/45/328 1753/45/328 1755/45/328 1758/45/328
f 1755/45/329 1756/45/329 2302/45/329 1757/45/329
f 1758/45/330 1755/45/330 1757/45/330 1760/45/330
f 1748/45/331 1750/45/331 1758/45/331 1759/45/331
f 1759/45/332 1758/45/332 1760/45/332 1761/45/332
f 1761/45/333 1760/45/333 1762/45/333 1763/45/333
f 1760/45/334 1757/45/334 1765/45/334 1762/45/334
f 1763/45/335 1762/45/335 1764/45/335 1804/45/335
f 1762/45/336 1765/45/336 1767/45/336 1764/45/336
f 1757/45/337 2302/45/337 1766/45/337 1765/45/337
f 1765/45/338 1766/45/338 1768/45/338 1767/45/338
f 1767/45/339 1768/45/339 1770/45/339 1769/45/339
f 1764/45/340 1767/45/340 1769/45/340 1772/45/340
f 1769/45/341 1770/45/341 2300/45/341 1771/45/341
f 1772/45/342 1769/45/342 1771/45/342 1774/45/342
f 1804/45/343 1764/45/343 1772/45/343 1773/45/343
f 1773/45/344 1772/45/344 1774/45/344 1775/45/344
f 1775/45/345 1774/45/345 1735/45/345 1737/45/345
f 1774/45/346 1771/45/346 2301/45/346 1735/45/346
f 1777/45/347 1773/45/347 1775/45/347 1776/45/347
f 1776/45/348 1775/45/348 1737/45/348 1739/45/348
f 1779/45/349 1777/45/349 1776/45/349 1778/45/349
f 1778/45/350 1776/45/350 1739/45/350 1781/45/350
f 1808/45/351 1779/45/351 1778/45/351 1780/45/351
f 1780/45/352 1778/45/352 1781/45/352 1782/45/352
f 1782/45/353 1781/45/353 1740/45/353 1784/45/353
f 1811/45/354 1780/45/354 1782/45/354 1783/45/354
f 1783/45/355 1782/45/355 1784/45/355 1785/45/355
f 1785/45/595 1784/45/595 1786/45/595 1787/45/595
f 1784/45/357 1740/45/357 1742/45/357 1786/45/357
f 1787/45/358 1786/45/358 1788/45/358 1789/45/358
f 1786/45/359 1742/45/359 1744/45/359 1788/45/359
f 1789/45/360 1788/45/360 1790/45/360 1791/45/360
f 1788/45/361 1744/45/361 1793/45/361 1790/45/361
f 1791/45/362 1790/45/362 1792/45/362 1827/45/362
f 1790/45/363 1793/45/363 1794/45/363 1792/45/363
f 1793/45/364 1745/45/364 1796/45/364 1794/45/364
f 1792/45/365 1794/45/365 1795/45/365 1830/45/365
f 1794/45/366 1796/45/366 1797/45/366 1795/45/366
f 1796/45/367 1748/45/367 1759/45/367 1797/45/367
f 1795/45/368 1797/45/368 1798/45/368 1799/45/368
f 1797/45/369 1759/45/369 1761/45/369 1798/45/369
f 1799/45/370 1798/45/370 1800/45/370 1801/45/370
f 1798/45/371 1761/45/371 1763/45/371 1800/45/371
f 1801/45/372 1800/45/372 1802/45/372 1803/45/372
f 1800/45/373 1763/45/373 1804/45/373 1802/45/373
f 1803/45/374 1802/45/374 1777/45/374 1779/45/374
f 1802/45/592 1804/45/592 1773/45/592 1777/45/592
f 1806/45/376 1801/45/376 1803/45/376 1805/45/376
f 1805/45/377 1803/45/377 1779/45/377 1808/45/377
f 1833/45/378 1806/45/378 1805/45/378 1807/45/378
f 1807/45/379 1805/45/379 1808/45/379 1809/45/379
f 1809/45/380 1808/45/380 1780/45/380 1811/45/380
f 1836/45/381 1807/45/381 1809/45/381 1810/45/381
f 1810/45/382 1809/45/382 1811/45/382 1812/45/382
f 1812/45/383 1811/45/383 1783/45/383 1814/45/383
f 1839/45/384 1810/45/384 1812/45/384 1813/45/384
f 1813/45/385 1812/45/385 1814/45/385 1815/45/385
f 1815/45/386 1814/45/386 1816/45/386 1817/45/386
f 1814/45/387 1783/45/387 1785/45/387 1816/45/387
f 1817/45/388 1816/45/388 1818/45/388 1819/45/388
f 1816/45/733 1785/45/733 1787/45/733 1818/45/733
f 1819/45/390 1818/45/390 1820/45/390 1821/45/390
f 1818/45/391 1787/45/391 1789/45/391 1820/45/391
f 1821/45/392 1820/45/392 1822/45/392 1823/45/392
f 1820/45/393 1789/45/393 1791/45/393 1822/45/393
f 1823/45/394 1822/45/394 1824/45/394 1825/45/394
f 1822/45/395 1791/45/395 1827/45/395 1824/45/395
f 1825/45/396 1824/45/396 1826/45/396 1859/45/396
f 1824/45/599 1827/45/599 1828/45/599 1826/45/599
f 1827/45/398 1792/45/398 1830/45/398 1828/45/398
f 1826/45/399 1828/45/399 1829/45/399 1832/45/399
f 1828/45/400 1830/45/400 1831/45/400 1829/45/400
f 1830/45/401 1795/45/401 1799/45/401 1831/45/401
f 1829/45/734 1831/45/734 1806/45/734 1833/45/734
f 1831/45/403 1799/45/403 1801/45/403 1806/45/403
f 1832/45/735 1829/45/735 1833/45/735 1834/45/735
f 1834/45/405 1833/45/405 1807/45/405 1836/45/405
f 1860/45/406 1832/45/406 1834/45/406 1835/45/406
f 1835/45/407 1834/45/407 1836/45/407 1837/45/407
f 1837/45/408 1836/45/408 1810/45/408 1839/45/408
f 1862/45/409 1835/45/409 1837/45/409 1838/45/409
f 1838/45/410 1837/45/410 1839/45/410 1840/45/410
f 1840/45/411 1839/45/411 1813/45/411 1842/45/411
f 1865/45/412 1838/45/412 1840/45/412 1841/45/412
f 1841/45/413 1840/45/413 1842/45/413 1843/45/413
f 1843/45/414 1842/45/414 1844/45/414 1845/45/414
f 1842/45/415 1813/45/415 1815/45/415 1844/45/415
f 1845/45/416 1844/45/416 1846/45/416 1847/45/416
f 1844/45/417 1815/45/417 1817/45/417 1846/45/417
f 1847/45/418 1846/45/418 1848/45/418 1849/45/418
f 1846/45/419 1817/45/419 1819/45/419 1848/45/419
f 1849/45/420 1848/45/420 1850/45/420 1851/45/420
f 1848/45/421 1819/45/421 1821/45/421 1850/45/421
f 1851/45/422 1850/45/422 1852/45/422 1853/45/422
f 1850/45/423 1821/45/423 1823/45/423 1852/45/423
f 1853/45/424 1852/45/424 1854/45/424 1855/45/424
f 1852/45/425 1823/45/425 1825/45/425 1854/45/425
f 1855/45/426 1854/45/426 1856/45/426 1857/45/426
f 1854/45/427 1825/45/427 1859/45/427 1856/45/427
f 1857/45/428 1856/45/428 1858/45/428 1861/45/428
f 1856/45/429 1859/45/429 1860/45/429 1858/45/429
f 1859/45/430 1826/45/430 1832/45/430 1860/45/430
f 1858/45/431 1860/45/431 1835/45/431 1862/45/431
f 1861/45/432 1858/45/432 1862/45/432 1863/45/432
f 1863/45/433 1862/45/433 1838/45/433 1865/45/433
f 1886/45/434 1861/45/434 1863/45/434 1864/45/434
f 1864/45/435 1863/45/435 1865/45/435 1866/45/435
f 1866/45/436 1865/45/436 1841/45/436 1868/45/436
f 1889/45/437 1864/45/437 1866/45/437 1867/45/437
f 1867/45/438 1866/45/438 1868/45/438 1869/45/438
f 1869/45/439 1868/45/439 1870/45/439 1871/45/439
f 1868/45/440 1841/45/440 1843/45/440 1870/45/440
f 1871/45/441 1870/45/441 1872/45/441 1873/45/441
f 1870/45/442 1843/45/442 1845/45/442 1872/45/442
f 1873/45/443 1872/45/443 1874/45/443 1875/45/443
f 1872/45/444 1845/45/444 1847/45/444 1874/45/444
f 1875/45/445 1874/45/445 1876/45/445 1877/45/445
f 1874/45/446 1847/45/446 1849/45/446 1876/45/446
f 1877/45/447 1876/45/447 1878/45/447 1879/45/447
f 1876/45/448 1849/45/448 1851/45/448 1878/45/448
f 1879/45/449 1878/45/449 1880/45/449 1881/45/449
f 1878/45/450 1851/45/450 1853/45/450 1880/45/450
f 1881/45/736 1880/45/736 1882/45/736 1883/45/736
f 1880/45/452 1853/45/452 1855/45/452 1882/45/452
f 1883/45/453 1882/45/453 1884/45/453 1885/45/453
f 1882/45/454 1855/45/454 1857/45/454 1884/45/454
f 1885/45/455 1884/45/455 1886/45/455 1887/45/455
f 1884/45/456 1857/45/456 1861/45/456 1886/45/456
f 1887/45/457 1886/45/457 1864/45/457 1889/45/457
f 1910/45/458 1885/45/458 1887/45/458 1888/45/458
f 1888/45/459 1887/45/459 1889/45/459 1890/45/459
f 1890/45/460 1889/45/460 1867/45/460 1892/45/460
f 1913/45/461 1888/45/461 1890/45/461 1891/45/461
f 1891/45/462 1890/45/462 1892/45/462 1893/45/462
f 1893/45/463 1892/45/463 1894/45/463 1895/45/463
f 1892/45/464 1867/45/464 1869/45/464 1894/45/464
f 1895/45/465 1894/45/465 1896/45/465 1897/45/465
f 1894/45/466 1869/45/466 1871/45/466 1896/45/466
f 1897/45/467 1896/45/467 1898/45/467 1899/45/467
f 1896/45/468 1871/45/468 1873/45/468 1898/45/468
f 1899/45/469 1898/45/469 1900/45/469 1901/45/469
f 1898/45/470 1873/45/470 1875/45/470 1900/45/470
f 1901/45/471 1900/45/471 1902/45/471 1903/45/471
f 1900/45/472 1875/45/472 1877/45/472 1902/45/472
f 1903/45/473 1902/45/473 1904/45/473 1905/45/473
f 1902/45/474 1877/45/474 1879/45/474 1904/45/474
f 1905/45/475 1904/45/475 1906/45/475 1907/45/475
f 1904/45/476 1879/45/476 1881/45/476 1906/45/476
f 1907/45/477 1906/45/477 1908/45/477 1909/45/477
f 1906/45/478 1881/45/478 1883/45/478 1908/45/478
f 1909/45/479 1908/45/479 1910/45/479 1911/45/479
f 1908/45/480 1883/45/480 1885/45/480 1910/45/480
f 1911/45/481 1910/45/481 1888/45/481 1913/45/481
f 1934/45/482 1909/45/482 1911/45/482 1912/45/482
f 1912/45/483 1911/45/483 1913/45/483 1914/45/483
f 1914/45/484 1913/45/484 1891/45/484 1916/45/484
f 1937/45/485 1912/45/485 1914/45/485 1915/45/485
f 1915/45/486 1914/45/486 1916/45/486 1917/45/486
f 1917/45/487 1916/45/487 1918/45/487 1919/45/487
f 1916/45/488 1891/45/488 1893/45/488 1918/45/488
f 1919/45/489 1918/45/489 1920/45/489 1921/45/489
f 1918/45/490 1893/45/490 1895/45/490 1920/45/490
f 1921/45/491 1920/45/491 1922/45/491 1923/45/491
f 1920/45/492 1895/45/492 1897/45/492 1922/45/492
f 1923/45/493 1922/45/493 1924/45/493 1925/45/493
f 1922/45/494 1897/45/494 1899/45/494 1924/45/494
f 1925/45/495 1924/45/495 1926/45/495 1927/45/495
f 1924/45/496 1899/45/496 1901/45/496 1926/45/496
f 1927/45/497 1926/45/497 1928/45/497 1929/45/497
f 1926/45/498 1901/45/498 1903/45/498 1928/45/498
f 1929/45/499 1928/45/499 1930/45/499 1931/45/499
f 1928/45/500 1903/45/500 1905/45/500 1930/45/500
f 1931/45/501 1930/45/501 1932/45/501 1933/45/501
f 1930/45/502 1905/45/502 1907/45/502 1932/45/502
f 1933/45/503 1932/45/503 1934/45/503 1935/45/503
f 1932/45/504 1907/45/504 1909/45/504 1934/45/504
f 1935/45/604 1934/45/604 1912/45/604 1937/45/604
f 1958/45/506 1933/45/506 1935/45/506 1936/45/506
f 1936/45/605 1935/45/605 1937/45/605 1938/45/605
f 1938/45/508 1937/45/508 1915/45/508 1940/45/508
f 1961/45/509 1936/45/509 1938/45/509 1939/45/509
f 1939/45/510 1938/45/510 1940/45/510 1941/45/510
f 1941/45/611 1940/45/611 1942/45/611 1943/45/611
f 1940/45/512 1915/45/512 1917/45/512 1942/45/512
f 1943/45/513 1942/45/513 1944/45/513 1945/45/513
f 1942/45/514 1917/45/514 1919/45/514 1944/45/514
f 1945/45/515 1944/45/515 1946/45/515 1947/45/515
f 1944/45/516 1919/45/516 1921/45/516 1946/45/516
f 1947/45/517 1946/45/517 1948/45/517 1949/45/517
f 1946/45/610 1921/45/610 1923/45/610 1948/45/610
f 1949/45/519 1948/45/519 1950/45/519 1951/45/519
f 1948/45/737 1923/45/737 1925/45/737 1950/45/737
f 1951/45/521 1950/45/521 1952/45/521 1953/45/521
f 1950/45/522 1925/45/522 1927/45/522 1952/45/522
f 1953/45/523 1952/45/523 1954/45/523 1955/45/523
f 1952/45/524 1927/45/524 1929/45/524 1954/45/524
f 1955/45/607 1954/45/607 1956/45/607 1957/45/607
f 1954/45/526 1929/45/526 1931/45/526 1956/45/526
f 1957/45/527 1956/45/527 1958/45/527 1959/45/527
f 1956/45/528 1931/45/528 1933/45/528 1958/45/528
f 1959/45/529 1958/45/529 1936/45/529 1961/45/529
f 1982/45/530 1957/45/530 1959/45/530 1960/45/530
f 1960/45/531 1959/45/531 1961/45/531 1962/45/531
f 1962/45/532 1961/45/532 1939/45/532 1964/45/532
f 1985/45/533 1960/45/533 1962/45/533 1963/45/533
f 1963/45/534 1962/45/534 1964/45/534 1965/45/534
f 1965/45/535 1964/45/535 1966/45/535 1967/45/535
f 1964/45/536 1939/45/536 1941/45/536 1966/45/536
f 1967/45/537 1966/45/537 1968/45/537 1969/45/537
f 1966/45/738 1941/45/738 1943/45/738 1968/45/738
f 1969/45/539 1968/45/539 1970/45/539 1971/45/539
f 1968/45/540 1943/45/540 1945/45/540 1970/45/540
f 1971/45/541 1970/45/541 1972/45/541 1973/45/541
f 1970/45/542 1945/45/542 1947/45/542 1972/45/542
f 1973/45/543 1972/45/543 1974/45/543 1975/45/543
f 1972/45/544 1947/45/544 1949/45/544 1974/45/544
f 1975/45/545 1974/45/545 1976/45/545 1977/45/545
f 1974/45/546 1949/45/546 1951/45/546 1976/45/546
f 1977/45/547 1976/45/547 1978/45/547 1979/45/547
f 1976/45/548 1951/45/548 1953/45/548 1978/45/548
f 1979/45/549 1978/45/549 1980/45/549 1981/45/549
f 1978/45/550 1953/45/550 1955/45/550 1980/45/550
f 1981/45/551 1980/45/551 1982/45/551 1983/45/551
f 1980/45/612 1955/45/612 1957/45/612 1982/45/612
f 1983/45/553 1982/45/553 1960/45/553 1985/45/553
f 2006/45/554 1981/45/554 1983/45/554 1984/45/554
f 1984/45/555 1983/45/555 1985/45/555 1986/45/555
f 1986/45/556 1985/45/556 1963/45/556 1988/45/556
f 2009/45/557 1984/45/557 1986/45/557 1987/45/557
f 1987/45/558 1986/45/558 1988/45/558 1989/45/558
f 1989/45/559 1988/45/559 1990/45/559 1991/45/559
f 1988/45/560 1963/45/560 1965/45/560 1990/45/560
f 1991/45/615 1990/45/615 1992/45/615 1993/45/615
f 1990/45/562 1965/45/562 1967/45/562 1992/45/562
f 1993/45/563 1992/45/563 1994/45/563 1995/45/563
f 1992/45/564 1967/45/564 1969/45/564 1994/45/564
f 1995/45/565 1994/45/565 1996/45/565 1997/45/565
f 1994/45/566 1969/45/566 1971/45/566 1996/45/566
f 1997/45/567 1996/45/567 1998/45/567 1999/45/567
f 1996/45/568 1971/45/568 1973/45/568 1998/45/568
f 1999/45/569 1998/45/569 2000/45/569 2001/45/569
f 1998/45/570 1973/45/570 1975/45/570 2000/45/570
f 2001/45/616 2000/45/616 2002/45/616 2003/45/616
f 2000/45/572 1975/45/572 1977/45/572 2002/45/572
f 2003/45/573 2002/45/573 2004/45/573 2005/45/573
f 2002/45/574 1977/45/574 1979/45/574 2004/45/574
f 2005/45/575 2004/45/575 2006/45/575 2007/45/575
f 2004/45/576 1979/45/576 1981/45/576 2006/45/576
f 2007/45/577 2006/45/577 1984/45/577 2009/45/577
f 2030/45/578 2005/45/578 2007/45/578 2008/45/578
f 2008/45/579 2007/45/579 2009/45/579 2010/45/579
f 2010/45/580 2009/45/580 1987/45/580 2012/45/580
f 2033/45/337 2008/45/337 2010/45/337 2011/45/337
f 2011/45/329 2010/45/329 2012/45/329 2013/45/329
f 2013/45/327 2012/45/327 2014/45/327 2015/45/327
f 2012/45/581 1987/45/581 1989/45/581 2014/45/581
f 2015/45/326 2014/45/326 2016/45/326 2017/45/326
f 2014/45/582 1989/45/582 1991/45/582 2016/45/582
f 2017/45/325 2016/45/325 2018/45/325 2019/45/325
f 2016/45/583 1991/45/583 1993/45/583 2018/45/583
f 2019/45/305 2018/45/305 2020/45/305 2021/45/305
f 2018/45/584 1993/45/584 1995/45/584 2020/45/584
f 2021/45/306 2020/45/306 2022/45/306 2023/45/306
f 2020/45/585 1995/45/585 1997/45/585 2022/45/585
f 2023/45/586 2022/45/586 2024/45/586 2025/45/586
f 2022/45/587 1997/45/587 1999/45/587 2024/45/587
f 2025/45/588 2024/45/588 2026/45/588 2027/45/588
f 2024/45/589 1999/45/589 2001/45/589 2026/45/589
f 2027/45/341 2026/45/341 2028/45/341 2029/45/341
f 2026/45/590 2001/45/590 2003/45/590 2028/45/590
f 2029/45/339 2028/45/339 2030/45/339 2031/45/339
f 2028/45/591 2003/45/591 2005/45/591 2030/45/591
f 2031/45/338 2030/45/338 2008/45/338 2033/45/338
f 2054/45/340 2029/45/340 2031/45/340 2032/45/340
f 2032/45/336 2031/45/336 2033/45/336 2034/45/336
f 2034/45/334 2033/45/334 2011/45/334 2036/45/334
f 2057/45/335 2032/45/335 2034/45/335 2035/45/335
f 2035/45/333 2034/45/333 2036/45/333 2037/45/333
f 2037/45/332 2036/45/332 2038/45/332 2039/45/332
f 2036/45/330 2011/45/330 2013/45/330 2038/45/330
f 2039/45/331 2038/45/331 2040/45/331 2041/45/331
f 2038/45/328 2013/45/328 2015/45/328 2040/45/328
f 2041/45/322 2040/45/322 2042/45/322 2043/45/322
f 2040/45/324 2015/45/324 2017/45/324 2042/45/324
f 2043/45/320 2042/45/320 2044/45/320 2045/45/320
f 2042/45/323 2017/45/323 2019/45/323 2044/45/323
f 2045/45/309 2044/45/309 2046/45/309 2047/45/309
f 2044/45/304 2019/45/304 2021/45/304 2046/45/304
f 2047/45/308 2046/45/308 2048/45/308 2049/45/308
f 2046/45/307 2021/45/307 2023/45/307 2048/45/307
f 2049/45/311 2048/45/311 2050/45/311 2051/45/311
f 2048/45/310 2023/45/310 2025/45/310 2050/45/310
f 2051/45/345 2050/45/345 2052/45/345 2053/45/345
f 2050/45/346 2025/45/346 2027/45/346 2052/45/346
f 2053/45/344 2052/45/344 2054/45/344 2055/45/344
f 2052/45/342 2027/45/342 2029/45/342 2054/45/342
f 2055/45/343 2054/45/343 2032/45/343 2057/45/343
f 2078/45/347 2053/45/347 2055/45/347 2056/45/347
f 2056/45/592 2055/45/592 2057/45/592 2058/45/592
f 2058/45/373 2057/45/373 2035/45/373 2060/45/373
f 2081/45/374 2056/45/374 2058/45/374 2059/45/374
f 2059/45/372 2058/45/372 2060/45/372 2061/45/372
f 2061/45/370 2060/45/370 2062/45/370 2063/45/370
f 2060/45/371 2035/45/371 2037/45/371 2062/45/371
f 2063/45/368 2062/45/368 2064/45/368 2065/45/368
f 2062/45/739 2037/45/739 2039/45/739 2064/45/739
f 2065/45/366 2064/45/366 2066/45/366 2067/45/366
f 2064/45/367 2039/45/367 2041/45/367 2066/45/367
f 2067/45/364 2066/45/364 2068/45/364 2069/45/364
f 2066/45/321 2041/45/321 2043/45/321 2068/45/321
f 2069/45/318 2068/45/318 2070/45/318 2071/45/318
f 2068/45/319 2043/45/319 2045/45/319 2070/45/319
f 2071/45/316 2070/45/316 2072/45/316 2073/45/316
f 2070/45/317 2045/45/317 2047/45/317 2072/45/317
f 2073/45/315 2072/45/315 2074/45/315 2075/45/315
f 2072/45/313 2047/45/313 2049/45/313 2074/45/313
f 2075/45/314 2074/45/314 2076/45/314 2077/45/314
f 2074/45/312 2049/45/312 2051/45/312 2076/45/312
f 2077/45/350 2076/45/350 2078/45/350 2079/45/350
f 2076/45/348 2051/45/348 2053/45/348 2078/45/348
f 2079/45/349 2078/45/349 2056/45/349 2081/45/349
f 2102/45/352 2077/45/352 2079/45/352 2080/45/352
f 2080/45/351 2079/45/351 2081/45/351 2082/45/351
f 2082/45/377 2081/45/377 2059/45/377 2084/45/377
f 2105/45/380 2080/45/380 2082/45/380 2083/45/380
f 2083/45/379 2082/45/379 2084/45/379 2085/45/379
f 2085/45/594 2084/45/594 2086/45/594 2087/45/594
f 2084/45/376 2059/45/376 2061/45/376 2086/45/376
f 2087/45/402 2086/45/402 2088/45/402 2089/45/402
f 2086/45/403 2061/45/403 2063/45/403 2088/45/403
f 2089/45/400 2088/45/400 2090/45/400 2091/45/400
f 2088/45/401 2063/45/401 2065/45/401 2090/45/401
f 2091/45/398 2090/45/398 2092/45/398 2093/45/398
f 2090/45/365 2065/45/365 2067/45/365 2092/45/365
f 2093/45/362 2092/45/362 2094/45/362 2095/45/362
f 2092/45/363 2067/45/363 2069/45/363 2094/45/363
f 2095/45/360 2094/45/360 2096/45/360 2097/45/360
f 2094/45/361 2069/45/361 2071/45/361 2096/45/361
f 2097/45/740 2096/45/740 2098/45/740 2099/45/740
f 2096/45/359 2071/45/359 2073/45/359 2098/45/359
f 2099/45/356 2098/45/356 2100/45/356 2101/45/356
f 2098/45/357 2073/45/357 2075/45/357 2100/45/357
f 2101/45/355 2100/45/355 2102/45/355 2103/45/355
f 2100/45/353 2075/45/353 2077/45/353 2102/45/353
f 2103/45/354 2102/45/354 2080/45/354 2105/45/354
f 2126/45/387 2101/45/387 2103/45/387 2104/45/387
f 2104/45/383 2103/45/383 2105/45/383 2106/45/383
f 2106/45/382 2105/45/382 2083/45/382 2108/45/382
f 2129/45/596 2104/45/596 2106/45/596 2107/45/596
f 2107/45/384 2106/45/384 2108/45/384 2109/45/384
f 2109/45/408 2108/45/408 2110/45/408 2111/45/408
f 2108/45/381 2083/45/381 2085/45/381 2110/45/381
f 2111/45/407 2110/45/407 2112/45/407 2113/45/407
f 2110/45/597 2085/45/597 2087/45/597 2112/45/597
f 2113/45/406 2112/45/406 2114/45/406 2115/45/406
f 2112/45/404 2087/45/404 2089/45/404 2114/45/404
f 2115/45/430 2114/45/430 2116/45/430 2117/45/430
f 2114/45/399 2089/45/399 2091/45/399 2116/45/399
f 2117/45/598 2116/45/598 2118/45/598 2119/45/598
f 2116/45/599 2091/45/599 2093/45/599 2118/45/599
f 2119/45/394 2118/45/394 2120/45/394 2121/45/394
f 2118/45/395 2093/45/395 2095/45/395 2120/45/395
f 2121/45/392 2120/45/392 2122/45/392 2123/45/392
f 2120/45/393 2095/45/393 2097/45/393 2122/45/393
f 2123/45/390 2122/45/390 2124/45/390 2125/45/390
f 2122/45/391 2097/45/391 2099/45/391 2124/45/391
f 2125/45/388 2124/45/388 2126/45/388 2127/45/388
f 2124/45/389 2099/45/389 2101/45/389 2126/45/389
f 2127/45/386 2126/45/386 2104/45/386 2129/45/386
f 2150/45/419 2125/45/419 2127/45/419 2128/45/419
f 2128/45/417 2127/45/417 2129/45/417 2130/45/417
f 2130/45/415 2129/45/415 2107/45/415 2132/45/415
f 2153/45/416 2128/45/416 2130/45/416 2131/45/416
f 2131/45/414 2130/45/414 2132/45/414 2133/45/414
f 2133/45/413 2132/45/413 2134/45/413 2135/45/413
f 2132/45/411 2107/45/411 2109/45/411 2134/45/411
f 2135/45/412 2134/45/412 2136/45/412 2137/45/412
f 2134/45/410 2109/45/410 2111/45/410 2136/45/410
f 2137/45/433 2136/45/433 2138/45/433 2139/45/433
f 2136/45/409 2111/45/409 2113/45/409 2138/45/409
f 2139/45/432 2138/45/432 2140/45/432 2141/45/432
f 2138/45/431 2113/45/431 2115/45/431 2140/45/431
f 2141/45/428 2140/45/428 2142/45/428 2143/45/428
f 2140/45/429 2115/45/429 2117/45/429 2142/45/429
f 2143/45/426 2142/45/426 2144/45/426 2145/45/426
f 2142/45/427 2117/45/427 2119/45/427 2144/45/427
f 2145/45/424 2144/45/424 2146/45/424 2147/45/424
f 2144/45/425 2119/45/425 2121/45/425 2146/45/425
f 2147/45/422 2146/45/422 2148/45/422 2149/45/422
f 2146/45/423 2121/45/423 2123/45/423 2148/45/423
f 2149/45/420 2148/45/420 2150/45/420 2151/45/420
f 2148/45/421 2123/45/421 2125/45/421 2150/45/421
f 2151/45/418 2150/45/418 2128/45/418 2153/45/418
f 2174/45/448 2149/45/448 2151/45/448 2152/45/448
f 2152/45/446 2151/45/446 2153/45/446 2154/45/446
f 2154/45/444 2153/45/444 2131/45/444 2156/45/444
f 2177/45/445 2152/45/445 2154/45/445 2155/45/445
f 2155/45/443 2154/45/443 2156/45/443 2157/45/443
f 2157/45/441 2156/45/441 2158/45/441 2159/45/441
f 2156/45/601 2131/45/601 2133/45/601 2158/45/601
f 2159/45/439 2158/45/439 2160/45/439 2161/45/439
f 2158/45/440 2133/45/440 2135/45/440 2160/45/440
f 2161/45/438 2160/45/438 2162/45/438 2163/45/438
f 2160/45/436 2135/45/436 2137/45/436 2162/45/436
f 2163/45/437 2162/45/437 2164/45/437 2165/45/437
f 2162/45/435 2137/45/435 2139/45/435 2164/45/435
f 2165/45/457 2164/45/457 2166/45/457 2167/45/457
f 2164/45/434 2139/45/434 2141/45/434 2166/45/434
f 2167/45/455 2166/45/455 2168/45/455 2169/45/455
f 2166/45/456 2141/45/456 2143/45/456 2168/45/456
f 2169/45/453 2168/45/453 2170/45/453 2171/45/453
f 2168/45/454 2143/45/454 2145/45/454 2170/45/454
f 2171/45/451 2170/45/451 2172/45/451 2173/45/451
f 2170/45/452 2145/45/452 2147/45/452 2172/45/452
f 2173/45/449 2172/45/449 2174/45/449 2175/45/449
f 2172/45/450 2147/45/450 2149/45/450 2174/45/450
f 2175/45/447 2174/45/447 2152/45/447 2177/45/447
f 2198/45/476 2173/45/476 2175/45/476 2176/45/476
f 2176/45/474 2175/45/474 2177/45/474 2178/45/474
f 2178/45/472 2177/45/472 2155/45/472 2180/45/472
f 2201/45/473 2176/45/473 2178/45/473 2179/45/473
f 2179/45/471 2178/45/471 2180/45/471 2181/45/471
f 2181/45/469 2180/45/469 2182/45/469 2183/45/469
f 2180/45/470 2155/45/470 2157/45/470 2182/45/470
f 2183/45/741 2182/45/741 2184/45/741 2185/45/741
f 2182/45/468 2157/45/468 2159/45/468 2184/45/468
f 2185/45/465 2184/45/465 2186/45/465 2187/45/465
f 2184/45/466 2159/45/466 2161/45/466 2186/45/466
f 2187/45/463 2186/45/463 2188/45/463 2189/45/463
f 2186/45/464 2161/45/464 2163/45/464 2188/45/464
f 2189/45/462 2188/45/462 2190/45/462 2191/45/462
f 2188/45/460 2163/45/460 2165/45/460 2190/45/460
f 2191/45/461 2190/45/461 2192/45/461 2193/45/461
f 2190/45/459 2165/45/459 2167/45/459 2192/45/459
f 2193/45/481 2192/45/481 2194/45/481 2195/45/481
f 2192/45/458 2167/45/458 2169/45/458 2194/45/458
f 2195/45/479 2194/45/479 2196/45/479 2197/45/479
f 2194/45/480 2169/45/480 2171/45/480 2196/45/480
f 2197/45/477 2196/45/477 2198/45/477 2199/45/477
f 2196/45/478 2171/45/478 2173/45/478 2198/45/478
f 2199/45/475 2198/45/475 2176/45/475 2201/45/475
f 2222/45/504 2197/45/504 2199/45/504 2200/45/504
f 2200/45/502 2199/45/502 2201/45/502 2202/45/502
f 2202/45/500 2201/45/500 2179/45/500 2204/45/500
f 2225/45/501 2200/45/501 2202/45/501 2203/45/501
f 2203/45/499 2202/45/499 2204/45/499 2205/45/499
f 2205/45/497 2204/45/497 2206/45/497 2207/45/497
f 2204/45/498 2179/45/498 2181/45/498 2206/45/498
f 2207/45/495 2206/45/495 2208/45/495 2209/45/495
f 2206/45/496 2181/45/496 2183/45/496 2208/45/496
f 2209/45/493 2208/45/493 2210/45/493 2211/45/493
f 2208/45/494 2183/45/494 2185/45/494 2210/45/494
f 2211/45/491 2210/45/491 2212/45/491 2213/45/491
f 2210/45/492 2185/45/492 2187/45/492 2212/45/492
f 2213/45/489 2212/45/489 2214/45/489 2215/45/489
f 2212/45/490 2187/45/490 2189/45/490 2214/45/490
f 2215/45/487 2214/45/487 2216/45/487 2217/45/487
f 2214/45/488 2189/45/488 2191/45/488 2216/45/488
f 2217/45/486 2216/45/486 2218/45/486 2219/45/486
f 2216/45/484 2191/45/484 2193/45/484 2218/45/484
f 2219/45/485 2218/45/485 2220/45/485 2221/45/485
f 2218/45/483 2193/45/483 2195/45/483 2220/45/483
f 2221/45/604 2220/45/604 2222/45/604 2223/45/604
f 2220/45/482 2195/45/482 2197/45/482 2222/45/482
f 2223/45/503 2222/45/503 2200/45/503 2225/45/503
f 2246/45/507 2221/45/507 2223/45/507 2224/45/507
f 2224/45/606 2223/45/606 2225/45/606 2226/45/606
f 2226/45/528 2225/45/528 2203/45/528 2228/45/528
f 2249/45/529 2224/45/529 2226/45/529 2227/45/529
f 2227/45/527 2226/45/527 2228/45/527 2229/45/527
f 2229/45/607 2228/45/607 2230/45/607 2231/45/607
f 2228/45/526 2203/45/526 2205/45/526 2230/45/526
f 2231/45/523 2230/45/523 2232/45/523 2233/45/523
f 2230/45/524 2205/45/524 2207/45/524 2232/45/524
f 2233/45/521 2232/45/521 2234/45/521 2235/45/521
f 2232/45/522 2207/45/522 2209/45/522 2234/45/522
f 2235/45/519 2234/45/519 2236/45/519 2237/45/519
f 2234/45/737 2209/45/737 2211/45/737 2236/45/737
f 2237/45/517 2236/45/517 2238/45/517 2239/45/517
f 2236/45/610 2211/45/610 2213/45/610 2238/45/610
f 2239/45/515 2238/45/515 2240/45/515 2241/45/515
f 2238/45/516 2213/45/516 2215/45/516 2240/45/516
f 2241/45/513 2240/45/513 2242/45/513 2243/45/513
f 2240/45/514 2215/45/514 2217/45/514 2242/45/514
f 2243/45/611 2242/45/611 2244/45/611 2245/45/611
f 2242/45/512 2217/45/512 2219/45/512 2244/45/512
f 2245/45/510 2244/45/510 2246/45/510 2247/45/510
f 2244/45/508 2219/45/508 2221/45/508 2246/45/508
f 2247/45/509 2246/45/509 2224/45/509 2249/45/509
f 2270/45/536 2245/45/536 2247/45/536 2248/45/536
f 2248/45/532 2247/45/532 2249/45/532 2250/45/532
f 2250/45/531 2249/45/531 2227/45/531 2252/45/531
f 2273/45/534 2248/45/534 2250/45/534 2251/45/534
f 2251/45/533 2250/45/533 2252/45/533 2253/45/533
f 2253/45/553 2252/45/553 2254/45/553 2255/45/553
f 2252/45/530 2227/45/530 2229/45/530 2254/45/530
f 2255/45/551 2254/45/551 2256/45/551 2257/45/551
f 2254/45/612 2229/45/612 2231/45/612 2256/45/612
f 2257/45/549 2256/45/549 2258/45/549 2259/45/549
f 2256/45/550 2231/45/550 2233/45/550 2258/45/550
f 2259/45/547 2258/45/547 2260/45/547 2261/45/547
f 2258/45/548 2233/45/548 2235/45/548 2260/45/548
f 2261/45/545 2260/45/545 2262/45/545 2263/45/545
f 2260/45/546 2235/45/546 2237/45/546 2262/45/546
f 2263/45/543 2262/45/543 2264/45/543 2265/45/543
f 2262/45/544 2237/45/544 2239/45/544 2264/45/544
f 2265/45/541 2264/45/541 2266/45/541 2267/45/541
f 2264/45/542 2239/45/542 2241/45/542 2266/45/542
f 2267/45/539 2266/45/539 2268/45/539 2269/45/539
f 2266/45/540 2241/45/540 2243/45/540 2268/45/540
f 2269/45/537 2268/45/537 2270/45/537 2271/45/537
f 2268/45/738 2243/45/738 2245/45/738 2270/45/738
f 2271/45/535 2270/45/535 2248/45/535 2273/45/535
f 2294/45/564 2269/45/564 2271/45/564 2272/45/564
f 2272/45/562 2271/45/562 2273/45/562 2274/45/562
f 2274/45/560 2273/45/560 2251/45/560 2276/45/560
f 2296/45/615 2272/45/615 2274/45/615 2275/45/615
f 2275/45/559 2274/45/559 2276/45/559 2277/45/559
f 2277/45/558 2276/45/558 2278/45/558 2279/45/558
f 2276/45/556 2251/45/556 2253/45/556 2278/45/556
f 2279/45/557 2278/45/557 2280/45/557 2281/45/557
f 2278/45/555 2253/45/555 2255/45/555 2280/45/555
f 2281/45/577 2280/45/577 2282/45/577 2283/45/577
f 2280/45/554 2255/45/554 2257/45/554 2282/45/554
f 2283/45/575 2282/45/575 2284/45/575 2285/45/575
f 2282/45/576 2257/45/576 2259/45/576 2284/45/576
f 2285/45/573 2284/45/573 2286/45/573 2287/45/573
f 2284/45/574 2259/45/574 2261/45/574 2286/45/574
f 2287/45/616 2286/45/616 2288/45/616 2289/45/616
f 2286/45/572 2261/45/572 2263/45/572 2288/45/572
f 2289/45/569 2288/45/569 2290/45/569 2291/45/569
f 2288/45/570 2263/45/570 2265/45/570 2290/45/570
f 2291/45/567 2290/45/567 2292/45/567 2293/45/567
f 2290/45/568 2265/45/568 2267/45/568 2292/45/568
f 2293/45/565 2292/45/565 2294/45/565 2295/45/565
f 2292/45/566 2267/45/566 2269/45/566 2294/45/566
f 2295/45/563 2294/45/563 2272/45/563 2296/45/563
f 2298/45/585 2293/45/585 2295/45/585 1729/45/585
f 1729/45/584 2295/45/584 2296/45/584 2297/45/584
f 2297/45/583 2296/45/583 2275/45/583 1752/45/583
f 2299/45/587 2291/45/587 2293/45/587 2298/45/587
f 2301/45/586 2299/45/586 2298/45/586 1730/45/586
f 2300/45/589 2289/45/589 2291/45/589 2299/45/589
f 1771/45/588 2300/45/588 2299/45/588 2301/45/588
f 1770/45/590 2287/45/590 2289/45/590 2300/45/590
f 1768/45/591 2285/45/591 2287/45/591 1770/45/591
f 1766/45/578 2283/45/578 2285/45/578 1768/45/578
f 2302/45/579 2281/45/579 2283/45/579 1766/45/579
f 1756/45/580 2279/45/580 2281/45/580 2302/45/580
f 1754/45/581 2277/45/581 2279/45/581 1756/45/581
f 1752/45/582 2275/45/582 2277/45/582 1754/45/582
s 1
f 2309/45/2 2306/45/2 2303/45/2 2304/45/2 2429/45/2 2428/45/2 2427/45/2 2422/45/2 2421/45/2 2420/45/2 2419/45/2 2328/45/2 2327/45/2 2326/45/2 2325/45/2 2320/45/2 2319/45/2 2318/45/2 2317/45/2 2310/45/2
f 2303/45/617 2305/45/617 2431/45/617 2304/45/617
f 2306/45/618 2308/45/618 2305/45/618 2303/45/618
f 2328/45/2 2419/45/2 2414/45/2 2413/45/2 2412/45/2 2411/45/2 2406/45/2 2405/45/2 2404/45/2 2403/45/2 2398/45/2 2397/45/2 2396/45/2 2395/45/2 2390/45/2 2389/45/2 2388/45/2 2385/45/2 2384/45/2 2383/45/2 2377/45/2 2379/45/2 2381/45/2 2307/45/2 2306/45/2 2309/45/2 2311/45/2 2375/45/2 2369/45/2 2368/45/2 2367/45/2 2366/45/2 2360/45/2 2359/45/2 2358/45/2 2357/45/2 2352/45/2 2351/45/2 2350/45/2 2349/45/2 2344/45/2 2343/45/2 2342/45/2 2341/45/2 2336/45/2 2335/45/2 2334/45/2 2333/45/2
f 2307/45/619 2382/45/619 2308/45/619 2306/45/619
f 2310/45/620 2314/45/620 2312/45/620 2309/45/620
f 2309/45/621 2312/45/621 2313/45/621 2311/45/621
f 2423/45/4 2424/45/4 2425/45/4 2426/45/4 2430/45/4 2431/45/4 2305/45/4 2308/45/4 2382/45/4 2380/45/4 2378/45/4 2372/45/4 2371/45/4 2373/45/4 2374/45/4 2313/45/4 2312/45/4 2314/45/4 2315/45/4 2316/45/4 2321/45/4 2322/45/4 2323/45/4 2324/45/4 2329/45/4 2330/45/4 2331/45/4 2332/45/4 2337/45/4 2338/45/4 2339/45/4 2340/45/4 2345/45/4 2346/45/4 2347/45/4 2348/45/4 2353/45/4 2354/45/4 2355/45/4 2356/45/4 2361/45/4 2362/45/4 2391/45/4 2392/45/4 2393/45/4 2394/45/4 2399/45/4 2400/45/4 2401/45/4 2402/45/4 2407/45/4 2408/45/4 2409/45/4 2410/45/4 2415/45/4 2416/45/4 2417/45/4 2418/45/4
f 2317/45/622 2315/45/622 2314/45/622 2310/45/622
f 2318/45/623 2316/45/623 2315/45/623 2317/45/623
f 2319/45/624 2321/45/624 2316/45/624 2318/45/624
f 2320/45/625 2322/45/625 2321/45/625 2319/45/625
f 2323/45/626 2322/45/626 2320/45/626 2325/45/626
f 2324/45/627 2323/45/627 2325/45/627 2326/45/627
f 2329/45/628 2324/45/628 2326/45/628 2327/45/628
f 2330/45/629 2329/45/629 2327/45/629 2328/45/629
f 2331/45/630 2330/45/630 2328/45/630 2333/45/630
f 2332/45/631 2331/45/631 2333/45/631 2334/45/631
f 2337/45/632 2332/45/632 2334/45/632 2335/45/632
f 2338/45/633 2337/45/633 2335/45/633 2336/45/633
f 2339/45/634 2338/45/634 2336/45/634 2341/45/634
f 2340/45/635 2339/45/635 2341/45/635 2342/45/635
f 2345/45/636 2340/45/636 2342/45/636 2343/45/636
f 2346/45/618 2345/45/618 2343/45/618 2344/45/618
f 2347/45/637 2346/45/637 2344/45/637 2349/45/637
f 2348/45/638 2347/45/638 2349/45/638 2350/45/638
f 2353/45/639 2348/45/639 2350/45/639 2351/45/639
f 2354/45/640 2353/45/640 2351/45/640 2352/45/640
f 2357/45/641 2355/45/641 2354/45/641 2352/45/641
f 2358/45/642 2356/45/642 2355/45/642 2357/45/642
f 2359/45/643 2361/45/643 2356/45/643 2358/45/643
f 2360/45/644 2363/45/644 2361/45/644 2359/45/644
f 2372/45/4 2376/45/4 2386/45/4 2387/45/4 2362/45/4 2361/45/4 2363/45/4 2364/45/4 2365/45/4 2370/45/4 2371/45/4
f 2366/45/645 2364/45/645 2363/45/645 2360/45/645
f 2367/45/646 2365/45/646 2364/45/646 2366/45/646
f 2368/45/647 2370/45/647 2365/45/647 2367/45/647
f 2369/45/648 2373/45/648 2371/45/648 2370/45/648 2368/45/648
f 2375/45/649 2374/45/649 2373/45/649 2369/45/649
f 2311/45/650 2313/45/650 2374/45/650 2375/45/650
f 2383/45/651 2376/45/651 2372/45/651 2377/45/651
f 2377/45/633 2372/45/633 2378/45/633 2379/45/633
f 2379/45/652 2378/45/652 2380/45/652 2381/45/652
f 2381/45/635 2380/45/635 2382/45/635 2307/45/635
f 2384/45/631 2386/45/631 2376/45/631 2383/45/631
f 2385/45/653 2387/45/653 2386/45/653 2384/45/653
f 2388/45/629 2362/45/629 2387/45/629 2385/45/629
f 2389/45/654 2391/45/654 2362/45/654 2388/45/654
f 2390/45/627 2392/45/627 2391/45/627 2389/45/627
f 2395/45/655 2393/45/655 2392/45/655 2390/45/655
f 2396/45/625 2394/45/625 2393/45/625 2395/45/625
f 2397/45/656 2399/45/656 2394/45/656 2396/45/656
f 2398/45/623 2400/45/623 2399/45/623 2397/45/623
f 2403/45/657 2401/45/657 2400/45/657 2398/45/657
f 2404/45/620 2402/45/620 2401/45/620 2403/45/620
f 2405/45/658 2407/45/658 2402/45/658 2404/45/658
f 2406/45/650 2408/45/650 2407/45/650 2405/45/650
f 2411/45/659 2409/45/659 2408/45/659 2406/45/659
f 2412/45/648 2410/45/648 2409/45/648 2411/45/648
f 2413/45/660 2415/45/660 2410/45/660 2412/45/660
f 2414/45/646 2416/45/646 2415/45/646 2413/45/646
f 2419/45/661 2417/45/661 2416/45/661 2414/45/661
f 2420/45/644 2418/45/644 2417/45/644 2419/45/644
f 2421/45/662 2423/45/662 2418/45/662 2420/45/662
f 2422/45/642 2424/45/642 2423/45/642 2421/45/642
f 2427/45/663 2425/45/663 2424/45/663 2422/45/663
f 2428/45/640 2426/45/640 2425/45/640 2427/45/640
f 2429/45/664 2430/45/664 2426/45/664 2428/45/664
f 2304/45/638 2431/45/638 2430/45/638 2429/45/638
f 2433/45/665 2436/45/665 2435/45/665 2432/45/665
f 2432/45/666 2434/45/666 2465/45/666 2433/45/666
f 2435/45/81 2437/45/81 2434/45/81 2432/45/81
f 2436/45/665 2441/45/665 2438/45/665 2435/45/665
f 2438/45/81 2439/45/81 2437/45/81 2435/45/81
f 2440/45/81 2481/45/81 2439/45/81 2438/45/81
f 2441/45/665 2443/45/665 2440/45/665 2438/45/665
f 2459/45/665 2442/45/665 2441/45/665 2436/45/665
f 2442/45/665 2445/45/665 2443/45/665 2441/45/665
f 2443/45/665 2444/45/665 2485/45/665 2440/45/665
f 2445/45/665 2446/45/665 2444/45/665 2443/45/665
f 2449/45/665 2447/45/665 2445/45/665 2442/45/665
f 2447/45/665 2448/45/665 2446/45/665 2445/45/665
f 2450/45/665 2451/45/665 2448/45/665 2447/45/665
f 2453/45/665 2450/45/665 2447/45/665 2449/45/665
f 2450/45/262 2452/45/262 2491/45/262 2451/45/262
f 2453/45/262 2454/45/262 2452/45/262 2450/45/262
f 2455/45/262 2456/45/262 2454/45/262 2453/45/262
f 2455/45/665 2453/45/665 2449/45/665 2458/45/665
f 2457/45/262 2508/45/262 2456/45/262 2455/45/262
f 2457/45/665 2455/45/665 2458/45/665 2460/45/665
f 2458/45/665 2449/45/665 2442/45/665 2459/45/665
f 2460/45/665 2458/45/665 2459/45/665 2462/45/665
f 2462/45/666 2463/45/666 2461/45/666 2460/45/666
f 2460/45/666 2461/45/666 2508/45/666 2457/45/666
f 2462/45/665 2459/45/665 2436/45/665 2433/45/665
f 2433/45/666 2465/45/666 2463/45/666 2462/45/666
f 2463/45/666 2464/45/666 2507/45/666 2461/45/666
f 2465/45/666 2466/45/666 2464/45/666 2463/45/666
f 2434/45/666 2468/45/666 2466/45/666 2465/45/666
f 2468/45/666 2470/45/666 2467/45/666 2466/45/666
f 2466/45/666 2467/45/666 2511/45/666 2464/45/666
f 2437/45/81 2469/45/81 2468/45/81 2434/45/81
f 2469/45/81 2472/45/81 2470/45/81 2468/45/81
f 2470/45/666 2471/45/666 2513/45/666 2467/45/666
f 2472/45/81 2473/45/81 2471/45/81 2470/45/81
f 2474/45/81 2476/45/81 2473/45/81 2472/45/81
f 2475/45/81 2474/45/81 2472/45/81 2469/45/81
f 2480/45/81 2477/45/81 2474/45/81 2475/45/81
f 2477/45/81 2478/45/81 2476/45/81 2474/45/81
f 2479/45/81 2522/45/81 2478/45/81 2477/45/81
f 2482/45/81 2479/45/81 2477/45/81 2480/45/81
f 2481/45/81 2480/45/81 2475/45/81 2439/45/81
f 2484/45/81 2482/45/81 2480/45/81 2481/45/81
f 2483/45/667 2523/45/667 2479/45/667 2482/45/667
f 2486/45/667 2483/45/667 2482/45/667 2484/45/667
f 2485/45/81 2484/45/81 2481/45/81 2440/45/81
f 2444/45/667 2486/45/667 2484/45/667 2485/45/667
f 2446/45/667 2487/45/667 2486/45/667 2444/45/667
f 2487/45/667 2488/45/667 2483/45/667 2486/45/667
f 2448/45/667 2489/45/667 2487/45/667 2446/45/667
f 2489/45/667 2490/45/667 2488/45/667 2487/45/667
f 2451/45/667 2491/45/667 2489/45/667 2448/45/667
f 2491/45/667 2492/45/667 2490/45/667 2489/45/667
f 2452/45/262 2493/45/262 2492/45/262 2491/45/262
f 2492/45/667 2494/45/667 2495/45/667 2490/45/667
f 2493/45/262 2497/45/262 2494/45/262 2492/45/262
f 2494/45/667 2496/45/667 2525/45/667 2495/45/667
f 2497/45/262 2498/45/262 2496/45/262 2494/45/262
f 2499/45/262 2501/45/262 2498/45/262 2497/45/262
f 2500/45/262 2499/45/262 2497/45/262 2493/45/262
f 2505/45/262 2502/45/262 2499/45/262 2500/45/262
f 2502/45/262 2503/45/262 2501/45/262 2499/45/262
f 2504/45/262 2529/45/262 2503/45/262 2502/45/262
f 2506/45/262 2504/45/262 2502/45/262 2505/45/262
f 2456/45/262 2505/45/262 2500/45/262 2454/45/262
f 2508/45/262 2506/45/262 2505/45/262 2456/45/262
f 2507/45/666 2509/45/666 2504/45/666 2506/45/666
f 2461/45/666 2507/45/666 2506/45/666 2508/45/666
f 2464/45/666 2511/45/666 2509/45/666 2507/45/666
f 2509/45/666 2510/45/666 2529/45/666 2504/45/666
f 2511/45/666 2512/45/666 2510/45/666 2509/45/666
f 2467/45/666 2513/45/666 2512/45/666 2511/45/666
f 2514/45/668 2512/45/668 2513/45/668 2517/45/668
f 2515/45/668 2510/45/668 2512/45/668 2514/45/668
f 2528/45/668 2515/45/668 2514/45/668 2516/45/668
f 2516/45/668 2514/45/668 2517/45/668 2518/45/668
f 2517/45/668 2513/45/668 2471/45/668 2473/45/668
f 2518/45/668 2517/45/668 2473/45/668 2476/45/668
f 2519/45/668 2518/45/668 2476/45/668 2478/45/668
f 2520/45/668 2516/45/668 2518/45/668 2519/45/668
f 2521/45/668 2519/45/668 2478/45/668 2522/45/668
f 2524/45/668 2520/45/668 2519/45/668 2521/45/668
f 2523/45/667 2521/45/667 2522/45/667 2479/45/667
f 2526/45/667 2524/45/667 2521/45/667 2523/45/667
f 2525/45/668 2527/45/668 2520/45/668 2524/45/668
f 2495/45/667 2525/45/667 2524/45/667 2526/45/667
f 2488/45/667 2526/45/667 2523/45/667 2483/45/667
f 2490/45/667 2495/45/667 2526/45/667 2488/45/667
f 2496/45/668 2498/45/668 2527/45/668 2525/45/668
f 2527/45/668 2528/45/668 2516/45/668 2520/45/668
f 2498/45/668 2501/45/668 2528/45/668 2527/45/668
f 2501/45/668 2503/45/668 2515/45/668 2528/45/668
f 2503/45/668 2529/45/668 2510/45/668 2515/45/668
f 2454/45/262 2500/45/262 2493/45/262 2452/45/262
f 2439/45/81 2475/45/81 2469/45/81 2437/45/81
f 2531/45/669 2535/45/669 2533/45/669 2530/45/669
f 2634/45/300 2531/45/300 2530/45/300 2532/45/300 2657/45/300 2656/45/300 2655/45/300 2650/45/300 2649/45/300 2584/45/300 2583/45/300 2585/45/300 2586/45/300 2648/45/300 2647/45/300 2642/45/300 2641/45/300 2639/45/300 2638/45/300 2637/45/300
f 2530/45/670 2533/45/670 2534/45/670 2532/45/670
f 2651/45/302 2652/45/302 2653/45/302 2654/45/302 2658/45/302 2534/45/302 2533/45/302 2535/45/302 2536/45/302 2538/45/302 2539/45/302 2544/45/302 2545/45/302 2629/45/302 2630/45/302 2631/45/302 2633/45/302 2635/45/302 2636/45/302 2640/45/302 2643/45/302 2644/45/302 2645/45/302 2646/45/302 2589/45/302 2588/45/302 2590/45/302 2591/45/302 2592/45/302 2597/45/302 2598/45/302 2599/45/302 2600/45/302 2605/45/302 2606/45/302 2607/45/302 2608/45/302 2613/45/302 2614/45/302 2615/45/302 2616/45/302 2552/45/302 2555/45/302 2556/45/302 2557/45/302 2558/45/302 2563/45/302 2564/45/302 2565/45/302 2566/45/302 2571/45/302 2572/45/302 2573/45/302 2574/45/302 2579/45/302 2580/45/302 2581/45/302 2582/45/302
f 2537/45/671 2536/45/671 2535/45/671 2531/45/671
f 2540/45/672 2538/45/672 2536/45/672 2537/45/672
f 2541/45/673 2539/45/673 2538/45/673 2540/45/673
f 2585/45/300 2583/45/300 2578/45/300 2577/45/300 2576/45/300 2575/45/300 2570/45/300 2569/45/300 2568/45/300 2567/45/300 2562/45/300 2561/45/300 2560/45/300 2559/45/300 2554/45/300 2553/45/300 2551/45/300 2550/45/300 2549/45/300 2543/45/300 2542/45/300 2541/45/300 2540/45/300 2537/45/300 2531/45/300 2634/45/300 2632/45/300 2628/45/300 2627/45/300 2626/45/300 2625/45/300 2620/45/300 2619/45/300 2618/45/300 2617/45/300 2612/45/300 2611/45/300 2610/45/300 2609/45/300 2604/45/300 2603/45/300 2602/45/300 2601/45/300 2596/45/300 2595/45/300 2594/45/300 2593/45/300 2587/45/300
f 2542/45/674 2544/45/674 2539/45/674 2541/45/674
f 2543/45/675 2546/45/675 2544/45/675 2542/45/675
f 2544/45/302 2546/45/302 2547/45/302 2548/45/302 2552/45/302 2616/45/302 2621/45/302 2622/45/302 2623/45/302 2624/45/302 2545/45/302
f 2549/45/676 2547/45/676 2546/45/676 2543/45/676
f 2550/45/677 2548/45/677 2547/45/677 2549/45/677
f 2551/45/678 2552/45/678 2548/45/678 2550/45/678
f 2553/45/679 2555/45/679 2552/45/679 2551/45/679
f 2554/45/680 2556/45/680 2555/45/680 2553/45/680
f 2559/45/681 2557/45/681 2556/45/681 2554/45/681
f 2560/45/682 2558/45/682 2557/45/682 2559/45/682
f 2561/45/683 2563/45/683 2558/45/683 2560/45/683
f 2562/45/684 2564/45/684 2563/45/684 2561/45/684
f 2567/45/685 2565/45/685 2564/45/685 2562/45/685
f 2568/45/686 2566/45/686 2565/45/686 2567/45/686
f 2569/45/687 2571/45/687 2566/45/687 2568/45/687
f 2570/45/688 2572/45/688 2571/45/688 2569/45/688
f 2575/45/725 2573/45/725 2572/45/725 2570/45/725
f 2576/45/690 2574/45/690 2573/45/690 2575/45/690
f 2577/45/691 2579/45/691 2574/45/691 2576/45/691
f 2578/45/692 2580/45/692 2579/45/692 2577/45/692
f 2583/45/693 2581/45/693 2580/45/693 2578/45/693
f 2584/45/694 2582/45/694 2581/45/694 2583/45/694
f 2588/45/678 2589/45/678 2586/45/678 2585/45/678
f 2590/45/695 2588/45/695 2585/45/695 2587/45/695
f 2591/45/676 2590/45/676 2587/45/676 2593/45/676
f 2592/45/732 2591/45/732 2593/45/732 2594/45/732
f 2597/45/742 2592/45/742 2594/45/742 2595/45/742
f 2598/45/697 2597/45/697 2595/45/697 2596/45/697
f 2599/45/731 2598/45/731 2596/45/731 2601/45/731
f 2600/45/699 2599/45/699 2601/45/699 2602/45/699
f 2605/45/743 2600/45/743 2602/45/743 2603/45/743
f 2606/45/744 2605/45/744 2603/45/744 2604/45/744
f 2607/45/701 2606/45/701 2604/45/701 2609/45/701
f 2608/45/702 2607/45/702 2609/45/702 2610/45/702
f 2613/45/703 2608/45/703 2610/45/703 2611/45/703
f 2612/45/704 2614/45/704 2613/45/704 2611/45/704
f 2617/45/705 2615/45/705 2614/45/705 2612/45/705
f 2618/45/706 2616/45/706 2615/45/706 2617/45/706
f 2619/45/694 2621/45/694 2616/45/694 2618/45/694
f 2620/45/730 2622/45/730 2621/45/730 2619/45/730
f 2625/45/692 2623/45/692 2622/45/692 2620/45/692
f 2626/45/708 2624/45/708 2623/45/708 2625/45/708
f 2627/45/709 2629/45/709 2545/45/709 2624/45/709 2626/45/709
f 2628/45/710 2630/45/710 2629/45/710 2627/45/710
f 2632/45/711 2631/45/711 2630/45/711 2628/45/711
f 2634/45/712 2633/45/712 2631/45/712 2632/45/712
f 2637/45/745 2635/45/745 2633/45/745 2634/45/745
f 2638/45/729 2636/45/729 2635/45/729 2637/45/729
f 2639/45/714 2640/45/714 2636/45/714 2638/45/714
f 2641/45/715 2643/45/715 2640/45/715 2639/45/715
f 2642/45/728 2644/45/728 2643/45/728 2641/45/728
f 2645/45/716 2644/45/716 2642/45/716 2647/45/716
f 2646/45/680 2645/45/680 2647/45/680 2648/45/680
f 2589/45/717 2646/45/717 2648/45/717 2586/45/717
f 2649/45/718 2651/45/718 2582/45/718 2584/45/718
f 2650/45/719 2652/45/719 2651/45/719 2649/45/719
f 2655/45/720 2653/45/720 2652/45/720 2650/45/720
f 2656/45/721 2654/45/721 2653/45/721 2655/45/721
f 2657/45/722 2658/45/722 2654/45/722 2656/45/722
f 2532/45/723 2534/45/723 2658/45/723 2657/45/723
f 2660/45/669 2664/45/669 2662/45/669 2659/45/669
f 2744/45/300 2660/45/300 2659/45/300 2661/45/300 2724/45/300 2723/45/300 2718/45/300 2717/45/300 2716/45/300 2715/45/300 2710/45/300 2725/45/300 2728/45/300 2729/45/300 2734/45/300 2735/45/300 2736/45/300 2737/45/300 2742/45/300 2743/45/300
f 2659/45/670 2662/45/670 2663/45/670 2661/45/670
f 2714/45/302 2719/45/302 2720/45/302 2721/45/302 2722/45/302 2663/45/302 2662/45/302 2664/45/302 2665/45/302 2667/45/302 2668/45/302 2673/45/302 2674/45/302 2749/45/302 2748/45/302 2747/45/302 2746/45/302 2741/45/302 2740/45/302 2739/45/302 2738/45/302 2733/45/302 2732/45/302 2731/45/302 2730/45/302 2727/45/302 2787/45/302 2784/45/302 2783/45/302 2782/45/302 2781/45/302 2776/45/302 2775/45/302 2774/45/302 2773/45/302 2768/45/302 2767/45/302 2766/45/302 2765/45/302 2762/45/302 2681/45/302 2680/45/302 2682/45/302 2687/45/302 2688/45/302 2689/45/302 2690/45/302 2695/45/302 2696/45/302 2697/45/302 2698/45/302 2703/45/302 2704/45/302 2705/45/302 2706/45/302 2711/45/302 2712/45/302 2713/45/302
f 2666/45/746 2665/45/746 2664/45/746 2660/45/746
f 2669/45/672 2667/45/672 2665/45/672 2666/45/672
f 2670/45/673 2668/45/673 2667/45/673 2669/45/673
f 2725/45/300 2710/45/300 2709/45/300 2708/45/300 2707/45/300 2702/45/300 2701/45/300 2700/45/300 2699/45/300 2694/45/300 2693/45/300 2692/45/300 2691/45/300 2686/45/300 2685/45/300 2684/45/300 2683/45/300 2679/45/300 2677/45/300 2672/45/300 2671/45/300 2670/45/300 2669/45/300 2666/45/300 2660/45/300 2744/45/300 2745/45/300 2750/45/300 2751/45/300 2752/45/300 2754/45/300 2756/45/300 2757/45/300 2760/45/300 2761/45/300 2763/45/300 2764/45/300 2769/45/300 2770/45/300 2771/45/300 2772/45/300 2777/45/300 2778/45/300 2779/45/300 2780/45/300 2785/45/300 2786/45/300 2726/45/300
f 2671/45/674 2673/45/674 2668/45/674 2670/45/674
f 2672/45/675 2675/45/675 2673/45/675 2671/45/675
f 2673/45/302 2675/45/302 2676/45/302 2678/45/302 2680/45/302 2681/45/302 2759/45/302 2758/45/302 2755/45/302 2753/45/302 2674/45/302
f 2677/45/676 2676/45/676 2675/45/676 2672/45/676
f 2679/45/724 2678/45/724 2676/45/724 2677/45/724
f 2683/45/678 2680/45/678 2678/45/678 2679/45/678
f 2684/45/679 2682/45/679 2680/45/679 2683/45/679
f 2685/45/680 2687/45/680 2682/45/680 2684/45/680
f 2686/45/681 2688/45/681 2687/45/681 2685/45/681
f 2691/45/682 2689/45/682 2688/45/682 2686/45/682
f 2692/45/683 2690/45/683 2689/45/683 2691/45/683
f 2693/45/684 2695/45/684 2690/45/684 2692/45/684
f 2694/45/685 2696/45/685 2695/45/685 2693/45/685
f 2699/45/686 2697/45/686 2696/45/686 2694/45/686
f 2700/45/687 2698/45/687 2697/45/687 2699/45/687
f 2701/45/688 2703/45/688 2698/45/688 2700/45/688
f 2702/45/725 2704/45/725 2703/45/725 2701/45/725
f 2707/45/690 2705/45/690 2704/45/690 2702/45/690
f 2708/45/691 2706/45/691 2705/45/691 2707/45/691
f 2709/45/692 2711/45/692 2706/45/692 2708/45/692
f 2710/45/693 2712/45/693 2711/45/693 2709/45/693
f 2715/45/694 2713/45/694 2712/45/694 2710/45/694
f 2716/45/718 2714/45/718 2713/45/718 2715/45/718
f 2717/45/747 2719/45/747 2714/45/747 2716/45/747
f 2718/45/720 2720/45/720 2719/45/720 2717/45/720
f 2723/45/721 2721/45/721 2720/45/721 2718/45/721
f 2724/45/722 2722/45/722 2721/45/722 2723/45/722
f 2661/45/701 2663/45/701 2722/45/701 2724/45/701
f 2787/45/695 2727/45/695 2725/45/695 2726/45/695
f 2727/45/678 2730/45/678 2728/45/678 2725/45/678
f 2730/45/717 2731/45/717 2729/45/717 2728/45/717
f 2731/45/727 2732/45/727 2734/45/727 2729/45/727
f 2732/45/716 2733/45/716 2735/45/716 2734/45/716
f 2735/45/682 2733/45/682 2738/45/682 2736/45/682
f 2736/45/715 2738/45/715 2739/45/715 2737/45/715
f 2737/45/714 2739/45/714 2740/45/714 2742/45/714
f 2742/45/713 2740/45/713 2741/45/713 2743/45/713
f 2743/45/745 2741/45/745 2746/45/745 2744/45/745
f 2744/45/712 2746/45/712 2747/45/712 2745/45/712
f 2745/45/711 2747/45/711 2748/45/711 2750/45/711
f 2750/45/748 2748/45/748 2749/45/748 2751/45/748
f 2751/45/709 2749/45/709 2674/45/709 2753/45/709 2752/45/709
f 2752/45/708 2753/45/708 2755/45/708 2754/45/708
f 2754/45/692 2755/45/692 2758/45/692 2756/45/692
f 2756/45/730 2758/45/730 2759/45/730 2757/45/730
f 2757/45/694 2759/45/694 2681/45/694 2760/45/694
f 2760/45/706 2681/45/706 2762/45/706 2761/45/706
f 2761/45/705 2762/45/705 2765/45/705 2763/45/705
f 2763/45/704 2765/45/704 2766/45/704 2764/45/704
f 2766/45/703 2767/45/703 2769/45/703 2764/45/703
f 2767/45/702 2768/45/702 2770/45/702 2769/45/702
f 2768/45/701 2773/45/701 2771/45/701 2770/45/701
f 2773/45/700 2774/45/700 2772/45/700 2771/45/700
f 2774/45/743 2775/45/743 2777/45/743 2772/45/743
f 2775/45/699 2776/45/699 2778/45/699 2777/45/699
f 2776/45/731 2781/45/731 2779/45/731 2778/45/731
f 2781/45/697 2782/45/697 2780/45/697 2779/45/697
f 2782/45/674 2783/45/674 2785/45/674 2780/45/674
f 2783/45/732 2784/45/732 2786/45/732 2785/45/732
f 2784/45/676 2787/45/676 2726/45/676 2786/45/676
f 2789/45/301 2792/45/301 2791/45/301 2788/45/301
f 2788/45/300 2790/45/300 2825/45/300 2789/45/300
f 2791/45/81 2793/45/81 2790/45/81 2788/45/81
f 2792/45/301 2797/45/301 2794/45/301 2791/45/301
f 2794/45/81 2795/45/81 2793/45/81 2791/45/81
f 2796/45/81 2871/45/81 2795/45/81 2794/45/81
f 2797/45/301 2799/45/301 2796/45/301 2794/45/301
f 2819/45/301 2798/45/301 2797/45/301 2792/45/301
f 2798/45/301 2800/45/301 2799/45/301 2797/45/301
f 2799/45/301 2801/45/301 2802/45/301 2796/45/301
f 2800/45/301 2804/45/301 2801/45/301 2799/45/301
f 2801/45/302 2803/45/302 2873/45/302 2802/45/302
f 2804/45/302 2805/45/302 2803/45/302 2801/45/302
f 2806/45/302 2807/45/302 2805/45/302 2804/45/302
f 2809/45/301 2806/45/301 2804/45/301 2800/45/301
f 2808/45/302 2854/45/302 2807/45/302 2806/45/302
f 2811/45/301 2808/45/301 2806/45/301 2809/45/301
f 2813/45/301 2811/45/301 2809/45/301 2810/45/301
f 2810/45/301 2809/45/301 2800/45/301 2798/45/301
f 2811/45/262 2812/45/262 2854/45/262 2808/45/262
f 2813/45/262 2814/45/262 2812/45/262 2811/45/262
f 2815/45/262 2816/45/262 2814/45/262 2813/45/262
f 2815/45/301 2813/45/301 2810/45/301 2818/45/301
f 2817/45/262 2883/45/262 2816/45/262 2815/45/262
f 2817/45/301 2815/45/301 2818/45/301 2820/45/301
f 2818/45/301 2810/45/301 2798/45/301 2819/45/301
f 2820/45/301 2818/45/301 2819/45/301 2822/45/301
f 2820/45/300 2821/45/300 2883/45/300 2817/45/300
f 2822/45/300 2823/45/300 2821/45/300 2820/45/300
f 2789/45/300 2825/45/300 2823/45/300 2822/45/300
f 2822/45/301 2819/45/301 2792/45/301 2789/45/301
f 2825/45/300 2826/45/300 2824/45/300 2823/45/300
f 2823/45/300 2824/45/300 2884/45/300 2821/45/300
f 2790/45/300 2827/45/300 2826/45/300 2825/45/300
f 2827/45/300 2830/45/300 2828/45/300 2826/45/300
f 2826/45/300 2828/45/300 2829/45/300 2824/45/300
f 2828/45/300 2831/45/300 2832/45/300 2829/45/300
f 2830/45/300 2833/45/300 2831/45/300 2828/45/300
f 2837/45/303 2832/45/303 2831/45/303 2834/45/303
f 2834/45/303 2831/45/303 2833/45/303 2835/45/303
f 2836/45/303 2834/45/303 2835/45/303 2864/45/303
f 2839/45/303 2837/45/303 2834/45/303 2836/45/303
f 2838/45/303 2885/45/303 2832/45/303 2837/45/303
f 2841/45/303 2838/45/303 2837/45/303 2839/45/303
f 2840/45/303 2839/45/303 2836/45/303 2862/45/303
f 2843/45/303 2841/45/303 2839/45/303 2840/45/303
f 2844/45/303 2842/45/303 2841/45/303 2843/45/303
f 2842/45/303 2878/45/303 2838/45/303 2841/45/303
f 2845/45/303 2843/45/303 2840/45/303 2846/45/303
f 2848/45/303 2844/45/303 2843/45/303 2845/45/303
f 2847/45/302 2845/45/302 2846/45/302 2857/45/302
f 2849/45/302 2848/45/302 2845/45/302 2847/45/302
f 2850/45/262 2844/45/262 2848/45/262 2849/45/262
f 2852/45/262 2850/45/262 2849/45/262 2851/45/262
f 2851/45/302 2849/45/302 2847/45/302 2853/45/302
f 2812/45/262 2852/45/262 2851/45/262 2854/45/262
f 2854/45/302 2851/45/302 2853/45/302 2807/45/302
f 2853/45/302 2847/45/302 2857/45/302 2855/45/302
f 2807/45/302 2853/45/302 2855/45/302 2805/45/302
f 2855/45/302 2857/45/302 2858/45/302 2856/45/302
f 2805/45/302 2855/45/302 2856/45/302 2803/45/302
f 2857/45/302 2846/45/302 2860/45/302 2858/45/302
f 2856/45/302 2858/45/302 2859/45/302 2872/45/302
f 2858/45/302 2860/45/302 2861/45/302 2859/45/302
f 2860/45/303 2862/45/303 2863/45/303 2861/45/303
f 2846/45/303 2840/45/303 2862/45/303 2860/45/303
f 2862/45/303 2836/45/303 2864/45/303 2863/45/303
f 2865/45/81 2863/45/81 2864/45/81 2867/45/81
f 2859/45/81 2861/45/81 2863/45/81 2865/45/81
f 2872/45/81 2859/45/81 2865/45/81 2866/45/81
f 2866/45/81 2865/45/81 2867/45/81 2869/45/81
f 2869/45/81 2867/45/81 2868/45/81 2870/45/81
f 2867/45/81 2864/45/81 2835/45/81 2868/45/81
f 2795/45/81 2869/45/81 2870/45/81 2793/45/81
f 2871/45/81 2866/45/81 2869/45/81 2795/45/81
f 2870/45/81 2868/45/81 2830/45/81 2827/45/81
f 2793/45/81 2870/45/81 2827/45/81 2790/45/81
f 2868/45/81 2835/45/81 2833/45/81 2830/45/81
f 2873/45/81 2872/45/81 2866/45/81 2871/45/81
f 2803/45/302 2856/45/302 2872/45/302 2873/45/302
f 2802/45/81 2873/45/81 2871/45/81 2796/45/81
f 2814/45/262 2874/45/262 2852/45/262 2812/45/262
f 2874/45/262 2876/45/262 2850/45/262 2852/45/262
f 2816/45/262 2875/45/262 2874/45/262 2814/45/262
f 2875/45/262 2877/45/262 2876/45/262 2874/45/262
f 2876/45/262 2842/45/262 2844/45/262 2850/45/262
f 2877/45/262 2878/45/262 2842/45/262 2876/45/262
f 2882/45/262 2879/45/262 2877/45/262 2875/45/262
f 2879/45/262 2880/45/262 2878/45/262 2877/45/262
f 2881/45/300 2885/45/300 2880/45/300 2879/45/300
f 2884/45/300 2881/45/300 2879/45/300 2882/45/300
f 2883/45/262 2882/45/262 2875/45/262 2816/45/262
f 2821/45/300 2884/45/300 2882/45/300 2883/45/300
f 2824/45/300 2829/45/300 2881/45/300 2884/45/300
f 2829/45/300 2832/45/300 2885/45/300 2881/45/300
f 2878/45/303 2880/45/303 2885/45/303 2838/45/303
f 2886/45/300 2888/45/300 2919/45/300 2887/45/300
f 2887/45/301 2890/45/301 2889/45/301 2886/45/301
f 2889/45/81 2891/45/81 2888/45/81 2886/45/81
f 2890/45/301 2895/45/301 2892/45/301 2889/45/301
f 2892/45/81 2893/45/81 2891/45/81 2889/45/81
f 2894/45/81 2935/45/81 2893/45/81 2892/45/81
f 2895/45/301 2897/45/301 2894/45/301 2892/45/301
f 2913/45/301 2896/45/301 2895/45/301 2890/45/301
f 2896/45/301 2899/45/301 2897/45/301 2895/45/301
f 2899/45/301 2900/45/301 2898/45/301 2897/45/301
f 2897/45/301 2898/45/301 2939/45/301 2894/45/301
f 2903/45/301 2901/45/301 2899/45/301 2896/45/301
f 2901/45/301 2902/45/301 2900/45/301 2899/45/301
f 2904/45/301 2905/45/301 2902/45/301 2901/45/301
f 2907/45/301 2904/45/301 2901/45/301 2903/45/301
f 2904/45/262 2906/45/262 2945/45/262 2905/45/262
f 2907/45/262 2908/45/262 2906/45/262 2904/45/262
f 2909/45/262 2910/45/262 2908/45/262 2907/45/262
f 2909/45/301 2907/45/301 2903/45/301 2912/45/301
f 2911/45/262 2962/45/262 2910/45/262 2909/45/262
f 2911/45/301 2909/45/301 2912/45/301 2914/45/301
f 2914/45/301 2912/45/301 2913/45/301 2916/45/301
f 2912/45/301 2903/45/301 2896/45/301 2913/45/301
f 2914/45/300 2915/45/300 2962/45/300 2911/45/300
f 2916/45/300 2917/45/300 2915/45/300 2914/45/300
f 2887/45/300 2919/45/300 2917/45/300 2916/45/300
f 2916/45/301 2913/45/301 2890/45/301 2887/45/301
f 2917/45/300 2918/45/300 2961/45/300 2915/45/300
f 2919/45/300 2920/45/300 2918/45/300 2917/45/300
f 2888/45/300 2922/45/300 2920/45/300 2919/45/300
f 2920/45/300 2921/45/300 2965/45/300 2918/45/300
f 2922/45/300 2924/45/300 2921/45/300 2920/45/300
f 2891/45/81 2923/45/81 2922/45/81 2888/45/81
f 2923/45/81 2926/45/81 2924/45/81 2922/45/81
f 2924/45/300 2925/45/300 2967/45/300 2921/45/300
f 2926/45/81 2927/45/81 2925/45/81 2924/45/81
f 2928/45/81 2930/45/81 2927/45/81 2926/45/81
f 2929/45/81 2928/45/81 2926/45/81 2923/45/81
f 2934/45/81 2931/45/81 2928/45/81 2929/45/81
f 2931/45/81 2932/45/81 2930/45/81 2928/45/81
f 2933/45/81 2976/45/81 2932/45/81 2931/45/81
f 2936/45/81 2933/45/81 2931/45/81 2934/45/81
f 2935/45/81 2934/45/81 2929/45/81 2893/45/81
f 2938/45/81 2936/45/81 2934/45/81 2935/45/81
f 2940/45/302 2937/45/302 2936/45/302 2938/45/302
f 2937/45/302 2977/45/302 2933/45/302 2936/45/302
f 2939/45/81 2938/45/81 2935/45/81 2894/45/81
f 2898/45/302 2940/45/302 2938/45/302 2939/45/302
f 2900/45/302 2941/45/302 2940/45/302 2898/45/302
f 2941/45/302 2942/45/302 2937/45/302 2940/45/302
f 2902/45/302 2943/45/302 2941/45/302 2900/45/302
f 2943/45/302 2944/45/302 2942/45/302 2941/45/302
f 2905/45/302 2945/45/302 2943/45/302 2902/45/302
f 2945/45/302 2946/45/302 2944/45/302 2943/45/302
f 2906/45/262 2947/45/262 2946/45/262 2945/45/262
f 2946/45/302 2948/45/302 2949/45/302 2944/45/302
f 2947/45/262 2951/45/262 2948/45/262 2946/45/262
f 2948/45/302 2950/45/302 2979/45/302 2949/45/302
f 2951/45/262 2952/45/262 2950/45/262 2948/45/262
f 2953/45/262 2955/45/262 2952/45/262 2951/45/262
f 2954/45/262 2953/45/262 2951/45/262 2947/45/262
f 2959/45/262 2956/45/262 2953/45/262 2954/45/262
f 2956/45/262 2957/45/262 2955/45/262 2953/45/262
f 2958/45/262 2983/45/262 2957/45/262 2956/45/262
f 2960/45/262 2958/45/262 2956/45/262 2959/45/262
f 2910/45/262 2959/45/262 2954/45/262 2908/45/262
f 2962/45/262 2960/45/262 2959/45/262 2910/45/262
f 2915/45/300 2961/45/300 2960/45/300 2962/45/300
f 2961/45/300 2963/45/300 2958/45/300 2960/45/300
f 2918/45/300 2965/45/300 2963/45/300 2961/45/300
f 2963/45/300 2964/45/300 2983/45/300 2958/45/300
f 2965/45/300 2966/45/300 2964/45/300 2963/45/300
f 2921/45/300 2967/45/300 2966/45/300 2965/45/300
f 2968/45/303 2966/45/303 2967/45/303 2971/45/303
f 2969/45/303 2964/45/303 2966/45/303 2968/45/303
f 2982/45/303 2969/45/303 2968/45/303 2970/45/303
f 2970/45/303 2968/45/303 2971/45/303 2972/45/303
f 2971/45/303 2967/45/303 2925/45/303 2927/45/303
f 2972/45/303 2971/45/303 2927/45/303 2930/45/303
f 2973/45/303 2972/45/303 2930/45/303 2932/45/303
f 2974/45/303 2970/45/303 2972/45/303 2973/45/303
f 2975/45/303 2973/45/303 2932/45/303 2976/45/303
f 2978/45/303 2974/45/303 2973/45/303 2975/45/303
f 2977/45/302 2975/45/302 2976/45/302 2933/45/302
f 2980/45/302 2978/45/302 2975/45/302 2977/45/302
f 2949/45/302 2979/45/302 2978/45/302 2980/45/302
f 2979/45/303 2981/45/303 2974/45/303 2978/45/303
f 2942/45/302 2980/45/302 2977/45/302 2937/45/302
f 2944/45/302 2949/45/302 2980/45/302 2942/45/302
f 2950/45/303 2952/45/303 2981/45/303 2979/45/303
f 2952/45/303 2955/45/303 2982/45/303 2981/45/303
f 2981/45/303 2982/45/303 2970/45/303 2974/45/303
f 2955/45/303 2957/45/303 2969/45/303 2982/45/303
f 2957/45/303 2983/45/303 2964/45/303 2969/45/303
f 2908/45/262 2954/45/262 2947/45/262 2906/45/262
f 2893/45/81 2929/45/81 2923/45/81 2891/45/81
s 0
f 2988/45/304 2984/45/304 2985/45/304 2990/45/304
f 2984/45/305 2986/45/305 3554/45/305 2985/45/305
f 2987/45/306 3555/45/306 2986/45/306 2984/45/306
f 2991/45/307 2987/45/307 2984/45/307 2988/45/307
f 2993/45/308 2991/45/308 2988/45/308 2989/45/308
f 2989/45/309 2988/45/309 2990/45/309 3003/45/309
f 2992/45/310 3558/45/310 2987/45/310 2991/45/310
f 2994/45/311 2992/45/311 2991/45/311 2993/45/311
f 2996/45/312 2994/45/312 2993/45/312 2995/45/312
f 2995/45/313 2993/45/313 2989/45/313 2998/45/313
f 3038/45/314 2996/45/314 2995/45/314 2997/45/314
f 2997/45/315 2995/45/315 2998/45/315 2999/45/315
f 2999/45/316 2998/45/316 3000/45/316 3001/45/316
f 2998/45/317 2989/45/317 3003/45/317 3000/45/317
f 3001/45/318 3000/45/318 3002/45/318 3050/45/318
f 3000/45/319 3003/45/319 3004/45/319 3002/45/319
f 3003/45/320 2990/45/320 3006/45/320 3004/45/320
f 3002/45/321 3004/45/321 3005/45/321 3053/45/321
f 3004/45/322 3006/45/322 3007/45/322 3005/45/322
f 2990/45/323 2985/45/323 3008/45/323 3006/45/323
f 3006/45/324 3008/45/324 3010/45/324 3007/45/324
f 2985/45/325 3554/45/325 3009/45/325 3008/45/325
f 3008/45/326 3009/45/326 3011/45/326 3010/45/326
f 3010/45/327 3011/45/327 3013/45/327 3012/45/327
f 3007/45/328 3010/45/328 3012/45/328 3015/45/328
f 3012/45/329 3013/45/329 3559/45/329 3014/45/329
f 3015/45/330 3012/45/330 3014/45/330 3017/45/330
f 3005/45/331 3007/45/331 3015/45/331 3016/45/331
f 3016/45/332 3015/45/332 3017/45/332 3018/45/332
f 3018/45/333 3017/45/333 3019/45/333 3020/45/333
f 3017/45/334 3014/45/334 3022/45/334 3019/45/334
f 3020/45/335 3019/45/335 3021/45/335 3061/45/335
f 3019/45/336 3022/45/336 3024/45/336 3021/45/336
f 3014/45/337 3559/45/337 3023/45/337 3022/45/337
f 3022/45/338 3023/45/338 3025/45/338 3024/45/338
f 3024/45/339 3025/45/339 3027/45/339 3026/45/339
f 3021/45/340 3024/45/340 3026/45/340 3029/45/340
f 3026/45/341 3027/45/341 3557/45/341 3028/45/341
f 3029/45/342 3026/45/342 3028/45/342 3031/45/342
f 3061/45/343 3021/45/343 3029/45/343 3030/45/343
f 3030/45/344 3029/45/344 3031/45/344 3032/45/344
f 3032/45/345 3031/45/345 2992/45/345 2994/45/345
f 3031/45/346 3028/45/346 3558/45/346 2992/45/346
f 3034/45/347 3030/45/347 3032/45/347 3033/45/347
f 3033/45/348 3032/45/348 2994/45/348 2996/45/348
f 3036/45/349 3034/45/349 3033/45/349 3035/45/349
f 3035/45/350 3033/45/350 2996/45/350 3038/45/350
f 3065/45/351 3036/45/351 3035/45/351 3037/45/351
f 3037/45/352 3035/45/352 3038/45/352 3039/45/352
f 3039/45/353 3038/45/353 2997/45/353 3041/45/353
f 3068/45/354 3037/45/354 3039/45/354 3040/45/354
f 3040/45/355 3039/45/355 3041/45/355 3042/45/355
f 3042/45/356 3041/45/356 3043/45/356 3044/45/356
f 3041/45/357 2997/45/357 2999/45/357 3043/45/357
f 3044/45/358 3043/45/358 3045/45/358 3046/45/358
f 3043/45/359 2999/45/359 3001/45/359 3045/45/359
f 3046/45/360 3045/45/360 3047/45/360 3048/45/360
f 3045/45/361 3001/45/361 3050/45/361 3047/45/361
f 3048/45/362 3047/45/362 3049/45/362 3084/45/362
f 3047/45/363 3050/45/363 3051/45/363 3049/45/363
f 3050/45/364 3002/45/364 3053/45/364 3051/45/364
f 3049/45/365 3051/45/365 3052/45/365 3087/45/365
f 3051/45/366 3053/45/366 3054/45/366 3052/45/366
f 3053/45/367 3005/45/367 3016/45/367 3054/45/367
f 3052/45/368 3054/45/368 3055/45/368 3056/45/368
f 3054/45/369 3016/45/369 3018/45/369 3055/45/369
f 3056/45/370 3055/45/370 3057/45/370 3058/45/370
f 3055/45/371 3018/45/371 3020/45/371 3057/45/371
f 3058/45/372 3057/45/372 3059/45/372 3060/45/372
f 3057/45/373 3020/45/373 3061/45/373 3059/45/373
f 3060/45/374 3059/45/374 3034/45/374 3036/45/374
f 3059/45/592 3061/45/592 3030/45/592 3034/45/592
f 3063/45/376 3058/45/376 3060/45/376 3062/45/376
f 3062/45/377 3060/45/377 3036/45/377 3065/45/377
f 3090/45/378 3063/45/378 3062/45/378 3064/45/378
f 3064/45/379 3062/45/379 3065/45/379 3066/45/379
f 3066/45/380 3065/45/380 3037/45/380 3068/45/380
f 3093/45/381 3064/45/381 3066/45/381 3067/45/381
f 3067/45/382 3066/45/382 3068/45/382 3069/45/382
f 3069/45/383 3068/45/383 3040/45/383 3071/45/383
f 3096/45/384 3067/45/384 3069/45/384 3070/45/384
f 3070/45/596 3069/45/596 3071/45/596 3072/45/596
f 3072/45/386 3071/45/386 3073/45/386 3074/45/386
f 3071/45/387 3040/45/387 3042/45/387 3073/45/387
f 3074/45/388 3073/45/388 3075/45/388 3076/45/388
f 3073/45/733 3042/45/733 3044/45/733 3075/45/733
f 3076/45/390 3075/45/390 3077/45/390 3078/45/390
f 3075/45/391 3044/45/391 3046/45/391 3077/45/391
f 3078/45/392 3077/45/392 3079/45/392 3080/45/392
f 3077/45/393 3046/45/393 3048/45/393 3079/45/393
f 3080/45/394 3079/45/394 3081/45/394 3082/45/394
f 3079/45/395 3048/45/395 3084/45/395 3081/45/395
f 3082/45/396 3081/45/396 3083/45/396 3116/45/396
f 3081/45/599 3084/45/599 3085/45/599 3083/45/599
f 3084/45/398 3049/45/398 3087/45/398 3085/45/398
f 3083/45/399 3085/45/399 3086/45/399 3089/45/399
f 3085/45/400 3087/45/400 3088/45/400 3086/45/400
f 3087/45/401 3052/45/401 3056/45/401 3088/45/401
f 3086/45/402 3088/45/402 3063/45/402 3090/45/402
f 3088/45/403 3056/45/403 3058/45/403 3063/45/403
f 3089/45/735 3086/45/735 3090/45/735 3091/45/735
f 3091/45/405 3090/45/405 3064/45/405 3093/45/405
f 3117/45/406 3089/45/406 3091/45/406 3092/45/406
f 3092/45/407 3091/45/407 3093/45/407 3094/45/407
f 3094/45/408 3093/45/408 3067/45/408 3096/45/408
f 3119/45/409 3092/45/409 3094/45/409 3095/45/409
f 3095/45/410 3094/45/410 3096/45/410 3097/45/410
f 3097/45/411 3096/45/411 3070/45/411 3099/45/411
f 3122/45/412 3095/45/412 3097/45/412 3098/45/412
f 3098/45/413 3097/45/413 3099/45/413 3100/45/413
f 3100/45/414 3099/45/414 3101/45/414 3102/45/414
f 3099/45/415 3070/45/415 3072/45/415 3101/45/415
f 3102/45/749 3101/45/749 3103/45/749 3104/45/749
f 3101/45/417 3072/45/417 3074/45/417 3103/45/417
f 3104/45/418 3103/45/418 3105/45/418 3106/45/418
f 3103/45/419 3074/45/419 3076/45/419 3105/45/419
f 3106/45/420 3105/45/420 3107/45/420 3108/45/420
f 3105/45/421 3076/45/421 3078/45/421 3107/45/421
f 3108/45/422 3107/45/422 3109/45/422 3110/45/422
f 3107/45/423 3078/45/423 3080/45/423 3109/45/423
f 3110/45/424 3109/45/424 3111/45/424 3112/45/424
f 3109/45/425 3080/45/425 3082/45/425 3111/45/425
f 3112/45/426 3111/45/426 3113/45/426 3114/45/426
f 3111/45/427 3082/45/427 3116/45/427 3113/45/427
f 3114/45/428 3113/45/428 3115/45/428 3118/45/428
f 3113/45/429 3116/45/429 3117/45/429 3115/45/429
f 3116/45/430 3083/45/430 3089/45/430 3117/45/430
f 3115/45/431 3117/45/431 3092/45/431 3119/45/431
f 3118/45/432 3115/45/432 3119/45/432 3120/45/432
f 3120/45/433 3119/45/433 3095/45/433 3122/45/433
f 3143/45/434 3118/45/434 3120/45/434 3121/45/434
f 3121/45/435 3120/45/435 3122/45/435 3123/45/435
f 3123/45/436 3122/45/436 3098/45/436 3125/45/436
f 3146/45/437 3121/45/437 3123/45/437 3124/45/437
f 3124/45/438 3123/45/438 3125/45/438 3126/45/438
f 3126/45/439 3125/45/439 3127/45/439 3128/45/439
f 3125/45/440 3098/45/440 3100/45/440 3127/45/440
f 3128/45/441 3127/45/441 3129/45/441 3130/45/441
f 3127/45/442 3100/45/442 3102/45/442 3129/45/442
f 3130/45/443 3129/45/443 3131/45/443 3132/45/443
f 3129/45/444 3102/45/444 3104/45/444 3131/45/444
f 3132/45/445 3131/45/445 3133/45/445 3134/45/445
f 3131/45/446 3104/45/446 3106/45/446 3133/45/446
f 3134/45/447 3133/45/447 3135/45/447 3136/45/447
f 3133/45/448 3106/45/448 3108/45/448 3135/45/448
f 3136/45/449 3135/45/449 3137/45/449 3138/45/449
f 3135/45/450 3108/45/450 3110/45/450 3137/45/450
f 3138/45/451 3137/45/451 3139/45/451 3140/45/451
f 3137/45/452 3110/45/452 3112/45/452 3139/45/452
f 3140/45/453 3139/45/453 3141/45/453 3142/45/453
f 3139/45/750 3112/45/750 3114/45/750 3141/45/750
f 3142/45/455 3141/45/455 3143/45/455 3144/45/455
f 3141/45/456 3114/45/456 3118/45/456 3143/45/456
f 3144/45/457 3143/45/457 3121/45/457 3146/45/457
f 3167/45/458 3142/45/458 3144/45/458 3145/45/458
f 3145/45/459 3144/45/459 3146/45/459 3147/45/459
f 3147/45/460 3146/45/460 3124/45/460 3149/45/460
f 3170/45/461 3145/45/461 3147/45/461 3148/45/461
f 3148/45/462 3147/45/462 3149/45/462 3150/45/462
f 3150/45/463 3149/45/463 3151/45/463 3152/45/463
f 3149/45/464 3124/45/464 3126/45/464 3151/45/464
f 3152/45/465 3151/45/465 3153/45/465 3154/45/465
f 3151/45/466 3126/45/466 3128/45/466 3153/45/466
f 3154/45/467 3153/45/467 3155/45/467 3156/45/467
f 3153/45/468 3128/45/468 3130/45/468 3155/45/468
f 3156/45/469 3155/45/469 3157/45/469 3158/45/469
f 3155/45/470 3130/45/470 3132/45/470 3157/45/470
f 3158/45/471 3157/45/471 3159/45/471 3160/45/471
f 3157/45/472 3132/45/472 3134/45/472 3159/45/472
f 3160/45/473 3159/45/473 3161/45/473 3162/45/473
f 3159/45/474 3134/45/474 3136/45/474 3161/45/474
f 3162/45/475 3161/45/475 3163/45/475 3164/45/475
f 3161/45/476 3136/45/476 3138/45/476 3163/45/476
f 3164/45/477 3163/45/477 3165/45/477 3166/45/477
f 3163/45/603 3138/45/603 3140/45/603 3165/45/603
f 3166/45/479 3165/45/479 3167/45/479 3168/45/479
f 3165/45/480 3140/45/480 3142/45/480 3167/45/480
f 3168/45/481 3167/45/481 3145/45/481 3170/45/481
f 3191/45/482 3166/45/482 3168/45/482 3169/45/482
f 3169/45/483 3168/45/483 3170/45/483 3171/45/483
f 3171/45/484 3170/45/484 3148/45/484 3173/45/484
f 3194/45/485 3169/45/485 3171/45/485 3172/45/485
f 3172/45/486 3171/45/486 3173/45/486 3174/45/486
f 3174/45/487 3173/45/487 3175/45/487 3176/45/487
f 3173/45/488 3148/45/488 3150/45/488 3175/45/488
f 3176/45/489 3175/45/489 3177/45/489 3178/45/489
f 3175/45/490 3150/45/490 3152/45/490 3177/45/490
f 3178/45/751 3177/45/751 3179/45/751 3180/45/751
f 3177/45/492 3152/45/492 3154/45/492 3179/45/492
f 3180/45/493 3179/45/493 3181/45/493 3182/45/493
f 3179/45/494 3154/45/494 3156/45/494 3181/45/494
f 3182/45/495 3181/45/495 3183/45/495 3184/45/495
f 3181/45/496 3156/45/496 3158/45/496 3183/45/496
f 3184/45/497 3183/45/497 3185/45/497 3186/45/497
f 3183/45/498 3158/45/498 3160/45/498 3185/45/498
f 3186/45/499 3185/45/499 3187/45/499 3188/45/499
f 3185/45/500 3160/45/500 3162/45/500 3187/45/500
f 3188/45/501 3187/45/501 3189/45/501 3190/45/501
f 3187/45/502 3162/45/502 3164/45/502 3189/45/502
f 3190/45/503 3189/45/503 3191/45/503 3192/45/503
f 3189/45/504 3164/45/504 3166/45/504 3191/45/504
f 3192/45/604 3191/45/604 3169/45/604 3194/45/604
f 3215/45/606 3190/45/606 3192/45/606 3193/45/606
f 3193/45/507 3192/45/507 3194/45/507 3195/45/507
f 3195/45/508 3194/45/508 3172/45/508 3197/45/508
f 3218/45/509 3193/45/509 3195/45/509 3196/45/509
f 3196/45/510 3195/45/510 3197/45/510 3198/45/510
f 3198/45/511 3197/45/511 3199/45/511 3200/45/511
f 3197/45/512 3172/45/512 3174/45/512 3199/45/512
f 3200/45/752 3199/45/752 3201/45/752 3202/45/752
f 3199/45/514 3174/45/514 3176/45/514 3201/45/514
f 3202/45/515 3201/45/515 3203/45/515 3204/45/515
f 3201/45/516 3176/45/516 3178/45/516 3203/45/516
f 3204/45/517 3203/45/517 3205/45/517 3206/45/517
f 3203/45/518 3178/45/518 3180/45/518 3205/45/518
f 3206/45/519 3205/45/519 3207/45/519 3208/45/519
f 3205/45/520 3180/45/520 3182/45/520 3207/45/520
f 3208/45/521 3207/45/521 3209/45/521 3210/45/521
f 3207/45/522 3182/45/522 3184/45/522 3209/45/522
f 3210/45/608 3209/45/608 3211/45/608 3212/45/608
f 3209/45/524 3184/45/524 3186/45/524 3211/45/524
f 3212/45/525 3211/45/525 3213/45/525 3214/45/525
f 3211/45/526 3186/45/526 3188/45/526 3213/45/526
f 3214/45/527 3213/45/527 3215/45/527 3216/45/527
f 3213/45/528 3188/45/528 3190/45/528 3215/45/528
f 3216/45/529 3215/45/529 3193/45/529 3218/45/529
f 3239/45/530 3214/45/530 3216/45/530 3217/45/530
f 3217/45/531 3216/45/531 3218/45/531 3219/45/531
f 3219/45/532 3218/45/532 3196/45/532 3221/45/532
f 3242/45/533 3217/45/533 3219/45/533 3220/45/533
f 3220/45/534 3219/45/534 3221/45/534 3222/45/534
f 3222/45/535 3221/45/535 3223/45/535 3224/45/535
f 3221/45/536 3196/45/536 3198/45/536 3223/45/536
f 3224/45/537 3223/45/537 3225/45/537 3226/45/537
f 3223/45/538 3198/45/538 3200/45/538 3225/45/538
f 3226/45/539 3225/45/539 3227/45/539 3228/45/539
f 3225/45/540 3200/45/540 3202/45/540 3227/45/540
f 3228/45/541 3227/45/541 3229/45/541 3230/45/541
f 3227/45/542 3202/45/542 3204/45/542 3229/45/542
f 3230/45/543 3229/45/543 3231/45/543 3232/45/543
f 3229/45/544 3204/45/544 3206/45/544 3231/45/544
f 3232/45/545 3231/45/545 3233/45/545 3234/45/545
f 3231/45/546 3206/45/546 3208/45/546 3233/45/546
f 3234/45/547 3233/45/547 3235/45/547 3236/45/547
f 3233/45/548 3208/45/548 3210/45/548 3235/45/548
f 3236/45/549 3235/45/549 3237/45/549 3238/45/549
f 3235/45/550 3210/45/550 3212/45/550 3237/45/550
f 3238/45/551 3237/45/551 3239/45/551 3240/45/551
f 3237/45/552 3212/45/552 3214/45/552 3239/45/552
f 3240/45/553 3239/45/553 3217/45/553 3242/45/553
f 3263/45/554 3238/45/554 3240/45/554 3241/45/554
f 3241/45/555 3240/45/555 3242/45/555 3243/45/555
f 3243/45/556 3242/45/556 3220/45/556 3245/45/556
f 3266/45/557 3241/45/557 3243/45/557 3244/45/557
f 3244/45/753 3243/45/753 3245/45/753 3246/45/753
f 3246/45/559 3245/45/559 3247/45/559 3248/45/559
f 3245/45/560 3220/45/560 3222/45/560 3247/45/560
f 3248/45/615 3247/45/615 3249/45/615 3250/45/615
f 3247/45/562 3222/45/562 3224/45/562 3249/45/562
f 3250/45/563 3249/45/563 3251/45/563 3252/45/563
f 3249/45/564 3224/45/564 3226/45/564 3251/45/564
f 3252/45/565 3251/45/565 3253/45/565 3254/45/565
f 3251/45/566 3226/45/566 3228/45/566 3253/45/566
f 3254/45/567 3253/45/567 3255/45/567 3256/45/567
f 3253/45/568 3228/45/568 3230/45/568 3255/45/568
f 3256/45/569 3255/45/569 3257/45/569 3258/45/569
f 3255/45/570 3230/45/570 3232/45/570 3257/45/570
f 3258/45/616 3257/45/616 3259/45/616 3260/45/616
f 3257/45/572 3232/45/572 3234/45/572 3259/45/572
f 3260/45/573 3259/45/573 3261/45/573 3262/45/573
f 3259/45/574 3234/45/574 3236/45/574 3261/45/574
f 3262/45/575 3261/45/575 3263/45/575 3264/45/575
f 3261/45/576 3236/45/576 3238/45/576 3263/45/576
f 3264/45/577 3263/45/577 3241/45/577 3266/45/577
f 3287/45/578 3262/45/578 3264/45/578 3265/45/578
f 3265/45/579 3264/45/579 3266/45/579 3267/45/579
f 3267/45/580 3266/45/580 3244/45/580 3269/45/580
f 3290/45/337 3265/45/337 3267/45/337 3268/45/337
f 3268/45/329 3267/45/329 3269/45/329 3270/45/329
f 3270/45/327 3269/45/327 3271/45/327 3272/45/327
f 3269/45/581 3244/45/581 3246/45/581 3271/45/581
f 3272/45/326 3271/45/326 3273/45/326 3274/45/326
f 3271/45/582 3246/45/582 3248/45/582 3273/45/582
f 3274/45/325 3273/45/325 3275/45/325 3276/45/325
f 3273/45/583 3248/45/583 3250/45/583 3275/45/583
f 3276/45/305 3275/45/305 3277/45/305 3278/45/305
f 3275/45/584 3250/45/584 3252/45/584 3277/45/584
f 3278/45/306 3277/45/306 3279/45/306 3280/45/306
f 3277/45/585 3252/45/585 3254/45/585 3279/45/585
f 3280/45/586 3279/45/586 3281/45/586 3282/45/586
f 3279/45/587 3254/45/587 3256/45/587 3281/45/587
f 3282/45/588 3281/45/588 3283/45/588 3284/45/588
f 3281/45/589 3256/45/589 3258/45/589 3283/45/589
f 3284/45/341 3283/45/341 3285/45/341 3286/45/341
f 3283/45/590 3258/45/590 3260/45/590 3285/45/590
f 3286/45/339 3285/45/339 3287/45/339 3288/45/339
f 3285/45/591 3260/45/591 3262/45/591 3287/45/591
f 3288/45/338 3287/45/338 3265/45/338 3290/45/338
f 3311/45/340 3286/45/340 3288/45/340 3289/45/340
f 3289/45/336 3288/45/336 3290/45/336 3291/45/336
f 3291/45/334 3290/45/334 3268/45/334 3293/45/334
f 3314/45/335 3289/45/335 3291/45/335 3292/45/335
f 3292/45/333 3291/45/333 3293/45/333 3294/45/333
f 3294/45/332 3293/45/332 3295/45/332 3296/45/332
f 3293/45/330 3268/45/330 3270/45/330 3295/45/330
f 3296/45/331 3295/45/331 3297/45/331 3298/45/331
f 3295/45/328 3270/45/328 3272/45/328 3297/45/328
f 3298/45/322 3297/45/322 3299/45/322 3300/45/322
f 3297/45/324 3272/45/324 3274/45/324 3299/45/324
f 3300/45/320 3299/45/320 3301/45/320 3302/45/320
f 3299/45/323 3274/45/323 3276/45/323 3301/45/323
f 3302/45/309 3301/45/309 3303/45/309 3304/45/309
f 3301/45/304 3276/45/304 3278/45/304 3303/45/304
f 3304/45/308 3303/45/308 3305/45/308 3306/45/308
f 3303/45/307 3278/45/307 3280/45/307 3305/45/307
f 3306/45/311 3305/45/311 3307/45/311 3308/45/311
f 3305/45/310 3280/45/310 3282/45/310 3307/45/310
f 3308/45/345 3307/45/345 3309/45/345 3310/45/345
f 3307/45/346 3282/45/346 3284/45/346 3309/45/346
f 3310/45/344 3309/45/344 3311/45/344 3312/45/344
f 3309/45/342 3284/45/342 3286/45/342 3311/45/342
f 3312/45/343 3311/45/343 3289/45/343 3314/45/343
f 3335/45/347 3310/45/347 3312/45/347 3313/45/347
f 3313/45/592 3312/45/592 3314/45/592 3315/45/592
f 3315/45/373 3314/45/373 3292/45/373 3317/45/373
f 3338/45/374 3313/45/374 3315/45/374 3316/45/374
f 3316/45/372 3315/45/372 3317/45/372 3318/45/372
f 3318/45/370 3317/45/370 3319/45/370 3320/45/370
f 3317/45/371 3292/45/371 3294/45/371 3319/45/371
f 3320/45/368 3319/45/368 3321/45/368 3322/45/368
f 3319/45/369 3294/45/369 3296/45/369 3321/45/369
f 3322/45/366 3321/45/366 3323/45/366 3324/45/366
f 3321/45/367 3296/45/367 3298/45/367 3323/45/367
f 3324/45/364 3323/45/364 3325/45/364 3326/45/364
f 3323/45/321 3298/45/321 3300/45/321 3325/45/321
f 3326/45/318 3325/45/318 3327/45/318 3328/45/318
f 3325/45/319 3300/45/319 3302/45/319 3327/45/319
f 3328/45/316 3327/45/316 3329/45/316 3330/45/316
f 3327/45/317 3302/45/317 3304/45/317 3329/45/317
f 3330/45/315 3329/45/315 3331/45/315 3332/45/315
f 3329/45/313 3304/45/313 3306/45/313 3331/45/313
f 3332/45/314 3331/45/314 3333/45/314 3334/45/314
f 3331/45/312 3306/45/312 3308/45/312 3333/45/312
f 3334/45/350 3333/45/350 3335/45/350 3336/45/350
f 3333/45/348 3308/45/348 3310/45/348 3335/45/348
f 3336/45/349 3335/45/349 3313/45/349 3338/45/349
f 3359/45/352 3334/45/352 3336/45/352 3337/45/352
f 3337/45/351 3336/45/351 3338/45/351 3339/45/351
f 3339/45/377 3338/45/377 3316/45/377 3341/45/377
f 3362/45/380 3337/45/380 3339/45/380 3340/45/380
f 3340/45/379 3339/45/379 3341/45/379 3342/45/379
f 3342/45/594 3341/45/594 3343/45/594 3344/45/594
f 3341/45/376 3316/45/376 3318/45/376 3343/45/376
f 3344/45/734 3343/45/734 3345/45/734 3346/45/734
f 3343/45/403 3318/45/403 3320/45/403 3345/45/403
f 3346/45/400 3345/45/400 3347/45/400 3348/45/400
f 3345/45/401 3320/45/401 3322/45/401 3347/45/401
f 3348/45/398 3347/45/398 3349/45/398 3350/45/398
f 3347/45/365 3322/45/365 3324/45/365 3349/45/365
f 3350/45/362 3349/45/362 3351/45/362 3352/45/362
f 3349/45/363 3324/45/363 3326/45/363 3351/45/363
f 3352/45/360 3351/45/360 3353/45/360 3354/45/360
f 3351/45/361 3326/45/361 3328/45/361 3353/45/361
f 3354/45/358 3353/45/358 3355/45/358 3356/45/358
f 3353/45/359 3328/45/359 3330/45/359 3355/45/359
f 3356/45/595 3355/45/595 3357/45/595 3358/45/595
f 3355/45/357 3330/45/357 3332/45/357 3357/45/357
f 3358/45/355 3357/45/355 3359/45/355 3360/45/355
f 3357/45/353 3332/45/353 3334/45/353 3359/45/353
f 3360/45/354 3359/45/354 3337/45/354 3362/45/354
f 3383/45/387 3358/45/387 3360/45/387 3361/45/387
f 3361/45/383 3360/45/383 3362/45/383 3363/45/383
f 3363/45/382 3362/45/382 3340/45/382 3365/45/382
f 3386/45/596 3361/45/596 3363/45/596 3364/45/596
f 3364/45/754 3363/45/754 3365/45/754 3366/45/754
f 3366/45/408 3365/45/408 3367/45/408 3368/45/408
f 3365/45/381 3340/45/381 3342/45/381 3367/45/381
f 3368/45/407 3367/45/407 3369/45/407 3370/45/407
f 3367/45/597 3342/45/597 3344/45/597 3369/45/597
f 3370/45/406 3369/45/406 3371/45/406 3372/45/406
f 3369/45/404 3344/45/404 3346/45/404 3371/45/404
f 3372/45/430 3371/45/430 3373/45/430 3374/45/430
f 3371/45/399 3346/45/399 3348/45/399 3373/45/399
f 3374/45/396 3373/45/396 3375/45/396 3376/45/396
f 3373/45/599 3348/45/599 3350/45/599 3375/45/599
f 3376/45/394 3375/45/394 3377/45/394 3378/45/394
f 3375/45/395 3350/45/395 3352/45/395 3377/45/395
f 3378/45/392 3377/45/392 3379/45/392 3380/45/392
f 3377/45/393 3352/45/393 3354/45/393 3379/45/393
f 3380/45/390 3379/45/390 3381/45/390 3382/45/390
f 3379/45/391 3354/45/391 3356/45/391 3381/45/391
f 3382/45/388 3381/45/388 3383/45/388 3384/45/388
f 3381/45/733 3356/45/733 3358/45/733 3383/45/733
f 3384/45/386 3383/45/386 3361/45/386 3386/45/386
f 3407/45/419 3382/45/419 3384/45/419 3385/45/419
f 3385/45/417 3384/45/417 3386/45/417 3387/45/417
f 3387/45/415 3386/45/415 3364/45/415 3389/45/415
f 3410/45/416 3385/45/416 3387/45/416 3388/45/416
f 3388/45/414 3387/45/414 3389/45/414 3390/45/414
f 3390/45/413 3389/45/413 3391/45/413 3392/45/413
f 3389/45/411 3364/45/411 3366/45/411 3391/45/411
f 3392/45/412 3391/45/412 3393/45/412 3394/45/412
f 3391/45/410 3366/45/410 3368/45/410 3393/45/410
f 3394/45/433 3393/45/433 3395/45/433 3396/45/433
f 3393/45/409 3368/45/409 3370/45/409 3395/45/409
f 3396/45/432 3395/45/432 3397/45/432 3398/45/432
f 3395/45/431 3370/45/431 3372/45/431 3397/45/431
f 3398/45/428 3397/45/428 3399/45/428 3400/45/428
f 3397/45/429 3372/45/429 3374/45/429 3399/45/429
f 3400/45/426 3399/45/426 3401/45/426 3402/45/426
f 3399/45/427 3374/45/427 3376/45/427 3401/45/427
f 3402/45/424 3401/45/424 3403/45/424 3404/45/424
f 3401/45/425 3376/45/425 3378/45/425 3403/45/425
f 3404/45/422 3403/45/422 3405/45/422 3406/45/422
f 3403/45/423 3378/45/423 3380/45/423 3405/45/423
f 3406/45/420 3405/45/420 3407/45/420 3408/45/420
f 3405/45/421 3380/45/421 3382/45/421 3407/45/421
f 3408/45/418 3407/45/418 3385/45/418 3410/45/418
f 3431/45/448 3406/45/448 3408/45/448 3409/45/448
f 3409/45/446 3408/45/446 3410/45/446 3411/45/446
f 3411/45/444 3410/45/444 3388/45/444 3413/45/444
f 3434/45/445 3409/45/445 3411/45/445 3412/45/445
f 3412/45/443 3411/45/443 3413/45/443 3414/45/443
f 3414/45/441 3413/45/441 3415/45/441 3416/45/441
f 3413/45/442 3388/45/442 3390/45/442 3415/45/442
f 3416/45/439 3415/45/439 3417/45/439 3418/45/439
f 3415/45/440 3390/45/440 3392/45/440 3417/45/440
f 3418/45/438 3417/45/438 3419/45/438 3420/45/438
f 3417/45/436 3392/45/436 3394/45/436 3419/45/436
f 3420/45/437 3419/45/437 3421/45/437 3422/45/437
f 3419/45/435 3394/45/435 3396/45/435 3421/45/435
f 3422/45/457 3421/45/457 3423/45/457 3424/45/457
f 3421/45/434 3396/45/434 3398/45/434 3423/45/434
f 3424/45/455 3423/45/455 3425/45/455 3426/45/455
f 3423/45/456 3398/45/456 3400/45/456 3425/45/456
f 3426/45/453 3425/45/453 3427/45/453 3428/45/453
f 3425/45/454 3400/45/454 3402/45/454 3427/45/454
f 3428/45/451 3427/45/451 3429/45/451 3430/45/451
f 3427/45/452 3402/45/452 3404/45/452 3429/45/452
f 3430/45/449 3429/45/449 3431/45/449 3432/45/449
f 3429/45/450 3404/45/450 3406/45/450 3431/45/450
f 3432/45/447 3431/45/447 3409/45/447 3434/45/447
f 3455/45/476 3430/45/476 3432/45/476 3433/45/476
f 3433/45/474 3432/45/474 3434/45/474 3435/45/474
f 3435/45/472 3434/45/472 3412/45/472 3437/45/472
f 3458/45/473 3433/45/473 3435/45/473 3436/45/473
f 3436/45/471 3435/45/471 3437/45/471 3438/45/471
f 3438/45/469 3437/45/469 3439/45/469 3440/45/469
f 3437/45/470 3412/45/470 3414/45/470 3439/45/470
f 3440/45/467 3439/45/467 3441/45/467 3442/45/467
f 3439/45/468 3414/45/468 3416/45/468 3441/45/468
f 3442/45/465 3441/45/465 3443/45/465 3444/45/465
f 3441/45/466 3416/45/466 3418/45/466 3443/45/466
f 3444/45/463 3443/45/463 3445/45/463 3446/45/463
f 3443/45/464 3418/45/464 3420/45/464 3445/45/464
f 3446/45/462 3445/45/462 3447/45/462 3448/45/462
f 3445/45/460 3420/45/460 3422/45/460 3447/45/460
f 3448/45/461 3447/45/461 3449/45/461 3450/45/461
f 3447/45/459 3422/45/459 3424/45/459 3449/45/459
f 3450/45/481 3449/45/481 3451/45/481 3452/45/481
f 3449/45/458 3424/45/458 3426/45/458 3451/45/458
f 3452/45/479 3451/45/479 3453/45/479 3454/45/479
f 3451/45/480 3426/45/480 3428/45/480 3453/45/480
f 3454/45/477 3453/45/477 3455/45/477 3456/45/477
f 3453/45/478 3428/45/478 3430/45/478 3455/45/478
f 3456/45/475 3455/45/475 3433/45/475 3458/45/475
f 3479/45/504 3454/45/504 3456/45/504 3457/45/504
f 3457/45/502 3456/45/502 3458/45/502 3459/45/502
f 3459/45/500 3458/45/500 3436/45/500 3461/45/500
f 3482/45/501 3457/45/501 3459/45/501 3460/45/501
f 3460/45/499 3459/45/499 3461/45/499 3462/45/499
f 3462/45/497 3461/45/497 3463/45/497 3464/45/497
f 3461/45/498 3436/45/498 3438/45/498 3463/45/498
f 3464/45/495 3463/45/495 3465/45/495 3466/45/495
f 3463/45/496 3438/45/496 3440/45/496 3465/45/496
f 3466/45/493 3465/45/493 3467/45/493 3468/45/493
f 3465/45/494 3440/45/494 3442/45/494 3467/45/494
f 3468/45/491 3467/45/491 3469/45/491 3470/45/491
f 3467/45/492 3442/45/492 3444/45/492 3469/45/492
f 3470/45/489 3469/45/489 3471/45/489 3472/45/489
f 3469/45/490 3444/45/490 3446/45/490 3471/45/490
f 3472/45/487 3471/45/487 3473/45/487 3474/45/487
f 3471/45/488 3446/45/488 3448/45/488 3473/45/488
f 3474/45/486 3473/45/486 3475/45/486 3476/45/486
f 3473/45/484 3448/45/484 3450/45/484 3475/45/484
f 3476/45/485 3475/45/485 3477/45/485 3478/45/485
f 3475/45/483 3450/45/483 3452/45/483 3477/45/483
f 3478/45/604 3477/45/604 3479/45/604 3480/45/604
f 3477/45/482 3452/45/482 3454/45/482 3479/45/482
f 3480/45/503 3479/45/503 3457/45/503 3482/45/503
f 3503/45/507 3478/45/507 3480/45/507 3481/45/507
f 3481/45/606 3480/45/606 3482/45/606 3483/45/606
f 3483/45/528 3482/45/528 3460/45/528 3485/45/528
f 3506/45/529 3481/45/529 3483/45/529 3484/45/529
f 3484/45/527 3483/45/527 3485/45/527 3486/45/527
f 3486/45/607 3485/45/607 3487/45/607 3488/45/607
f 3485/45/526 3460/45/526 3462/45/526 3487/45/526
f 3488/45/608 3487/45/608 3489/45/608 3490/45/608
f 3487/45/524 3462/45/524 3464/45/524 3489/45/524
f 3490/45/521 3489/45/521 3491/45/521 3492/45/521
f 3489/45/522 3464/45/522 3466/45/522 3491/45/522
f 3492/45/519 3491/45/519 3493/45/519 3494/45/519
f 3491/45/737 3466/45/737 3468/45/737 3493/45/737
f 3494/45/517 3493/45/517 3495/45/517 3496/45/517
f 3493/45/518 3468/45/518 3470/45/518 3495/45/518
f 3496/45/515 3495/45/515 3497/45/515 3498/45/515
f 3495/45/516 3470/45/516 3472/45/516 3497/45/516
f 3498/45/513 3497/45/513 3499/45/513 3500/45/513
f 3497/45/514 3472/45/514 3474/45/514 3499/45/514
f 3500/45/611 3499/45/611 3501/45/611 3502/45/611
f 3499/45/512 3474/45/512 3476/45/512 3501/45/512
f 3502/45/510 3501/45/510 3503/45/510 3504/45/510
f 3501/45/508 3476/45/508 3478/45/508 3503/45/508
f 3504/45/509 3503/45/509 3481/45/509 3506/45/509
f 3527/45/536 3502/45/536 3504/45/536 3505/45/536
f 3505/45/532 3504/45/532 3506/45/532 3507/45/532
f 3507/45/531 3506/45/531 3484/45/531 3509/45/531
f 3530/45/534 3505/45/534 3507/45/534 3508/45/534
f 3508/45/533 3507/45/533 3509/45/533 3510/45/533
f 3510/45/553 3509/45/553 3511/45/553 3512/45/553
f 3509/45/530 3484/45/530 3486/45/530 3511/45/530
f 3512/45/551 3511/45/551 3513/45/551 3514/45/551
f 3511/45/612 3486/45/612 3488/45/612 3513/45/612
f 3514/45/549 3513/45/549 3515/45/549 3516/45/549
f 3513/45/550 3488/45/550 3490/45/550 3515/45/550
f 3516/45/547 3515/45/547 3517/45/547 3518/45/547
f 3515/45/548 3490/45/548 3492/45/548 3517/45/548
f 3518/45/545 3517/45/545 3519/45/545 3520/45/545
f 3517/45/546 3492/45/546 3494/45/546 3519/45/546
f 3520/45/543 3519/45/543 3521/45/543 3522/45/543
f 3519/45/544 3494/45/544 3496/45/544 3521/45/544
f 3522/45/541 3521/45/541 3523/45/541 3524/45/541
f 3521/45/542 3496/45/542 3498/45/542 3523/45/542
f 3524/45/539 3523/45/539 3525/45/539 3526/45/539
f 3523/45/614 3498/45/614 3500/45/614 3525/45/614
f 3526/45/537 3525/45/537 3527/45/537 3528/45/537
f 3525/45/738 3500/45/738 3502/45/738 3527/45/738
f 3528/45/535 3527/45/535 3505/45/535 3530/45/535
f 3551/45/564 3526/45/564 3528/45/564 3529/45/564
f 3529/45/562 3528/45/562 3530/45/562 3531/45/562
f 3531/45/560 3530/45/560 3508/45/560 3533/45/560
f 3553/45/615 3529/45/615 3531/45/615 3532/45/615
f 3532/45/559 3531/45/559 3533/45/559 3534/45/559
f 3534/45/558 3533/45/558 3535/45/558 3536/45/558
f 3533/45/556 3508/45/556 3510/45/556 3535/45/556
f 3536/45/557 3535/45/557 3537/45/557 3538/45/557
f 3535/45/555 3510/45/555 3512/45/555 3537/45/555
f 3538/45/577 3537/45/577 3539/45/577 3540/45/577
f 3537/45/554 3512/45/554 3514/45/554 3539/45/554
f 3540/45/575 3539/45/575 3541/45/575 3542/45/575
f 3539/45/576 3514/45/576 3516/45/576 3541/45/576
f 3542/45/573 3541/45/573 3543/45/573 3544/45/573
f 3541/45/574 3516/45/574 3518/45/574 3543/45/574
f 3544/45/616 3543/45/616 3545/45/616 3546/45/616
f 3543/45/572 3518/45/572 3520/45/572 3545/45/572
f 3546/45/569 3545/45/569 3547/45/569 3548/45/569
f 3545/45/570 3520/45/570 3522/45/570 3547/45/570
f 3548/45/567 3547/45/567 3549/45/567 3550/45/567
f 3547/45/568 3522/45/568 3524/45/568 3549/45/568
f 3550/45/565 3549/45/565 3551/45/565 3552/45/565
f 3549/45/566 3524/45/566 3526/45/566 3551/45/566
f 3552/45/563 3551/45/563 3529/45/563 3553/45/563
f 3555/45/585 3550/45/585 3552/45/585 2986/45/585
f 2986/45/584 3552/45/584 3553/45/584 3554/45/584
f 3554/45/583 3553/45/583 3532/45/583 3009/45/583
f 3556/45/587 3548/45/587 3550/45/587 3555/45/587
f 3558/45/586 3556/45/586 3555/45/586 2987/45/586
f 3557/45/589 3546/45/589 3548/45/589 3556/45/589
f 3028/45/588 3557/45/588 3556/45/588 3558/45/588
f 3027/45/590 3544/45/590 3546/45/590 3557/45/590
f 3025/45/591 3542/45/591 3544/45/591 3027/45/591
f 3023/45/578 3540/45/578 3542/45/578 3025/45/578
f 3559/45/579 3538/45/579 3540/45/579 3023/45/579
f 3013/45/580 3536/45/580 3538/45/580 3559/45/580
f 3011/45/581 3534/45/581 3536/45/581 3013/45/581
f 3009/45/582 3532/45/582 3534/45/582 3011/45/582
s 1
f 3566/45/2 3563/45/2 3560/45/2 3561/45/2 3686/45/2 3685/45/2 3684/45/2 3679/45/2 3678/45/2 3677/45/2 3676/45/2 3585/45/2 3584/45/2 3583/45/2 3582/45/2 3577/45/2 3576/45/2 3575/45/2 3574/45/2 3567/45/2
f 3560/45/617 3562/45/617 3688/45/617 3561/45/617
f 3563/45/618 3565/45/618 3562/45/618 3560/45/618
f 3585/45/2 3676/45/2 3671/45/2 3670/45/2 3669/45/2 3668/45/2 3663/45/2 3662/45/2 3661/45/2 3660/45/2 3655/45/2 3654/45/2 3653/45/2 3652/45/2 3647/45/2 3646/45/2 3645/45/2 3642/45/2 3641/45/2 3640/45/2 3634/45/2 3636/45/2 3638/45/2 3564/45/2 3563/45/2 3566/45/2 3568/45/2 3632/45/2 3626/45/2 3625/45/2 3624/45/2 3623/45/2 3617/45/2 3616/45/2 3615/45/2 3614/45/2 3609/45/2 3608/45/2 3607/45/2 3606/45/2 3601/45/2 3600/45/2 3599/45/2 3598/45/2 3593/45/2 3592/45/2 3591/45/2 3590/45/2
f 3564/45/755 3639/45/755 3565/45/755 3563/45/755
f 3567/45/620 3571/45/620 3569/45/620 3566/45/620
f 3566/45/621 3569/45/621 3570/45/621 3568/45/621
f 3680/45/4 3681/45/4 3682/45/4 3683/45/4 3687/45/4 3688/45/4 3562/45/4 3565/45/4 3639/45/4 3637/45/4 3635/45/4 3629/45/4 3628/45/4 3630/45/4 3631/45/4 3570/45/4 3569/45/4 3571/45/4 3572/45/4 3573/45/4 3578/45/4 3579/45/4 3580/45/4 3581/45/4 3586/45/4 3587/45/4 3588/45/4 3589/45/4 3594/45/4 3595/45/4 3596/45/4 3597/45/4 3602/45/4 3603/45/4 3604/45/4 3605/45/4 3610/45/4 3611/45/4 3612/45/4 3613/45/4 3618/45/4 3619/45/4 3648/45/4 3649/45/4 3650/45/4 3651/45/4 3656/45/4 3657/45/4 3658/45/4 3659/45/4 3664/45/4 3665/45/4 3666/45/4 3667/45/4 3672/45/4 3673/45/4 3674/45/4 3675/45/4
f 3574/45/622 3572/45/622 3571/45/622 3567/45/622
f 3575/45/623 3573/45/623 3572/45/623 3574/45/623
f 3576/45/624 3578/45/624 3573/45/624 3575/45/624
f 3577/45/625 3579/45/625 3578/45/625 3576/45/625
f 3580/45/626 3579/45/626 3577/45/626 3582/45/626
f 3581/45/627 3580/45/627 3582/45/627 3583/45/627
f 3586/45/628 3581/45/628 3583/45/628 3584/45/628
f 3587/45/629 3586/45/629 3584/45/629 3585/45/629
f 3588/45/630 3587/45/630 3585/45/630 3590/45/630
f 3589/45/631 3588/45/631 3590/45/631 3591/45/631
f 3594/45/632 3589/45/632 3591/45/632 3592/45/632
f 3595/45/633 3594/45/633 3592/45/633 3593/45/633
f 3596/45/634 3595/45/634 3593/45/634 3598/45/634
f 3597/45/635 3596/45/635 3598/45/635 3599/45/635
f 3602/45/636 3597/45/636 3599/45/636 3600/45/636
f 3603/45/618 3602/45/618 3600/45/618 3601/45/618
f 3604/45/637 3603/45/637 3601/45/637 3606/45/637
f 3605/45/638 3604/45/638 3606/45/638 3607/45/638
f 3610/45/639 3605/45/639 3607/45/639 3608/45/639
f 3611/45/640 3610/45/640 3608/45/640 3609/45/640
f 3614/45/641 3612/45/641 3611/45/641 3609/45/641
f 3615/45/642 3613/45/642 3612/45/642 3614/45/642
f 3616/45/643 3618/45/643 3613/45/643 3615/45/643
f 3617/45/644 3620/45/644 3618/45/644 3616/45/644
f 3629/45/4 3633/45/4 3643/45/4 3644/45/4 3619/45/4 3618/45/4 3620/45/4 3621/45/4 3622/45/4 3627/45/4 3628/45/4
f 3623/45/645 3621/45/645 3620/45/645 3617/45/645
f 3624/45/646 3622/45/646 3621/45/646 3623/45/646
f 3625/45/647 3627/45/647 3622/45/647 3624/45/647
f 3626/45/648 3630/45/648 3628/45/648 3627/45/648 3625/45/648
f 3632/45/649 3631/45/649 3630/45/649 3626/45/649
f 3568/45/650 3570/45/650 3631/45/650 3632/45/650
f 3640/45/651 3633/45/651 3629/45/651 3634/45/651
f 3634/45/633 3629/45/633 3635/45/633 3636/45/633
f 3636/45/652 3635/45/652 3637/45/652 3638/45/652
f 3638/45/635 3637/45/635 3639/45/635 3564/45/635
f 3641/45/631 3643/45/631 3633/45/631 3640/45/631
f 3642/45/653 3644/45/653 3643/45/653 3641/45/653
f 3645/45/629 3619/45/629 3644/45/629 3642/45/629
f 3646/45/654 3648/45/654 3619/45/654 3645/45/654
f 3647/45/627 3649/45/627 3648/45/627 3646/45/627
f 3652/45/655 3650/45/655 3649/45/655 3647/45/655
f 3653/45/625 3651/45/625 3650/45/625 3652/45/625
f 3654/45/656 3656/45/656 3651/45/656 3653/45/656
f 3655/45/623 3657/45/623 3656/45/623 3654/45/623
f 3660/45/657 3658/45/657 3657/45/657 3655/45/657
f 3661/45/620 3659/45/620 3658/45/620 3660/45/620
f 3662/45/658 3664/45/658 3659/45/658 3661/45/658
f 3663/45/650 3665/45/650 3664/45/650 3662/45/650
f 3668/45/659 3666/45/659 3665/45/659 3663/45/659
f 3669/45/648 3667/45/648 3666/45/648 3668/45/648
f 3670/45/660 3672/45/660 3667/45/660 3669/45/660
f 3671/45/646 3673/45/646 3672/45/646 3670/45/646
f 3676/45/661 3674/45/661 3673/45/661 3671/45/661
f 3677/45/644 3675/45/644 3674/45/644 3676/45/644
f 3678/45/662 3680/45/662 3675/45/662 3677/45/662
f 3679/45/642 3681/45/642 3680/45/642 3678/45/642
f 3684/45/663 3682/45/663 3681/45/663 3679/45/663
f 3685/45/640 3683/45/640 3682/45/640 3684/45/640
f 3686/45/664 3687/45/664 3683/45/664 3685/45/664
f 3561/45/638 3688/45/638 3687/45/638 3686/45/638
f 3690/45/665 3693/45/665 3692/45/665 3689/45/665
f 3689/45/666 3691/45/666 3722/45/666 3690/45/666
f 3692/45/81 3694/45/81 3691/45/81 3689/45/81
f 3693/45/665 3698/45/665 3695/45/665 3692/45/665
f 3695/45/81 3696/45/81 3694/45/81 3692/45/81
f 3697/45/81 3738/45/81 3696/45/81 3695/45/81
f 3698/45/665 3700/45/665 3697/45/665 3695/45/665
f 3716/45/665 3699/45/665 3698/45/665 3693/45/665
f 3699/45/665 3702/45/665 3700/45/665 3698/45/665
f 3700/45/665 3701/45/665 3742/45/665 3697/45/665
f 3702/45/665 3703/45/665 3701/45/665 3700/45/665
f 3706/45/665 3704/45/665 3702/45/665 3699/45/665
f 3704/45/665 3705/45/665 3703/45/665 3702/45/665
f 3707/45/665 3708/45/665 3705/45/665 3704/45/665
f 3710/45/665 3707/45/665 3704/45/665 3706/45/665
f 3707/45/262 3709/45/262 3748/45/262 3708/45/262
f 3710/45/262 3711/45/262 3709/45/262 3707/45/262
f 3712/45/262 3713/45/262 3711/45/262 3710/45/262
f 3712/45/665 3710/45/665 3706/45/665 3715/45/665
f 3714/45/262 3765/45/262 3713/45/262 3712/45/262
f 3714/45/665 3712/45/665 3715/45/665 3717/45/665
f 3715/45/665 3706/45/665 3699/45/665 3716/45/665
f 3717/45/665 3715/45/665 3716/45/665 3719/45/665
f 3719/45/666 3720/45/666 3718/45/666 3717/45/666
f 3717/45/666 3718/45/666 3765/45/666 3714/45/666
f 3719/45/665 3716/45/665 3693/45/665 3690/45/665
f 3690/45/666 3722/45/666 3720/45/666 3719/45/666
f 3720/45/666 3721/45/666 3764/45/666 3718/45/666
f 3722/45/666 3723/45/666 3721/45/666 3720/45/666
f 3691/45/666 3725/45/666 3723/45/666 3722/45/666
f 3725/45/666 3727/45/666 3724/45/666 3723/45/666
f 3723/45/666 3724/45/666 3768/45/666 3721/45/666
f 3694/45/81 3726/45/81 3725/45/81 3691/45/81
f 3726/45/81 3729/45/81 3727/45/81 3725/45/81
f 3727/45/666 3728/45/666 3770/45/666 3724/45/666
f 3729/45/81 3730/45/81 3728/45/81 3727/45/81
f 3731/45/81 3733/45/81 3730/45/81 3729/45/81
f 3732/45/81 3731/45/81 3729/45/81 3726/45/81
f 3737/45/81 3734/45/81 3731/45/81 3732/45/81
f 3734/45/81 3735/45/81 3733/45/81 3731/45/81
f 3736/45/81 3779/45/81 3735/45/81 3734/45/81
f 3739/45/81 3736/45/81 3734/45/81 3737/45/81
f 3738/45/81 3737/45/81 3732/45/81 3696/45/81
f 3741/45/81 3739/45/81 3737/45/81 3738/45/81
f 3740/45/667 3780/45/667 3736/45/667 3739/45/667
f 3743/45/667 3740/45/667 3739/45/667 3741/45/667
f 3742/45/81 3741/45/81 3738/45/81 3697/45/81
f 3701/45/667 3743/45/667 3741/45/667 3742/45/667
f 3703/45/667 3744/45/667 3743/45/667 3701/45/667
f 3744/45/667 3745/45/667 3740/45/667 3743/45/667
f 3705/45/667 3746/45/667 3744/45/667 3703/45/667
f 3746/45/667 3747/45/667 3745/45/667 3744/45/667
f 3708/45/667 3748/45/667 3746/45/667 3705/45/667
f 3748/45/667 3749/45/667 3747/45/667 3746/45/667
f 3709/45/262 3750/45/262 3749/45/262 3748/45/262
f 3749/45/667 3751/45/667 3752/45/667 3747/45/667
f 3750/45/262 3754/45/262 3751/45/262 3749/45/262
f 3751/45/667 3753/45/667 3782/45/667 3752/45/667
f 3754/45/262 3755/45/262 3753/45/262 3751/45/262
f 3756/45/262 3758/45/262 3755/45/262 3754/45/262
f 3757/45/262 3756/45/262 3754/45/262 3750/45/262
f 3762/45/262 3759/45/262 3756/45/262 3757/45/262
f 3759/45/262 3760/45/262 3758/45/262 3756/45/262
f 3761/45/262 3786/45/262 3760/45/262 3759/45/262
f 3763/45/262 3761/45/262 3759/45/262 3762/45/262
f 3713/45/262 3762/45/262 3757/45/262 3711/45/262
f 3765/45/262 3763/45/262 3762/45/262 3713/45/262
f 3764/45/666 3766/45/666 3761/45/666 3763/45/666
f 3718/45/666 3764/45/666 3763/45/666 3765/45/666
f 3721/45/666 3768/45/666 3766/45/666 3764/45/666
f 3766/45/666 3767/45/666 3786/45/666 3761/45/666
f 3768/45/666 3769/45/666 3767/45/666 3766/45/666
f 3724/45/666 3770/45/666 3769/45/666 3768/45/666
f 3771/45/668 3769/45/668 3770/45/668 3774/45/668
f 3772/45/668 3767/45/668 3769/45/668 3771/45/668
f 3785/45/668 3772/45/668 3771/45/668 3773/45/668
f 3773/45/668 3771/45/668 3774/45/668 3775/45/668
f 3774/45/668 3770/45/668 3728/45/668 3730/45/668
f 3775/45/668 3774/45/668 3730/45/668 3733/45/668
f 3776/45/668 3775/45/668 3733/45/668 3735/45/668
f 3777/45/668 3773/45/668 3775/45/668 3776/45/668
f 3778/45/668 3776/45/668 3735/45/668 3779/45/668
f 3781/45/668 3777/45/668 3776/45/668 3778/45/668
f 3780/45/667 3778/45/667 3779/45/667 3736/45/667
f 3783/45/667 3781/45/667 3778/45/667 3780/45/667
f 3782/45/668 3784/45/668 3777/45/668 3781/45/668
f 3752/45/667 3782/45/667 3781/45/667 3783/45/667
f 3745/45/667 3783/45/667 3780/45/667 3740/45/667
f 3747/45/667 3752/45/667 3783/45/667 3745/45/667
f 3753/45/668 3755/45/668 3784/45/668 3782/45/668
f 3784/45/668 3785/45/668 3773/45/668 3777/45/668
f 3755/45/668 3758/45/668 3785/45/668 3784/45/668
f 3758/45/668 3760/45/668 3772/45/668 3785/45/668
f 3760/45/668 3786/45/668 3767/45/668 3772/45/668
f 3711/45/262 3757/45/262 3750/45/262 3709/45/262
f 3696/45/81 3732/45/81 3726/45/81 3694/45/81
f 3788/45/669 3792/45/669 3790/45/669 3787/45/669
f 3891/45/300 3788/45/300 3787/45/300 3789/45/300 3914/45/300 3913/45/300 3912/45/300 3907/45/300 3906/45/300 3841/45/300 3840/45/300 3842/45/300 3843/45/300 3905/45/300 3904/45/300 3899/45/300 3898/45/300 3896/45/300 3895/45/300 3894/45/300
f 3787/45/670 3790/45/670 3791/45/670 3789/45/670
f 3908/45/302 3909/45/302 3910/45/302 3911/45/302 3915/45/302 3791/45/302 3790/45/302 3792/45/302 3793/45/302 3795/45/302 3796/45/302 3801/45/302 3802/45/302 3886/45/302 3887/45/302 3888/45/302 3890/45/302 3892/45/302 3893/45/302 3897/45/302 3900/45/302 3901/45/302 3902/45/302 3903/45/302 3846/45/302 3845/45/302 3847/45/302 3848/45/302 3849/45/302 3854/45/302 3855/45/302 3856/45/302 3857/45/302 3862/45/302 3863/45/302 3864/45/302 3865/45/302 3870/45/302 3871/45/302 3872/45/302 3873/45/302 3809/45/302 3812/45/302 3813/45/302 3814/45/302 3815/45/302 3820/45/302 3821/45/302 3822/45/302 3823/45/302 3828/45/302 3829/45/302 3830/45/302 3831/45/302 3836/45/302 3837/45/302 3838/45/302 3839/45/302
f 3794/45/671 3793/45/671 3792/45/671 3788/45/671
f 3797/45/672 3795/45/672 3793/45/672 3794/45/672
f 3798/45/673 3796/45/673 3795/45/673 3797/45/673
f 3842/45/300 3840/45/300 3835/45/300 3834/45/300 3833/45/300 3832/45/300 3827/45/300 3826/45/300 3825/45/300 3824/45/300 3819/45/300 3818/45/300 3817/45/300 3816/45/300 3811/45/300 3810/45/300 3808/45/300 3807/45/300 3806/45/300 3800/45/300 3799/45/300 3798/45/300 3797/45/300 3794/45/300 3788/45/300 3891/45/300 3889/45/300 3885/45/300 3884/45/300 3883/45/300 3882/45/300 3877/45/300 3876/45/300 3875/45/300 3874/45/300 3869/45/300 3868/45/300 3867/45/300 3866/45/300 3861/45/300 3860/45/300 3859/45/300 3858/45/300 3853/45/300 3852/45/300 3851/45/300 3850/45/300 3844/45/300
f 3799/45/674 3801/45/674 3796/45/674 3798/45/674
f 3800/45/675 3803/45/675 3801/45/675 3799/45/675
f 3801/45/302 3803/45/302 3804/45/302 3805/45/302 3809/45/302 3873/45/302 3878/45/302 3879/45/302 3880/45/302 3881/45/302 3802/45/302
f 3806/45/676 3804/45/676 3803/45/676 3800/45/676
f 3807/45/677 3805/45/677 3804/45/677 3806/45/677
f 3808/45/678 3809/45/678 3805/45/678 3807/45/678
f 3810/45/679 3812/45/679 3809/45/679 3808/45/679
f 3811/45/680 3813/45/680 3812/45/680 3810/45/680
f 3816/45/681 3814/45/681 3813/45/681 3811/45/681
f 3817/45/682 3815/45/682 3814/45/682 3816/45/682
f 3818/45/683 3820/45/683 3815/45/683 3817/45/683
f 3819/45/684 3821/45/684 3820/45/684 3818/45/684
f 3824/45/685 3822/45/685 3821/45/685 3819/45/685
f 3825/45/686 3823/45/686 3822/45/686 3824/45/686
f 3826/45/687 3828/45/687 3823/45/687 3825/45/687
f 3827/45/688 3829/45/688 3828/45/688 3826/45/688
f 3832/45/725 3830/45/725 3829/45/725 3827/45/725
f 3833/45/690 3831/45/690 3830/45/690 3832/45/690
f 3834/45/691 3836/45/691 3831/45/691 3833/45/691
f 3835/45/692 3837/45/692 3836/45/692 3834/45/692
f 3840/45/693 3838/45/693 3837/45/693 3835/45/693
f 3841/45/694 3839/45/694 3838/45/694 3840/45/694
f 3845/45/678 3846/45/678 3843/45/678 3842/45/678
f 3847/45/695 3845/45/695 3842/45/695 3844/45/695
f 3848/45/676 3847/45/676 3844/45/676 3850/45/676
f 3849/45/696 3848/45/696 3850/45/696 3851/45/696
f 3854/45/674 3849/45/674 3851/45/674 3852/45/674
f 3855/45/697 3854/45/697 3852/45/697 3853/45/697
f 3856/45/698 3855/45/698 3853/45/698 3858/45/698
f 3857/45/699 3856/45/699 3858/45/699 3859/45/699
f 3862/45/669 3857/45/669 3859/45/669 3860/45/669
f 3863/45/700 3862/45/700 3860/45/700 3861/45/700
f 3864/45/701 3863/45/701 3861/45/701 3866/45/701
f 3865/45/702 3864/45/702 3866/45/702 3867/45/702
f 3870/45/703 3865/45/703 3867/45/703 3868/45/703
f 3869/45/704 3871/45/704 3870/45/704 3868/45/704
f 3874/45/705 3872/45/705 3871/45/705 3869/45/705
f 3875/45/706 3873/45/706 3872/45/706 3874/45/706
f 3876/45/694 3878/45/694 3873/45/694 3875/45/694
f 3877/45/707 3879/45/707 3878/45/707 3876/45/707
f 3882/45/692 3880/45/692 3879/45/692 3877/45/692
f 3883/45/708 3881/45/708 3880/45/708 3882/45/708
f 3884/45/709 3886/45/709 3802/45/709 3881/45/709 3883/45/709
f 3885/45/710 3887/45/710 3886/45/710 3884/45/710
f 3889/45/711 3888/45/711 3887/45/711 3885/45/711
f 3891/45/712 3890/45/712 3888/45/712 3889/45/712
f 3894/45/745 3892/45/745 3890/45/745 3891/45/745
f 3895/45/713 3893/45/713 3892/45/713 3894/45/713
f 3896/45/714 3897/45/714 3893/45/714 3895/45/714
f 3898/45/715 3900/45/715 3897/45/715 3896/45/715
f 3899/45/728 3901/45/728 3900/45/728 3898/45/728
f 3902/45/716 3901/45/716 3899/45/716 3904/45/716
f 3903/45/680 3902/45/680 3904/45/680 3905/45/680
f 3846/45/717 3903/45/717 3905/45/717 3843/45/717
f 3906/45/718 3908/45/718 3839/45/718 3841/45/718
f 3907/45/719 3909/45/719 3908/45/719 3906/45/719
f 3912/45/720 3910/45/720 3909/45/720 3907/45/720
f 3913/45/721 3911/45/721 3910/45/721 3912/45/721
f 3914/45/722 3915/45/722 3911/45/722 3913/45/722
f 3789/45/723 3791/45/723 3915/45/723 3914/45/723
f 3917/45/669 3921/45/669 3919/45/669 3916/45/669
f 4001/45/300 3917/45/300 3916/45/300 3918/45/300 3981/45/300 3980/45/300 3975/45/300 3974/45/300 3973/45/300 3972/45/300 3967/45/300 3982/45/300 3985/45/300 3986/45/300 3991/45/300 3992/45/300 3993/45/300 3994/45/300 3999/45/300 4000/45/300
f 3916/45/670 3919/45/670 3920/45/670 3918/45/670
f 3971/45/302 3976/45/302 3977/45/302 3978/45/302 3979/45/302 3920/45/302 3919/45/302 3921/45/302 3922/45/302 3924/45/302 3925/45/302 3930/45/302 3931/45/302 4006/45/302 4005/45/302 4004/45/302 4003/45/302 3998/45/302 3997/45/302 3996/45/302 3995/45/302 3990/45/302 3989/45/302 3988/45/302 3987/45/302 3984/45/302 4044/45/302 4041/45/302 4040/45/302 4039/45/302 4038/45/302 4033/45/302 4032/45/302 4031/45/302 4030/45/302 4025/45/302 4024/45/302 4023/45/302 4022/45/302 4019/45/302 3938/45/302 3937/45/302 3939/45/302 3944/45/302 3945/45/302 3946/45/302 3947/45/302 3952/45/302 3953/45/302 3954/45/302 3955/45/302 3960/45/302 3961/45/302 3962/45/302 3963/45/302 3968/45/302 3969/45/302 3970/45/302
f 3923/45/671 3922/45/671 3921/45/671 3917/45/671
f 3926/45/672 3924/45/672 3922/45/672 3923/45/672
f 3927/45/673 3925/45/673 3924/45/673 3926/45/673
f 3982/45/300 3967/45/300 3966/45/300 3965/45/300 3964/45/300 3959/45/300 3958/45/300 3957/45/300 3956/45/300 3951/45/300 3950/45/300 3949/45/300 3948/45/300 3943/45/300 3942/45/300 3941/45/300 3940/45/300 3936/45/300 3934/45/300 3929/45/300 3928/45/300 3927/45/300 3926/45/300 3923/45/300 3917/45/300 4001/45/300 4002/45/300 4007/45/300 4008/45/300 4009/45/300 4011/45/300 4013/45/300 4014/45/300 4017/45/300 4018/45/300 4020/45/300 4021/45/300 4026/45/300 4027/45/300 4028/45/300 4029/45/300 4034/45/300 4035/45/300 4036/45/300 4037/45/300 4042/45/300 4043/45/300 3983/45/300
f 3928/45/674 3930/45/674 3925/45/674 3927/45/674
f 3929/45/675 3932/45/675 3930/45/675 3928/45/675
f 3930/45/302 3932/45/302 3933/45/302 3935/45/302 3937/45/302 3938/45/302 4016/45/302 4015/45/302 4012/45/302 4010/45/302 3931/45/302
f 3934/45/676 3933/45/676 3932/45/676 3929/45/676
f 3936/45/724 3935/45/724 3933/45/724 3934/45/724
f 3940/45/678 3937/45/678 3935/45/678 3936/45/678
f 3941/45/679 3939/45/679 3937/45/679 3940/45/679
f 3942/45/680 3944/45/680 3939/45/680 3941/45/680
f 3943/45/681 3945/45/681 3944/45/681 3942/45/681
f 3948/45/682 3946/45/682 3945/45/682 3943/45/682
f 3949/45/683 3947/45/683 3946/45/683 3948/45/683
f 3950/45/684 3952/45/684 3947/45/684 3949/45/684
f 3951/45/685 3953/45/685 3952/45/685 3950/45/685
f 3956/45/686 3954/45/686 3953/45/686 3951/45/686
f 3957/45/687 3955/45/687 3954/45/687 3956/45/687
f 3958/45/688 3960/45/688 3955/45/688 3957/45/688
f 3959/45/725 3961/45/725 3960/45/725 3958/45/725
f 3964/45/690 3962/45/690 3961/45/690 3959/45/690
f 3965/45/726 3963/45/726 3962/45/726 3964/45/726
f 3966/45/692 3968/45/692 3963/45/692 3965/45/692
f 3967/45/693 3969/45/693 3968/45/693 3966/45/693
f 3972/45/694 3970/45/694 3969/45/694 3967/45/694
f 3973/45/718 3971/45/718 3970/45/718 3972/45/718
f 3974/45/719 3976/45/719 3971/45/719 3973/45/719
f 3975/45/720 3977/45/720 3976/45/720 3974/45/720
f 3980/45/721 3978/45/721 3977/45/721 3975/45/721
f 3981/45/722 3979/45/722 3978/45/722 3980/45/722
f 3918/45/723 3920/45/723 3979/45/723 3981/45/723
f 4044/45/695 3984/45/695 3982/45/695 3983/45/695
f 3984/45/678 3987/45/678 3985/45/678 3982/45/678
f 3987/45/717 3988/45/717 3986/45/717 3985/45/717
f 3988/45/727 3989/45/727 3991/45/727 3986/45/727
f 3989/45/716 3990/45/716 3992/45/716 3991/45/716
f 3992/45/728 3990/45/728 3995/45/728 3993/45/728
f 3993/45/756 3995/45/756 3996/45/756 3994/45/756
f 3994/45/714 3996/45/714 3997/45/714 3999/45/714
f 3999/45/729 3997/45/729 3998/45/729 4000/45/729
f 4000/45/686 3998/45/686 4003/45/686 4001/45/686
f 4001/45/712 4003/45/712 4004/45/712 4002/45/712
f 4002/45/711 4004/45/711 4005/45/711 4007/45/711
f 4007/45/710 4005/45/710 4006/45/710 4008/45/710
f 4008/45/709 4006/45/709 3931/45/709 4010/45/709 4009/45/709
f 4009/45/708 4010/45/708 4012/45/708 4011/45/708
f 4011/45/692 4012/45/692 4015/45/692 4013/45/692
f 4013/45/730 4015/45/730 4016/45/730 4014/45/730
f 4014/45/694 4016/45/694 3938/45/694 4017/45/694
f 4017/45/706 3938/45/706 4019/45/706 4018/45/706
f 4018/45/705 4019/45/705 4022/45/705 4020/45/705
f 4020/45/704 4022/45/704 4023/45/704 4021/45/704
f 4023/45/703 4024/45/703 4026/45/703 4021/45/703
f 4024/45/702 4025/45/702 4027/45/702 4026/45/702
f 4025/45/701 4030/45/701 4028/45/701 4027/45/701
f 4030/45/700 4031/45/700 4029/45/700 4028/45/700
f 4031/45/669 4032/45/669 4034/45/669 4029/45/669
f 4032/45/699 4033/45/699 4035/45/699 4034/45/699
f 4033/45/731 4038/45/731 4036/45/731 4035/45/731
f 4038/45/697 4039/45/697 4037/45/697 4036/45/697
f 4039/45/674 4040/45/674 4042/45/674 4037/45/674
f 4040/45/732 4041/45/732 4043/45/732 4042/45/732
f 4041/45/676 4044/45/676 3983/45/676 4043/45/676
f 4046/45/301 4049/45/301 4048/45/301 4045/45/301
f 4045/45/300 4047/45/300 4082/45/300 4046/45/300
f 4048/45/81 4050/45/81 4047/45/81 4045/45/81
f 4049/45/301 4054/45/301 4051/45/301 4048/45/301
f 4051/45/81 4052/45/81 4050/45/81 4048/45/81
f 4053/45/81 4128/45/81 4052/45/81 4051/45/81
f 4054/45/301 4056/45/301 4053/45/301 4051/45/301
f 4076/45/301 4055/45/301 4054/45/301 4049/45/301
f 4055/45/301 4057/45/301 4056/45/301 4054/45/301
f 4056/45/301 4058/45/301 4059/45/301 4053/45/301
f 4057/45/301 4061/45/301 4058/45/301 4056/45/301
f 4058/45/302 4060/45/302 4130/45/302 4059/45/302
f 4061/45/302 4062/45/302 4060/45/302 4058/45/302
f 4063/45/302 4064/45/302 4062/45/302 4061/45/302
f 4066/45/301 4063/45/301 4061/45/301 4057/45/301
f 4065/45/302 4111/45/302 4064/45/302 4063/45/302
f 4068/45/301 4065/45/301 4063/45/301 4066/45/301
f 4070/45/301 4068/45/301 4066/45/301 4067/45/301
f 4067/45/301 4066/45/301 4057/45/301 4055/45/301
f 4068/45/262 4069/45/262 4111/45/262 4065/45/262
f 4070/45/262 4071/45/262 4069/45/262 4068/45/262
f 4072/45/262 4073/45/262 4071/45/262 4070/45/262
f 4072/45/301 4070/45/301 4067/45/301 4075/45/301
f 4074/45/262 4140/45/262 4073/45/262 4072/45/262
f 4074/45/301 4072/45/301 4075/45/301 4077/45/301
f 4075/45/301 4067/45/301 4055/45/301 4076/45/301
f 4077/45/301 4075/45/301 4076/45/301 4079/45/301
f 4077/45/300 4078/45/300 4140/45/300 4074/45/300
f 4079/45/300 4080/45/300 4078/45/300 4077/45/300
f 4046/45/300 4082/45/300 4080/45/300 4079/45/300
f 4079/45/301 4076/45/301 4049/45/301 4046/45/301
f 4082/45/300 4083/45/300 4081/45/300 4080/45/300
f 4080/45/300 4081/45/300 4141/45/300 4078/45/300
f 4047/45/300 4084/45/300 4083/45/300 4082/45/300
f 4084/45/300 4087/45/300 4085/45/300 4083/45/300
f 4083/45/300 4085/45/300 4086/45/300 4081/45/300
f 4085/45/300 4088/45/300 4089/45/300 4086/45/300
f 4087/45/300 4090/45/300 4088/45/300 4085/45/300
f 4094/45/303 4089/45/303 4088/45/303 4091/45/303
f 4091/45/303 4088/45/303 4090/45/303 4092/45/303
f 4093/45/303 4091/45/303 4092/45/303 4121/45/303
f 4096/45/303 4094/45/303 4091/45/303 4093/45/303
f 4095/45/303 4142/45/303 4089/45/303 4094/45/303
f 4098/45/303 4095/45/303 4094/45/303 4096/45/303
f 4097/45/303 4096/45/303 4093/45/303 4119/45/303
f 4100/45/303 4098/45/303 4096/45/303 4097/45/303
f 4101/45/303 4099/45/303 4098/45/303 4100/45/303
f 4099/45/303 4135/45/303 4095/45/303 4098/45/303
f 4102/45/303 4100/45/303 4097/45/303 4103/45/303
f 4105/45/303 4101/45/303 4100/45/303 4102/45/303
f 4104/45/302 4102/45/302 4103/45/302 4114/45/302
f 4106/45/302 4105/45/302 4102/45/302 4104/45/302
f 4107/45/262 4101/45/262 4105/45/262 4106/45/262
f 4109/45/262 4107/45/262 4106/45/262 4108/45/262
f 4108/45/302 4106/45/302 4104/45/302 4110/45/302
f 4069/45/262 4109/45/262 4108/45/262 4111/45/262
f 4111/45/302 4108/45/302 4110/45/302 4064/45/302
f 4110/45/302 4104/45/302 4114/45/302 4112/45/302
f 4064/45/302 4110/45/302 4112/45/302 4062/45/302
f 4112/45/302 4114/45/302 4115/45/302 4113/45/302
f 4062/45/302 4112/45/302 4113/45/302 4060/45/302
f 4114/45/302 4103/45/302 4117/45/302 4115/45/302
f 4113/45/302 4115/45/302 4116/45/302 4129/45/302
f 4115/45/302 4117/45/302 4118/45/302 4116/45/302
f 4117/45/303 4119/45/303 4120/45/303 4118/45/303
f 4103/45/303 4097/45/303 4119/45/303 4117/45/303
f 4119/45/303 4093/45/303 4121/45/303 4120/45/303
f 4122/45/81 4120/45/81 4121/45/81 4124/45/81
f 4116/45/81 4118/45/81 4120/45/81 4122/45/81
f 4129/45/81 4116/45/81 4122/45/81 4123/45/81
f 4123/45/81 4122/45/81 4124/45/81 4126/45/81
f 4126/45/81 4124/45/81 4125/45/81 4127/45/81
f 4124/45/81 4121/45/81 4092/45/81 4125/45/81
f 4052/45/81 4126/45/81 4127/45/81 4050/45/81
f 4128/45/81 4123/45/81 4126/45/81 4052/45/81
f 4127/45/81 4125/45/81 4087/45/81 4084/45/81
f 4050/45/81 4127/45/81 4084/45/81 4047/45/81
f 4125/45/81 4092/45/81 4090/45/81 4087/45/81
f 4130/45/81 4129/45/81 4123/45/81 4128/45/81
f 4060/45/302 4113/45/302 4129/45/302 4130/45/302
f 4059/45/81 4130/45/81 4128/45/81 4053/45/81
f 4071/45/262 4131/45/262 4109/45/262 4069/45/262
f 4131/45/262 4133/45/262 4107/45/262 4109/45/262
f 4073/45/262 4132/45/262 4131/45/262 4071/45/262
f 4132/45/262 4134/45/262 4133/45/262 4131/45/262
f 4133/45/262 4099/45/262 4101/45/262 4107/45/262
f 4134/45/262 4135/45/262 4099/45/262 4133/45/262
f 4139/45/262 4136/45/262 4134/45/262 4132/45/262
f 4136/45/262 4137/45/262 4135/45/262 4134/45/262
f 4138/45/300 4142/45/300 4137/45/300 4136/45/300
f 4141/45/300 4138/45/300 4136/45/300 4139/45/300
f 4140/45/262 4139/45/262 4132/45/262 4073/45/262
f 4078/45/300 4141/45/300 4139/45/300 4140/45/300
f 4081/45/300 4086/45/300 4138/45/300 4141/45/300
f 4086/45/300 4089/45/300 4142/45/300 4138/45/300
f 4135/45/303 4137/45/303 4142/45/303 4095/45/303
f 4143/45/300 4145/45/300 4176/45/300 4144/45/300
f 4144/45/301 4147/45/301 4146/45/301 4143/45/301
f 4146/45/81 4148/45/81 4145/45/81 4143/45/81
f 4147/45/301 4152/45/301 4149/45/301 4146/45/301
f 4149/45/81 4150/45/81 4148/45/81 4146/45/81
f 4151/45/81 4192/45/81 4150/45/81 4149/45/81
f 4152/45/301 4154/45/301 4151/45/301 4149/45/301
f 4170/45/301 4153/45/301 4152/45/301 4147/45/301
f 4153/45/301 4156/45/301 4154/45/301 4152/45/301
f 4156/45/301 4157/45/301 4155/45/301 4154/45/301
f 4154/45/301 4155/45/301 4196/45/301 4151/45/301
f 4160/45/301 4158/45/301 4156/45/301 4153/45/301
f 4158/45/301 4159/45/301 4157/45/301 4156/45/301
f 4161/45/301 4162/45/301 4159/45/301 4158/45/301
f 4164/45/301 4161/45/301 4158/45/301 4160/45/301
f 4161/45/262 4163/45/262 4202/45/262 4162/45/262
f 4164/45/262 4165/45/262 4163/45/262 4161/45/262
f 4166/45/262 4167/45/262 4165/45/262 4164/45/262
f 4166/45/301 4164/45/301 4160/45/301 4169/45/301
f 4168/45/262 4219/45/262 4167/45/262 4166/45/262
f 4168/45/301 4166/45/301 4169/45/301 4171/45/301
f 4171/45/301 4169/45/301 4170/45/301 4173/45/301
f 4169/45/301 4160/45/301 4153/45/301 4170/45/301
f 4171/45/300 4172/45/300 4219/45/300 4168/45/300
f 4173/45/300 4174/45/300 4172/45/300 4171/45/300
f 4144/45/300 4176/45/300 4174/45/300 4173/45/300
f 4173/45/301 4170/45/301 4147/45/301 4144/45/301
f 4174/45/300 4175/45/300 4218/45/300 4172/45/300
f 4176/45/300 4177/45/300 4175/45/300 4174/45/300
f 4145/45/300 4179/45/300 4177/45/300 4176/45/300
f 4177/45/300 4178/45/300 4222/45/300 4175/45/300
f 4179/45/300 4181/45/300 4178/45/300 4177/45/300
f 4148/45/81 4180/45/81 4179/45/81 4145/45/81
f 4180/45/81 4183/45/81 4181/45/81 4179/45/81
f 4181/45/300 4182/45/300 4224/45/300 4178/45/300
f 4183/45/81 4184/45/81 4182/45/81 4181/45/81
f 4185/45/81 4187/45/81 4184/45/81 4183/45/81
f 4186/45/81 4185/45/81 4183/45/81 4180/45/81
f 4191/45/81 4188/45/81 4185/45/81 4186/45/81
f 4188/45/81 4189/45/81 4187/45/81 4185/45/81
f 4190/45/81 4233/45/81 4189/45/81 4188/45/81
f 4193/45/81 4190/45/81 4188/45/81 4191/45/81
f 4192/45/81 4191/45/81 4186/45/81 4150/45/81
f 4195/45/81 4193/45/81 4191/45/81 4192/45/81
f 4197/45/302 4194/45/302 4193/45/302 4195/45/302
f 4194/45/302 4234/45/302 4190/45/302 4193/45/302
f 4196/45/81 4195/45/81 4192/45/81 4151/45/81
f 4155/45/302 4197/45/302 4195/45/302 4196/45/302
f 4157/45/302 4198/45/302 4197/45/302 4155/45/302
f 4198/45/302 4199/45/302 4194/45/302 4197/45/302
f 4159/45/302 4200/45/302 4198/45/302 4157/45/302
f 4200/45/302 4201/45/302 4199/45/302 4198/45/302
f 4162/45/302 4202/45/302 4200/45/302 4159/45/302
f 4202/45/302 4203/45/302 4201/45/302 4200/45/302
f 4163/45/262 4204/45/262 4203/45/262 4202/45/262
f 4203/45/302 4205/45/302 4206/45/302 4201/45/302
f 4204/45/262 4208/45/262 4205/45/262 4203/45/262
f 4205/45/302 4207/45/302 4236/45/302 4206/45/302
f 4208/45/262 4209/45/262 4207/45/262 4205/45/262
f 4210/45/262 4212/45/262 4209/45/262 4208/45/262
f 4211/45/262 4210/45/262 4208/45/262 4204/45/262
f 4216/45/262 4213/45/262 4210/45/262 4211/45/262
f 4213/45/262 4214/45/262 4212/45/262 4210/45/262
f 4215/45/262 4240/45/262 4214/45/262 4213/45/262
f 4217/45/262 4215/45/262 4213/45/262 4216/45/262
f 4167/45/262 4216/45/262 4211/45/262 4165/45/262
f 4219/45/262 4217/45/262 4216/45/262 4167/45/262
f 4172/45/300 4218/45/300 4217/45/300 4219/45/300
f 4218/45/300 4220/45/300 4215/45/300 4217/45/300
f 4175/45/300 4222/45/300 4220/45/300 4218/45/300
f 4220/45/300 4221/45/300 4240/45/300 4215/45/300
f 4222/45/300 4223/45/300 4221/45/300 4220/45/300
f 4178/45/300 4224/45/300 4223/45/300 4222/45/300
f 4225/45/303 4223/45/303 4224/45/303 4228/45/303
f 4226/45/303 4221/45/303 4223/45/303 4225/45/303
f 4239/45/303 4226/45/303 4225/45/303 4227/45/303
f 4227/45/303 4225/45/303 4228/45/303 4229/45/303
f 4228/45/303 4224/45/303 4182/45/303 4184/45/303
f 4229/45/303 4228/45/303 4184/45/303 4187/45/303
f 4230/45/303 4229/45/303 4187/45/303 4189/45/303
f 4231/45/303 4227/45/303 4229/45/303 4230/45/303
f 4232/45/303 4230/45/303 4189/45/303 4233/45/303
f 4235/45/303 4231/45/303 4230/45/303 4232/45/303
f 4234/45/302 4232/45/302 4233/45/302 4190/45/302
f 4237/45/302 4235/45/302 4232/45/302 4234/45/302
f 4206/45/302 4236/45/302 4235/45/302 4237/45/302
f 4236/45/303 4238/45/303 4231/45/303 4235/45/303
f 4199/45/302 4237/45/302 4234/45/302 4194/45/302
f 4201/45/302 4206/45/302 4237/45/302 4199/45/302
f 4207/45/303 4209/45/303 4238/45/303 4236/45/303
f 4209/45/303 4212/45/303 4239/45/303 4238/45/303
f 4238/45/303 4239/45/303 4227/45/303 4231/45/303
f 4212/45/303 4214/45/303 4226/45/303 4239/45/303
f 4214/45/303 4240/45/303 4221/45/303 4226/45/303
f 4165/45/262 4211/45/262 4204/45/262 4163/45/262
f 4150/45/81 4186/45/81 4180/45/81 4148/45/81
s 0
f 4245/45/304 4241/45/304 4242/45/304 4247/45/304
f 4241/45/305 4243/45/305 4811/45/305 4242/45/305
f 4244/45/306 4812/45/306 4243/45/306 4241/45/306
f 4248/45/307 4244/45/307 4241/45/307 4245/45/307
f 4250/45/308 4248/45/308 4245/45/308 4246/45/308
f 4246/45/309 4245/45/309 4247/45/309 4260/45/309
f 4249/45/310 4815/45/310 4244/45/310 4248/45/310
f 4251/45/311 4249/45/311 4248/45/311 4250/45/311
f 4253/45/312 4251/45/312 4250/45/312 4252/45/312
f 4252/45/313 4250/45/313 4246/45/313 4255/45/313
f 4295/45/314 4253/45/314 4252/45/314 4254/45/314
f 4254/45/315 4252/45/315 4255/45/315 4256/45/315
f 4256/45/316 4255/45/316 4257/45/316 4258/45/316
f 4255/45/317 4246/45/317 4260/45/317 4257/45/317
f 4258/45/318 4257/45/318 4259/45/318 4307/45/318
f 4257/45/319 4260/45/319 4261/45/319 4259/45/319
f 4260/45/320 4247/45/320 4263/45/320 4261/45/320
f 4259/45/321 4261/45/321 4262/45/321 4310/45/321
f 4261/45/322 4263/45/322 4264/45/322 4262/45/322
f 4247/45/323 4242/45/323 4265/45/323 4263/45/323
f 4263/45/324 4265/45/324 4267/45/324 4264/45/324
f 4242/45/325 4811/45/325 4266/45/325 4265/45/325
f 4265/45/326 4266/45/326 4268/45/326 4267/45/326
f 4267/45/327 4268/45/327 4270/45/327 4269/45/327
f 4264/45/328 4267/45/328 4269/45/328 4272/45/328
f 4269/45/329 4270/45/329 4816/45/329 4271/45/329
f 4272/45/330 4269/45/330 4271/45/330 4274/45/330
f 4262/45/331 4264/45/331 4272/45/331 4273/45/331
f 4273/45/332 4272/45/332 4274/45/332 4275/45/332
f 4275/45/333 4274/45/333 4276/45/333 4277/45/333
f 4274/45/334 4271/45/334 4279/45/334 4276/45/334
f 4277/45/335 4276/45/335 4278/45/335 4318/45/335
f 4276/45/336 4279/45/336 4281/45/336 4278/45/336
f 4271/45/337 4816/45/337 4280/45/337 4279/45/337
f 4279/45/338 4280/45/338 4282/45/338 4281/45/338
f 4281/45/339 4282/45/339 4284/45/339 4283/45/339
f 4278/45/340 4281/45/340 4283/45/340 4286/45/340
f 4283/45/341 4284/45/341 4814/45/341 4285/45/341
f 4286/45/342 4283/45/342 4285/45/342 4288/45/342
f 4318/45/343 4278/45/343 4286/45/343 4287/45/343
f 4287/45/344 4286/45/344 4288/45/344 4289/45/344
f 4289/45/345 4288/45/345 4249/45/345 4251/45/345
f 4288/45/346 4285/45/346 4815/45/346 4249/45/346
f 4291/45/347 4287/45/347 4289/45/347 4290/45/347
f 4290/45/348 4289/45/348 4251/45/348 4253/45/348
f 4293/45/349 4291/45/349 4290/45/349 4292/45/349
f 4292/45/350 4290/45/350 4253/45/350 4295/45/350
f 4322/45/351 4293/45/351 4292/45/351 4294/45/351
f 4294/45/352 4292/45/352 4295/45/352 4296/45/352
f 4296/45/353 4295/45/353 4254/45/353 4298/45/353
f 4325/45/354 4294/45/354 4296/45/354 4297/45/354
f 4297/45/355 4296/45/355 4298/45/355 4299/45/355
f 4299/45/595 4298/45/595 4300/45/595 4301/45/595
f 4298/45/357 4254/45/357 4256/45/357 4300/45/357
f 4301/45/740 4300/45/740 4302/45/740 4303/45/740
f 4300/45/359 4256/45/359 4258/45/359 4302/45/359
f 4303/45/360 4302/45/360 4304/45/360 4305/45/360
f 4302/45/361 4258/45/361 4307/45/361 4304/45/361
f 4305/45/362 4304/45/362 4306/45/362 4341/45/362
f 4304/45/363 4307/45/363 4308/45/363 4306/45/363
f 4307/45/364 4259/45/364 4310/45/364 4308/45/364
f 4306/45/365 4308/45/365 4309/45/365 4344/45/365
f 4308/45/366 4310/45/366 4311/45/366 4309/45/366
f 4310/45/367 4262/45/367 4273/45/367 4311/45/367
f 4309/45/368 4311/45/368 4312/45/368 4313/45/368
f 4311/45/369 4273/45/369 4275/45/369 4312/45/369
f 4313/45/370 4312/45/370 4314/45/370 4315/45/370
f 4312/45/371 4275/45/371 4277/45/371 4314/45/371
f 4315/45/372 4314/45/372 4316/45/372 4317/45/372
f 4314/45/373 4277/45/373 4318/45/373 4316/45/373
f 4317/45/374 4316/45/374 4291/45/374 4293/45/374
f 4316/45/592 4318/45/592 4287/45/592 4291/45/592
f 4320/45/376 4315/45/376 4317/45/376 4319/45/376
f 4319/45/377 4317/45/377 4293/45/377 4322/45/377
f 4347/45/594 4320/45/594 4319/45/594 4321/45/594
f 4321/45/379 4319/45/379 4322/45/379 4323/45/379
f 4323/45/380 4322/45/380 4294/45/380 4325/45/380
f 4350/45/381 4321/45/381 4323/45/381 4324/45/381
f 4324/45/382 4323/45/382 4325/45/382 4326/45/382
f 4326/45/383 4325/45/383 4297/45/383 4328/45/383
f 4353/45/384 4324/45/384 4326/45/384 4327/45/384
f 4327/45/596 4326/45/596 4328/45/596 4329/45/596
f 4329/45/386 4328/45/386 4330/45/386 4331/45/386
f 4328/45/387 4297/45/387 4299/45/387 4330/45/387
f 4331/45/388 4330/45/388 4332/45/388 4333/45/388
f 4330/45/733 4299/45/733 4301/45/733 4332/45/733
f 4333/45/390 4332/45/390 4334/45/390 4335/45/390
f 4332/45/757 4301/45/757 4303/45/757 4334/45/757
f 4335/45/392 4334/45/392 4336/45/392 4337/45/392
f 4334/45/393 4303/45/393 4305/45/393 4336/45/393
f 4337/45/394 4336/45/394 4338/45/394 4339/45/394
f 4336/45/395 4305/45/395 4341/45/395 4338/45/395
f 4339/45/396 4338/45/396 4340/45/396 4373/45/396
f 4338/45/599 4341/45/599 4342/45/599 4340/45/599
f 4341/45/398 4306/45/398 4344/45/398 4342/45/398
f 4340/45/399 4342/45/399 4343/45/399 4346/45/399
f 4342/45/400 4344/45/400 4345/45/400 4343/45/400
f 4344/45/401 4309/45/401 4313/45/401 4345/45/401
f 4343/45/734 4345/45/734 4320/45/734 4347/45/734
f 4345/45/403 4313/45/403 4315/45/403 4320/45/403
f 4346/45/735 4343/45/735 4347/45/735 4348/45/735
f 4348/45/405 4347/45/405 4321/45/405 4350/45/405
f 4374/45/406 4346/45/406 4348/45/406 4349/45/406
f 4349/45/407 4348/45/407 4350/45/407 4351/45/407
f 4351/45/408 4350/45/408 4324/45/408 4353/45/408
f 4376/45/409 4349/45/409 4351/45/409 4352/45/409
f 4352/45/410 4351/45/410 4353/45/410 4354/45/410
f 4354/45/411 4353/45/411 4327/45/411 4356/45/411
f 4379/45/412 4352/45/412 4354/45/412 4355/45/412
f 4355/45/413 4354/45/413 4356/45/413 4357/45/413
f 4357/45/414 4356/45/414 4358/45/414 4359/45/414
f 4356/45/415 4327/45/415 4329/45/415 4358/45/415
f 4359/45/416 4358/45/416 4360/45/416 4361/45/416
f 4358/45/417 4329/45/417 4331/45/417 4360/45/417
f 4361/45/418 4360/45/418 4362/45/418 4363/45/418
f 4360/45/419 4331/45/419 4333/45/419 4362/45/419
f 4363/45/420 4362/45/420 4364/45/420 4365/45/420
f 4362/45/421 4333/45/421 4335/45/421 4364/45/421
f 4365/45/422 4364/45/422 4366/45/422 4367/45/422
f 4364/45/423 4335/45/423 4337/45/423 4366/45/423
f 4367/45/424 4366/45/424 4368/45/424 4369/45/424
f 4366/45/425 4337/45/425 4339/45/425 4368/45/425
f 4369/45/426 4368/45/426 4370/45/426 4371/45/426
f 4368/45/427 4339/45/427 4373/45/427 4370/45/427
f 4371/45/428 4370/45/428 4372/45/428 4375/45/428
f 4370/45/429 4373/45/429 4374/45/429 4372/45/429
f 4373/45/430 4340/45/430 4346/45/430 4374/45/430
f 4372/45/431 4374/45/431 4349/45/431 4376/45/431
f 4375/45/432 4372/45/432 4376/45/432 4377/45/432
f 4377/45/433 4376/45/433 4352/45/433 4379/45/433
f 4400/45/434 4375/45/434 4377/45/434 4378/45/434
f 4378/45/435 4377/45/435 4379/45/435 4380/45/435
f 4380/45/436 4379/45/436 4355/45/436 4382/45/436
f 4403/45/437 4378/45/437 4380/45/437 4381/45/437
f 4381/45/438 4380/45/438 4382/45/438 4383/45/438
f 4383/45/439 4382/45/439 4384/45/439 4385/45/439
f 4382/45/440 4355/45/440 4357/45/440 4384/45/440
f 4385/45/441 4384/45/441 4386/45/441 4387/45/441
f 4384/45/442 4357/45/442 4359/45/442 4386/45/442
f 4387/45/443 4386/45/443 4388/45/443 4389/45/443
f 4386/45/444 4359/45/444 4361/45/444 4388/45/444
f 4389/45/445 4388/45/445 4390/45/445 4391/45/445
f 4388/45/446 4361/45/446 4363/45/446 4390/45/446
f 4391/45/447 4390/45/447 4392/45/447 4393/45/447
f 4390/45/448 4363/45/448 4365/45/448 4392/45/448
f 4393/45/449 4392/45/449 4394/45/449 4395/45/449
f 4392/45/450 4365/45/450 4367/45/450 4394/45/450
f 4395/45/451 4394/45/451 4396/45/451 4397/45/451
f 4394/45/452 4367/45/452 4369/45/452 4396/45/452
f 4397/45/453 4396/45/453 4398/45/453 4399/45/453
f 4396/45/454 4369/45/454 4371/45/454 4398/45/454
f 4399/45/455 4398/45/455 4400/45/455 4401/45/455
f 4398/45/456 4371/45/456 4375/45/456 4400/45/456
f 4401/45/457 4400/45/457 4378/45/457 4403/45/457
f 4424/45/458 4399/45/458 4401/45/458 4402/45/458
f 4402/45/459 4401/45/459 4403/45/459 4404/45/459
f 4404/45/460 4403/45/460 4381/45/460 4406/45/460
f 4427/45/461 4402/45/461 4404/45/461 4405/45/461
f 4405/45/462 4404/45/462 4406/45/462 4407/45/462
f 4407/45/463 4406/45/463 4408/45/463 4409/45/463
f 4406/45/464 4381/45/464 4383/45/464 4408/45/464
f 4409/45/465 4408/45/465 4410/45/465 4411/45/465
f 4408/45/466 4383/45/466 4385/45/466 4410/45/466
f 4411/45/467 4410/45/467 4412/45/467 4413/45/467
f 4410/45/468 4385/45/468 4387/45/468 4412/45/468
f 4413/45/469 4412/45/469 4414/45/469 4415/45/469
f 4412/45/470 4387/45/470 4389/45/470 4414/45/470
f 4415/45/471 4414/45/471 4416/45/471 4417/45/471
f 4414/45/472 4389/45/472 4391/45/472 4416/45/472
f 4417/45/473 4416/45/473 4418/45/473 4419/45/473
f 4416/45/474 4391/45/474 4393/45/474 4418/45/474
f 4419/45/475 4418/45/475 4420/45/475 4421/45/475
f 4418/45/476 4393/45/476 4395/45/476 4420/45/476
f 4421/45/477 4420/45/477 4422/45/477 4423/45/477
f 4420/45/478 4395/45/478 4397/45/478 4422/45/478
f 4423/45/479 4422/45/479 4424/45/479 4425/45/479
f 4422/45/480 4397/45/480 4399/45/480 4424/45/480
f 4425/45/481 4424/45/481 4402/45/481 4427/45/481
f 4448/45/482 4423/45/482 4425/45/482 4426/45/482
f 4426/45/483 4425/45/483 4427/45/483 4428/45/483
f 4428/45/484 4427/45/484 4405/45/484 4430/45/484
f 4451/45/485 4426/45/485 4428/45/485 4429/45/485
f 4429/45/486 4428/45/486 4430/45/486 4431/45/486
f 4431/45/487 4430/45/487 4432/45/487 4433/45/487
f 4430/45/488 4405/45/488 4407/45/488 4432/45/488
f 4433/45/489 4432/45/489 4434/45/489 4435/45/489
f 4432/45/490 4407/45/490 4409/45/490 4434/45/490
f 4435/45/491 4434/45/491 4436/45/491 4437/45/491
f 4434/45/492 4409/45/492 4411/45/492 4436/45/492
f 4437/45/493 4436/45/493 4438/45/493 4439/45/493
f 4436/45/494 4411/45/494 4413/45/494 4438/45/494
f 4439/45/495 4438/45/495 4440/45/495 4441/45/495
f 4438/45/496 4413/45/496 4415/45/496 4440/45/496
f 4441/45/497 4440/45/497 4442/45/497 4443/45/497
f 4440/45/498 4415/45/498 4417/45/498 4442/45/498
f 4443/45/499 4442/45/499 4444/45/499 4445/45/499
f 4442/45/500 4417/45/500 4419/45/500 4444/45/500
f 4445/45/501 4444/45/501 4446/45/501 4447/45/501
f 4444/45/502 4419/45/502 4421/45/502 4446/45/502
f 4447/45/503 4446/45/503 4448/45/503 4449/45/503
f 4446/45/504 4421/45/504 4423/45/504 4448/45/504
f 4449/45/604 4448/45/604 4426/45/604 4451/45/604
f 4472/45/606 4447/45/606 4449/45/606 4450/45/606
f 4450/45/507 4449/45/507 4451/45/507 4452/45/507
f 4452/45/508 4451/45/508 4429/45/508 4454/45/508
f 4475/45/509 4450/45/509 4452/45/509 4453/45/509
f 4453/45/510 4452/45/510 4454/45/510 4455/45/510
f 4455/45/611 4454/45/611 4456/45/611 4457/45/611
f 4454/45/512 4429/45/512 4431/45/512 4456/45/512
f 4457/45/752 4456/45/752 4458/45/752 4459/45/752
f 4456/45/514 4431/45/514 4433/45/514 4458/45/514
f 4459/45/515 4458/45/515 4460/45/515 4461/45/515
f 4458/45/516 4433/45/516 4435/45/516 4460/45/516
f 4461/45/517 4460/45/517 4462/45/517 4463/45/517
f 4460/45/518 4435/45/518 4437/45/518 4462/45/518
f 4463/45/519 4462/45/519 4464/45/519 4465/45/519
f 4462/45/520 4437/45/520 4439/45/520 4464/45/520
f 4465/45/521 4464/45/521 4466/45/521 4467/45/521
f 4464/45/522 4439/45/522 4441/45/522 4466/45/522
f 4467/45/608 4466/45/608 4468/45/608 4469/45/608
f 4466/45/524 4441/45/524 4443/45/524 4468/45/524
f 4469/45/607 4468/45/607 4470/45/607 4471/45/607
f 4468/45/526 4443/45/526 4445/45/526 4470/45/526
f 4471/45/527 4470/45/527 4472/45/527 4473/45/527
f 4470/45/528 4445/45/528 4447/45/528 4472/45/528
f 4473/45/529 4472/45/529 4450/45/529 4475/45/529
f 4496/45/530 4471/45/530 4473/45/530 4474/45/530
f 4474/45/531 4473/45/531 4475/45/531 4476/45/531
f 4476/45/532 4475/45/532 4453/45/532 4478/45/532
f 4499/45/533 4474/45/533 4476/45/533 4477/45/533
f 4477/45/534 4476/45/534 4478/45/534 4479/45/534
f 4479/45/535 4478/45/535 4480/45/535 4481/45/535
f 4478/45/536 4453/45/536 4455/45/536 4480/45/536
f 4481/45/537 4480/45/537 4482/45/537 4483/45/537
f 4480/45/538 4455/45/538 4457/45/538 4482/45/538
f 4483/45/539 4482/45/539 4484/45/539 4485/45/539
f 4482/45/614 4457/45/614 4459/45/614 4484/45/614
f 4485/45/541 4484/45/541 4486/45/541 4487/45/541
f 4484/45/542 4459/45/542 4461/45/542 4486/45/542
f 4487/45/543 4486/45/543 4488/45/543 4489/45/543
f 4486/45/544 4461/45/544 4463/45/544 4488/45/544
f 4489/45/545 4488/45/545 4490/45/545 4491/45/545
f 4488/45/546 4463/45/546 4465/45/546 4490/45/546
f 4491/45/547 4490/45/547 4492/45/547 4493/45/547
f 4490/45/548 4465/45/548 4467/45/548 4492/45/548
f 4493/45/549 4492/45/549 4494/45/549 4495/45/549
f 4492/45/613 4467/45/613 4469/45/613 4494/45/613
f 4495/45/551 4494/45/551 4496/45/551 4497/45/551
f 4494/45/552 4469/45/552 4471/45/552 4496/45/552
f 4497/45/553 4496/45/553 4474/45/553 4499/45/553
f 4520/45/554 4495/45/554 4497/45/554 4498/45/554
f 4498/45/555 4497/45/555 4499/45/555 4500/45/555
f 4500/45/556 4499/45/556 4477/45/556 4502/45/556
f 4523/45/557 4498/45/557 4500/45/557 4501/45/557
f 4501/45/558 4500/45/558 4502/45/558 4503/45/558
f 4503/45/559 4502/45/559 4504/45/559 4505/45/559
f 4502/45/560 4477/45/560 4479/45/560 4504/45/560
f 4505/45/561 4504/45/561 4506/45/561 4507/45/561
f 4504/45/562 4479/45/562 4481/45/562 4506/45/562
f 4507/45/563 4506/45/563 4508/45/563 4509/45/563
f 4506/45/564 4481/45/564 4483/45/564 4508/45/564
f 4509/45/565 4508/45/565 4510/45/565 4511/45/565
f 4508/45/566 4483/45/566 4485/45/566 4510/45/566
f 4511/45/567 4510/45/567 4512/45/567 4513/45/567
f 4510/45/568 4485/45/568 4487/45/568 4512/45/568
f 4513/45/569 4512/45/569 4514/45/569 4515/45/569
f 4512/45/570 4487/45/570 4489/45/570 4514/45/570
f 4515/45/616 4514/45/616 4516/45/616 4517/45/616
f 4514/45/572 4489/45/572 4491/45/572 4516/45/572
f 4517/45/573 4516/45/573 4518/45/573 4519/45/573
f 4516/45/574 4491/45/574 4493/45/574 4518/45/574
f 4519/45/575 4518/45/575 4520/45/575 4521/45/575
f 4518/45/576 4493/45/576 4495/45/576 4520/45/576
f 4521/45/577 4520/45/577 4498/45/577 4523/45/577
f 4544/45/578 4519/45/578 4521/45/578 4522/45/578
f 4522/45/579 4521/45/579 4523/45/579 4524/45/579
f 4524/45/580 4523/45/580 4501/45/580 4526/45/580
f 4547/45/337 4522/45/337 4524/45/337 4525/45/337
f 4525/45/329 4524/45/329 4526/45/329 4527/45/329
f 4527/45/327 4526/45/327 4528/45/327 4529/45/327
f 4526/45/581 4501/45/581 4503/45/581 4528/45/581
f 4529/45/326 4528/45/326 4530/45/326 4531/45/326
f 4528/45/582 4503/45/582 4505/45/582 4530/45/582
f 4531/45/325 4530/45/325 4532/45/325 4533/45/325
f 4530/45/583 4505/45/583 4507/45/583 4532/45/583
f 4533/45/305 4532/45/305 4534/45/305 4535/45/305
f 4532/45/584 4507/45/584 4509/45/584 4534/45/584
f 4535/45/306 4534/45/306 4536/45/306 4537/45/306
f 4534/45/585 4509/45/585 4511/45/585 4536/45/585
f 4537/45/586 4536/45/586 4538/45/586 4539/45/586
f 4536/45/587 4511/45/587 4513/45/587 4538/45/587
f 4539/45/588 4538/45/588 4540/45/588 4541/45/588
f 4538/45/589 4513/45/589 4515/45/589 4540/45/589
f 4541/45/341 4540/45/341 4542/45/341 4543/45/341
f 4540/45/590 4515/45/590 4517/45/590 4542/45/590
f 4543/45/339 4542/45/339 4544/45/339 4545/45/339
f 4542/45/591 4517/45/591 4519/45/591 4544/45/591
f 4545/45/338 4544/45/338 4522/45/338 4547/45/338
f 4568/45/340 4543/45/340 4545/45/340 4546/45/340
f 4546/45/336 4545/45/336 4547/45/336 4548/45/336
f 4548/45/334 4547/45/334 4525/45/334 4550/45/334
f 4571/45/335 4546/45/335 4548/45/335 4549/45/335
f 4549/45/333 4548/45/333 4550/45/333 4551/45/333
f 4551/45/332 4550/45/332 4552/45/332 4553/45/332
f 4550/45/330 4525/45/330 4527/45/330 4552/45/330
f 4553/45/331 4552/45/331 4554/45/331 4555/45/331
f 4552/45/328 4527/45/328 4529/45/328 4554/45/328
f 4555/45/322 4554/45/322 4556/45/322 4557/45/322
f 4554/45/324 4529/45/324 4531/45/324 4556/45/324
f 4557/45/320 4556/45/320 4558/45/320 4559/45/320
f 4556/45/323 4531/45/323 4533/45/323 4558/45/323
f 4559/45/309 4558/45/309 4560/45/309 4561/45/309
f 4558/45/304 4533/45/304 4535/45/304 4560/45/304
f 4561/45/308 4560/45/308 4562/45/308 4563/45/308
f 4560/45/307 4535/45/307 4537/45/307 4562/45/307
f 4563/45/311 4562/45/311 4564/45/311 4565/45/311
f 4562/45/310 4537/45/310 4539/45/310 4564/45/310
f 4565/45/345 4564/45/345 4566/45/345 4567/45/345
f 4564/45/346 4539/45/346 4541/45/346 4566/45/346
f 4567/45/344 4566/45/344 4568/45/344 4569/45/344
f 4566/45/342 4541/45/342 4543/45/342 4568/45/342
f 4569/45/343 4568/45/343 4546/45/343 4571/45/343
f 4592/45/347 4567/45/347 4569/45/347 4570/45/347
f 4570/45/592 4569/45/592 4571/45/592 4572/45/592
f 4572/45/373 4571/45/373 4549/45/373 4574/45/373
f 4595/45/374 4570/45/374 4572/45/374 4573/45/374
f 4573/45/372 4572/45/372 4574/45/372 4575/45/372
f 4575/45/370 4574/45/370 4576/45/370 4577/45/370
f 4574/45/371 4549/45/371 4551/45/371 4576/45/371
f 4577/45/368 4576/45/368 4578/45/368 4579/45/368
f 4576/45/369 4551/45/369 4553/45/369 4578/45/369
f 4579/45/366 4578/45/366 4580/45/366 4581/45/366
f 4578/45/367 4553/45/367 4555/45/367 4580/45/367
f 4581/45/364 4580/45/364 4582/45/364 4583/45/364
f 4580/45/321 4555/45/321 4557/45/321 4582/45/321
f 4583/45/318 4582/45/318 4584/45/318 4585/45/318
f 4582/45/593 4557/45/593 4559/45/593 4584/45/593
f 4585/45/316 4584/45/316 4586/45/316 4587/45/316
f 4584/45/317 4559/45/317 4561/45/317 4586/45/317
f 4587/45/315 4586/45/315 4588/45/315 4589/45/315
f 4586/45/313 4561/45/313 4563/45/313 4588/45/313
f 4589/45/314 4588/45/314 4590/45/314 4591/45/314
f 4588/45/312 4563/45/312 4565/45/312 4590/45/312
f 4591/45/350 4590/45/350 4592/45/350 4593/45/350
f 4590/45/348 4565/45/348 4567/45/348 4592/45/348
f 4593/45/349 4592/45/349 4570/45/349 4595/45/349
f 4616/45/352 4591/45/352 4593/45/352 4594/45/352
f 4594/45/351 4593/45/351 4595/45/351 4596/45/351
f 4596/45/377 4595/45/377 4573/45/377 4598/45/377
f 4619/45/380 4594/45/380 4596/45/380 4597/45/380
f 4597/45/379 4596/45/379 4598/45/379 4599/45/379
f 4599/45/594 4598/45/594 4600/45/594 4601/45/594
f 4598/45/376 4573/45/376 4575/45/376 4600/45/376
f 4601/45/734 4600/45/734 4602/45/734 4603/45/734
f 4600/45/403 4575/45/403 4577/45/403 4602/45/403
f 4603/45/400 4602/45/400 4604/45/400 4605/45/400
f 4602/45/401 4577/45/401 4579/45/401 4604/45/401
f 4605/45/398 4604/45/398 4606/45/398 4607/45/398
f 4604/45/365 4579/45/365 4581/45/365 4606/45/365
f 4607/45/362 4606/45/362 4608/45/362 4609/45/362
f 4606/45/363 4581/45/363 4583/45/363 4608/45/363
f 4609/45/360 4608/45/360 4610/45/360 4611/45/360
f 4608/45/361 4583/45/361 4585/45/361 4610/45/361
f 4611/45/358 4610/45/358 4612/45/358 4613/45/358
f 4610/45/359 4585/45/359 4587/45/359 4612/45/359
f 4613/45/356 4612/45/356 4614/45/356 4615/45/356
f 4612/45/357 4587/45/357 4589/45/357 4614/45/357
f 4615/45/355 4614/45/355 4616/45/355 4617/45/355
f 4614/45/353 4589/45/353 4591/45/353 4616/45/353
f 4617/45/354 4616/45/354 4594/45/354 4619/45/354
f 4640/45/387 4615/45/387 4617/45/387 4618/45/387
f 4618/45/383 4617/45/383 4619/45/383 4620/45/383
f 4620/45/382 4619/45/382 4597/45/382 4622/45/382
f 4643/45/596 4618/45/596 4620/45/596 4621/45/596
f 4621/45/384 4620/45/384 4622/45/384 4623/45/384
f 4623/45/408 4622/45/408 4624/45/408 4625/45/408
f 4622/45/381 4597/45/381 4599/45/381 4624/45/381
f 4625/45/407 4624/45/407 4626/45/407 4627/45/407
f 4624/45/597 4599/45/597 4601/45/597 4626/45/597
f 4627/45/406 4626/45/406 4628/45/406 4629/45/406
f 4626/45/404 4601/45/404 4603/45/404 4628/45/404
f 4629/45/430 4628/45/430 4630/45/430 4631/45/430
f 4628/45/399 4603/45/399 4605/45/399 4630/45/399
f 4631/45/396 4630/45/396 4632/45/396 4633/45/396
f 4630/45/599 4605/45/599 4607/45/599 4632/45/599
f 4633/45/394 4632/45/394 4634/45/394 4635/45/394
f 4632/45/395 4607/45/395 4609/45/395 4634/45/395
f 4635/45/392 4634/45/392 4636/45/392 4637/45/392
f 4634/45/393 4609/45/393 4611/45/393 4636/45/393
f 4637/45/390 4636/45/390 4638/45/390 4639/45/390
f 4636/45/391 4611/45/391 4613/45/391 4638/45/391
f 4639/45/388 4638/45/388 4640/45/388 4641/45/388
f 4638/45/389 4613/45/389 4615/45/389 4640/45/389
f 4641/45/386 4640/45/386 4618/45/386 4643/45/386
f 4664/45/419 4639/45/419 4641/45/419 4642/45/419
f 4642/45/417 4641/45/417 4643/45/417 4644/45/417
f 4644/45/415 4643/45/415 4621/45/415 4646/45/415
f 4667/45/416 4642/45/416 4644/45/416 4645/45/416
f 4645/45/414 4644/45/414 4646/45/414 4647/45/414
f 4647/45/413 4646/45/413 4648/45/413 4649/45/413
f 4646/45/411 4621/45/411 4623/45/411 4648/45/411
f 4649/45/412 4648/45/412 4650/45/412 4651/45/412
f 4648/45/410 4623/45/410 4625/45/410 4650/45/410
f 4651/45/433 4650/45/433 4652/45/433 4653/45/433
f 4650/45/409 4625/45/409 4627/45/409 4652/45/409
f 4653/45/432 4652/45/432 4654/45/432 4655/45/432
f 4652/45/431 4627/45/431 4629/45/431 4654/45/431
f 4655/45/428 4654/45/428 4656/45/428 4657/45/428
f 4654/45/429 4629/45/429 4631/45/429 4656/45/429
f 4657/45/426 4656/45/426 4658/45/426 4659/45/426
f 4656/45/427 4631/45/427 4633/45/427 4658/45/427
f 4659/45/424 4658/45/424 4660/45/424 4661/45/424
f 4658/45/425 4633/45/425 4635/45/425 4660/45/425
f 4661/45/422 4660/45/422 4662/45/422 4663/45/422
f 4660/45/423 4635/45/423 4637/45/423 4662/45/423
f 4663/45/420 4662/45/420 4664/45/420 4665/45/420
f 4662/45/421 4637/45/421 4639/45/421 4664/45/421
f 4665/45/418 4664/45/418 4642/45/418 4667/45/418
f 4688/45/448 4663/45/448 4665/45/448 4666/45/448
f 4666/45/446 4665/45/446 4667/45/446 4668/45/446
f 4668/45/444 4667/45/444 4645/45/444 4670/45/444
f 4691/45/445 4666/45/445 4668/45/445 4669/45/445
f 4669/45/443 4668/45/443 4670/45/443 4671/45/443
f 4671/45/441 4670/45/441 4672/45/441 4673/45/441
f 4670/45/442 4645/45/442 4647/45/442 4672/45/442
f 4673/45/439 4672/45/439 4674/45/439 4675/45/439
f 4672/45/440 4647/45/440 4649/45/440 4674/45/440
f 4675/45/438 4674/45/438 4676/45/438 4677/45/438
f 4674/45/436 4649/45/436 4651/45/436 4676/45/436
f 4677/45/437 4676/45/437 4678/45/437 4679/45/437
f 4676/45/435 4651/45/435 4653/45/435 4678/45/435
f 4679/45/457 4678/45/457 4680/45/457 4681/45/457
f 4678/45/434 4653/45/434 4655/45/434 4680/45/434
f 4681/45/455 4680/45/455 4682/45/455 4683/45/455
f 4680/45/456 4655/45/456 4657/45/456 4682/45/456
f 4683/45/453 4682/45/453 4684/45/453 4685/45/453
f 4682/45/454 4657/45/454 4659/45/454 4684/45/454
f 4685/45/451 4684/45/451 4686/45/451 4687/45/451
f 4684/45/452 4659/45/452 4661/45/452 4686/45/452
f 4687/45/449 4686/45/449 4688/45/449 4689/45/449
f 4686/45/450 4661/45/450 4663/45/450 4688/45/450
f 4689/45/447 4688/45/447 4666/45/447 4691/45/447
f 4712/45/476 4687/45/476 4689/45/476 4690/45/476
f 4690/45/474 4689/45/474 4691/45/474 4692/45/474
f 4692/45/472 4691/45/472 4669/45/472 4694/45/472
f 4715/45/473 4690/45/473 4692/45/473 4693/45/473
f 4693/45/471 4692/45/471 4694/45/471 4695/45/471
f 4695/45/469 4694/45/469 4696/45/469 4697/45/469
f 4694/45/470 4669/45/470 4671/45/470 4696/45/470
f 4697/45/467 4696/45/467 4698/45/467 4699/45/467
f 4696/45/468 4671/45/468 4673/45/468 4698/45/468
f 4699/45/465 4698/45/465 4700/45/465 4701/45/465
f 4698/45/466 4673/45/466 4675/45/466 4700/45/466
f 4701/45/463 4700/45/463 4702/45/463 4703/45/463
f 4700/45/464 4675/45/464 4677/45/464 4702/45/464
f 4703/45/462 4702/45/462 4704/45/462 4705/45/462
f 4702/45/460 4677/45/460 4679/45/460 4704/45/460
f 4705/45/461 4704/45/461 4706/45/461 4707/45/461
f 4704/45/459 4679/45/459 4681/45/459 4706/45/459
f 4707/45/481 4706/45/481 4708/45/481 4709/45/481
f 4706/45/458 4681/45/458 4683/45/458 4708/45/458
f 4709/45/479 4708/45/479 4710/45/479 4711/45/479
f 4708/45/480 4683/45/480 4685/45/480 4710/45/480
f 4711/45/477 4710/45/477 4712/45/477 4713/45/477
f 4710/45/478 4685/45/478 4687/45/478 4712/45/478
f 4713/45/475 4712/45/475 4690/45/475 4715/45/475
f 4736/45/504 4711/45/504 4713/45/504 4714/45/504
f 4714/45/502 4713/45/502 4715/45/502 4716/45/502
f 4716/45/500 4715/45/500 4693/45/500 4718/45/500
f 4739/45/501 4714/45/501 4716/45/501 4717/45/501
f 4717/45/499 4716/45/499 4718/45/499 4719/45/499
f 4719/45/497 4718/45/497 4720/45/497 4721/45/497
f 4718/45/498 4693/45/498 4695/45/498 4720/45/498
f 4721/45/495 4720/45/495 4722/45/495 4723/45/495
f 4720/45/496 4695/45/496 4697/45/496 4722/45/496
f 4723/45/493 4722/45/493 4724/45/493 4725/45/493
f 4722/45/494 4697/45/494 4699/45/494 4724/45/494
f 4725/45/491 4724/45/491 4726/45/491 4727/45/491
f 4724/45/492 4699/45/492 4701/45/492 4726/45/492
f 4727/45/489 4726/45/489 4728/45/489 4729/45/489
f 4726/45/490 4701/45/490 4703/45/490 4728/45/490
f 4729/45/487 4728/45/487 4730/45/487 4731/45/487
f 4728/45/488 4703/45/488 4705/45/488 4730/45/488
f 4731/45/486 4730/45/486 4732/45/486 4733/45/486
f 4730/45/484 4705/45/484 4707/45/484 4732/45/484
f 4733/45/485 4732/45/485 4734/45/485 4735/45/485
f 4732/45/483 4707/45/483 4709/45/483 4734/45/483
f 4735/45/604 4734/45/604 4736/45/604 4737/45/604
f 4734/45/482 4709/45/482 4711/45/482 4736/45/482
f 4737/45/503 4736/45/503 4714/45/503 4739/45/503
f 4760/45/507 4735/45/507 4737/45/507 4738/45/507
f 4738/45/606 4737/45/606 4739/45/606 4740/45/606
f 4740/45/528 4739/45/528 4717/45/528 4742/45/528
f 4763/45/529 4738/45/529 4740/45/529 4741/45/529
f 4741/45/527 4740/45/527 4742/45/527 4743/45/527
f 4743/45/525 4742/45/525 4744/45/525 4745/45/525
f 4742/45/526 4717/45/526 4719/45/526 4744/45/526
f 4745/45/608 4744/45/608 4746/45/608 4747/45/608
f 4744/45/524 4719/45/524 4721/45/524 4746/45/524
f 4747/45/521 4746/45/521 4748/45/521 4749/45/521
f 4746/45/522 4721/45/522 4723/45/522 4748/45/522
f 4749/45/519 4748/45/519 4750/45/519 4751/45/519
f 4748/45/737 4723/45/737 4725/45/737 4750/45/737
f 4751/45/517 4750/45/517 4752/45/517 4753/45/517
f 4750/45/518 4725/45/518 4727/45/518 4752/45/518
f 4753/45/515 4752/45/515 4754/45/515 4755/45/515
f 4752/45/516 4727/45/516 4729/45/516 4754/45/516
f 4755/45/513 4754/45/513 4756/45/513 4757/45/513
f 4754/45/514 4729/45/514 4731/45/514 4756/45/514
f 4757/45/511 4756/45/511 4758/45/511 4759/45/511
f 4756/45/512 4731/45/512 4733/45/512 4758/45/512
f 4759/45/510 4758/45/510 4760/45/510 4761/45/510
f 4758/45/508 4733/45/508 4735/45/508 4760/45/508
f 4761/45/509 4760/45/509 4738/45/509 4763/45/509
f 4784/45/536 4759/45/536 4761/45/536 4762/45/536
f 4762/45/532 4761/45/532 4763/45/532 4764/45/532
f 4764/45/531 4763/45/531 4741/45/531 4766/45/531
f 4787/45/534 4762/45/534 4764/45/534 4765/45/534
f 4765/45/533 4764/45/533 4766/45/533 4767/45/533
f 4767/45/553 4766/45/553 4768/45/553 4769/45/553
f 4766/45/530 4741/45/530 4743/45/530 4768/45/530
f 4769/45/551 4768/45/551 4770/45/551 4771/45/551
f 4768/45/552 4743/45/552 4745/45/552 4770/45/552
f 4771/45/549 4770/45/549 4772/45/549 4773/45/549
f 4770/45/613 4745/45/613 4747/45/613 4772/45/613
f 4773/45/547 4772/45/547 4774/45/547 4775/45/547
f 4772/45/548 4747/45/548 4749/45/548 4774/45/548
f 4775/45/545 4774/45/545 4776/45/545 4777/45/545
f 4774/45/546 4749/45/546 4751/45/546 4776/45/546
f 4777/45/543 4776/45/543 4778/45/543 4779/45/543
f 4776/45/544 4751/45/544 4753/45/544 4778/45/544
f 4779/45/541 4778/45/541 4780/45/541 4781/45/541
f 4778/45/542 4753/45/542 4755/45/542 4780/45/542
f 4781/45/539 4780/45/539 4782/45/539 4783/45/539
f 4780/45/614 4755/45/614 4757/45/614 4782/45/614
f 4783/45/537 4782/45/537 4784/45/537 4785/45/537
f 4782/45/738 4757/45/738 4759/45/738 4784/45/738
f 4785/45/535 4784/45/535 4762/45/535 4787/45/535
f 4808/45/564 4783/45/564 4785/45/564 4786/45/564
f 4786/45/562 4785/45/562 4787/45/562 4788/45/562
f 4788/45/560 4787/45/560 4765/45/560 4790/45/560
f 4810/45/615 4786/45/615 4788/45/615 4789/45/615
f 4789/45/559 4788/45/559 4790/45/559 4791/45/559
f 4791/45/558 4790/45/558 4792/45/558 4793/45/558
f 4790/45/556 4765/45/556 4767/45/556 4792/45/556
f 4793/45/758 4792/45/758 4794/45/758 4795/45/758
f 4792/45/555 4767/45/555 4769/45/555 4794/45/555
f 4795/45/577 4794/45/577 4796/45/577 4797/45/577
f 4794/45/554 4769/45/554 4771/45/554 4796/45/554
f 4797/45/575 4796/45/575 4798/45/575 4799/45/575
f 4796/45/576 4771/45/576 4773/45/576 4798/45/576
f 4799/45/573 4798/45/573 4800/45/573 4801/45/573
f 4798/45/574 4773/45/574 4775/45/574 4800/45/574
f 4801/45/616 4800/45/616 4802/45/616 4803/45/616
f 4800/45/572 4775/45/572 4777/45/572 4802/45/572
f 4803/45/569 4802/45/569 4804/45/569 4805/45/569
f 4802/45/570 4777/45/570 4779/45/570 4804/45/570
f 4805/45/567 4804/45/567 4806/45/567 4807/45/567
f 4804/45/568 4779/45/568 4781/45/568 4806/45/568
f 4807/45/565 4806/45/565 4808/45/565 4809/45/565
f 4806/45/566 4781/45/566 4783/45/566 4808/45/566
f 4809/45/563 4808/45/563 4786/45/563 4810/45/563
f 4812/45/585 4807/45/585 4809/45/585 4243/45/585
f 4243/45/584 4809/45/584 4810/45/584 4811/45/584
f 4811/45/583 4810/45/583 4789/45/583 4266/45/583
f 4813/45/587 4805/45/587 4807/45/587 4812/45/587
f 4815/45/586 4813/45/586 4812/45/586 4244/45/586
f 4814/45/589 4803/45/589 4805/45/589 4813/45/589
f 4285/45/588 4814/45/588 4813/45/588 4815/45/588
f 4284/45/590 4801/45/590 4803/45/590 4814/45/590
f 4282/45/591 4799/45/591 4801/45/591 4284/45/591
f 4280/45/578 4797/45/578 4799/45/578 4282/45/578
f 4816/45/579 4795/45/579 4797/45/579 4280/45/579
f 4270/45/580 4793/45/580 4795/45/580 4816/45/580
f 4268/45/581 4791/45/581 4793/45/581 4270/45/581
f 4266/45/582 4789/45/582 4791/45/582 4268/45/582
s 1
f 4823/45/2 4820/45/2 4817/45/2 4818/45/2 4943/45/2 4942/45/2 4941/45/2 4936/45/2 4935/45/2 4934/45/2 4933/45/2 4842/45/2 4841/45/2 4840/45/2 4839/45/2 4834/45/2 4833/45/2 4832/45/2 4831/45/2 4824/45/2
f 4817/45/617 4819/45/617 4945/45/617 4818/45/617
f 4820/45/618 4822/45/618 4819/45/618 4817/45/618
f 4842/45/2 4933/45/2 4928/45/2 4927/45/2 4926/45/2 4925/45/2 4920/45/2 4919/45/2 4918/45/2 4917/45/2 4912/45/2 4911/45/2 4910/45/2 4909/45/2 4904/45/2 4903/45/2 4902/45/2 4899/45/2 4898/45/2 4897/45/2 4891/45/2 4893/45/2 4895/45/2 4821/45/2 4820/45/2 4823/45/2 4825/45/2 4889/45/2 4883/45/2 4882/45/2 4881/45/2 4880/45/2 4874/45/2 4873/45/2 4872/45/2 4871/45/2 4866/45/2 4865/45/2 4864/45/2 4863/45/2 4858/45/2 4857/45/2 4856/45/2 4855/45/2 4850/45/2 4849/45/2 4848/45/2 4847/45/2
f 4821/45/755 4896/45/755 4822/45/755 4820/45/755
f 4824/45/620 4828/45/620 4826/45/620 4823/45/620
f 4823/45/621 4826/45/621 4827/45/621 4825/45/621
f 4937/45/4 4938/45/4 4939/45/4 4940/45/4 4944/45/4 4945/45/4 4819/45/4 4822/45/4 4896/45/4 4894/45/4 4892/45/4 4886/45/4 4885/45/4 4887/45/4 4888/45/4 4827/45/4 4826/45/4 4828/45/4 4829/45/4 4830/45/4 4835/45/4 4836/45/4 4837/45/4 4838/45/4 4843/45/4 4844/45/4 4845/45/4 4846/45/4 4851/45/4 4852/45/4 4853/45/4 4854/45/4 4859/45/4 4860/45/4 4861/45/4 4862/45/4 4867/45/4 4868/45/4 4869/45/4 4870/45/4 4875/45/4 4876/45/4 4905/45/4 4906/45/4 4907/45/4 4908/45/4 4913/45/4 4914/45/4 4915/45/4 4916/45/4 4921/45/4 4922/45/4 4923/45/4 4924/45/4 4929/45/4 4930/45/4 4931/45/4 4932/45/4
f 4831/45/622 4829/45/622 4828/45/622 4824/45/622
f 4832/45/623 4830/45/623 4829/45/623 4831/45/623
f 4833/45/624 4835/45/624 4830/45/624 4832/45/624
f 4834/45/625 4836/45/625 4835/45/625 4833/45/625
f 4837/45/626 4836/45/626 4834/45/626 4839/45/626
f 4838/45/627 4837/45/627 4839/45/627 4840/45/627
f 4843/45/628 4838/45/628 4840/45/628 4841/45/628
f 4844/45/629 4843/45/629 4841/45/629 4842/45/629
f 4845/45/630 4844/45/630 4842/45/630 4847/45/630
f 4846/45/631 4845/45/631 4847/45/631 4848/45/631
f 4851/45/632 4846/45/632 4848/45/632 4849/45/632
f 4852/45/633 4851/45/633 4849/45/633 4850/45/633
f 4853/45/634 4852/45/634 4850/45/634 4855/45/634
f 4854/45/635 4853/45/635 4855/45/635 4856/45/635
f 4859/45/636 4854/45/636 4856/45/636 4857/45/636
f 4860/45/618 4859/45/618 4857/45/618 4858/45/618
f 4861/45/637 4860/45/637 4858/45/637 4863/45/637
f 4862/45/638 4861/45/638 4863/45/638 4864/45/638
f 4867/45/639 4862/45/639 4864/45/639 4865/45/639
f 4868/45/640 4867/45/640 4865/45/640 4866/45/640
f 4871/45/641 4869/45/641 4868/45/641 4866/45/641
f 4872/45/642 4870/45/642 4869/45/642 4871/45/642
f 4873/45/643 4875/45/643 4870/45/643 4872/45/643
f 4874/45/644 4877/45/644 4875/45/644 4873/45/644
f 4886/45/4 4890/45/4 4900/45/4 4901/45/4 4876/45/4 4875/45/4 4877/45/4 4878/45/4 4879/45/4 4884/45/4 4885/45/4
f 4880/45/645 4878/45/645 4877/45/645 4874/45/645
f 4881/45/646 4879/45/646 4878/45/646 4880/45/646
f 4882/45/647 4884/45/647 4879/45/647 4881/45/647
f 4883/45/648 4887/45/648 4885/45/648 4884/45/648 4882/45/648
f 4889/45/649 4888/45/649 4887/45/649 4883/45/649
f 4825/45/650 4827/45/650 4888/45/650 4889/45/650
f 4897/45/651 4890/45/651 4886/45/651 4891/45/651
f 4891/45/633 4886/45/633 4892/45/633 4893/45/633
f 4893/45/652 4892/45/652 4894/45/652 4895/45/652
f 4895/45/635 4894/45/635 4896/45/635 4821/45/635
f 4898/45/631 4900/45/631 4890/45/631 4897/45/631
f 4899/45/653 4901/45/653 4900/45/653 4898/45/653
f 4902/45/629 4876/45/629 4901/45/629 4899/45/629
f 4903/45/654 4905/45/654 4876/45/654 4902/45/654
f 4904/45/627 4906/45/627 4905/45/627 4903/45/627
f 4909/45/655 4907/45/655 4906/45/655 4904/45/655
f 4910/45/625 4908/45/625 4907/45/625 4909/45/625
f 4911/45/656 4913/45/656 4908/45/656 4910/45/656
f 4912/45/623 4914/45/623 4913/45/623 4911/45/623
f 4917/45/657 4915/45/657 4914/45/657 4912/45/657
f 4918/45/620 4916/45/620 4915/45/620 4917/45/620
f 4919/45/658 4921/45/658 4916/45/658 4918/45/658
f 4920/45/650 4922/45/650 4921/45/650 4919/45/650
f 4925/45/659 4923/45/659 4922/45/659 4920/45/659
f 4926/45/648 4924/45/648 4923/45/648 4925/45/648
f 4927/45/660 4929/45/660 4924/45/660 4926/45/660
f 4928/45/646 4930/45/646 4929/45/646 4927/45/646
f 4933/45/661 4931/45/661 4930/45/661 4928/45/661
f 4934/45/644 4932/45/644 4931/45/644 4933/45/644
f 4935/45/662 4937/45/662 4932/45/662 4934/45/662
f 4936/45/642 4938/45/642 4937/45/642 4935/45/642
f 4941/45/663 4939/45/663 4938/45/663 4936/45/663
f 4942/45/640 4940/45/640 4939/45/640 4941/45/640
f 4943/45/664 4944/45/664 4940/45/664 4942/45/664
f 4818/45/638 4945/45/638 4944/45/638 4943/45/638
f 4947/45/665 4950/45/665 4949/45/665 4946/45/665
f 4946/45/666 4948/45/666 4979/45/666 4947/45/666
f 4949/45/81 4951/45/81 4948/45/81 4946/45/81
f 4950/45/665 4955/45/665 4952/45/665 4949/45/665
f 4952/45/81 4953/45/81 4951/45/81 4949/45/81
f 4954/45/81 4995/45/81 4953/45/81 4952/45/81
f 4955/45/665 4957/45/665 4954/45/665 4952/45/665
f 4973/45/665 4956/45/665 4955/45/665 4950/45/665
f 4956/45/665 4959/45/665 4957/45/665 4955/45/665
f 4957/45/665 4958/45/665 4999/45/665 4954/45/665
f 4959/45/665 4960/45/665 4958/45/665 4957/45/665
f 4963/45/665 4961/45/665 4959/45/665 4956/45/665
f 4961/45/665 4962/45/665 4960/45/665 4959/45/665
f 4964/45/665 4965/45/665 4962/45/665 4961/45/665
f 4967/45/665 4964/45/665 4961/45/665 4963/45/665
f 4964/45/262 4966/45/262 5005/45/262 4965/45/262
f 4967/45/262 4968/45/262 4966/45/262 4964/45/262
f 4969/45/262 4970/45/262 4968/45/262 4967/45/262
f 4969/45/665 4967/45/665 4963/45/665 4972/45/665
f 4971/45/262 5022/45/262 4970/45/262 4969/45/262
f 4971/45/665 4969/45/665 4972/45/665 4974/45/665
f 4972/45/665 4963/45/665 4956/45/665 4973/45/665
f 4974/45/665 4972/45/665 4973/45/665 4976/45/665
f 4976/45/666 4977/45/666 4975/45/666 4974/45/666
f 4974/45/666 4975/45/666 5022/45/666 4971/45/666
f 4976/45/665 4973/45/665 4950/45/665 4947/45/665
f 4947/45/666 4979/45/666 4977/45/666 4976/45/666
f 4977/45/666 4978/45/666 5021/45/666 4975/45/666
f 4979/45/666 4980/45/666 4978/45/666 4977/45/666
f 4948/45/666 4982/45/666 4980/45/666 4979/45/666
f 4982/45/666 4984/45/666 4981/45/666 4980/45/666
f 4980/45/666 4981/45/666 5025/45/666 4978/45/666
f 4951/45/81 4983/45/81 4982/45/81 4948/45/81
f 4983/45/81 4986/45/81 4984/45/81 4982/45/81
f 4984/45/666 4985/45/666 5027/45/666 4981/45/666
f 4986/45/81 4987/45/81 4985/45/81 4984/45/81
f 4988/45/81 4990/45/81 4987/45/81 4986/45/81
f 4989/45/81 4988/45/81 4986/45/81 4983/45/81
f 4994/45/81 4991/45/81 4988/45/81 4989/45/81
f 4991/45/81 4992/45/81 4990/45/81 4988/45/81
f 4993/45/81 5036/45/81 4992/45/81 4991/45/81
f 4996/45/81 4993/45/81 4991/45/81 4994/45/81
f 4995/45/81 4994/45/81 4989/45/81 4953/45/81
f 4998/45/81 4996/45/81 4994/45/81 4995/45/81
f 4997/45/667 5037/45/667 4993/45/667 4996/45/667
f 5000/45/667 4997/45/667 4996/45/667 4998/45/667
f 4999/45/81 4998/45/81 4995/45/81 4954/45/81
f 4958/45/667 5000/45/667 4998/45/667 4999/45/667
f 4960/45/667 5001/45/667 5000/45/667 4958/45/667
f 5001/45/667 5002/45/667 4997/45/667 5000/45/667
f 4962/45/667 5003/45/667 5001/45/667 4960/45/667
f 5003/45/667 5004/45/667 5002/45/667 5001/45/667
f 4965/45/667 5005/45/667 5003/45/667 4962/45/667
f 5005/45/667 5006/45/667 5004/45/667 5003/45/667
f 4966/45/262 5007/45/262 5006/45/262 5005/45/262
f 5006/45/667 5008/45/667 5009/45/667 5004/45/667
f 5007/45/262 5011/45/262 5008/45/262 5006/45/262
f 5008/45/667 5010/45/667 5039/45/667 5009/45/667
f 5011/45/262 5012/45/262 5010/45/262 5008/45/262
f 5013/45/262 5015/45/262 5012/45/262 5011/45/262
f 5014/45/262 5013/45/262 5011/45/262 5007/45/262
f 5019/45/262 5016/45/262 5013/45/262 5014/45/262
f 5016/45/262 5017/45/262 5015/45/262 5013/45/262
f 5018/45/262 5043/45/262 5017/45/262 5016/45/262
f 5020/45/262 5018/45/262 5016/45/262 5019/45/262
f 4970/45/262 5019/45/262 5014/45/262 4968/45/262
f 5022/45/262 5020/45/262 5019/45/262 4970/45/262
f 5021/45/666 5023/45/666 5018/45/666 5020/45/666
f 4975/45/666 5021/45/666 5020/45/666 5022/45/666
f 4978/45/666 5025/45/666 5023/45/666 5021/45/666
f 5023/45/666 5024/45/666 5043/45/666 5018/45/666
f 5025/45/666 5026/45/666 5024/45/666 5023/45/666
f 4981/45/666 5027/45/666 5026/45/666 5025/45/666
f 5028/45/668 5026/45/668 5027/45/668 5031/45/668
f 5029/45/668 5024/45/668 5026/45/668 5028/45/668
f 5042/45/668 5029/45/668 5028/45/668 5030/45/668
f 5030/45/668 5028/45/668 5031/45/668 5032/45/668
f 5031/45/668 5027/45/668 4985/45/668 4987/45/668
f 5032/45/668 5031/45/668 4987/45/668 4990/45/668
f 5033/45/668 5032/45/668 4990/45/668 4992/45/668
f 5034/45/668 5030/45/668 5032/45/668 5033/45/668
f 5035/45/668 5033/45/668 4992/45/668 5036/45/759
f 5038/45/668 5034/45/668 5033/45/668 5035/45/668
f 5037/45/667 5035/45/667 5036/45/667 4993/45/667
f 5040/45/667 5038/45/667 5035/45/667 5037/45/667
f 5039/45/668 5041/45/668 5034/45/668 5038/45/668
f 5009/45/667 5039/45/667 5038/45/667 5040/45/667
f 5002/45/667 5040/45/667 5037/45/667 4997/45/667
f 5004/45/667 5009/45/667 5040/45/667 5002/45/667
f 5010/45/668 5012/45/668 5041/45/668 5039/45/668
f 5041/45/668 5042/45/668 5030/45/668 5034/45/668
f 5012/45/668 5015/45/668 5042/45/668 5041/45/668
f 5015/45/668 5017/45/668 5029/45/668 5042/45/668
f 5017/45/668 5043/45/668 5024/45/668 5029/45/668
f 4968/45/262 5014/45/262 5007/45/262 4966/45/262
f 4953/45/81 4989/45/81 4983/45/81 4951/45/81
f 5045/45/669 5049/45/669 5047/45/669 5044/45/669
f 5148/45/300 5045/45/300 5044/45/300 5046/45/300 5171/45/300 5170/45/300 5169/45/300 5164/45/300 5163/45/300 5098/45/300 5097/45/300 5099/45/300 5100/45/300 5162/45/300 5161/45/300 5156/45/300 5155/45/300 5153/45/300 5152/45/300 5151/45/300
f 5044/45/670 5047/45/670 5048/45/670 5046/45/670
f 5165/45/302 5166/45/302 5167/45/302 5168/45/302 5172/45/302 5048/45/302 5047/45/302 5049/45/302 5050/45/302 5052/45/302 5053/45/302 5058/45/302 5059/45/302 5143/45/302 5144/45/302 5145/45/302 5147/45/302 5149/45/302 5150/45/302 5154/45/302 5157/45/302 5158/45/302 5159/45/302 5160/45/302 5103/45/302 5102/45/302 5104/45/302 5105/45/302 5106/45/302 5111/45/302 5112/45/302 5113/45/302 5114/45/302 5119/45/302 5120/45/302 5121/45/302 5122/45/302 5127/45/302 5128/45/302 5129/45/302 5130/45/302 5066/45/302 5069/45/302 5070/45/302 5071/45/302 5072/45/302 5077/45/302 5078/45/302 5079/45/302 5080/45/302 5085/45/302 5086/45/302 5087/45/302 5088/45/302 5093/45/302 5094/45/302 5095/45/302 5096/45/302
f 5051/45/671 5050/45/671 5049/45/671 5045/45/671
f 5054/45/672 5052/45/672 5050/45/672 5051/45/672
f 5055/45/673 5053/45/673 5052/45/673 5054/45/673
f 5099/45/300 5097/45/300 5092/45/300 5091/45/300 5090/45/300 5089/45/300 5084/45/300 5083/45/300 5082/45/300 5081/45/300 5076/45/300 5075/45/300 5074/45/300 5073/45/300 5068/45/300 5067/45/300 5065/45/300 5064/45/300 5063/45/300 5057/45/300 5056/45/300 5055/45/300 5054/45/300 5051/45/300 5045/45/300 5148/45/300 5146/45/300 5142/45/300 5141/45/300 5140/45/300 5139/45/300 5134/45/300 5133/45/300 5132/45/300 5131/45/300 5126/45/300 5125/45/300 5124/45/300 5123/45/300 5118/45/300 5117/45/300 5116/45/300 5115/45/300 5110/45/300 5109/45/300 5108/45/300 5107/45/300 5101/45/300
f 5056/45/674 5058/45/674 5053/45/674 5055/45/674
f 5057/45/675 5060/45/675 5058/45/675 5056/45/675
f 5058/45/302 5060/45/302 5061/45/302 5062/45/302 5066/45/302 5130/45/302 5135/45/302 5136/45/302 5137/45/302 5138/45/302 5059/45/302
f 5063/45/676 5061/45/676 5060/45/676 5057/45/676
f 5064/45/677 5062/45/677 5061/45/677 5063/45/677
f 5065/45/678 5066/45/678 5062/45/678 5064/45/678
f 5067/45/679 5069/45/679 5066/45/679 5065/45/679
f 5068/45/680 5070/45/680 5069/45/680 5067/45/680
f 5073/45/681 5071/45/681 5070/45/681 5068/45/681
f 5074/45/682 5072/45/682 5071/45/682 5073/45/682
f 5075/45/683 5077/45/683 5072/45/683 5074/45/683
f 5076/45/684 5078/45/684 5077/45/684 5075/45/684
f 5081/45/685 5079/45/685 5078/45/685 5076/45/685
f 5082/45/686 5080/45/686 5079/45/686 5081/45/686
f 5083/45/687 5085/45/687 5080/45/687 5082/45/687
f 5084/45/688 5086/45/688 5085/45/688 5083/45/688
f 5089/45/725 5087/45/725 5086/45/725 5084/45/725
f 5090/45/690 5088/45/690 5087/45/690 5089/45/690
f 5091/45/691 5093/45/691 5088/45/691 5090/45/691
f 5092/45/692 5094/45/692 5093/45/692 5091/45/692
f 5097/45/693 5095/45/693 5094/45/693 5092/45/693
f 5098/45/694 5096/45/694 5095/45/694 5097/45/694
f 5102/45/678 5103/45/678 5100/45/678 5099/45/678
f 5104/45/695 5102/45/695 5099/45/695 5101/45/695
f 5105/45/676 5104/45/676 5101/45/676 5107/45/676
f 5106/45/732 5105/45/732 5107/45/732 5108/45/732
f 5111/45/674 5106/45/674 5108/45/674 5109/45/674
f 5112/45/697 5111/45/697 5109/45/697 5110/45/697
f 5113/45/731 5112/45/731 5110/45/731 5115/45/731
f 5114/45/699 5113/45/699 5115/45/699 5116/45/699
f 5119/45/669 5114/45/669 5116/45/669 5117/45/669
f 5120/45/700 5119/45/700 5117/45/700 5118/45/700
f 5121/45/701 5120/45/701 5118/45/701 5123/45/701
f 5122/45/702 5121/45/702 5123/45/702 5124/45/702
f 5127/45/703 5122/45/703 5124/45/703 5125/45/703
f 5126/45/704 5128/45/704 5127/45/704 5125/45/704
f 5131/45/705 5129/45/705 5128/45/705 5126/45/705
f 5132/45/706 5130/45/706 5129/45/706 5131/45/706
f 5133/45/694 5135/45/694 5130/45/694 5132/45/694
f 5134/45/707 5136/45/707 5135/45/707 5133/45/707
f 5139/45/760 5137/45/760 5136/45/760 5134/45/760
f 5140/45/708 5138/45/708 5137/45/708 5139/45/708
f 5141/45/709 5143/45/709 5059/45/709 5138/45/709 5140/45/709
f 5142/45/710 5144/45/710 5143/45/710 5141/45/710
f 5146/45/711 5145/45/711 5144/45/711 5142/45/711
f 5148/45/712 5147/45/712 5145/45/712 5146/45/712
f 5151/45/745 5149/45/745 5147/45/745 5148/45/745
f 5152/45/729 5150/45/729 5149/45/729 5151/45/729
f 5153/45/714 5154/45/714 5150/45/714 5152/45/714
f 5155/45/715 5157/45/715 5154/45/715 5153/45/715
f 5156/45/728 5158/45/728 5157/45/728 5155/45/728
f 5159/45/716 5158/45/716 5156/45/716 5161/45/716
f 5160/45/727 5159/45/727 5161/45/727 5162/45/727
f 5103/45/717 5160/45/717 5162/45/717 5100/45/717
f 5163/45/718 5165/45/718 5096/45/718 5098/45/718
f 5164/45/719 5166/45/719 5165/45/719 5163/45/719
f 5169/45/720 5167/45/720 5166/45/720 5164/45/720
f 5170/45/721 5168/45/721 5167/45/721 5169/45/721
f 5171/45/722 5172/45/722 5168/45/722 5170/45/722
f 5046/45/701 5048/45/701 5172/45/701 5171/45/701
f 5174/45/669 5178/45/669 5176/45/669 5173/45/669
f 5258/45/300 5174/45/300 5173/45/300 5175/45/300 5238/45/300 5237/45/300 5232/45/300 5231/45/300 5230/45/300 5229/45/300 5224/45/300 5239/45/300 5242/45/300 5243/45/300 5248/45/300 5249/45/300 5250/45/300 5251/45/300 5256/45/300 5257/45/300
f 5173/45/670 5176/45/670 5177/45/670 5175/45/670
f 5228/45/302 5233/45/302 5234/45/302 5235/45/302 5236/45/302 5177/45/302 5176/45/302 5178/45/302 5179/45/302 5181/45/302 5182/45/302 5187/45/302 5188/45/302 5263/45/302 5262/45/302 5261/45/302 5260/45/302 5255/45/302 5254/45/302 5253/45/302 5252/45/302 5247/45/302 5246/45/302 5245/45/302 5244/45/302 5241/45/302 5301/45/302 5298/45/302 5297/45/302 5296/45/302 5295/45/302 5290/45/302 5289/45/302 5288/45/302 5287/45/302 5282/45/302 5281/45/302 5280/45/302 5279/45/302 5276/45/302 5195/45/302 5194/45/302 5196/45/302 5201/45/302 5202/45/302 5203/45/302 5204/45/302 5209/45/302 5210/45/302 5211/45/302 5212/45/302 5217/45/302 5218/45/302 5219/45/302 5220/45/302 5225/45/302 5226/45/302 5227/45/302
f 5180/45/671 5179/45/671 5178/45/671 5174/45/671
f 5183/45/672 5181/45/672 5179/45/672 5180/45/672
f 5184/45/673 5182/45/673 5181/45/673 5183/45/673
f 5239/45/300 5224/45/300 5223/45/300 5222/45/300 5221/45/300 5216/45/300 5215/45/300 5214/45/300 5213/45/300 5208/45/300 5207/45/300 5206/45/300 5205/45/300 5200/45/300 5199/45/300 5198/45/300 5197/45/300 5193/45/300 5191/45/300 5186/45/300 5185/45/300 5184/45/300 5183/45/300 5180/45/300 5174/45/300 5258/45/300 5259/45/300 5264/45/300 5265/45/300 5266/45/300 5268/45/300 5270/45/300 5271/45/300 5274/45/300 5275/45/300 5277/45/300 5278/45/300 5283/45/300 5284/45/300 5285/45/300 5286/45/300 5291/45/300 5292/45/300 5293/45/300 5294/45/300 5299/45/300 5300/45/300 5240/45/300
f 5185/45/674 5187/45/674 5182/45/674 5184/45/674
f 5186/45/675 5189/45/675 5187/45/675 5185/45/675
f 5187/45/302 5189/45/302 5190/45/302 5192/45/302 5194/45/302 5195/45/302 5273/45/302 5272/45/302 5269/45/302 5267/45/302 5188/45/302
f 5191/45/676 5190/45/676 5189/45/676 5186/45/676
f 5193/45/724 5192/45/724 5190/45/724 5191/45/724
f 5197/45/678 5194/45/678 5192/45/678 5193/45/678
f 5198/45/679 5196/45/679 5194/45/679 5197/45/679
f 5199/45/680 5201/45/680 5196/45/680 5198/45/680
f 5200/45/681 5202/45/681 5201/45/681 5199/45/681
f 5205/45/682 5203/45/682 5202/45/682 5200/45/682
f 5206/45/683 5204/45/683 5203/45/683 5205/45/683
f 5207/45/684 5209/45/684 5204/45/684 5206/45/684
f 5208/45/761 5210/45/761 5209/45/761 5207/45/761
f 5213/45/686 5211/45/686 5210/45/686 5208/45/686
f 5214/45/687 5212/45/687 5211/45/687 5213/45/687
f 5215/45/688 5217/45/688 5212/45/688 5214/45/688
f 5216/45/689 5218/45/689 5217/45/689 5215/45/689
f 5221/45/690 5219/45/690 5218/45/690 5216/45/690
f 5222/45/691 5220/45/691 5219/45/691 5221/45/691
f 5223/45/692 5225/45/692 5220/45/692 5222/45/692
f 5224/45/693 5226/45/693 5225/45/693 5223/45/693
f 5229/45/694 5227/45/694 5226/45/694 5224/45/694
f 5230/45/718 5228/45/718 5227/45/718 5229/45/718
f 5231/45/719 5233/45/719 5228/45/719 5230/45/719
f 5232/45/720 5234/45/720 5233/45/720 5231/45/720
f 5237/45/721 5235/45/721 5234/45/721 5232/45/721
f 5238/45/722 5236/45/722 5235/45/722 5237/45/722
f 5175/45/723 5177/45/723 5236/45/723 5238/45/723
f 5301/45/695 5241/45/695 5239/45/695 5240/45/695
f 5241/45/678 5244/45/678 5242/45/678 5239/45/678
f 5244/45/717 5245/45/717 5243/45/717 5242/45/717
f 5245/45/727 5246/45/727 5248/45/727 5243/45/727
f 5246/45/716 5247/45/716 5249/45/716 5248/45/716
f 5249/45/728 5247/45/728 5252/45/728 5250/45/728
f 5250/45/715 5252/45/715 5253/45/715 5251/45/715
f 5251/45/714 5253/45/714 5254/45/714 5256/45/714
f 5256/45/713 5254/45/713 5255/45/713 5257/45/713
f 5257/45/686 5255/45/686 5260/45/686 5258/45/686
f 5258/45/712 5260/45/712 5261/45/712 5259/45/712
f 5259/45/711 5261/45/711 5262/45/711 5264/45/711
f 5264/45/710 5262/45/710 5263/45/710 5265/45/710
f 5265/45/709 5263/45/709 5188/45/709 5267/45/709 5266/45/709
f 5266/45/708 5267/45/708 5269/45/708 5268/45/708
f 5268/45/692 5269/45/692 5272/45/692 5270/45/692
f 5270/45/730 5272/45/730 5273/45/730 5271/45/730
f 5271/45/694 5273/45/694 5195/45/694 5274/45/694
f 5274/45/706 5195/45/706 5276/45/706 5275/45/706
f 5275/45/705 5276/45/705 5279/45/705 5277/45/705
f 5277/45/704 5279/45/704 5280/45/704 5278/45/704
f 5280/45/703 5281/45/703 5283/45/703 5278/45/703
f 5281/45/702 5282/45/702 5284/45/702 5283/45/702
f 5282/45/701 5287/45/701 5285/45/701 5284/45/701
f 5287/45/700 5288/45/700 5286/45/700 5285/45/700
f 5288/45/669 5289/45/669 5291/45/669 5286/45/669
f 5289/45/699 5290/45/699 5292/45/699 5291/45/699
f 5290/45/731 5295/45/731 5293/45/731 5292/45/731
f 5295/45/697 5296/45/697 5294/45/697 5293/45/697
f 5296/45/674 5297/45/674 5299/45/674 5294/45/674
f 5297/45/732 5298/45/732 5300/45/732 5299/45/732
f 5298/45/676 5301/45/676 5240/45/676 5300/45/676
f 5303/45/301 5306/45/301 5305/45/301 5302/45/301
f 5302/45/300 5304/45/300 5339/45/300 5303/45/300
f 5305/45/81 5307/45/81 5304/45/81 5302/45/81
f 5306/45/301 5311/45/301 5308/45/301 5305/45/301
f 5308/45/81 5309/45/81 5307/45/81 5305/45/81
f 5310/45/81 5385/45/81 5309/45/81 5308/45/81
f 5311/45/301 5313/45/301 5310/45/301 5308/45/301
f 5333/45/301 5312/45/301 5311/45/301 5306/45/301
f 5312/45/301 5314/45/301 5313/45/301 5311/45/301
f 5313/45/301 5315/45/301 5316/45/301 5310/45/301
f 5314/45/301 5318/45/301 5315/45/301 5313/45/301
f 5315/45/302 5317/45/302 5387/45/302 5316/45/302
f 5318/45/302 5319/45/302 5317/45/302 5315/45/302
f 5320/45/302 5321/45/302 5319/45/302 5318/45/302
f 5323/45/301 5320/45/301 5318/45/301 5314/45/301
f 5322/45/302 5368/45/302 5321/45/302 5320/45/302
f 5325/45/301 5322/45/301 5320/45/301 5323/45/301
f 5327/45/301 5325/45/301 5323/45/301 5324/45/301
f 5324/45/301 5323/45/301 5314/45/301 5312/45/301
f 5325/45/262 5326/45/262 5368/45/262 5322/45/262
f 5327/45/262 5328/45/262 5326/45/262 5325/45/262
f 5329/45/262 5330/45/262 5328/45/262 5327/45/262
f 5329/45/301 5327/45/301 5324/45/301 5332/45/301
f 5331/45/262 5397/45/262 5330/45/262 5329/45/262
f 5331/45/301 5329/45/301 5332/45/301 5334/45/301
f 5332/45/301 5324/45/301 5312/45/301 5333/45/301
f 5334/45/301 5332/45/301 5333/45/301 5336/45/301
f 5334/45/300 5335/45/300 5397/45/300 5331/45/300
f 5336/45/300 5337/45/300 5335/45/300 5334/45/300
f 5303/45/300 5339/45/300 5337/45/300 5336/45/300
f 5336/45/301 5333/45/301 5306/45/301 5303/45/301
f 5339/45/300 5340/45/300 5338/45/300 5337/45/300
f 5337/45/300 5338/45/300 5398/45/300 5335/45/300
f 5304/45/300 5341/45/300 5340/45/300 5339/45/300
f 5341/45/300 5344/45/300 5342/45/300 5340/45/300
f 5340/45/300 5342/45/300 5343/45/300 5338/45/300
f 5342/45/300 5345/45/300 5346/45/300 5343/45/300
f 5344/45/300 5347/45/300 5345/45/300 5342/45/300
f 5351/45/303 5346/45/303 5345/45/303 5348/45/303
f 5348/45/303 5345/45/303 5347/45/303 5349/45/303
f 5350/45/303 5348/45/303 5349/45/303 5378/45/303
f 5353/45/303 5351/45/303 5348/45/303 5350/45/303
f 5352/45/303 5399/45/303 5346/45/303 5351/45/303
f 5355/45/303 5352/45/303 5351/45/303 5353/45/303
f 5354/45/303 5353/45/303 5350/45/303 5376/45/303
f 5357/45/303 5355/45/303 5353/45/303 5354/45/303
f 5358/45/303 5356/45/303 5355/45/303 5357/45/303
f 5356/45/303 5392/45/303 5352/45/303 5355/45/303
f 5359/45/303 5357/45/303 5354/45/303 5360/45/303
f 5362/45/303 5358/45/303 5357/45/303 5359/45/303
f 5361/45/302 5359/45/302 5360/45/302 5371/45/302
f 5363/45/302 5362/45/302 5359/45/302 5361/45/302
f 5364/45/262 5358/45/262 5362/45/262 5363/45/262
f 5366/45/262 5364/45/262 5363/45/262 5365/45/262
f 5365/45/302 5363/45/302 5361/45/302 5367/45/302
f 5326/45/262 5366/45/262 5365/45/262 5368/45/262
f 5368/45/302 5365/45/302 5367/45/302 5321/45/302
f 5367/45/302 5361/45/302 5371/45/302 5369/45/302
f 5321/45/302 5367/45/302 5369/45/302 5319/45/302
f 5369/45/302 5371/45/302 5372/45/302 5370/45/302
f 5319/45/302 5369/45/302 5370/45/302 5317/45/302
f 5371/45/302 5360/45/302 5374/45/302 5372/45/302
f 5370/45/302 5372/45/302 5373/45/302 5386/45/302
f 5372/45/302 5374/45/302 5375/45/302 5373/45/302
f 5374/45/303 5376/45/303 5377/45/303 5375/45/303
f 5360/45/303 5354/45/303 5376/45/303 5374/45/303
f 5376/45/303 5350/45/303 5378/45/303 5377/45/303
f 5379/45/81 5377/45/81 5378/45/81 5381/45/81
f 5373/45/81 5375/45/81 5377/45/81 5379/45/81
f 5386/45/81 5373/45/81 5379/45/81 5380/45/81
f 5380/45/81 5379/45/81 5381/45/81 5383/45/81
f 5383/45/81 5381/45/81 5382/45/81 5384/45/81
f 5381/45/81 5378/45/81 5349/45/81 5382/45/81
f 5309/45/81 5383/45/81 5384/45/81 5307/45/81
f 5385/45/81 5380/45/81 5383/45/81 5309/45/81
f 5384/45/81 5382/45/81 5344/45/81 5341/45/81
f 5307/45/81 5384/45/81 5341/45/81 5304/45/81
f 5382/45/81 5349/45/81 5347/45/81 5344/45/81
f 5387/45/81 5386/45/81 5380/45/81 5385/45/81
f 5317/45/302 5370/45/302 5386/45/302 5387/45/302
f 5316/45/81 5387/45/81 5385/45/81 5310/45/81
f 5328/45/262 5388/45/262 5366/45/262 5326/45/262
f 5388/45/262 5390/45/262 5364/45/262 5366/45/262
f 5330/45/262 5389/45/262 5388/45/262 5328/45/262
f 5389/45/262 5391/45/262 5390/45/262 5388/45/262
f 5390/45/262 5356/45/262 5358/45/262 5364/45/262
f 5391/45/262 5392/45/262 5356/45/262 5390/45/262
f 5396/45/262 5393/45/262 5391/45/262 5389/45/262
f 5393/45/262 5394/45/262 5392/45/262 5391/45/262
f 5395/45/300 5399/45/300 5394/45/300 5393/45/300
f 5398/45/300 5395/45/300 5393/45/300 5396/45/300
f 5397/45/262 5396/45/262 5389/45/262 5330/45/262
f 5335/45/300 5398/45/300 5396/45/300 5397/45/300
f 5338/45/300 5343/45/300 5395/45/300 5398/45/300
f 5343/45/300 5346/45/300 5399/45/300 5395/45/300
f 5392/45/303 5394/45/303 5399/45/303 5352/45/303
f 5400/45/762 5402/45/762 5504/45/762 5401/45/762
f 5403/45/763 5400/45/763 5401/45/763 5499/45/763
f 5404/45/764 5405/45/764 5402/45/764 5400/45/764
f 5406/45/765 5404/45/765 5400/45/765 5403/45/765
f 5407/45/766 5408/45/766 5405/45/766 5404/45/766
f 5409/45/767 5407/45/767 5404/45/767 5406/45/767
f 5410/45/768 5411/45/768 5408/45/768 5407/45/768
f 5412/45/769 5410/45/769 5407/45/769 5409/45/769
f 5413/45/770 5414/45/770 5411/45/770 5410/45/770
f 5415/45/771 5413/45/771 5410/45/771 5412/45/771
f 5416/45/772 5417/45/772 5414/45/772 5413/45/772
f 5418/45/773 5416/45/773 5413/45/773 5415/45/773
f 5419/45/774 5421/45/774 5417/45/774 5416/45/774
f 5422/45/775 5419/45/775 5416/45/775 5418/45/775
f 5424/45/776 5420/45/776 5419/45/776 5422/45/776
f 5420/45/777 5573/45/777 5421/45/777 5419/45/777
f 5425/45/778 5424/45/778 5422/45/778 5423/45/778
f 5423/45/779 5422/45/779 5418/45/779 5592/45/779
f 5426/45/780 5427/45/780 5420/45/780 5424/45/780
f 5428/45/781 5426/45/781 5424/45/781 5425/45/781
f 5429/45/782 5430/45/782 5427/45/782 5426/45/782
f 5431/45/783 5429/45/783 5426/45/783 5428/45/783
f 5432/45/784 5433/45/784 5430/45/784 5429/45/784
f 5434/45/785 5432/45/785 5429/45/785 5431/45/785
f 5435/45/786 5436/45/786 5433/45/786 5432/45/786
f 5437/45/787 5435/45/787 5432/45/787 5434/45/787
f 5438/45/788 5439/45/788 5436/45/788 5435/45/788
f 5440/45/789 5438/45/789 5435/45/789 5437/45/789
f 5441/45/790 5443/45/790 5439/45/790 5438/45/790
f 5444/45/791 5441/45/791 5438/45/791 5440/45/791
f 5442/45/792 5566/45/792 5443/45/792 5441/45/792
f 5446/45/793 5442/45/793 5441/45/793 5444/45/793
f 5447/45/794 5446/45/794 5444/45/794 5445/45/794
f 5445/45/795 5444/45/795 5440/45/795 5608/45/795
f 5448/45/796 5449/45/796 5442/45/796 5446/45/796
f 5450/45/797 5448/45/797 5446/45/797 5447/45/797
f 5451/45/798 5452/45/798 5449/45/798 5448/45/798
f 5453/45/799 5451/45/799 5448/45/799 5450/45/799
f 5454/45/800 5455/45/800 5452/45/800 5451/45/800
f 5456/45/801 5454/45/801 5451/45/801 5453/45/801
f 5457/45/802 5458/45/802 5455/45/802 5454/45/802
f 5459/45/803 5457/45/803 5454/45/803 5456/45/803
f 5460/45/804 5461/45/804 5458/45/804 5457/45/804
f 5462/45/805 5460/45/805 5457/45/805 5459/45/805
f 5463/45/806 5465/45/806 5461/45/806 5460/45/806
f 5466/45/807 5463/45/807 5460/45/807 5462/45/807
f 5464/45/808 5574/45/808 5465/45/808 5463/45/808
f 5468/45/809 5464/45/809 5463/45/809 5466/45/809
f 5469/45/810 5468/45/810 5466/45/810 5467/45/810
f 5467/45/811 5466/45/811 5462/45/811 5617/45/811
f 5470/45/812 5471/45/812 5464/45/812 5468/45/812
f 5472/45/813 5470/45/813 5468/45/813 5469/45/813
f 5473/45/814 5474/45/814 5471/45/814 5470/45/814
f 5475/45/815 5473/45/815 5470/45/815 5472/45/815
f 5476/45/816 5477/45/816 5474/45/816 5473/45/816
f 5478/45/817 5476/45/817 5473/45/817 5475/45/817
f 5479/45/818 5480/45/818 5477/45/818 5476/45/818
f 5481/45/819 5479/45/819 5476/45/819 5478/45/819
f 5482/45/820 5483/45/820 5480/45/820 5479/45/820
f 5485/45/821 5482/45/821 5479/45/821 5481/45/821
f 5484/45/822 5493/45/822 5483/45/822 5482/45/822
f 5486/45/823 5484/45/823 5482/45/823 5485/45/823
f 5621/45/824 5622/45/824 5623/45/824 5488/45/824 5487/45/824 5486/45/824 5485/45/824 5481/45/824 5478/45/824 5475/45/824 5472/45/824 5469/45/824 5467/45/824 5617/45/824 5616/45/824 5615/45/824 5614/45/824 5613/45/824 5612/45/824 5611/45/824 5610/45/824 5609/45/824 5606/45/824 5604/45/824 5602/45/824 5600/45/824 5598/45/824 5596/45/824 5594/45/824 5618/45/824 5619/45/824 5620/45/824
f 5487/45/825 5489/45/825 5484/45/825 5486/45/825
f 5488/45/826 5490/45/826 5489/45/826 5487/45/826
f 5490/45/827 5494/45/827 5491/45/827 5489/45/827
f 5489/45/828 5491/45/828 5493/45/828 5484/45/828
f 5494/45/829 5496/45/829 5492/45/829 5491/45/829
f 5491/45/830 5492/45/830 5580/45/830 5493/45/830
f 5495/45/831 5498/45/831 5496/45/831 5494/45/831
f 5624/45/832 5495/45/832 5494/45/832 5490/45/832
f 5498/45/833 5500/45/833 5497/45/833 5496/45/833
f 5496/45/834 5497/45/834 5538/45/834 5492/45/834
f 5499/45/835 5401/45/835 5500/45/835 5498/45/835
f 5581/45/836 5499/45/836 5498/45/836 5495/45/836
f 5401/45/837 5504/45/837 5501/45/837 5500/45/837
f 5500/45/838 5501/45/838 5503/45/838 5497/45/838
f 5504/45/839 5505/45/839 5502/45/839 5501/45/839
f 5501/45/840 5502/45/840 5536/45/840 5503/45/840
f 5402/45/841 5506/45/841 5505/45/841 5504/45/841
f 5506/45/842 5507/45/842 5505/45/842
f 5505/45/843 5507/45/843 5502/45/843
f 5533/45/844 5507/45/844 5506/45/844
f 5534/45/845 5507/45/845 5508/45/845
f 5508/45/846 5507/45/846 5509/45/846
f 5509/45/847 5507/45/847 5510/45/847
f 5510/45/848 5507/45/848 5511/45/848
f 5511/45/849 5507/45/849 5512/45/849
f 5512/45/850 5507/45/850 5513/45/850
f 5513/45/851 5507/45/851 5514/45/851
f 5514/45/852 5507/45/852 5515/45/852
f 5515/45/853 5507/45/853 5516/45/853
f 5516/45/854 5507/45/854 5517/45/854
f 5517/45/855 5507/45/855 5518/45/855
f 5518/45/856 5507/45/856 5519/45/856
f 5519/45/857 5507/45/857 5520/45/857
f 5520/45/858 5507/45/858 5521/45/858
f 5521/45/859 5507/45/859 5522/45/859
f 5522/45/860 5507/45/860 5523/45/860
f 5523/45/861 5507/45/861 5524/45/861
f 5524/45/862 5507/45/862 5525/45/862
f 5525/45/863 5507/45/863 5526/45/863
f 5526/45/864 5507/45/864 5527/45/864
f 5527/45/865 5507/45/865 5528/45/865
f 5528/45/866 5507/45/866 5529/45/866
f 5529/45/867 5507/45/867 5530/45/867
f 5530/45/868 5507/45/868 5531/45/868
f 5531/45/869 5507/45/869 5532/45/869
f 5532/45/870 5507/45/870 5533/45/870
f 5535/45/871 5507/45/871 5534/45/871
f 5536/45/872 5507/45/872 5535/45/872
f 5502/45/873 5507/45/873 5536/45/873
f 5503/45/874 5536/45/874 5535/45/874 5537/45/874
f 5537/45/875 5535/45/875 5534/45/875 5539/45/875
f 5497/45/876 5503/45/876 5537/45/876 5538/45/876
f 5538/45/877 5537/45/877 5539/45/877 5540/45/877
f 5539/45/878 5534/45/878 5508/45/878 5541/45/878
f 5540/45/879 5539/45/879 5541/45/879 5542/45/879
f 5541/45/880 5508/45/880 5509/45/880 5543/45/880
f 5542/45/881 5541/45/881 5543/45/881 5544/45/881
f 5543/45/882 5509/45/882 5510/45/882 5545/45/882
f 5544/45/883 5543/45/883 5545/45/883 5546/45/883
f 5546/45/884 5545/45/884 5547/45/884 5548/45/884
f 5545/45/885 5510/45/885 5511/45/885 5547/45/885
f 5547/45/886 5511/45/886 5512/45/886 5549/45/886
f 5548/45/887 5547/45/887 5549/45/887 5550/45/887
f 5549/45/888 5512/45/888 5513/45/888 5551/45/888
f 5550/45/889 5549/45/889 5551/45/889 5552/45/889
f 5551/45/890 5513/45/890 5514/45/890 5553/45/890
f 5552/45/891 5551/45/891 5553/45/891 5554/45/891
f 5553/45/892 5514/45/892 5515/45/892 5555/45/892
f 5554/45/893 5553/45/893 5555/45/893 5556/45/893
f 5555/45/894 5515/45/894 5516/45/894 5557/45/894
f 5556/45/895 5555/45/895 5557/45/895 5558/45/895
f 5557/45/896 5516/45/896 5517/45/896 5559/45/896
f 5558/45/897 5557/45/897 5559/45/897 5560/45/897
f 5559/45/898 5517/45/898 5518/45/898 5561/45/898
f 5560/45/899 5559/45/899 5561/45/899 5562/45/899
f 5562/45/900 5561/45/900 5563/45/900 5564/45/900
f 5561/45/901 5518/45/901 5519/45/901 5563/45/901
f 5563/45/902 5519/45/902 5520/45/902 5565/45/902
f 5564/45/903 5563/45/903 5565/45/903 5566/45/903
f 5565/45/904 5520/45/904 5521/45/904 5567/45/904
f 5566/45/905 5565/45/905 5567/45/905 5443/45/905
f 5567/45/906 5521/45/906 5522/45/906 5568/45/906
f 5443/45/907 5567/45/907 5568/45/907 5439/45/907
f 5568/45/908 5522/45/908 5523/45/908 5569/45/908
f 5439/45/909 5568/45/909 5569/45/909 5436/45/909
f 5569/45/910 5523/45/910 5524/45/910 5570/45/910
f 5436/45/911 5569/45/911 5570/45/911 5433/45/911
f 5570/45/912 5524/45/912 5525/45/912 5571/45/912
f 5433/45/913 5570/45/913 5571/45/913 5430/45/913
f 5571/45/914 5525/45/914 5526/45/914 5572/45/914
f 5430/45/915 5571/45/915 5572/45/915 5427/45/915
f 5427/45/916 5572/45/916 5573/45/916 5420/45/916
f 5572/45/917 5526/45/917 5527/45/917 5573/45/917
f 5573/45/918 5527/45/918 5528/45/918 5421/45/918
f 5449/45/919 5564/45/919 5566/45/919 5442/45/919
f 5452/45/920 5562/45/920 5564/45/920 5449/45/920
f 5455/45/921 5560/45/921 5562/45/921 5452/45/921
f 5458/45/922 5558/45/922 5560/45/922 5455/45/922
f 5461/45/923 5556/45/923 5558/45/923 5458/45/923
f 5465/45/924 5554/45/924 5556/45/924 5461/45/924
f 5574/45/925 5552/45/925 5554/45/925 5465/45/925
f 5575/45/926 5550/45/926 5552/45/926 5574/45/926
f 5471/45/927 5575/45/927 5574/45/927 5464/45/927
f 5474/45/928 5576/45/928 5575/45/928 5471/45/928
f 5576/45/929 5548/45/929 5550/45/929 5575/45/929
f 5577/45/930 5546/45/930 5548/45/930 5576/45/930
f 5477/45/931 5577/45/931 5576/45/931 5474/45/931
f 5578/45/932 5544/45/932 5546/45/932 5577/45/932
f 5480/45/933 5578/45/933 5577/45/933 5477/45/933
f 5579/45/934 5542/45/934 5544/45/934 5578/45/934
f 5483/45/935 5579/45/935 5578/45/935 5480/45/935
f 5580/45/936 5540/45/936 5542/45/936 5579/45/936
f 5493/45/937 5580/45/937 5579/45/937 5483/45/937
f 5492/45/938 5538/45/938 5540/45/938 5580/45/938
f 5408/45/939 5532/45/939 5533/45/939 5405/45/939
f 5405/45/940 5533/45/940 5506/45/940 5402/45/940
f 5411/45/941 5531/45/941 5532/45/941 5408/45/941
f 5414/45/942 5530/45/942 5531/45/942 5411/45/942
f 5417/45/943 5529/45/943 5530/45/943 5414/45/943
f 5421/45/944 5528/45/944 5529/45/944 5417/45/944
f 5583/45/945 5403/45/945 5499/45/945 5581/45/945
f 5584/45/946 5583/45/946 5581/45/946 5582/45/946
f 5582/45/947 5581/45/947 5495/45/947 5624/45/947
f 5585/45/948 5406/45/948 5403/45/948 5583/45/948
f 5586/45/949 5585/45/949 5583/45/949 5584/45/949
f 5587/45/950 5409/45/950 5406/45/950 5585/45/950
f 5588/45/951 5587/45/951 5585/45/951 5586/45/951
f 5589/45/952 5412/45/952 5409/45/952 5587/45/952
f 5590/45/953 5589/45/953 5587/45/953 5588/45/953
f 5591/45/954 5415/45/954 5412/45/954 5589/45/954
f 5593/45/955 5591/45/955 5589/45/955 5590/45/955
f 5592/45/956 5418/45/956 5415/45/956 5591/45/956
f 5595/45/957 5592/45/957 5591/45/957 5593/45/957
f 5596/45/958 5595/45/958 5593/45/958 5594/45/958
f 5594/45/959 5593/45/959 5590/45/959 5618/45/959
f 5597/45/960 5423/45/960 5592/45/960 5595/45/960
f 5598/45/961 5597/45/961 5595/45/961 5596/45/961
f 5599/45/962 5425/45/962 5423/45/962 5597/45/962
f 5600/45/963 5599/45/963 5597/45/963 5598/45/963
f 5601/45/964 5428/45/964 5425/45/964 5599/45/964
f 5602/45/965 5601/45/965 5599/45/965 5600/45/965
f 5603/45/966 5431/45/966 5428/45/966 5601/45/966
f 5604/45/967 5603/45/967 5601/45/967 5602/45/967
f 5605/45/968 5434/45/968 5431/45/968 5603/45/968
f 5606/45/969 5605/45/969 5603/45/969 5604/45/969
f 5607/45/970 5437/45/970 5434/45/970 5605/45/970
f 5609/45/971 5607/45/971 5605/45/971 5606/45/971
f 5608/45/972 5440/45/972 5437/45/972 5607/45/972
f 5610/45/973 5608/45/973 5607/45/973 5609/45/973
f 5611/45/974 5445/45/974 5608/45/974 5610/45/974
f 5612/45/975 5447/45/975 5445/45/975 5611/45/975
f 5613/45/976 5450/45/976 5447/45/976 5612/45/976
f 5614/45/977 5453/45/977 5450/45/977 5613/45/977
f 5615/45/978 5456/45/978 5453/45/978 5614/45/978
f 5616/45/979 5459/45/979 5456/45/979 5615/45/979
f 5617/45/980 5462/45/980 5459/45/980 5616/45/980
f 5618/45/981 5590/45/981 5588/45/981 5619/45/981
f 5619/45/982 5588/45/982 5586/45/982 5620/45/982
f 5620/45/983 5586/45/983 5584/45/983 5621/45/983
f 5621/45/984 5584/45/984 5582/45/984 5622/45/984
f 5622/45/985 5582/45/985 5624/45/985 5623/45/985
f 5623/45/986 5624/45/986 5490/45/986 5488/45/986
f 5625/45/987 5627/45/987 5729/45/987 5626/45/987
f 5628/45/988 5625/45/988 5626/45/988 5724/45/988
f 5629/45/989 5630/45/989 5627/45/989 5625/45/989
f 5631/45/990 5629/45/990 5625/45/990 5628/45/990
f 5632/45/991 5633/45/991 5630/45/991 5629/45/991
f 5634/45/992 5632/45/992 5629/45/992 5631/45/992
f 5635/45/993 5636/45/993 5633/45/993 5632/45/993
f 5637/45/994 5635/45/994 5632/45/994 5634/45/994
f 5638/45/995 5639/45/995 5636/45/995 5635/45/995
f 5640/45/996 5638/45/996 5635/45/996 5637/45/996
f 5641/45/997 5642/45/997 5639/45/997 5638/45/997
f 5643/45/998 5641/45/998 5638/45/998 5640/45/998
f 5644/45/999 5646/45/999 5642/45/999 5641/45/999
f 5647/45/1000 5644/45/1000 5641/45/1000 5643/45/1000
f 5649/45/1001 5645/45/1001 5644/45/1001 5647/45/1001
f 5645/45/1002 5798/45/1002 5646/45/1002 5644/45/1002
f 5650/45/1003 5649/45/1003 5647/45/1003 5648/45/1003
f 5648/45/1004 5647/45/1004 5643/45/1004 5817/45/1004
f 5651/45/1005 5652/45/1005 5645/45/1005 5649/45/1005
f 5653/45/1006 5651/45/1006 5649/45/1006 5650/45/1006
f 5654/45/1007 5655/45/1007 5652/45/1007 5651/45/1007
f 5656/45/1008 5654/45/1008 5651/45/1008 5653/45/1008
f 5657/45/1009 5658/45/1009 5655/45/1009 5654/45/1009
f 5659/45/1010 5657/45/1010 5654/45/1010 5656/45/1010
f 5660/45/1011 5661/45/1011 5658/45/1011 5657/45/1011
f 5662/45/1012 5660/45/1012 5657/45/1012 5659/45/1012
f 5663/45/1013 5664/45/1013 5661/45/1013 5660/45/1013
f 5665/45/1014 5663/45/1014 5660/45/1014 5662/45/1014
f 5666/45/1015 5668/45/1015 5664/45/1015 5663/45/1015
f 5669/45/1016 5666/45/1016 5663/45/1016 5665/45/1016
f 5667/45/1017 5791/45/1017 5668/45/1017 5666/45/1017
f 5671/45/1018 5667/45/1018 5666/45/1018 5669/45/1018
f 5672/45/1019 5671/45/1019 5669/45/1019 5670/45/1019
f 5670/45/1020 5669/45/1020 5665/45/1020 5833/45/1020
f 5673/45/1021 5674/45/1021 5667/45/1021 5671/45/1021
f 5675/45/1022 5673/45/1022 5671/45/1022 5672/45/1022
f 5676/45/1023 5677/45/1023 5674/45/1023 5673/45/1023
f 5678/45/1024 5676/45/1024 5673/45/1024 5675/45/1024
f 5679/45/1025 5680/45/1025 5677/45/1025 5676/45/1025
f 5681/45/1026 5679/45/1026 5676/45/1026 5678/45/1026
f 5682/45/1027 5683/45/1027 5680/45/1027 5679/45/1027
f 5684/45/1028 5682/45/1028 5679/45/1028 5681/45/1028
f 5685/45/1029 5686/45/1029 5683/45/1029 5682/45/1029
f 5687/45/1030 5685/45/1030 5682/45/1030 5684/45/1030
f 5688/45/1031 5690/45/1031 5686/45/1031 5685/45/1031
f 5691/45/1032 5688/45/1032 5685/45/1032 5687/45/1032
f 5689/45/1033 5799/45/1033 5690/45/1033 5688/45/1033
f 5693/45/1034 5689/45/1034 5688/45/1034 5691/45/1034
f 5694/45/1035 5693/45/1035 5691/45/1035 5692/45/1035
f 5692/45/1036 5691/45/1036 5687/45/1036 5842/45/1036
f 5695/45/1037 5696/45/1037 5689/45/1037 5693/45/1037
f 5697/45/1038 5695/45/1038 5693/45/1038 5694/45/1038
f 5698/45/1039 5699/45/1039 5696/45/1039 5695/45/1039
f 5700/45/1040 5698/45/1040 5695/45/1040 5697/45/1040
f 5701/45/1041 5702/45/1041 5699/45/1041 5698/45/1041
f 5703/45/1042 5701/45/1042 5698/45/1042 5700/45/1042
f 5704/45/1043 5705/45/1043 5702/45/1043 5701/45/1043
f 5706/45/1044 5704/45/1044 5701/45/1044 5703/45/1044
f 5707/45/1045 5708/45/1045 5705/45/1045 5704/45/1045
f 5710/45/1046 5707/45/1046 5704/45/1046 5706/45/1046
f 5709/45/1047 5718/45/1047 5708/45/1047 5707/45/1047
f 5711/45/1048 5709/45/1048 5707/45/1048 5710/45/1048
f 5846/45/1049 5847/45/1049 5848/45/1049 5713/45/1049 5712/45/1049 5711/45/1049 5710/45/1049 5706/45/1049 5703/45/1049 5700/45/1049 5697/45/1049 5694/45/1049 5692/45/1049 5842/45/1049 5841/45/1049 5840/45/1049 5839/45/1049 5838/45/1049 5837/45/1049 5836/45/1049 5835/45/1049 5834/45/1049 5831/45/1049 5829/45/1049 5827/45/1049 5825/45/1049 5823/45/1049 5821/45/1049 5819/45/1049 5843/45/1049 5844/45/1049 5845/45/1049
f 5712/45/1050 5714/45/1050 5709/45/1050 5711/45/1050
f 5713/45/1051 5715/45/1051 5714/45/1051 5712/45/1051
f 5715/45/1052 5719/45/1052 5716/45/1052 5714/45/1052
f 5714/45/1053 5716/45/1053 5718/45/1053 5709/45/1053
f 5719/45/1054 5721/45/1054 5717/45/1054 5716/45/1054
f 5716/45/1055 5717/45/1055 5805/45/1055 5718/45/1055
f 5720/45/1056 5723/45/1056 5721/45/1056 5719/45/1056
f 5849/45/1057 5720/45/1057 5719/45/1057 5715/45/1057
f 5723/45/1058 5725/45/1058 5722/45/1058 5721/45/1058
f 5721/45/1059 5722/45/1059 5763/45/1059 5717/45/1059
f 5724/45/1060 5626/45/1060 5725/45/1060 5723/45/1060
f 5806/45/1061 5724/45/1061 5723/45/1061 5720/45/1061
f 5626/45/1062 5729/45/1062 5726/45/1062 5725/45/1062
f 5725/45/1063 5726/45/1063 5728/45/1063 5722/45/1063
f 5729/45/1064 5730/45/1064 5727/45/1064 5726/45/1064
f 5726/45/1065 5727/45/1065 5761/45/1065 5728/45/1065
f 5627/45/1066 5731/45/1066 5730/45/1066 5729/45/1066
f 5731/45/1067 5732/45/1067 5730/45/1067
f 5730/45/1068 5732/45/1068 5727/45/1068
f 5758/45/1069 5732/45/1069 5731/45/1069
f 5759/45/1070 5732/45/1070 5733/45/1070
f 5733/45/1071 5732/45/1071 5734/45/1071
f 5734/45/1072 5732/45/1072 5735/45/1072
f 5735/45/1073 5732/45/1073 5736/45/1073
f 5736/45/1074 5732/45/1074 5737/45/1074
f 5737/45/1075 5732/45/1075 5738/45/1075
f 5738/45/1076 5732/45/1076 5739/45/1076
f 5739/45/1077 5732/45/1077 5740/45/1077
f 5740/45/1078 5732/45/1078 5741/45/1078
f 5741/45/1079 5732/45/1079 5742/45/1079
f 5742/45/1080 5732/45/1080 5743/45/1080
f 5743/45/1081 5732/45/1081 5744/45/1081
f 5744/45/1082 5732/45/1082 5745/45/1082
f 5745/45/1083 5732/45/1083 5746/45/1083
f 5746/45/1084 5732/45/1084 5747/45/1084
f 5747/45/1085 5732/45/1085 5748/45/1085
f 5748/45/1086 5732/45/1086 5749/45/1086
f 5749/45/1087 5732/45/1087 5750/45/1087
f 5750/45/1088 5732/45/1088 5751/45/1088
f 5751/45/1089 5732/45/1089 5752/45/1089
f 5752/45/1090 5732/45/1090 5753/45/1090
f 5753/45/1091 5732/45/1091 5754/45/1091
f 5754/45/1092 5732/45/1092 5755/45/1092
f 5755/45/1093 5732/45/1093 5756/45/1093
f 5756/45/1094 5732/45/1094 5757/45/1094
f 5757/45/1095 5732/45/1095 5758/45/1095
f 5760/45/1096 5732/45/1096 5759/45/1096
f 5761/45/1097 5732/45/1097 5760/45/1097
f 5727/45/1098 5732/45/1098 5761/45/1098
f 5728/45/1099 5761/45/1099 5760/45/1099 5762/45/1099
f 5762/45/1100 5760/45/1100 5759/45/1100 5764/45/1100
f 5722/45/1101 5728/45/1101 5762/45/1101 5763/45/1101
f 5763/45/1102 5762/45/1102 5764/45/1102 5765/45/1102
f 5764/45/1103 5759/45/1103 5733/45/1103 5766/45/1103
f 5765/45/1104 5764/45/1104 5766/45/1104 5767/45/1104
f 5766/45/1105 5733/45/1105 5734/45/1105 5768/45/1105
f 5767/45/1106 5766/45/1106 5768/45/1106 5769/45/1106
f 5768/45/1107 5734/45/1107 5735/45/1107 5770/45/1107
f 5769/45/1108 5768/45/1108 5770/45/1108 5771/45/1108
f 5771/45/1109 5770/45/1109 5772/45/1109 5773/45/1109
f 5770/45/1110 5735/45/1110 5736/45/1110 5772/45/1110
f 5772/45/1111 5736/45/1111 5737/45/1111 5774/45/1111
f 5773/45/1112 5772/45/1112 5774/45/1112 5775/45/1112
f 5774/45/1113 5737/45/1113 5738/45/1113 5776/45/1113
f 5775/45/1114 5774/45/1114 5776/45/1114 5777/45/1114
f 5776/45/1115 5738/45/1115 5739/45/1115 5778/45/1115
f 5777/45/1116 5776/45/1116 5778/45/1116 5779/45/1116
f 5778/45/1117 5739/45/1117 5740/45/1117 5780/45/1117
f 5779/45/1118 5778/45/1118 5780/45/1118 5781/45/1118
f 5780/45/1119 5740/45/1119 5741/45/1119 5782/45/1119
f 5781/45/1120 5780/45/1120 5782/45/1120 5783/45/1120
f 5782/45/1121 5741/45/1121 5742/45/1121 5784/45/1121
f 5783/45/1122 5782/45/1122 5784/45/1122 5785/45/1122
f 5784/45/1123 5742/45/1123 5743/45/1123 5786/45/1123
f 5785/45/1124 5784/45/1124 5786/45/1124 5787/45/1124
f 5787/45/1125 5786/45/1125 5788/45/1125 5789/45/1125
f 5786/45/1126 5743/45/1126 5744/45/1126 5788/45/1126
f 5788/45/1127 5744/45/1127 5745/45/1127 5790/45/1127
f 5789/45/1128 5788/45/1128 5790/45/1128 5791/45/1128
f 5790/45/1129 5745/45/1129 5746/45/1129 5792/45/1129
f 5791/45/1130 5790/45/1130 5792/45/1130 5668/45/1130
f 5792/45/1131 5746/45/1131 5747/45/1131 5793/45/1131
f 5668/45/1132 5792/45/1132 5793/45/1132 5664/45/1132
f 5793/45/1133 5747/45/1133 5748/45/1133 5794/45/1133
f 5664/45/1134 5793/45/1134 5794/45/1134 5661/45/1134
f 5794/45/1135 5748/45/1135 5749/45/1135 5795/45/1135
f 5661/45/1136 5794/45/1136 5795/45/1136 5658/45/1136
f 5795/45/1137 5749/45/1137 5750/45/1137 5796/45/1137
f 5658/45/1138 5795/45/1138 5796/45/1138 5655/45/1138
f 5796/45/1139 5750/45/1139 5751/45/1139 5797/45/1139
f 5655/45/1140 5796/45/1140 5797/45/1140 5652/45/1140
f 5652/45/1141 5797/45/1141 5798/45/1141 5645/45/1141
f 5797/45/1142 5751/45/1142 5752/45/1142 5798/45/1142
f 5798/45/1143 5752/45/1143 5753/45/1143 5646/45/1143
f 5674/45/1144 5789/45/1144 5791/45/1144 5667/45/1144
f 5677/45/1145 5787/45/1145 5789/45/1145 5674/45/1145
f 5680/45/1146 5785/45/1146 5787/45/1146 5677/45/1146
f 5683/45/1147 5783/45/1147 5785/45/1147 5680/45/1147
f 5686/45/1148 5781/45/1148 5783/45/1148 5683/45/1148
f 5690/45/1149 5779/45/1149 5781/45/1149 5686/45/1149
f 5799/45/1150 5777/45/1150 5779/45/1150 5690/45/1150
f 5800/45/1151 5775/45/1151 5777/45/1151 5799/45/1151
f 5696/45/1152 5800/45/1152 5799/45/1152 5689/45/1152
f 5699/45/1153 5801/45/1153 5800/45/1153 5696/45/1153
f 5801/45/1154 5773/45/1154 5775/45/1154 5800/45/1154
f 5802/45/1155 5771/45/1155 5773/45/1155 5801/45/1155
f 5702/45/1156 5802/45/1156 5801/45/1156 5699/45/1156
f 5803/45/1157 5769/45/1157 5771/45/1157 5802/45/1157
f 5705/45/1158 5803/45/1158 5802/45/1158 5702/45/1158
f 5804/45/1159 5767/45/1159 5769/45/1159 5803/45/1159
f 5708/45/1160 5804/45/1160 5803/45/1160 5705/45/1160
f 5805/45/1161 5765/45/1161 5767/45/1161 5804/45/1161
f 5718/45/1162 5805/45/1162 5804/45/1162 5708/45/1162
f 5717/45/1163 5763/45/1163 5765/45/1163 5805/45/1163
f 5633/45/1164 5757/45/1164 5758/45/1164 5630/45/1164
f 5630/45/1165 5758/45/1165 5731/45/1165 5627/45/1165
f 5636/45/1166 5756/45/1166 5757/45/1166 5633/45/1166
f 5639/45/1167 5755/45/1167 5756/45/1167 5636/45/1167
f 5642/45/1168 5754/45/1168 5755/45/1168 5639/45/1168
f 5646/45/1169 5753/45/1169 5754/45/1169 5642/45/1169
f 5808/45/1170 5628/45/1170 5724/45/1170 5806/45/1170
f 5809/45/1171 5808/45/1171 5806/45/1171 5807/45/1171
f 5807/45/1172 5806/45/1172 5720/45/1172 5849/45/1172
f 5810/45/1173 5631/45/1173 5628/45/1173 5808/45/1173
f 5811/45/1174 5810/45/1174 5808/45/1174 5809/45/1174
f 5812/45/1175 5634/45/1175 5631/45/1175 5810/45/1175
f 5813/45/1176 5812/45/1176 5810/45/1176 5811/45/1176
f 5814/45/1177 5637/45/1177 5634/45/1177 5812/45/1177
f 5815/45/1178 5814/45/1178 5812/45/1178 5813/45/1178
f 5816/45/1179 5640/45/1179 5637/45/1179 5814/45/1179
f 5818/45/1180 5816/45/1180 5814/45/1180 5815/45/1180
f 5817/45/1181 5643/45/1181 5640/45/1181 5816/45/1181
f 5820/45/1182 5817/45/1182 5816/45/1182 5818/45/1182
f 5821/45/1183 5820/45/1183 5818/45/1183 5819/45/1183
f 5819/45/1184 5818/45/1184 5815/45/1184 5843/45/1184
f 5822/45/1185 5648/45/1185 5817/45/1185 5820/45/1185
f 5823/45/1186 5822/45/1186 5820/45/1186 5821/45/1186
f 5824/45/1187 5650/45/1187 5648/45/1187 5822/45/1187
f 5825/45/1188 5824/45/1188 5822/45/1188 5823/45/1188
f 5826/45/1189 5653/45/1189 5650/45/1189 5824/45/1189
f 5827/45/1190 5826/45/1190 5824/45/1190 5825/45/1190
f 5828/45/1191 5656/45/1191 5653/45/1191 5826/45/1191
f 5829/45/1192 5828/45/1192 5826/45/1192 5827/45/1192
f 5830/45/1193 5659/45/1193 5656/45/1193 5828/45/1193
f 5831/45/1194 5830/45/1194 5828/45/1194 5829/45/1194
f 5832/45/1195 5662/45/1195 5659/45/1195 5830/45/1195
f 5834/45/1196 5832/45/1196 5830/45/1196 5831/45/1196
f 5833/45/1197 5665/45/1197 5662/45/1197 5832/45/1197
f 5835/45/1198 5833/45/1198 5832/45/1198 5834/45/1198
f 5836/45/1199 5670/45/1199 5833/45/1199 5835/45/1199
f 5837/45/1200 5672/45/1200 5670/45/1200 5836/45/1200
f 5838/45/1201 5675/45/1201 5672/45/1201 5837/45/1201
f 5839/45/1202 5678/45/1202 5675/45/1202 5838/45/1202
f 5840/45/1203 5681/45/1203 5678/45/1203 5839/45/1203
f 5841/45/1204 5684/45/1204 5681/45/1204 5840/45/1204
f 5842/45/1205 5687/45/1205 5684/45/1205 5841/45/1205
f 5843/45/1206 5815/45/1206 5813/45/1206 5844/45/1206
f 5844/45/1207 5813/45/1207 5811/45/1207 5845/45/1207
f 5845/45/1208 5811/45/1208 5809/45/1208 5846/45/1208
f 5846/45/1209 5809/45/1209 5807/45/1209 5847/45/1209
f 5847/45/1210 5807/45/1210 5849/45/1210 5848/45/1210
f 5848/45/1211 5849/45/1211 5715/45/1211 5713/45/1211
f 5856/45/4 5853/45/4 5850/45/4 5851/45/4 5976/45/4 5975/45/4 5974/45/4 5969/45/4 5968/45/4 5967/45/4 5966/45/4 5875/45/4 5874/45/4 5873/45/4 5872/45/4 5867/45/4 5866/45/4 5865/45/4 5864/45/4 5857/45/4
f 5850/45/1212 5852/45/1212 5978/45/1212 5851/45/1212
f 5853/45/630 5855/45/630 5852/45/630 5850/45/630
f 5875/45/4 5966/45/4 5961/45/4 5960/45/4 5959/45/4 5958/45/4 5953/45/4 5952/45/4 5951/45/4 5950/45/4 5945/45/4 5944/45/4 5943/45/4 5942/45/4 5937/45/4 5936/45/4 5935/45/4 5932/45/4 5931/45/4 5930/45/4 5924/45/4 5926/45/4 5928/45/4 5854/45/4 5853/45/4 5856/45/4 5858/45/4 5922/45/4 5916/45/4 5915/45/4 5914/45/4 5913/45/4 5907/45/4 5906/45/4 5905/45/4 5904/45/4 5899/45/4 5898/45/4 5897/45/4 5896/45/4 5891/45/4 5890/45/4 5889/45/4 5888/45/4 5883/45/4 5882/45/4 5881/45/4 5880/45/4
f 5854/45/1213 5929/45/1213 5855/45/1213 5853/45/1213
f 5857/45/645 5861/45/645 5859/45/645 5856/45/645
f 5856/45/646 5859/45/646 5860/45/646 5858/45/646
f 5970/45/2 5971/45/2 5972/45/2 5973/45/2 5977/45/2 5978/45/2 5852/45/2 5855/45/2 5929/45/2 5927/45/2 5925/45/2 5919/45/2 5918/45/2 5920/45/2 5921/45/2 5860/45/2 5859/45/2 5861/45/2 5862/45/2 5863/45/2 5868/45/2 5869/45/2 5870/45/2 5871/45/2 5876/45/2 5877/45/2 5878/45/2 5879/45/2 5884/45/2 5885/45/2 5886/45/2 5887/45/2 5892/45/2 5893/45/2 5894/45/2 5895/45/2 5900/45/2 5901/45/2 5902/45/2 5903/45/2 5908/45/2 5909/45/2 5938/45/2 5939/45/2 5940/45/2 5941/45/2 5946/45/2 5947/45/2 5948/45/2 5949/45/2 5954/45/2 5955/45/2 5956/45/2 5957/45/2 5962/45/2 5963/45/2 5964/45/2 5965/45/2
f 5864/45/644 5862/45/644 5861/45/644 5857/45/644
f 5865/45/643 5863/45/643 5862/45/643 5864/45/643
f 5866/45/642 5868/45/642 5863/45/642 5865/45/642
f 5867/45/641 5869/45/641 5868/45/641 5866/45/641
f 5870/45/640 5869/45/640 5867/45/640 5872/45/640
f 5871/45/639 5870/45/639 5872/45/639 5873/45/639
f 5876/45/638 5871/45/638 5873/45/638 5874/45/638
f 5877/45/637 5876/45/637 5874/45/637 5875/45/637
f 5878/45/618 5877/45/618 5875/45/618 5880/45/618
f 5879/45/636 5878/45/636 5880/45/636 5881/45/636
f 5884/45/635 5879/45/635 5881/45/635 5882/45/635
f 5885/45/634 5884/45/634 5882/45/634 5883/45/634
f 5886/45/633 5885/45/633 5883/45/633 5888/45/633
f 5887/45/632 5886/45/632 5888/45/632 5889/45/632
f 5892/45/631 5887/45/631 5889/45/631 5890/45/631
f 5893/45/630 5892/45/630 5890/45/630 5891/45/630
f 5894/45/629 5893/45/629 5891/45/629 5896/45/629
f 5895/45/628 5894/45/628 5896/45/628 5897/45/628
f 5900/45/627 5895/45/627 5897/45/627 5898/45/627
f 5901/45/626 5900/45/626 5898/45/626 5899/45/626
f 5904/45/625 5902/45/625 5901/45/625 5899/45/625
f 5905/45/624 5903/45/624 5902/45/624 5904/45/624
f 5906/45/623 5908/45/623 5903/45/623 5905/45/623
f 5907/45/622 5910/45/622 5908/45/622 5906/45/622
f 5919/45/2 5923/45/2 5933/45/2 5934/45/2 5909/45/2 5908/45/2 5910/45/2 5911/45/2 5912/45/2 5917/45/2 5918/45/2
f 5913/45/620 5911/45/620 5910/45/620 5907/45/620
f 5914/45/621 5912/45/621 5911/45/621 5913/45/621
f 5915/45/650 5917/45/650 5912/45/650 5914/45/650
f 5916/45/649 5920/45/649 5918/45/649 5917/45/649 5915/45/649
f 5922/45/648 5921/45/648 5920/45/648 5916/45/648
f 5858/45/647 5860/45/647 5921/45/647 5922/45/647
f 5930/45/1214 5923/45/1214 5919/45/1214 5924/45/1214
f 5924/45/634 5919/45/634 5925/45/634 5926/45/634
f 5926/45/1215 5925/45/1215 5927/45/1215 5928/45/1215
f 5928/45/632 5927/45/632 5929/45/632 5854/45/632
f 5931/45/636 5933/45/636 5923/45/636 5930/45/636
f 5932/45/1216 5934/45/1216 5933/45/1216 5931/45/1216
f 5935/45/637 5909/45/637 5934/45/637 5932/45/637
f 5936/45/1217 5938/45/1217 5909/45/1217 5935/45/1217
f 5937/45/639 5939/45/639 5938/45/639 5936/45/639
f 5942/45/1218 5940/45/1218 5939/45/1218 5937/45/1218
f 5943/45/641 5941/45/641 5940/45/641 5942/45/641
f 5944/45/1219 5946/45/1219 5941/45/1219 5943/45/1219
f 5945/45/643 5947/45/643 5946/45/643 5944/45/643
f 5950/45/1220 5948/45/1220 5947/45/1220 5945/45/1220
f 5951/45/645 5949/45/645 5948/45/645 5950/45/645
f 5952/45/1221 5954/45/1221 5949/45/1221 5951/45/1221
f 5953/45/647 5955/45/647 5954/45/647 5952/45/647
f 5958/45/1222 5956/45/1222 5955/45/1222 5953/45/1222
f 5959/45/649 5957/45/649 5956/45/649 5958/45/649
f 5960/45/1223 5962/45/1223 5957/45/1223 5959/45/1223
f 5961/45/621 5963/45/621 5962/45/621 5960/45/621
f 5966/45/1224 5964/45/1224 5963/45/1224 5961/45/1224
f 5967/45/622 5965/45/622 5964/45/622 5966/45/622
f 5968/45/1225 5970/45/1225 5965/45/1225 5967/45/1225
f 5969/45/624 5971/45/624 5970/45/624 5968/45/624
f 5974/45/1226 5972/45/1226 5971/45/1226 5969/45/1226
f 5975/45/626 5973/45/626 5972/45/626 5974/45/626
f 5976/45/1227 5977/45/1227 5973/45/1227 5975/45/1227
f 5851/45/628 5978/45/628 5977/45/628 5976/45/628
f 5985/45/4 5982/45/4 5979/45/4 5980/45/4 6105/45/4 6104/45/4 6103/45/4 6098/45/4 6097/45/4 6096/45/4 6095/45/4 6004/45/4 6003/45/4 6002/45/4 6001/45/4 5996/45/4 5995/45/4 5994/45/4 5993/45/4 5986/45/4
f 5979/45/1212 5981/45/1212 6107/45/1212 5980/45/1212
f 5982/45/630 5984/45/630 5981/45/630 5979/45/630
f 6004/45/4 6095/45/4 6090/45/4 6089/45/4 6088/45/4 6087/45/4 6082/45/4 6081/45/4 6080/45/4 6079/45/4 6074/45/4 6073/45/4 6072/45/4 6071/45/4 6066/45/4 6065/45/4 6064/45/4 6061/45/4 6060/45/4 6059/45/4 6053/45/4 6055/45/4 6057/45/4 5983/45/4 5982/45/4 5985/45/4 5987/45/4 6051/45/4 6045/45/4 6044/45/4 6043/45/4 6042/45/4 6036/45/4 6035/45/4 6034/45/4 6033/45/4 6028/45/4 6027/45/4 6026/45/4 6025/45/4 6020/45/4 6019/45/4 6018/45/4 6017/45/4 6012/45/4 6011/45/4 6010/45/4 6009/45/4
f 5983/45/1213 6058/45/1213 5984/45/1213 5982/45/1213
f 5986/45/645 5990/45/645 5988/45/645 5985/45/645
f 5985/45/646 5988/45/646 5989/45/646 5987/45/646
f 6099/45/2 6100/45/2 6101/45/2 6102/45/2 6106/45/2 6107/45/2 5981/45/2 5984/45/2 6058/45/2 6056/45/2 6054/45/2 6048/45/2 6047/45/2 6049/45/2 6050/45/2 5989/45/2 5988/45/2 5990/45/2 5991/45/2 5992/45/2 5997/45/2 5998/45/2 5999/45/2 6000/45/2 6005/45/2 6006/45/2 6007/45/2 6008/45/2 6013/45/2 6014/45/2 6015/45/2 6016/45/2 6021/45/2 6022/45/2 6023/45/2 6024/45/2 6029/45/2 6030/45/2 6031/45/2 6032/45/2 6037/45/2 6038/45/2 6067/45/2 6068/45/2 6069/45/2 6070/45/2 6075/45/2 6076/45/2 6077/45/2 6078/45/2 6083/45/2 6084/45/2 6085/45/2 6086/45/2 6091/45/2 6092/45/2 6093/45/2 6094/45/2
f 5993/45/644 5991/45/644 5990/45/644 5986/45/644
f 5994/45/643 5992/45/643 5991/45/643 5993/45/643
f 5995/45/642 5997/45/642 5992/45/642 5994/45/642
f 5996/45/641 5998/45/641 5997/45/641 5995/45/641
f 5999/45/640 5998/45/640 5996/45/640 6001/45/640
f 6000/45/639 5999/45/639 6001/45/639 6002/45/639
f 6005/45/638 6000/45/638 6002/45/638 6003/45/638
f 6006/45/637 6005/45/637 6003/45/637 6004/45/637
f 6007/45/618 6006/45/618 6004/45/618 6009/45/618
f 6008/45/636 6007/45/636 6009/45/636 6010/45/636
f 6013/45/635 6008/45/635 6010/45/635 6011/45/635
f 6014/45/634 6013/45/634 6011/45/634 6012/45/634
f 6015/45/633 6014/45/633 6012/45/633 6017/45/633
f 6016/45/632 6015/45/632 6017/45/632 6018/45/632
f 6021/45/631 6016/45/631 6018/45/631 6019/45/631
f 6022/45/630 6021/45/630 6019/45/630 6020/45/630
f 6023/45/629 6022/45/629 6020/45/629 6025/45/629
f 6024/45/628 6023/45/628 6025/45/628 6026/45/628
f 6029/45/627 6024/45/627 6026/45/627 6027/45/627
f 6030/45/626 6029/45/626 6027/45/626 6028/45/626
f 6033/45/625 6031/45/625 6030/45/625 6028/45/625
f 6034/45/624 6032/45/624 6031/45/624 6033/45/624
f 6035/45/623 6037/45/623 6032/45/623 6034/45/623
f 6036/45/622 6039/45/622 6037/45/622 6035/45/622
f 6048/45/2 6052/45/2 6062/45/2 6063/45/2 6038/45/2 6037/45/2 6039/45/2 6040/45/2 6041/45/2 6046/45/2 6047/45/2
f 6042/45/620 6040/45/620 6039/45/620 6036/45/620
f 6043/45/621 6041/45/621 6040/45/621 6042/45/621
f 6044/45/650 6046/45/650 6041/45/650 6043/45/650
f 6045/45/649 6049/45/649 6047/45/649 6046/45/649 6044/45/649
f 6051/45/648 6050/45/648 6049/45/648 6045/45/648
f 5987/45/647 5989/45/647 6050/45/647 6051/45/647
f 6059/45/1214 6052/45/1214 6048/45/1214 6053/45/1214
f 6053/45/634 6048/45/634 6054/45/634 6055/45/634
f 6055/45/1215 6054/45/1215 6056/45/1215 6057/45/1215
f 6057/45/632 6056/45/632 6058/45/632 5983/45/632
f 6060/45/636 6062/45/636 6052/45/636 6059/45/636
f 6061/45/1216 6063/45/1216 6062/45/1216 6060/45/1216
f 6064/45/637 6038/45/637 6063/45/637 6061/45/637
f 6065/45/1217 6067/45/1217 6038/45/1217 6064/45/1217
f 6066/45/639 6068/45/639 6067/45/639 6065/45/639
f 6071/45/1218 6069/45/1218 6068/45/1218 6066/45/1218
f 6072/45/641 6070/45/641 6069/45/641 6071/45/641
f 6073/45/1219 6075/45/1219 6070/45/1219 6072/45/1219
f 6074/45/643 6076/45/643 6075/45/643 6073/45/643
f 6079/45/1220 6077/45/1220 6076/45/1220 6074/45/1220
f 6080/45/645 6078/45/645 6077/45/645 6079/45/645
f 6081/45/1221 6083/45/1221 6078/45/1221 6080/45/1221
f 6082/45/647 6084/45/647 6083/45/647 6081/45/647
f 6087/45/1222 6085/45/1222 6084/45/1222 6082/45/1222
f 6088/45/649 6086/45/649 6085/45/649 6087/45/649
f 6089/45/1223 6091/45/1223 6086/45/1223 6088/45/1223
f 6090/45/621 6092/45/621 6091/45/621 6089/45/621
f 6095/45/1224 6093/45/1224 6092/45/1224 6090/45/1224
f 6096/45/622 6094/45/622 6093/45/622 6095/45/622
f 6097/45/1225 6099/45/1225 6094/45/1225 6096/45/1225
f 6098/45/624 6100/45/624 6099/45/624 6097/45/624
f 6103/45/1226 6101/45/1226 6100/45/1226 6098/45/1226
f 6104/45/626 6102/45/626 6101/45/626 6103/45/626
f 6105/45/1227 6106/45/1227 6102/45/1227 6104/45/1227
f 5980/45/628 6107/45/628 6106/45/628 6105/45/628
f 6114/45/4 6111/45/4 6108/45/4 6109/45/4 6234/45/4 6233/45/4 6232/45/4 6227/45/4 6226/45/4 6225/45/4 6224/45/4 6133/45/4 6132/45/4 6131/45/4 6130/45/4 6125/45/4 6124/45/4 6123/45/4 6122/45/4 6115/45/4
f 6108/45/1212 6110/45/1212 6236/45/1212 6109/45/1212
f 6111/45/630 6113/45/630 6110/45/630 6108/45/630
f 6133/45/4 6224/45/4 6219/45/4 6218/45/4 6217/45/4 6216/45/4 6211/45/4 6210/45/4 6209/45/4 6208/45/4 6203/45/4 6202/45/4 6201/45/4 6200/45/4 6195/45/4 6194/45/4 6193/45/4 6190/45/4 6189/45/4 6188/45/4 6182/45/4 6184/45/4 6186/45/4 6112/45/4 6111/45/4 6114/45/4 6116/45/4 6180/45/4 6174/45/4 6173/45/4 6172/45/4 6171/45/4 6165/45/4 6164/45/4 6163/45/4 6162/45/4 6157/45/4 6156/45/4 6155/45/4 6154/45/4 6149/45/4 6148/45/4 6147/45/4 6146/45/4 6141/45/4 6140/45/4 6139/45/4 6138/45/4
f 6112/45/1213 6187/45/1213 6113/45/1213 6111/45/1213
f 6115/45/645 6119/45/645 6117/45/645 6114/45/645
f 6114/45/646 6117/45/646 6118/45/646 6116/45/646
f 6228/45/2 6229/45/2 6230/45/2 6231/45/2 6235/45/2 6236/45/2 6110/45/2 6113/45/2 6187/45/2 6185/45/2 6183/45/2 6177/45/2 6176/45/2 6178/45/2 6179/45/2 6118/45/2 6117/45/2 6119/45/2 6120/45/2 6121/45/2 6126/45/2 6127/45/2 6128/45/2 6129/45/2 6134/45/2 6135/45/2 6136/45/2 6137/45/2 6142/45/2 6143/45/2 6144/45/2 6145/45/2 6150/45/2 6151/45/2 6152/45/2 6153/45/2 6158/45/2 6159/45/2 6160/45/2 6161/45/2 6166/45/2 6167/45/2 6196/45/2 6197/45/2 6198/45/2 6199/45/2 6204/45/2 6205/45/2 6206/45/2 6207/45/2 6212/45/2 6213/45/2 6214/45/2 6215/45/2 6220/45/2 6221/45/2 6222/45/2 6223/45/2
f 6122/45/644 6120/45/644 6119/45/644 6115/45/644
f 6123/45/643 6121/45/643 6120/45/643 6122/45/643
f 6124/45/642 6126/45/642 6121/45/642 6123/45/642
f 6125/45/641 6127/45/641 6126/45/641 6124/45/641
f 6128/45/640 6127/45/640 6125/45/640 6130/45/640
f 6129/45/639 6128/45/639 6130/45/639 6131/45/639
f 6134/45/638 6129/45/638 6131/45/638 6132/45/638
f 6135/45/637 6134/45/637 6132/45/637 6133/45/637
f 6136/45/618 6135/45/618 6133/45/618 6138/45/618
f 6137/45/636 6136/45/636 6138/45/636 6139/45/636
f 6142/45/635 6137/45/635 6139/45/635 6140/45/635
f 6143/45/634 6142/45/634 6140/45/634 6141/45/634
f 6144/45/633 6143/45/633 6141/45/633 6146/45/633
f 6145/45/632 6144/45/632 6146/45/632 6147/45/632
f 6150/45/631 6145/45/631 6147/45/631 6148/45/631
f 6151/45/630 6150/45/630 6148/45/630 6149/45/630
f 6152/45/629 6151/45/629 6149/45/629 6154/45/629
f 6153/45/628 6152/45/628 6154/45/628 6155/45/628
f 6158/45/627 6153/45/627 6155/45/627 6156/45/627
f 6159/45/626 6158/45/626 6156/45/626 6157/45/626
f 6162/45/625 6160/45/625 6159/45/625 6157/45/625
f 6163/45/624 6161/45/624 6160/45/624 6162/45/624
f 6164/45/623 6166/45/623 6161/45/623 6163/45/623
f 6165/45/622 6168/45/622 6166/45/622 6164/45/622
f 6177/45/2 6181/45/2 6191/45/2 6192/45/2 6167/45/2 6166/45/2 6168/45/2 6169/45/2 6170/45/2 6175/45/2 6176/45/2
f 6171/45/620 6169/45/620 6168/45/620 6165/45/620
f 6172/45/621 6170/45/621 6169/45/621 6171/45/621
f 6173/45/650 6175/45/650 6170/45/650 6172/45/650
f 6174/45/649 6178/45/649 6176/45/649 6175/45/649 6173/45/649
f 6180/45/648 6179/45/648 6178/45/648 6174/45/648
f 6116/45/647 6118/45/647 6179/45/647 6180/45/647
f 6188/45/1214 6181/45/1214 6177/45/1214 6182/45/1214
f 6182/45/634 6177/45/634 6183/45/634 6184/45/634
f 6184/45/1215 6183/45/1215 6185/45/1215 6186/45/1215
f 6186/45/632 6185/45/632 6187/45/632 6112/45/632
f 6189/45/636 6191/45/636 6181/45/636 6188/45/636
f 6190/45/1216 6192/45/1216 6191/45/1216 6189/45/1216
f 6193/45/637 6167/45/637 6192/45/637 6190/45/637
f 6194/45/1217 6196/45/1217 6167/45/1217 6193/45/1217
f 6195/45/639 6197/45/639 6196/45/639 6194/45/639
f 6200/45/1218 6198/45/1218 6197/45/1218 6195/45/1218
f 6201/45/641 6199/45/641 6198/45/641 6200/45/641
f 6202/45/1219 6204/45/1219 6199/45/1219 6201/45/1219
f 6203/45/643 6205/45/643 6204/45/643 6202/45/643
f 6208/45/1220 6206/45/1220 6205/45/1220 6203/45/1220
f 6209/45/645 6207/45/645 6206/45/645 6208/45/645
f 6210/45/1221 6212/45/1221 6207/45/1221 6209/45/1221
f 6211/45/647 6213/45/647 6212/45/647 6210/45/647
f 6216/45/1222 6214/45/1222 6213/45/1222 6211/45/1222
f 6217/45/649 6215/45/649 6214/45/649 6216/45/649
f 6218/45/1223 6220/45/1223 6215/45/1223 6217/45/1223
f 6219/45/621 6221/45/621 6220/45/621 6218/45/621
f 6224/45/1224 6222/45/1224 6221/45/1224 6219/45/1224
f 6225/45/622 6223/45/622 6222/45/622 6224/45/622
f 6226/45/1225 6228/45/1225 6223/45/1225 6225/45/1225
f 6227/45/624 6229/45/624 6228/45/624 6226/45/624
f 6232/45/1226 6230/45/1226 6229/45/1226 6227/45/1226
f 6233/45/626 6231/45/626 6230/45/626 6232/45/626
f 6234/45/1227 6235/45/1227 6231/45/1227 6233/45/1227
f 6109/45/628 6236/45/628 6235/45/628 6234/45/628
f 6243/45/4 6240/45/4 6237/45/4 6238/45/4 6363/45/4 6362/45/4 6361/45/4 6356/45/4 6355/45/4 6354/45/4 6353/45/4 6262/45/4 6261/45/4 6260/45/4 6259/45/4 6254/45/4 6253/45/4 6252/45/4 6251/45/4 6244/45/4
f 6237/45/1212 6239/45/1212 6365/45/1212 6238/45/1212
f 6240/45/630 6242/45/630 6239/45/630 6237/45/630
f 6262/45/4 6353/45/4 6348/45/4 6347/45/4 6346/45/4 6345/45/4 6340/45/4 6339/45/4 6338/45/4 6337/45/4 6332/45/4 6331/45/4 6330/45/4 6329/45/4 6324/45/4 6323/45/4 6322/45/4 6319/45/4 6318/45/4 6317/45/4 6311/45/4 6313/45/4 6315/45/4 6241/45/4 6240/45/4 6243/45/4 6245/45/4 6309/45/4 6303/45/4 6302/45/4 6301/45/4 6300/45/4 6294/45/4 6293/45/4 6292/45/4 6291/45/4 6286/45/4 6285/45/4 6284/45/4 6283/45/4 6278/45/4 6277/45/4 6276/45/4 6275/45/4 6270/45/4 6269/45/4 6268/45/4 6267/45/4
f 6241/45/1213 6316/45/1213 6242/45/1213 6240/45/1213
f 6244/45/645 6248/45/645 6246/45/645 6243/45/645
f 6243/45/646 6246/45/646 6247/45/646 6245/45/646
f 6357/45/2 6358/45/2 6359/45/2 6360/45/2 6364/45/2 6365/45/2 6239/45/2 6242/45/2 6316/45/2 6314/45/2 6312/45/2 6306/45/2 6305/45/2 6307/45/2 6308/45/2 6247/45/2 6246/45/2 6248/45/2 6249/45/2 6250/45/2 6255/45/2 6256/45/2 6257/45/2 6258/45/2 6263/45/2 6264/45/2 6265/45/2 6266/45/2 6271/45/2 6272/45/2 6273/45/2 6274/45/2 6279/45/2 6280/45/2 6281/45/2 6282/45/2 6287/45/2 6288/45/2 6289/45/2 6290/45/2 6295/45/2 6296/45/2 6325/45/2 6326/45/2 6327/45/2 6328/45/2 6333/45/2 6334/45/2 6335/45/2 6336/45/2 6341/45/2 6342/45/2 6343/45/2 6344/45/2 6349/45/2 6350/45/2 6351/45/2 6352/45/2
f 6251/45/644 6249/45/644 6248/45/644 6244/45/644
f 6252/45/643 6250/45/643 6249/45/643 6251/45/643
f 6253/45/642 6255/45/642 6250/45/642 6252/45/642
f 6254/45/641 6256/45/641 6255/45/641 6253/45/641
f 6257/45/640 6256/45/640 6254/45/640 6259/45/640
f 6258/45/639 6257/45/639 6259/45/639 6260/45/639
f 6263/45/638 6258/45/638 6260/45/638 6261/45/638
f 6264/45/637 6263/45/637 6261/45/637 6262/45/637
f 6265/45/618 6264/45/618 6262/45/618 6267/45/618
f 6266/45/636 6265/45/636 6267/45/636 6268/45/636
f 6271/45/635 6266/45/635 6268/45/635 6269/45/635
f 6272/45/634 6271/45/634 6269/45/634 6270/45/634
f 6273/45/633 6272/45/633 6270/45/633 6275/45/633
f 6274/45/632 6273/45/632 6275/45/632 6276/45/632
f 6279/45/631 6274/45/631 6276/45/631 6277/45/631
f 6280/45/630 6279/45/630 6277/45/630 6278/45/630
f 6281/45/629 6280/45/629 6278/45/629 6283/45/629
f 6282/45/628 6281/45/628 6283/45/628 6284/45/628
f 6287/45/627 6282/45/627 6284/45/627 6285/45/627
f 6288/45/626 6287/45/626 6285/45/626 6286/45/626
f 6291/45/625 6289/45/625 6288/45/625 6286/45/625
f 6292/45/624 6290/45/624 6289/45/624 6291/45/624
f 6293/45/623 6295/45/623 6290/45/623 6292/45/623
f 6294/45/622 6297/45/622 6295/45/622 6293/45/622
f 6306/45/2 6310/45/2 6320/45/2 6321/45/2 6296/45/2 6295/45/2 6297/45/2 6298/45/2 6299/45/2 6304/45/2 6305/45/2
f 6300/45/620 6298/45/620 6297/45/620 6294/45/620
f 6301/45/621 6299/45/621 6298/45/621 6300/45/621
f 6302/45/650 6304/45/650 6299/45/650 6301/45/650
f 6303/45/649 6307/45/649 6305/45/649 6304/45/649 6302/45/649
f 6309/45/648 6308/45/648 6307/45/648 6303/45/648
f 6245/45/647 6247/45/647 6308/45/647 6309/45/647
f 6317/45/1214 6310/45/1214 6306/45/1214 6311/45/1214
f 6311/45/634 6306/45/634 6312/45/634 6313/45/634
f 6313/45/1215 6312/45/1215 6314/45/1215 6315/45/1215
f 6315/45/632 6314/45/632 6316/45/632 6241/45/632
f 6318/45/636 6320/45/636 6310/45/636 6317/45/636
f 6319/45/1216 6321/45/1216 6320/45/1216 6318/45/1216
f 6322/45/637 6296/45/637 6321/45/637 6319/45/637
f 6323/45/1217 6325/45/1217 6296/45/1217 6322/45/1217
f 6324/45/639 6326/45/639 6325/45/639 6323/45/639
f 6329/45/1218 6327/45/1218 6326/45/1218 6324/45/1218
f 6330/45/641 6328/45/641 6327/45/641 6329/45/641
f 6331/45/1219 6333/45/1219 6328/45/1219 6330/45/1219
f 6332/45/643 6334/45/643 6333/45/643 6331/45/643
f 6337/45/1220 6335/45/1220 6334/45/1220 6332/45/1220
f 6338/45/645 6336/45/645 6335/45/645 6337/45/645
f 6339/45/1221 6341/45/1221 6336/45/1221 6338/45/1221
f 6340/45/647 6342/45/647 6341/45/647 6339/45/647
f 6345/45/1222 6343/45/1222 6342/45/1222 6340/45/1222
f 6346/45/649 6344/45/649 6343/45/649 6345/45/649
f 6347/45/1223 6349/45/1223 6344/45/1223 6346/45/1223
f 6348/45/621 6350/45/621 6349/45/621 6347/45/621
f 6353/45/1224 6351/45/1224 6350/45/1224 6348/45/1224
f 6354/45/622 6352/45/622 6351/45/622 6353/45/622
f 6355/45/1225 6357/45/1225 6352/45/1225 6354/45/1225
f 6356/45/624 6358/45/624 6357/45/624 6355/45/624
f 6361/45/1228 6359/45/1228 6358/45/1228 6356/45/1228
f 6362/45/626 6360/45/626 6359/45/626 6361/45/626
f 6363/45/1227 6364/45/1227 6360/45/1227 6362/45/1227
f 6238/45/628 6365/45/628 6364/45/628 6363/45/628
f 6372/45/4 6369/45/4 6366/45/4 6367/45/4 6492/45/4 6491/45/4 6490/45/4 6485/45/4 6484/45/4 6483/45/4 6482/45/4 6391/45/4 6390/45/4 6389/45/4 6388/45/4 6383/45/4 6382/45/4 6381/45/4 6380/45/4 6373/45/4
f 6366/45/1212 6368/45/1212 6494/45/1212 6367/45/1212
f 6369/45/630 6371/45/630 6368/45/630 6366/45/630
f 6391/45/4 6482/45/4 6477/45/4 6476/45/4 6475/45/4 6474/45/4 6469/45/4 6468/45/4 6467/45/4 6466/45/4 6461/45/4 6460/45/4 6459/45/4 6458/45/4 6453/45/4 6452/45/4 6451/45/4 6448/45/4 6447/45/4 6446/45/4 6440/45/4 6442/45/4 6444/45/4 6370/45/4 6369/45/4 6372/45/4 6374/45/4 6438/45/4 6432/45/4 6431/45/4 6430/45/4 6429/45/4 6423/45/4 6422/45/4 6421/45/4 6420/45/4 6415/45/4 6414/45/4 6413/45/4 6412/45/4 6407/45/4 6406/45/4 6405/45/4 6404/45/4 6399/45/4 6398/45/4 6397/45/4 6396/45/4
f 6370/45/1213 6445/45/1213 6371/45/1213 6369/45/1213
f 6373/45/645 6377/45/645 6375/45/645 6372/45/645
f 6372/45/646 6375/45/646 6376/45/646 6374/45/646
f 6486/45/2 6487/45/2 6488/45/2 6489/45/2 6493/45/2 6494/45/2 6368/45/2 6371/45/2 6445/45/2 6443/45/2 6441/45/2 6435/45/2 6434/45/2 6436/45/2 6437/45/2 6376/45/2 6375/45/2 6377/45/2 6378/45/2 6379/45/2 6384/45/2 6385/45/2 6386/45/2 6387/45/2 6392/45/2 6393/45/2 6394/45/2 6395/45/2 6400/45/2 6401/45/2 6402/45/2 6403/45/2 6408/45/2 6409/45/2 6410/45/2 6411/45/2 6416/45/2 6417/45/2 6418/45/2 6419/45/2 6424/45/2 6425/45/2 6454/45/2 6455/45/2 6456/45/2 6457/45/2 6462/45/2 6463/45/2 6464/45/2 6465/45/2 6470/45/2 6471/45/2 6472/45/2 6473/45/2 6478/45/2 6479/45/2 6480/45/2 6481/45/2
f 6380/45/644 6378/45/644 6377/45/644 6373/45/644
f 6381/45/643 6379/45/643 6378/45/643 6380/45/643
f 6382/45/642 6384/45/642 6379/45/642 6381/45/642
f 6383/45/641 6385/45/641 6384/45/641 6382/45/641
f 6386/45/640 6385/45/640 6383/45/640 6388/45/640
f 6387/45/639 6386/45/639 6388/45/639 6389/45/639
f 6392/45/638 6387/45/638 6389/45/638 6390/45/638
f 6393/45/637 6392/45/637 6390/45/637 6391/45/637
f 6394/45/618 6393/45/618 6391/45/618 6396/45/618
f 6395/45/636 6394/45/636 6396/45/636 6397/45/636
f 6400/45/635 6395/45/635 6397/45/635 6398/45/635
f 6401/45/634 6400/45/634 6398/45/634 6399/45/634
f 6402/45/633 6401/45/633 6399/45/633 6404/45/633
f 6403/45/632 6402/45/632 6404/45/632 6405/45/632
f 6408/45/631 6403/45/631 6405/45/631 6406/45/631
f 6409/45/630 6408/45/630 6406/45/630 6407/45/630
f 6410/45/629 6409/45/629 6407/45/629 6412/45/629
f 6411/45/628 6410/45/628 6412/45/628 6413/45/628
f 6416/45/627 6411/45/627 6413/45/627 6414/45/627
f 6417/45/626 6416/45/626 6414/45/626 6415/45/626
f 6420/45/625 6418/45/625 6417/45/625 6415/45/625
f 6421/45/624 6419/45/624 6418/45/624 6420/45/624
f 6422/45/623 6424/45/623 6419/45/623 6421/45/623
f 6423/45/622 6426/45/622 6424/45/622 6422/45/622
f 6435/45/2 6439/45/2 6449/45/2 6450/45/2 6425/45/2 6424/45/2 6426/45/2 6427/45/2 6428/45/2 6433/45/2 6434/45/2
f 6429/45/620 6427/45/620 6426/45/620 6423/45/620
f 6430/45/621 6428/45/621 6427/45/621 6429/45/621
f 6431/45/650 6433/45/650 6428/45/650 6430/45/650
f 6432/45/649 6436/45/649 6434/45/649 6433/45/649 6431/45/649
f 6438/45/648 6437/45/648 6436/45/648 6432/45/648
f 6374/45/647 6376/45/647 6437/45/647 6438/45/647
f 6446/45/1214 6439/45/1214 6435/45/1214 6440/45/1214
f 6440/45/634 6435/45/634 6441/45/634 6442/45/634
f 6442/45/1215 6441/45/1215 6443/45/1215 6444/45/1215
f 6444/45/632 6443/45/632 6445/45/632 6370/45/632
f 6447/45/636 6449/45/636 6439/45/636 6446/45/636
f 6448/45/1216 6450/45/1216 6449/45/1216 6447/45/1216
f 6451/45/637 6425/45/637 6450/45/637 6448/45/637
f 6452/45/1217 6454/45/1217 6425/45/1217 6451/45/1217
f 6453/45/639 6455/45/639 6454/45/639 6452/45/639
f 6458/45/1218 6456/45/1218 6455/45/1218 6453/45/1218
f 6459/45/641 6457/45/641 6456/45/641 6458/45/641
f 6460/45/1219 6462/45/1219 6457/45/1219 6459/45/1219
f 6461/45/643 6463/45/643 6462/45/643 6460/45/643
f 6466/45/1220 6464/45/1220 6463/45/1220 6461/45/1220
f 6467/45/645 6465/45/645 6464/45/645 6466/45/645
f 6468/45/1221 6470/45/1221 6465/45/1221 6467/45/1221
f 6469/45/647 6471/45/647 6470/45/647 6468/45/647
f 6474/45/1222 6472/45/1222 6471/45/1222 6469/45/1222
f 6475/45/649 6473/45/649 6472/45/649 6474/45/649
f 6476/45/1223 6478/45/1223 6473/45/1223 6475/45/1223
f 6477/45/621 6479/45/621 6478/45/621 6476/45/621
f 6482/45/1224 6480/45/1224 6479/45/1224 6477/45/1224
f 6483/45/622 6481/45/622 6480/45/622 6482/45/622
f 6484/45/1225 6486/45/1225 6481/45/1225 6483/45/1225
f 6485/45/624 6487/45/624 6486/45/624 6484/45/624
f 6490/45/1226 6488/45/1226 6487/45/1226 6485/45/1226
f 6491/45/626 6489/45/626 6488/45/626 6490/45/626
f 6492/45/1227 6493/45/1227 6489/45/1227 6491/45/1227
f 6367/45/628 6494/45/628 6493/45/628 6492/45/628
f 6501/45/4 6498/45/4 6495/45/4 6496/45/4 6621/45/4 6620/45/4 6619/45/4 6614/45/4 6613/45/4 6612/45/4 6611/45/4 6520/45/4 6519/45/4 6518/45/4 6517/45/4 6512/45/4 6511/45/4 6510/45/4 6509/45/4 6502/45/4
f 6495/45/1212 6497/45/1212 6623/45/1212 6496/45/1212
f 6498/45/630 6500/45/630 6497/45/630 6495/45/630
f 6520/45/4 6611/45/4 6606/45/4 6605/45/4 6604/45/4 6603/45/4 6598/45/4 6597/45/4 6596/45/4 6595/45/4 6590/45/4 6589/45/4 6588/45/4 6587/45/4 6582/45/4 6581/45/4 6580/45/4 6577/45/4 6576/45/4 6575/45/4 6569/45/4 6571/45/4 6573/45/4 6499/45/4 6498/45/4 6501/45/4 6503/45/4 6567/45/4 6561/45/4 6560/45/4 6559/45/4 6558/45/4 6552/45/4 6551/45/4 6550/45/4 6549/45/4 6544/45/4 6543/45/4 6542/45/4 6541/45/4 6536/45/4 6535/45/4 6534/45/4 6533/45/4 6528/45/4 6527/45/4 6526/45/4 6525/45/4
f 6499/45/1213 6574/45/1213 6500/45/1213 6498/45/1213
f 6502/45/645 6506/45/645 6504/45/645 6501/45/645
f 6501/45/646 6504/45/646 6505/45/646 6503/45/646
f 6615/45/2 6616/45/2 6617/45/2 6618/45/2 6622/45/2 6623/45/2 6497/45/2 6500/45/2 6574/45/2 6572/45/2 6570/45/2 6564/45/2 6563/45/2 6565/45/2 6566/45/2 6505/45/2 6504/45/2 6506/45/2 6507/45/2 6508/45/2 6513/45/2 6514/45/2 6515/45/2 6516/45/2 6521/45/2 6522/45/2 6523/45/2 6524/45/2 6529/45/2 6530/45/2 6531/45/2 6532/45/2 6537/45/2 6538/45/2 6539/45/2 6540/45/2 6545/45/2 6546/45/2 6547/45/2 6548/45/2 6553/45/2 6554/45/2 6583/45/2 6584/45/2 6585/45/2 6586/45/2 6591/45/2 6592/45/2 6593/45/2 6594/45/2 6599/45/2 6600/45/2 6601/45/2 6602/45/2 6607/45/2 6608/45/2 6609/45/2 6610/45/2
f 6509/45/644 6507/45/644 6506/45/644 6502/45/644
f 6510/45/643 6508/45/643 6507/45/643 6509/45/643
f 6511/45/642 6513/45/642 6508/45/642 6510/45/642
f 6512/45/641 6514/45/641 6513/45/641 6511/45/641
f 6515/45/640 6514/45/640 6512/45/640 6517/45/640
f 6516/45/639 6515/45/639 6517/45/639 6518/45/639
f 6521/45/638 6516/45/638 6518/45/638 6519/45/638
f 6522/45/637 6521/45/637 6519/45/637 6520/45/637
f 6523/45/618 6522/45/618 6520/45/618 6525/45/618
f 6524/45/636 6523/45/636 6525/45/636 6526/45/636
f 6529/45/635 6524/45/635 6526/45/635 6527/45/635
f 6530/45/634 6529/45/634 6527/45/634 6528/45/634
f 6531/45/633 6530/45/633 6528/45/633 6533/45/633
f 6532/45/632 6531/45/632 6533/45/632 6534/45/632
f 6537/45/631 6532/45/631 6534/45/631 6535/45/631
f 6538/45/630 6537/45/630 6535/45/630 6536/45/630
f 6539/45/629 6538/45/629 6536/45/629 6541/45/629
f 6540/45/628 6539/45/628 6541/45/628 6542/45/628
f 6545/45/627 6540/45/627 6542/45/627 6543/45/627
f 6546/45/626 6545/45/626 6543/45/626 6544/45/626
f 6549/45/625 6547/45/625 6546/45/625 6544/45/625
f 6550/45/624 6548/45/624 6547/45/624 6549/45/624
f 6551/45/623 6553/45/623 6548/45/623 6550/45/623
f 6552/45/622 6555/45/622 6553/45/622 6551/45/622
f 6564/45/2 6568/45/2 6578/45/2 6579/45/2 6554/45/2 6553/45/2 6555/45/2 6556/45/2 6557/45/2 6562/45/2 6563/45/2
f 6558/45/620 6556/45/620 6555/45/620 6552/45/620
f 6559/45/621 6557/45/621 6556/45/621 6558/45/621
f 6560/45/650 6562/45/650 6557/45/650 6559/45/650
f 6561/45/649 6565/45/649 6563/45/649 6562/45/649 6560/45/649
f 6567/45/648 6566/45/648 6565/45/648 6561/45/648
f 6503/45/647 6505/45/647 6566/45/647 6567/45/647
f 6575/45/1214 6568/45/1214 6564/45/1214 6569/45/1214
f 6569/45/634 6564/45/634 6570/45/634 6571/45/634
f 6571/45/1215 6570/45/1215 6572/45/1215 6573/45/1215
f 6573/45/632 6572/45/632 6574/45/632 6499/45/632
f 6576/45/636 6578/45/636 6568/45/636 6575/45/636
f 6577/45/1216 6579/45/1216 6578/45/1216 6576/45/1216
f 6580/45/637 6554/45/637 6579/45/637 6577/45/637
f 6581/45/1217 6583/45/1217 6554/45/1217 6580/45/1217
f 6582/45/639 6584/45/639 6583/45/639 6581/45/639
f 6587/45/1218 6585/45/1218 6584/45/1218 6582/45/1218
f 6588/45/641 6586/45/641 6585/45/641 6587/45/641
f 6589/45/1219 6591/45/1219 6586/45/1219 6588/45/1219
f 6590/45/643 6592/45/643 6591/45/643 6589/45/643
f 6595/45/1220 6593/45/1220 6592/45/1220 6590/45/1220
f 6596/45/645 6594/45/645 6593/45/645 6595/45/645
f 6597/45/1221 6599/45/1221 6594/45/1221 6596/45/1221
f 6598/45/647 6600/45/647 6599/45/647 6597/45/647
f 6603/45/1222 6601/45/1222 6600/45/1222 6598/45/1222
f 6604/45/649 6602/45/649 6601/45/649 6603/45/649
f 6605/45/1223 6607/45/1223 6602/45/1223 6604/45/1223
f 6606/45/621 6608/45/621 6607/45/621 6605/45/621
f 6611/45/1224 6609/45/1224 6608/45/1224 6606/45/1224
f 6612/45/622 6610/45/622 6609/45/622 6611/45/622
f 6613/45/1225 6615/45/1225 6610/45/1225 6612/45/1225
f 6614/45/624 6616/45/624 6615/45/624 6613/45/624
f 6619/45/1226 6617/45/1226 6616/45/1226 6614/45/1226
f 6620/45/626 6618/45/626 6617/45/626 6619/45/626
f 6621/45/1227 6622/45/1227 6618/45/1227 6620/45/1227
f 6496/45/628 6623/45/628 6622/45/628 6621/45/628
s 0
f 6624/35/12 6627/36/12 6630/46/12 6625/31/12
f 6625/13/8 6645/14/8 6626/15/8 6624/16/8
f 6626/15/1229 6629/40/1229 6627/41/1229 6624/42/1229
f 6627/36/12 6628/27/12 6632/47/12 6630/46/12
f 6629/40/2 6641/10/2 6628/12/2 6627/41/2
f 6625/31/12 6630/46/12 6631/48/12 6648/34/12
f 6630/46/12 6632/47/12 6633/49/12 6631/48/12
f 6628/27/12 6635/28/12 6634/29/12 6632/47/12
f 6632/47/12 6634/29/12 6636/2/12 6633/49/12
f 6637/8/1230 6634/17/1230 6635/18/1230 6638/9/1230
f 6639/21/5 6636/20/5 6634/17/5 6637/8/5
f 6640/7/10 6637/8/10 6638/9/10 6641/10/10
f 6642/26/10 6639/21/10 6637/8/10 6640/7/10
f 6643/38/10 6640/7/10 6641/10/10 6629/40/10
f 6644/37/10 6642/26/10 6640/7/10 6643/38/10
f 6645/14/10 6643/38/10 6629/40/10 6626/15/10
f 6646/24/10 6644/37/10 6643/38/10 6645/14/10
f 6648/25/8 6646/24/8 6645/14/8 6625/13/8
f 6649/22/8 6647/23/8 6646/24/8 6648/25/8
f 6647/23/10 6652/39/10 6644/37/10 6646/24/10
f 6648/34/12 6631/48/12 6650/44/12 6649/43/12
f 6649/43/1231 6650/44/1231 6652/39/1231 6647/23/1231
f 6631/48/12 6633/49/12 6651/4/12 6650/44/12
f 6650/44/4 6651/4/4 6653/6/4 6652/39/4
f 6652/39/10 6653/6/10 6642/26/10 6644/37/10
f 6653/6/10 6654/5/10 6639/21/10 6642/26/10
f 6651/4/4 6655/3/4 6654/5/4 6653/6/4
f 6654/5/1232 6655/19/1232 6636/20/1232 6639/21/1232
f 6633/49/12 6636/2/12 6655/3/12 6651/4/12
f 6641/10/2 6638/9/2 6635/11/2 6628/12/2
s 1
f 6662/45/81 6659/45/81 6656/45/81 6657/45/81 6782/45/81 6781/45/81 6780/45/81 6775/45/81 6774/45/81 6773/45/81 6772/45/81 6681/45/81 6680/45/81 6679/45/81 6678/45/81 6673/45/81 6672/45/81 6671/45/81 6670/45/81 6663/45/81
f 6656/45/1233 6658/45/1233 6784/45/1233 6657/45/1233
f 6659/45/1234 6661/45/1234 6658/45/1234 6656/45/1234
f 6681/45/81 6772/45/81 6767/45/81 6766/45/81 6765/45/81 6764/45/81 6759/45/81 6758/45/81 6757/45/81 6756/45/81 6751/45/81 6750/45/81 6749/45/81 6748/45/81 6743/45/81 6742/45/81 6741/45/81 6738/45/81 6737/45/81 6736/45/81 6730/45/81 6732/45/81 6734/45/81 6660/45/81 6659/45/81 6662/45/81 6664/45/81 6728/45/81 6722/45/81 6721/45/81 6720/45/81 6719/45/81 6713/45/81 6712/45/81 6711/45/81 6710/45/81 6705/45/81 6704/45/81 6703/45/81 6702/45/81 6697/45/81 6696/45/81 6695/45/81 6694/45/81 6689/45/81 6688/45/81 6687/45/81 6686/45/81
f 6660/45/1235 6735/45/1235 6661/45/1235 6659/45/1235
f 6663/45/1236 6667/45/1236 6665/45/1236 6662/45/1236
f 6662/45/1237 6665/45/1237 6666/45/1237 6664/45/1237
f 6776/45/262 6777/45/262 6778/45/262 6779/45/262 6783/45/262 6784/45/262 6658/45/262 6661/45/262 6735/45/262 6733/45/262 6731/45/262 6725/45/262 6724/45/262 6726/45/262 6727/45/262 6666/45/262 6665/45/262 6667/45/262 6668/45/262 6669/45/262 6674/45/262 6675/45/262 6676/45/262 6677/45/262 6682/45/262 6683/45/262 6684/45/262 6685/45/262 6690/45/262 6691/45/262 6692/45/262 6693/45/262 6698/45/262 6699/45/262 6700/45/262 6701/45/262 6706/45/262 6707/45/262 6708/45/262 6709/45/262 6714/45/262 6715/45/262 6744/45/262 6745/45/262 6746/45/262 6747/45/262 6752/45/262 6753/45/262 6754/45/262 6755/45/262 6760/45/262 6761/45/262 6762/45/262 6763/45/262 6768/45/262 6769/45/262 6770/45/262 6771/45/262
f 6670/45/1238 6668/45/1238 6667/45/1238 6663/45/1238
f 6671/45/1239 6669/45/1239 6668/45/1239 6670/45/1239
f 6672/45/1240 6674/45/1240 6669/45/1240 6671/45/1240
f 6673/45/1241 6675/45/1241 6674/45/1241 6672/45/1241
f 6676/45/1242 6675/45/1242 6673/45/1242 6678/45/1242
f 6677/45/1243 6676/45/1243 6678/45/1243 6679/45/1243
f 6682/45/1244 6677/45/1244 6679/45/1244 6680/45/1244
f 6683/45/1245 6682/45/1245 6680/45/1245 6681/45/1245
f 6684/45/1246 6683/45/1246 6681/45/1246 6686/45/1246
f 6685/45/1247 6684/45/1247 6686/45/1247 6687/45/1247
f 6690/45/1248 6685/45/1248 6687/45/1248 6688/45/1248
f 6691/45/1249 6690/45/1249 6688/45/1249 6689/45/1249
f 6692/45/1250 6691/45/1250 6689/45/1250 6694/45/1250
f 6693/45/1251 6692/45/1251 6694/45/1251 6695/45/1251
f 6698/45/1252 6693/45/1252 6695/45/1252 6696/45/1252
f 6699/45/1234 6698/45/1234 6696/45/1234 6697/45/1234
f 6700/45/1253 6699/45/1253 6697/45/1253 6702/45/1253
f 6701/45/1254 6700/45/1254 6702/45/1254 6703/45/1254
f 6706/45/1255 6701/45/1255 6703/45/1255 6704/45/1255
f 6707/45/1256 6706/45/1256 6704/45/1256 6705/45/1256
f 6710/45/1257 6708/45/1257 6707/45/1257 6705/45/1257
f 6711/45/1258 6709/45/1258 6708/45/1258 6710/45/1258
f 6712/45/1259 6714/45/1259 6709/45/1259 6711/45/1259
f 6713/45/1260 6716/45/1260 6714/45/1260 6712/45/1260
f 6725/45/262 6729/45/262 6739/45/262 6740/45/262 6715/45/262 6714/45/262 6716/45/262 6717/45/262 6718/45/262 6723/45/262 6724/45/262
f 6719/45/1261 6717/45/1261 6716/45/1261 6713/45/1261
f 6720/45/1262 6718/45/1262 6717/45/1262 6719/45/1262
f 6721/45/1263 6723/45/1263 6718/45/1263 6720/45/1263
f 6722/45/1264 6726/45/1264 6724/45/1264 6723/45/1264 6721/45/1264
f 6728/45/1265 6727/45/1265 6726/45/1265 6722/45/1265
f 6664/45/1266 6666/45/1266 6727/45/1266 6728/45/1266
f 6736/45/1267 6729/45/1267 6725/45/1267 6730/45/1267
f 6730/45/1249 6725/45/1249 6731/45/1249 6732/45/1249
f 6732/45/1268 6731/45/1268 6733/45/1268 6734/45/1268
f 6734/45/1251 6733/45/1251 6735/45/1251 6660/45/1251
f 6737/45/1247 6739/45/1247 6729/45/1247 6736/45/1247
f 6738/45/1269 6740/45/1269 6739/45/1269 6737/45/1269
f 6741/45/1245 6715/45/1245 6740/45/1245 6738/45/1245
f 6742/45/1270 6744/45/1270 6715/45/1270 6741/45/1270
f 6743/45/1243 6745/45/1243 6744/45/1243 6742/45/1243
f 6748/45/1271 6746/45/1271 6745/45/1271 6743/45/1271
f 6749/45/1241 6747/45/1241 6746/45/1241 6748/45/1241
f 6750/45/1272 6752/45/1272 6747/45/1272 6749/45/1272
f 6751/45/1239 6753/45/1239 6752/45/1239 6750/45/1239
f 6756/45/1273 6754/45/1273 6753/45/1273 6751/45/1273
f 6757/45/1236 6755/45/1236 6754/45/1236 6756/45/1236
f 6758/45/1274 6760/45/1274 6755/45/1274 6757/45/1274
f 6759/45/1266 6761/45/1266 6760/45/1266 6758/45/1266
f 6764/45/1275 6762/45/1275 6761/45/1275 6759/45/1275
f 6765/45/1264 6763/45/1264 6762/45/1264 6764/45/1264
f 6766/45/1276 6768/45/1276 6763/45/1276 6765/45/1276
f 6767/45/1262 6769/45/1262 6768/45/1262 6766/45/1262
f 6772/45/1277 6770/45/1277 6769/45/1277 6767/45/1277
f 6773/45/1260 6771/45/1260 6770/45/1260 6772/45/1260
f 6774/45/1278 6776/45/1278 6771/45/1278 6773/45/1278
f 6775/45/1258 6777/45/1258 6776/45/1258 6774/45/1258
f 6780/45/1279 6778/45/1279 6777/45/1279 6775/45/1279
f 6781/45/1256 6779/45/1256 6778/45/1256 6780/45/1256
f 6782/45/1280 6783/45/1280 6779/45/1280 6781/45/1280
f 6657/45/1254 6784/45/1254 6783/45/1254 6782/45/1254
