# Blender 4.4.3
# www.blender.org
mtllib Enchanter.mtl
o 球.005
v 0.175587 0.903170 1.679319
v 0.176104 0.902155 1.667757
v 0.192745 0.891217 1.679319
v 0.156427 0.911547 1.679319
v 0.176104 0.902155 1.690881
v 0.193102 0.890517 1.687283
v 0.157085 0.910256 1.694034
v 0.177636 0.899151 1.701998
v 0.194157 0.888448 1.694941
v 0.159035 0.906432 1.708184
v 0.180123 0.894272 1.712244
v 0.195870 0.885087 1.701998
v 0.162200 0.900222 1.721225
v 0.183470 0.887705 1.721225
v 0.198175 0.880564 1.708184
v 0.166460 0.891864 1.732655
v 0.187549 0.879704 1.728595
v 0.200985 0.875052 1.713261
v 0.171651 0.881681 1.742036
v 0.192202 0.870576 1.734072
v 0.197251 0.860671 1.737444
v 0.204190 0.868765 1.717033
v 0.177574 0.870062 1.749006
v 0.160866 0.867244 1.761263
v 0.184000 0.857455 1.753299
v 0.168422 0.852421 1.766310
v 0.190682 0.844345 1.754748
v 0.202502 0.850370 1.738583
v 0.176281 0.837004 1.768014
v 0.197366 0.831235 1.753299
v 0.207752 0.840069 1.737444
v 0.184139 0.821588 1.766310
v 0.203792 0.818628 1.749006
v 0.212801 0.830165 1.734072
v 0.191695 0.806764 1.761263
v 0.209714 0.807010 1.742036
v 0.217455 0.821035 1.728595
v 0.198659 0.793103 1.753066
v 0.214905 0.796827 1.732655
v 0.221533 0.813035 1.721225
v 0.204763 0.781128 1.742036
v 0.219165 0.788469 1.721225
v 0.222330 0.782259 1.708184
v 0.224880 0.806469 1.712244
v 0.209772 0.771301 1.728595
v 0.197064 0.755623 1.734072
v 0.213495 0.763998 1.713261
v 0.201200 0.747509 1.717033
v 0.215787 0.759501 1.696623
v 0.224280 0.778435 1.694034
v 0.203747 0.742513 1.698546
v 0.216561 0.757983 1.679319
v 0.224938 0.777144 1.679319
v 0.204607 0.740825 1.679319
v 0.215787 0.759501 1.662015
v 0.224280 0.778435 1.664604
v 0.203747 0.742513 1.660092
v 0.213495 0.763998 1.645377
v 0.222330 0.782259 1.650454
v 0.201200 0.747509 1.641604
v 0.209772 0.771301 1.630043
v 0.219165 0.788469 1.637413
v 0.197064 0.755623 1.624566
v 0.204763 0.781128 1.616602
v 0.198659 0.793103 1.605572
v 0.214905 0.796827 1.625983
v 0.191498 0.766543 1.609632
v 0.175619 0.753630 1.605339
v 0.184716 0.779848 1.597375
v 0.168419 0.767755 1.592328
v 0.176978 0.795028 1.588268
v 0.191695 0.806764 1.597375
v 0.160205 0.783870 1.582660
v 0.168582 0.811499 1.582660
v 0.184139 0.821588 1.592328
v 0.151291 0.801356 1.576706
v 0.159850 0.828629 1.580766
v 0.176281 0.837004 1.590624
v 0.142022 0.819541 1.574696
v 0.151118 0.845759 1.582660
v 0.168423 0.852420 1.592328
v 0.132752 0.837726 1.576706
v 0.142723 0.862229 1.588268
v 0.160866 0.867244 1.597375
v 0.134984 0.877410 1.597375
v 0.123839 0.855211 1.582660
v 0.115625 0.871326 1.592328
v 0.108424 0.885452 1.605339
v 0.102515 0.897044 1.621194
v 0.128202 0.890715 1.609632
v 0.122636 0.901635 1.624566
v 0.147798 0.892881 1.616602
v 0.166460 0.891864 1.625983
v 0.153902 0.880906 1.605572
v 0.142789 0.902708 1.630043
v 0.139066 0.910010 1.645377
v 0.162200 0.900222 1.637413
v 0.180123 0.894272 1.646394
v 0.159035 0.906432 1.650454
v 0.157085 0.910256 1.664604
v 0.177636 0.899151 1.656640
v 0.194157 0.888448 1.663697
v 0.207960 0.874734 1.671355
v 0.195870 0.885087 1.656640
v 0.193102 0.890517 1.671355
v 0.207423 0.875788 1.675259
v 0.207241 0.876145 1.679319
v 0.218519 0.858535 1.679319
v 0.213075 0.864699 1.660092
v 0.214848 0.861221 1.658908
v 0.216692 0.857604 1.658508
v 0.218536 0.853987 1.658908
v 0.220309 0.850508 1.660092
v 0.221943 0.847303 1.662015
v 0.223375 0.844493 1.664604
v 0.224551 0.842187 1.667757
v 0.225424 0.840474 1.671355
v 0.225962 0.839419 1.675259
v 0.226143 0.839063 1.679319
v 0.225962 0.839419 1.683379
v 0.225424 0.840474 1.687283
v 0.224551 0.842187 1.690881
v 0.223375 0.844493 1.694034
v 0.221943 0.847303 1.696623
v 0.220309 0.850508 1.698546
v 0.218536 0.853987 1.699730
v 0.216692 0.857604 1.700130
v 0.214848 0.861221 1.699730
v 0.213075 0.864699 1.698546
v 0.211441 0.867905 1.696623
v 0.210010 0.870714 1.694034
v 0.208834 0.873019 1.690881
v 0.207960 0.874734 1.687283
v 0.207423 0.875788 1.683379
v 0.211441 0.867905 1.662015
v 0.210010 0.870714 1.664604
v 0.208834 0.873020 1.667757
v 0.198175 0.880564 1.650454
v 0.183470 0.887705 1.637413
v 0.200985 0.875052 1.645377
v 0.187549 0.879704 1.630043
v 0.204190 0.868765 1.641604
v 0.192202 0.870576 1.624566
v 0.207667 0.861942 1.639281
v 0.197251 0.860671 1.621194
v 0.211284 0.854847 1.638497
v 0.202502 0.850370 1.620055
v 0.214901 0.847752 1.639281
v 0.207752 0.840069 1.621194
v 0.218379 0.840929 1.641604
v 0.212801 0.830164 1.624566
v 0.221584 0.834641 1.645377
v 0.217455 0.821035 1.630043
v 0.224394 0.829129 1.650454
v 0.221533 0.813035 1.637413
v 0.226699 0.824607 1.656640
v 0.224880 0.806469 1.646394
v 0.228412 0.821246 1.663697
v 0.227367 0.801589 1.656640
v 0.229467 0.819176 1.671355
v 0.228899 0.798584 1.667757
v 0.229823 0.818478 1.679319
v 0.229416 0.797570 1.679319
v 0.229467 0.819176 1.687283
v 0.228899 0.798584 1.690881
v 0.228412 0.821246 1.694941
v 0.227367 0.801589 1.701998
v 0.226699 0.824607 1.701998
v 0.224394 0.829129 1.708184
v 0.221584 0.834641 1.713261
v 0.218379 0.840929 1.717033
v 0.214901 0.847752 1.719356
v 0.211284 0.854847 1.720141
v 0.207667 0.861942 1.719356
v 0.209714 0.807010 1.616602
v 0.203792 0.818628 1.609632
v 0.197366 0.831235 1.605339
v 0.190682 0.844345 1.603890
v 0.184000 0.857455 1.605339
v 0.177574 0.870062 1.609632
v 0.171651 0.881681 1.616602
v 0.136774 0.914507 1.662015
v 0.115953 0.914745 1.660092
v 0.136000 0.916025 1.679319
v 0.115093 0.916433 1.679319
v 0.136774 0.914507 1.696623
v 0.115953 0.914745 1.698546
v 0.139067 0.910010 1.713261
v 0.118500 0.909749 1.717033
v 0.142789 0.902708 1.728595
v 0.122636 0.901635 1.734072
v 0.147798 0.892881 1.742036
v 0.153902 0.880906 1.753066
v 0.128202 0.890715 1.749006
v 0.108424 0.885452 1.753299
v 0.134984 0.877410 1.761263
v 0.115625 0.871326 1.766310
v 0.142723 0.862229 1.770370
v 0.123839 0.855211 1.775978
v 0.151118 0.845759 1.775978
v 0.132752 0.837726 1.781932
v 0.159850 0.828629 1.777872
v 0.142022 0.819541 1.783942
v 0.168582 0.811499 1.775978
v 0.151291 0.801356 1.781932
v 0.176978 0.795028 1.770370
v 0.160205 0.783870 1.775978
v 0.184716 0.779848 1.761263
v 0.191498 0.766543 1.749006
v 0.168419 0.767755 1.766310
v 0.175619 0.753630 1.753299
v 0.181528 0.742038 1.737444
v 0.185919 0.733425 1.719357
v 0.188623 0.728120 1.699730
v 0.189536 0.726329 1.679319
v 0.188623 0.728120 1.658908
v 0.185919 0.733425 1.639282
v 0.181528 0.742038 1.621194
v 0.102515 0.897044 1.737444
v 0.098125 0.905657 1.719356
v 0.095421 0.910962 1.699730
v 0.094508 0.912753 1.679319
v 0.095421 0.910962 1.658908
v 0.098125 0.905657 1.639281
v 0.118500 0.909749 1.641604
v -0.109654 0.423734 1.527608
v -0.063265 0.423734 1.496189
v -0.152163 0.454573 1.472816
v -0.134029 0.423734 1.587401
v -0.088942 0.447497 1.561541
v -0.185382 0.454573 1.554306
v -0.134029 0.423734 1.678614
v -0.185382 0.454573 1.678614
v -0.134029 0.423734 1.769827
v -0.088942 0.447497 1.685849
v -0.088942 0.453132 1.802922
v 0.007499 0.447497 1.685849
v 0.007499 0.447497 1.561541
v 0.007499 0.453132 1.802922
v 0.103940 0.453132 1.678614
v 0.149027 0.423734 1.678614
v 0.103940 0.453132 1.802922
v 0.103940 0.453131 1.554306
v 0.078263 0.423734 1.496189
v 0.149027 0.423734 1.587401
v 0.200380 0.454573 1.554306
v 0.124652 0.423734 1.527608
v 0.167161 0.454573 1.472816
v 0.103940 0.454573 1.429997
v 0.167161 0.585857 1.472816
v 0.103940 0.585858 1.429997
v 0.167161 0.676724 1.472816
v 0.200380 0.585858 1.554305
v 0.200380 0.676724 1.554305
v 0.200380 0.585858 1.678614
v 0.200380 0.454573 1.678614
v 0.200380 0.676724 1.678614
v 0.200380 0.585858 1.802922
v 0.200380 0.454573 1.802922
v 0.200380 0.676724 1.802922
v 0.167161 0.585858 1.884412
v 0.167161 0.454573 1.884412
v 0.167161 0.676724 1.884412
v 0.103940 0.585858 1.927231
v 0.103940 0.454573 1.927231
v 0.103940 0.676724 1.927231
v 0.007499 0.585858 1.927231
v 0.007499 0.454573 1.927231
v 0.007499 0.676724 1.927231
v -0.088942 0.585858 1.927231
v -0.088942 0.454573 1.927231
v -0.088942 0.676724 1.927231
v -0.152163 0.585858 1.884412
v -0.152163 0.454573 1.884412
v -0.152163 0.676724 1.884412
v -0.185382 0.585858 1.802922
v -0.185382 0.454573 1.802922
v -0.185382 0.676724 1.802922
v -0.185382 0.585858 1.678614
v -0.185382 0.676724 1.678614
v -0.185382 0.585858 1.554305
v -0.152163 0.585857 1.472816
v -0.185382 0.676724 1.554305
v -0.152163 0.676724 1.472816
v -0.185382 0.742679 1.554305
v -0.185382 0.742679 1.678614
v -0.152163 0.742679 1.472816
v -0.143969 0.790124 1.580996
v -0.143969 0.790124 1.678614
v -0.117882 0.790124 1.517003
v -0.088942 0.756375 1.554305
v -0.088942 0.756375 1.678614
v 0.007499 0.756375 1.554305
v -0.068235 0.790124 1.483378
v -0.088942 0.742679 1.429997
v 0.007499 0.790124 1.483378
v 0.007499 0.742679 1.429997
v 0.083233 0.790124 1.483378
v 0.132880 0.790124 1.517003
v 0.103940 0.756375 1.554305
v 0.103940 0.742679 1.429997
v 0.103940 0.676724 1.429997
v 0.167161 0.742679 1.472816
v 0.200380 0.742679 1.554305
v 0.158967 0.790124 1.580996
v 0.200380 0.742679 1.678614
v 0.158967 0.790124 1.678614
v 0.200380 0.742679 1.802922
v 0.158967 0.790124 1.776232
v 0.167161 0.742679 1.884412
v 0.132880 0.790124 1.840225
v 0.103940 0.742679 1.927231
v 0.083233 0.790124 1.873850
v 0.007499 0.742679 1.927231
v 0.007499 0.790124 1.873850
v -0.088942 0.742679 1.927231
v -0.068235 0.790124 1.873850
v -0.152163 0.742679 1.884412
v -0.117882 0.790124 1.840225
v -0.185382 0.742679 1.802922
v -0.143969 0.790124 1.776232
v -0.088942 0.756375 1.802922
v 0.007499 0.756375 1.802922
v 0.007499 0.756375 1.678614
v 0.103940 0.756375 1.802922
v 0.103940 0.756375 1.678614
v 0.007499 0.676724 1.429997
v -0.088942 0.676724 1.429997
v 0.007499 0.585858 1.429997
v -0.088942 0.585858 1.429997
v 0.007499 0.454573 1.429997
v -0.088942 0.454573 1.429997
v 0.007499 0.423734 1.496189
v -0.109654 0.423734 1.829620
v -0.063265 0.423734 1.861039
v 0.007499 0.423734 1.861039
v 0.078263 0.423734 1.861039
v 0.124652 0.423734 1.829620
v 0.149027 0.423734 1.769827
v -0.114073 0.226301 1.688699
v -0.139951 0.199616 1.688699
v -0.114073 0.226301 1.668590
v -0.111173 0.255751 1.688699
v -0.131360 0.286834 1.688699
v -0.111173 0.255751 1.668590
v -0.047638 0.240154 1.688699
v -0.048730 0.229066 1.688699
v -0.044404 0.250816 1.688699
v -0.047638 0.240154 1.668590
v -0.044404 0.250815 1.668590
v -0.048730 0.229066 1.668590
v -0.047638 0.217978 1.668590
v -0.044404 0.207316 1.668590
v -0.047638 0.217978 1.688699
v -0.044404 0.207316 1.688699
v -0.039152 0.197490 1.688699
v -0.032084 0.188878 1.688699
v -0.039152 0.197490 1.668590
v -0.032084 0.188878 1.668590
v -0.023471 0.181810 1.668590
v -0.013646 0.176558 1.668590
v -0.023471 0.181810 1.688699
v -0.013646 0.176558 1.688699
v -0.002984 0.173324 1.688699
v 0.008104 0.172231 1.688699
v -0.002984 0.173324 1.668590
v 0.008104 0.172231 1.668590
v 0.019192 0.173324 1.668590
v 0.029854 0.176558 1.668590
v 0.019192 0.173324 1.688699
v 0.029854 0.176558 1.688699
v 0.039679 0.181810 1.688699
v 0.048292 0.188878 1.688699
v 0.039680 0.181810 1.668590
v 0.048292 0.188878 1.668590
v 0.055360 0.197490 1.668590
v 0.060612 0.207316 1.668590
v 0.055360 0.197490 1.688699
v 0.060612 0.207316 1.688699
v 0.063846 0.217978 1.688699
v 0.064938 0.229066 1.688699
v 0.063846 0.217978 1.668590
v 0.064938 0.229066 1.668590
v 0.063846 0.240154 1.668590
v 0.060612 0.250815 1.668590
v 0.063846 0.240154 1.688699
v 0.060612 0.250816 1.688699
v 0.055360 0.260641 1.688699
v 0.048292 0.269254 1.688699
v 0.055360 0.260641 1.668590
v 0.048292 0.269254 1.668590
v 0.039680 0.276322 1.668590
v 0.029854 0.281574 1.668590
v 0.039680 0.276322 1.688699
v 0.029854 0.281574 1.688699
v 0.019192 0.284808 1.688699
v 0.008104 0.285900 1.688699
v 0.019192 0.284808 1.668590
v 0.034651 0.348434 1.668590
v 0.008104 0.285900 1.668590
v -0.002984 0.284808 1.668590
v -0.013646 0.281574 1.668590
v -0.002984 0.284808 1.688699
v -0.013646 0.281574 1.688699
v -0.023471 0.276322 1.688699
v -0.032084 0.269254 1.688699
v -0.023471 0.276322 1.668590
v -0.023848 0.276013 1.668590
v -0.057458 0.331874 1.668590
v -0.032084 0.269254 1.668590
v -0.039152 0.260641 1.668590
v -0.039152 0.260641 1.688699
v -0.049664 0.368530 1.668590
v -0.057458 0.331875 1.688699
v -0.080333 0.313101 1.668590
v -0.080334 0.313101 1.688699
v -0.117411 0.312932 1.668590
v -0.117411 0.312932 1.688699
v -0.131360 0.286834 1.668590
v -0.049664 0.368530 1.688699
v -0.021346 0.377120 1.688699
v 0.005201 0.351335 1.688699
v -0.021346 0.377120 1.668590
v 0.005201 0.351335 1.668590
v 0.034651 0.348434 1.688699
v 0.065872 0.368530 1.688699
v 0.091970 0.354581 1.688699
v 0.065872 0.368530 1.668590
v 0.091970 0.354581 1.668590
v 0.092593 0.317594 1.668590
v 0.111366 0.294719 1.668590
v 0.092593 0.317594 1.688699
v 0.111366 0.294719 1.688699
v 0.147569 0.286834 1.688699
v 0.156159 0.258516 1.688699
v 0.147569 0.286834 1.668590
v 0.156159 0.258516 1.668590
v 0.130483 0.231826 1.668590
v 0.127582 0.202376 1.668590
v 0.130483 0.231826 1.688699
v 0.127582 0.202376 1.688699
v 0.147569 0.171298 1.688699
v 0.133619 0.145200 1.688699
v 0.147569 0.171298 1.668590
v 0.133619 0.145200 1.668590
v 0.096647 0.144384 1.668590
v 0.073772 0.125611 1.668590
v 0.096647 0.144384 1.688699
v 0.073772 0.125611 1.688699
v 0.065872 0.089601 1.688699
v 0.037554 0.081011 1.688699
v 0.065872 0.089601 1.668590
v 0.037554 0.081011 1.668590
v 0.010364 0.106929 1.668590
v -0.019086 0.109830 1.668590
v 0.010364 0.106929 1.688699
v -0.019086 0.109830 1.688699
v -0.049664 0.089601 1.688699
v -0.075762 0.103551 1.688699
v -0.049664 0.089601 1.668590
v -0.075762 0.103551 1.668590
v -0.076240 0.140166 1.668590
v -0.095013 0.163041 1.668590
v -0.076240 0.140166 1.688699
v -0.095013 0.163041 1.688699
v -0.131360 0.171298 1.688699
v -0.131360 0.171298 1.668590
v -0.139951 0.199616 1.668590
v -0.038330 0.448551 1.904202
v -0.015416 0.448551 1.904202
v -0.038330 0.380411 1.904956
v -0.038330 0.448290 1.880642
v -0.015416 0.448290 1.880642
v -0.038330 0.380150 1.881396
v -0.038330 0.448029 1.857080
v -0.038330 0.379889 1.857834
v -0.038330 0.447768 1.833519
v -0.015416 0.448029 1.857080
v 0.007499 0.448029 1.857080
v -0.015416 0.447768 1.833519
v -0.015416 0.447508 1.809958
v 0.007499 0.447768 1.833519
v 0.007499 0.447508 1.809958
v 0.030414 0.447768 1.833519
v 0.030414 0.447508 1.809958
v 0.030414 0.448029 1.857080
v 0.053328 0.447768 1.833519
v 0.053328 0.447508 1.809958
v 0.053328 0.379628 1.834273
v 0.053328 0.448029 1.857080
v 0.053328 0.379889 1.857834
v 0.053328 0.448290 1.880642
v 0.053328 0.380150 1.881396
v 0.053328 0.448551 1.904202
v 0.030414 0.448290 1.880642
v 0.007499 0.448290 1.880642
v 0.030414 0.448551 1.904202
v 0.030414 0.380411 1.904956
v 0.007499 0.448551 1.904202
v 0.007499 0.380411 1.904956
v 0.007499 0.311205 1.905722
v -0.015416 0.380411 1.904956
v -0.015415 0.311205 1.905722
v -0.015415 0.241999 1.906489
v -0.038330 0.311205 1.905722
v -0.038330 0.310944 1.882162
v -0.038330 0.241999 1.906489
v -0.038330 0.171729 1.907266
v -0.038330 0.241738 1.882928
v -0.038330 0.171469 1.883706
v -0.038330 0.241477 1.859366
v -0.038330 0.310683 1.858600
v -0.038330 0.171208 1.860144
v -0.038330 0.241217 1.835805
v -0.038330 0.170947 1.836583
v -0.038330 0.240956 1.812244
v -0.038330 0.310422 1.835039
v -0.038330 0.379628 1.834273
v -0.038330 0.310162 1.811478
v -0.015415 0.310162 1.811478
v -0.038330 0.379367 1.810712
v -0.038330 0.447508 1.809958
v -0.015415 0.379367 1.810712
v 0.007499 0.379367 1.810712
v 0.007499 0.310162 1.811478
v 0.030414 0.379367 1.810712
v 0.030414 0.310162 1.811478
v 0.053328 0.379367 1.810712
v 0.053328 0.310162 1.811478
v 0.053328 0.310422 1.835039
v 0.053328 0.240956 1.812244
v 0.030414 0.240956 1.812244
v 0.053328 0.170686 1.813022
v 0.053328 0.241217 1.835805
v 0.053328 0.170947 1.836583
v 0.053328 0.241477 1.859366
v 0.053328 0.310683 1.858600
v 0.053328 0.171208 1.860144
v 0.053328 0.241738 1.882928
v 0.053328 0.171469 1.883706
v 0.053328 0.241999 1.906489
v 0.053328 0.310944 1.882162
v 0.053328 0.311205 1.905722
v 0.030414 0.311205 1.905722
v 0.053328 0.380411 1.904957
v 0.030414 0.241999 1.906489
v 0.030414 0.171729 1.907266
v 0.007499 0.241999 1.906489
v 0.007499 0.171729 1.907266
v -0.015415 0.171729 1.907266
v 0.007499 0.171469 1.883706
v 0.030414 0.171469 1.883706
v 0.007499 0.171208 1.860144
v -0.015415 0.171469 1.883706
v -0.015415 0.171208 1.860144
v -0.015415 0.170947 1.836583
v 0.007499 0.170947 1.836583
v -0.015416 0.170686 1.813022
v -0.038330 0.170686 1.813022
v -0.015415 0.240956 1.812244
v 0.007499 0.170686 1.813022
v 0.030414 0.170686 1.813022
v 0.007499 0.240956 1.812244
v 0.030414 0.170947 1.836583
v 0.030414 0.171208 1.860144
v 0.053328 0.171729 1.907266
v -0.027508 0.203200 1.897700
v -0.010004 0.203200 1.897700
v -0.027508 0.202003 1.789620
v -0.027508 0.220513 1.897508
v -0.010004 0.220513 1.897508
v -0.027508 0.219317 1.789429
v -0.027508 0.237826 1.897316
v -0.027508 0.236630 1.789237
v -0.027508 0.255140 1.897125
v -0.010004 0.237826 1.897316
v 0.007499 0.237826 1.897316
v -0.010004 0.255140 1.897125
v -0.010004 0.272453 1.896933
v 0.007499 0.255140 1.897125
v 0.007499 0.272453 1.896933
v 0.025002 0.255140 1.897125
v 0.025002 0.272453 1.896933
v 0.025002 0.237826 1.897316
v 0.042506 0.255140 1.897125
v 0.042506 0.272453 1.896933
v 0.042506 0.253944 1.789045
v 0.042506 0.237826 1.897316
v 0.042506 0.236630 1.789237
v 0.042506 0.220513 1.897508
v 0.042506 0.219317 1.789429
v 0.042506 0.203200 1.897700
v 0.025002 0.220513 1.897508
v 0.007499 0.220513 1.897508
v 0.025002 0.203200 1.897700
v 0.025002 0.202003 1.789620
v 0.007499 0.203200 1.897700
v 0.007499 0.202003 1.789620
v 0.007499 0.200788 1.679851
v -0.010004 0.202003 1.789620
v -0.010004 0.200788 1.679851
v -0.010004 0.199573 1.570082
v -0.027508 0.200788 1.679851
v -0.027508 0.218102 1.679660
v -0.027508 0.199573 1.570082
v -0.027508 0.198340 1.458625
v -0.027508 0.216887 1.569891
v -0.027508 0.215653 1.458434
v -0.027508 0.234200 1.569699
v -0.027508 0.235415 1.679468
v -0.027508 0.232966 1.458242
v -0.027508 0.251514 1.569507
v -0.027508 0.250280 1.458050
v -0.027508 0.268827 1.569316
v -0.027508 0.252729 1.679276
v -0.027508 0.253944 1.789045
v -0.027508 0.270042 1.679085
v -0.010004 0.270042 1.679085
v -0.027508 0.271257 1.788854
v -0.027508 0.272453 1.896933
v -0.010004 0.271257 1.788854
v 0.007499 0.271257 1.788854
v 0.007499 0.270042 1.679085
v 0.025002 0.271257 1.788854
v 0.025002 0.270042 1.679085
v 0.042506 0.271257 1.788854
v 0.042506 0.270042 1.679085
v 0.042506 0.252729 1.679276
v 0.042506 0.268827 1.569316
v 0.025002 0.268827 1.569316
v 0.042506 0.267593 1.457859
v 0.042506 0.251514 1.569507
v 0.042506 0.250280 1.458050
v 0.042506 0.234200 1.569699
v 0.042506 0.235415 1.679468
v 0.042506 0.232966 1.458242
v 0.042506 0.216887 1.569891
v 0.042506 0.215653 1.458434
v 0.042506 0.199573 1.570082
v 0.042506 0.218102 1.679660
v 0.042506 0.200788 1.679851
v 0.025002 0.200788 1.679851
v 0.042506 0.202003 1.789620
v 0.025002 0.199573 1.570082
v 0.025002 0.198340 1.458625
v 0.007499 0.199573 1.570082
v 0.007499 0.198340 1.458625
v -0.010004 0.198340 1.458625
v 0.007499 0.215653 1.458434
v 0.025002 0.215653 1.458434
v 0.007499 0.232966 1.458242
v -0.010004 0.215653 1.458434
v -0.010004 0.232966 1.458242
v -0.010004 0.250280 1.458050
v 0.007499 0.250280 1.458050
v -0.010004 0.267593 1.457859
v -0.027508 0.267593 1.457859
v -0.010004 0.268826 1.569316
v 0.007499 0.267593 1.457859
v 0.025002 0.267593 1.457859
v 0.007499 0.268826 1.569316
v 0.025002 0.250280 1.458050
v 0.025002 0.232966 1.458242
v 0.042506 0.198340 1.458625
v 0.093628 0.244928 1.466131
v 0.091579 0.224125 1.466362
v 0.111908 0.263778 1.465923
v 0.093628 0.244762 1.451148
v 0.111909 0.263612 1.450940
v 0.091579 0.223960 1.451378
v 0.105840 0.202003 1.451622
v 0.105841 0.202169 1.466605
v 0.095986 0.183568 1.451826
v 0.069793 0.183448 1.451827
v 0.095986 0.183734 1.466809
v 0.069793 0.183614 1.466810
v 0.053634 0.170354 1.466957
v 0.048128 0.144460 1.467243
v 0.053634 0.170188 1.451974
v 0.029891 0.209647 1.451537
v 0.048128 0.144294 1.452260
v 0.028123 0.138227 1.452327
v 0.009369 0.156441 1.452126
v 0.028123 0.138393 1.467311
v 0.009370 0.156606 1.467109
v -0.011435 0.158655 1.467086
v -0.011435 0.158489 1.452103
v -0.033490 0.144460 1.467243
v -0.051926 0.154315 1.467134
v -0.033490 0.144294 1.452260
v -0.051926 0.154149 1.452151
v -0.052366 0.180274 1.451862
v -0.065627 0.196433 1.451683
v -0.052366 0.180440 1.466845
v -0.065627 0.196599 1.466666
v -0.091202 0.202169 1.466605
v -0.097270 0.222172 1.466383
v -0.091202 0.202003 1.451622
v -0.097270 0.222007 1.451400
v -0.079131 0.240859 1.451191
v -0.077083 0.261662 1.450961
v -0.079131 0.241025 1.466174
v -0.077083 0.261828 1.465944
v -0.091202 0.283782 1.465701
v -0.081347 0.302217 1.465497
v -0.091201 0.283616 1.450718
v -0.081347 0.302051 1.450514
v -0.055229 0.302627 1.450508
v -0.039070 0.315888 1.450361
v -0.055230 0.302793 1.465491
v -0.039070 0.316054 1.465344
v -0.033490 0.341490 1.465062
v -0.013485 0.347558 1.464995
v -0.033490 0.341324 1.450079
v -0.013485 0.347392 1.450012
v 0.005723 0.329084 1.450215
v 0.026527 0.327035 1.450238
v 0.005723 0.329250 1.465198
v 0.026527 0.327201 1.465221
v 0.007319 0.283122 1.465708
v 0.015152 0.282351 1.465717
v -0.000514 0.282351 1.465717
v 0.007319 0.282956 1.450725
v 0.015152 0.282185 1.450734
v -0.000514 0.282185 1.450734
v -0.008045 0.279900 1.450759
v -0.014987 0.276190 1.450800
v -0.008045 0.280066 1.465742
v -0.014987 0.276356 1.465783
v -0.021070 0.271363 1.465839
v -0.026064 0.265280 1.465906
v -0.021071 0.271198 1.450856
v -0.026064 0.265114 1.450923
v -0.029774 0.258172 1.451000
v -0.032059 0.250642 1.451083
v -0.029774 0.258338 1.465983
v -0.032059 0.250808 1.466066
v -0.032830 0.242975 1.466153
v -0.032059 0.235143 1.466240
v -0.032830 0.242809 1.451170
v -0.032059 0.234977 1.451257
v -0.029774 0.227446 1.451340
v -0.026064 0.220505 1.451417
v -0.029774 0.227612 1.466323
v -0.026064 0.220671 1.466400
v -0.021071 0.214587 1.466467
v -0.014987 0.209594 1.466522
v -0.021071 0.214421 1.451484
v -0.014987 0.209428 1.451539
v -0.008045 0.205719 1.451580
v -0.000514 0.203434 1.451606
v -0.008045 0.205884 1.466563
v -0.000514 0.203600 1.466589
v 0.007319 0.202829 1.466597
v 0.015152 0.203600 1.466589
v 0.007319 0.202663 1.451614
v 0.015152 0.203434 1.451606
v 0.022683 0.205719 1.451580
v 0.029625 0.209428 1.451539
v 0.022683 0.205884 1.466563
v 0.029625 0.209594 1.466522
v 0.035709 0.214587 1.466467
v 0.040703 0.220671 1.466400
v 0.035709 0.214421 1.451484
v 0.040702 0.220505 1.451417
v 0.044412 0.227446 1.451340
v 0.044412 0.227612 1.466323
v 0.046697 0.234977 1.451257
v 0.046697 0.235143 1.466240
v 0.047468 0.242809 1.451170
v 0.046697 0.250642 1.451083
v 0.047468 0.242975 1.466153
v 0.046697 0.250808 1.466066
v 0.044412 0.258338 1.465983
v 0.044412 0.258172 1.451000
v 0.040702 0.265280 1.465906
v 0.035709 0.271363 1.465839
v 0.040702 0.265114 1.450923
v 0.035709 0.271198 1.450856
v 0.029625 0.276190 1.450800
v 0.022683 0.279900 1.450759
v 0.029625 0.276356 1.465783
v 0.022683 0.280066 1.465742
v 0.048128 0.341490 1.465062
v 0.066564 0.331636 1.465172
v 0.048128 0.341324 1.450079
v 0.066564 0.331470 1.450189
v 0.066903 0.305607 1.450475
v 0.080163 0.289447 1.450654
v 0.066902 0.305772 1.465458
v 0.080163 0.289613 1.465637
v 0.105841 0.283782 1.465701
v 0.105840 0.283616 1.450718
v 0.093808 0.251569 1.906132
v 0.091759 0.230766 1.906362
v 0.112088 0.270419 1.905923
v 0.093808 0.251403 1.891149
v 0.112088 0.270253 1.890940
v 0.091759 0.230600 1.891379
v 0.106020 0.208644 1.891622
v 0.106020 0.208810 1.906605
v 0.096165 0.190209 1.891826
v 0.069973 0.190089 1.891828
v 0.096165 0.190375 1.906810
v 0.069973 0.190255 1.906811
v 0.053814 0.176995 1.906958
v 0.048308 0.151101 1.907244
v 0.053814 0.176829 1.891975
v 0.030071 0.216288 1.891538
v 0.048308 0.150935 1.892261
v 0.028303 0.144868 1.892328
v 0.028303 0.145034 1.907311
v 0.009550 0.163082 1.892127
v 0.009550 0.163247 1.907110
v -0.011255 0.165130 1.892104
v -0.000334 0.210075 1.891607
v -0.033310 0.150935 1.892261
v -0.011255 0.165296 1.907087
v -0.033310 0.151101 1.907244
v -0.051746 0.160956 1.907135
v -0.052186 0.187081 1.906846
v -0.051746 0.160790 1.892152
v -0.052186 0.186915 1.891863
v -0.065447 0.203074 1.891684
v -0.091022 0.208644 1.891622
v -0.065447 0.203240 1.906667
v -0.091022 0.208810 1.906605
v -0.097090 0.228813 1.906384
v -0.078952 0.247666 1.906175
v -0.097090 0.228648 1.891401
v -0.078952 0.247500 1.891192
v -0.076903 0.268303 1.890962
v -0.091022 0.290257 1.890719
v -0.076903 0.268469 1.905945
v -0.091022 0.290423 1.905702
v -0.081167 0.308858 1.905498
v -0.055050 0.309434 1.905492
v -0.081167 0.308692 1.890515
v -0.055050 0.309268 1.890509
v -0.038890 0.322529 1.890362
v -0.033310 0.347965 1.890080
v -0.038890 0.322695 1.905345
v -0.033310 0.348131 1.905063
v -0.013305 0.354199 1.904996
v 0.005903 0.335891 1.905199
v -0.013305 0.354033 1.890013
v 0.005903 0.335725 1.890216
v 0.026707 0.333676 1.890238
v 0.048308 0.347965 1.890080
v 0.026707 0.333842 1.905221
v 0.048308 0.348131 1.905063
v 0.066744 0.338277 1.905172
v 0.067082 0.312413 1.905459
v 0.066744 0.338111 1.890189
v 0.067082 0.312248 1.890476
v 0.080343 0.296088 1.890654
v 0.106020 0.290257 1.890719
v 0.080343 0.296254 1.905638
v 0.106020 0.290423 1.905702
v 0.007499 0.289763 1.905709
v -0.000334 0.288992 1.905718
v 0.007499 0.289597 1.890726
v 0.015332 0.288992 1.905718
v 0.022863 0.286707 1.905743
v 0.015332 0.288826 1.890735
v 0.022863 0.286541 1.890760
v 0.029805 0.282831 1.890801
v 0.035889 0.277839 1.890857
v 0.029805 0.282997 1.905784
v 0.035889 0.278004 1.905840
v 0.040882 0.271921 1.905907
v 0.044592 0.264979 1.905984
v 0.040882 0.271755 1.890924
v 0.044592 0.264813 1.891001
v 0.046877 0.257283 1.891084
v 0.047648 0.249450 1.891171
v 0.046877 0.257449 1.906067
v 0.047648 0.249616 1.906154
v 0.046877 0.241784 1.906240
v 0.044592 0.234253 1.906324
v 0.046877 0.241618 1.891257
v 0.044592 0.234087 1.891341
v 0.040882 0.227146 1.891418
v 0.035889 0.221062 1.891485
v 0.040882 0.227311 1.906401
v 0.035889 0.221228 1.906468
v 0.029805 0.216235 1.906523
v 0.029805 0.216069 1.891540
v 0.022863 0.212525 1.906564
v 0.022863 0.212360 1.891581
v 0.015332 0.210241 1.906590
v 0.007499 0.209470 1.906598
v 0.015332 0.210075 1.891607
v 0.007499 0.209304 1.891615
v -0.000334 0.210241 1.906590
v -0.007865 0.212525 1.906564
v -0.007865 0.212360 1.891581
v -0.014807 0.216235 1.906523
v -0.020891 0.221228 1.906468
v -0.014807 0.216069 1.891540
v -0.020891 0.221062 1.891485
v -0.025884 0.227146 1.891418
v -0.029594 0.234087 1.891341
v -0.025884 0.227311 1.906401
v -0.029594 0.234253 1.906324
v -0.031879 0.241784 1.906240
v -0.032650 0.249616 1.906154
v -0.031879 0.241618 1.891257
v -0.032650 0.249450 1.891171
v -0.031879 0.257283 1.891084
v -0.029594 0.264813 1.891001
v -0.031879 0.257449 1.906067
v -0.029594 0.264979 1.905984
v -0.025884 0.271921 1.905907
v -0.020891 0.278004 1.905840
v -0.025884 0.271755 1.890924
v -0.020891 0.277839 1.890857
v -0.014807 0.282831 1.890801
v -0.007865 0.286541 1.890760
v -0.014807 0.282997 1.905784
v -0.007865 0.286707 1.905743
v -0.000334 0.288826 1.890735
v -0.038330 0.445184 1.544202
v -0.015416 0.445184 1.544202
v -0.038330 0.377044 1.544956
v -0.038330 0.444923 1.520642
v -0.015416 0.444923 1.520642
v -0.038330 0.376783 1.521396
v -0.038330 0.444662 1.497080
v -0.038330 0.376522 1.497834
v -0.038330 0.444402 1.473518
v -0.015416 0.444662 1.497080
v 0.007499 0.444662 1.497080
v -0.015416 0.444402 1.473518
v 0.007499 0.444402 1.473518
v -0.015416 0.444141 1.449958
v -0.038330 0.444141 1.449958
v -0.015416 0.376000 1.450712
v 0.007499 0.444141 1.449958
v 0.007499 0.376000 1.450712
v 0.030414 0.444141 1.449958
v 0.030413 0.376000 1.450712
v 0.053328 0.444141 1.449958
v 0.030414 0.444402 1.473518
v 0.030413 0.444662 1.497080
v 0.053328 0.444402 1.473518
v 0.053328 0.376261 1.474273
v 0.053328 0.444662 1.497080
v 0.053328 0.376522 1.497834
v 0.053328 0.444923 1.520642
v 0.053328 0.376783 1.521396
v 0.053328 0.445184 1.544202
v 0.030413 0.444923 1.520642
v 0.007499 0.444923 1.520642
v 0.030414 0.445184 1.544202
v 0.030414 0.377044 1.544956
v 0.007499 0.445184 1.544202
v 0.007499 0.377044 1.544956
v 0.007499 0.307838 1.545722
v -0.015416 0.377044 1.544956
v -0.015416 0.307838 1.545722
v -0.038330 0.307838 1.545722
v -0.015416 0.238632 1.546489
v 0.007499 0.238632 1.546489
v -0.038330 0.238632 1.546489
v -0.015416 0.168362 1.547266
v 0.007499 0.168362 1.547266
v -0.038330 0.168362 1.547266
v -0.015416 0.168102 1.523706
v -0.038330 0.168102 1.523706
v -0.015416 0.167841 1.500144
v 0.007499 0.168102 1.523706
v 0.030413 0.168102 1.523706
v 0.007499 0.167841 1.500144
v 0.007499 0.167580 1.476583
v 0.030414 0.167841 1.500144
v 0.053328 0.167841 1.500144
v 0.030414 0.167580 1.476583
v 0.053328 0.167580 1.476583
v 0.030414 0.167319 1.453022
v 0.007499 0.167319 1.453022
v 0.030413 0.237589 1.452244
v 0.053328 0.167319 1.453022
v 0.053328 0.237589 1.452244
v 0.053328 0.237850 1.475805
v 0.053328 0.306795 1.451478
v 0.053328 0.307056 1.475039
v 0.030413 0.306795 1.451478
v 0.053328 0.376000 1.450712
v 0.007499 0.306795 1.451478
v -0.015416 0.306795 1.451478
v 0.007499 0.237589 1.452244
v -0.015416 0.237589 1.452244
v -0.038330 0.237589 1.452244
v -0.015416 0.167319 1.453022
v -0.038330 0.167319 1.453022
v -0.015416 0.167580 1.476583
v -0.038330 0.167580 1.476583
v -0.038330 0.167841 1.500144
v -0.038330 0.237850 1.475805
v -0.038330 0.307056 1.475039
v -0.038330 0.238111 1.499366
v -0.038330 0.238371 1.522928
v -0.038330 0.307316 1.498600
v -0.038330 0.307577 1.522162
v -0.038330 0.376261 1.474273
v -0.038330 0.306795 1.451478
v -0.038330 0.376000 1.450712
v 0.053328 0.307316 1.498600
v 0.053328 0.307577 1.522162
v 0.053328 0.238111 1.499366
v 0.053328 0.238371 1.522928
v 0.053328 0.168102 1.523706
v 0.053328 0.238632 1.546489
v 0.053328 0.168362 1.547266
v 0.030414 0.238632 1.546489
v 0.053328 0.307838 1.545722
v 0.053328 0.377044 1.544956
v 0.030414 0.307838 1.545722
v 0.030413 0.168362 1.547266
v 0.242320 0.227273 1.678606
v 0.236028 0.227273 1.642401
v 0.240311 0.196623 1.678606
v 0.236028 0.227273 1.714811
v 0.240311 0.257924 1.678606
v 0.234319 0.288050 1.678606
v 0.234073 0.257102 1.642401
v 0.234073 0.257102 1.714811
v 0.217030 0.254859 1.741315
v 0.228241 0.286421 1.714811
v 0.211637 0.281972 1.741315
v 0.218633 0.314728 1.714811
v 0.202751 0.308150 1.741315
v 0.205411 0.341538 1.714811
v 0.224446 0.317136 1.678606
v 0.210860 0.344684 1.678606
v 0.218633 0.314728 1.642401
v 0.205411 0.341538 1.642401
v 0.202751 0.308150 1.615897
v 0.228241 0.286421 1.642401
v 0.211637 0.281972 1.615897
v 0.188955 0.275894 1.606196
v 0.217030 0.254859 1.615897
v 0.193749 0.251794 1.606196
v 0.218838 0.227273 1.615898
v 0.217030 0.199688 1.615897
v 0.195356 0.227273 1.606196
v 0.193749 0.202753 1.606196
v 0.171874 0.227273 1.615897
v 0.170468 0.205818 1.615897
v 0.154684 0.227273 1.642401
v 0.170468 0.248729 1.615897
v 0.166273 0.269817 1.615897
v 0.153425 0.246485 1.642401
v 0.149669 0.265368 1.642401
v 0.147186 0.245664 1.678606
v 0.143591 0.263739 1.678606
v 0.153425 0.246485 1.714811
v 0.148392 0.227273 1.678606
v 0.147186 0.208883 1.678606
v 0.154684 0.227273 1.714811
v 0.153425 0.208062 1.714811
v 0.171874 0.227273 1.741315
v 0.170468 0.205818 1.741315
v 0.195356 0.227273 1.751016
v 0.170468 0.248729 1.741315
v 0.166273 0.269817 1.741315
v 0.193749 0.251794 1.751016
v 0.188955 0.275894 1.751016
v 0.181056 0.299163 1.751016
v 0.159362 0.290177 1.741315
v 0.170188 0.321202 1.751016
v 0.149852 0.309461 1.741315
v 0.156536 0.341634 1.751016
v 0.190524 0.332943 1.741315
v 0.175166 0.355929 1.741315
v 0.156938 0.376713 1.741315
v 0.188803 0.366393 1.714811
v 0.169093 0.388868 1.714811
v 0.193795 0.370224 1.678606
v 0.173543 0.393317 1.678606
v 0.188803 0.366393 1.642401
v 0.169093 0.388868 1.642401
v 0.175166 0.355929 1.615897
v 0.156938 0.376713 1.615897
v 0.156536 0.341634 1.606196
v 0.190524 0.332943 1.615897
v 0.170188 0.321202 1.606196
v 0.149852 0.309461 1.615897
v 0.181056 0.299163 1.606196
v 0.159362 0.290177 1.615897
v 0.143480 0.283599 1.642401
v 0.134965 0.300866 1.642401
v 0.137667 0.281191 1.678606
v 0.129516 0.297720 1.678606
v 0.143480 0.283599 1.714811
v 0.134965 0.300866 1.714811
v 0.149669 0.265368 1.714811
v 0.124268 0.316874 1.714811
v 0.119277 0.313044 1.678606
v 0.111574 0.331349 1.714811
v 0.137906 0.327339 1.741315
v 0.123729 0.343504 1.741315
v 0.107564 0.357681 1.741315
v 0.140334 0.360109 1.751016
v 0.121859 0.376311 1.751016
v 0.101427 0.389963 1.751016
v 0.136154 0.394940 1.741315
v 0.113168 0.410299 1.741315
v 0.146619 0.408578 1.714811
v 0.121764 0.425186 1.714811
v 0.150449 0.413570 1.678606
v 0.124910 0.430635 1.678606
v 0.146619 0.408578 1.642401
v 0.121763 0.425186 1.642401
v 0.136154 0.394940 1.615897
v 0.113168 0.410299 1.615897
v 0.121859 0.376311 1.606196
v 0.101427 0.389963 1.606196
v 0.107564 0.357681 1.615897
v 0.140334 0.360109 1.606196
v 0.123729 0.343504 1.615897
v 0.111574 0.331349 1.642401
v 0.137906 0.327339 1.615897
v 0.124268 0.316874 1.642401
v 0.097099 0.344043 1.642401
v 0.107125 0.326900 1.678606
v 0.093269 0.339051 1.678606
v 0.077945 0.349290 1.678606
v 0.097099 0.344043 1.714811
v 0.081091 0.354739 1.714811
v 0.063824 0.363255 1.714811
v 0.089686 0.369626 1.741315
v 0.070402 0.379136 1.741315
v 0.050042 0.386048 1.741315
v 0.079389 0.400831 1.751016
v 0.056120 0.408730 1.751016
v 0.088375 0.422526 1.741315
v 0.062197 0.431412 1.741315
v 0.094953 0.438407 1.714811
v 0.066646 0.448016 1.714811
v 0.097361 0.444220 1.678606
v 0.068275 0.454094 1.678606
v 0.094953 0.438407 1.642401
v 0.066646 0.448016 1.642401
v 0.088375 0.422526 1.615897
v 0.062197 0.431412 1.615897
v 0.079389 0.400831 1.606196
v 0.056120 0.408730 1.606196
v 0.070402 0.379136 1.615897
v 0.050042 0.386048 1.615897
v 0.063824 0.363255 1.642401
v 0.089686 0.369626 1.615897
v 0.081091 0.354739 1.642401
v 0.045593 0.369443 1.642401
v 0.061416 0.357442 1.678606
v 0.043964 0.363366 1.678606
v 0.025889 0.366961 1.678606
v 0.045593 0.369443 1.714811
v 0.026710 0.373199 1.714811
v 0.007499 0.374458 1.714811
v 0.028954 0.390242 1.741315
v 0.007499 0.391649 1.741315
v 0.032019 0.413524 1.751016
v 0.007499 0.415131 1.751016
v 0.035084 0.436805 1.741315
v 0.007499 0.438613 1.741315
v 0.037328 0.453848 1.714811
v 0.007499 0.455803 1.714811
v 0.038149 0.460086 1.678606
v 0.007499 0.462095 1.678606
v 0.037328 0.453848 1.642401
v 0.007499 0.455803 1.642401
v 0.035084 0.436805 1.615897
v 0.007499 0.438613 1.615897
v 0.032019 0.413524 1.606196
v 0.007499 0.415131 1.606196
v 0.028954 0.390242 1.615897
v 0.007499 0.391649 1.615897
v 0.026710 0.373199 1.642401
v 0.007499 0.374458 1.642401
v -0.011713 0.373199 1.642401
v 0.007499 0.368166 1.678606
v -0.010892 0.366961 1.678606
v -0.028967 0.363366 1.678606
v -0.011713 0.373199 1.714811
v -0.030596 0.369443 1.714811
v -0.013957 0.390242 1.741315
v -0.035045 0.386048 1.741315
v -0.017022 0.413524 1.751016
v -0.041122 0.408730 1.751016
v -0.020087 0.436805 1.741315
v -0.047200 0.431412 1.741315
v -0.022331 0.453848 1.714811
v -0.051649 0.448016 1.714811
v -0.023152 0.460086 1.678606
v -0.053278 0.454094 1.678606
v -0.022331 0.453848 1.642401
v -0.051649 0.448016 1.642401
v -0.020087 0.436805 1.615897
v -0.047200 0.431412 1.615897
v -0.017022 0.413524 1.606196
v -0.041122 0.408730 1.606196
v -0.013957 0.390242 1.615897
v -0.035045 0.386048 1.615897
v -0.055405 0.379136 1.615897
v -0.030596 0.369443 1.642401
v -0.048827 0.363255 1.642401
v -0.066094 0.354739 1.642401
v -0.046419 0.357442 1.678606
v -0.062948 0.349290 1.678606
v -0.048827 0.363255 1.714811
v -0.066094 0.354739 1.714811
v -0.055405 0.379136 1.741315
v -0.074689 0.369627 1.741315
v -0.064391 0.400831 1.751016
v -0.086430 0.389963 1.751016
v -0.073378 0.422526 1.741315
v -0.098171 0.410299 1.741315
v -0.079956 0.438407 1.714811
v -0.106766 0.425186 1.714811
v -0.082364 0.444220 1.678606
v -0.109912 0.430635 1.678606
v -0.079956 0.438407 1.642401
v -0.106766 0.425186 1.642401
v -0.073378 0.422526 1.615897
v -0.098171 0.410299 1.615897
v -0.064391 0.400831 1.606196
v -0.086430 0.389963 1.606196
v -0.106862 0.376311 1.606196
v -0.074689 0.369627 1.615897
v -0.092567 0.357681 1.615897
v -0.108732 0.343504 1.615897
v -0.082102 0.344043 1.642401
v -0.096577 0.331349 1.642401
v -0.078272 0.339051 1.678606
v -0.092128 0.326900 1.678606
v -0.082102 0.344043 1.714811
v -0.096577 0.331349 1.714811
v -0.092567 0.357681 1.741315
v -0.108732 0.343504 1.741315
v -0.106862 0.376311 1.751016
v -0.125337 0.360109 1.751016
v -0.121157 0.394940 1.741315
v -0.141941 0.376713 1.741315
v -0.131622 0.408578 1.714811
v -0.154096 0.388868 1.714811
v -0.135452 0.413570 1.678606
v -0.158545 0.393317 1.678606
v -0.131622 0.408578 1.642401
v -0.154096 0.388868 1.642401
v -0.121157 0.394940 1.615897
v -0.141941 0.376713 1.615897
v -0.160168 0.355929 1.615897
v -0.125337 0.360109 1.606196
v -0.141539 0.341634 1.606196
v -0.155191 0.321202 1.606196
v -0.122909 0.327339 1.615897
v -0.134854 0.309461 1.615897
v -0.109271 0.316874 1.642401
v -0.119967 0.300866 1.642401
v -0.104279 0.313044 1.678606
v -0.114518 0.297720 1.678606
v -0.109271 0.316874 1.714811
v -0.119967 0.300866 1.714811
v -0.122909 0.327339 1.741315
v -0.134854 0.309461 1.741315
v -0.141539 0.341634 1.751016
v -0.155191 0.321202 1.751016
v -0.160168 0.355929 1.741315
v -0.175527 0.332943 1.741315
v -0.173806 0.366393 1.714811
v -0.190414 0.341538 1.714811
v -0.178798 0.370224 1.678606
v -0.195863 0.344684 1.678606
v -0.173806 0.366393 1.642401
v -0.190414 0.341538 1.642401
v -0.203635 0.314728 1.642401
v -0.175527 0.332943 1.615897
v -0.187754 0.308149 1.615897
v -0.196640 0.281972 1.615897
v -0.166059 0.299163 1.606196
v -0.173958 0.275894 1.606196
v -0.144364 0.290177 1.615897
v -0.151276 0.269817 1.615897
v -0.128483 0.283599 1.642401
v -0.134671 0.265368 1.642401
v -0.122670 0.281191 1.678606
v -0.128594 0.263739 1.678606
v -0.128483 0.283599 1.714811
v -0.134671 0.265368 1.714811
v -0.144364 0.290177 1.741315
v -0.151276 0.269817 1.741315
v -0.166059 0.299163 1.751016
v -0.173958 0.275894 1.751016
v -0.187754 0.308149 1.741315
v -0.196640 0.281972 1.741315
v -0.203635 0.314728 1.714811
v -0.213244 0.286421 1.714811
v -0.209448 0.317136 1.678606
v -0.219322 0.288050 1.678606
v -0.225314 0.257924 1.678606
v -0.213244 0.286421 1.642401
v -0.219076 0.257102 1.642401
v -0.221031 0.227273 1.642401
v -0.202033 0.254859 1.615897
v -0.203841 0.227273 1.615897
v -0.178752 0.251794 1.606196
v -0.180359 0.227273 1.606196
v -0.155470 0.248729 1.615897
v -0.156877 0.227273 1.615898
v -0.138427 0.246485 1.642401
v -0.139686 0.227273 1.642401
v -0.132189 0.245664 1.678606
v -0.133394 0.227273 1.678606
v -0.138427 0.246485 1.714811
v -0.139686 0.227273 1.714811
v -0.155470 0.248729 1.741315
v -0.156877 0.227273 1.741315
v -0.178752 0.251794 1.751016
v -0.180359 0.227273 1.751016
v -0.202033 0.254859 1.741315
v -0.203841 0.227273 1.741315
v -0.219076 0.257102 1.714811
v -0.221031 0.227273 1.714811
v -0.219076 0.197444 1.714811
v -0.227323 0.227273 1.678606
v -0.225314 0.196623 1.678606
v -0.219322 0.166497 1.678606
v -0.219076 0.197444 1.642401
v -0.213244 0.168126 1.642401
v -0.202033 0.199688 1.615897
v -0.196640 0.172575 1.615897
v -0.178752 0.202753 1.606196
v -0.173958 0.178652 1.606196
v -0.155470 0.205818 1.615897
v -0.151276 0.184730 1.615898
v -0.138427 0.208062 1.642401
v -0.134671 0.189179 1.642401
v -0.132189 0.208883 1.678606
v -0.128594 0.190808 1.678606
v -0.138427 0.208062 1.714811
v -0.134671 0.189179 1.714811
v -0.155470 0.205818 1.741315
v -0.151276 0.184730 1.741315
v -0.178752 0.202753 1.751016
v -0.173958 0.178652 1.751016
v -0.202033 0.199688 1.741315
v -0.196640 0.172575 1.741315
v -0.187754 0.146397 1.741315
v -0.213244 0.168126 1.714811
v -0.203635 0.139819 1.714811
v -0.190414 0.113008 1.714811
v -0.209448 0.137411 1.678606
v -0.195863 0.109862 1.678606
v -0.203635 0.139819 1.642401
v -0.190414 0.113008 1.642401
v -0.187754 0.146397 1.615898
v -0.175527 0.121604 1.615897
v -0.166059 0.155383 1.606196
v -0.155191 0.133345 1.606196
v -0.144364 0.164370 1.615897
v -0.134854 0.145086 1.615898
v -0.128483 0.170948 1.642401
v -0.119967 0.153681 1.642401
v -0.122670 0.173356 1.678606
v -0.114518 0.156827 1.678606
v -0.128483 0.170948 1.714811
v -0.119967 0.153681 1.714811
v -0.144364 0.164370 1.741315
v -0.134854 0.145086 1.741315
v -0.166059 0.155383 1.751016
v -0.155191 0.133345 1.751016
v -0.141539 0.112913 1.751016
v -0.175527 0.121604 1.741315
v -0.160168 0.098618 1.741315
v -0.141941 0.077834 1.741315
v -0.173806 0.088153 1.714811
v -0.154096 0.065679 1.714811
v -0.178798 0.084323 1.678606
v -0.158545 0.061229 1.678606
v -0.173806 0.088153 1.642401
v -0.154096 0.065679 1.642401
v -0.160168 0.098618 1.615897
v -0.141941 0.077834 1.615897
v -0.141539 0.112913 1.606196
v -0.125337 0.094438 1.606196
v -0.122909 0.127208 1.615897
v -0.108732 0.111043 1.615897
v -0.109271 0.137673 1.642401
v -0.096577 0.123198 1.642401
v -0.104279 0.141503 1.678606
v -0.092128 0.127647 1.678606
v -0.109271 0.137673 1.714811
v -0.096577 0.123198 1.714811
v -0.122909 0.127208 1.741315
v -0.108732 0.111042 1.741315
v -0.092567 0.096866 1.741315
v -0.125337 0.094438 1.751016
v -0.106862 0.078236 1.751016
v -0.086430 0.064584 1.751016
v -0.121157 0.059606 1.741315
v -0.098171 0.044248 1.741315
v -0.131621 0.045968 1.714811
v -0.106766 0.029361 1.714811
v -0.135452 0.040977 1.678606
v -0.109912 0.023912 1.678606
v -0.131621 0.045969 1.642401
v -0.106766 0.029361 1.642401
v -0.121157 0.059606 1.615897
v -0.098171 0.044248 1.615897
v -0.106862 0.078236 1.606196
v -0.086430 0.064584 1.606196
v -0.092567 0.096866 1.615898
v -0.074689 0.084920 1.615897
v -0.082102 0.110504 1.642401
v -0.066094 0.099807 1.642401
v -0.078272 0.115495 1.678606
v -0.062948 0.105256 1.678606
v -0.082102 0.110504 1.714811
v -0.066094 0.099807 1.714811
v -0.048827 0.091292 1.714811
v -0.074689 0.084920 1.741315
v -0.055405 0.075410 1.741315
v -0.035045 0.068499 1.741315
v -0.064391 0.053716 1.751016
v -0.041122 0.045817 1.751016
v -0.073378 0.032021 1.741315
v -0.047200 0.023135 1.741315
v -0.079956 0.016139 1.714811
v -0.051649 0.006531 1.714811
v -0.082364 0.010326 1.678606
v -0.053278 0.000453 1.678606
v -0.079956 0.016139 1.642401
v -0.051649 0.006531 1.642401
v -0.073378 0.032021 1.615897
v -0.047200 0.023135 1.615898
v -0.064391 0.053716 1.606196
v -0.041122 0.045817 1.606196
v -0.055405 0.075410 1.615897
v -0.035045 0.068499 1.615897
v -0.048827 0.091292 1.642401
v -0.030596 0.085104 1.642401
v -0.046419 0.097105 1.678606
v -0.028967 0.091181 1.678606
v -0.010892 0.087586 1.678606
v -0.030596 0.085103 1.714811
v -0.011713 0.081347 1.714811
v 0.007499 0.080088 1.714811
v -0.013957 0.064304 1.741315
v 0.007499 0.062898 1.741315
v -0.017022 0.041023 1.751016
v 0.007499 0.039416 1.751016
v -0.020087 0.017742 1.741315
v 0.007499 0.015934 1.741315
v -0.022330 0.000699 1.714811
v 0.007499 -0.001256 1.714811
v -0.023152 -0.005540 1.678606
v 0.007499 -0.007548 1.678606
v -0.022330 0.000699 1.642401
v 0.007499 -0.001256 1.642401
v -0.020087 0.017742 1.615897
v 0.007499 0.015934 1.615897
v -0.017022 0.041023 1.606196
v 0.007499 0.039416 1.606196
v -0.013957 0.064304 1.615897
v 0.007499 0.062898 1.615897
v -0.011713 0.081347 1.642401
v 0.007499 0.080088 1.642401
v 0.026710 0.081347 1.642401
v 0.007499 0.086380 1.678606
v 0.025889 0.087586 1.678606
v 0.043964 0.091181 1.678606
v 0.026710 0.081347 1.714811
v 0.045593 0.085104 1.714811
v 0.028954 0.064304 1.741315
v 0.050042 0.068499 1.741315
v 0.032019 0.041023 1.751016
v 0.056120 0.045817 1.751016
v 0.035084 0.017742 1.741315
v 0.062197 0.023135 1.741315
v 0.037328 0.000699 1.714811
v 0.066647 0.006531 1.714811
v 0.038149 -0.005539 1.678606
v 0.068275 0.000453 1.678606
v 0.037328 0.000699 1.642401
v 0.066647 0.006531 1.642401
v 0.035084 0.017742 1.615898
v 0.062197 0.023135 1.615898
v 0.032019 0.041023 1.606196
v 0.056120 0.045817 1.606196
v 0.028954 0.064304 1.615898
v 0.050042 0.068499 1.615897
v 0.070402 0.075410 1.615897
v 0.045593 0.085104 1.642401
v 0.063824 0.091292 1.642401
v 0.081091 0.099807 1.642401
v 0.061416 0.097105 1.678606
v 0.077945 0.105256 1.678606
v 0.063824 0.091292 1.714811
v 0.081091 0.099807 1.714811
v 0.070402 0.075410 1.741315
v 0.089686 0.084920 1.741315
v 0.079389 0.053716 1.751016
v 0.101427 0.064584 1.751016
v 0.088375 0.032021 1.741315
v 0.113168 0.044248 1.741315
v 0.094953 0.016139 1.714811
v 0.121764 0.029361 1.714811
v 0.097361 0.010326 1.678606
v 0.124910 0.023912 1.678606
v 0.094953 0.016139 1.642401
v 0.121764 0.029361 1.642401
v 0.088375 0.032021 1.615897
v 0.113168 0.044248 1.615897
v 0.079389 0.053716 1.606196
v 0.101427 0.064584 1.606196
v 0.121859 0.078236 1.606196
v 0.089686 0.084920 1.615897
v 0.107564 0.096866 1.615897
v 0.123729 0.111043 1.615897
v 0.097099 0.110504 1.642401
v 0.111574 0.123198 1.642401
v 0.093269 0.115495 1.678606
v 0.107125 0.127647 1.678606
v 0.097099 0.110504 1.714811
v 0.111574 0.123198 1.714811
v 0.107564 0.096866 1.741315
v 0.123729 0.111042 1.741315
v 0.121859 0.078236 1.751016
v 0.140334 0.094438 1.751016
v 0.136154 0.059606 1.741315
v 0.156938 0.077834 1.741315
v 0.146619 0.045968 1.714811
v 0.169094 0.065678 1.714811
v 0.150449 0.040977 1.678606
v 0.173543 0.061229 1.678606
v 0.146619 0.045968 1.642401
v 0.169094 0.065678 1.642401
v 0.136154 0.059606 1.615897
v 0.156938 0.077834 1.615897
v 0.175166 0.098618 1.615897
v 0.140334 0.094438 1.606196
v 0.156536 0.112913 1.606196
v 0.170188 0.133345 1.606196
v 0.137906 0.127208 1.615897
v 0.149852 0.145086 1.615898
v 0.124268 0.137673 1.642401
v 0.134965 0.153681 1.642401
v 0.119277 0.141503 1.678606
v 0.129516 0.156827 1.678606
v 0.124268 0.137673 1.714811
v 0.134965 0.153681 1.714811
v 0.137906 0.127208 1.741315
v 0.149852 0.145086 1.741315
v 0.156536 0.112913 1.751016
v 0.170188 0.133345 1.751016
v 0.175166 0.098618 1.741315
v 0.190524 0.121603 1.741315
v 0.188803 0.088153 1.714811
v 0.205411 0.113008 1.714811
v 0.193795 0.084323 1.678606
v 0.210860 0.109862 1.678606
v 0.188803 0.088153 1.642401
v 0.205411 0.113008 1.642401
v 0.218633 0.139819 1.642401
v 0.190524 0.121604 1.615897
v 0.202751 0.146397 1.615898
v 0.211637 0.172575 1.615897
v 0.181056 0.155383 1.606196
v 0.188955 0.178652 1.606196
v 0.159362 0.164370 1.615897
v 0.166273 0.184730 1.615897
v 0.143480 0.170948 1.642401
v 0.149669 0.189179 1.642401
v 0.137667 0.173356 1.678606
v 0.143591 0.190808 1.678606
v 0.143480 0.170948 1.714811
v 0.149669 0.189179 1.714811
v 0.159362 0.164370 1.741315
v 0.166273 0.184730 1.741315
v 0.181056 0.155383 1.751016
v 0.188955 0.178652 1.751016
v 0.202751 0.146397 1.741315
v 0.211637 0.172575 1.741315
v 0.218633 0.139819 1.714811
v 0.228241 0.168126 1.714811
v 0.224446 0.137411 1.678606
v 0.234319 0.166497 1.678606
v 0.228241 0.168125 1.642401
v 0.234073 0.197444 1.642401
v 0.234073 0.197444 1.714811
v 0.217030 0.199688 1.741315
v 0.193749 0.202753 1.751016
v 0.218838 0.227273 1.741315
v 0.153425 0.208062 1.642401
v 0.171538 0.479635 1.638471
v 0.171538 0.479635 1.718923
v 0.171538 0.720991 1.718923
v 0.171538 0.720991 1.638471
v 0.228462 0.479635 1.718923
v 0.228462 0.479635 1.638471
v 0.228462 0.720991 1.638471
v 0.228462 0.720991 1.718923
v 0.171538 0.560087 1.799375
v 0.171538 0.640539 1.799375
v 0.171538 0.640539 1.558019
v 0.171538 0.560087 1.558019
v 0.228462 0.640539 1.558019
v 0.228462 0.560087 1.558019
v 0.228462 0.640539 1.799375
v 0.228462 0.560087 1.799375
v 0.228462 0.640539 1.638471
v 0.228462 0.560087 1.638471
v 0.228462 0.640539 1.718923
v 0.228462 0.560087 1.718923
v 0.171538 0.640539 1.718923
v 0.171538 0.560087 1.718923
v 0.171538 0.640539 1.638471
v 0.171538 0.560087 1.638471
vn 0.5710 0.8196 -0.0464
vn 0.3998 0.9145 -0.0624
vn 0.5710 0.8196 0.0464
vn 0.3998 0.9145 0.0624
vn 0.5792 0.8035 0.1373
vn 0.4109 0.8928 0.1847
vn 0.5954 0.7719 0.2231
vn 0.4325 0.8503 0.2999
vn 0.6188 0.7260 0.3002
vn 0.4640 0.7885 0.4036
vn 0.6486 0.6675 0.3658
vn 0.5041 0.7100 0.4918
vn 0.6836 0.5988 0.4173
vn 0.5512 0.6176 0.5611
vn 0.6035 0.5149 0.6088
vn 0.7225 0.5225 0.4528
vn 0.4615 0.4876 0.7411
vn 0.3978 0.6126 0.6831
vn 0.6590 0.4059 0.6331
vn 0.5291 0.3549 0.7708
vn 0.7157 0.2948 0.6331
vn 0.5980 0.2196 0.7708
vn 0.7712 0.1858 0.6088
vn 0.6657 0.0870 0.7412
vn 0.8236 0.0832 0.5611
vn 0.7294 -0.0380 0.6831
vn 0.8707 -0.0092 0.4918
vn 0.7867 -0.1505 0.5987
vn 0.9107 -0.0878 0.4036
vn 0.8355 -0.2461 0.4913
vn 0.9422 -0.1495 0.2999
vn 0.8738 -0.3213 0.3651
vn 0.7720 -0.4804 0.4162
vn 0.7284 -0.3947 0.5601
vn 0.9002 -0.3730 0.2248
vn 0.8021 -0.5394 0.2563
vn 0.9136 -0.3994 0.0759
vn 0.8174 -0.5695 0.0865
vn 0.9136 -0.3994 -0.0759
vn 0.8174 -0.5695 -0.0865
vn 0.9002 -0.3730 -0.2248
vn 0.8021 -0.5394 -0.2563
vn 0.8738 -0.3213 -0.3651
vn 0.7720 -0.4804 -0.4162
vn 0.8355 -0.2461 -0.4913
vn 0.7284 -0.3947 -0.5601
vn 0.7867 -0.1505 -0.5987
vn 0.6728 -0.2857 -0.6825
vn 0.5333 -0.4098 -0.7400
vn 0.5936 -0.5280 -0.6073
vn 0.6074 -0.1575 -0.7786
vn 0.4624 -0.2708 -0.8443
vn 0.5348 -0.0150 -0.8449
vn 0.3837 -0.1163 -0.9161
vn 0.4577 0.1362 -0.8786
vn 0.3001 0.0477 -0.9527
vn 0.3791 0.2904 -0.8786
vn 0.2149 0.2149 -0.9527
vn 0.3020 0.4416 -0.8449
vn 0.1313 0.3788 -0.9161
vn 0.2294 0.5841 -0.7786
vn 0.0525 0.5333 -0.8443
vn -0.8909 -0.4541 -0.0000
vn -0.0183 0.6723 -0.7400
vn -0.0786 0.7906 -0.6073
vn 0.1085 0.8213 -0.5601
vn 0.1641 0.7123 -0.6825
vn 0.2917 0.8207 -0.4913
vn 0.3404 0.7250 -0.5987
vn 0.2534 0.8958 -0.3651
vn 0.0648 0.9070 -0.4162
vn 0.4325 0.8503 -0.2999
vn 0.4640 0.7885 -0.4036
vn 0.4109 0.8928 -0.1847
vn 0.2270 0.9476 -0.2248
vn 0.5792 0.8035 -0.1374
vn 0.5954 0.7719 -0.2231
vn 0.7255 0.6830 -0.0846
vn 0.7354 0.6635 -0.1374
vn 0.7205 0.6929 -0.0286
vn 0.8421 0.5393 -0.0097
vn 0.8438 0.5359 -0.0286
vn 0.8421 0.5392 0.0097
vn 0.8655 0.4933 -0.0869
vn 0.8736 0.4774 -0.0943
vn 0.8822 0.4605 -0.0980
vn 0.8910 0.4433 -0.0980
vn 0.8996 0.4265 -0.0943
vn 0.9077 0.4106 -0.0869
vn 0.9150 0.3963 -0.0761
vn 0.9212 0.3841 -0.0625
vn 0.9260 0.3745 -0.0464
vn 0.9294 0.3679 -0.0286
vn 0.9311 0.3646 -0.0097
vn 0.9311 0.3646 0.0097
vn 0.9294 0.3680 0.0286
vn 0.9260 0.3745 0.0464
vn 0.9212 0.3841 0.0625
vn 0.9150 0.3963 0.0761
vn 0.9077 0.4106 0.0869
vn 0.8996 0.4265 0.0943
vn 0.8910 0.4433 0.0980
vn 0.8822 0.4605 0.0980
vn 0.8736 0.4774 0.0943
vn 0.8655 0.4933 0.0869
vn 0.8582 0.5076 0.0761
vn 0.8520 0.5198 0.0625
vn 0.8471 0.5293 0.0464
vn 0.8438 0.5359 0.0286
vn 0.8582 0.5076 -0.0761
vn 0.8520 0.5197 -0.0625
vn 0.8471 0.5293 -0.0464
vn 0.7499 0.6352 -0.1850
vn 0.7682 0.5992 -0.2254
vn 0.6188 0.7260 -0.3002
vn 0.6486 0.6675 -0.3658
vn 0.7898 0.5569 -0.2571
vn 0.6836 0.5988 -0.4173
vn 0.8138 0.5098 -0.2790
vn 0.7225 0.5225 -0.4528
vn 0.8392 0.4599 -0.2902
vn 0.7638 0.4414 -0.4709
vn 0.8059 0.3588 -0.4709
vn 0.8652 0.4090 -0.2901
vn 0.8907 0.3590 -0.2790
vn 0.8472 0.2777 -0.4528
vn 0.9146 0.3120 -0.2571
vn 0.8862 0.2013 -0.4173
vn 0.9362 0.2696 -0.2254
vn 0.9212 0.1326 -0.3658
vn 0.9546 0.2336 -0.1850
vn 0.9510 0.0742 -0.3002
vn 0.9690 0.2053 -0.1375
vn 0.9744 0.0283 -0.2231
vn 0.9789 0.1858 -0.0846
vn 0.9905 -0.0033 -0.1374
vn 0.9840 0.1759 -0.0286
vn 0.9987 -0.0195 -0.0463
vn 0.9987 -0.0195 0.0464
vn 0.9840 0.1759 0.0286
vn 0.9789 0.1858 0.0846
vn 0.9905 -0.0033 0.1374
vn 0.9690 0.2053 0.1375
vn 0.9744 0.0283 0.2231
vn 0.9546 0.2336 0.1850
vn 0.9510 0.0742 0.3002
vn 0.9362 0.2696 0.2254
vn 0.9212 0.1326 0.3658
vn 0.9146 0.3120 0.2571
vn 0.8862 0.2014 0.4173
vn 0.8907 0.3590 0.2790
vn 0.8473 0.2777 0.4528
vn 0.8652 0.4089 0.2902
vn 0.8059 0.3587 0.4709
vn 0.7638 0.4414 0.4709
vn 0.8392 0.4599 0.2902
vn 0.8138 0.5098 0.2790
vn 0.9638 -0.1920 0.1847
vn 0.9749 -0.2137 0.0623
vn 0.9749 -0.2137 -0.0623
vn 0.9638 -0.1920 -0.1847
vn 0.9422 -0.1495 -0.2999
vn 0.9107 -0.0878 -0.4036
vn 0.8707 -0.0092 -0.4918
vn 0.8236 0.0832 -0.5611
vn 0.7294 -0.0380 -0.6831
vn 0.6657 0.0870 -0.7412
vn 0.7712 0.1858 -0.6088
vn 0.7157 0.2948 -0.6331
vn 0.5980 0.2196 -0.7708
vn 0.6591 0.4059 -0.6331
vn 0.5291 0.3549 -0.7708
vn 0.6035 0.5149 -0.6088
vn 0.4615 0.4876 -0.7412
vn 0.5512 0.6176 -0.5611
vn 0.3978 0.6126 -0.6831
vn 0.5041 0.7100 -0.4918
vn 0.7255 0.6830 0.0846
vn 0.7204 0.6929 0.0286
vn 0.7355 0.6635 0.1375
vn 0.7499 0.6352 0.1850
vn 0.7682 0.5992 0.2254
vn 0.7898 0.5569 0.2571
vn 0.2135 0.9740 -0.0759
vn 0.0194 0.9961 -0.0865
vn 0.0347 0.9660 -0.2563
vn 0.2135 0.9740 0.0759
vn 0.0194 0.9961 0.0865
vn 0.2270 0.9476 0.2249
vn 0.0347 0.9660 0.2563
vn 0.2533 0.8958 0.3651
vn 0.0648 0.9070 0.4162
vn 0.2917 0.8207 0.4913
vn 0.1085 0.8213 0.5601
vn 0.3404 0.7250 0.5987
vn 0.1641 0.7123 0.6825
vn -0.0183 0.6723 0.7400
vn -0.0786 0.7906 0.6073
vn 0.2294 0.5841 0.7786
vn 0.0525 0.5333 0.8443
vn 0.3020 0.4416 0.8448
vn 0.1313 0.3789 0.9161
vn 0.3791 0.2904 0.8786
vn 0.2149 0.2149 0.9527
vn 0.4577 0.1362 0.8786
vn 0.3001 0.0476 0.9527
vn 0.5348 -0.0150 0.8449
vn 0.3837 -0.1163 0.9161
vn 0.6074 -0.1575 0.7786
vn 0.4624 -0.2708 0.8443
vn 0.6728 -0.2857 0.6825
vn 0.5333 -0.4098 0.7400
vn 0.5936 -0.5281 0.6073
vn 0.6409 -0.6210 0.4513
vn 0.6735 -0.6849 0.2779
vn 0.6902 -0.7176 0.0938
vn 0.6902 -0.7176 -0.0938
vn 0.6735 -0.6849 -0.2779
vn 0.6409 -0.6210 -0.4513
vn -0.1260 0.8835 0.4513
vn -0.1586 0.9474 0.2779
vn -0.1752 0.9801 0.0938
vn -0.1752 0.9801 -0.0938
vn -0.1586 0.9474 -0.2779
vn -0.1260 0.8834 -0.4513
vn 0.4256 -0.8425 0.3302
vn -0.2283 -0.9134 -0.3370
vn -0.4231 -0.8895 -0.1725
vn 0.4662 -0.8847 -0.0000
vn -0.5148 -0.8573 -0.0000
vn 0.4999 -0.8658 0.0234
vn -0.0000 -1.0000 -0.0000
vn -0.0000 -0.9988 0.0481
vn 0.0583 -0.9983 -0.0000
vn 0.0301 -0.9993 0.0233
vn -0.5462 -0.8377 -0.0000
vn 0.0478 -0.9210 0.3866
vn -0.5280 -0.7440 0.4096
vn 0.5148 -0.8573 -0.0000
vn 0.4231 -0.8895 -0.1725
vn 0.2283 -0.9134 -0.3370
vn 0.5608 -0.0000 -0.8280
vn 0.9260 -0.0000 -0.3775
vn 1.0000 -0.0000 -0.0000
vn 0.9260 -0.0000 0.3775
vn 0.5608 -0.0000 0.8280
vn -0.0000 -0.0000 1.0000
vn -0.5608 -0.0000 0.8280
vn -0.9260 -0.0000 0.3775
vn -1.0000 -0.0000 -0.0000
vn -0.9260 -0.0000 -0.3775
vn -0.7534 0.6576 -0.0000
vn -0.6481 0.7143 -0.2642
vn 0.5228 0.8524 -0.0000
vn 0.4692 0.8046 0.3640
vn -0.0000 1.0000 -0.0000
vn -0.0000 0.9030 0.4297
vn -0.3632 0.7619 -0.5363
vn -0.0000 0.7474 -0.6643
vn -0.4692 0.8046 0.3640
vn 0.3632 0.7619 -0.5363
vn -0.0000 -0.0000 -1.0000
vn 0.6481 0.7143 -0.2642
vn 0.7534 0.6576 -0.0000
vn 0.6481 0.7143 0.2642
vn 0.3632 0.7619 0.5363
vn -0.0000 0.7474 0.6643
vn -0.3632 0.7619 0.5363
vn -0.6481 0.7143 0.2642
vn 0.4692 0.8046 -0.3640
vn -0.0000 0.9030 -0.4297
vn -0.4692 0.8046 -0.3640
vn -0.5228 0.8524 -0.0000
vn -0.0000 -0.9064 -0.4223
vn -0.0000 -0.9398 0.3417
vn -0.5608 -0.0000 -0.8280
vn -0.4231 -0.8895 0.1725
vn -0.2283 -0.9134 0.3370
vn 0.5280 -0.7440 -0.4096
vn -0.0000 -0.8923 -0.4514
vn -0.0000 -0.9064 0.4223
vn 0.2283 -0.9134 0.3370
vn -0.5280 -0.7440 -0.4096
vn 0.4231 -0.8895 0.1725
vn -0.7179 0.6962 -0.0000
vn -0.9952 0.0980 -0.0000
vn -0.8386 -0.5447 -0.0000
vn 0.9952 -0.0980 -0.0000
vn 0.9569 -0.2903 -0.0000
vn 0.9952 0.0980 -0.0000
vn 0.9569 0.2903 -0.0000
vn 0.8819 0.4714 -0.0000
vn 0.7730 0.6344 -0.0000
vn 0.6344 0.7730 -0.0000
vn 0.4714 0.8819 -0.0000
vn 0.2903 0.9569 -0.0000
vn 0.0980 0.9952 -0.0000
vn -0.0980 0.9952 -0.0000
vn -0.2903 0.9569 -0.0000
vn -0.4714 0.8819 -0.0000
vn -0.6344 0.7730 -0.0000
vn -0.7730 0.6344 -0.0000
vn -0.8819 0.4714 -0.0000
vn -0.9569 0.2903 -0.0000
vn -0.9952 -0.0980 -0.0000
vn -0.9569 -0.2903 -0.0000
vn -0.8819 -0.4714 -0.0000
vn -0.7730 -0.6344 -0.0000
vn -0.6344 -0.7730 -0.0000
vn -0.4714 -0.8819 -0.0000
vn -0.2903 -0.9569 -0.0000
vn -0.0980 -0.9952 -0.0000
vn 0.0980 -0.9952 -0.0000
vn 0.2903 -0.9569 -0.0000
vn 0.4714 -0.8819 -0.0000
vn 0.6344 -0.7730 -0.0000
vn 0.7730 -0.6344 -0.0000
vn 0.8819 -0.4714 -0.0000
vn -0.9781 0.2080 -0.0000
vn -0.0046 1.0000 -0.0000
vn 0.6967 0.7173 -0.0000
vn -0.5412 0.8409 -0.0000
vn 0.9999 0.0168 -0.0000
vn 0.2128 0.9771 -0.0000
vn 0.7207 -0.6933 -0.0000
vn 0.8411 0.5409 -0.0000
vn 0.0221 -0.9998 -0.0000
vn 0.9768 -0.2143 -0.0000
vn -0.6900 -0.7238 -0.0000
vn 0.5517 -0.8340 -0.0000
vn -0.9999 -0.0131 -0.0000
vn -0.2215 -0.9752 -0.0000
vn -0.0000 0.0111 0.9999
vn -0.0000 0.9999 -0.0111
vn -0.0000 -0.0111 -0.9999
vn -0.0000 -0.9999 0.0111
vn 0.9952 -0.0980 0.0011
vn 0.7179 -0.6961 0.0077
vn 0.8386 0.5446 -0.0060
vn 0.8819 -0.4714 0.0052
vn 0.0046 -0.9999 0.0111
vn 0.6344 -0.7730 0.0086
vn 0.9781 -0.2080 0.0023
vn 0.2903 -0.9569 0.0106
vn -0.6967 -0.7173 0.0080
vn -0.0980 -0.9951 0.0110
vn 0.5412 -0.8408 0.0093
vn -0.4714 -0.8819 0.0098
vn -0.9999 -0.0168 0.0002
vn -0.7730 -0.6343 0.0070
vn -0.2128 -0.9770 0.0108
vn -0.9569 -0.2902 0.0032
vn -0.7207 0.6932 -0.0077
vn -0.9952 0.0980 -0.0011
vn -0.8411 -0.5409 0.0060
vn -0.8819 0.4714 -0.0052
vn -0.0220 0.9997 -0.0111
vn -0.6344 0.7730 -0.0086
vn -0.9768 0.2143 -0.0024
vn -0.2903 0.9569 -0.0106
vn 0.6900 0.7238 -0.0080
vn 0.0980 0.9951 -0.0110
vn 0.0980 -0.9951 0.0110
vn 0.4713 -0.8819 0.0098
vn 0.7730 -0.6344 0.0070
vn 0.8820 -0.4713 0.0052
vn 0.9569 -0.2903 0.0032
vn 0.9952 -0.0979 0.0011
vn 0.9952 0.0979 -0.0011
vn 0.9569 0.2903 -0.0032
vn 0.8820 0.4713 -0.0052
vn 0.7730 0.6344 -0.0070
vn 0.6344 0.7730 -0.0086
vn 0.4713 0.8819 -0.0098
vn 0.2903 0.9569 -0.0106
vn -0.0980 0.9951 -0.0110
vn -0.4713 0.8819 -0.0098
vn -0.6344 0.7730 -0.0085
vn -0.7730 0.6344 -0.0070
vn -0.8820 0.4713 -0.0052
vn -0.9569 0.2903 -0.0032
vn -0.9952 -0.0979 0.0011
vn -0.9569 -0.2903 0.0032
vn -0.8820 -0.4713 0.0052
vn -0.7730 -0.6344 0.0070
vn -0.6344 -0.7730 0.0086
vn -0.4713 -0.8819 0.0098
vn -0.2903 -0.9569 0.0106
vn -0.5517 0.8340 -0.0092
vn 0.4714 0.8819 -0.0098
vn 0.9999 0.0131 -0.0001
vn 0.7730 0.6343 -0.0070
vn 0.2215 0.9751 -0.0108
vn 0.9569 0.2902 -0.0032
vn -0.6967 -0.7173 0.0079
vn -0.9768 0.2142 -0.0024
vn -0.9952 0.0979 -0.0011
vn 0.9952 0.0980 -0.0011
vn 0.9832 -0.0644 -0.1709
vn 0.9832 0.0644 -0.1709
vn 0.9832 -0.0644 0.1709
vn 0.9832 0.0644 0.1709
vn 0.9664 0.1922 -0.1709
vn 0.9664 0.1922 0.1709
vn 0.8234 0.1638 0.5433
vn 0.8377 0.0549 0.5433
vn 0.7950 0.2699 0.5433
vn 0.9330 0.3167 0.1709
vn 0.7529 0.3713 0.5433
vn 0.8837 0.4358 0.1709
vn 0.8837 0.4358 -0.1709
vn 0.9330 0.3167 -0.1709
vn 0.7529 0.3713 -0.5433
vn 0.7950 0.2699 -0.5433
vn 0.8234 0.1638 -0.5433
vn 0.3622 0.1230 -0.9239
vn 0.3752 0.0746 -0.9239
vn 0.8377 0.0549 -0.5433
vn 0.3817 0.0250 -0.9239
vn 0.8377 -0.0549 -0.5433
vn 0.3817 -0.0250 -0.9239
vn -0.3817 0.0250 -0.9239
vn -0.3817 -0.0250 -0.9239
vn -0.8377 0.0549 -0.5433
vn -0.8377 -0.0549 -0.5433
vn -0.3752 -0.0746 -0.9239
vn -0.8234 -0.1638 -0.5433
vn -0.9664 -0.1922 -0.1709
vn -0.9832 -0.0644 -0.1709
vn -0.9664 -0.1922 0.1709
vn -0.9832 -0.0644 0.1709
vn -0.9832 0.0644 -0.1709
vn -0.9832 0.0644 0.1709
vn -0.8377 0.0549 0.5433
vn -0.8377 -0.0549 0.5433
vn -0.3817 0.0250 0.9239
vn -0.3817 -0.0250 0.9239
vn -0.8234 -0.1638 0.5433
vn -0.3752 -0.0746 0.9239
vn 0.3752 0.0746 0.9239
vn 0.3817 0.0250 0.9239
vn -0.3622 -0.1230 0.9239
vn 0.3622 0.1230 0.9239
vn -0.3431 -0.1692 0.9239
vn 0.3431 0.1692 0.9239
vn -0.3181 -0.2125 0.9239
vn 0.3181 0.2125 0.9239
vn 0.6980 0.4664 0.5433
vn 0.2876 0.2522 0.9239
vn 0.6312 0.5535 0.5433
vn 0.7408 0.6496 0.1709
vn 0.8192 0.5474 0.1709
vn 0.7408 0.6497 -0.1709
vn 0.8192 0.5474 -0.1709
vn 0.6312 0.5535 -0.5433
vn 0.6980 0.4664 -0.5433
vn 0.2876 0.2522 -0.9239
vn 0.3181 0.2125 -0.9239
vn 0.3431 0.1692 -0.9239
vn -0.3181 -0.2125 -0.9239
vn -0.3431 -0.1692 -0.9239
vn -0.3622 -0.1230 -0.9239
vn -0.7529 -0.3713 -0.5433
vn -0.7950 -0.2699 -0.5433
vn -0.8837 -0.4358 -0.1709
vn -0.9330 -0.3167 -0.1709
vn -0.8837 -0.4358 0.1709
vn -0.9330 -0.3167 0.1709
vn -0.7529 -0.3713 0.5433
vn -0.7950 -0.2699 0.5433
vn -0.8192 -0.5474 0.1709
vn -0.6980 -0.4664 0.5433
vn -0.7408 -0.6497 0.1709
vn -0.6312 -0.5535 0.5433
vn -0.2876 -0.2522 0.9239
vn -0.5535 -0.6312 0.5433
vn -0.2522 -0.2876 0.9239
vn 0.2522 0.2876 0.9239
vn -0.2125 -0.3181 0.9239
vn 0.2125 0.3181 0.9239
vn 0.4664 0.6980 0.5433
vn 0.5535 0.6312 0.5433
vn 0.5474 0.8192 0.1709
vn 0.6496 0.7408 0.1709
vn 0.5474 0.8192 -0.1709
vn 0.6497 0.7408 -0.1709
vn 0.4664 0.6980 -0.5433
vn 0.5535 0.6312 -0.5433
vn 0.2125 0.3180 -0.9239
vn 0.2522 0.2876 -0.9239
vn -0.2125 -0.3181 -0.9239
vn -0.2522 -0.2876 -0.9239
vn -0.2876 -0.2522 -0.9239
vn -0.5535 -0.6312 -0.5433
vn -0.6312 -0.5535 -0.5433
vn -0.6980 -0.4664 -0.5433
vn -0.7408 -0.6496 -0.1709
vn -0.8192 -0.5474 -0.1709
vn -0.6496 -0.7408 -0.1709
vn -0.6496 -0.7408 0.1709
vn -0.5474 -0.8192 -0.1709
vn -0.5474 -0.8192 0.1709
vn -0.4664 -0.6980 0.5433
vn -0.4358 -0.8837 0.1709
vn -0.3713 -0.7529 0.5433
vn -0.1692 -0.3431 0.9239
vn -0.2699 -0.7950 0.5433
vn -0.1230 -0.3622 0.9239
vn 0.1230 0.3622 0.9239
vn 0.1692 0.3431 0.9239
vn 0.2699 0.7950 0.5433
vn 0.3713 0.7529 0.5433
vn 0.3167 0.9330 0.1709
vn 0.4358 0.8837 0.1709
vn 0.3167 0.9330 -0.1709
vn 0.4358 0.8837 -0.1709
vn 0.2699 0.7950 -0.5433
vn 0.3713 0.7529 -0.5433
vn 0.1230 0.3622 -0.9239
vn 0.1692 0.3431 -0.9239
vn -0.1230 -0.3622 -0.9239
vn -0.1692 -0.3431 -0.9239
vn -0.2699 -0.7950 -0.5433
vn -0.3713 -0.7529 -0.5433
vn -0.4664 -0.6980 -0.5433
vn -0.4358 -0.8837 -0.1709
vn -0.3167 -0.9330 -0.1709
vn -0.3167 -0.9330 0.1709
vn -0.1922 -0.9664 -0.1709
vn -0.1922 -0.9664 0.1709
vn -0.1638 -0.8234 0.5433
vn -0.0644 -0.9832 0.1709
vn -0.0549 -0.8377 0.5433
vn -0.0250 -0.3817 0.9239
vn -0.0746 -0.3752 0.9239
vn 0.0250 0.3817 0.9239
vn 0.0746 0.3752 0.9239
vn 0.0549 0.8377 0.5433
vn 0.1638 0.8234 0.5433
vn 0.0644 0.9832 0.1709
vn 0.1922 0.9664 0.1709
vn 0.0644 0.9832 -0.1709
vn 0.1922 0.9664 -0.1709
vn 0.0549 0.8377 -0.5433
vn 0.1638 0.8234 -0.5433
vn 0.0250 0.3817 -0.9239
vn 0.0746 0.3752 -0.9239
vn -0.0250 -0.3817 -0.9239
vn -0.0746 -0.3752 -0.9239
vn -0.0549 -0.8377 -0.5433
vn -0.1638 -0.8234 -0.5433
vn -0.0644 -0.9832 -0.1709
vn 0.0549 -0.8377 -0.5433
vn 0.0644 -0.9832 -0.1709
vn 0.0644 -0.9832 0.1709
vn 0.1922 -0.9664 -0.1709
vn 0.1922 -0.9664 0.1709
vn 0.1638 -0.8234 0.5433
vn 0.0549 -0.8377 0.5433
vn 0.0746 -0.3752 0.9239
vn 0.0250 -0.3817 0.9239
vn -0.0746 0.3752 0.9239
vn -0.0250 0.3817 0.9239
vn -0.1638 0.8234 0.5433
vn -0.0549 0.8377 0.5433
vn -0.1922 0.9664 0.1709
vn -0.0644 0.9832 0.1709
vn -0.1922 0.9664 -0.1709
vn -0.0644 0.9832 -0.1709
vn -0.1638 0.8234 -0.5433
vn -0.0549 0.8377 -0.5433
vn -0.0746 0.3752 -0.9239
vn -0.0250 0.3817 -0.9239
vn 0.0746 -0.3752 -0.9239
vn 0.0250 -0.3817 -0.9239
vn 0.1638 -0.8234 -0.5433
vn 0.1230 -0.3622 -0.9239
vn 0.2699 -0.7950 -0.5433
vn 0.3167 -0.9330 -0.1709
vn 0.3713 -0.7529 -0.5433
vn 0.4358 -0.8837 -0.1709
vn 0.4358 -0.8837 0.1709
vn 0.3167 -0.9330 0.1709
vn 0.3713 -0.7529 0.5433
vn 0.2699 -0.7950 0.5433
vn 0.1692 -0.3431 0.9239
vn 0.1230 -0.3622 0.9239
vn -0.1692 0.3431 0.9239
vn -0.1230 0.3622 0.9239
vn -0.3713 0.7529 0.5433
vn -0.2699 0.7950 0.5433
vn -0.4358 0.8837 0.1709
vn -0.3167 0.9330 0.1709
vn -0.4358 0.8837 -0.1709
vn -0.3167 0.9330 -0.1709
vn -0.3713 0.7529 -0.5433
vn -0.2699 0.7950 -0.5433
vn -0.1692 0.3431 -0.9239
vn -0.1230 0.3622 -0.9239
vn 0.1692 -0.3431 -0.9239
vn -0.2125 0.3181 -0.9239
vn 0.2125 -0.3181 -0.9239
vn 0.4664 -0.6980 -0.5433
vn 0.2522 -0.2876 -0.9239
vn 0.5535 -0.6312 -0.5433
vn 0.6497 -0.7408 -0.1709
vn 0.5474 -0.8192 -0.1709
vn 0.6496 -0.7408 0.1709
vn 0.5474 -0.8192 0.1709
vn 0.5535 -0.6312 0.5433
vn 0.4664 -0.6980 0.5433
vn 0.2522 -0.2876 0.9239
vn 0.2125 -0.3181 0.9239
vn -0.2522 0.2876 0.9239
vn -0.2125 0.3181 0.9239
vn -0.5535 0.6312 0.5433
vn -0.4664 0.6980 0.5433
vn -0.6496 0.7408 0.1709
vn -0.5474 0.8192 0.1709
vn -0.6497 0.7408 -0.1709
vn -0.5474 0.8192 -0.1709
vn -0.5535 0.6312 -0.5433
vn -0.4664 0.6980 -0.5433
vn -0.2522 0.2876 -0.9239
vn -0.6312 0.5535 -0.5433
vn -0.2876 0.2522 -0.9239
vn 0.2876 -0.2522 -0.9239
vn -0.3181 0.2125 -0.9239
vn 0.3181 -0.2125 -0.9239
vn 0.6980 -0.4664 -0.5433
vn 0.6312 -0.5535 -0.5433
vn 0.8192 -0.5474 -0.1709
vn 0.7408 -0.6496 -0.1709
vn 0.8192 -0.5474 0.1709
vn 0.7408 -0.6496 0.1709
vn 0.6980 -0.4664 0.5433
vn 0.6312 -0.5535 0.5433
vn 0.3181 -0.2125 0.9239
vn 0.2876 -0.2522 0.9239
vn -0.3181 0.2125 0.9239
vn -0.2876 0.2522 0.9239
vn -0.6980 0.4664 0.5433
vn -0.6312 0.5535 0.5433
vn -0.8192 0.5474 0.1709
vn -0.7408 0.6496 0.1709
vn -0.8192 0.5474 -0.1709
vn -0.7408 0.6497 -0.1709
vn -0.6980 0.4664 -0.5433
vn -0.8837 0.4358 -0.1709
vn -0.7529 0.3713 -0.5433
vn -0.3431 0.1692 -0.9239
vn -0.7950 0.2699 -0.5433
vn -0.3622 0.1230 -0.9239
vn 0.3622 -0.1230 -0.9239
vn 0.3431 -0.1692 -0.9239
vn 0.7950 -0.2699 -0.5433
vn 0.7529 -0.3713 -0.5433
vn 0.9330 -0.3167 -0.1709
vn 0.8837 -0.4358 -0.1709
vn 0.9330 -0.3167 0.1709
vn 0.8837 -0.4358 0.1709
vn 0.7950 -0.2699 0.5433
vn 0.7529 -0.3713 0.5433
vn 0.3622 -0.1230 0.9239
vn 0.3431 -0.1692 0.9239
vn -0.3622 0.1230 0.9239
vn -0.3431 0.1692 0.9239
vn -0.7950 0.2699 0.5433
vn -0.7529 0.3713 0.5433
vn -0.9330 0.3167 0.1709
vn -0.8837 0.4358 0.1709
vn -0.9330 0.3167 -0.1709
vn -0.9664 0.1922 -0.1709
vn -0.9664 0.1922 0.1709
vn -0.8234 0.1638 -0.5433
vn -0.3752 0.0746 -0.9239
vn 0.3752 -0.0746 -0.9239
vn 0.8234 -0.1638 -0.5433
vn 0.9664 -0.1922 -0.1709
vn 0.9664 -0.1922 0.1709
vn 0.8377 -0.0549 0.5433
vn 0.8234 -0.1638 0.5433
vn 0.3817 -0.0250 0.9239
vn 0.3752 -0.0746 0.9239
vn -0.3752 0.0746 0.9239
vn -0.8234 0.1638 0.5433
vn -0.7408 -0.6496 0.1709
vn -0.7408 -0.6497 -0.1709
vn 0.7408 0.6496 -0.1709
vn 0.2125 0.3181 -0.9239
vn 0.6496 0.7408 -0.1709
vn -0.6496 0.7408 -0.1709
vn 0.6497 -0.7408 0.1709
vn -0.7408 0.6496 -0.1709
vn -0.7408 0.6497 0.1709
vn 0.7408 -0.6497 0.1709
vn -0.0000 -0.7071 0.7071
vn -0.0000 -0.7071 -0.7071
vn -0.0000 0.7071 -0.7071
vn -0.0000 0.7071 0.7071
vt 0.750000 0.812500
vt 0.750000 0.875000
vt 0.718750 0.875000
vt 0.718750 0.812500
vt 0.750000 0.750000
vt 0.718750 0.750000
vt 0.781250 0.812500
vt 0.781250 0.875000
vt 0.781250 0.750000
vt 0.812500 0.812500
vt 0.812500 0.875000
vt 0.812500 0.750000
vt 0.843750 0.812500
vt 0.843750 0.875000
vt 0.843750 0.750000
vt 0.875000 0.812500
vt 0.875000 0.875000
vt 0.875000 0.750000
vt 0.906250 0.812500
vt 0.906250 0.875000
vt 0.906250 0.750000
vt 0.937500 0.812500
vt 0.937500 0.875000
vt 0.937500 0.750000
vt 0.968750 0.750000
vt 0.968750 0.812500
vt 0.968750 0.875000
vt 0.968750 0.687500
vt 0.937500 0.687500
vt 0.906250 0.687500
vt 1.000000 0.750000
vt 1.000000 0.812500
vt 1.000000 0.687500
vt 0.031250 0.750000
vt 0.031250 0.812500
vt 0.000000 0.812500
vt 0.000000 0.750000
vt 0.031250 0.687500
vt 0.000000 0.687500
vt 0.062500 0.750000
vt 0.062500 0.812500
vt 0.062500 0.687500
vt 0.093750 0.750000
vt 0.093750 0.812500
vt 0.093750 0.687500
vt 0.125000 0.750000
vt 0.125000 0.812500
vt 0.125000 0.687500
vt 0.156250 0.750000
vt 0.156250 0.812500
vt 0.156250 0.687500
vt 0.187500 0.750000
vt 0.187500 0.812500
vt 0.187500 0.687500
vt 0.187500 0.625000
vt 0.156250 0.625000
vt 0.125000 0.625000
vt 0.218750 0.687500
vt 0.218750 0.750000
vt 0.218750 0.625000
vt 0.250000 0.687500
vt 0.250000 0.750000
vt 0.250000 0.625000
vt 0.281250 0.687500
vt 0.281250 0.750000
vt 0.281250 0.625000
vt 0.312500 0.687500
vt 0.312500 0.750000
vt 0.312500 0.625000
vt 0.343750 0.687500
vt 0.343750 0.750000
vt 0.343750 0.625000
vt 0.375000 0.687500
vt 0.375000 0.750000
vt 0.375000 0.625000
vt 0.406250 0.687500
vt 0.406250 0.750000
vt 0.406250 0.625000
vt 0.406250 0.562500
vt 0.375000 0.562500
vt 0.343750 0.562500
vt 0.437500 0.625000
vt 0.437500 0.687500
vt 0.437500 0.562500
vt 0.468750 0.625000
vt 0.468750 0.687500
vt 0.468750 0.562500
vt 0.500000 0.625000
vt 0.500000 0.687500
vt 0.500000 0.562500
vt 0.531250 0.625000
vt 0.531250 0.687500
vt 0.531250 0.562500
vt 0.562500 0.625000
vt 0.562500 0.687500
vt 0.562500 0.562500
vt 0.593750 0.625000
vt 0.593750 0.687500
vt 0.593750 0.562500
vt 0.750000 0.562500
vt 0.718750 0.562500
vt 0.687500 0.562500
vt 0.656250 0.562500
vt 0.625000 0.562500
vt 0.312500 0.562500
vt 0.281250 0.562500
vt 0.250000 0.562500
vt 0.218750 0.562500
vt 0.187500 0.562500
vt 0.156250 0.562500
vt 0.125000 0.562500
vt 0.093750 0.562500
vt 0.062500 0.562500
vt 0.031250 0.562500
vt 1.000000 0.562500
vt 0.968750 0.562500
vt 0.937500 0.562500
vt 0.906250 0.562500
vt 0.875000 0.562500
vt 0.843750 0.562500
vt 0.812500 0.562500
vt 0.781250 0.562500
vt 0.625000 0.625000
vt 0.656250 0.625000
vt 0.656250 0.687500
vt 0.625000 0.687500
vt 0.656250 0.750000
vt 0.625000 0.750000
vt 0.593750 0.750000
vt 0.687500 0.687500
vt 0.687500 0.750000
vt 0.687500 0.625000
vt 0.687500 0.812500
vt 0.656250 0.812500
vt 0.625000 0.812500
vt 0.718750 0.687500
vt 0.687500 0.875000
vt 0.656250 0.875000
vt 0.718750 0.937500
vt 0.687500 0.937500
vt 0.656250 0.937500
vt 0.750000 0.937500
vt 0.734375 1.000000
vt 0.703125 1.000000
vt 0.781250 0.937500
vt 0.765625 1.000000
vt 0.593750 0.937500
vt 0.578125 1.000000
vt 0.562500 0.937500
vt 0.546875 1.000000
vt 0.531250 0.937500
vt 0.515625 1.000000
vt 0.500000 0.937500
vt 0.484375 1.000000
vt 0.468750 0.937500
vt 0.453125 1.000000
vt 0.437500 0.937500
vt 0.421875 1.000000
vt 0.406250 0.937500
vt 0.390625 1.000000
vt 0.375000 0.937500
vt 0.359375 1.000000
vt 0.343750 0.937500
vt 0.328125 1.000000
vt 0.312500 0.937500
vt 0.296875 1.000000
vt 0.281250 0.937500
vt 0.265625 1.000000
vt 0.250000 0.937500
vt 0.234375 1.000000
vt 0.218750 0.937500
vt 0.203125 1.000000
vt 0.187500 0.937500
vt 0.171875 1.000000
vt 0.156250 0.937500
vt 0.140625 1.000000
vt 0.125000 0.937500
vt 0.109375 1.000000
vt 0.093750 0.937500
vt 0.078125 1.000000
vt 0.062500 0.937500
vt 0.046875 1.000000
vt 0.031250 0.937500
vt 0.015625 1.000000
vt 0.000000 0.937500
vt 1.000000 0.937500
vt 0.984375 1.000000
vt 0.968750 0.937500
vt 0.953125 1.000000
vt 0.937500 0.937500
vt 0.921875 1.000000
vt 0.906250 0.937500
vt 0.890625 1.000000
vt 0.875000 0.937500
vt 0.859375 1.000000
vt 0.843750 0.937500
vt 0.828125 1.000000
vt 0.812500 0.937500
vt 0.796875 1.000000
vt 0.625000 0.937500
vt 0.609375 1.000000
vt 0.640625 1.000000
vt 0.671875 1.000000
vt 0.625000 0.875000
vt 0.593750 0.875000
vt 0.593750 0.812500
vt 0.562500 0.875000
vt 0.562500 0.812500
vt 0.531250 0.875000
vt 0.531250 0.812500
vt 0.500000 0.875000
vt 0.500000 0.812500
vt 0.468750 0.875000
vt 0.468750 0.812500
vt 0.437500 0.875000
vt 0.437500 0.812500
vt 0.406250 0.875000
vt 0.406250 0.812500
vt 0.375000 0.875000
vt 0.375000 0.812500
vt 0.343750 0.875000
vt 0.343750 0.812500
vt 0.312500 0.875000
vt 0.312500 0.812500
vt 0.281250 0.875000
vt 0.281250 0.812500
vt 0.250000 0.875000
vt 0.250000 0.812500
vt 0.218750 0.875000
vt 0.218750 0.812500
vt 0.187500 0.875000
vt 0.156250 0.875000
vt 0.125000 0.875000
vt 0.093750 0.875000
vt 0.062500 0.875000
vt 0.031250 0.875000
vt 0.000000 0.875000
vt 1.000000 0.875000
vt 0.437500 0.750000
vt 0.468750 0.750000
vt 0.500000 0.750000
vt 0.531250 0.750000
vt 0.562500 0.750000
vt 0.750000 0.687500
vt 0.750000 0.625000
vt 0.718750 0.625000
vt 0.781250 0.687500
vt 0.781250 0.625000
vt 0.812500 0.687500
vt 0.812500 0.625000
vt 0.843750 0.687500
vt 0.843750 0.625000
vt 0.875000 0.687500
vt 0.875000 0.625000
vt 0.906250 0.625000
vt 0.937500 0.625000
vt 0.968750 0.625000
vt 1.000000 0.625000
vt 0.031250 0.625000
vt 0.000000 0.625000
vt 0.000000 0.562500
vt 0.062500 0.625000
vt 0.093750 0.625000
vt 0.375000 0.000000
vt 0.436538 0.000000
vt 0.436538 0.062500
vt 0.375000 0.062500
vt 0.436538 0.937500
vt 0.436538 1.000000
vt 0.375000 1.000000
vt 0.436538 0.875000
vt 0.436538 0.812500
vt 0.250000 0.500000
vt 0.312500 0.500000
vt 0.187500 0.500000
vt 0.125000 0.500000
vt 0.375000 0.312500
vt 0.436538 0.312500
vt 0.436538 0.375000
vt 0.375000 0.375000
vt 0.375000 0.250000
vt 0.436538 0.250000
vt 0.375000 0.187500
vt 0.436538 0.187500
vt 0.467788 0.187500
vt 0.467788 0.250000
vt 0.467788 0.312500
vt 0.499038 0.187500
vt 0.499038 0.250000
vt 0.499038 0.312500
vt 0.467788 0.375000
vt 0.499038 0.375000
vt 0.467788 0.437500
vt 0.436538 0.437500
vt 0.499038 0.437500
vt 0.467788 0.500000
vt 0.436538 0.500000
vt 0.499038 0.500000
vt 0.467788 0.562500
vt 0.436538 0.562500
vt 0.499038 0.562500
vt 0.467788 0.625000
vt 0.436538 0.625000
vt 0.499038 0.625000
vt 0.467788 0.687500
vt 0.436538 0.687500
vt 0.499038 0.687500
vt 0.467788 0.750000
vt 0.436538 0.750000
vt 0.499038 0.750000
vt 0.467788 0.812500
vt 0.499038 0.812500
vt 0.467788 0.875000
vt 0.499038 0.875000
vt 0.467788 0.937500
vt 0.499038 0.937500
vt 0.467788 1.000000
vt 0.499038 1.000000
vt 0.561538 0.937500
vt 0.561538 1.000000
vt 0.561538 0.875000
vt 0.625000 1.000000
vt 0.561538 0.000000
vt 0.625000 0.000000
vt 0.625000 0.062500
vt 0.561538 0.062500
vt 0.625000 0.125000
vt 0.561538 0.125000
vt 0.625000 0.187500
vt 0.561538 0.187500
vt 0.812500 0.500000
vt 0.875000 0.500000
vt 0.625000 0.250000
vt 0.561538 0.250000
vt 0.499038 0.125000
vt 0.625000 0.312500
vt 0.561538 0.312500
vt 0.561538 0.375000
vt 0.625000 0.375000
vt 0.561538 0.437500
vt 0.625000 0.437500
vt 0.625000 0.500000
vt 0.561538 0.500000
vt 0.561538 0.562500
vt 0.561538 0.625000
vt 0.561538 0.687500
vt 0.561538 0.750000
vt 0.561538 0.812500
vt 0.687500 0.500000
vt 0.750000 0.500000
vt 0.467788 0.125000
vt 0.499038 0.062500
vt 0.467788 0.062500
vt 0.436538 0.125000
vt 0.375000 0.125000
vt 0.467788 0.000000
vt 0.499038 0.000000
vt 0.375000 0.500000
vt 0.375000 0.437500
vt 0.729944 0.350293
vt 0.703178 0.485388
vt 0.750000 0.490000
vt 0.796822 0.485388
vt 0.841844 0.471731
vt 0.883337 0.449553
vt 0.919706 0.419706
vt 0.949553 0.383337
vt 0.971731 0.341844
vt 0.985388 0.296822
vt 0.990000 0.250000
vt 0.852127 0.249941
vt 0.850178 0.269786
vt 0.844243 0.288932
vt 0.834736 0.306690
vt 0.822091 0.322264
vt 0.806658 0.334934
vt 0.788942 0.344290
vt 0.769707 0.350145
vt 0.749795 0.352237
vt 1.000000 0.500000
vt 1.000000 1.000000
vt 0.968750 1.000000
vt 0.968750 0.500000
vt 0.031250 0.500000
vt 0.031250 1.000000
vt 0.000000 1.000000
vt 0.000000 0.500000
vt 0.985388 0.203178
vt 0.971731 0.158156
vt 0.949553 0.116663
vt 0.919706 0.080294
vt 0.883337 0.050447
vt 0.841844 0.028269
vt 0.796822 0.014612
vt 0.750000 0.010000
vt 0.703178 0.014612
vt 0.658156 0.028269
vt 0.616663 0.050447
vt 0.580294 0.080294
vt 0.550447 0.116663
vt 0.528269 0.158156
vt 0.514612 0.203178
vt 0.510000 0.250000
vt 0.514612 0.296822
vt 0.528269 0.341844
vt 0.550447 0.383337
vt 0.580294 0.419706
vt 0.616663 0.449553
vt 0.658156 0.471731
vt 0.710800 0.344377
vt 0.693048 0.334900
vt 0.677485 0.322282
vt 0.664842 0.306859
vt 0.655527 0.289132
vt 0.649720 0.269879
vt 0.647671 0.249953
vt 0.649648 0.230105
vt 0.655587 0.210978
vt 0.665078 0.193251
vt 0.677700 0.177706
vt 0.693115 0.165062
vt 0.710824 0.155729
vt 0.730056 0.149898
vt 0.749961 0.147824
vt 0.769794 0.149776
vt 0.788910 0.155691
vt 0.806630 0.165159
vt 0.822175 0.177758
vt 0.834829 0.193150
vt 0.844181 0.210833
vt 0.850035 0.230044
vt 0.062500 0.500000
vt 0.062500 1.000000
vt 0.000000 0.732435
vt 0.000000 0.767565
vt 0.031250 0.767565
vt 0.031250 0.732435
vt 0.062500 0.767565
vt 0.062500 0.732435
vt 0.471731 0.341844
vt 0.449553 0.383337
vt 0.419706 0.419706
vt 0.383337 0.449553
vt 0.341844 0.471731
vt 0.296822 0.485388
vt 0.250000 0.490000
vt 0.203178 0.485388
vt 0.158156 0.471731
vt 0.116663 0.449553
vt 0.080294 0.419706
vt 0.050447 0.383337
vt 0.165393 0.307535
vt 0.177486 0.322282
vt 0.193048 0.334900
vt 0.210800 0.344377
vt 0.229944 0.350293
vt 0.249795 0.352237
vt 0.269707 0.350145
vt 0.288942 0.344290
vt 0.306658 0.334934
vt 0.322092 0.322264
vt 0.334736 0.306690
vt 0.344243 0.288932
vt 0.350178 0.269786
vt 0.352127 0.249941
vt 0.350035 0.230044
vt 0.344181 0.210833
vt 0.334829 0.193150
vt 0.322175 0.177758
vt 0.306631 0.165159
vt 0.288910 0.155691
vt 0.269794 0.149776
vt 0.249961 0.147824
vt 0.230055 0.149898
vt 0.210824 0.155729
vt 0.193116 0.165062
vt 0.177700 0.177706
vt 0.165078 0.193251
vt 0.155587 0.210978
vt 0.149648 0.230105
vt 0.014612 0.203178
vt 0.028269 0.158156
vt 0.050447 0.116663
vt 0.080294 0.080294
vt 0.116663 0.050447
vt 0.158156 0.028269
vt 0.203178 0.014612
vt 0.250000 0.010000
vt 0.296822 0.014612
vt 0.341844 0.028269
vt 0.383337 0.050447
vt 0.419706 0.080294
vt 0.449553 0.116663
vt 0.471731 0.158156
vt 0.485388 0.203178
vt 0.490000 0.250000
vt 0.485388 0.296822
vt 0.968750 0.732435
vt 0.968750 0.767565
vt 1.000000 0.767565
vt 1.000000 0.732435
vt 0.937500 0.732435
vt 0.937500 0.767565
vt 0.906250 0.732435
vt 0.906250 0.767565
vt 0.875000 0.732435
vt 0.875000 0.767565
vt 0.843750 0.767565
vt 0.843750 0.732435
vt 0.812500 0.767565
vt 0.812500 0.732435
vt 0.781250 0.767565
vt 0.781250 0.732435
vt 0.750000 0.767565
vt 0.750000 0.732435
vt 0.718750 0.767565
vt 0.718750 0.732435
vt 0.687500 0.767565
vt 0.687500 0.732435
vt 0.656250 0.767565
vt 0.656250 0.732435
vt 0.625000 0.767565
vt 0.625000 0.732435
vt 0.593750 0.767565
vt 0.593750 0.732435
vt 0.562500 0.767565
vt 0.562500 0.732435
vt 0.531250 0.767565
vt 0.531250 0.732435
vt 0.500000 0.767565
vt 0.500000 0.732435
vt 0.468750 0.767565
vt 0.468750 0.732435
vt 0.437500 0.767565
vt 0.437500 0.732435
vt 0.406250 0.767565
vt 0.406250 0.732435
vt 0.375000 0.767565
vt 0.375000 0.732435
vt 0.343750 0.732435
vt 0.343750 0.767565
vt 0.312500 0.732435
vt 0.312500 0.767565
vt 0.281250 0.732435
vt 0.281250 0.767565
vt 0.250000 0.732435
vt 0.250000 0.767565
vt 0.028269 0.341844
vt 0.014612 0.296822
vt 0.010000 0.250000
vt 0.147671 0.249953
vt 0.149720 0.269879
vt 0.155527 0.289132
vt 0.164842 0.306859
vt 0.218750 0.732435
vt 0.218750 0.767565
vt 0.187500 0.732435
vt 0.187500 0.767565
vt 0.156250 0.732435
vt 0.156250 0.767565
vt 0.125000 0.732435
vt 0.125000 0.767565
vt 0.154883 0.767565
vt 0.093750 0.732435
vt 0.093750 0.767565
vt 0.187500 1.000000
vt 0.156250 1.000000
vt 0.156250 0.500000
vt 0.125000 1.000000
vt 0.093750 1.000000
vt 0.093750 0.500000
vt 0.218750 0.500000
vt 0.218750 1.000000
vt 0.250000 1.000000
vt 0.281250 0.500000
vt 0.281250 1.000000
vt 0.312500 1.000000
vt 0.343750 0.500000
vt 0.343750 1.000000
vt 0.406250 0.500000
vt 0.406250 1.000000
vt 0.437500 0.500000
vt 0.437500 1.000000
vt 0.468750 0.500000
vt 0.468750 1.000000
vt 0.500000 0.500000
vt 0.500000 1.000000
vt 0.531250 0.500000
vt 0.531250 1.000000
vt 0.562500 0.500000
vt 0.562500 1.000000
vt 0.593750 0.500000
vt 0.593750 1.000000
vt 0.656250 0.500000
vt 0.656250 1.000000
vt 0.687500 1.000000
vt 0.718750 0.500000
vt 0.718750 1.000000
vt 0.750000 1.000000
vt 0.781250 0.500000
vt 0.781250 1.000000
vt 0.812500 1.000000
vt 0.843750 0.500000
vt 0.843750 1.000000
vt 0.875000 1.000000
vt 0.906250 0.500000
vt 0.906250 1.000000
vt 0.937500 0.500000
vt 0.937500 1.000000
vt 0.520833 0.500000
vt 0.520833 0.583333
vt 0.500000 0.583333
vt 0.479167 0.500000
vt 0.479167 0.583333
vt 0.500000 0.416667
vt 0.520833 0.416667
vt 0.479167 0.416667
vt 0.458333 0.500000
vt 0.458333 0.583333
vt 0.458333 0.416667
vt 0.458333 0.333333
vt 0.479167 0.333333
vt 0.500000 0.333333
vt 0.437500 0.333333
vt 0.437500 0.416667
vt 0.416667 0.333333
vt 0.416667 0.416667
vt 0.416667 0.500000
vt 0.437500 0.583333
vt 0.416667 0.583333
vt 0.437500 0.666667
vt 0.416667 0.666667
vt 0.458333 0.666667
vt 0.479167 0.666667
vt 0.458333 0.750000
vt 0.479167 0.750000
vt 0.500000 0.666667
vt 0.520833 0.666667
vt 0.520833 0.750000
vt 0.520833 0.833333
vt 0.500000 0.833333
vt 0.479167 0.833333
vt 0.520833 0.916667
vt 0.500000 0.916667
vt 0.479167 0.916667
vt 0.458333 0.833333
vt 0.458333 0.916667
vt 0.479167 1.000000
vt 0.458333 1.000000
vt 0.458333 0.000000
vt 0.479167 0.000000
vt 0.479167 0.083333
vt 0.458333 0.083333
vt 0.500000 0.000000
vt 0.500000 0.083333
vt 0.520833 1.000000
vt 0.520833 0.000000
vt 0.520833 0.083333
vt 0.520833 0.166667
vt 0.500000 0.166667
vt 0.479167 0.166667
vt 0.520833 0.250000
vt 0.500000 0.250000
vt 0.479167 0.250000
vt 0.458333 0.166667
vt 0.458333 0.250000
vt 0.437500 0.166667
vt 0.437500 0.250000
vt 0.416667 0.166667
vt 0.416667 0.250000
vt 0.395833 0.166667
vt 0.395833 0.250000
vt 0.395833 0.333333
vt 0.395833 0.416667
vt 0.375000 0.333333
vt 0.375000 0.416667
vt 0.395833 0.500000
vt 0.395833 0.583333
vt 0.375000 0.583333
vt 0.395833 0.666667
vt 0.375000 0.666667
vt 0.395833 0.750000
vt 0.416667 0.750000
vt 0.416667 0.833333
vt 0.395833 0.833333
vt 0.437500 0.833333
vt 0.437500 0.916667
vt 0.416667 0.916667
vt 0.416667 1.000000
vt 0.416667 0.000000
vt 0.437500 0.000000
vt 0.437500 0.083333
vt 0.416667 0.083333
vt 0.395833 0.000000
vt 0.395833 0.083333
vt 0.375000 0.000000
vt 0.375000 0.083333
vt 0.375000 0.166667
vt 0.354167 0.083333
vt 0.354167 0.166667
vt 0.354167 0.250000
vt 0.354167 0.333333
vt 0.333333 0.166667
vt 0.333333 0.250000
vt 0.333333 0.333333
vt 0.354167 0.416667
vt 0.333333 0.416667
vt 0.354167 0.500000
vt 0.333333 0.500000
vt 0.354167 0.583333
vt 0.333333 0.583333
vt 0.354167 0.666667
vt 0.333333 0.666667
vt 0.354167 0.750000
vt 0.333333 0.750000
vt 0.354167 0.833333
vt 0.333333 0.833333
vt 0.375000 0.833333
vt 0.375000 0.916667
vt 0.354167 0.916667
vt 0.395833 0.916667
vt 0.395833 1.000000
vt 0.354167 1.000000
vt 0.354167 0.000000
vt 0.333333 0.916667
vt 0.333333 1.000000
vt 0.333333 0.000000
vt 0.333333 0.083333
vt 0.312500 0.000000
vt 0.312500 0.083333
vt 0.312500 0.166667
vt 0.312500 0.250000
vt 0.291667 0.083333
vt 0.291667 0.166667
vt 0.291667 0.250000
vt 0.312500 0.333333
vt 0.291667 0.333333
vt 0.312500 0.416667
vt 0.291667 0.416667
vt 0.291667 0.500000
vt 0.312500 0.583333
vt 0.291667 0.583333
vt 0.312500 0.666667
vt 0.291667 0.666667
vt 0.291667 0.750000
vt 0.312500 0.833333
vt 0.291667 0.833333
vt 0.312500 0.916667
vt 0.291667 0.916667
vt 0.291667 1.000000
vt 0.291667 0.000000
vt 0.270833 0.916667
vt 0.270833 1.000000
vt 0.270833 0.000000
vt 0.270833 0.083333
vt 0.270833 0.166667
vt 0.250000 0.000000
vt 0.250000 0.083333
vt 0.250000 0.166667
vt 0.270833 0.250000
vt 0.250000 0.250000
vt 0.270833 0.333333
vt 0.250000 0.333333
vt 0.270833 0.416667
vt 0.250000 0.416667
vt 0.270833 0.500000
vt 0.270833 0.583333
vt 0.250000 0.583333
vt 0.270833 0.666667
vt 0.250000 0.666667
vt 0.270833 0.750000
vt 0.270833 0.833333
vt 0.250000 0.833333
vt 0.250000 0.916667
vt 0.229167 0.833333
vt 0.229167 0.916667
vt 0.229167 1.000000
vt 0.229167 0.000000
vt 0.229167 0.083333
vt 0.208333 0.916667
vt 0.208333 1.000000
vt 0.208333 0.000000
vt 0.208333 0.083333
vt 0.229167 0.166667
vt 0.208333 0.166667
vt 0.229167 0.250000
vt 0.208333 0.250000
vt 0.229167 0.333333
vt 0.208333 0.333333
vt 0.229167 0.416667
vt 0.208333 0.416667
vt 0.229167 0.500000
vt 0.208333 0.500000
vt 0.229167 0.583333
vt 0.208333 0.583333
vt 0.229167 0.666667
vt 0.208333 0.666667
vt 0.229167 0.750000
vt 0.208333 0.750000
vt 0.208333 0.833333
vt 0.187500 0.833333
vt 0.187500 0.916667
vt 0.166667 0.833333
vt 0.166667 0.916667
vt 0.166667 1.000000
vt 0.166667 0.000000
vt 0.187500 0.000000
vt 0.187500 0.083333
vt 0.166667 0.083333
vt 0.187500 0.166667
vt 0.166667 0.166667
vt 0.187500 0.250000
vt 0.166667 0.250000
vt 0.187500 0.333333
vt 0.166667 0.333333
vt 0.187500 0.416667
vt 0.166667 0.416667
vt 0.166667 0.500000
vt 0.187500 0.583333
vt 0.166667 0.583333
vt 0.187500 0.666667
vt 0.166667 0.666667
vt 0.166667 0.750000
vt 0.145833 0.666667
vt 0.145833 0.750000
vt 0.145833 0.833333
vt 0.145833 0.916667
vt 0.125000 0.833333
vt 0.125000 0.916667
vt 0.145833 1.000000
vt 0.125000 0.000000
vt 0.145833 0.000000
vt 0.145833 0.083333
vt 0.125000 0.083333
vt 0.145833 0.166667
vt 0.125000 0.166667
vt 0.145833 0.250000
vt 0.125000 0.250000
vt 0.145833 0.333333
vt 0.125000 0.333333
vt 0.145833 0.416667
vt 0.125000 0.416667
vt 0.145833 0.500000
vt 0.145833 0.583333
vt 0.125000 0.583333
vt 0.125000 0.666667
vt 0.104167 0.583333
vt 0.104167 0.666667
vt 0.104167 0.750000
vt 0.104167 0.833333
vt 0.083333 0.666667
vt 0.083333 0.750000
vt 0.083333 0.833333
vt 0.104167 0.916667
vt 0.083333 0.916667
vt 0.104167 1.000000
vt 0.083333 1.000000
vt 0.083333 0.000000
vt 0.104167 0.000000
vt 0.104167 0.083333
vt 0.083333 0.083333
vt 0.104167 0.166667
vt 0.083333 0.166667
vt 0.104167 0.250000
vt 0.083333 0.250000
vt 0.104167 0.333333
vt 0.083333 0.333333
vt 0.104167 0.416667
vt 0.083333 0.416667
vt 0.104167 0.500000
vt 0.083333 0.500000
vt 0.083333 0.583333
vt 0.062500 0.583333
vt 0.062500 0.666667
vt 0.041667 0.583333
vt 0.041667 0.666667
vt 0.041667 0.750000
vt 0.062500 0.833333
vt 0.041667 0.833333
vt 0.062500 0.916667
vt 0.041667 0.916667
vt 0.041667 1.000000
vt 0.041667 0.000000
vt 0.062500 0.000000
vt 0.062500 0.083333
vt 0.041667 0.083333
vt 0.062500 0.166667
vt 0.041667 0.166667
vt 0.062500 0.250000
vt 0.041667 0.250000
vt 0.062500 0.333333
vt 0.041667 0.333333
vt 0.062500 0.416667
vt 0.041667 0.416667
vt 0.041667 0.500000
vt 0.020833 0.500000
vt 0.020833 0.583333
vt 0.020833 0.416667
vt 0.020833 0.666667
vt 0.000000 0.500000
vt 0.000000 0.583333
vt 0.000000 0.666667
vt 0.020833 0.750000
vt 0.000000 0.750000
vt 0.020833 0.833333
vt 0.000000 0.833333
vt 0.020833 0.916667
vt 0.000000 0.916667
vt 0.020833 1.000000
vt 0.000000 1.000000
vt 0.000000 0.000000
vt 0.020833 0.000000
vt 0.020833 0.083333
vt 0.000000 0.083333
vt 0.020833 0.166667
vt 0.000000 0.166667
vt 0.020833 0.250000
vt 0.000000 0.250000
vt 0.020833 0.333333
vt 0.000000 0.333333
vt 0.000000 0.416667
vt 0.979167 0.333333
vt 1.000000 0.333333
vt 1.000000 0.416667
vt 0.979167 0.416667
vt 0.979167 0.500000
vt 1.000000 0.583333
vt 0.979167 0.583333
vt 0.958333 0.500000
vt 0.958333 0.583333
vt 0.958333 0.416667
vt 0.979167 0.666667
vt 0.958333 0.666667
vt 1.000000 0.666667
vt 0.979167 0.750000
vt 0.958333 0.750000
vt 0.979167 0.833333
vt 0.958333 0.833333
vt 1.000000 0.833333
vt 0.979167 0.916667
vt 0.958333 0.916667
vt 1.000000 0.916667
vt 0.979167 1.000000
vt 0.958333 1.000000
vt 0.958333 0.000000
vt 0.979167 0.000000
vt 0.979167 0.083333
vt 0.958333 0.083333
vt 1.000000 0.000000
vt 1.000000 0.083333
vt 0.979167 0.166667
vt 0.958333 0.166667
vt 1.000000 0.166667
vt 0.979167 0.250000
vt 0.958333 0.250000
vt 1.000000 0.250000
vt 0.958333 0.333333
vt 0.937500 0.250000
vt 0.937500 0.333333
vt 0.937500 0.416667
vt 0.916667 0.333333
vt 0.916667 0.416667
vt 0.916667 0.500000
vt 0.937500 0.583333
vt 0.916667 0.583333
vt 0.937500 0.666667
vt 0.916667 0.666667
vt 0.916667 0.750000
vt 0.937500 0.833333
vt 0.916667 0.833333
vt 0.937500 0.916667
vt 0.916667 0.916667
vt 0.916667 1.000000
vt 0.916667 0.000000
vt 0.937500 0.000000
vt 0.937500 0.083333
vt 0.916667 0.083333
vt 0.937500 0.166667
vt 0.916667 0.166667
vt 0.916667 0.250000
vt 0.895833 0.166667
vt 0.895833 0.250000
vt 0.895833 0.333333
vt 0.895833 0.416667
vt 0.875000 0.250000
vt 0.875000 0.333333
vt 0.875000 0.416667
vt 0.895833 0.500000
vt 0.895833 0.583333
vt 0.875000 0.583333
vt 0.895833 0.666667
vt 0.875000 0.666667
vt 0.895833 0.750000
vt 0.895833 0.833333
vt 0.875000 0.833333
vt 0.895833 0.916667
vt 0.875000 0.916667
vt 0.895833 1.000000
vt 0.875000 0.000000
vt 0.895833 0.000000
vt 0.895833 0.083333
vt 0.875000 0.083333
vt 0.875000 0.166667
vt 0.854167 0.083333
vt 0.854167 0.166667
vt 0.854167 0.250000
vt 0.854167 0.333333
vt 0.833333 0.166667
vt 0.833333 0.250000
vt 0.833333 0.333333
vt 0.854167 0.416667
vt 0.833333 0.416667
vt 0.854167 0.500000
vt 0.833333 0.500000
vt 0.854167 0.583333
vt 0.833333 0.583333
vt 0.854167 0.666667
vt 0.833333 0.666667
vt 0.854167 0.750000
vt 0.833333 0.750000
vt 0.854167 0.833333
vt 0.833333 0.833333
vt 0.854167 0.916667
vt 0.833333 0.916667
vt 0.854167 1.000000
vt 0.833333 1.000000
vt 0.833333 0.000000
vt 0.854167 0.000000
vt 0.833333 0.083333
vt 0.812500 0.000000
vt 0.812500 0.083333
vt 0.812500 0.166667
vt 0.812500 0.250000
vt 0.791667 0.083333
vt 0.791667 0.166667
vt 0.791667 0.250000
vt 0.812500 0.333333
vt 0.791667 0.333333
vt 0.812500 0.416667
vt 0.791667 0.416667
vt 0.791667 0.500000
vt 0.812500 0.583333
vt 0.791667 0.583333
vt 0.812500 0.666667
vt 0.791667 0.666667
vt 0.791667 0.750000
vt 0.812500 0.833333
vt 0.791667 0.833333
vt 0.812500 0.916667
vt 0.791667 0.916667
vt 0.791667 1.000000
vt 0.791667 0.000000
vt 0.770833 0.916667
vt 0.770833 1.000000
vt 0.770833 0.000000
vt 0.770833 0.083333
vt 0.770833 0.166667
vt 0.750000 0.000000
vt 0.750000 0.083333
vt 0.750000 0.166667
vt 0.770833 0.250000
vt 0.750000 0.250000
vt 0.770833 0.333333
vt 0.750000 0.333333
vt 0.770833 0.416667
vt 0.750000 0.416667
vt 0.770833 0.500000
vt 0.770833 0.583333
vt 0.750000 0.583333
vt 0.770833 0.666667
vt 0.750000 0.666667
vt 0.770833 0.750000
vt 0.770833 0.833333
vt 0.750000 0.833333
vt 0.750000 0.916667
vt 0.729167 0.833333
vt 0.729167 0.916667
vt 0.729167 1.000000
vt 0.729167 0.000000
vt 0.729167 0.083333
vt 0.708333 0.916667
vt 0.708333 1.000000
vt 0.708333 0.000000
vt 0.708333 0.083333
vt 0.729167 0.166667
vt 0.708333 0.166667
vt 0.729167 0.250000
vt 0.708333 0.250000
vt 0.729167 0.333333
vt 0.708333 0.333333
vt 0.729167 0.416667
vt 0.708333 0.416667
vt 0.729167 0.500000
vt 0.708333 0.500000
vt 0.729167 0.583333
vt 0.708333 0.583333
vt 0.729167 0.666667
vt 0.708333 0.666667
vt 0.729167 0.750000
vt 0.708333 0.750000
vt 0.708333 0.833333
vt 0.687500 0.833333
vt 0.687500 0.916667
vt 0.666667 0.833333
vt 0.666667 0.916667
vt 0.666667 1.000000
vt 0.666667 0.000000
vt 0.687500 0.000000
vt 0.687500 0.083333
vt 0.666667 0.083333
vt 0.687500 0.166667
vt 0.666667 0.166667
vt 0.687500 0.250000
vt 0.666667 0.250000
vt 0.687500 0.333333
vt 0.666667 0.333333
vt 0.687500 0.416667
vt 0.666667 0.416667
vt 0.666667 0.500000
vt 0.687500 0.583333
vt 0.666667 0.583333
vt 0.687500 0.666667
vt 0.666667 0.666667
vt 0.666667 0.750000
vt 0.645833 0.666667
vt 0.645833 0.750000
vt 0.645833 0.833333
vt 0.645833 0.916667
vt 0.625000 0.833333
vt 0.625000 0.916667
vt 0.645833 1.000000
vt 0.625000 0.000000
vt 0.645833 0.000000
vt 0.645833 0.083333
vt 0.625000 0.083333
vt 0.645833 0.166667
vt 0.625000 0.166667
vt 0.645833 0.250000
vt 0.645833 0.333333
vt 0.625000 0.333333
vt 0.645833 0.416667
vt 0.625000 0.416667
vt 0.645833 0.500000
vt 0.645833 0.583333
vt 0.625000 0.583333
vt 0.625000 0.666667
vt 0.604167 0.583333
vt 0.604167 0.666667
vt 0.604167 0.750000
vt 0.604167 0.833333
vt 0.583333 0.666667
vt 0.583333 0.750000
vt 0.583333 0.833333
vt 0.604167 0.916667
vt 0.583333 0.916667
vt 0.604167 1.000000
vt 0.583333 1.000000
vt 0.583333 0.000000
vt 0.604167 0.000000
vt 0.604167 0.083333
vt 0.583333 0.083333
vt 0.604167 0.166667
vt 0.583333 0.166667
vt 0.604167 0.250000
vt 0.583333 0.250000
vt 0.604167 0.333333
vt 0.583333 0.333333
vt 0.604167 0.416667
vt 0.583333 0.416667
vt 0.604167 0.500000
vt 0.583333 0.500000
vt 0.583333 0.583333
vt 0.562500 0.583333
vt 0.562500 0.666667
vt 0.541667 0.583333
vt 0.541667 0.666667
vt 0.541667 0.750000
vt 0.562500 0.833333
vt 0.541667 0.833333
vt 0.562500 0.916667
vt 0.541667 0.916667
vt 0.541667 1.000000
vt 0.541667 0.000000
vt 0.562500 0.000000
vt 0.562500 0.083333
vt 0.541667 0.083333
vt 0.562500 0.166667
vt 0.541667 0.166667
vt 0.562500 0.250000
vt 0.541667 0.250000
vt 0.562500 0.333333
vt 0.541667 0.333333
vt 0.562500 0.416667
vt 0.541667 0.416667
vt 0.541667 0.500000
vt 0.520833 0.333333
vt 0.000000 0.000000
s 1
f 1/1/1 3/2/1 105/3/1 2/4/1
f 4/5/2 1/1/2 2/4/2 100/6/2
f 5/7/3 6/8/3 3/2/3 1/1/3
f 7/9/4 5/7/4 1/1/4 4/5/4
f 8/10/5 9/11/5 6/8/5 5/7/5
f 10/12/6 8/10/6 5/7/6 7/9/6
f 11/13/7 12/14/7 9/11/7 8/10/7
f 13/15/8 11/13/8 8/10/8 10/12/8
f 14/16/9 15/17/9 12/14/9 11/13/9
f 16/18/10 14/16/10 11/13/10 13/15/10
f 17/19/11 18/20/11 15/17/11 14/16/11
f 19/21/12 17/19/12 14/16/12 16/18/12
f 20/22/13 22/23/13 18/20/13 17/19/13
f 23/24/14 20/22/14 17/19/14 19/21/14
f 25/25/15 21/26/15 20/22/15 23/24/15
f 21/26/16 174/27/16 22/23/16 20/22/16
f 26/28/17 25/25/17 23/24/17 24/29/17
f 24/29/18 23/24/18 19/21/18 193/30/18
f 27/31/19 28/32/19 21/26/19 25/25/19
f 29/33/20 27/31/20 25/25/20 26/28/20
f 30/34/21 31/35/21 28/36/21 27/37/21
f 32/38/22 30/34/22 27/37/22 29/39/22
f 33/40/23 34/41/23 31/35/23 30/34/23
f 35/42/24 33/40/24 30/34/24 32/38/24
f 36/43/25 37/44/25 34/41/25 33/40/25
f 38/45/26 36/43/26 33/40/26 35/42/26
f 39/46/27 40/47/27 37/44/27 36/43/27
f 41/48/28 39/46/28 36/43/28 38/45/28
f 42/49/29 44/50/29 40/47/29 39/46/29
f 45/51/30 42/49/30 39/46/30 41/48/30
f 43/52/31 167/53/31 44/50/31 42/49/31
f 47/54/32 43/52/32 42/49/32 45/51/32
f 48/55/33 47/54/33 45/51/33 46/56/33
f 46/56/34 45/51/34 41/48/34 209/57/34
f 49/58/35 50/59/35 43/52/35 47/54/35
f 51/60/36 49/58/36 47/54/36 48/55/36
f 52/61/37 53/62/37 50/59/37 49/58/37
f 54/63/38 52/61/38 49/58/38 51/60/38
f 55/64/39 56/65/39 53/62/39 52/61/39
f 57/66/40 55/64/40 52/61/40 54/63/40
f 58/67/41 59/68/41 56/65/41 55/64/41
f 60/69/42 58/67/42 55/64/42 57/66/42
f 61/70/43 62/71/43 59/68/43 58/67/43
f 63/72/44 61/70/44 58/67/44 60/69/44
f 64/73/45 66/74/45 62/71/45 61/70/45
f 67/75/46 64/73/46 61/70/46 63/72/46
f 65/76/47 175/77/47 66/74/47 64/73/47
f 69/78/48 65/76/48 64/73/48 67/75/48
f 70/79/49 69/78/49 67/75/49 68/80/49
f 68/80/50 67/75/50 63/72/50 218/81/50
f 71/82/51 72/83/51 65/76/51 69/78/51
f 73/84/52 71/82/52 69/78/52 70/79/52
f 74/85/53 75/86/53 72/83/53 71/82/53
f 76/87/54 74/85/54 71/82/54 73/84/54
f 77/88/55 78/89/55 75/86/55 74/85/55
f 79/90/56 77/88/56 74/85/56 76/87/56
f 80/91/57 81/92/57 78/89/57 77/88/57
f 82/93/58 80/91/58 77/88/58 79/90/58
f 83/94/59 84/95/59 81/92/59 80/91/59
f 86/96/60 83/94/60 80/91/60 82/93/60
f 85/97/61 94/98/61 84/95/61 83/94/61
f 87/99/62 85/97/62 83/94/62 86/96/62
f 222/100/63 223/101/63 224/102/63 89/103/63 88/104/63 87/99/63 86/96/63 82/93/63 79/90/63 76/87/63 73/84/63 70/79/63 68/80/63 218/81/63 217/105/63 216/106/63 215/107/63 214/108/63 213/109/63 212/110/63 211/111/63 210/112/63 207/113/63 205/114/63 203/115/63 201/116/63 199/117/63 197/118/63 195/119/63 219/120/63 220/121/63 221/122/63
f 88/104/64 90/123/64 85/97/64 87/99/64
f 89/103/65 91/124/65 90/123/65 88/104/65
f 91/124/66 95/125/66 92/126/66 90/123/66
f 90/123/67 92/126/67 94/98/67 85/97/67
f 95/125/68 97/127/68 93/128/68 92/126/68
f 92/126/69 93/128/69 181/129/69 94/98/69
f 96/130/70 99/131/70 97/127/70 95/125/70
f 225/132/71 96/130/71 95/125/71 91/124/71
f 99/131/72 101/133/72 98/134/72 97/127/72
f 97/127/73 98/134/73 139/135/73 93/128/73
f 100/6/74 2/4/74 101/133/74 99/131/74
f 182/136/75 100/6/75 99/131/75 96/130/75
f 2/4/76 105/3/76 102/137/76 101/133/76
f 101/133/77 102/137/77 104/138/77 98/134/77
f 105/3/78 106/139/78 103/140/78 102/137/78
f 102/137/79 103/140/79 137/141/79 104/138/79
f 3/2/80 107/142/80 106/139/80 105/3/80
f 107/142/81 108/143/81 106/139/81
f 106/139/82 108/144/82 103/140/82
f 134/145/83 108/146/83 107/142/83
f 135/147/84 108/148/84 109/149/84
f 109/149/85 108/150/85 110/151/85
f 110/151/86 108/152/86 111/153/86
f 111/153/87 108/154/87 112/155/87
f 112/155/88 108/156/88 113/157/88
f 113/157/89 108/158/89 114/159/89
f 114/159/90 108/160/90 115/161/90
f 115/161/91 108/162/91 116/163/91
f 116/163/92 108/164/92 117/165/92
f 117/165/93 108/166/93 118/167/93
f 118/167/94 108/168/94 119/169/94
f 119/169/95 108/170/95 120/171/95
f 120/171/96 108/172/96 121/173/96
f 121/173/97 108/174/97 122/175/97
f 122/175/98 108/176/98 123/177/98
f 123/177/99 108/178/99 124/179/99
f 124/179/100 108/180/100 125/181/100
f 125/181/101 108/182/101 126/183/101
f 126/183/102 108/184/102 127/185/102
f 127/186/103 108/187/103 128/188/103
f 128/188/104 108/189/104 129/190/104
f 129/190/105 108/191/105 130/192/105
f 130/192/106 108/193/106 131/194/106
f 131/194/107 108/195/107 132/196/107
f 132/196/108 108/197/108 133/198/108
f 133/198/109 108/199/109 134/145/109
f 136/200/110 108/201/110 135/147/110
f 137/141/111 108/202/111 136/200/111
f 103/140/112 108/203/112 137/141/112
f 104/138/113 137/141/113 136/200/113 138/204/113
f 138/204/114 136/200/114 135/147/114 140/205/114
f 98/134/115 104/138/115 138/204/115 139/135/115
f 139/135/116 138/204/116 140/205/116 141/206/116
f 140/205/117 135/147/117 109/149/117 142/207/117
f 141/206/118 140/205/118 142/207/118 143/208/118
f 142/207/119 109/149/119 110/151/119 144/209/119
f 143/208/120 142/207/120 144/209/120 145/210/120
f 144/209/121 110/151/121 111/153/121 146/211/121
f 145/210/122 144/209/122 146/211/122 147/212/122
f 147/212/123 146/211/123 148/213/123 149/214/123
f 146/211/124 111/153/124 112/155/124 148/213/124
f 148/213/125 112/155/125 113/157/125 150/215/125
f 149/214/126 148/213/126 150/215/126 151/216/126
f 150/215/127 113/157/127 114/159/127 152/217/127
f 151/216/128 150/215/128 152/217/128 153/218/128
f 152/217/129 114/159/129 115/161/129 154/219/129
f 153/218/130 152/217/130 154/219/130 155/220/130
f 154/219/131 115/161/131 116/163/131 156/221/131
f 155/220/132 154/219/132 156/221/132 157/222/132
f 156/221/133 116/163/133 117/165/133 158/223/133
f 157/222/134 156/221/134 158/223/134 159/224/134
f 158/223/135 117/165/135 118/167/135 160/225/135
f 159/224/136 158/223/136 160/225/136 161/226/136
f 160/225/137 118/167/137 119/169/137 162/227/137
f 161/226/138 160/225/138 162/227/138 163/228/138
f 163/228/139 162/227/139 164/229/139 165/230/139
f 162/227/140 119/169/140 120/171/140 164/229/140
f 164/229/141 120/171/141 121/173/141 166/231/141
f 165/230/142 164/229/142 166/231/142 167/53/142
f 166/231/143 121/173/143 122/175/143 168/232/143
f 167/53/144 166/231/144 168/232/144 44/50/144
f 168/232/145 122/175/145 123/177/145 169/233/145
f 44/50/146 168/232/146 169/233/146 40/47/146
f 169/233/147 123/177/147 124/179/147 170/234/147
f 40/47/148 169/233/148 170/234/148 37/44/148
f 170/234/149 124/179/149 125/181/149 171/235/149
f 37/44/150 170/234/150 171/235/150 34/41/150
f 171/235/151 125/181/151 126/183/151 172/236/151
f 34/41/152 171/235/152 172/236/152 31/35/152
f 172/236/153 126/183/153 127/185/153 173/237/153
f 31/35/154 172/236/154 173/237/154 28/36/154
f 28/32/155 173/238/155 174/27/155 21/26/155
f 173/238/156 127/186/156 128/188/156 174/27/156
f 174/27/157 128/188/157 129/190/157 22/23/157
f 50/59/158 165/230/158 167/53/158 43/52/158
f 53/62/159 163/228/159 165/230/159 50/59/159
f 56/65/160 161/226/160 163/228/160 53/62/160
f 59/68/161 159/224/161 161/226/161 56/65/161
f 62/71/162 157/222/162 159/224/162 59/68/162
f 66/74/163 155/220/163 157/222/163 62/71/163
f 175/77/164 153/218/164 155/220/164 66/74/164
f 176/239/165 151/216/165 153/218/165 175/77/165
f 72/83/166 176/239/166 175/77/166 65/76/166
f 75/86/167 177/240/167 176/239/167 72/83/167
f 177/240/168 149/214/168 151/216/168 176/239/168
f 178/241/169 147/212/169 149/214/169 177/240/169
f 78/89/170 178/241/170 177/240/170 75/86/170
f 179/242/171 145/210/171 147/212/171 178/241/171
f 81/92/172 179/242/172 178/241/172 78/89/172
f 180/243/173 143/208/173 145/210/173 179/242/173
f 84/95/174 180/243/174 179/242/174 81/92/174
f 181/129/175 141/206/175 143/208/175 180/243/175
f 94/98/176 181/129/176 180/243/176 84/95/176
f 93/128/177 139/135/177 141/206/177 181/129/177
f 9/11/178 133/198/178 134/145/178 6/8/178
f 6/8/179 134/145/179 107/142/179 3/2/179
f 12/14/180 132/196/180 133/198/180 9/11/180
f 15/17/181 131/194/181 132/196/181 12/14/181
f 18/20/182 130/192/182 131/194/182 15/17/182
f 22/23/183 129/190/183 130/192/183 18/20/183
f 184/244/184 4/5/184 100/6/184 182/136/184
f 185/245/185 184/244/185 182/136/185 183/246/185
f 183/246/186 182/136/186 96/130/186 225/132/186
f 186/247/187 7/9/187 4/5/187 184/244/187
f 187/248/188 186/247/188 184/244/188 185/245/188
f 188/249/189 10/12/189 7/9/189 186/247/189
f 189/250/190 188/249/190 186/247/190 187/248/190
f 190/251/191 13/15/191 10/12/191 188/249/191
f 191/252/192 190/251/192 188/249/192 189/250/192
f 192/253/193 16/18/193 13/15/193 190/251/193
f 194/254/194 192/253/194 190/251/194 191/252/194
f 193/30/195 19/21/195 16/18/195 192/253/195
f 196/255/196 193/30/196 192/253/196 194/254/196
f 197/118/197 196/255/197 194/254/197 195/119/197
f 195/119/198 194/254/198 191/252/198 219/120/198
f 198/256/199 24/29/199 193/30/199 196/255/199
f 199/117/200 198/256/200 196/255/200 197/118/200
f 200/257/201 26/28/201 24/29/201 198/256/201
f 201/116/202 200/257/202 198/256/202 199/117/202
f 202/258/203 29/33/203 26/28/203 200/257/203
f 203/115/204 202/258/204 200/257/204 201/116/204
f 204/259/205 32/38/205 29/39/205 202/260/205
f 205/114/206 204/259/206 202/260/206 203/261/206
f 206/262/207 35/42/207 32/38/207 204/259/207
f 207/113/208 206/262/208 204/259/208 205/114/208
f 208/263/209 38/45/209 35/42/209 206/262/209
f 210/112/210 208/263/210 206/262/210 207/113/210
f 209/57/211 41/48/211 38/45/211 208/263/211
f 211/111/212 209/57/212 208/263/212 210/112/212
f 212/110/213 46/56/213 209/57/213 211/111/213
f 213/109/214 48/55/214 46/56/214 212/110/214
f 214/108/215 51/60/215 48/55/215 213/109/215
f 215/107/216 54/63/216 51/60/216 214/108/216
f 216/106/217 57/66/217 54/63/217 215/107/217
f 217/105/218 60/69/218 57/66/218 216/106/218
f 218/81/219 63/72/219 60/69/219 217/105/219
f 219/120/220 191/252/220 189/250/220 220/121/220
f 220/121/221 189/250/221 187/248/221 221/122/221
f 221/122/222 187/248/222 185/245/222 222/100/222
f 222/100/223 185/245/223 183/246/223 223/101/223
f 223/101/224 183/246/224 225/132/224 224/102/224
f 224/102/225 225/132/225 91/124/225 89/103/225
f 227/48/226 230/54/226 229/52/226 226/46/226
f 226/264/227 228/265/227 332/266/227 227/267/227
f 229/161/228 231/268/228 228/269/228 226/270/228
f 230/54/229 235/61/229 232/62/229 229/52/229
f 232/219/230 233/271/230 231/268/230 229/161/230
f 234/220/230 277/272/230 233/271/230 232/219/230
f 235/61/231 236/67/231 234/68/231 232/62/231
f 238/55/232 237/63/232 235/61/232 230/54/232
f 237/63/233 239/69/233 236/67/233 235/61/233
f 243/109/234 240/107/234 237/63/234 238/55/234
f 240/107/235 242/105/235 239/69/235 237/63/235
f 241/273/236 339/274/236 242/105/236 240/107/236
f 245/275/236 241/273/236 240/107/236 243/109/236
f 244/111/237 243/109/237 238/55/237 333/57/237
f 247/276/238 245/275/238 243/109/238 244/111/238
f 245/277/239 246/278/239 256/279/239 241/280/239
f 247/281/240 248/282/240 246/278/240 245/277/240
f 244/283/241 249/284/241 248/282/241 247/281/241
f 249/284/242 251/285/242 250/286/242 248/282/242
f 248/282/243 250/286/243 253/287/243 246/278/243
f 251/285/242 302/288/242 252/289/242 250/286/242
f 250/286/243 252/289/243 254/290/243 253/287/243
f 246/278/244 253/287/244 255/291/244 256/279/244
f 253/287/244 254/290/244 257/292/244 255/291/244
f 256/279/244 255/291/244 258/293/244 259/294/244
f 255/291/244 257/292/244 260/295/244 258/293/244
f 259/294/245 258/293/245 261/296/245 262/297/245
f 258/293/245 260/295/245 263/298/245 261/296/245
f 262/297/246 261/296/246 264/299/246 265/300/246
f 261/296/246 263/298/246 266/301/246 264/299/246
f 265/300/247 264/299/247 267/302/247 268/303/247
f 264/299/247 266/301/247 269/304/247 267/302/247
f 268/303/247 267/302/247 270/305/247 271/306/247
f 267/302/247 269/304/247 272/307/247 270/305/247
f 271/306/248 270/305/248 273/308/248 274/309/248
f 270/305/248 272/307/248 275/310/248 273/308/248
f 274/309/249 273/308/249 276/311/249 277/272/249
f 273/308/249 275/310/249 278/312/249 276/311/249
f 277/272/250 276/311/250 279/313/250 233/271/250
f 276/311/250 278/312/250 280/314/250 279/313/250
f 233/271/250 279/313/250 281/315/250 231/268/250
f 279/313/250 280/314/250 283/316/250 281/315/250
f 231/268/251 281/315/251 282/317/251 228/269/251
f 281/315/251 283/316/251 284/318/251 282/317/251
f 283/316/251 285/319/251 287/320/251 284/318/251
f 280/314/250 286/321/250 285/319/250 283/316/250
f 286/321/252 289/204/252 288/200/252 285/319/252
f 285/319/253 288/200/253 290/322/253 287/320/253
f 292/244/254 291/249/254 288/12/254 289/5/254
f 291/249/255 294/253/255 290/18/255 288/12/255
f 324/245/256 293/250/256 291/249/256 292/244/256
f 293/250/257 296/254/257 294/253/257 291/249/257
f 287/323/258 290/324/258 294/325/258 295/326/258
f 295/326/259 294/325/259 296/327/259 297/328/259
f 297/328/259 296/327/259 298/329/259 301/330/259
f 300/121/257 298/119/257 296/254/257 293/250/257
f 305/331/260 299/332/260 298/119/260 300/121/260
f 301/330/261 298/329/261 299/333/261 303/334/261
f 302/288/242 301/330/242 303/334/242 252/289/242
f 327/335/262 297/328/262 301/330/262 302/288/262
f 303/334/263 299/333/263 305/336/263 304/337/263
f 252/289/243 303/334/243 304/337/243 254/290/243
f 254/290/244 304/337/244 306/338/244 257/292/244
f 304/337/264 305/336/264 307/339/264 306/338/264
f 257/292/244 306/338/244 308/340/244 260/295/244
f 306/338/264 307/339/264 309/341/264 308/340/264
f 308/340/265 309/341/265 311/342/265 310/343/265
f 260/295/245 308/340/245 310/343/245 263/298/245
f 310/343/266 311/342/266 313/104/266 312/344/266
f 263/298/246 310/343/246 312/344/246 266/301/246
f 312/344/267 313/104/267 315/123/267 314/345/267
f 266/301/247 312/344/247 314/345/247 269/304/247
f 269/304/247 314/345/247 316/346/247 272/307/247
f 314/345/267 315/123/267 317/126/267 316/346/267
f 272/307/248 316/346/248 318/347/248 275/310/248
f 316/346/268 317/126/268 319/128/268 318/347/268
f 318/347/269 319/128/269 321/135/269 320/348/269
f 275/310/249 318/347/249 320/348/249 278/312/249
f 278/312/250 320/348/250 286/321/250 280/314/250
f 320/348/252 321/135/252 289/204/252 286/321/252
f 317/126/270 322/130/270 321/131/270 319/128/270
f 322/130/254 292/244/254 289/5/254 321/131/254
f 315/123/271 323/132/271 322/130/271 317/126/271
f 323/132/256 324/245/256 292/244/256 322/130/256
f 313/104/271 325/102/271 323/132/271 315/123/271
f 325/102/256 326/100/256 324/245/256 323/132/256
f 311/342/272 309/349/272 325/102/272 313/104/272
f 309/349/273 307/350/273 326/100/273 325/102/273
f 326/100/256 300/121/256 293/250/256 324/245/256
f 307/350/273 305/331/273 300/121/273 326/100/273
f 329/351/262 327/335/262 302/288/262 251/285/262
f 328/352/262 295/326/262 297/328/262 327/335/262
f 330/353/262 328/352/262 327/335/262 329/351/262
f 332/266/262 330/353/262 329/351/262 331/354/262
f 331/354/262 329/351/262 251/285/262 249/284/262
f 227/267/274 332/266/274 331/354/274 333/355/274
f 333/355/274 331/354/274 249/284/274 244/283/274
f 333/57/275 238/55/275 230/54/275 227/48/275
f 228/265/276 282/356/276 330/353/276 332/266/276
f 282/356/276 284/357/276 328/352/276 330/353/276
f 284/357/276 287/323/276 295/326/276 328/352/276
f 334/74/277 274/309/277 277/272/277 234/220/277
f 335/73/278 271/306/278 274/309/278 334/74/278
f 236/67/279 335/73/279 334/74/279 234/68/279
f 239/69/280 336/75/280 335/73/280 236/67/280
f 336/75/281 268/303/281 271/306/281 335/73/281
f 337/80/281 265/300/281 268/303/281 336/75/281
f 242/105/280 337/80/280 336/75/280 239/69/280
f 338/358/282 262/297/282 265/300/282 337/80/282
f 339/274/283 338/358/283 337/80/283 242/105/283
f 339/359/284 259/294/284 262/297/284 338/358/284
f 241/280/239 256/279/239 259/294/239 339/359/239
f 346/360/247 343/361/247 340/362/247 341/363/247 466/364/247 465/365/247 464/366/247 459/367/247 458/368/247 457/369/247 456/370/247 365/371/247 364/372/247 363/373/247 362/374/247 357/375/247 356/376/247 355/377/247 354/378/247 347/379/247
f 340/380/285 342/381/285 468/382/285 341/383/285
f 343/384/286 345/385/286 342/386/286 340/387/286
f 365/371/247 456/370/247 451/388/247 450/389/247 449/390/247 448/391/247 443/392/247 442/393/247 441/394/247 440/395/247 435/396/247 434/397/247 433/398/247 432/399/247 427/400/247 426/401/247 425/402/247 422/403/247 421/404/247 420/405/247 414/406/247 416/407/247 418/408/247 344/409/247 343/361/247 346/360/247 348/410/247 412/411/247 406/412/247 405/413/247 404/414/247 403/415/247 397/416/247 396/417/247 395/418/247 394/419/247 389/420/247 388/421/247 387/422/247 386/423/247 381/424/247 380/425/247 379/426/247 378/427/247 373/428/247 372/429/247 371/430/247 370/431/247
f 344/432/287 419/433/287 345/385/287 343/384/287
f 347/434/288 351/435/288 349/436/288 346/437/288
f 346/437/289 349/436/289 350/438/289 348/439/289
f 460/440/262 461/441/262 462/442/262 463/443/262 467/444/262 468/445/262 342/446/262 345/447/262 419/448/262 417/449/262 415/450/262 409/451/262 408/452/262 410/453/262 411/454/262 350/455/262 349/456/262 351/457/262 352/458/262 353/459/262 358/460/262 359/461/262 360/462/262 361/463/262 366/464/262 367/465/262 368/466/262 369/467/262 374/468/262 375/469/262 376/470/262 377/471/262 382/472/262 383/473/262 384/474/262 385/475/262 390/476/262 391/477/262 392/478/262 393/479/262 398/480/262 399/481/262 428/482/262 429/483/262 430/484/262 431/485/262 436/486/262 437/487/262 438/488/262 439/489/262 444/490/262 445/491/262 446/492/262 447/493/262 452/494/262 453/495/262 454/496/262 455/497/262
f 354/498/290 352/499/290 351/500/290 347/501/290
f 355/502/291 353/503/291 352/499/291 354/498/291
f 356/504/292 358/505/292 353/503/292 355/502/292
f 357/506/293 359/507/293 358/505/293 356/504/293
f 360/508/294 359/507/294 357/506/294 362/509/294
f 361/510/295 360/508/295 362/509/295 363/511/295
f 366/512/296 361/510/296 363/511/296 364/513/296
f 367/514/297 366/512/297 364/513/297 365/515/297
f 368/516/298 367/514/298 365/515/298 370/517/298
f 369/518/299 368/516/299 370/517/299 371/519/299
f 374/520/300 369/518/300 371/519/300 372/521/300
f 375/522/301 374/520/301 372/521/301 373/523/301
f 376/524/302 375/522/302 373/523/302 378/525/302
f 377/526/303 376/524/303 378/525/303 379/527/303
f 382/528/304 377/526/304 379/527/304 380/529/304
f 383/530/286 382/528/286 380/529/286 381/531/286
f 384/532/305 383/530/305 381/531/305 386/533/305
f 385/534/306 384/532/306 386/533/306 387/535/306
f 390/536/307 385/534/307 387/535/307 388/537/307
f 391/538/308 390/536/308 388/537/308 389/539/308
f 394/540/309 392/541/309 391/538/309 389/539/309
f 395/542/310 393/543/310 392/541/310 394/540/310
f 396/544/311 398/545/311 393/543/311 395/542/311
f 397/546/312 400/547/312 398/545/312 396/544/312
f 409/451/262 413/548/262 423/549/262 424/550/262 399/481/262 398/480/262 400/551/262 401/552/262 402/553/262 407/554/262 408/452/262
f 403/555/313 401/556/313 400/547/313 397/546/313
f 404/557/314 402/558/314 401/556/314 403/555/314
f 405/559/315 407/560/315 402/558/315 404/557/315
f 406/561/316 410/562/316 408/563/316 407/560/316 405/559/316
f 412/564/317 411/565/317 410/562/317 406/561/317
f 348/439/318 350/438/318 411/565/318 412/564/318
f 420/275/319 413/566/319 409/567/319 414/568/319
f 414/568/301 409/567/301 415/569/301 416/276/301
f 416/276/320 415/569/320 417/570/320 418/571/320
f 418/571/303 417/570/303 419/433/303 344/432/303
f 421/572/299 423/573/299 413/566/299 420/275/299
f 422/273/321 424/574/321 423/573/321 421/572/321
f 425/575/297 399/576/297 424/574/297 422/273/297
f 426/274/322 428/577/322 399/576/322 425/575/322
f 427/578/295 429/579/295 428/577/295 426/274/295
f 432/358/323 430/270/323 429/579/323 427/578/323
f 433/580/293 431/581/293 430/270/293 432/358/293
f 434/582/324 436/583/324 431/581/324 433/580/324
f 435/584/291 437/585/291 436/583/291 434/582/291
f 440/586/325 438/587/325 437/585/325 435/584/325
f 441/588/288 439/589/288 438/587/288 440/586/288
f 442/590/326 444/591/326 439/589/326 441/588/326
f 443/592/318 445/593/318 444/591/318 442/590/318
f 448/342/327 446/322/327 445/593/327 443/592/327
f 449/594/316 447/595/316 446/322/316 448/342/316
f 450/349/328 452/596/328 447/595/328 449/594/328
f 451/597/314 453/598/314 452/596/314 450/349/314
f 456/350/329 454/599/329 453/598/329 451/597/329
f 457/600/312 455/601/312 454/599/312 456/350/312
f 458/331/330 460/602/330 455/601/330 457/600/330
f 459/603/310 461/604/310 460/602/310 458/331/310
f 464/332/331 462/605/331 461/604/331 459/603/331
f 465/606/308 463/607/308 462/605/308 464/332/308
f 466/608/332 467/609/332 463/607/332 465/606/332
f 341/383/306 468/382/306 467/609/306 466/608/306
f 469/264/333 471/265/333 502/266/333 470/267/333
f 470/48/334 473/54/334 472/52/334 469/46/334
f 472/161/250 474/268/250 471/269/250 469/270/250
f 473/54/334 478/61/334 475/62/334 472/52/334
f 475/219/250 476/271/250 474/268/250 472/161/250
f 477/220/250 518/272/250 476/271/250 475/219/250
f 478/61/334 480/67/334 477/68/334 475/62/334
f 496/55/334 479/63/334 478/61/334 473/54/334
f 479/63/334 482/69/334 480/67/334 478/61/334
f 482/69/334 483/75/334 481/73/334 480/67/334
f 480/67/334 481/73/334 522/74/334 477/68/334
f 486/107/334 484/105/334 482/69/334 479/63/334
f 484/105/334 485/80/334 483/75/334 482/69/334
f 487/274/334 488/358/334 485/80/334 484/105/334
f 490/273/334 487/274/334 484/105/334 486/107/334
f 487/359/244 489/294/244 528/297/244 488/358/244
f 490/280/244 491/279/244 489/294/244 487/359/244
f 492/277/244 493/278/244 491/279/244 490/280/244
f 492/275/334 490/273/334 486/107/334 495/109/334
f 494/281/244 545/282/244 493/278/244 492/277/244
f 494/276/334 492/275/334 495/109/334 497/111/334
f 497/111/334 495/109/334 496/55/334 499/57/334
f 495/109/334 486/107/334 479/63/334 496/55/334
f 497/283/333 498/284/333 545/282/333 494/281/333
f 499/355/333 500/354/333 498/284/333 497/283/333
f 470/267/333 502/266/333 500/354/333 499/355/333
f 499/57/334 496/55/334 473/54/334 470/48/334
f 500/354/333 501/335/333 544/288/333 498/284/333
f 502/266/333 503/352/333 501/335/333 500/354/333
f 471/265/333 505/357/333 503/352/333 502/266/333
f 503/352/333 504/326/333 548/328/333 501/335/333
f 505/357/333 507/323/333 504/326/333 503/352/333
f 474/268/250 506/316/250 505/318/250 471/269/250
f 506/316/250 509/319/250 507/320/250 505/318/250
f 507/323/333 508/324/333 550/325/333 504/326/333
f 509/319/250 510/200/250 508/322/250 507/320/250
f 511/321/250 513/204/250 510/200/250 509/319/250
f 512/314/250 511/321/250 509/319/250 506/316/250
f 517/312/250 514/348/250 511/321/250 512/314/250
f 514/348/250 515/135/250 513/204/250 511/321/250
f 516/347/250 559/128/250 515/135/250 514/348/250
f 519/310/250 516/347/250 514/348/250 517/312/250
f 518/272/250 517/312/250 512/314/250 476/271/250
f 521/309/250 519/310/250 517/312/250 518/272/250
f 523/306/335 520/307/335 519/310/335 521/309/335
f 520/307/335 560/346/335 516/347/335 519/310/335
f 522/74/250 521/309/250 518/272/250 477/220/250
f 481/73/335 523/306/335 521/309/335 522/74/335
f 483/75/335 524/303/335 523/306/335 481/73/335
f 524/303/335 525/304/335 520/307/335 523/306/335
f 485/80/335 526/300/335 524/303/335 483/75/335
f 526/300/335 527/301/335 525/304/335 524/303/335
f 488/358/335 528/297/335 526/300/335 485/80/335
f 528/297/335 529/298/335 527/301/335 526/300/335
f 489/294/244 530/295/244 529/298/244 528/297/244
f 529/298/335 531/343/335 532/344/335 527/301/335
f 530/295/244 534/340/244 531/343/244 529/298/244
f 531/343/335 533/342/335 562/104/335 532/344/335
f 534/340/244 535/341/244 533/342/244 531/343/244
f 536/338/244 538/339/244 535/341/244 534/340/244
f 537/292/244 536/338/244 534/340/244 530/295/244
f 542/290/244 539/337/244 536/338/244 537/292/244
f 539/337/244 540/336/244 538/339/244 536/338/244
f 541/334/244 566/333/244 540/336/244 539/337/244
f 543/289/244 541/334/244 539/337/244 542/290/244
f 493/278/244 542/290/244 537/292/244 491/279/244
f 545/282/244 543/289/244 542/290/244 493/278/244
f 498/284/333 544/288/333 543/289/333 545/282/333
f 544/288/333 546/330/333 541/334/333 543/289/333
f 501/335/333 548/328/333 546/330/333 544/288/333
f 546/330/333 547/329/333 566/333/333 541/334/333
f 548/328/333 549/327/333 547/329/333 546/330/333
f 504/326/333 550/325/333 549/327/333 548/328/333
f 551/250/336 549/254/336 550/253/336 554/249/336
f 552/121/336 547/119/336 549/254/336 551/250/336
f 565/100/336 552/121/336 551/250/336 553/245/336
f 553/245/336 551/250/336 554/249/336 555/244/336
f 554/249/336 550/253/336 508/18/336 510/12/336
f 555/244/336 554/249/336 510/12/336 513/5/336
f 556/130/336 555/244/336 513/5/336 515/131/336
f 557/132/336 553/245/336 555/244/336 556/130/336
f 558/126/336 556/130/336 515/131/336 559/128/336
f 561/123/336 557/132/336 556/130/336 558/126/336
f 560/346/335 558/126/335 559/128/335 516/347/335
f 563/345/335 561/123/335 558/126/335 560/346/335
f 532/344/335 562/104/335 561/123/335 563/345/335
f 562/104/336 564/102/336 557/132/336 561/123/336
f 525/304/335 563/345/335 560/346/335 520/307/335
f 527/301/335 532/344/335 563/345/335 525/304/335
f 533/342/336 535/349/336 564/102/336 562/104/336
f 535/349/336 538/350/336 565/100/336 564/102/336
f 564/102/336 565/100/336 553/245/336 557/132/336
f 538/350/336 540/331/336 552/121/336 565/100/336
f 540/331/336 566/332/336 547/119/336 552/121/336
f 491/279/244 537/292/244 530/295/244 489/294/244
f 476/271/250 512/314/250 506/316/250 474/268/250
f 568/48/333 571/54/333 570/52/333 567/46/333
f 567/264/336 569/265/336 600/266/336 568/267/336
f 570/161/250 572/268/250 569/269/250 567/270/250
f 571/54/333 576/61/333 573/62/333 570/52/333
f 573/219/250 574/271/250 572/268/250 570/161/250
f 575/220/250 616/272/250 574/271/250 573/219/250
f 576/61/333 578/67/333 575/68/333 573/62/333
f 594/55/333 577/63/333 576/61/333 571/54/333
f 577/63/333 580/69/333 578/67/333 576/61/333
f 578/67/333 579/73/333 620/74/333 575/68/333
f 580/69/333 581/75/333 579/73/333 578/67/333
f 584/107/333 582/105/333 580/69/333 577/63/333
f 582/105/333 583/80/333 581/75/333 580/69/333
f 585/274/333 586/358/333 583/80/333 582/105/333
f 588/273/333 585/274/333 582/105/333 584/107/333
f 585/359/244 587/294/244 626/297/244 586/358/244
f 588/280/244 589/279/244 587/294/244 585/359/244
f 590/277/244 591/278/244 589/279/244 588/280/244
f 590/275/333 588/273/333 584/107/333 593/109/333
f 592/281/244 643/282/244 591/278/244 590/277/244
f 592/276/333 590/275/333 593/109/333 595/111/333
f 593/109/333 584/107/333 577/63/333 594/55/333
f 595/111/333 593/109/333 594/55/333 597/57/333
f 597/355/336 598/354/336 596/284/336 595/283/336
f 595/283/336 596/284/336 643/282/336 592/281/336
f 597/57/333 594/55/333 571/54/333 568/48/333
f 568/267/336 600/266/336 598/354/336 597/355/336
f 598/354/336 599/335/336 642/288/336 596/284/336
f 600/266/336 601/352/336 599/335/336 598/354/336
f 569/265/336 603/357/336 601/352/336 600/266/336
f 603/357/336 605/323/336 602/326/336 601/352/336
f 601/352/336 602/326/336 646/328/336 599/335/336
f 572/268/250 604/316/250 603/318/250 569/269/250
f 604/316/250 607/319/250 605/320/250 603/318/250
f 605/323/336 606/324/336 648/325/336 602/326/336
f 607/319/250 608/200/250 606/322/250 605/320/250
f 609/321/250 611/204/250 608/200/250 607/319/250
f 610/314/250 609/321/250 607/319/250 604/316/250
f 615/312/250 612/348/250 609/321/250 610/314/250
f 612/348/250 613/135/250 611/204/250 609/321/250
f 614/347/250 657/128/250 613/135/250 612/348/250
f 617/310/250 614/347/250 612/348/250 615/312/250
f 616/272/250 615/312/250 610/314/250 574/271/250
f 619/309/250 617/310/250 615/312/250 616/272/250
f 618/307/334 658/346/334 614/347/334 617/310/334
f 621/306/334 618/307/334 617/310/334 619/309/334
f 620/74/250 619/309/250 616/272/250 575/220/250
f 579/73/334 621/306/334 619/309/334 620/74/334
f 581/75/334 622/303/334 621/306/334 579/73/334
f 622/303/334 623/304/334 618/307/334 621/306/334
f 583/80/334 624/300/334 622/303/334 581/75/334
f 624/300/334 625/301/334 623/304/334 622/303/334
f 586/358/334 626/297/334 624/300/334 583/80/334
f 626/297/334 627/298/334 625/301/334 624/300/334
f 587/294/244 628/295/244 627/298/244 626/297/244
f 627/298/334 629/343/334 630/344/334 625/301/334
f 628/295/244 632/340/244 629/343/244 627/298/244
f 629/343/334 631/342/334 660/104/334 630/344/334
f 632/340/244 633/341/244 631/342/244 629/343/244
f 634/338/244 636/339/244 633/341/244 632/340/244
f 635/292/244 634/338/244 632/340/244 628/295/244
f 640/290/244 637/337/244 634/338/244 635/292/244
f 637/337/244 638/336/244 636/339/244 634/338/244
f 639/334/244 664/333/244 638/336/244 637/337/244
f 641/289/244 639/334/244 637/337/244 640/290/244
f 591/278/244 640/290/244 635/292/244 589/279/244
f 643/282/244 641/289/244 640/290/244 591/278/244
f 642/288/336 644/330/336 639/334/336 641/289/336
f 596/284/336 642/288/336 641/289/336 643/282/336
f 599/335/336 646/328/336 644/330/336 642/288/336
f 644/330/336 645/329/336 664/333/336 639/334/336
f 646/328/336 647/327/336 645/329/336 644/330/336
f 602/326/336 648/325/336 647/327/336 646/328/336
f 649/250/335 647/254/335 648/253/335 652/249/335
f 650/121/335 645/119/335 647/254/335 649/250/335
f 663/100/335 650/121/335 649/250/335 651/245/335
f 651/245/335 649/250/335 652/249/335 653/244/335
f 652/249/335 648/253/335 606/18/335 608/12/335
f 653/244/335 652/249/335 608/12/335 611/5/335
f 654/130/335 653/244/335 611/5/335 613/131/335
f 655/132/335 651/245/335 653/244/335 654/130/335
f 656/126/335 654/130/335 613/131/335 657/128/335
f 659/123/335 655/132/335 654/130/335 656/126/335
f 658/346/334 656/126/334 657/128/334 614/347/334
f 661/345/334 659/123/334 656/126/334 658/346/334
f 660/104/335 662/102/335 655/132/335 659/123/335
f 630/344/334 660/104/334 659/123/334 661/345/334
f 623/304/334 661/345/334 658/346/334 618/307/334
f 625/301/334 630/344/334 661/345/334 623/304/334
f 631/342/335 633/349/335 662/102/335 660/104/335
f 662/102/335 663/100/335 651/245/335 655/132/335
f 633/349/335 636/350/335 663/100/335 662/102/335
f 636/350/335 638/331/335 650/121/335 663/100/335
f 638/331/335 664/332/335 645/119/335 650/121/335
f 589/279/244 635/292/244 628/295/244 587/294/244
f 574/271/250 610/314/250 604/316/250 572/268/250
f 666/384/337 670/385/337 668/386/337 665/387/337
f 769/360/333 666/361/333 665/362/333 667/363/333 792/364/333 791/365/333 790/366/333 785/367/333 784/368/333 719/369/333 718/370/333 720/371/333 721/372/333 783/373/333 782/374/333 777/375/333 776/376/333 774/377/333 773/378/333 772/379/333
f 665/380/338 668/381/338 669/382/338 667/383/338
f 786/440/335 787/441/335 788/442/335 789/443/335 793/444/335 669/445/335 668/446/335 670/447/335 671/448/335 673/449/335 674/450/335 679/451/335 680/452/335 764/453/335 765/454/335 766/455/335 768/456/335 770/457/335 771/458/335 775/459/335 778/460/335 779/461/335 780/462/335 781/463/335 724/464/335 723/465/335 725/466/335 726/467/335 727/468/335 732/469/335 733/470/335 734/471/335 735/472/335 740/473/335 741/474/335 742/475/335 743/476/335 748/477/335 749/478/335 750/479/335 751/480/335 687/481/335 690/482/335 691/483/335 692/484/335 693/485/335 698/486/335 699/487/335 700/488/335 701/489/335 706/490/335 707/491/335 708/492/335 709/493/335 714/494/335 715/495/335 716/496/335 717/497/335
f 672/432/339 671/433/339 670/385/339 666/384/339
f 675/571/340 673/570/340 671/433/340 672/432/340
f 676/276/341 674/569/341 673/570/341 675/571/341
f 720/371/333 718/370/333 713/388/333 712/389/333 711/390/333 710/391/333 705/392/333 704/393/333 703/394/333 702/395/333 697/396/333 696/397/333 695/398/333 694/399/333 689/400/333 688/401/333 686/402/333 685/403/333 684/404/333 678/405/333 677/406/333 676/407/333 675/408/333 672/409/333 666/361/333 769/360/333 767/410/333 763/411/333 762/412/333 761/413/333 760/414/333 755/415/333 754/416/333 753/417/333 752/418/333 747/419/333 746/420/333 745/421/333 744/422/333 739/423/333 738/424/333 737/425/333 736/426/333 731/427/333 730/428/333 729/429/333 728/430/333 722/431/333
f 677/568/342 679/567/342 674/569/342 676/276/342
f 678/275/343 681/566/343 679/567/343 677/568/343
f 679/451/335 681/548/335 682/549/335 683/550/335 687/481/335 751/480/335 756/551/335 757/552/335 758/553/335 759/554/335 680/452/335
f 684/572/344 682/573/344 681/566/344 678/275/344
f 685/273/345 683/574/345 682/573/345 684/572/345
f 686/575/346 687/576/346 683/574/346 685/273/346
f 688/274/347 690/577/347 687/576/347 686/575/347
f 689/578/348 691/579/348 690/577/348 688/274/348
f 694/358/349 692/270/349 691/579/349 689/578/349
f 695/580/350 693/581/350 692/270/350 694/358/350
f 696/582/351 698/583/351 693/581/351 695/580/351
f 697/584/352 699/585/352 698/583/352 696/582/352
f 702/586/353 700/587/353 699/585/353 697/584/353
f 703/588/354 701/589/354 700/587/354 702/586/354
f 704/590/355 706/591/355 701/589/355 703/588/355
f 705/592/356 707/593/356 706/591/356 704/590/356
f 710/342/357 708/322/357 707/593/357 705/592/357
f 711/594/358 709/595/358 708/322/358 710/342/358
f 712/349/359 714/596/359 709/595/359 711/594/359
f 713/597/360 715/598/360 714/596/360 712/349/360
f 718/350/361 716/599/361 715/598/361 713/597/361
f 719/600/362 717/601/362 716/599/362 718/350/362
f 723/514/346 724/512/346 721/513/346 720/515/346
f 725/516/363 723/514/363 720/515/363 722/517/363
f 726/518/344 725/516/344 722/517/344 728/519/344
f 727/520/364 726/518/364 728/519/364 729/521/364
f 732/522/342 727/520/342 729/521/342 730/523/342
f 733/524/365 732/522/365 730/523/365 731/525/365
f 734/526/366 733/524/366 731/525/366 736/527/366
f 735/528/367 734/526/367 736/527/367 737/529/367
f 740/530/368 735/528/368 737/529/368 738/531/368
f 741/532/369 740/530/369 738/531/369 739/533/369
f 742/534/370 741/532/370 739/533/370 744/535/370
f 743/536/371 742/534/371 744/535/371 745/537/371
f 748/538/372 743/536/372 745/537/372 746/539/372
f 747/540/373 749/541/373 748/538/373 746/539/373
f 752/542/374 750/543/374 749/541/374 747/540/374
f 753/544/375 751/545/375 750/543/375 752/542/375
f 754/546/362 756/547/362 751/545/362 753/544/362
f 755/555/376 757/556/376 756/547/376 754/546/376
f 760/557/360 758/558/360 757/556/360 755/555/360
f 761/559/377 759/560/377 758/558/377 760/557/377
f 762/561/378 764/562/378 680/563/378 759/560/378 761/559/378
f 763/564/379 765/565/379 764/562/379 762/561/379
f 767/439/380 766/438/380 765/565/380 763/564/380
f 769/437/381 768/436/381 766/438/381 767/439/381
f 772/434/354 770/435/354 768/436/354 769/437/354
f 773/498/382 771/499/382 770/500/382 772/501/382
f 774/502/383 775/503/383 771/499/383 773/498/383
f 776/504/384 778/505/384 775/503/384 774/502/384
f 777/506/385 779/507/385 778/505/385 776/504/385
f 780/508/386 779/507/386 777/506/386 782/509/386
f 781/510/387 780/508/387 782/509/387 783/511/387
f 724/512/388 781/510/388 783/511/388 721/513/388
f 784/331/389 786/602/389 717/601/389 719/600/389
f 785/603/390 787/604/390 786/602/390 784/331/390
f 790/332/391 788/605/391 787/604/391 785/603/391
f 791/606/392 789/607/392 788/605/392 790/332/392
f 792/608/393 793/609/393 789/607/393 791/606/393
f 667/383/394 669/382/394 793/609/394 792/608/394
f 795/384/337 799/385/337 797/386/337 794/387/337
f 879/360/333 795/361/333 794/362/333 796/363/333 859/364/333 858/365/333 853/366/333 852/367/333 851/368/333 850/369/333 845/370/333 860/371/333 863/372/333 864/373/333 869/374/333 870/375/333 871/376/333 872/377/333 877/378/333 878/379/333
f 794/380/338 797/381/338 798/382/338 796/383/338
f 849/440/335 854/441/335 855/442/335 856/443/335 857/444/335 798/445/335 797/446/335 799/447/335 800/448/335 802/449/335 803/450/335 808/451/335 809/452/335 884/453/335 883/454/335 882/455/335 881/456/335 876/457/335 875/458/335 874/459/335 873/460/335 868/461/335 867/462/335 866/463/335 865/464/335 862/465/335 922/466/335 919/467/335 918/468/335 917/469/335 916/470/335 911/471/335 910/472/335 909/473/335 908/474/335 903/475/335 902/476/335 901/477/335 900/478/335 897/479/335 816/480/335 815/481/335 817/482/335 822/483/335 823/484/335 824/485/335 825/486/335 830/487/335 831/488/335 832/489/335 833/490/335 838/491/335 839/492/335 840/493/335 841/494/335 846/495/335 847/496/335 848/497/335
f 801/432/339 800/433/339 799/385/339 795/384/339
f 804/571/340 802/570/340 800/433/340 801/432/340
f 805/276/341 803/569/341 802/570/341 804/571/341
f 860/371/333 845/370/333 844/388/333 843/389/333 842/390/333 837/391/333 836/392/333 835/393/333 834/394/333 829/395/333 828/396/333 827/397/333 826/398/333 821/399/333 820/400/333 819/401/333 818/402/333 814/403/333 812/404/333 807/405/333 806/406/333 805/407/333 804/408/333 801/409/333 795/361/333 879/360/333 880/410/333 885/411/333 886/412/333 887/413/333 889/414/333 891/415/333 892/416/333 895/417/333 896/418/333 898/419/333 899/420/333 904/421/333 905/422/333 906/423/333 907/424/333 912/425/333 913/426/333 914/427/333 915/428/333 920/429/333 921/430/333 861/431/333
f 806/568/342 808/567/342 803/569/342 805/276/342
f 807/275/343 810/566/343 808/567/343 806/568/343
f 808/451/335 810/548/335 811/549/335 813/550/335 815/481/335 816/480/335 894/551/335 893/552/335 890/553/335 888/554/335 809/452/335
f 812/572/344 811/573/344 810/566/344 807/275/344
f 814/273/395 813/574/395 811/573/395 812/572/395
f 818/575/346 815/576/346 813/574/346 814/273/346
f 819/274/347 817/577/347 815/576/347 818/575/347
f 820/578/348 822/579/348 817/577/348 819/274/348
f 821/358/349 823/270/349 822/579/349 820/578/349
f 826/580/350 824/581/350 823/270/350 821/358/350
f 827/582/351 825/583/351 824/581/351 826/580/351
f 828/584/352 830/585/352 825/583/352 827/582/352
f 829/586/353 831/587/353 830/585/353 828/584/353
f 834/588/354 832/589/354 831/587/354 829/586/354
f 835/590/355 833/591/355 832/589/355 834/588/355
f 836/592/356 838/593/356 833/591/356 835/590/356
f 837/342/357 839/322/357 838/593/357 836/592/357
f 842/594/358 840/595/358 839/322/358 837/342/358
f 843/349/396 841/596/396 840/595/396 842/594/396
f 844/597/360 846/598/360 841/596/360 843/349/360
f 845/350/361 847/599/361 846/598/361 844/597/361
f 850/600/362 848/601/362 847/599/362 845/350/362
f 851/331/389 849/602/389 848/601/389 850/600/389
f 852/603/390 854/604/390 849/602/390 851/331/390
f 853/332/391 855/605/391 854/604/391 852/603/391
f 858/606/392 856/607/392 855/605/392 853/332/392
f 859/608/393 857/609/393 856/607/393 858/606/393
f 796/383/394 798/382/394 857/609/394 859/608/394
f 922/516/363 862/514/363 860/515/363 861/517/363
f 862/514/346 865/512/346 863/513/346 860/515/346
f 865/512/388 866/510/388 864/511/388 863/513/388
f 866/510/387 867/508/387 869/509/387 864/511/387
f 867/508/386 868/507/386 870/506/386 869/509/386
f 870/506/385 868/507/385 873/505/385 871/504/385
f 871/504/384 873/505/384 874/503/384 872/502/384
f 872/502/383 874/503/383 875/499/383 877/498/383
f 877/498/382 875/499/382 876/500/382 878/501/382
f 878/434/397 876/435/397 881/436/397 879/437/397
f 879/437/381 881/436/381 882/438/381 880/439/381
f 880/439/380 882/438/380 883/565/380 885/564/380
f 885/564/379 883/565/379 884/562/379 886/561/379
f 886/561/378 884/562/378 809/563/378 888/560/378 887/559/378
f 887/559/377 888/560/377 890/558/377 889/557/377
f 889/557/360 890/558/360 893/556/360 891/555/360
f 891/555/376 893/556/376 894/547/376 892/546/376
f 892/546/362 894/547/362 816/545/362 895/544/362
f 895/544/375 816/545/375 897/543/375 896/542/375
f 896/542/374 897/543/374 900/541/374 898/540/374
f 898/540/373 900/541/373 901/538/373 899/539/373
f 901/538/372 902/536/372 904/537/372 899/539/372
f 902/536/371 903/534/371 905/535/371 904/537/371
f 903/534/370 908/532/370 906/533/370 905/535/370
f 908/532/398 909/530/398 907/531/398 906/533/398
f 909/530/337 910/528/337 912/529/337 907/531/337
f 910/528/367 911/526/367 913/527/367 912/529/367
f 911/526/366 916/524/366 914/525/366 913/527/366
f 916/524/365 917/522/365 915/523/365 914/525/365
f 917/522/342 918/520/342 920/521/342 915/523/342
f 918/520/364 919/518/364 921/519/364 920/521/364
f 919/518/344 922/516/344 861/517/344 921/519/344
f 924/48/334 927/54/334 926/52/334 923/46/334
f 923/264/333 925/265/333 960/266/333 924/267/333
f 926/161/250 928/268/250 925/269/250 923/270/250
f 927/54/334 932/61/334 929/62/334 926/52/334
f 929/219/250 930/271/250 928/268/250 926/161/250
f 931/220/250 1006/272/250 930/271/250 929/219/250
f 932/61/334 934/67/334 931/68/334 929/62/334
f 954/55/334 933/63/334 932/61/334 927/54/334
f 933/63/334 935/69/334 934/67/334 932/61/334
f 934/67/334 936/73/334 937/74/334 931/68/334
f 935/69/334 939/75/334 936/73/334 934/67/334
f 936/73/335 938/306/335 1008/309/335 937/74/335
f 939/75/335 940/303/335 938/306/335 936/73/335
f 941/80/335 942/300/335 940/303/335 939/75/335
f 944/105/334 941/80/334 939/75/334 935/69/334
f 943/358/335 989/297/335 942/300/335 941/80/335
f 946/274/334 943/358/334 941/80/334 944/105/334
f 948/273/334 946/274/334 944/105/334 945/107/334
f 945/107/334 944/105/334 935/69/334 933/63/334
f 946/359/244 947/294/244 989/297/244 943/358/244
f 948/280/244 949/279/244 947/294/244 946/359/244
f 950/277/244 951/278/244 949/279/244 948/280/244
f 950/275/334 948/273/334 945/107/334 953/109/334
f 952/281/244 1018/282/244 951/278/244 950/277/244
f 952/276/334 950/275/334 953/109/334 955/111/334
f 953/109/334 945/107/334 933/63/334 954/55/334
f 955/111/334 953/109/334 954/55/334 957/57/334
f 955/283/333 956/284/333 1018/282/333 952/281/333
f 957/355/333 958/354/333 956/284/333 955/283/333
f 924/267/333 960/266/333 958/354/333 957/355/333
f 957/57/334 954/55/334 927/54/334 924/48/334
f 960/266/333 961/352/333 959/335/333 958/354/333
f 958/354/333 959/335/333 1019/288/333 956/284/333
f 925/265/333 962/357/333 961/352/333 960/266/333
f 962/357/333 965/323/333 963/326/333 961/352/333
f 961/352/333 963/326/333 964/328/333 959/335/333
f 963/326/333 966/325/333 967/327/333 964/328/333
f 965/323/333 968/324/333 966/325/333 963/326/333
f 972/250/336 967/254/336 966/253/336 969/249/336
f 969/249/336 966/253/336 968/18/336 970/12/336
f 971/244/336 969/249/336 970/12/336 999/5/336
f 974/245/336 972/250/336 969/249/336 971/244/336
f 973/121/336 1020/119/336 967/254/336 972/250/336
f 976/100/336 973/121/336 972/250/336 974/245/336
f 975/132/336 974/245/336 971/244/336 997/130/336
f 978/102/336 976/100/336 974/245/336 975/132/336
f 979/349/336 977/350/336 976/100/336 978/102/336
f 977/350/336 1013/331/336 973/121/336 976/100/336
f 980/104/336 978/102/336 975/132/336 981/123/336
f 983/342/336 979/349/336 978/102/336 980/104/336
f 982/344/335 980/104/335 981/123/335 992/345/335
f 984/343/335 983/342/335 980/104/335 982/344/335
f 985/340/244 979/341/244 983/342/244 984/343/244
f 987/295/244 985/340/244 984/343/244 986/298/244
f 986/298/335 984/343/335 982/344/335 988/301/335
f 947/294/244 987/295/244 986/298/244 989/297/244
f 989/297/335 986/298/335 988/301/335 942/300/335
f 988/301/335 982/344/335 992/345/335 990/304/335
f 942/300/335 988/301/335 990/304/335 940/303/335
f 990/304/335 992/345/335 993/346/335 991/307/335
f 940/303/335 990/304/335 991/307/335 938/306/335
f 992/345/335 981/123/335 995/126/335 993/346/335
f 991/307/335 993/346/335 994/347/335 1007/310/335
f 993/346/335 995/126/335 996/128/335 994/347/335
f 995/126/336 997/130/336 998/131/336 996/128/336
f 981/123/336 975/132/336 997/130/336 995/126/336
f 997/130/336 971/244/336 999/5/336 998/131/336
f 1000/348/250 998/135/250 999/204/250 1002/321/250
f 994/347/250 996/128/250 998/135/250 1000/348/250
f 1007/310/250 994/347/250 1000/348/250 1001/312/250
f 1001/312/250 1000/348/250 1002/321/250 1004/314/250
f 1004/314/250 1002/321/250 1003/319/250 1005/316/250
f 1002/321/250 999/204/250 970/200/250 1003/319/250
f 930/271/250 1004/314/250 1005/316/250 928/268/250
f 1006/272/250 1001/312/250 1004/314/250 930/271/250
f 1005/316/250 1003/319/250 965/320/250 962/318/250
f 928/268/250 1005/316/250 962/318/250 925/269/250
f 1003/319/250 970/200/250 968/322/250 965/320/250
f 1008/309/250 1007/310/250 1001/312/250 1006/272/250
f 938/306/335 991/307/335 1007/310/335 1008/309/335
f 937/74/250 1008/309/250 1006/272/250 931/220/250
f 949/279/244 1009/292/244 987/295/244 947/294/244
f 1009/292/244 1011/338/244 985/340/244 987/295/244
f 951/278/244 1010/290/244 1009/292/244 949/279/244
f 1010/290/244 1012/337/244 1011/338/244 1009/292/244
f 1011/338/244 977/339/244 979/341/244 985/340/244
f 1012/337/244 1013/336/244 977/339/244 1011/338/244
f 1017/289/244 1014/334/244 1012/337/244 1010/290/244
f 1014/334/244 1015/333/244 1013/336/244 1012/337/244
f 1016/330/333 1020/329/333 1015/333/333 1014/334/333
f 1019/288/333 1016/330/333 1014/334/333 1017/289/333
f 1018/282/244 1017/289/244 1010/290/244 951/278/244
f 956/284/333 1019/288/333 1017/289/333 1018/282/333
f 959/335/333 964/328/333 1016/330/333 1019/288/333
f 964/328/333 967/327/333 1020/329/333 1016/330/333
f 1013/331/336 1015/332/336 1020/119/336 973/121/336
s 0
f 1021/586/399 1023/610/399 1591/611/399 1022/612/399
f 1025/613/400 1021/586/400 1022/612/400 1027/614/400
f 1024/615/401 1592/616/401 1023/610/401 1021/586/401
f 1028/617/402 1024/615/402 1021/586/402 1025/613/402
f 1026/618/403 1025/613/403 1027/614/403 1040/619/403
f 1030/620/404 1028/617/404 1025/613/404 1026/618/404
f 1031/621/405 1029/622/405 1028/617/405 1030/620/405
f 1029/622/406 1595/623/406 1024/615/406 1028/617/406
f 1033/624/407 1031/621/407 1030/620/407 1032/625/407
f 1032/625/408 1030/620/408 1026/618/408 1035/582/408
f 1075/626/409 1033/624/409 1032/625/409 1034/627/409
f 1034/627/410 1032/625/410 1035/582/410 1036/628/410
f 1036/628/411 1035/582/411 1037/629/411 1038/630/411
f 1035/582/412 1026/618/412 1040/619/412 1037/629/412
f 1038/630/413 1037/629/413 1039/631/413 1087/632/413
f 1037/629/414 1040/619/414 1041/633/414 1039/631/414
f 1040/619/415 1027/614/415 1043/634/415 1041/633/415
f 1039/631/416 1041/633/416 1042/635/416 1090/239/416
f 1041/633/417 1043/634/417 1044/636/417 1042/635/417
f 1027/614/418 1022/612/418 1045/637/418 1043/634/418
f 1043/634/419 1045/637/419 1047/241/419 1044/636/419
f 1022/612/420 1591/611/420 1046/638/420 1045/637/420
f 1045/637/421 1046/638/421 1048/639/421 1047/241/421
f 1047/241/422 1048/639/422 1050/640/422 1049/641/422
f 1044/636/423 1047/241/423 1049/641/423 1052/642/423
f 1049/641/424 1050/640/424 1596/643/424 1051/644/424
f 1052/642/425 1049/641/425 1051/644/425 1054/645/425
f 1042/635/426 1044/636/426 1052/642/426 1053/646/426
f 1053/646/427 1052/642/427 1054/645/427 1055/647/427
f 1055/647/428 1054/645/428 1056/648/428 1057/649/428
f 1054/645/429 1051/644/429 1059/587/429 1056/648/429
f 1057/650/430 1056/651/430 1058/652/430 1098/653/430
f 1056/651/431 1059/654/431 1061/655/431 1058/652/431
f 1051/644/432 1596/643/432 1060/656/432 1059/587/432
f 1059/654/433 1060/657/433 1062/658/433 1061/655/433
f 1061/655/434 1062/658/434 1064/659/434 1063/660/434
f 1058/652/435 1061/655/435 1063/660/435 1066/661/435
f 1063/660/436 1064/659/436 1594/662/436 1065/663/436
f 1066/661/437 1063/660/437 1065/663/437 1068/664/437
f 1098/653/438 1058/652/438 1066/661/438 1067/665/438
f 1067/665/439 1066/661/439 1068/664/439 1069/666/439
f 1069/666/440 1068/664/440 1029/622/440 1031/621/440
f 1068/664/441 1065/663/441 1595/623/441 1029/622/441
f 1071/667/442 1067/665/442 1069/666/442 1070/668/442
f 1070/668/443 1069/666/443 1031/621/443 1033/624/443
f 1073/669/444 1071/667/444 1070/668/444 1072/670/444
f 1072/670/445 1070/668/445 1033/624/445 1075/626/445
f 1102/671/446 1073/669/446 1072/670/446 1074/672/446
f 1074/672/447 1072/670/447 1075/626/447 1076/673/447
f 1076/673/448 1075/626/448 1034/627/448 1078/674/448
f 1105/281/449 1074/672/449 1076/673/449 1077/675/449
f 1077/675/450 1076/673/450 1078/674/450 1079/676/450
f 1079/676/451 1078/674/451 1080/677/451 1081/358/451
f 1078/674/452 1034/627/452 1036/628/452 1080/677/452
f 1081/358/453 1080/677/453 1082/678/453 1083/679/453
f 1080/677/454 1036/628/454 1038/630/454 1082/678/454
f 1083/679/455 1082/678/455 1084/680/455 1085/681/455
f 1082/678/456 1038/630/456 1087/632/456 1084/680/456
f 1085/681/457 1084/680/457 1086/682/457 1121/74/457
f 1084/680/458 1087/632/458 1088/683/458 1086/682/458
f 1087/632/459 1039/631/459 1090/239/459 1088/683/459
f 1086/682/460 1088/683/460 1089/684/460 1124/685/460
f 1088/683/461 1090/239/461 1091/686/461 1089/684/461
f 1090/239/462 1042/635/462 1053/646/462 1091/686/462
f 1089/684/463 1091/686/463 1092/687/463 1093/688/463
f 1091/686/464 1053/646/464 1055/647/464 1092/687/464
f 1093/688/465 1092/687/465 1094/583/465 1095/689/465
f 1092/687/466 1055/647/466 1057/649/466 1094/583/466
f 1095/690/467 1094/691/467 1096/692/467 1097/693/467
f 1094/691/468 1057/650/468 1098/653/468 1096/692/468
f 1097/693/469 1096/692/469 1071/667/469 1073/669/469
f 1096/692/470 1098/653/470 1067/665/470 1071/667/470
f 1100/694/471 1095/690/471 1097/693/471 1099/695/471
f 1099/695/472 1097/693/472 1073/669/472 1102/671/472
f 1127/696/473 1100/694/473 1099/695/473 1101/697/473
f 1101/697/474 1099/695/474 1102/671/474 1103/698/474
f 1103/698/475 1102/671/475 1074/672/475 1105/281/475
f 1130/699/476 1101/697/476 1103/698/476 1104/700/476
f 1104/700/477 1103/698/477 1105/281/477 1106/701/477
f 1106/701/478 1105/281/478 1077/675/478 1108/702/478
f 1133/703/479 1104/700/479 1106/701/479 1107/704/479
f 1107/704/480 1106/701/480 1108/702/480 1109/705/480
f 1109/705/481 1108/702/481 1110/706/481 1111/707/481
f 1108/702/482 1077/675/482 1079/676/482 1110/706/482
f 1111/707/483 1110/706/483 1112/708/483 1113/709/483
f 1110/706/484 1079/676/484 1081/358/484 1112/708/484
f 1113/709/485 1112/708/485 1114/710/485 1115/711/485
f 1112/708/486 1081/358/486 1083/679/486 1114/710/486
f 1115/711/487 1114/710/487 1116/712/487 1117/713/487
f 1114/710/488 1083/679/488 1085/681/488 1116/712/488
f 1117/713/489 1116/712/489 1118/714/489 1119/715/489
f 1116/712/490 1085/681/490 1121/74/490 1118/714/490
f 1119/715/491 1118/714/491 1120/716/491 1153/717/491
f 1118/714/492 1121/74/492 1122/718/492 1120/716/492
f 1121/74/493 1086/682/493 1124/685/493 1122/718/493
f 1120/716/494 1122/718/494 1123/719/494 1126/720/494
f 1122/718/495 1124/685/495 1125/721/495 1123/719/495
f 1124/685/496 1089/684/496 1093/688/496 1125/721/496
f 1123/719/497 1125/721/497 1100/722/497 1127/270/497
f 1125/721/498 1093/688/498 1095/689/498 1100/722/498
f 1126/720/499 1123/719/499 1127/270/499 1128/723/499
f 1128/724/500 1127/696/500 1101/697/500 1130/699/500
f 1154/725/501 1126/720/501 1128/723/501 1129/726/501
f 1129/727/502 1128/724/502 1130/699/502 1131/728/502
f 1131/728/503 1130/699/503 1104/700/503 1133/703/503
f 1156/729/504 1129/727/504 1131/728/504 1132/730/504
f 1132/730/505 1131/728/505 1133/703/505 1134/731/505
f 1134/731/506 1133/703/506 1107/704/506 1136/732/506
f 1159/733/507 1132/730/507 1134/731/507 1135/734/507
f 1135/734/508 1134/731/508 1136/732/508 1137/735/508
f 1137/735/509 1136/732/509 1138/736/509 1139/737/509
f 1136/732/510 1107/704/510 1109/705/510 1138/736/510
f 1139/737/511 1138/736/511 1140/738/511 1141/739/511
f 1138/736/512 1109/705/512 1111/707/512 1140/738/512
f 1141/739/513 1140/738/513 1142/274/513 1143/740/513
f 1140/738/514 1111/707/514 1113/709/514 1142/274/514
f 1143/740/515 1142/274/515 1144/741/515 1145/742/515
f 1142/274/516 1113/709/516 1115/711/516 1144/741/516
f 1145/742/517 1144/741/517 1146/743/517 1147/744/517
f 1144/741/518 1115/711/518 1117/713/518 1146/743/518
f 1147/744/519 1146/743/519 1148/68/519 1149/745/519
f 1146/743/520 1117/713/520 1119/715/520 1148/68/520
f 1149/745/521 1148/68/521 1150/746/521 1151/747/521
f 1148/68/522 1119/715/522 1153/717/522 1150/746/522
f 1151/747/523 1150/746/523 1152/748/523 1155/749/523
f 1150/746/524 1153/717/524 1154/725/524 1152/748/524
f 1153/717/525 1120/716/525 1126/720/525 1154/725/525
f 1152/748/526 1154/725/526 1129/726/526 1156/577/526
f 1155/749/527 1152/748/527 1156/577/527 1157/750/527
f 1157/751/528 1156/729/528 1132/730/528 1159/733/528
f 1180/752/529 1155/749/529 1157/750/529 1158/753/529
f 1158/754/530 1157/751/530 1159/733/530 1160/755/530
f 1160/755/531 1159/733/531 1135/734/531 1162/756/531
f 1183/757/532 1158/754/532 1160/755/532 1161/758/532
f 1161/758/533 1160/755/533 1162/756/533 1163/759/533
f 1163/759/534 1162/756/534 1164/760/534 1165/761/534
f 1162/756/535 1135/734/535 1137/735/535 1164/760/535
f 1165/761/536 1164/760/536 1166/762/536 1167/763/536
f 1164/760/537 1137/735/537 1139/737/537 1166/762/537
f 1167/763/538 1166/762/538 1168/764/538 1169/765/538
f 1166/762/539 1139/737/539 1141/739/539 1168/764/539
f 1169/765/540 1168/764/540 1170/766/540 1171/273/540
f 1168/764/541 1141/739/541 1143/740/541 1170/766/541
f 1171/273/542 1170/766/542 1172/767/542 1173/768/542
f 1170/766/543 1143/740/543 1145/742/543 1172/767/543
f 1173/768/544 1172/767/544 1174/769/544 1175/770/544
f 1172/767/545 1145/742/545 1147/744/545 1174/769/545
f 1175/770/546 1174/769/546 1176/771/546 1177/62/546
f 1174/769/547 1147/744/547 1149/745/547 1176/771/547
f 1177/62/548 1176/771/548 1178/772/548 1179/773/548
f 1176/771/549 1149/745/549 1151/747/549 1178/772/549
f 1179/773/550 1178/772/550 1180/752/550 1181/774/550
f 1178/772/551 1151/747/551 1155/749/551 1180/752/551
f 1181/774/552 1180/752/552 1158/753/552 1183/574/552
f 1204/775/553 1179/773/553 1181/774/553 1182/776/553
f 1182/776/554 1181/774/554 1183/574/554 1184/777/554
f 1184/778/555 1183/757/555 1161/758/555 1186/779/555
f 1207/780/556 1182/776/556 1184/777/556 1185/781/556
f 1185/782/557 1184/778/557 1186/779/557 1187/783/557
f 1187/783/558 1186/779/558 1188/784/558 1189/785/558
f 1186/779/559 1161/758/559 1163/759/559 1188/784/559
f 1189/785/560 1188/784/560 1190/786/560 1191/787/560
f 1188/784/561 1163/759/561 1165/761/561 1190/786/561
f 1191/787/562 1190/786/562 1192/788/562 1193/789/562
f 1190/786/563 1165/761/563 1167/763/563 1192/788/563
f 1193/789/564 1192/788/564 1194/790/564 1195/791/564
f 1192/788/565 1167/763/565 1169/765/565 1194/790/565
f 1195/791/566 1194/790/566 1196/792/566 1197/793/566
f 1194/790/567 1169/765/567 1171/273/567 1196/792/567
f 1197/793/568 1196/792/568 1198/794/568 1199/795/568
f 1196/792/569 1171/273/569 1173/768/569 1198/794/569
f 1199/795/570 1198/794/570 1200/796/570 1201/797/570
f 1198/794/571 1173/768/571 1175/770/571 1200/796/571
f 1201/797/572 1200/796/572 1202/798/572 1203/799/572
f 1200/796/573 1175/770/573 1177/62/573 1202/798/573
f 1203/799/574 1202/798/574 1204/775/574 1205/800/574
f 1202/798/575 1177/62/575 1179/773/575 1204/775/575
f 1205/800/576 1204/775/576 1182/776/576 1207/780/576
f 1228/52/577 1203/799/577 1205/800/577 1206/801/577
f 1206/801/578 1205/800/578 1207/780/578 1208/802/578
f 1208/802/579 1207/780/579 1185/781/579 1210/566/579
f 1231/803/580 1206/801/580 1208/802/580 1209/804/580
f 1209/804/581 1208/802/581 1210/566/581 1211/805/581
f 1211/806/582 1210/807/582 1212/808/582 1213/809/582
f 1210/807/583 1185/782/583 1187/783/583 1212/808/583
f 1213/809/584 1212/808/584 1214/810/584 1215/811/584
f 1212/808/585 1187/783/585 1189/785/585 1214/810/585
f 1215/811/586 1214/810/586 1216/812/586 1217/813/586
f 1214/810/587 1189/785/587 1191/787/587 1216/812/587
f 1217/813/588 1216/812/588 1218/814/588 1219/815/588
f 1216/812/589 1191/787/589 1193/789/589 1218/814/589
f 1219/815/590 1218/814/590 1220/816/590 1221/817/590
f 1218/814/591 1193/789/591 1195/791/591 1220/816/591
f 1221/817/592 1220/816/592 1222/275/592 1223/818/592
f 1220/816/593 1195/791/593 1197/793/593 1222/275/593
f 1223/818/594 1222/275/594 1224/819/594 1225/820/594
f 1222/275/595 1197/793/595 1199/795/595 1224/819/595
f 1225/820/596 1224/819/596 1226/821/596 1227/822/596
f 1224/819/597 1199/795/597 1201/797/597 1226/821/597
f 1227/822/598 1226/821/598 1228/52/598 1229/823/598
f 1226/821/599 1201/797/599 1203/799/599 1228/52/599
f 1229/823/600 1228/52/600 1206/801/600 1231/803/600
f 1252/824/601 1227/822/601 1229/823/601 1230/825/601
f 1230/825/602 1229/823/602 1231/803/602 1232/826/602
f 1232/826/603 1231/803/603 1209/804/603 1234/827/603
f 1255/46/604 1230/825/604 1232/826/604 1233/828/604
f 1233/828/605 1232/826/605 1234/827/605 1235/829/605
f 1235/829/606 1234/827/606 1236/830/606 1237/569/606
f 1234/827/607 1209/804/607 1211/805/607 1236/830/607
f 1237/831/608 1236/832/608 1238/833/608 1239/834/608
f 1236/832/609 1211/806/609 1213/809/609 1238/833/609
f 1239/834/610 1238/833/610 1240/835/610 1241/836/610
f 1238/833/611 1213/809/611 1215/811/611 1240/835/611
f 1241/836/612 1240/835/612 1242/837/612 1243/838/612
f 1240/835/613 1215/811/613 1217/813/613 1242/837/613
f 1243/838/614 1242/837/614 1244/839/614 1245/840/614
f 1242/837/615 1217/813/615 1219/815/615 1244/839/615
f 1245/840/616 1244/839/616 1246/841/616 1247/842/616
f 1244/839/617 1219/815/617 1221/817/617 1246/841/617
f 1247/842/618 1246/841/618 1248/843/618 1249/276/618
f 1246/841/619 1221/817/619 1223/818/619 1248/843/619
f 1249/276/620 1248/843/620 1250/844/620 1251/845/620
f 1248/843/621 1223/818/621 1225/820/621 1250/844/621
f 1251/845/622 1250/844/622 1252/824/622 1253/846/622
f 1250/844/623 1225/820/623 1227/822/623 1252/824/623
f 1253/846/624 1252/824/624 1230/825/624 1255/46/624
f 1276/847/625 1251/845/625 1253/846/625 1254/848/625
f 1254/848/626 1253/846/626 1255/46/626 1256/849/626
f 1256/849/627 1255/46/627 1233/828/627 1258/850/627
f 1279/851/628 1254/848/628 1256/849/628 1257/852/628
f 1257/852/629 1256/849/629 1258/850/629 1259/853/629
f 1259/853/630 1258/850/630 1260/854/630 1261/855/630
f 1258/850/631 1233/828/631 1235/829/631 1260/854/631
f 1261/855/632 1260/854/632 1262/856/632 1263/857/632
f 1260/854/633 1235/829/633 1237/569/633 1262/856/633
f 1263/858/634 1262/859/634 1264/860/634 1265/861/634
f 1262/859/635 1237/831/635 1239/834/635 1264/860/635
f 1265/861/636 1264/860/636 1266/862/636 1267/863/636
f 1264/860/637 1239/834/637 1241/836/637 1266/862/637
f 1267/863/638 1266/862/638 1268/864/638 1269/865/638
f 1266/862/639 1241/836/639 1243/838/639 1268/864/639
f 1269/865/640 1268/864/640 1270/866/640 1271/867/640
f 1268/864/641 1243/838/641 1245/840/641 1270/866/641
f 1271/867/642 1270/866/642 1272/868/642 1273/869/642
f 1270/866/643 1245/840/643 1247/842/643 1272/868/643
f 1273/869/644 1272/868/644 1274/870/644 1275/871/644
f 1272/868/645 1247/842/645 1249/276/645 1274/870/645
f 1275/871/646 1274/870/646 1276/847/646 1277/872/646
f 1274/870/647 1249/276/647 1251/845/647 1276/847/647
f 1277/872/648 1276/847/648 1254/848/648 1279/851/648
f 1300/432/649 1275/871/649 1277/872/649 1278/873/649
f 1278/873/650 1277/872/650 1279/851/650 1280/874/650
f 1280/874/651 1279/851/651 1257/852/651 1282/40/651
f 1303/875/652 1278/873/652 1280/874/652 1281/876/652
f 1281/876/653 1280/874/653 1282/40/653 1283/877/653
f 1283/877/654 1282/40/654 1284/878/654 1285/879/654
f 1282/40/655 1257/852/655 1259/853/655 1284/878/655
f 1285/879/656 1284/878/656 1286/880/656 1287/881/656
f 1284/878/657 1259/853/657 1261/855/657 1286/880/657
f 1287/881/658 1286/880/658 1288/433/658 1289/882/658
f 1286/880/659 1261/855/659 1263/857/659 1288/433/659
f 1289/883/660 1288/884/660 1290/885/660 1291/886/660
f 1288/884/661 1263/858/661 1265/861/661 1290/885/661
f 1291/886/662 1290/885/662 1292/887/662 1293/888/662
f 1290/885/663 1265/861/663 1267/863/663 1292/887/663
f 1293/888/664 1292/887/664 1294/889/664 1295/890/664
f 1292/887/665 1267/863/665 1269/865/665 1294/889/665
f 1295/890/666 1294/889/666 1296/891/666 1297/892/666
f 1294/889/667 1269/865/667 1271/867/667 1296/891/667
f 1297/892/668 1296/891/668 1298/893/668 1299/894/668
f 1296/891/669 1271/867/669 1273/869/669 1298/893/669
f 1299/894/670 1298/893/670 1300/432/670 1301/895/670
f 1298/893/671 1273/869/671 1275/871/671 1300/432/671
f 1301/895/672 1300/432/672 1278/873/672 1303/875/672
f 1302/896/673 1301/895/673 1303/875/673 1304/897/673
f 1324/898/674 1299/894/674 1301/895/674 1302/896/674
f 1304/897/675 1303/875/675 1281/876/675 1306/899/675
f 1327/900/432 1302/896/432 1304/897/432 1305/901/432
f 1305/901/424 1304/897/424 1306/899/424 1307/902/424
f 1307/902/422 1306/899/422 1308/903/422 1309/904/422
f 1306/899/676 1281/876/676 1283/877/676 1308/903/676
f 1309/904/421 1308/903/421 1310/905/421 1311/906/421
f 1308/903/677 1283/877/677 1285/879/677 1310/905/677
f 1311/906/420 1310/905/420 1312/907/420 1313/908/420
f 1310/905/678 1285/879/678 1287/881/678 1312/907/678
f 1313/908/399 1312/907/399 1314/909/399 1315/910/399
f 1312/907/679 1287/881/679 1289/882/679 1314/909/679
f 1315/911/401 1314/912/401 1316/913/401 1317/914/401
f 1314/912/680 1289/883/680 1291/886/680 1316/913/680
f 1317/914/681 1316/913/681 1318/915/681 1319/916/681
f 1316/913/682 1291/886/682 1293/888/682 1318/915/682
f 1319/916/683 1318/915/683 1320/917/683 1321/918/683
f 1318/915/684 1293/888/684 1295/890/684 1320/917/684
f 1321/918/436 1320/917/436 1322/919/436 1323/920/436
f 1320/917/685 1295/890/685 1297/892/685 1322/919/685
f 1323/920/434 1322/919/434 1324/898/434 1325/921/434
f 1322/919/686 1297/892/686 1299/894/686 1324/898/686
f 1325/921/433 1324/898/433 1302/896/433 1327/900/433
f 1348/922/435 1323/923/435 1325/924/435 1326/925/435
f 1326/925/431 1325/924/431 1327/380/431 1328/926/431
f 1328/926/429 1327/380/429 1305/927/429 1330/928/429
f 1329/929/428 1328/926/428 1330/928/428 1331/930/428
f 1351/931/430 1326/925/430 1328/926/430 1329/929/430
f 1331/930/427 1330/928/427 1332/932/427 1333/933/427
f 1330/928/425 1305/927/425 1307/934/425 1332/932/425
f 1333/933/426 1332/932/426 1334/935/426 1335/936/426
f 1332/932/423 1307/934/423 1309/31/423 1334/935/423
f 1335/936/417 1334/935/417 1336/937/417 1337/938/417
f 1334/935/419 1309/31/419 1311/939/419 1336/937/419
f 1337/938/415 1336/937/415 1338/940/415 1339/941/415
f 1336/937/418 1311/939/418 1313/942/418 1338/940/418
f 1339/941/403 1338/940/403 1340/943/403 1341/944/403
f 1338/940/400 1313/942/400 1315/381/400 1340/943/400
f 1341/945/404 1340/946/404 1342/947/404 1343/948/404
f 1340/946/402 1315/949/402 1317/950/402 1342/947/402
f 1343/948/405 1342/947/405 1344/951/405 1345/952/405
f 1342/947/406 1317/950/406 1319/953/406 1344/951/406
f 1345/952/440 1344/951/440 1346/954/440 1347/955/440
f 1344/951/441 1319/953/441 1321/956/441 1346/954/441
f 1347/955/439 1346/954/439 1348/922/439 1349/957/439
f 1346/954/437 1321/956/437 1323/923/437 1348/922/437
f 1349/957/438 1348/922/438 1326/925/438 1351/931/438
f 1372/958/442 1347/955/442 1349/957/442 1350/959/442
f 1350/959/470 1349/957/470 1351/931/470 1352/960/470
f 1352/960/468 1351/931/468 1329/929/468 1354/608/468
f 1375/961/469 1350/959/469 1352/960/469 1353/962/469
f 1353/962/467 1352/960/467 1354/608/467 1355/963/467
f 1355/963/465 1354/608/465 1356/964/465 1357/965/465
f 1354/608/466 1329/929/466 1331/930/466 1356/964/466
f 1357/965/463 1356/964/463 1358/966/463 1359/967/463
f 1356/964/464 1331/930/464 1333/933/464 1358/966/464
f 1359/967/461 1358/966/461 1360/24/461 1361/968/461
f 1358/966/462 1333/933/462 1335/936/462 1360/24/462
f 1361/968/459 1360/24/459 1362/969/459 1363/970/459
f 1360/24/416 1335/936/416 1337/938/416 1362/969/416
f 1363/970/413 1362/969/413 1364/971/413 1365/972/413
f 1362/969/414 1337/938/414 1339/941/414 1364/971/414
f 1365/972/411 1364/971/411 1366/609/411 1367/973/411
f 1364/971/412 1339/941/412 1341/944/412 1366/609/412
f 1367/974/410 1366/975/410 1368/976/410 1369/977/410
f 1366/975/408 1341/945/408 1343/948/408 1368/976/408
f 1369/977/409 1368/976/409 1370/978/409 1371/979/409
f 1368/976/407 1343/948/407 1345/952/407 1370/978/407
f 1371/979/445 1370/978/445 1372/958/445 1373/980/445
f 1370/978/443 1345/952/443 1347/955/443 1372/958/443
f 1373/980/444 1372/958/444 1350/959/444 1375/961/444
f 1396/981/447 1371/979/447 1373/980/447 1374/982/447
f 1374/982/446 1373/980/446 1375/961/446 1376/983/446
f 1376/983/472 1375/961/472 1353/962/472 1378/984/472
f 1399/985/475 1374/982/475 1376/983/475 1377/986/475
f 1377/986/474 1376/983/474 1378/984/474 1379/987/474
f 1379/987/687 1378/984/687 1380/988/687 1381/332/687
f 1378/984/471 1353/962/471 1355/963/471 1380/988/471
f 1381/332/688 1380/988/688 1382/989/688 1383/990/688
f 1380/988/498 1355/963/498 1357/965/498 1382/989/498
f 1383/990/495 1382/989/495 1384/991/495 1385/992/495
f 1382/989/496 1357/965/496 1359/967/496 1384/991/496
f 1385/992/493 1384/991/493 1386/993/493 1387/18/493
f 1384/991/460 1359/967/460 1361/968/460 1386/993/460
f 1387/18/457 1386/993/457 1388/994/457 1389/995/457
f 1386/993/458 1361/968/458 1363/970/458 1388/994/458
f 1389/995/455 1388/994/455 1390/996/455 1391/997/455
f 1388/994/456 1363/970/456 1365/972/456 1390/996/456
f 1391/997/689 1390/996/689 1392/998/689 1393/605/689
f 1390/996/454 1365/972/454 1367/973/454 1392/998/454
f 1393/999/451 1392/1000/451 1394/1001/451 1395/1002/451
f 1392/1000/452 1367/974/452 1369/977/452 1394/1001/452
f 1395/1002/450 1394/1001/450 1396/981/450 1397/1003/450
f 1394/1001/448 1369/977/448 1371/979/448 1396/981/448
f 1397/1003/449 1396/981/449 1374/982/449 1399/985/449
f 1420/1004/482 1395/1002/482 1397/1003/482 1398/1005/482
f 1398/1005/478 1397/1003/478 1399/985/478 1400/1006/478
f 1400/1006/477 1399/985/477 1377/986/477 1402/1007/477
f 1423/1008/480 1398/1005/480 1400/1006/480 1401/1009/480
f 1401/1009/479 1400/1006/479 1402/1007/479 1403/1010/479
f 1403/1010/503 1402/1007/503 1404/1011/503 1405/1012/503
f 1402/1007/476 1377/986/476 1379/987/476 1404/1011/476
f 1405/1012/502 1404/1011/502 1406/1013/502 1407/1014/502
f 1404/1011/500 1379/987/500 1381/332/500 1406/1013/500
f 1407/1014/501 1406/1013/501 1408/1015/501 1409/1016/501
f 1406/1013/499 1381/332/499 1383/990/499 1408/1015/499
f 1409/1016/525 1408/1015/525 1410/1017/525 1411/1018/525
f 1408/1015/494 1383/990/494 1385/992/494 1410/1017/494
f 1411/1018/491 1410/1017/491 1412/1019/491 1413/1020/491
f 1410/1017/492 1385/992/492 1387/18/492 1412/1019/492
f 1413/1020/690 1412/1019/690 1414/1021/690 1415/1022/690
f 1412/1019/490 1387/18/490 1389/995/490 1414/1021/490
f 1415/1022/487 1414/1021/487 1416/1023/487 1417/1024/487
f 1414/1021/488 1389/995/488 1391/997/488 1416/1023/488
f 1417/1024/485 1416/1023/485 1418/1025/485 1419/1026/485
f 1416/1023/691 1391/997/691 1393/605/691 1418/1025/691
f 1419/1027/483 1418/1028/483 1420/1004/483 1421/1029/483
f 1418/1028/484 1393/999/484 1395/1002/484 1420/1004/484
f 1421/1029/481 1420/1004/481 1398/1005/481 1423/1008/481
f 1444/1030/514 1419/1027/514 1421/1029/514 1422/1031/514
f 1422/1031/512 1421/1029/512 1423/1008/512 1424/1032/512
f 1424/1032/510 1423/1008/510 1401/1009/510 1426/1033/510
f 1447/1034/511 1422/1031/511 1424/1032/511 1425/1035/511
f 1425/1035/509 1424/1032/509 1426/1033/509 1427/1036/509
f 1427/1036/508 1426/1033/508 1428/1037/508 1429/1038/508
f 1426/1033/506 1401/1009/506 1403/1010/506 1428/1037/506
f 1429/1038/507 1428/1037/507 1430/1039/507 1431/1040/507
f 1428/1037/505 1403/1010/505 1405/1012/505 1430/1039/505
f 1431/1040/528 1430/1039/528 1432/331/528 1433/1041/528
f 1430/1039/504 1405/1012/504 1407/1014/504 1432/331/504
f 1433/1041/527 1432/331/527 1434/1042/527 1435/1043/527
f 1432/331/526 1407/1014/526 1409/1016/526 1434/1042/526
f 1435/1043/523 1434/1042/523 1436/1044/523 1437/1045/523
f 1434/1042/524 1409/1016/524 1411/1018/524 1436/1044/524
f 1437/1045/521 1436/1044/521 1438/12/521 1439/1046/521
f 1436/1044/522 1411/1018/522 1413/1020/522 1438/12/522
f 1439/1046/519 1438/12/519 1440/1047/519 1441/1048/519
f 1438/12/520 1413/1020/520 1415/1022/520 1440/1047/520
f 1441/1048/517 1440/1047/517 1442/1049/517 1443/1050/517
f 1440/1047/518 1415/1022/518 1417/1024/518 1442/1049/518
f 1443/1050/515 1442/1049/515 1444/602/515 1445/1051/515
f 1442/1049/516 1417/1024/516 1419/1026/516 1444/602/516
f 1445/1052/513 1444/1030/513 1422/1031/513 1447/1034/513
f 1468/1053/543 1443/1050/543 1445/1051/543 1446/1054/543
f 1446/1055/541 1445/1052/541 1447/1034/541 1448/1056/541
f 1448/1056/539 1447/1034/539 1425/1035/539 1450/1057/539
f 1471/1058/540 1446/1055/540 1448/1056/540 1449/1059/540
f 1449/1059/538 1448/1056/538 1450/1057/538 1451/1060/538
f 1451/1060/536 1450/1057/536 1452/1061/536 1453/1062/536
f 1450/1057/537 1425/1035/537 1427/1036/537 1452/1061/537
f 1453/1062/534 1452/1061/534 1454/1063/534 1455/1064/534
f 1452/1061/535 1427/1036/535 1429/1038/535 1454/1063/535
f 1455/1064/533 1454/1063/533 1456/1065/533 1457/1066/533
f 1454/1063/531 1429/1038/531 1431/1040/531 1456/1065/531
f 1457/1066/532 1456/1065/532 1458/1067/532 1459/350/532
f 1456/1065/530 1431/1040/530 1433/1041/530 1458/1067/530
f 1459/350/552 1458/1067/552 1460/1068/552 1461/1069/552
f 1458/1067/529 1433/1041/529 1435/1043/529 1460/1068/529
f 1461/1069/550 1460/1068/550 1462/1070/550 1463/1071/550
f 1460/1068/551 1435/1043/551 1437/1045/551 1462/1070/551
f 1463/1071/548 1462/1070/548 1464/1072/548 1465/5/548
f 1462/1070/549 1437/1045/549 1439/1046/549 1464/1072/549
f 1465/5/546 1464/1072/546 1466/1073/546 1467/1074/546
f 1464/1072/547 1439/1046/547 1441/1048/547 1466/1073/547
f 1467/1074/544 1466/1073/544 1468/1053/544 1469/1075/544
f 1466/1073/545 1441/1048/545 1443/1050/545 1468/1053/545
f 1469/1075/542 1468/1053/542 1446/1054/542 1471/599/542
f 1492/1076/571 1467/1074/571 1469/1075/571 1470/1077/571
f 1470/1077/569 1469/1075/569 1471/599/569 1472/1078/569
f 1472/1079/567 1471/1058/567 1449/1059/567 1474/1080/567
f 1495/1081/568 1470/1077/568 1472/1078/568 1473/1082/568
f 1473/1083/566 1472/1079/566 1474/1080/566 1475/1084/566
f 1475/1084/564 1474/1080/564 1476/1085/564 1477/1086/564
f 1474/1080/565 1449/1059/565 1451/1060/565 1476/1085/565
f 1477/1086/562 1476/1085/562 1478/1087/562 1479/1088/562
f 1476/1085/563 1451/1060/563 1453/1062/563 1478/1087/563
f 1479/1088/560 1478/1087/560 1480/1089/560 1481/1090/560
f 1478/1087/561 1453/1062/561 1455/1064/561 1480/1089/561
f 1481/1090/558 1480/1089/558 1482/1091/558 1483/1092/558
f 1480/1089/559 1455/1064/559 1457/1066/559 1482/1091/559
f 1483/1092/557 1482/1091/557 1484/1093/557 1485/1094/557
f 1482/1091/555 1457/1066/555 1459/350/555 1484/1093/555
f 1485/1094/556 1484/1093/556 1486/1095/556 1487/1096/556
f 1484/1093/554 1459/350/554 1461/1069/554 1486/1095/554
f 1487/1096/576 1486/1095/576 1488/1097/576 1489/1098/576
f 1486/1095/553 1461/1069/553 1463/1071/553 1488/1097/553
f 1489/1098/574 1488/1097/574 1490/1099/574 1491/1100/574
f 1488/1097/575 1463/1071/575 1465/5/575 1490/1099/575
f 1491/1100/572 1490/1099/572 1492/1076/572 1493/1101/572
f 1490/1099/573 1465/5/573 1467/1074/573 1492/1076/573
f 1493/1101/570 1492/1076/570 1470/1077/570 1495/1081/570
f 1516/131/599 1491/1100/599 1493/1101/599 1494/1102/599
f 1494/1102/597 1493/1101/597 1495/1081/597 1496/1103/597
f 1496/1103/595 1495/1081/595 1473/1082/595 1498/596/595
f 1519/1104/596 1494/1102/596 1496/1103/596 1497/1105/596
f 1497/1105/594 1496/1103/594 1498/596/594 1499/1106/594
f 1499/1107/592 1498/1108/592 1500/1109/592 1501/1110/592
f 1498/1108/593 1473/1083/593 1475/1084/593 1500/1109/593
f 1501/1110/590 1500/1109/590 1502/1111/590 1503/1112/590
f 1500/1109/591 1475/1084/591 1477/1086/591 1502/1111/591
f 1503/1112/588 1502/1111/588 1504/1113/588 1505/1114/588
f 1502/1111/589 1477/1086/589 1479/1088/589 1504/1113/589
f 1505/1114/586 1504/1113/586 1506/1115/586 1507/1116/586
f 1504/1113/587 1479/1088/587 1481/1090/587 1506/1115/587
f 1507/1116/584 1506/1115/584 1508/1117/584 1509/1118/584
f 1506/1115/585 1481/1090/585 1483/1092/585 1508/1117/585
f 1509/1118/582 1508/1117/582 1510/349/582 1511/1119/582
f 1508/1117/583 1483/1092/583 1485/1094/583 1510/349/583
f 1511/1119/581 1510/349/581 1512/1120/581 1513/1121/581
f 1510/349/579 1485/1094/579 1487/1096/579 1512/1120/579
f 1513/1121/580 1512/1120/580 1514/1122/580 1515/1123/580
f 1512/1120/578 1487/1096/578 1489/1098/578 1514/1122/578
f 1515/1123/600 1514/1122/600 1516/131/600 1517/1124/600
f 1514/1122/577 1489/1098/577 1491/1100/577 1516/131/577
f 1517/1124/598 1516/131/598 1494/1102/598 1519/1104/598
f 1540/1125/602 1515/1123/602 1517/1124/602 1518/1126/602
f 1518/1126/601 1517/1124/601 1519/1104/601 1520/1127/601
f 1520/1127/623 1519/1104/623 1497/1105/623 1522/1128/623
f 1543/128/624 1518/1126/624 1520/1127/624 1521/1129/624
f 1521/1129/622 1520/1127/622 1522/1128/622 1523/1130/622
f 1523/1130/692 1522/1128/692 1524/1131/692 1525/322/692
f 1522/1128/621 1497/1105/621 1499/1106/621 1524/1131/621
f 1525/1132/618 1524/1133/618 1526/1134/618 1527/1135/618
f 1524/1133/619 1499/1107/619 1501/1110/619 1526/1134/619
f 1527/1135/616 1526/1134/616 1528/1136/616 1529/1137/616
f 1526/1134/617 1501/1110/617 1503/1112/617 1528/1136/617
f 1529/1137/614 1528/1136/614 1530/1138/614 1531/333/614
f 1528/1136/615 1503/1112/615 1505/1114/615 1530/1138/615
f 1531/333/612 1530/1138/612 1532/1139/612 1533/1140/612
f 1530/1138/613 1505/1114/613 1507/1116/613 1532/1139/613
f 1533/1140/610 1532/1139/610 1534/1141/610 1535/1142/610
f 1532/1139/611 1507/1116/611 1509/1118/611 1534/1141/611
f 1535/1142/693 1534/1141/693 1536/1143/693 1537/342/693
f 1534/1141/609 1509/1118/609 1511/1119/609 1536/1143/609
f 1537/342/606 1536/1143/606 1538/1144/606 1539/1145/606
f 1536/1143/607 1511/1119/607 1513/1121/607 1538/1144/607
f 1539/1145/605 1538/1144/605 1540/1125/605 1541/1146/605
f 1538/1144/603 1513/1121/603 1515/1123/603 1540/1125/603
f 1541/1146/604 1540/1125/604 1518/1126/604 1543/128/604
f 1564/1147/631 1539/1145/631 1541/1146/631 1542/1148/631
f 1542/1148/627 1541/1146/627 1543/128/627 1544/1149/627
f 1544/1149/626 1543/128/626 1521/1129/626 1546/1150/626
f 1567/1151/629 1542/1148/629 1544/1149/629 1545/1152/629
f 1545/1152/628 1544/1149/628 1546/1150/628 1547/1153/628
f 1547/1153/648 1546/1150/648 1548/1154/648 1549/1155/648
f 1546/1150/625 1521/1129/625 1523/1130/625 1548/1154/625
f 1549/1155/646 1548/1154/646 1550/1156/646 1551/1157/646
f 1548/1154/694 1523/1130/694 1525/322/694 1550/1156/694
f 1551/1158/644 1550/1159/644 1552/1160/644 1553/1161/644
f 1550/1159/695 1525/1132/695 1527/1135/695 1552/1160/695
f 1553/1161/642 1552/1160/642 1554/1162/642 1555/1163/642
f 1552/1160/643 1527/1135/643 1529/1137/643 1554/1162/643
f 1555/1163/640 1554/1162/640 1556/1164/640 1557/1165/640
f 1554/1162/641 1529/1137/641 1531/333/641 1556/1164/641
f 1557/1165/638 1556/1164/638 1558/1166/638 1559/1167/638
f 1556/1164/639 1531/333/639 1533/1140/639 1558/1166/639
f 1559/1167/636 1558/1166/636 1560/1168/636 1561/1169/636
f 1558/1166/637 1533/1140/637 1535/1142/637 1560/1168/637
f 1561/1169/634 1560/1168/634 1562/1170/634 1563/1171/634
f 1560/1168/696 1535/1142/696 1537/342/696 1562/1170/696
f 1563/1171/632 1562/1170/632 1564/1147/632 1565/1172/632
f 1562/1170/633 1537/342/633 1539/1145/633 1564/1147/633
f 1565/1172/630 1564/1147/630 1542/1148/630 1567/1151/630
f 1588/590/659 1563/1171/659 1565/1172/659 1566/1173/659
f 1566/1173/657 1565/1172/657 1567/1151/657 1568/1174/657
f 1568/1174/655 1567/1151/655 1545/1152/655 1570/243/655
f 1590/1175/656 1566/1173/656 1568/1174/656 1569/1176/656
f 1569/1176/654 1568/1174/654 1570/243/654 1571/1177/654
f 1571/1177/653 1570/243/653 1572/1178/653 1573/1179/653
f 1570/243/651 1545/1152/651 1547/1153/651 1572/1178/651
f 1573/1179/652 1572/1178/652 1574/1180/652 1575/1181/652
f 1572/1178/650 1547/1153/650 1549/1155/650 1574/1180/650
f 1575/1181/672 1574/1180/672 1576/591/672 1577/1182/672
f 1574/1180/649 1549/1155/649 1551/1157/649 1576/591/649
f 1577/1183/670 1576/1184/670 1578/1185/670 1579/1186/670
f 1576/1184/671 1551/1158/671 1553/1161/671 1578/1185/671
f 1579/1186/668 1578/1185/668 1580/1187/668 1581/1188/668
f 1578/1185/669 1553/1161/669 1555/1163/669 1580/1187/669
f 1581/1188/666 1580/1187/666 1582/1189/666 1583/1190/666
f 1580/1187/667 1555/1163/667 1557/1165/667 1582/1189/667
f 1583/1190/664 1582/1189/664 1584/1191/664 1585/1192/664
f 1582/1189/665 1557/1165/665 1559/1167/665 1584/1191/665
f 1585/1192/662 1584/1191/662 1586/1193/662 1587/1194/662
f 1584/1191/663 1559/1167/663 1561/1169/663 1586/1193/663
f 1587/1194/660 1586/1193/660 1588/590/660 1589/1195/660
f 1586/1193/661 1561/1169/661 1563/1171/661 1588/590/661
f 1589/1195/658 1588/590/658 1566/1173/658 1590/1175/658
f 1023/610/679 1589/1195/679 1590/1175/679 1591/611/679
f 1592/616/680 1587/1194/680 1589/1195/680 1023/610/680
f 1591/611/678 1590/1175/678 1569/1176/678 1046/638/678
f 1593/1196/682 1585/1192/682 1587/1194/682 1592/616/682
f 1595/623/681 1593/1196/681 1592/616/681 1024/615/681
f 1065/663/683 1594/662/683 1593/1196/683 1595/623/683
f 1594/662/684 1583/1190/684 1585/1192/684 1593/1196/684
f 1064/659/685 1581/1188/685 1583/1190/685 1594/662/685
f 1062/658/686 1579/1186/686 1581/1188/686 1064/659/686
f 1060/657/674 1577/1183/674 1579/1186/674 1062/658/674
f 1596/643/673 1575/1181/673 1577/1182/673 1060/656/673
f 1050/640/675 1573/1179/675 1575/1181/675 1596/643/675
f 1048/639/676 1571/1177/676 1573/1179/676 1050/640/676
f 1046/638/677 1569/1176/677 1571/1177/677 1048/639/677
f 1598/1197/697 1601/1197/697 1616/1197/697 1612/1197/697 1605/1197/697 1618/1197/697
f 1608/1197/698 1610/1197/698 1614/1197/698 1602/1197/698 1597/1197/698 1620/1197/698
f 1603/1197/256 1600/1197/256 1599/1197/256 1604/1197/256
f 1597/1197/232 1602/1197/232 1601/1197/232 1598/1197/232
f 1613/1197/244 1603/1197/244 1604/1197/244 1615/1197/244
f 1617/1197/250 1599/1197/250 1600/1197/250 1619/1197/250
f 1598/1197/250 1618/1197/250 1620/1197/250 1597/1197/250
f 1618/1197/250 1617/1197/250 1619/1197/250 1620/1197/250
f 1605/1197/250 1606/1197/250 1617/1197/250 1618/1197/250
f 1602/1197/244 1614/1197/244 1616/1197/244 1601/1197/244
f 1614/1197/244 1613/1197/244 1615/1197/244 1616/1197/244
f 1607/1197/699 1619/1197/699 1600/1197/699 1603/1197/699 1613/1197/699 1609/1197/699
f 1610/1197/244 1609/1197/244 1613/1197/244 1614/1197/244
f 1612/1197/247 1611/1197/247 1606/1197/247 1605/1197/247
f 1604/1197/700 1599/1197/700 1617/1197/700 1606/1197/700 1611/1197/700 1615/1197/700
f 1616/1197/244 1615/1197/244 1611/1197/244 1612/1197/244
f 1608/1197/262 1607/1197/262 1609/1197/262 1610/1197/262
f 1620/1197/250 1619/1197/250 1607/1197/250 1608/1197/250
