# Blender 4.4.3
# www.blender.org
mtllib Guardian.mtl
o 立方体.001
v 0.087666 0.303946 0.406851
v 0.206091 0.823100 0.315310
v -0.087665 0.303946 0.406851
v -0.206091 0.823100 0.315310
v 0.087666 0.298027 0.373283
v 0.206091 0.817181 0.281743
v -0.087665 0.298027 0.373283
v -0.206091 0.817181 0.281743
v 0.206091 0.549955 0.363473
v 0.206091 0.795964 0.320095
v -0.206091 0.795964 0.320095
v -0.206091 0.549955 0.363473
v -0.206091 0.790045 0.286527
v -0.206091 0.544036 0.329905
v 0.206091 0.790045 0.286527
v 0.206091 0.544036 0.329905
v -0.032799 0.303946 0.406851
v 0.032799 0.303946 0.406851
v 0.124902 0.857070 0.309320
v -0.124902 0.857070 0.309320
v 0.032799 0.298027 0.373283
v -0.032799 0.298027 0.373283
v -0.124902 0.851151 0.275753
v 0.124902 0.851151 0.275753
v -0.124902 0.544036 0.329905
v 0.124902 0.544036 0.329905
v -0.124902 0.790045 0.286527
v 0.124902 0.790045 0.286527
v 0.124902 0.549955 0.363473
v -0.124902 0.549955 0.363473
v 0.124902 0.795964 0.320095
v -0.124902 0.795964 0.320095
v -0.133000 0.216799 -0.160556
v -0.079341 0.216799 -0.193960
v -0.182170 0.265174 -0.218810
v -0.161195 0.216799 -0.096985
v -0.109042 0.254074 -0.124479
v -0.220595 0.265174 -0.132172
v -0.161195 0.216799 -0.000009
v -0.220595 0.265174 -0.000009
v -0.161195 0.216799 0.096966
v -0.109042 0.254074 0.007683
v -0.109042 0.262913 0.132153
v 0.002513 0.254074 0.007683
v 0.002513 0.254074 -0.124479
v 0.002513 0.262913 0.132153
v 0.114067 0.262913 -0.000009
v 0.166220 0.216799 -0.000009
v 0.114067 0.262913 0.132153
v 0.114067 0.262913 -0.132172
v 0.084366 0.216799 -0.193960
v 0.166220 0.216799 -0.096985
v 0.225620 0.265174 -0.132172
v 0.138025 0.216799 -0.160556
v 0.187195 0.265174 -0.218810
v 0.114067 0.265174 -0.264334
v 0.187195 0.471108 -0.218810
v 0.114067 0.471108 -0.264334
v 0.187196 0.613642 -0.218810
v 0.225620 0.471108 -0.132172
v 0.225620 0.613642 -0.132172
v 0.225620 0.471108 -0.000009
v 0.225620 0.265174 -0.000009
v 0.225620 0.613642 -0.000009
v 0.225620 0.471108 0.132153
v 0.225620 0.265174 0.132153
v 0.225620 0.613642 0.132153
v 0.187196 0.471108 0.218791
v 0.187196 0.265174 0.218791
v 0.187195 0.613642 0.218791
v 0.114067 0.471108 0.264315
v 0.114067 0.265174 0.264315
v 0.114067 0.613642 0.264315
v 0.002513 0.471108 0.264315
v 0.002513 0.265174 0.264315
v 0.002513 0.613642 0.264315
v -0.109042 0.471108 0.264315
v -0.109042 0.265174 0.264315
v -0.109042 0.613642 0.264315
v -0.182170 0.471108 0.218791
v -0.182170 0.265174 0.218791
v -0.182170 0.613642 0.218791
v -0.220595 0.471108 0.132153
v -0.220595 0.265174 0.132153
v -0.220595 0.613642 0.132153
v -0.220595 0.471108 -0.000009
v -0.220595 0.613642 -0.000009
v -0.220595 0.471108 -0.132172
v -0.182170 0.471108 -0.218810
v -0.220595 0.613642 -0.132172
v -0.182170 0.613642 -0.218810
v -0.220595 0.717100 -0.132172
v -0.220595 0.717100 -0.000009
v -0.182170 0.717100 -0.218810
v -0.172692 0.791523 -0.103795
v -0.172692 0.791523 -0.000009
v -0.142517 0.791523 -0.171831
v -0.109042 0.738584 -0.132172
v -0.109042 0.738584 -0.000009
v 0.002513 0.738584 -0.132172
v -0.085090 0.791523 -0.207581
v -0.109042 0.717100 -0.264334
v 0.002513 0.791523 -0.207581
v 0.002513 0.717100 -0.264334
v 0.090115 0.791523 -0.207581
v 0.147542 0.791523 -0.171831
v 0.114067 0.738584 -0.132172
v 0.114067 0.717100 -0.264334
v 0.114067 0.613642 -0.264334
v 0.187196 0.717100 -0.218810
v 0.225620 0.717100 -0.132172
v 0.177717 0.791523 -0.103795
v 0.225620 0.717100 -0.000009
v 0.177717 0.791523 -0.000009
v 0.225620 0.717100 0.132153
v 0.177717 0.791523 0.103776
v 0.187195 0.717100 0.218791
v 0.147542 0.791523 0.171812
v 0.114067 0.717100 0.264315
v 0.090115 0.791523 0.207562
v 0.002513 0.717100 0.264315
v 0.002513 0.791523 0.207562
v -0.109042 0.717100 0.264315
v -0.085090 0.791523 0.207562
v -0.182170 0.717100 0.218791
v -0.142517 0.791523 0.171812
v -0.220595 0.717100 0.132153
v -0.172692 0.791523 0.103776
v -0.109042 0.738584 0.132153
v 0.002513 0.738584 0.132153
v 0.002513 0.738584 -0.000009
v 0.114067 0.738584 0.132153
v 0.114067 0.738584 -0.000009
v 0.002513 0.613642 -0.264334
v -0.109042 0.613642 -0.264334
v 0.002513 0.471108 -0.264334
v -0.109042 0.471108 -0.264334
v 0.002513 0.265174 -0.264334
v -0.109042 0.265174 -0.264334
v 0.002513 0.216799 -0.193960
v -0.133000 0.216799 0.160537
v -0.079341 0.216799 0.193942
v 0.002513 0.216799 0.193942
v 0.084366 0.216799 0.193942
v 0.138025 0.216799 0.160537
v 0.166220 0.216799 0.096966
v -0.001092 0.236045 0.237393
v 0.010833 0.236045 0.237393
v -0.001092 0.200585 0.237786
v -0.001092 0.235910 0.225132
v 0.010833 0.235910 0.225132
v -0.001092 0.200449 0.225525
v -0.001092 0.235774 0.212871
v -0.001092 0.200313 0.213263
v -0.001092 0.235638 0.200609
v 0.010833 0.235774 0.212871
v 0.022758 0.235774 0.212871
v 0.010833 0.235638 0.200609
v 0.010833 0.235503 0.188348
v 0.022758 0.235638 0.200609
v 0.022758 0.235503 0.188348
v 0.034683 0.235638 0.200609
v 0.034683 0.235503 0.188348
v 0.034683 0.235774 0.212871
v 0.046608 0.235638 0.200609
v 0.046608 0.235503 0.188348
v 0.046608 0.200178 0.201001
v 0.046608 0.235774 0.212871
v 0.046608 0.200313 0.213263
v 0.046608 0.235910 0.225132
v 0.046608 0.200449 0.225525
v 0.046608 0.236045 0.237393
v 0.034683 0.235910 0.225132
v 0.022758 0.235910 0.225132
v 0.034683 0.236045 0.237393
v 0.034683 0.200585 0.237786
v 0.022758 0.236045 0.237393
v 0.022758 0.200585 0.237786
v 0.022758 0.164570 0.238184
v 0.010833 0.200585 0.237786
v 0.010833 0.164570 0.238184
v 0.010833 0.128554 0.238583
v -0.001092 0.164570 0.238184
v -0.001092 0.164434 0.225923
v -0.001092 0.128554 0.238583
v -0.001092 0.091986 0.238988
v -0.001092 0.128419 0.226322
v -0.001092 0.091850 0.226727
v -0.001092 0.128283 0.214060
v -0.001092 0.164298 0.213662
v -0.001092 0.091714 0.214465
v -0.001092 0.128147 0.201799
v -0.001092 0.091578 0.202204
v -0.001092 0.128012 0.189538
v -0.001092 0.164162 0.201400
v -0.001092 0.200178 0.201001
v -0.001092 0.164027 0.189139
v 0.010833 0.164027 0.189139
v -0.001092 0.200042 0.188740
v -0.001092 0.235503 0.188348
v 0.010833 0.200042 0.188740
v 0.022758 0.200042 0.188740
v 0.022758 0.164027 0.189139
v 0.034683 0.200042 0.188740
v 0.034683 0.164027 0.189139
v 0.046608 0.200042 0.188740
v 0.046608 0.164027 0.189139
v 0.046608 0.164162 0.201400
v 0.046608 0.128012 0.189538
v 0.034683 0.128012 0.189538
v 0.046608 0.091443 0.189942
v 0.046608 0.128147 0.201799
v 0.046608 0.091578 0.202204
v 0.046608 0.128283 0.214060
v 0.046608 0.164298 0.213662
v 0.046608 0.091714 0.214465
v 0.046608 0.128419 0.226322
v 0.046608 0.091850 0.226727
v 0.046608 0.128554 0.238583
v 0.046608 0.164434 0.225923
v 0.046608 0.164570 0.238184
v 0.034683 0.164570 0.238184
v 0.046608 0.200585 0.237786
v 0.034683 0.128554 0.238583
v 0.034683 0.091986 0.238988
v 0.022758 0.128554 0.238583
v 0.022758 0.091986 0.238988
v 0.010833 0.091986 0.238988
v 0.022758 0.091850 0.226727
v 0.034683 0.091850 0.226727
v 0.022758 0.091714 0.214465
v 0.010833 0.091850 0.226727
v 0.010833 0.091714 0.214465
v 0.010833 0.091578 0.202204
v 0.022758 0.091578 0.202204
v 0.010833 0.091443 0.189942
v -0.001092 0.091443 0.189942
v 0.010833 0.128012 0.189538
v 0.022758 0.091443 0.189942
v 0.034683 0.091443 0.189942
v 0.022758 0.128012 0.189538
v 0.034683 0.091578 0.202204
v 0.034683 0.091714 0.214465
v 0.046608 0.091986 0.238988
v -0.040509 0.120385 0.125244
v -0.053976 0.106498 0.125244
v -0.040509 0.120385 0.114779
v -0.039000 0.135711 0.125244
v -0.049505 0.151887 0.125244
v -0.039000 0.135711 0.114779
v -0.005936 0.127594 0.125244
v -0.006504 0.121824 0.125244
v -0.004253 0.133143 0.125244
v -0.005936 0.127594 0.114779
v -0.004253 0.133143 0.114779
v -0.006504 0.121824 0.114779
v -0.005936 0.116054 0.114779
v -0.004253 0.110505 0.114779
v -0.005936 0.116054 0.125244
v -0.004253 0.110505 0.125244
v -0.001519 0.105392 0.125244
v 0.002159 0.100910 0.125244
v -0.001519 0.105392 0.114779
v 0.002159 0.100910 0.114779
v 0.006641 0.097231 0.114779
v 0.011754 0.094498 0.114779
v 0.006641 0.097232 0.125244
v 0.011754 0.094498 0.125244
v 0.017303 0.092815 0.125244
v 0.023073 0.092247 0.125244
v 0.017303 0.092815 0.114779
v 0.023073 0.092247 0.114779
v 0.028843 0.092815 0.114779
v 0.034392 0.094498 0.114779
v 0.028843 0.092815 0.125244
v 0.034392 0.094498 0.125244
v 0.039505 0.097232 0.125244
v 0.043987 0.100910 0.125244
v 0.039505 0.097231 0.114779
v 0.043987 0.100910 0.114779
v 0.047665 0.105392 0.114779
v 0.050398 0.110505 0.114779
v 0.047665 0.105392 0.125244
v 0.050398 0.110505 0.125244
v 0.052082 0.116054 0.125244
v 0.052650 0.121824 0.125244
v 0.052082 0.116054 0.114779
v 0.052650 0.121824 0.114779
v 0.052082 0.127594 0.114779
v 0.050398 0.133143 0.114779
v 0.052082 0.127594 0.125244
v 0.050398 0.133143 0.125244
v 0.047665 0.138256 0.125244
v 0.043987 0.142738 0.125244
v 0.047665 0.138256 0.114779
v 0.043987 0.142738 0.114779
v 0.039505 0.146416 0.114779
v 0.034392 0.149150 0.114779
v 0.039505 0.146416 0.125244
v 0.034392 0.149149 0.125244
v 0.028843 0.150833 0.125244
v 0.023073 0.151401 0.125244
v 0.028843 0.150833 0.114779
v 0.036888 0.183944 0.114779
v 0.023073 0.151401 0.114779
v 0.017303 0.150833 0.114779
v 0.011754 0.149150 0.114779
v 0.017303 0.150833 0.125244
v 0.011754 0.149149 0.125244
v 0.006641 0.146416 0.125244
v 0.002159 0.142738 0.125244
v 0.006641 0.146416 0.114779
v 0.006445 0.146255 0.114779
v -0.011046 0.175326 0.114779
v 0.002159 0.142738 0.114779
v -0.001519 0.138256 0.114779
v -0.001519 0.138256 0.125244
v -0.006990 0.194402 0.114779
v -0.011046 0.175326 0.125244
v -0.022951 0.165557 0.114779
v -0.022951 0.165557 0.125244
v -0.042246 0.165468 0.114779
v -0.042246 0.165468 0.125244
v -0.049505 0.151887 0.114779
v -0.006990 0.194402 0.125244
v 0.007747 0.198873 0.125244
v 0.021562 0.185454 0.125244
v 0.007747 0.198873 0.114779
v 0.021562 0.185454 0.114779
v 0.036888 0.183944 0.125244
v 0.053136 0.194402 0.125244
v 0.066717 0.187143 0.125244
v 0.053136 0.194402 0.114779
v 0.066717 0.187143 0.114779
v 0.067041 0.167895 0.114779
v 0.076811 0.155990 0.114779
v 0.067041 0.167895 0.125244
v 0.076811 0.155990 0.125244
v 0.095651 0.151887 0.125244
v 0.100122 0.137150 0.125244
v 0.095651 0.151887 0.114779
v 0.100122 0.137150 0.114779
v 0.086760 0.123260 0.114779
v 0.085250 0.107934 0.114779
v 0.086760 0.123260 0.125244
v 0.085250 0.107934 0.125244
v 0.095651 0.091761 0.125244
v 0.088392 0.078179 0.125244
v 0.095651 0.091761 0.114779
v 0.088392 0.078179 0.114779
v 0.069151 0.077755 0.114779
v 0.057247 0.067985 0.114779
v 0.069151 0.077755 0.125244
v 0.057247 0.067985 0.125244
v 0.053136 0.049246 0.125244
v 0.038399 0.044775 0.125244
v 0.053136 0.049246 0.114779
v 0.038399 0.044775 0.114779
v 0.024249 0.058263 0.114779
v 0.008923 0.059773 0.114779
v 0.024249 0.058263 0.125244
v 0.008923 0.059773 0.125244
v -0.006990 0.049246 0.125244
v -0.020572 0.056505 0.125244
v -0.006990 0.049246 0.114779
v -0.020572 0.056505 0.114779
v -0.020820 0.075560 0.114779
v -0.030590 0.087464 0.114779
v -0.020820 0.075560 0.125244
v -0.030590 0.087464 0.125244
v -0.049505 0.091761 0.125244
v -0.049505 0.091761 0.114779
v -0.053976 0.106498 0.114779
v 0.004540 0.108363 0.234009
v 0.013649 0.108363 0.234009
v 0.004540 0.107740 0.177764
v 0.004540 0.117373 0.233909
v 0.013649 0.117373 0.233909
v 0.004540 0.116751 0.177664
v 0.004540 0.126383 0.233810
v 0.004540 0.125760 0.177565
v 0.004540 0.135393 0.233710
v 0.013649 0.126383 0.233810
v 0.022758 0.126383 0.233810
v 0.013649 0.135393 0.233710
v 0.013649 0.144403 0.233610
v 0.022758 0.135393 0.233710
v 0.022758 0.144403 0.233610
v 0.031867 0.135393 0.233710
v 0.031867 0.144403 0.233610
v 0.031867 0.126383 0.233810
v 0.040976 0.135393 0.233710
v 0.040976 0.144403 0.233610
v 0.040976 0.134770 0.177465
v 0.040976 0.126383 0.233810
v 0.040976 0.125760 0.177564
v 0.040976 0.117373 0.233909
v 0.040976 0.116751 0.177664
v 0.040976 0.108363 0.234009
v 0.031867 0.117373 0.233909
v 0.022758 0.117373 0.233909
v 0.031867 0.108363 0.234009
v 0.031867 0.107740 0.177764
v 0.022758 0.108363 0.234009
v 0.022758 0.107740 0.177764
v 0.022758 0.107108 0.120639
v 0.013649 0.107740 0.177764
v 0.013649 0.107108 0.120639
v 0.013649 0.106476 0.063515
v 0.004540 0.107108 0.120639
v 0.004540 0.116118 0.120540
v 0.004540 0.106476 0.063515
v 0.004540 0.105834 0.005512
v 0.004540 0.115486 0.063415
v 0.004540 0.114844 0.005412
v 0.004540 0.124496 0.063315
v 0.004540 0.125128 0.120440
v 0.004540 0.123854 0.005312
v 0.004540 0.133506 0.063216
v 0.004540 0.132864 0.005213
v 0.004540 0.142516 0.063116
v 0.004540 0.134138 0.120340
v 0.004540 0.134770 0.177465
v 0.004540 0.143148 0.120241
v 0.013649 0.143148 0.120241
v 0.004540 0.143780 0.177365
v 0.004540 0.144403 0.233610
v 0.013649 0.143780 0.177365
v 0.022758 0.143780 0.177365
v 0.022758 0.143148 0.120241
v 0.031867 0.143780 0.177365
v 0.031867 0.143148 0.120241
v 0.040976 0.143780 0.177365
v 0.040976 0.143148 0.120241
v 0.040976 0.134138 0.120340
v 0.040976 0.142516 0.063116
v 0.031867 0.142516 0.063116
v 0.040976 0.141874 0.005113
v 0.040976 0.133506 0.063216
v 0.040976 0.132864 0.005213
v 0.040976 0.124496 0.063315
v 0.040976 0.125128 0.120440
v 0.040976 0.123854 0.005312
v 0.040976 0.115486 0.063415
v 0.040976 0.114844 0.005412
v 0.040976 0.106476 0.063515
v 0.040976 0.116118 0.120540
v 0.040976 0.107108 0.120639
v 0.031867 0.107108 0.120639
v 0.040976 0.107740 0.177764
v 0.031867 0.106476 0.063515
v 0.031867 0.105834 0.005512
v 0.022758 0.106476 0.063515
v 0.022758 0.105834 0.005512
v 0.013649 0.105834 0.005512
v 0.022758 0.114844 0.005412
v 0.031867 0.114844 0.005412
v 0.022758 0.123854 0.005312
v 0.013649 0.114844 0.005412
v 0.013649 0.123854 0.005312
v 0.013649 0.132864 0.005213
v 0.022758 0.132864 0.005213
v 0.013649 0.141874 0.005113
v 0.004540 0.141874 0.005113
v 0.013649 0.142516 0.063116
v 0.022758 0.141874 0.005113
v 0.031867 0.141874 0.005113
v 0.022758 0.142516 0.063116
v 0.031867 0.132864 0.005213
v 0.031867 0.123854 0.005312
v 0.040976 0.105834 0.005512
v 0.067580 0.130079 0.009418
v 0.066514 0.119253 0.009538
v 0.077093 0.139888 0.009309
v 0.067580 0.129992 0.001621
v 0.077093 0.139802 0.001512
v 0.066514 0.119167 0.001741
v 0.073936 0.107740 0.001867
v 0.073936 0.107826 0.009664
v 0.068807 0.098146 0.001973
v 0.055177 0.098084 0.001974
v 0.068807 0.098233 0.009771
v 0.055177 0.098170 0.009771
v 0.046767 0.091270 0.009848
v 0.043902 0.077795 0.009997
v 0.046767 0.091183 0.002050
v 0.034411 0.111718 0.001823
v 0.043902 0.077708 0.002199
v 0.033491 0.074551 0.002234
v 0.023731 0.084029 0.002129
v 0.033491 0.074637 0.010032
v 0.023732 0.084116 0.009927
v 0.012905 0.085182 0.009915
v 0.012905 0.085095 0.002118
v 0.001427 0.077795 0.009997
v -0.008167 0.082923 0.009940
v 0.001427 0.077708 0.002199
v -0.008167 0.082837 0.002143
v -0.008396 0.096432 0.001992
v -0.015297 0.104842 0.001899
v -0.008396 0.096519 0.009789
v -0.015297 0.104928 0.009696
v -0.028606 0.107826 0.009664
v -0.031764 0.118237 0.009549
v -0.028606 0.107740 0.001867
v -0.031764 0.118150 0.001752
v -0.022325 0.127961 0.001643
v -0.021259 0.138787 0.001523
v -0.022325 0.128048 0.009440
v -0.021259 0.138874 0.009321
v -0.028606 0.150298 0.009194
v -0.023478 0.159892 0.009088
v -0.028606 0.150212 0.001397
v -0.023478 0.159806 0.001291
v -0.009886 0.160105 0.001287
v -0.001477 0.167007 0.001211
v -0.009886 0.160192 0.009085
v -0.001477 0.167093 0.009008
v 0.001427 0.180330 0.008862
v 0.011838 0.183488 0.008827
v 0.001427 0.180244 0.001064
v 0.011838 0.183402 0.001030
v 0.021834 0.173874 0.001135
v 0.032661 0.172808 0.001147
v 0.021834 0.173960 0.008932
v 0.032661 0.172894 0.008944
v 0.022665 0.149955 0.009198
v 0.026741 0.149554 0.009202
v 0.018588 0.149554 0.009202
v 0.022665 0.149869 0.001401
v 0.026741 0.149467 0.001405
v 0.018588 0.149467 0.001405
v 0.014669 0.148278 0.001418
v 0.011056 0.146348 0.001440
v 0.014669 0.148365 0.009216
v 0.011056 0.146434 0.009237
v 0.007890 0.143836 0.009266
v 0.005292 0.140670 0.009301
v 0.007890 0.143750 0.001468
v 0.005292 0.140584 0.001503
v 0.003361 0.136971 0.001543
v 0.002172 0.133052 0.001587
v 0.003361 0.137057 0.009341
v 0.002172 0.133139 0.009384
v 0.001771 0.129062 0.009429
v 0.002172 0.124986 0.009474
v 0.001771 0.128976 0.001632
v 0.002172 0.124900 0.001677
v 0.003361 0.120981 0.001720
v 0.005292 0.117369 0.001760
v 0.003361 0.121067 0.009518
v 0.005292 0.117455 0.009558
v 0.007890 0.114289 0.009593
v 0.011056 0.111691 0.009622
v 0.007890 0.114203 0.001795
v 0.011056 0.111604 0.001824
v 0.014669 0.109674 0.001846
v 0.018588 0.108485 0.001859
v 0.014669 0.109760 0.009643
v 0.018588 0.108571 0.009656
v 0.022665 0.108170 0.009661
v 0.026741 0.108571 0.009656
v 0.022665 0.108084 0.001863
v 0.026741 0.108485 0.001859
v 0.030660 0.109674 0.001846
v 0.034273 0.111604 0.001824
v 0.030660 0.109760 0.009643
v 0.034273 0.111691 0.009622
v 0.037439 0.114289 0.009593
v 0.040037 0.117455 0.009558
v 0.037439 0.114203 0.001795
v 0.040037 0.117369 0.001760
v 0.041968 0.120981 0.001720
v 0.041968 0.121067 0.009518
v 0.043157 0.124900 0.001677
v 0.043157 0.124986 0.009474
v 0.043558 0.128976 0.001632
v 0.043157 0.133052 0.001587
v 0.043558 0.129062 0.009429
v 0.043157 0.133139 0.009384
v 0.041968 0.137057 0.009341
v 0.041968 0.136971 0.001543
v 0.040037 0.140670 0.009301
v 0.037439 0.143836 0.009266
v 0.040037 0.140584 0.001503
v 0.037439 0.143750 0.001468
v 0.034273 0.146348 0.001440
v 0.030660 0.148278 0.001418
v 0.034273 0.146434 0.009237
v 0.030660 0.148365 0.009216
v 0.043902 0.180330 0.008862
v 0.053496 0.175202 0.008919
v 0.043902 0.180244 0.001064
v 0.053496 0.175116 0.001121
v 0.053672 0.161656 0.001270
v 0.060573 0.153247 0.001363
v 0.053672 0.161743 0.009068
v 0.060573 0.153333 0.009161
v 0.073936 0.150298 0.009194
v 0.073936 0.150212 0.001397
v 0.067674 0.133535 0.238398
v 0.066607 0.122709 0.238517
v 0.077187 0.143344 0.238289
v 0.067674 0.133448 0.230600
v 0.077187 0.143258 0.230492
v 0.066607 0.122623 0.230720
v 0.074029 0.111196 0.230847
v 0.074029 0.111282 0.238644
v 0.068900 0.101602 0.230953
v 0.055270 0.101540 0.230953
v 0.068900 0.101689 0.238750
v 0.055270 0.101626 0.238751
v 0.046861 0.094726 0.238827
v 0.043995 0.081251 0.238976
v 0.046861 0.094639 0.231030
v 0.034504 0.115174 0.230803
v 0.043995 0.081164 0.231179
v 0.033584 0.078007 0.231214
v 0.033584 0.078093 0.239011
v 0.023825 0.087485 0.231109
v 0.023825 0.087572 0.238906
v 0.012998 0.088551 0.231097
v 0.018682 0.111941 0.230838
v 0.001521 0.081164 0.231179
v 0.012998 0.088638 0.238895
v 0.001521 0.081251 0.238976
v -0.008074 0.086379 0.238920
v -0.008303 0.099975 0.238769
v -0.008074 0.086293 0.231122
v -0.008303 0.099888 0.230972
v -0.015204 0.108298 0.230879
v -0.028513 0.111196 0.230847
v -0.015204 0.108384 0.238676
v -0.028513 0.111282 0.238644
v -0.031671 0.121693 0.238529
v -0.022232 0.131504 0.238420
v -0.031671 0.121606 0.230731
v -0.022232 0.131417 0.230623
v -0.021166 0.142243 0.230503
v -0.028513 0.153668 0.230376
v -0.021166 0.142330 0.238300
v -0.028513 0.153754 0.238174
v -0.023385 0.163348 0.238068
v -0.009793 0.163648 0.238064
v -0.023385 0.163262 0.230270
v -0.009793 0.163562 0.230267
v -0.001383 0.170463 0.230191
v 0.001521 0.183700 0.230044
v -0.001383 0.170549 0.237988
v 0.001521 0.183786 0.237841
v 0.011931 0.186944 0.237806
v 0.021927 0.177416 0.237912
v 0.011931 0.186858 0.230009
v 0.021927 0.177330 0.230115
v 0.032754 0.176264 0.230126
v 0.043995 0.183700 0.230044
v 0.032754 0.176350 0.237924
v 0.043995 0.183786 0.237841
v 0.053589 0.178658 0.237898
v 0.053765 0.165198 0.238047
v 0.053589 0.178572 0.230101
v 0.053765 0.165112 0.230250
v 0.060666 0.156703 0.230343
v 0.074029 0.153668 0.230376
v 0.060666 0.156789 0.238140
v 0.074029 0.153754 0.238174
v 0.022758 0.153411 0.238178
v 0.018682 0.153010 0.238182
v 0.022758 0.153325 0.230380
v 0.026834 0.153010 0.238182
v 0.030753 0.151821 0.238195
v 0.026834 0.152923 0.230385
v 0.030753 0.151734 0.230398
v 0.034366 0.149804 0.230419
v 0.037532 0.147206 0.230448
v 0.034366 0.149890 0.238217
v 0.037532 0.147292 0.238245
v 0.040131 0.144126 0.238280
v 0.042061 0.140513 0.238320
v 0.040131 0.144040 0.230483
v 0.042061 0.140427 0.230523
v 0.043250 0.136508 0.230566
v 0.043652 0.132432 0.230612
v 0.043250 0.136595 0.238364
v 0.043652 0.132518 0.238409
v 0.043250 0.128442 0.238454
v 0.042061 0.124523 0.238497
v 0.043250 0.128356 0.230657
v 0.042061 0.124437 0.230700
v 0.040131 0.120825 0.230740
v 0.037532 0.117659 0.230775
v 0.040131 0.120911 0.238537
v 0.037532 0.117745 0.238572
v 0.034366 0.115147 0.238601
v 0.034366 0.115060 0.230804
v 0.030753 0.113216 0.238622
v 0.030753 0.113130 0.230825
v 0.026834 0.112027 0.238636
v 0.022758 0.111626 0.238640
v 0.026834 0.111941 0.230838
v 0.022758 0.111540 0.230843
v 0.018682 0.112027 0.238636
v 0.014762 0.113216 0.238622
v 0.014762 0.113130 0.230825
v 0.011150 0.115147 0.238601
v 0.007983 0.117745 0.238572
v 0.011150 0.115060 0.230804
v 0.007983 0.117659 0.230775
v 0.005385 0.120825 0.230740
v 0.003454 0.124437 0.230700
v 0.005385 0.120911 0.238537
v 0.003454 0.124523 0.238497
v 0.002265 0.128442 0.238454
v 0.001864 0.132518 0.238409
v 0.002265 0.128356 0.230657
v 0.001864 0.132432 0.230612
v 0.002265 0.136508 0.230566
v 0.003454 0.140427 0.230523
v 0.002265 0.136595 0.238364
v 0.003454 0.140513 0.238320
v 0.005385 0.144126 0.238280
v 0.007983 0.147292 0.238245
v 0.005385 0.144040 0.230483
v 0.007983 0.147206 0.230448
v 0.011150 0.149804 0.230419
v 0.014762 0.151734 0.230398
v 0.011150 0.149890 0.238217
v 0.014762 0.151821 0.238195
v 0.018682 0.152923 0.230385
v -0.001092 0.234293 0.050047
v 0.010833 0.234293 0.050047
v -0.001092 0.198833 0.050439
v -0.001092 0.234158 0.037786
v 0.010833 0.234158 0.037786
v -0.001092 0.198697 0.038178
v -0.001092 0.234022 0.025524
v -0.001092 0.198561 0.025916
v -0.001092 0.233886 0.013262
v 0.010833 0.234022 0.025524
v 0.022758 0.234022 0.025524
v 0.010833 0.233886 0.013262
v 0.022758 0.233886 0.013262
v 0.010833 0.233750 0.001001
v -0.001092 0.233750 0.001001
v 0.010833 0.198290 0.001394
v 0.022758 0.233750 0.001001
v 0.022758 0.198290 0.001394
v 0.034683 0.233750 0.001001
v 0.034682 0.198290 0.001394
v 0.046608 0.233750 0.001001
v 0.034683 0.233886 0.013262
v 0.034682 0.234022 0.025524
v 0.046608 0.233886 0.013262
v 0.046608 0.198425 0.013655
v 0.046608 0.234022 0.025524
v 0.046608 0.198561 0.025916
v 0.046608 0.234158 0.037786
v 0.046608 0.198697 0.038178
v 0.046608 0.234293 0.050047
v 0.034682 0.234158 0.037786
v 0.022758 0.234158 0.037786
v 0.034683 0.234293 0.050047
v 0.034683 0.198833 0.050439
v 0.022758 0.234293 0.050047
v 0.022758 0.198833 0.050439
v 0.022758 0.162817 0.050838
v 0.010833 0.198833 0.050439
v 0.010833 0.162817 0.050838
v -0.001092 0.162817 0.050838
v 0.010833 0.126802 0.051236
v 0.022758 0.126802 0.051236
v -0.001092 0.126802 0.051236
v 0.010833 0.090233 0.051641
v 0.022758 0.090233 0.051641
v -0.001092 0.090233 0.051641
v 0.010833 0.090098 0.039380
v -0.001092 0.090098 0.039380
v 0.010833 0.089962 0.027119
v 0.022758 0.090098 0.039380
v 0.034682 0.090098 0.039380
v 0.022758 0.089962 0.027119
v 0.022758 0.089826 0.014857
v 0.034683 0.089962 0.027119
v 0.046608 0.089962 0.027119
v 0.034683 0.089826 0.014857
v 0.046608 0.089826 0.014857
v 0.034683 0.089691 0.002596
v 0.022758 0.089691 0.002596
v 0.034682 0.126259 0.002191
v 0.046608 0.089691 0.002596
v 0.046608 0.126259 0.002191
v 0.046608 0.126395 0.014452
v 0.046608 0.162275 0.001792
v 0.046608 0.162410 0.014054
v 0.034682 0.162275 0.001792
v 0.046608 0.198290 0.001394
v 0.022758 0.162275 0.001792
v 0.010833 0.162275 0.001792
v 0.022758 0.126259 0.002191
v 0.010833 0.126259 0.002191
v -0.001092 0.126259 0.002191
v 0.010833 0.089691 0.002596
v -0.001092 0.089691 0.002596
v 0.010833 0.089826 0.014857
v -0.001092 0.089826 0.014857
v -0.001092 0.089962 0.027119
v -0.001092 0.126395 0.014452
v -0.001092 0.162410 0.014054
v -0.001092 0.126531 0.026714
v -0.001092 0.126667 0.038975
v -0.001092 0.162546 0.026315
v -0.001092 0.162682 0.038577
v -0.001092 0.198425 0.013655
v -0.001092 0.162275 0.001792
v -0.001092 0.198290 0.001394
v 0.046608 0.162546 0.026315
v 0.046608 0.162682 0.038577
v 0.046608 0.126531 0.026714
v 0.046608 0.126667 0.038975
v 0.046608 0.090098 0.039380
v 0.046608 0.126802 0.051236
v 0.046608 0.090233 0.051641
v 0.034683 0.126802 0.051236
v 0.046608 0.162817 0.050838
v 0.046608 0.198833 0.050439
v 0.034683 0.162817 0.050838
v 0.034682 0.090233 0.051641
v 0.144961 0.120891 0.119992
v 0.141686 0.120891 0.101150
v 0.143915 0.104940 0.119992
v 0.141686 0.120891 0.138833
v 0.143915 0.136842 0.119992
v 0.140797 0.152519 0.119992
v 0.140669 0.136414 0.101150
v 0.140669 0.136414 0.138833
v 0.131800 0.135247 0.152626
v 0.137634 0.151672 0.138833
v 0.128993 0.149357 0.152626
v 0.132633 0.166403 0.138833
v 0.124369 0.162980 0.152626
v 0.125753 0.180355 0.138833
v 0.135659 0.167656 0.119992
v 0.128589 0.181993 0.119992
v 0.132633 0.166403 0.101150
v 0.125753 0.180355 0.101150
v 0.124368 0.162980 0.087357
v 0.137634 0.151672 0.101150
v 0.128993 0.149357 0.087357
v 0.117189 0.146194 0.082309
v 0.131800 0.135247 0.087357
v 0.119684 0.133652 0.082309
v 0.132740 0.120891 0.087357
v 0.131800 0.106535 0.087357
v 0.120520 0.120891 0.082309
v 0.119684 0.108131 0.082309
v 0.108300 0.120891 0.087357
v 0.107568 0.109726 0.087357
v 0.099354 0.120891 0.101150
v 0.107568 0.132057 0.087357
v 0.105385 0.143031 0.087357
v 0.098699 0.130889 0.101150
v 0.096744 0.140716 0.101150
v 0.095452 0.130461 0.119992
v 0.093581 0.139868 0.119992
v 0.098699 0.130889 0.138833
v 0.096080 0.120891 0.119992
v 0.095452 0.111321 0.119992
v 0.099354 0.120891 0.138833
v 0.098699 0.110893 0.138833
v 0.108300 0.120891 0.152626
v 0.107568 0.109726 0.152626
v 0.120520 0.120891 0.157674
v 0.107568 0.132057 0.152626
v 0.105385 0.143031 0.152626
v 0.119684 0.133652 0.157674
v 0.117189 0.146194 0.157674
v 0.113078 0.158303 0.157674
v 0.101788 0.153627 0.152626
v 0.107423 0.169772 0.157674
v 0.096839 0.163662 0.152626
v 0.100318 0.180405 0.157674
v 0.118006 0.175882 0.152626
v 0.110013 0.187844 0.152626
v 0.100527 0.198661 0.152626
v 0.117110 0.193290 0.138833
v 0.106853 0.204986 0.138833
v 0.119708 0.195283 0.119992
v 0.109168 0.207302 0.119992
v 0.117110 0.193290 0.101150
v 0.106853 0.204986 0.101150
v 0.110013 0.187844 0.087357
v 0.100527 0.198661 0.087357
v 0.100318 0.180405 0.082309
v 0.118006 0.175882 0.087357
v 0.107422 0.169772 0.082309
v 0.096839 0.163662 0.087357
v 0.113078 0.158303 0.082309
v 0.101788 0.153627 0.087357
v 0.093523 0.150203 0.101150
v 0.089092 0.159189 0.101150
v 0.090498 0.148950 0.119992
v 0.086256 0.157552 0.119992
v 0.093523 0.150203 0.138833
v 0.089092 0.159189 0.138833
v 0.096744 0.140716 0.138833
v 0.083526 0.167520 0.138833
v 0.080928 0.165527 0.119992
v 0.076919 0.175053 0.138833
v 0.090623 0.172966 0.152626
v 0.083245 0.181378 0.152626
v 0.074833 0.188756 0.152626
v 0.091886 0.190020 0.157674
v 0.082272 0.198451 0.157674
v 0.071639 0.205556 0.157674
v 0.089711 0.208146 0.152626
v 0.077749 0.216139 0.152626
v 0.095157 0.215243 0.138833
v 0.082222 0.223886 0.138833
v 0.097150 0.217841 0.119992
v 0.083859 0.226722 0.119992
v 0.095157 0.215243 0.101150
v 0.082222 0.223886 0.101150
v 0.089711 0.208146 0.087357
v 0.077749 0.216139 0.087357
v 0.082272 0.198451 0.082309
v 0.071639 0.205556 0.082309
v 0.074833 0.188756 0.087357
v 0.091886 0.190020 0.082309
v 0.083245 0.181378 0.087357
v 0.076919 0.175053 0.101150
v 0.090623 0.172966 0.087357
v 0.083526 0.167520 0.101150
v 0.069387 0.181659 0.101150
v 0.074604 0.172737 0.119992
v 0.067393 0.179061 0.119992
v 0.059419 0.184390 0.119992
v 0.069387 0.181659 0.138833
v 0.061056 0.187225 0.138833
v 0.052070 0.191657 0.138833
v 0.065529 0.194973 0.152626
v 0.055493 0.199922 0.152626
v 0.044898 0.203518 0.152626
v 0.060170 0.211212 0.157674
v 0.048061 0.215322 0.157674
v 0.064846 0.222502 0.152626
v 0.051223 0.227126 0.152626
v 0.068270 0.230767 0.138833
v 0.053539 0.235767 0.138833
v 0.069523 0.233792 0.119992
v 0.054386 0.238930 0.119992
v 0.068270 0.230767 0.101150
v 0.053539 0.235767 0.101150
v 0.064846 0.222502 0.087357
v 0.051223 0.227126 0.087357
v 0.060170 0.211212 0.082309
v 0.048061 0.215322 0.082309
v 0.055493 0.199922 0.087357
v 0.044898 0.203518 0.087357
v 0.052070 0.191657 0.101150
v 0.065529 0.194973 0.087357
v 0.061056 0.187225 0.101150
v 0.042582 0.194877 0.101150
v 0.050817 0.188632 0.119992
v 0.041735 0.191714 0.119992
v 0.032328 0.193586 0.119992
v 0.042582 0.194877 0.138833
v 0.032756 0.196832 0.138833
v 0.022758 0.197487 0.138833
v 0.033923 0.205701 0.152626
v 0.022758 0.206433 0.152626
v 0.035518 0.217817 0.157674
v 0.022758 0.218653 0.157674
v 0.037113 0.229933 0.152626
v 0.022758 0.230874 0.152626
v 0.038281 0.238802 0.138833
v 0.022758 0.239820 0.138833
v 0.038709 0.242049 0.119992
v 0.022758 0.243094 0.119992
v 0.038281 0.238802 0.101150
v 0.022758 0.239820 0.101150
v 0.037113 0.229933 0.087357
v 0.022758 0.230874 0.087357
v 0.035518 0.217817 0.082309
v 0.022758 0.218653 0.082309
v 0.033923 0.205701 0.087357
v 0.022758 0.206433 0.087357
v 0.032756 0.196832 0.101150
v 0.022758 0.197487 0.101150
v 0.012760 0.196832 0.101150
v 0.022758 0.194213 0.119992
v 0.013187 0.193586 0.119992
v 0.003781 0.191714 0.119992
v 0.012760 0.196832 0.138833
v 0.002933 0.194877 0.138833
v 0.011592 0.205701 0.152626
v 0.000618 0.203518 0.152626
v 0.009997 0.217817 0.157674
v -0.002545 0.215322 0.157674
v 0.008402 0.229933 0.152626
v -0.005708 0.227126 0.152626
v 0.007235 0.238802 0.138833
v -0.008023 0.235767 0.138833
v 0.006807 0.242049 0.119992
v -0.008871 0.238930 0.119992
v 0.007235 0.238802 0.101150
v -0.008023 0.235767 0.101150
v 0.008402 0.229933 0.087357
v -0.005708 0.227126 0.087357
v 0.009997 0.217817 0.082309
v -0.002545 0.215322 0.082309
v 0.011592 0.205701 0.087357
v 0.000618 0.203518 0.087357
v -0.009978 0.199922 0.087357
v 0.002933 0.194877 0.101150
v -0.006554 0.191657 0.101150
v -0.015540 0.187225 0.101150
v -0.005301 0.188632 0.119992
v -0.013903 0.184390 0.119992
v -0.006554 0.191657 0.138833
v -0.015540 0.187225 0.138833
v -0.009978 0.199922 0.152626
v -0.020013 0.194973 0.152626
v -0.014654 0.211212 0.157674
v -0.026123 0.205556 0.157674
v -0.019331 0.222502 0.152626
v -0.032233 0.216139 0.152626
v -0.022754 0.230767 0.138833
v -0.036706 0.223886 0.138833
v -0.024007 0.233792 0.119992
v -0.038344 0.226722 0.119992
v -0.022754 0.230767 0.101150
v -0.036706 0.223886 0.101150
v -0.019331 0.222502 0.087357
v -0.032233 0.216139 0.087357
v -0.014654 0.211212 0.082309
v -0.026123 0.205556 0.082309
v -0.036756 0.198451 0.082309
v -0.020013 0.194973 0.087357
v -0.029317 0.188756 0.087357
v -0.037729 0.181378 0.087357
v -0.023871 0.181659 0.101150
v -0.031404 0.175053 0.101150
v -0.021878 0.179061 0.119992
v -0.029088 0.172737 0.119992
v -0.023871 0.181659 0.138833
v -0.031404 0.175053 0.138833
v -0.029317 0.188756 0.152626
v -0.037729 0.181378 0.152626
v -0.036756 0.198451 0.157674
v -0.046371 0.190019 0.157674
v -0.044195 0.208146 0.152626
v -0.055012 0.198660 0.152626
v -0.049641 0.215243 0.138833
v -0.061337 0.204986 0.138833
v -0.051635 0.217841 0.119992
v -0.063653 0.207302 0.119992
v -0.049641 0.215243 0.101150
v -0.061337 0.204986 0.101150
v -0.044195 0.208146 0.087357
v -0.055012 0.198660 0.087357
v -0.064497 0.187844 0.087357
v -0.046371 0.190019 0.082309
v -0.054802 0.180405 0.082309
v -0.061907 0.169772 0.082309
v -0.045107 0.172966 0.087357
v -0.051324 0.163662 0.087357
v -0.038010 0.167520 0.101150
v -0.043576 0.159189 0.101150
v -0.035412 0.165527 0.119992
v -0.040741 0.157552 0.119992
v -0.038010 0.167520 0.138833
v -0.043576 0.159189 0.138833
v -0.045107 0.172966 0.152626
v -0.051324 0.163662 0.152626
v -0.054802 0.180405 0.157674
v -0.061907 0.169772 0.157674
v -0.064497 0.187844 0.152626
v -0.072490 0.175882 0.152626
v -0.071594 0.193290 0.138833
v -0.080237 0.180355 0.138833
v -0.074192 0.195283 0.119992
v -0.083073 0.181993 0.119992
v -0.071594 0.193290 0.101150
v -0.080237 0.180355 0.101150
v -0.087118 0.166403 0.101150
v -0.072490 0.175882 0.087357
v -0.078853 0.162980 0.087357
v -0.083477 0.149357 0.087357
v -0.067563 0.158303 0.082309
v -0.071673 0.146194 0.082309
v -0.056273 0.153627 0.087357
v -0.059869 0.143031 0.087357
v -0.048008 0.150203 0.101150
v -0.051228 0.140716 0.101150
v -0.044983 0.148950 0.119992
v -0.048066 0.139868 0.119992
v -0.048008 0.150203 0.138833
v -0.051228 0.140716 0.138833
v -0.056273 0.153627 0.152626
v -0.059869 0.143031 0.152626
v -0.067563 0.158303 0.157674
v -0.071673 0.146194 0.157674
v -0.078853 0.162980 0.152626
v -0.083477 0.149357 0.152626
v -0.087118 0.166403 0.138833
v -0.092118 0.151672 0.138833
v -0.090143 0.167656 0.119992
v -0.095281 0.152520 0.119992
v -0.098400 0.136842 0.119992
v -0.092118 0.151672 0.101150
v -0.095153 0.136414 0.101150
v -0.096171 0.120891 0.101150
v -0.086284 0.135247 0.087357
v -0.087225 0.120891 0.087357
v -0.074168 0.133652 0.082309
v -0.075004 0.120891 0.082309
v -0.062052 0.132057 0.087357
v -0.062784 0.120891 0.087357
v -0.053183 0.130889 0.101150
v -0.053838 0.120891 0.101150
v -0.049937 0.130462 0.119992
v -0.050564 0.120891 0.119992
v -0.053183 0.130889 0.138833
v -0.053838 0.120891 0.138833
v -0.062052 0.132057 0.152626
v -0.062784 0.120891 0.152626
v -0.074168 0.133652 0.157674
v -0.075004 0.120891 0.157674
v -0.086284 0.135247 0.152626
v -0.087225 0.120891 0.152626
v -0.095153 0.136414 0.138833
v -0.096171 0.120891 0.138833
v -0.095153 0.105368 0.138833
v -0.099445 0.120891 0.119992
v -0.098400 0.104940 0.119992
v -0.095281 0.089263 0.119992
v -0.095153 0.105368 0.101150
v -0.092118 0.090110 0.101150
v -0.086284 0.106535 0.087357
v -0.083477 0.092425 0.087357
v -0.074168 0.108130 0.082309
v -0.071673 0.095588 0.082309
v -0.062052 0.109726 0.087357
v -0.059869 0.098751 0.087357
v -0.053183 0.110893 0.101150
v -0.051228 0.101067 0.101150
v -0.049937 0.111321 0.119992
v -0.048066 0.101914 0.119992
v -0.053183 0.110893 0.138833
v -0.051228 0.101067 0.138833
v -0.062052 0.109726 0.152626
v -0.059869 0.098751 0.152626
v -0.074168 0.108130 0.157674
v -0.071673 0.095588 0.157674
v -0.086284 0.106535 0.152626
v -0.083477 0.092425 0.152626
v -0.078853 0.078803 0.152626
v -0.092118 0.090110 0.138833
v -0.087118 0.075379 0.138833
v -0.080237 0.061427 0.138833
v -0.090143 0.074126 0.119992
v -0.083073 0.059790 0.119992
v -0.087118 0.075379 0.101150
v -0.080237 0.061427 0.101150
v -0.078853 0.078803 0.087357
v -0.072490 0.065900 0.087357
v -0.067563 0.083479 0.082309
v -0.061907 0.072010 0.082309
v -0.056273 0.088156 0.087357
v -0.051324 0.078120 0.087357
v -0.048008 0.091579 0.101150
v -0.043576 0.082593 0.101150
v -0.044983 0.092832 0.119992
v -0.040741 0.084230 0.119992
v -0.048008 0.091579 0.138833
v -0.043576 0.082593 0.138833
v -0.056273 0.088156 0.152626
v -0.051324 0.078120 0.152626
v -0.067563 0.083479 0.157674
v -0.061907 0.072010 0.157674
v -0.054802 0.061377 0.157674
v -0.072490 0.065900 0.152626
v -0.064497 0.053938 0.152626
v -0.055012 0.043122 0.152626
v -0.071594 0.048492 0.138833
v -0.061337 0.036796 0.138833
v -0.074192 0.046499 0.119992
v -0.063653 0.034481 0.119992
v -0.071594 0.048492 0.101150
v -0.061337 0.036796 0.101150
v -0.064497 0.053938 0.087357
v -0.055012 0.043122 0.087357
v -0.054802 0.061377 0.082309
v -0.046371 0.051763 0.082309
v -0.045107 0.068816 0.087357
v -0.037729 0.060404 0.087357
v -0.038010 0.074262 0.101150
v -0.031404 0.066729 0.101150
v -0.035412 0.076256 0.119992
v -0.029088 0.069045 0.119992
v -0.038010 0.074262 0.138833
v -0.031404 0.066729 0.138833
v -0.045107 0.068816 0.152626
v -0.037729 0.060404 0.152626
v -0.029317 0.053026 0.152626
v -0.046371 0.051763 0.157674
v -0.036756 0.043331 0.157674
v -0.026123 0.036226 0.157674
v -0.044195 0.033636 0.152626
v -0.032233 0.025643 0.152626
v -0.049641 0.026539 0.138833
v -0.036706 0.017896 0.138833
v -0.051635 0.023941 0.119992
v -0.038344 0.015060 0.119992
v -0.049641 0.026539 0.101150
v -0.036706 0.017896 0.101150
v -0.044195 0.033636 0.087357
v -0.032233 0.025643 0.087357
v -0.036756 0.043331 0.082309
v -0.026123 0.036226 0.082309
v -0.029317 0.053026 0.087357
v -0.020013 0.046809 0.087357
v -0.023871 0.060123 0.101150
v -0.015540 0.054557 0.101150
v -0.021878 0.062721 0.119992
v -0.013903 0.057393 0.119992
v -0.023871 0.060123 0.138833
v -0.015540 0.054557 0.138833
v -0.006554 0.050125 0.138833
v -0.020013 0.046810 0.152626
v -0.009978 0.041861 0.152626
v 0.000618 0.038264 0.152626
v -0.014654 0.030570 0.157674
v -0.002545 0.026460 0.157674
v -0.019331 0.019280 0.152626
v -0.005708 0.014656 0.152626
v -0.022754 0.011015 0.138833
v -0.008023 0.006015 0.138833
v -0.024007 0.007990 0.119992
v -0.008871 0.002852 0.119992
v -0.022754 0.011015 0.101150
v -0.008023 0.006015 0.101150
v -0.019331 0.019280 0.087357
v -0.005708 0.014656 0.087357
v -0.014654 0.030570 0.082309
v -0.002545 0.026460 0.082309
v -0.009978 0.041861 0.087357
v 0.000618 0.038264 0.087357
v -0.006554 0.050125 0.101150
v 0.002933 0.046905 0.101150
v -0.005301 0.053151 0.119992
v 0.003781 0.050068 0.119992
v 0.013187 0.048197 0.119992
v 0.002933 0.046905 0.138833
v 0.012760 0.044950 0.138833
v 0.022758 0.044295 0.138833
v 0.011592 0.036081 0.152626
v 0.022758 0.035349 0.152626
v 0.009997 0.023965 0.157674
v 0.022758 0.023129 0.157674
v 0.008402 0.011849 0.152626
v 0.022758 0.010908 0.152626
v 0.007235 0.002980 0.138833
v 0.022758 0.001963 0.138833
v 0.006807 -0.000266 0.119992
v 0.022758 -0.001312 0.119992
v 0.007235 0.002980 0.101150
v 0.022758 0.001963 0.101150
v 0.008402 0.011849 0.087357
v 0.022758 0.010909 0.087357
v 0.009997 0.023965 0.082309
v 0.022758 0.023129 0.082309
v 0.011592 0.036081 0.087357
v 0.022758 0.035349 0.087357
v 0.012760 0.044950 0.101150
v 0.022758 0.044295 0.101150
v 0.032756 0.044950 0.101150
v 0.022758 0.047569 0.119992
v 0.032328 0.048197 0.119992
v 0.041735 0.050068 0.119992
v 0.032756 0.044950 0.138833
v 0.042582 0.046905 0.138833
v 0.033923 0.036081 0.152626
v 0.044898 0.038264 0.152626
v 0.035518 0.023965 0.157674
v 0.048061 0.026460 0.157674
v 0.037113 0.011849 0.152626
v 0.051223 0.014656 0.152626
v 0.038281 0.002980 0.138833
v 0.053539 0.006015 0.138833
v 0.038709 -0.000266 0.119992
v 0.054386 0.002852 0.119992
v 0.038281 0.002980 0.101150
v 0.053539 0.006015 0.101150
v 0.037113 0.011849 0.087357
v 0.051223 0.014656 0.087357
v 0.035518 0.023965 0.082309
v 0.048061 0.026460 0.082309
v 0.033923 0.036081 0.087357
v 0.044898 0.038264 0.087357
v 0.055493 0.041861 0.087357
v 0.042582 0.046905 0.101150
v 0.052070 0.050125 0.101150
v 0.061056 0.054557 0.101150
v 0.050817 0.053151 0.119992
v 0.059419 0.057393 0.119992
v 0.052070 0.050125 0.138833
v 0.061056 0.054557 0.138833
v 0.055493 0.041861 0.152626
v 0.065529 0.046810 0.152626
v 0.060170 0.030570 0.157674
v 0.071639 0.036226 0.157674
v 0.064846 0.019280 0.152626
v 0.077749 0.025643 0.152626
v 0.068270 0.011015 0.138833
v 0.082222 0.017896 0.138833
v 0.069523 0.007990 0.119992
v 0.083859 0.015060 0.119992
v 0.068270 0.011015 0.101150
v 0.082222 0.017896 0.101150
v 0.064846 0.019280 0.087357
v 0.077749 0.025643 0.087357
v 0.060170 0.030570 0.082309
v 0.071639 0.036226 0.082309
v 0.082272 0.043331 0.082309
v 0.065529 0.046810 0.087357
v 0.074833 0.053026 0.087357
v 0.083245 0.060404 0.087357
v 0.069387 0.060123 0.101150
v 0.076920 0.066729 0.101150
v 0.067393 0.062721 0.119992
v 0.074604 0.069045 0.119992
v 0.069387 0.060123 0.138833
v 0.076920 0.066729 0.138833
v 0.074833 0.053026 0.152626
v 0.083245 0.060404 0.152626
v 0.082272 0.043331 0.157674
v 0.091886 0.051763 0.157674
v 0.089711 0.033636 0.152626
v 0.100527 0.043122 0.152626
v 0.095157 0.026539 0.138833
v 0.106853 0.036796 0.138833
v 0.097150 0.023941 0.119992
v 0.109168 0.034481 0.119992
v 0.095157 0.026539 0.101150
v 0.106853 0.036796 0.101150
v 0.089711 0.033636 0.087357
v 0.100527 0.043122 0.087357
v 0.110013 0.053938 0.087357
v 0.091886 0.051763 0.082309
v 0.100318 0.061377 0.082309
v 0.107422 0.072010 0.082309
v 0.090623 0.068816 0.087357
v 0.096839 0.078120 0.087357
v 0.083526 0.074262 0.101150
v 0.089092 0.082593 0.101150
v 0.080928 0.076256 0.119992
v 0.086256 0.084230 0.119992
v 0.083526 0.074262 0.138833
v 0.089092 0.082593 0.138833
v 0.090623 0.068816 0.152626
v 0.096839 0.078120 0.152626
v 0.100318 0.061377 0.157674
v 0.107423 0.072010 0.157674
v 0.110013 0.053938 0.152626
v 0.118006 0.065900 0.152626
v 0.117110 0.048492 0.138833
v 0.125753 0.061427 0.138833
v 0.119708 0.046499 0.119992
v 0.128589 0.059790 0.119992
v 0.117110 0.048492 0.101150
v 0.125753 0.061427 0.101150
v 0.132633 0.075379 0.101150
v 0.118006 0.065900 0.087357
v 0.124369 0.078803 0.087357
v 0.128993 0.092425 0.087357
v 0.113078 0.083479 0.082309
v 0.117189 0.095588 0.082309
v 0.101788 0.088156 0.087357
v 0.105385 0.098751 0.087357
v 0.093523 0.091579 0.101150
v 0.096744 0.101067 0.101150
v 0.090498 0.092832 0.119992
v 0.093581 0.101914 0.119992
v 0.093523 0.091579 0.138833
v 0.096744 0.101067 0.138833
v 0.101788 0.088156 0.152626
v 0.105385 0.098751 0.152626
v 0.113078 0.083479 0.157674
v 0.117189 0.095588 0.157674
v 0.124369 0.078803 0.152626
v 0.128993 0.092425 0.152626
v 0.132633 0.075379 0.138833
v 0.137634 0.090110 0.138833
v 0.135659 0.074126 0.119992
v 0.140797 0.089263 0.119992
v 0.137634 0.090110 0.101150
v 0.140669 0.105368 0.101150
v 0.140669 0.105368 0.138833
v 0.131800 0.106535 0.152626
v 0.119684 0.108131 0.157674
v 0.132740 0.120891 0.152626
v 0.098699 0.110893 0.101150
v -0.001092 0.232776 -0.002607
v 0.010833 0.232776 -0.002607
v -0.001092 0.197315 -0.002214
v -0.001092 0.232640 -0.014868
v 0.010833 0.232640 -0.014868
v -0.001092 0.197180 -0.014475
v -0.001092 0.232505 -0.027129
v -0.001092 0.197044 -0.026737
v -0.001092 0.232369 -0.039391
v 0.010833 0.232505 -0.027129
v 0.022758 0.232505 -0.027129
v 0.010833 0.232369 -0.039391
v 0.010833 0.232233 -0.051652
v 0.022758 0.232369 -0.039391
v 0.022758 0.232233 -0.051652
v 0.034683 0.232369 -0.039391
v 0.034683 0.232233 -0.051652
v 0.034683 0.232505 -0.027129
v 0.046608 0.232369 -0.039391
v 0.046608 0.232233 -0.051652
v 0.046608 0.196908 -0.038999
v 0.046608 0.232505 -0.027129
v 0.046608 0.197044 -0.026737
v 0.046608 0.232640 -0.014868
v 0.046608 0.197180 -0.014475
v 0.046608 0.232776 -0.002607
v 0.034683 0.232640 -0.014868
v 0.022758 0.232640 -0.014868
v 0.034683 0.232776 -0.002607
v 0.034683 0.197315 -0.002214
v 0.022758 0.232776 -0.002607
v 0.022758 0.197315 -0.002214
v 0.022758 0.161300 -0.001816
v 0.010833 0.197315 -0.002214
v 0.010833 0.161300 -0.001816
v 0.010833 0.125285 -0.001417
v -0.001092 0.161300 -0.001816
v -0.001092 0.161165 -0.014077
v -0.001092 0.125285 -0.001417
v -0.001092 0.088716 -0.001012
v -0.001092 0.125149 -0.013678
v -0.001092 0.088581 -0.013273
v -0.001092 0.125014 -0.025940
v -0.001092 0.161029 -0.026338
v -0.001092 0.088445 -0.025535
v -0.001092 0.124878 -0.038201
v -0.001092 0.088309 -0.037796
v -0.001092 0.124742 -0.050462
v -0.001092 0.160893 -0.038600
v -0.001092 0.196908 -0.038999
v -0.001092 0.160757 -0.050861
v 0.010833 0.160757 -0.050861
v -0.001092 0.196773 -0.051260
v -0.001092 0.232233 -0.051652
v 0.010833 0.196773 -0.051260
v 0.022758 0.196773 -0.051260
v 0.022758 0.160757 -0.050861
v 0.034683 0.196773 -0.051260
v 0.034683 0.160757 -0.050861
v 0.046608 0.196773 -0.051260
v 0.046608 0.160757 -0.050861
v 0.046608 0.160893 -0.038600
v 0.046608 0.124742 -0.050462
v 0.034683 0.124742 -0.050462
v 0.046608 0.088173 -0.050058
v 0.046608 0.124878 -0.038201
v 0.046608 0.088309 -0.037796
v 0.046608 0.125014 -0.025940
v 0.046608 0.161029 -0.026338
v 0.046608 0.088445 -0.025535
v 0.046608 0.125149 -0.013678
v 0.046608 0.088581 -0.013273
v 0.046608 0.125285 -0.001417
v 0.046608 0.161165 -0.014077
v 0.046608 0.161300 -0.001816
v 0.034683 0.161300 -0.001816
v 0.046608 0.197315 -0.002214
v 0.034683 0.125285 -0.001417
v 0.034683 0.088716 -0.001012
v 0.022758 0.125285 -0.001417
v 0.022758 0.088716 -0.001012
v 0.010833 0.088716 -0.001012
v 0.022758 0.088581 -0.013273
v 0.034683 0.088581 -0.013273
v 0.022758 0.088445 -0.025535
v 0.010833 0.088581 -0.013273
v 0.010833 0.088445 -0.025535
v 0.010833 0.088309 -0.037796
v 0.022758 0.088309 -0.037796
v 0.010833 0.088173 -0.050058
v -0.001092 0.088173 -0.050058
v 0.010833 0.124742 -0.050462
v 0.022758 0.088173 -0.050058
v 0.034683 0.088173 -0.050058
v 0.022758 0.124742 -0.050462
v 0.034683 0.088309 -0.037796
v 0.034683 0.088445 -0.025535
v 0.046608 0.088716 -0.001012
v -0.040509 0.117116 -0.114756
v -0.053976 0.103229 -0.114756
v -0.040509 0.117115 -0.125221
v -0.039000 0.132441 -0.114756
v -0.049505 0.148617 -0.114756
v -0.039000 0.132441 -0.125221
v -0.005936 0.124325 -0.114756
v -0.006504 0.118555 -0.114756
v -0.004253 0.129873 -0.114756
v -0.005936 0.124325 -0.125221
v -0.004253 0.129873 -0.125221
v -0.006504 0.118555 -0.125221
v -0.005936 0.112784 -0.125221
v -0.004253 0.107236 -0.125221
v -0.005936 0.112784 -0.114756
v -0.004253 0.107236 -0.114756
v -0.001519 0.102122 -0.114756
v 0.002159 0.097640 -0.114756
v -0.001519 0.102122 -0.125221
v 0.002159 0.097640 -0.125221
v 0.006641 0.093962 -0.125221
v 0.011754 0.091229 -0.125221
v 0.006641 0.093962 -0.114756
v 0.011754 0.091229 -0.114756
v 0.017303 0.089546 -0.114756
v 0.023073 0.088978 -0.114756
v 0.017303 0.089546 -0.125221
v 0.023073 0.088978 -0.125221
v 0.028843 0.089546 -0.125221
v 0.034392 0.091229 -0.125221
v 0.028843 0.089546 -0.114756
v 0.034392 0.091229 -0.114756
v 0.039505 0.093962 -0.114756
v 0.043987 0.097640 -0.114756
v 0.039505 0.093962 -0.125221
v 0.043987 0.097640 -0.125221
v 0.047665 0.102122 -0.125221
v 0.050398 0.107236 -0.125221
v 0.047665 0.102122 -0.114756
v 0.050398 0.107236 -0.114756
v 0.052082 0.112784 -0.114756
v 0.052650 0.118555 -0.114756
v 0.052082 0.112784 -0.125221
v 0.052650 0.118555 -0.125221
v 0.052082 0.124325 -0.125221
v 0.050398 0.129873 -0.125221
v 0.052082 0.124325 -0.114756
v 0.050398 0.129873 -0.114756
v 0.047665 0.134987 -0.114756
v 0.043987 0.139469 -0.114756
v 0.047665 0.134987 -0.125221
v 0.043987 0.139469 -0.125221
v 0.039505 0.143147 -0.125221
v 0.034392 0.145880 -0.125221
v 0.039505 0.143147 -0.114756
v 0.034392 0.145880 -0.114756
v 0.028843 0.147563 -0.114756
v 0.023073 0.148132 -0.114756
v 0.028843 0.147563 -0.125221
v 0.036888 0.180675 -0.125221
v 0.023073 0.148132 -0.125221
v 0.017303 0.147563 -0.125221
v 0.011754 0.145880 -0.125221
v 0.017303 0.147563 -0.114756
v 0.011754 0.145880 -0.114756
v 0.006641 0.143147 -0.114756
v 0.002159 0.139469 -0.114756
v 0.006641 0.143147 -0.125221
v 0.006445 0.142986 -0.125221
v -0.011046 0.172057 -0.125221
v 0.002159 0.139469 -0.125221
v -0.001519 0.134987 -0.125221
v -0.001519 0.134987 -0.114756
v -0.006990 0.191133 -0.125221
v -0.011046 0.172057 -0.114756
v -0.022951 0.162287 -0.125221
v -0.022951 0.162287 -0.114756
v -0.042246 0.162199 -0.125221
v -0.042246 0.162199 -0.114756
v -0.049505 0.148617 -0.125221
v -0.006990 0.191133 -0.114756
v 0.007747 0.195603 -0.114756
v 0.021562 0.182184 -0.114756
v 0.007747 0.195603 -0.125221
v 0.021562 0.182184 -0.125221
v 0.036888 0.180675 -0.114756
v 0.053136 0.191133 -0.114756
v 0.066717 0.183873 -0.114756
v 0.053136 0.191133 -0.125221
v 0.066717 0.183873 -0.125221
v 0.067041 0.164625 -0.125221
v 0.076811 0.152721 -0.125221
v 0.067041 0.164625 -0.114756
v 0.076811 0.152721 -0.114756
v 0.095651 0.148617 -0.114756
v 0.100122 0.133880 -0.114756
v 0.095651 0.148617 -0.125221
v 0.100122 0.133880 -0.125221
v 0.086760 0.119991 -0.125221
v 0.085250 0.104665 -0.125221
v 0.086760 0.119991 -0.114756
v 0.085250 0.104665 -0.114756
v 0.095651 0.088492 -0.114756
v 0.088392 0.074910 -0.114756
v 0.095651 0.088492 -0.125221
v 0.088392 0.074910 -0.125221
v 0.069151 0.074485 -0.125221
v 0.057247 0.064716 -0.125221
v 0.069151 0.074485 -0.114756
v 0.057247 0.064716 -0.114756
v 0.053136 0.045976 -0.114756
v 0.038399 0.041506 -0.114756
v 0.053136 0.045976 -0.125221
v 0.038399 0.041506 -0.125221
v 0.024249 0.054994 -0.125221
v 0.008923 0.056503 -0.125221
v 0.024249 0.054994 -0.114756
v 0.008923 0.056503 -0.114756
v -0.006990 0.045976 -0.114756
v -0.020572 0.053236 -0.114756
v -0.006990 0.045976 -0.125221
v -0.020572 0.053236 -0.125221
v -0.020820 0.072290 -0.125221
v -0.030590 0.084195 -0.125221
v -0.020820 0.072290 -0.114756
v -0.030590 0.084195 -0.114756
v -0.049505 0.088492 -0.114756
v -0.049505 0.088492 -0.125221
v -0.053976 0.103229 -0.125221
v 0.004540 0.105094 -0.005991
v 0.013649 0.105094 -0.005991
v 0.004540 0.104471 -0.062236
v 0.004540 0.114104 -0.006091
v 0.013649 0.114104 -0.006091
v 0.004540 0.113481 -0.062336
v 0.004540 0.123114 -0.006190
v 0.004540 0.122491 -0.062435
v 0.004540 0.132124 -0.006290
v 0.013649 0.123114 -0.006190
v 0.022758 0.123114 -0.006190
v 0.013649 0.132124 -0.006290
v 0.013649 0.141133 -0.006390
v 0.022758 0.132124 -0.006290
v 0.022758 0.141133 -0.006390
v 0.031867 0.132124 -0.006290
v 0.031867 0.141133 -0.006390
v 0.031867 0.123114 -0.006190
v 0.040976 0.132124 -0.006290
v 0.040976 0.141133 -0.006390
v 0.040976 0.131501 -0.062535
v 0.040976 0.123114 -0.006190
v 0.040976 0.122491 -0.062435
v 0.040976 0.114104 -0.006091
v 0.040976 0.113481 -0.062336
v 0.040976 0.105094 -0.005991
v 0.031867 0.114104 -0.006091
v 0.022758 0.114104 -0.006091
v 0.031867 0.105094 -0.005991
v 0.031867 0.104471 -0.062236
v 0.022758 0.105094 -0.005991
v 0.022758 0.104471 -0.062236
v 0.022758 0.103839 -0.119361
v 0.013649 0.104471 -0.062236
v 0.013649 0.103839 -0.119361
v 0.013649 0.103206 -0.176485
v 0.004540 0.103839 -0.119361
v 0.004540 0.112849 -0.119460
v 0.004540 0.103206 -0.176485
v 0.004540 0.102564 -0.234488
v 0.004540 0.112217 -0.176585
v 0.004540 0.111575 -0.234588
v 0.004540 0.121226 -0.176685
v 0.004540 0.121859 -0.119560
v 0.004540 0.120584 -0.234688
v 0.004540 0.130237 -0.176784
v 0.004540 0.129595 -0.234787
v 0.004540 0.139246 -0.176884
v 0.004540 0.130869 -0.119660
v 0.004540 0.131501 -0.062535
v 0.004540 0.139879 -0.119759
v 0.013649 0.139879 -0.119759
v 0.004540 0.140511 -0.062635
v 0.004540 0.141133 -0.006390
v 0.013649 0.140511 -0.062635
v 0.022758 0.140511 -0.062635
v 0.022758 0.139879 -0.119759
v 0.031867 0.140511 -0.062635
v 0.031867 0.139879 -0.119759
v 0.040976 0.140511 -0.062635
v 0.040976 0.139879 -0.119759
v 0.040976 0.130869 -0.119660
v 0.040976 0.139246 -0.176884
v 0.031867 0.139246 -0.176884
v 0.040976 0.138604 -0.234887
v 0.040976 0.130237 -0.176784
v 0.040976 0.129595 -0.234787
v 0.040976 0.121226 -0.176685
v 0.040976 0.121859 -0.119560
v 0.040976 0.120584 -0.234688
v 0.040976 0.112217 -0.176585
v 0.040976 0.111575 -0.234588
v 0.040976 0.103206 -0.176485
v 0.040976 0.112849 -0.119460
v 0.040976 0.103839 -0.119361
v 0.031867 0.103839 -0.119361
v 0.040976 0.104471 -0.062236
v 0.031867 0.103206 -0.176485
v 0.031867 0.102564 -0.234488
v 0.022758 0.103206 -0.176485
v 0.022758 0.102564 -0.234488
v 0.013649 0.102564 -0.234488
v 0.022758 0.111575 -0.234588
v 0.031867 0.111575 -0.234588
v 0.022758 0.120584 -0.234688
v 0.013649 0.111575 -0.234588
v 0.013649 0.120584 -0.234688
v 0.013649 0.129595 -0.234787
v 0.022758 0.129595 -0.234787
v 0.013649 0.138604 -0.234887
v 0.004540 0.138604 -0.234887
v 0.013649 0.139246 -0.176884
v 0.022758 0.138604 -0.234887
v 0.031867 0.138604 -0.234887
v 0.022758 0.139246 -0.176884
v 0.031867 0.129595 -0.234787
v 0.031867 0.120584 -0.234688
v 0.040976 0.102564 -0.234488
v 0.067580 0.126809 -0.230582
v 0.066514 0.115983 -0.230462
v 0.077093 0.136619 -0.230691
v 0.067580 0.126723 -0.238379
v 0.077093 0.136533 -0.238488
v 0.066514 0.115897 -0.238259
v 0.073936 0.104471 -0.238133
v 0.073936 0.104557 -0.230336
v 0.068807 0.094877 -0.238027
v 0.055177 0.094815 -0.238026
v 0.068807 0.094963 -0.230229
v 0.055177 0.094901 -0.230229
v 0.046767 0.088000 -0.230152
v 0.043902 0.074525 -0.230003
v 0.046767 0.087914 -0.237950
v 0.034411 0.108449 -0.238177
v 0.043902 0.074439 -0.237801
v 0.033491 0.071281 -0.237766
v 0.023731 0.080760 -0.237870
v 0.033491 0.071368 -0.229968
v 0.023732 0.080846 -0.230073
v 0.012905 0.081912 -0.230085
v 0.012905 0.081826 -0.237882
v 0.001427 0.074525 -0.230003
v -0.008167 0.079653 -0.230060
v 0.001427 0.074439 -0.237801
v -0.008167 0.079567 -0.237857
v -0.008396 0.093163 -0.238008
v -0.015297 0.101572 -0.238101
v -0.008396 0.093249 -0.230210
v -0.015297 0.101659 -0.230304
v -0.028606 0.104557 -0.230336
v -0.031764 0.114967 -0.230451
v -0.028606 0.104471 -0.238133
v -0.031764 0.114881 -0.238248
v -0.022325 0.124692 -0.238357
v -0.021259 0.135518 -0.238477
v -0.022325 0.124778 -0.230559
v -0.021259 0.135604 -0.230679
v -0.028606 0.147029 -0.230806
v -0.023478 0.156623 -0.230912
v -0.028606 0.146943 -0.238603
v -0.023478 0.156536 -0.238709
v -0.009886 0.156836 -0.238713
v -0.001477 0.163737 -0.238789
v -0.009886 0.156922 -0.230915
v -0.001477 0.163824 -0.230992
v 0.001427 0.177061 -0.231138
v 0.011838 0.180219 -0.231173
v 0.001427 0.176975 -0.238935
v 0.011838 0.180132 -0.238970
v 0.021834 0.170605 -0.238865
v 0.032661 0.169538 -0.238853
v 0.021834 0.170691 -0.231068
v 0.032661 0.169625 -0.231056
v 0.022665 0.146686 -0.230802
v 0.026741 0.146284 -0.230798
v 0.018588 0.146284 -0.230798
v 0.022665 0.146599 -0.238599
v 0.026741 0.146198 -0.238595
v 0.018588 0.146198 -0.238595
v 0.014669 0.145009 -0.238582
v 0.011056 0.143078 -0.238560
v 0.014669 0.145095 -0.230784
v 0.011056 0.143165 -0.230763
v 0.007890 0.140567 -0.230734
v 0.005292 0.137401 -0.230699
v 0.007890 0.140480 -0.238532
v 0.005292 0.137314 -0.238496
v 0.003361 0.133702 -0.238457
v 0.002172 0.129783 -0.238413
v 0.003361 0.133788 -0.230659
v 0.002172 0.129869 -0.230616
v 0.001771 0.125793 -0.230571
v 0.002172 0.121717 -0.230526
v 0.001771 0.125707 -0.238368
v 0.002172 0.121631 -0.238323
v 0.003361 0.117712 -0.238280
v 0.005292 0.114099 -0.238240
v 0.003361 0.117798 -0.230482
v 0.005292 0.114186 -0.230442
v 0.007890 0.111020 -0.230407
v 0.011056 0.108421 -0.230378
v 0.007890 0.110933 -0.238204
v 0.011056 0.108335 -0.238176
v 0.014669 0.106404 -0.238154
v 0.018588 0.105215 -0.238141
v 0.014669 0.106491 -0.230357
v 0.018588 0.105302 -0.230344
v 0.022665 0.104901 -0.230339
v 0.026741 0.105302 -0.230344
v 0.022665 0.104814 -0.238137
v 0.026741 0.105215 -0.238141
v 0.030660 0.106404 -0.238154
v 0.034273 0.108335 -0.238176
v 0.030660 0.106491 -0.230357
v 0.034273 0.108421 -0.230378
v 0.037439 0.111020 -0.230407
v 0.040037 0.114186 -0.230442
v 0.037439 0.110933 -0.238204
v 0.040037 0.114099 -0.238240
v 0.041968 0.117712 -0.238280
v 0.041968 0.117798 -0.230482
v 0.043157 0.121631 -0.238323
v 0.043157 0.121717 -0.230526
v 0.043558 0.125707 -0.238368
v 0.043157 0.129783 -0.238413
v 0.043558 0.125793 -0.230571
v 0.043157 0.129869 -0.230616
v 0.041968 0.133788 -0.230659
v 0.041968 0.133702 -0.238457
v 0.040037 0.137401 -0.230699
v 0.037439 0.140567 -0.230734
v 0.040037 0.137314 -0.238496
v 0.037439 0.140480 -0.238532
v 0.034273 0.143078 -0.238560
v 0.030660 0.145009 -0.238582
v 0.034273 0.143165 -0.230763
v 0.030660 0.145095 -0.230784
v 0.043902 0.177061 -0.231138
v 0.053496 0.171933 -0.231081
v 0.043902 0.176975 -0.238935
v 0.053496 0.171846 -0.238879
v 0.053672 0.158387 -0.238730
v 0.060573 0.149978 -0.238637
v 0.053672 0.158473 -0.230932
v 0.060573 0.150064 -0.230839
v 0.073936 0.147029 -0.230806
v 0.073936 0.146943 -0.238603
v 0.067674 0.130265 -0.001602
v 0.066607 0.119439 -0.001483
v 0.077187 0.140075 -0.001711
v 0.067674 0.130179 -0.009400
v 0.077187 0.139989 -0.009508
v 0.066607 0.119353 -0.009280
v 0.074029 0.107927 -0.009153
v 0.074029 0.108013 -0.001356
v 0.068900 0.098333 -0.009047
v 0.055270 0.098271 -0.009047
v 0.068900 0.098419 -0.001250
v 0.055270 0.098357 -0.001249
v 0.046861 0.091456 -0.001173
v 0.043995 0.077981 -0.001024
v 0.046861 0.091370 -0.008970
v 0.034504 0.111905 -0.009197
v 0.043995 0.077895 -0.008821
v 0.033584 0.074737 -0.008786
v 0.033584 0.074824 -0.000989
v 0.023825 0.084216 -0.008891
v 0.023825 0.084302 -0.001094
v 0.012998 0.085282 -0.008903
v 0.018682 0.108671 -0.009162
v 0.001521 0.077895 -0.008821
v 0.012998 0.085368 -0.001105
v 0.001521 0.077981 -0.001024
v -0.008074 0.083109 -0.001080
v -0.008303 0.096705 -0.001231
v -0.008074 0.083023 -0.008878
v -0.008303 0.096619 -0.009028
v -0.015204 0.105028 -0.009121
v -0.028513 0.107927 -0.009153
v -0.015204 0.105115 -0.001324
v -0.028513 0.108013 -0.001356
v -0.031671 0.118423 -0.001471
v -0.022232 0.128234 -0.001580
v -0.031671 0.118337 -0.009269
v -0.022232 0.128148 -0.009377
v -0.021166 0.138974 -0.009497
v -0.028513 0.150399 -0.009624
v -0.021166 0.139060 -0.001700
v -0.028513 0.150485 -0.001826
v -0.023385 0.160079 -0.001932
v -0.009793 0.160378 -0.001936
v -0.023385 0.159992 -0.009730
v -0.009793 0.160292 -0.009733
v -0.001383 0.167193 -0.009809
v 0.001521 0.180431 -0.009956
v -0.001383 0.167280 -0.002012
v 0.001521 0.180517 -0.002159
v 0.011931 0.183675 -0.002194
v 0.021927 0.174147 -0.002088
v 0.011931 0.183588 -0.009991
v 0.021927 0.174061 -0.009885
v 0.032754 0.172994 -0.009874
v 0.043995 0.180431 -0.009956
v 0.032754 0.173081 -0.002076
v 0.043995 0.180517 -0.002159
v 0.053589 0.175389 -0.002102
v 0.053765 0.161929 -0.001953
v 0.053589 0.175302 -0.009899
v 0.053765 0.161843 -0.009750
v 0.060666 0.153434 -0.009657
v 0.074029 0.150399 -0.009624
v 0.060666 0.153520 -0.001860
v 0.074029 0.150485 -0.001826
v 0.022758 0.150142 -0.001822
v 0.018682 0.149740 -0.001818
v 0.022758 0.150055 -0.009620
v 0.026834 0.149740 -0.001818
v 0.030753 0.148551 -0.001805
v 0.026834 0.149654 -0.009615
v 0.030753 0.148465 -0.009602
v 0.034366 0.146534 -0.009581
v 0.037532 0.143936 -0.009552
v 0.034366 0.146621 -0.001783
v 0.037532 0.144023 -0.001755
v 0.040131 0.140857 -0.001720
v 0.042061 0.137244 -0.001680
v 0.040131 0.140770 -0.009517
v 0.042061 0.137158 -0.009477
v 0.043250 0.133239 -0.009434
v 0.043652 0.129163 -0.009388
v 0.043250 0.133325 -0.001636
v 0.043652 0.129249 -0.001591
v 0.043250 0.125173 -0.001546
v 0.042061 0.121254 -0.001503
v 0.043250 0.125087 -0.009343
v 0.042061 0.121168 -0.009300
v 0.040131 0.117555 -0.009260
v 0.037532 0.114389 -0.009225
v 0.040131 0.117642 -0.001463
v 0.037532 0.114476 -0.001428
v 0.034366 0.111877 -0.001399
v 0.034366 0.111791 -0.009196
v 0.030753 0.109947 -0.001377
v 0.030753 0.109860 -0.009175
v 0.026834 0.108758 -0.001364
v 0.022758 0.108357 -0.001360
v 0.026834 0.108671 -0.009162
v 0.022758 0.108270 -0.009157
v 0.018682 0.108758 -0.001364
v 0.014762 0.109947 -0.001377
v 0.014762 0.109860 -0.009175
v 0.011150 0.111877 -0.001399
v 0.007983 0.114476 -0.001428
v 0.011150 0.111791 -0.009196
v 0.007983 0.114389 -0.009225
v 0.005385 0.117555 -0.009260
v 0.003454 0.121168 -0.009300
v 0.005385 0.117642 -0.001463
v 0.003454 0.121254 -0.001503
v 0.002265 0.125173 -0.001546
v 0.001864 0.129249 -0.001591
v 0.002265 0.125087 -0.009343
v 0.001864 0.129163 -0.009388
v 0.002265 0.133239 -0.009434
v 0.003454 0.137158 -0.009477
v 0.002265 0.133325 -0.001636
v 0.003454 0.137244 -0.001680
v 0.005385 0.140857 -0.001720
v 0.007983 0.144023 -0.001755
v 0.005385 0.140770 -0.009517
v 0.007983 0.143936 -0.009552
v 0.011150 0.146534 -0.009581
v 0.014762 0.148465 -0.009602
v 0.011150 0.146621 -0.001783
v 0.014762 0.148551 -0.001805
v 0.018682 0.149654 -0.009615
v -0.001092 0.231024 -0.189953
v 0.010833 0.231024 -0.189953
v -0.001092 0.195563 -0.189561
v -0.001092 0.230888 -0.202214
v 0.010833 0.230888 -0.202214
v -0.001092 0.195428 -0.201822
v -0.001092 0.230752 -0.214476
v -0.001092 0.195292 -0.214084
v -0.001092 0.230617 -0.226738
v 0.010833 0.230752 -0.214476
v 0.022758 0.230752 -0.214476
v 0.010833 0.230617 -0.226738
v 0.022758 0.230617 -0.226738
v 0.010833 0.230481 -0.238999
v -0.001092 0.230481 -0.238999
v 0.010833 0.195020 -0.238606
v 0.022758 0.230481 -0.238999
v 0.022758 0.195020 -0.238606
v 0.034683 0.230481 -0.238999
v 0.034682 0.195020 -0.238606
v 0.046608 0.230481 -0.238999
v 0.034683 0.230617 -0.226738
v 0.034682 0.230752 -0.214476
v 0.046608 0.230617 -0.226738
v 0.046608 0.195156 -0.226345
v 0.046608 0.230752 -0.214476
v 0.046608 0.195292 -0.214084
v 0.046608 0.230888 -0.202214
v 0.046608 0.195428 -0.201822
v 0.046608 0.231024 -0.189953
v 0.034682 0.230888 -0.202214
v 0.022758 0.230888 -0.202214
v 0.034683 0.231024 -0.189953
v 0.034683 0.195563 -0.189561
v 0.022758 0.231024 -0.189953
v 0.022758 0.195563 -0.189561
v 0.022758 0.159548 -0.189162
v 0.010833 0.195563 -0.189561
v 0.010833 0.159548 -0.189162
v -0.001092 0.159548 -0.189162
v 0.010833 0.123533 -0.188764
v 0.022758 0.123533 -0.188764
v -0.001092 0.123533 -0.188764
v 0.010833 0.086964 -0.188359
v 0.022758 0.086964 -0.188359
v -0.001092 0.086964 -0.188359
v 0.010833 0.086828 -0.200620
v -0.001092 0.086828 -0.200620
v 0.010833 0.086693 -0.212881
v 0.022758 0.086828 -0.200620
v 0.034682 0.086828 -0.200620
v 0.022758 0.086693 -0.212881
v 0.022758 0.086557 -0.225143
v 0.034683 0.086693 -0.212881
v 0.046608 0.086693 -0.212881
v 0.034683 0.086557 -0.225143
v 0.046608 0.086557 -0.225143
v 0.034683 0.086421 -0.237404
v 0.022758 0.086421 -0.237404
v 0.034682 0.122990 -0.237809
v 0.046608 0.086421 -0.237404
v 0.046608 0.122990 -0.237809
v 0.046608 0.123126 -0.225548
v 0.046608 0.159005 -0.238208
v 0.046608 0.159141 -0.225946
v 0.034682 0.159005 -0.238208
v 0.046608 0.195020 -0.238606
v 0.022758 0.159005 -0.238208
v 0.010833 0.159005 -0.238208
v 0.022758 0.122990 -0.237809
v 0.010833 0.122990 -0.237809
v -0.001092 0.122990 -0.237809
v 0.010833 0.086421 -0.237404
v -0.001092 0.086421 -0.237404
v 0.010833 0.086557 -0.225143
v -0.001092 0.086557 -0.225143
v -0.001092 0.086693 -0.212881
v -0.001092 0.123126 -0.225548
v -0.001092 0.159141 -0.225946
v -0.001092 0.123261 -0.213286
v -0.001092 0.123397 -0.201025
v -0.001092 0.159277 -0.213685
v -0.001092 0.159412 -0.201423
v -0.001092 0.195156 -0.226345
v -0.001092 0.159005 -0.238208
v -0.001092 0.195020 -0.238606
v 0.046608 0.159277 -0.213685
v 0.046608 0.159412 -0.201423
v 0.046608 0.123261 -0.213286
v 0.046608 0.123397 -0.201025
v 0.046608 0.086828 -0.200620
v 0.046608 0.123533 -0.188764
v 0.046608 0.086964 -0.188359
v 0.034683 0.123533 -0.188764
v 0.046608 0.159548 -0.189162
v 0.046608 0.195563 -0.189561
v 0.034683 0.159548 -0.189162
v 0.034682 0.086964 -0.188359
v 0.144961 0.117622 -0.120008
v 0.141686 0.117622 -0.138850
v 0.143915 0.101671 -0.120008
v 0.141686 0.117622 -0.101167
v 0.143915 0.133572 -0.120008
v 0.140797 0.149250 -0.120008
v 0.140669 0.133145 -0.138850
v 0.140669 0.133145 -0.101167
v 0.131800 0.131977 -0.087374
v 0.137634 0.148403 -0.101167
v 0.128993 0.146087 -0.087374
v 0.132633 0.163134 -0.101167
v 0.124369 0.159710 -0.087374
v 0.125753 0.177086 -0.101167
v 0.135659 0.164387 -0.120008
v 0.128589 0.178723 -0.120008
v 0.132633 0.163134 -0.138850
v 0.125753 0.177086 -0.138850
v 0.124368 0.159710 -0.152643
v 0.137634 0.148403 -0.138850
v 0.128993 0.146087 -0.152643
v 0.117189 0.142924 -0.157691
v 0.131800 0.131977 -0.152643
v 0.119684 0.130382 -0.157691
v 0.132740 0.117622 -0.152643
v 0.131800 0.103266 -0.152643
v 0.120520 0.117622 -0.157691
v 0.119684 0.104861 -0.157691
v 0.108300 0.117622 -0.152643
v 0.107568 0.106456 -0.152643
v 0.099354 0.117622 -0.138850
v 0.107568 0.128787 -0.152643
v 0.105385 0.139762 -0.152643
v 0.098699 0.127620 -0.138850
v 0.096744 0.137446 -0.138850
v 0.095452 0.127192 -0.120008
v 0.093581 0.136599 -0.120008
v 0.098699 0.127620 -0.101167
v 0.096080 0.117622 -0.120008
v 0.095452 0.108051 -0.120008
v 0.099354 0.117622 -0.101167
v 0.098699 0.107624 -0.101167
v 0.108300 0.117622 -0.087374
v 0.107568 0.106456 -0.087374
v 0.120520 0.117622 -0.082326
v 0.107568 0.128787 -0.087374
v 0.105385 0.139762 -0.087374
v 0.119684 0.130382 -0.082326
v 0.117189 0.142924 -0.082326
v 0.113078 0.155034 -0.082326
v 0.101788 0.150357 -0.087374
v 0.107422 0.166503 -0.082326
v 0.096839 0.160393 -0.087374
v 0.100318 0.177136 -0.082326
v 0.118006 0.172613 -0.087374
v 0.110013 0.184575 -0.087374
v 0.100527 0.195391 -0.087374
v 0.117110 0.190021 -0.101167
v 0.106853 0.201717 -0.101167
v 0.119708 0.192014 -0.120008
v 0.109168 0.204032 -0.120008
v 0.117110 0.190021 -0.138850
v 0.106853 0.201717 -0.138850
v 0.110013 0.184575 -0.152643
v 0.100527 0.195391 -0.152643
v 0.100318 0.177136 -0.157691
v 0.118006 0.172613 -0.152643
v 0.107422 0.166503 -0.157691
v 0.096839 0.160393 -0.152643
v 0.113078 0.155034 -0.157691
v 0.101788 0.150357 -0.152643
v 0.093523 0.146934 -0.138850
v 0.089092 0.155920 -0.138850
v 0.090498 0.145681 -0.120008
v 0.086256 0.154283 -0.120008
v 0.093523 0.146934 -0.101167
v 0.089092 0.155920 -0.101167
v 0.096744 0.137446 -0.101167
v 0.083526 0.164251 -0.101167
v 0.080928 0.162257 -0.120008
v 0.076919 0.171783 -0.101167
v 0.090623 0.169696 -0.087374
v 0.083245 0.178109 -0.087374
v 0.074833 0.185487 -0.087374
v 0.091886 0.186750 -0.082326
v 0.082272 0.195182 -0.082326
v 0.071639 0.202286 -0.082326
v 0.089711 0.204877 -0.087374
v 0.077749 0.212869 -0.087374
v 0.095157 0.211974 -0.101167
v 0.082222 0.220617 -0.101167
v 0.097150 0.214572 -0.120008
v 0.083859 0.223453 -0.120008
v 0.095157 0.211974 -0.138850
v 0.082222 0.220617 -0.138850
v 0.089711 0.204877 -0.152643
v 0.077749 0.212869 -0.152643
v 0.082272 0.195182 -0.157691
v 0.071639 0.202286 -0.157691
v 0.074833 0.185487 -0.152643
v 0.091886 0.186750 -0.157691
v 0.083245 0.178109 -0.152643
v 0.076919 0.171783 -0.138850
v 0.090623 0.169696 -0.152643
v 0.083526 0.164250 -0.138850
v 0.069387 0.178390 -0.138850
v 0.074604 0.169468 -0.120008
v 0.067393 0.175792 -0.120008
v 0.059419 0.181120 -0.120008
v 0.069387 0.178390 -0.101167
v 0.061056 0.183956 -0.101167
v 0.052070 0.188387 -0.101167
v 0.065529 0.191703 -0.087374
v 0.055493 0.196652 -0.087374
v 0.044898 0.200249 -0.087374
v 0.060170 0.207942 -0.082326
v 0.048061 0.212053 -0.082326
v 0.064846 0.219232 -0.087374
v 0.051223 0.223857 -0.087374
v 0.068270 0.227497 -0.101167
v 0.053539 0.232498 -0.101167
v 0.069523 0.230522 -0.120008
v 0.054386 0.235661 -0.120008
v 0.068270 0.227497 -0.138850
v 0.053539 0.232498 -0.138850
v 0.064846 0.219232 -0.152643
v 0.051223 0.223857 -0.152643
v 0.060170 0.207942 -0.157691
v 0.048061 0.212053 -0.157691
v 0.055493 0.196652 -0.152643
v 0.044898 0.200249 -0.152643
v 0.052070 0.188387 -0.138850
v 0.065529 0.191703 -0.152643
v 0.061056 0.183956 -0.138850
v 0.042582 0.191608 -0.138850
v 0.050817 0.185362 -0.120008
v 0.041735 0.188445 -0.120008
v 0.032328 0.190316 -0.120008
v 0.042582 0.191608 -0.101167
v 0.032756 0.193563 -0.101167
v 0.022758 0.194218 -0.101167
v 0.033923 0.202432 -0.087374
v 0.022758 0.203164 -0.087374
v 0.035518 0.214548 -0.082326
v 0.022758 0.215384 -0.082326
v 0.037113 0.226663 -0.087374
v 0.022758 0.227604 -0.087374
v 0.038281 0.235533 -0.101167
v 0.022758 0.236550 -0.101167
v 0.038709 0.238779 -0.120008
v 0.022758 0.239825 -0.120008
v 0.038281 0.235533 -0.138850
v 0.022758 0.236550 -0.138850
v 0.037113 0.226663 -0.152643
v 0.022758 0.227604 -0.152643
v 0.035518 0.214548 -0.157691
v 0.022758 0.215384 -0.157691
v 0.033923 0.202432 -0.152643
v 0.022758 0.203164 -0.152643
v 0.032756 0.193563 -0.138850
v 0.022758 0.194218 -0.138850
v 0.012760 0.193563 -0.138850
v 0.022758 0.190943 -0.120008
v 0.013187 0.190316 -0.120008
v 0.003781 0.188445 -0.120008
v 0.012760 0.193563 -0.101167
v 0.002933 0.191608 -0.101167
v 0.011592 0.202432 -0.087374
v 0.000618 0.200249 -0.087374
v 0.009997 0.214548 -0.082326
v -0.002545 0.212053 -0.082326
v 0.008402 0.226663 -0.087374
v -0.005708 0.223857 -0.087374
v 0.007235 0.235533 -0.101167
v -0.008023 0.232498 -0.101167
v 0.006807 0.238779 -0.120008
v -0.008871 0.235661 -0.120008
v 0.007235 0.235533 -0.138850
v -0.008023 0.232498 -0.138850
v 0.008402 0.226663 -0.152643
v -0.005708 0.223857 -0.152643
v 0.009997 0.214548 -0.157691
v -0.002545 0.212053 -0.157691
v 0.011592 0.202432 -0.152643
v 0.000618 0.200249 -0.152643
v -0.009978 0.196652 -0.152643
v 0.002933 0.191608 -0.138850
v -0.006554 0.188387 -0.138850
v -0.015540 0.183956 -0.138850
v -0.005301 0.185362 -0.120008
v -0.013903 0.181120 -0.120008
v -0.006554 0.188387 -0.101167
v -0.015540 0.183956 -0.101167
v -0.009978 0.196652 -0.087374
v -0.020013 0.191703 -0.087374
v -0.014654 0.207942 -0.082326
v -0.026123 0.202286 -0.082326
v -0.019331 0.219232 -0.087374
v -0.032233 0.212869 -0.087374
v -0.022754 0.227497 -0.101167
v -0.036706 0.220617 -0.101167
v -0.024007 0.230522 -0.120008
v -0.038344 0.223453 -0.120008
v -0.022754 0.227497 -0.138850
v -0.036706 0.220617 -0.138850
v -0.019331 0.219232 -0.152643
v -0.032233 0.212869 -0.152643
v -0.014654 0.207942 -0.157691
v -0.026123 0.202286 -0.157691
v -0.036756 0.195182 -0.157691
v -0.020013 0.191703 -0.152643
v -0.029317 0.185487 -0.152643
v -0.037729 0.178109 -0.152643
v -0.023871 0.178390 -0.138850
v -0.031404 0.171783 -0.138850
v -0.021878 0.175792 -0.120008
v -0.029088 0.169468 -0.120008
v -0.023871 0.178390 -0.101167
v -0.031404 0.171783 -0.101167
v -0.029317 0.185487 -0.087374
v -0.037729 0.178109 -0.087374
v -0.036756 0.195182 -0.082326
v -0.046371 0.186750 -0.082326
v -0.044195 0.204877 -0.087374
v -0.055012 0.195391 -0.087374
v -0.049641 0.211974 -0.101167
v -0.061337 0.201717 -0.101167
v -0.051635 0.214572 -0.120008
v -0.063653 0.204032 -0.120008
v -0.049641 0.211974 -0.138850
v -0.061337 0.201717 -0.138850
v -0.044195 0.204877 -0.152643
v -0.055012 0.195391 -0.152643
v -0.064497 0.184575 -0.152643
v -0.046371 0.186750 -0.157691
v -0.054802 0.177136 -0.157691
v -0.061907 0.166503 -0.157691
v -0.045107 0.169696 -0.152643
v -0.051324 0.160393 -0.152643
v -0.038010 0.164251 -0.138850
v -0.043576 0.155920 -0.138850
v -0.035412 0.162257 -0.120008
v -0.040741 0.154283 -0.120008
v -0.038010 0.164251 -0.101167
v -0.043576 0.155920 -0.101167
v -0.045107 0.169696 -0.087374
v -0.051324 0.160393 -0.087374
v -0.054802 0.177136 -0.082326
v -0.061907 0.166503 -0.082326
v -0.064497 0.184575 -0.087374
v -0.072490 0.172613 -0.087374
v -0.071594 0.190021 -0.101167
v -0.080237 0.177086 -0.101167
v -0.074192 0.192014 -0.120008
v -0.083073 0.178723 -0.120008
v -0.071594 0.190021 -0.138850
v -0.080237 0.177086 -0.138850
v -0.087118 0.163134 -0.138850
v -0.072490 0.172613 -0.152643
v -0.078853 0.159710 -0.152643
v -0.083477 0.146087 -0.152643
v -0.067563 0.155034 -0.157691
v -0.071673 0.142924 -0.157691
v -0.056273 0.150357 -0.152643
v -0.059869 0.139762 -0.152643
v -0.048008 0.146934 -0.138850
v -0.051228 0.137446 -0.138850
v -0.044983 0.145681 -0.120008
v -0.048066 0.136599 -0.120008
v -0.048008 0.146934 -0.101167
v -0.051228 0.137446 -0.101167
v -0.056273 0.150357 -0.087374
v -0.059869 0.139762 -0.087374
v -0.067563 0.155034 -0.082326
v -0.071673 0.142924 -0.082326
v -0.078853 0.159710 -0.087374
v -0.083477 0.146087 -0.087374
v -0.087118 0.163134 -0.101167
v -0.092118 0.148403 -0.101167
v -0.090143 0.164387 -0.120008
v -0.095281 0.149250 -0.120008
v -0.098400 0.133572 -0.120008
v -0.092118 0.148403 -0.138850
v -0.095153 0.133145 -0.138850
v -0.096171 0.117622 -0.138850
v -0.086284 0.131977 -0.152643
v -0.087225 0.117622 -0.152643
v -0.074168 0.130382 -0.157691
v -0.075004 0.117622 -0.157691
v -0.062052 0.128787 -0.152643
v -0.062784 0.117622 -0.152643
v -0.053183 0.127620 -0.138850
v -0.053838 0.117622 -0.138850
v -0.049937 0.127192 -0.120008
v -0.050564 0.117622 -0.120008
v -0.053183 0.127620 -0.101167
v -0.053838 0.117622 -0.101167
v -0.062052 0.128787 -0.087374
v -0.062784 0.117622 -0.087374
v -0.074168 0.130382 -0.082326
v -0.075004 0.117622 -0.082326
v -0.086284 0.131977 -0.087374
v -0.087225 0.117622 -0.087374
v -0.095153 0.133145 -0.101167
v -0.096171 0.117622 -0.101167
v -0.095153 0.102098 -0.101167
v -0.099445 0.117622 -0.120008
v -0.098400 0.101671 -0.120008
v -0.095281 0.085993 -0.120008
v -0.095153 0.102098 -0.138850
v -0.092118 0.086841 -0.138850
v -0.086284 0.103266 -0.152643
v -0.083477 0.089156 -0.152643
v -0.074168 0.104861 -0.157691
v -0.071673 0.092319 -0.157691
v -0.062052 0.106456 -0.152643
v -0.059869 0.095482 -0.152643
v -0.053183 0.107624 -0.138850
v -0.051228 0.097797 -0.138850
v -0.049937 0.108051 -0.120008
v -0.048066 0.098645 -0.120008
v -0.053183 0.107624 -0.101167
v -0.051228 0.097797 -0.101167
v -0.062052 0.106456 -0.087374
v -0.059869 0.095482 -0.087374
v -0.074168 0.104861 -0.082326
v -0.071673 0.092319 -0.082326
v -0.086284 0.103266 -0.087374
v -0.083477 0.089156 -0.087374
v -0.078853 0.075533 -0.087374
v -0.092118 0.086841 -0.101167
v -0.087118 0.072110 -0.101167
v -0.080237 0.058157 -0.101167
v -0.090143 0.070857 -0.120008
v -0.083073 0.056520 -0.120008
v -0.087118 0.072110 -0.138850
v -0.080237 0.058157 -0.138850
v -0.078853 0.075533 -0.152643
v -0.072490 0.062630 -0.152643
v -0.067563 0.080210 -0.157691
v -0.061907 0.068741 -0.157691
v -0.056273 0.084886 -0.152643
v -0.051324 0.074851 -0.152643
v -0.048008 0.088310 -0.138850
v -0.043576 0.079324 -0.138850
v -0.044983 0.089563 -0.120008
v -0.040741 0.080961 -0.120008
v -0.048008 0.088310 -0.101167
v -0.043576 0.079324 -0.101167
v -0.056273 0.084886 -0.087374
v -0.051324 0.074851 -0.087374
v -0.067563 0.080210 -0.082326
v -0.061907 0.068741 -0.082326
v -0.054802 0.058108 -0.082326
v -0.072490 0.062630 -0.087374
v -0.064497 0.050669 -0.087374
v -0.055012 0.039852 -0.087374
v -0.071594 0.045223 -0.101167
v -0.061337 0.033527 -0.101167
v -0.074192 0.043229 -0.120008
v -0.063653 0.031211 -0.120008
v -0.071594 0.045223 -0.138850
v -0.061337 0.033527 -0.138850
v -0.064497 0.050669 -0.152643
v -0.055012 0.039852 -0.152643
v -0.054802 0.058108 -0.157691
v -0.046371 0.048493 -0.157691
v -0.045107 0.065547 -0.152643
v -0.037729 0.057134 -0.152643
v -0.038010 0.070993 -0.138850
v -0.031404 0.063460 -0.138850
v -0.035412 0.072986 -0.120008
v -0.029088 0.065775 -0.120008
v -0.038010 0.070993 -0.101167
v -0.031404 0.063460 -0.101167
v -0.045107 0.065547 -0.087374
v -0.037729 0.057134 -0.087374
v -0.029317 0.049757 -0.087374
v -0.046371 0.048493 -0.082326
v -0.036756 0.040062 -0.082326
v -0.026123 0.032957 -0.082326
v -0.044195 0.030367 -0.087374
v -0.032233 0.022374 -0.087374
v -0.049641 0.023269 -0.101167
v -0.036706 0.014627 -0.101167
v -0.051635 0.020672 -0.120008
v -0.038344 0.011791 -0.120008
v -0.049641 0.023269 -0.138850
v -0.036706 0.014627 -0.138850
v -0.044195 0.030367 -0.152643
v -0.032233 0.022374 -0.152643
v -0.036756 0.040062 -0.157691
v -0.026123 0.032957 -0.157691
v -0.029317 0.049757 -0.152643
v -0.020013 0.043540 -0.152643
v -0.023871 0.056854 -0.138850
v -0.015540 0.051287 -0.138850
v -0.021878 0.059452 -0.120008
v -0.013903 0.054123 -0.120008
v -0.023871 0.056854 -0.101167
v -0.015540 0.051288 -0.101167
v -0.006554 0.046856 -0.101167
v -0.020013 0.043540 -0.087374
v -0.009978 0.038591 -0.087374
v 0.000618 0.034994 -0.087374
v -0.014654 0.027301 -0.082326
v -0.002545 0.023191 -0.082326
v -0.019331 0.016011 -0.087374
v -0.005708 0.011387 -0.087374
v -0.022754 0.007746 -0.101167
v -0.008023 0.002746 -0.101167
v -0.024007 0.004721 -0.120008
v -0.008871 -0.000417 -0.120008
v -0.022754 0.007746 -0.138850
v -0.008023 0.002746 -0.138850
v -0.019331 0.016011 -0.152643
v -0.005708 0.011387 -0.152643
v -0.014654 0.027301 -0.157691
v -0.002545 0.023191 -0.157691
v -0.009978 0.038591 -0.152643
v 0.000618 0.034994 -0.152643
v -0.006554 0.046856 -0.138850
v 0.002933 0.043636 -0.138850
v -0.005301 0.049881 -0.120008
v 0.003781 0.046798 -0.120008
v 0.013187 0.044927 -0.120008
v 0.002933 0.043635 -0.101167
v 0.012760 0.041681 -0.101167
v 0.022758 0.041026 -0.101167
v 0.011592 0.032812 -0.087374
v 0.022758 0.032080 -0.087374
v 0.009997 0.020696 -0.082326
v 0.022758 0.019859 -0.082326
v 0.008402 0.008580 -0.087374
v 0.022758 0.007639 -0.087374
v 0.007235 -0.000289 -0.101167
v 0.022758 -0.001307 -0.101167
v 0.006807 -0.003536 -0.120008
v 0.022758 -0.004581 -0.120008
v 0.007235 -0.000289 -0.138850
v 0.022758 -0.001307 -0.138850
v 0.008402 0.008580 -0.152643
v 0.022758 0.007639 -0.152643
v 0.009997 0.020696 -0.157691
v 0.022758 0.019859 -0.157691
v 0.011592 0.032812 -0.152643
v 0.022758 0.032080 -0.152643
v 0.012760 0.041681 -0.138850
v 0.022758 0.041026 -0.138850
v 0.032756 0.041681 -0.138850
v 0.022758 0.044300 -0.120008
v 0.032328 0.044927 -0.120008
v 0.041735 0.046798 -0.120008
v 0.032756 0.041681 -0.101167
v 0.042582 0.043636 -0.101167
v 0.033923 0.032812 -0.087374
v 0.044898 0.034994 -0.087374
v 0.035518 0.020696 -0.082326
v 0.048061 0.023191 -0.082326
v 0.037113 0.008580 -0.087374
v 0.051223 0.011387 -0.087374
v 0.038281 -0.000289 -0.101167
v 0.053539 0.002746 -0.101167
v 0.038709 -0.003536 -0.120008
v 0.054386 -0.000417 -0.120008
v 0.038281 -0.000289 -0.138850
v 0.053539 0.002746 -0.138850
v 0.037113 0.008580 -0.152643
v 0.051223 0.011387 -0.152643
v 0.035518 0.020696 -0.157691
v 0.048061 0.023191 -0.157691
v 0.033923 0.032812 -0.152643
v 0.044898 0.034994 -0.152643
v 0.055493 0.038591 -0.152643
v 0.042582 0.043636 -0.138850
v 0.052070 0.046856 -0.138850
v 0.061056 0.051287 -0.138850
v 0.050817 0.049881 -0.120008
v 0.059419 0.054123 -0.120008
v 0.052070 0.046856 -0.101167
v 0.061056 0.051288 -0.101167
v 0.055493 0.038591 -0.087374
v 0.065529 0.043540 -0.087374
v 0.060170 0.027301 -0.082326
v 0.071639 0.032957 -0.082326
v 0.064846 0.016011 -0.087374
v 0.077749 0.022374 -0.087374
v 0.068270 0.007746 -0.101167
v 0.082222 0.014627 -0.101167
v 0.069523 0.004721 -0.120008
v 0.083859 0.011791 -0.120008
v 0.068270 0.007746 -0.138850
v 0.082222 0.014627 -0.138850
v 0.064846 0.016011 -0.152643
v 0.077749 0.022374 -0.152643
v 0.060170 0.027301 -0.157691
v 0.071639 0.032957 -0.157691
v 0.082272 0.040062 -0.157691
v 0.065529 0.043540 -0.152643
v 0.074833 0.049757 -0.152643
v 0.083245 0.057134 -0.152643
v 0.069387 0.056854 -0.138850
v 0.076920 0.063460 -0.138850
v 0.067393 0.059452 -0.120008
v 0.074604 0.065775 -0.120008
v 0.069387 0.056854 -0.101167
v 0.076920 0.063460 -0.101167
v 0.074833 0.049757 -0.087374
v 0.083245 0.057134 -0.087374
v 0.082272 0.040062 -0.082326
v 0.091886 0.048493 -0.082326
v 0.089711 0.030367 -0.087374
v 0.100527 0.039852 -0.087374
v 0.095157 0.023269 -0.101167
v 0.106853 0.033527 -0.101167
v 0.097150 0.020672 -0.120008
v 0.109168 0.031211 -0.120008
v 0.095157 0.023269 -0.138850
v 0.106853 0.033527 -0.138850
v 0.089711 0.030367 -0.152643
v 0.100527 0.039852 -0.152643
v 0.110013 0.050669 -0.152643
v 0.091886 0.048493 -0.157691
v 0.100318 0.058108 -0.157691
v 0.107422 0.068741 -0.157691
v 0.090623 0.065547 -0.152643
v 0.096839 0.074851 -0.152643
v 0.083526 0.070993 -0.138850
v 0.089092 0.079324 -0.138850
v 0.080928 0.072986 -0.120008
v 0.086256 0.080961 -0.120008
v 0.083526 0.070993 -0.101167
v 0.089092 0.079324 -0.101167
v 0.090623 0.065547 -0.087374
v 0.096839 0.074851 -0.087374
v 0.100318 0.058108 -0.082326
v 0.107422 0.068741 -0.082326
v 0.110013 0.050669 -0.087374
v 0.118006 0.062630 -0.087374
v 0.117110 0.045223 -0.101167
v 0.125753 0.058157 -0.101167
v 0.119708 0.043229 -0.120008
v 0.128589 0.056520 -0.120008
v 0.117110 0.045223 -0.138850
v 0.125753 0.058157 -0.138850
v 0.132633 0.072110 -0.138850
v 0.118006 0.062630 -0.152643
v 0.124369 0.075533 -0.152643
v 0.128993 0.089156 -0.152643
v 0.113078 0.080210 -0.157691
v 0.117189 0.092319 -0.157691
v 0.101788 0.084886 -0.152643
v 0.105385 0.095482 -0.152643
v 0.093523 0.088310 -0.138850
v 0.096744 0.097797 -0.138850
v 0.090498 0.089563 -0.120008
v 0.093581 0.098645 -0.120008
v 0.093523 0.088310 -0.101167
v 0.096744 0.097797 -0.101167
v 0.101788 0.084886 -0.087374
v 0.105385 0.095482 -0.087374
v 0.113078 0.080210 -0.082326
v 0.117189 0.092319 -0.082326
v 0.124369 0.075533 -0.087374
v 0.128993 0.089156 -0.087374
v 0.132633 0.072110 -0.101167
v 0.137634 0.086841 -0.101167
v 0.135659 0.070857 -0.120008
v 0.140797 0.085993 -0.120008
v 0.137634 0.086841 -0.138850
v 0.140669 0.102098 -0.138850
v 0.140669 0.102098 -0.101167
v 0.131800 0.103266 -0.087374
v 0.119684 0.104861 -0.082326
v 0.132740 0.117622 -0.087374
v 0.098699 0.107624 -0.138850
v 0.279809 0.667902 0.006916
v 0.279809 0.666763 -0.004646
v 0.289667 0.649460 0.006916
v 0.266543 0.684067 0.006916
v 0.279809 0.666762 0.018478
v 0.289667 0.648675 0.014880
v 0.266543 0.682618 0.021631
v 0.279809 0.663391 0.029595
v 0.289667 0.646352 0.022538
v 0.266543 0.678325 0.035781
v 0.279809 0.657914 0.039841
v 0.289667 0.642580 0.029595
v 0.266543 0.671355 0.048822
v 0.279809 0.650544 0.048822
v 0.289667 0.637503 0.035781
v 0.266543 0.661974 0.060252
v 0.279809 0.641563 0.056192
v 0.289667 0.631317 0.040858
v 0.266543 0.650544 0.069633
v 0.279809 0.631317 0.061669
v 0.279809 0.620200 0.065041
v 0.289667 0.624260 0.044630
v 0.266543 0.637503 0.076603
v 0.250378 0.642580 0.088860
v 0.266543 0.623353 0.080896
v 0.250378 0.625942 0.093907
v 0.266543 0.608638 0.082345
v 0.279809 0.608638 0.066180
v 0.250378 0.608638 0.095611
v 0.266543 0.593922 0.080896
v 0.279809 0.597076 0.065041
v 0.250378 0.591334 0.093907
v 0.266543 0.579772 0.076603
v 0.279809 0.585959 0.061669
v 0.250378 0.574696 0.088860
v 0.266543 0.566732 0.069633
v 0.279809 0.575712 0.056192
v 0.250378 0.559362 0.080663
v 0.266543 0.555302 0.060252
v 0.279809 0.566732 0.048822
v 0.250378 0.545921 0.069633
v 0.266543 0.545921 0.048822
v 0.266543 0.538951 0.035781
v 0.279809 0.559362 0.039841
v 0.250378 0.534891 0.056192
v 0.231936 0.526694 0.061669
v 0.250378 0.526694 0.040858
v 0.231936 0.517587 0.044630
v 0.250378 0.521647 0.024220
v 0.266543 0.534658 0.021631
v 0.231936 0.511979 0.026143
v 0.250378 0.519943 0.006916
v 0.266543 0.533208 0.006916
v 0.231936 0.510085 0.006916
v 0.250378 0.521647 -0.010388
v 0.266543 0.534658 -0.007799
v 0.231936 0.511979 -0.012311
v 0.250378 0.526694 -0.027026
v 0.266543 0.538951 -0.021949
v 0.231936 0.517587 -0.030799
v 0.250378 0.534891 -0.042360
v 0.266543 0.545921 -0.034990
v 0.231936 0.526694 -0.047837
v 0.250378 0.545921 -0.055801
v 0.250378 0.559362 -0.066831
v 0.266543 0.555302 -0.046420
v 0.231936 0.538951 -0.062771
v 0.211925 0.534658 -0.067064
v 0.231936 0.553885 -0.075028
v 0.211925 0.550512 -0.080075
v 0.231936 0.570923 -0.084135
v 0.250378 0.574696 -0.075028
v 0.211925 0.568600 -0.089743
v 0.231936 0.589411 -0.089743
v 0.250378 0.591334 -0.080075
v 0.211925 0.588227 -0.095697
v 0.231936 0.608638 -0.091637
v 0.250378 0.608638 -0.081779
v 0.211925 0.608638 -0.097707
v 0.231936 0.627865 -0.089743
v 0.250378 0.625941 -0.080075
v 0.211925 0.629049 -0.095697
v 0.231936 0.646352 -0.084135
v 0.250378 0.642580 -0.075028
v 0.231936 0.663391 -0.075028
v 0.211925 0.648675 -0.089743
v 0.211925 0.666763 -0.080075
v 0.211925 0.682618 -0.067064
v 0.211925 0.695629 -0.051209
v 0.231936 0.678325 -0.062771
v 0.231936 0.690582 -0.047837
v 0.250378 0.671355 -0.055801
v 0.266543 0.661973 -0.046420
v 0.250378 0.657914 -0.066831
v 0.250378 0.682385 -0.042360
v 0.250378 0.690582 -0.027026
v 0.266543 0.671355 -0.034990
v 0.279809 0.657914 -0.026009
v 0.266543 0.678325 -0.021949
v 0.266543 0.682618 -0.007799
v 0.279809 0.663391 -0.015763
v 0.289667 0.646352 -0.008706
v 0.295737 0.627865 -0.001048
v 0.289667 0.642580 -0.015763
v 0.289667 0.648675 -0.001048
v 0.295737 0.629048 0.002856
v 0.295737 0.629449 0.006916
v 0.297787 0.608638 0.006916
v 0.295737 0.616602 -0.012311
v 0.295737 0.612698 -0.013495
v 0.295737 0.608638 -0.013895
v 0.295737 0.604578 -0.013495
v 0.295737 0.600674 -0.012311
v 0.295737 0.597076 -0.010388
v 0.295737 0.593922 -0.007799
v 0.295737 0.591334 -0.004646
v 0.295737 0.589411 -0.001048
v 0.295737 0.588227 0.002856
v 0.295737 0.587827 0.006916
v 0.295737 0.588227 0.010976
v 0.295737 0.589411 0.014880
v 0.295737 0.591334 0.018478
v 0.295737 0.593922 0.021631
v 0.295737 0.597076 0.024220
v 0.295737 0.600674 0.026143
v 0.295737 0.604578 0.027327
v 0.295737 0.608638 0.027727
v 0.295737 0.612698 0.027327
v 0.295737 0.616602 0.026143
v 0.295737 0.620200 0.024220
v 0.295737 0.623353 0.021631
v 0.295737 0.625941 0.018478
v 0.295737 0.627865 0.014880
v 0.295737 0.629049 0.010976
v 0.295737 0.620200 -0.010388
v 0.295737 0.623353 -0.007799
v 0.295737 0.625942 -0.004646
v 0.289667 0.637503 -0.021949
v 0.279809 0.650544 -0.034990
v 0.289667 0.631317 -0.027026
v 0.279809 0.641563 -0.042360
v 0.289667 0.624260 -0.030799
v 0.279809 0.631317 -0.047837
v 0.289667 0.616602 -0.033122
v 0.279809 0.620200 -0.051209
v 0.289667 0.608637 -0.033906
v 0.279809 0.608638 -0.052348
v 0.289667 0.600674 -0.033122
v 0.279809 0.597076 -0.051209
v 0.289667 0.593016 -0.030799
v 0.279809 0.585958 -0.047837
v 0.289667 0.585958 -0.027026
v 0.279809 0.575712 -0.042360
v 0.289667 0.579771 -0.021949
v 0.279809 0.566732 -0.034990
v 0.289667 0.574696 -0.015763
v 0.279809 0.559361 -0.026009
v 0.289667 0.570923 -0.008706
v 0.279809 0.553885 -0.015763
v 0.289667 0.568600 -0.001048
v 0.279809 0.550512 -0.004646
v 0.289667 0.567816 0.006916
v 0.279809 0.549374 0.006916
v 0.289667 0.568600 0.014880
v 0.279809 0.550512 0.018478
v 0.289667 0.570923 0.022538
v 0.279809 0.553885 0.029595
v 0.289667 0.574696 0.029595
v 0.289667 0.579772 0.035781
v 0.289667 0.585958 0.040858
v 0.289667 0.593016 0.044630
v 0.289667 0.600674 0.046953
v 0.289667 0.608638 0.047738
v 0.289667 0.616602 0.046953
v 0.266543 0.566732 -0.055801
v 0.266543 0.579772 -0.062771
v 0.266543 0.593922 -0.067064
v 0.266543 0.608638 -0.068513
v 0.266543 0.623353 -0.067064
v 0.266543 0.637503 -0.062771
v 0.266543 0.650544 -0.055801
v 0.250378 0.695629 -0.010388
v 0.231936 0.705297 -0.012311
v 0.250378 0.697333 0.006916
v 0.231936 0.707191 0.006916
v 0.250378 0.695629 0.024220
v 0.231936 0.705297 0.026143
v 0.250378 0.690581 0.040858
v 0.231936 0.699689 0.044630
v 0.250378 0.682385 0.056192
v 0.231936 0.690582 0.061669
v 0.250378 0.671355 0.069633
v 0.250378 0.657914 0.080663
v 0.231936 0.678325 0.076603
v 0.211925 0.682618 0.080896
v 0.231936 0.663391 0.088860
v 0.211925 0.666763 0.093907
v 0.231936 0.646352 0.097967
v 0.211925 0.648675 0.103575
v 0.231936 0.627865 0.103575
v 0.211925 0.629049 0.109529
v 0.231936 0.608638 0.105469
v 0.211925 0.608638 0.111539
v 0.231936 0.589411 0.103575
v 0.211925 0.588227 0.109529
v 0.231936 0.570923 0.097967
v 0.211925 0.568600 0.103575
v 0.231936 0.553885 0.088860
v 0.231936 0.538951 0.076603
v 0.211925 0.550512 0.093907
v 0.211925 0.534658 0.080896
v 0.211925 0.521647 0.065041
v 0.211925 0.511979 0.046954
v 0.211925 0.506025 0.027327
v 0.211925 0.504015 0.006916
v 0.211925 0.506025 -0.013495
v 0.211925 0.511979 -0.033121
v 0.211925 0.521646 -0.051209
v 0.211925 0.695629 0.065041
v 0.211925 0.705297 0.046953
v 0.211925 0.711250 0.027327
v 0.211925 0.713261 0.006916
v 0.211925 0.711251 -0.013495
v 0.211925 0.705297 -0.033122
v 0.231936 0.699689 -0.030799
v 0.087666 0.298027 -0.373283
v 0.206091 0.817181 -0.281742
v -0.087665 0.298027 -0.373283
v -0.206091 0.817181 -0.281742
v 0.087666 0.303946 -0.406850
v 0.206091 0.823100 -0.315310
v -0.087665 0.303946 -0.406850
v -0.206091 0.823100 -0.315310
v 0.206091 0.544036 -0.329905
v 0.206091 0.790045 -0.286527
v -0.206091 0.790045 -0.286527
v -0.206091 0.544036 -0.329905
v -0.206091 0.795964 -0.320094
v -0.206091 0.549955 -0.363472
v 0.206091 0.795964 -0.320094
v 0.206091 0.549955 -0.363472
v -0.032799 0.298027 -0.373283
v 0.032799 0.298027 -0.373283
v 0.124902 0.851151 -0.275753
v -0.124902 0.851151 -0.275753
v 0.032799 0.303946 -0.406850
v -0.032799 0.303946 -0.406850
v -0.124902 0.857070 -0.309320
v 0.124902 0.857070 -0.309320
v -0.124902 0.549955 -0.363472
v 0.124902 0.549955 -0.363472
v -0.124902 0.795964 -0.320094
v 0.124902 0.795964 -0.320094
v 0.124902 0.544036 -0.329905
v -0.124902 0.544036 -0.329905
v 0.124902 0.790045 -0.286527
v -0.124902 0.790045 -0.286527
v -0.372630 0.303946 0.110354
v -0.281089 0.823100 0.228780
v -0.372630 0.303946 -0.064977
v -0.281089 0.823100 -0.183402
v -0.339063 0.298027 0.110354
v -0.247522 0.817181 0.228780
v -0.339063 0.298027 -0.064977
v -0.247522 0.817181 -0.183402
v -0.329252 0.549955 0.228780
v -0.285874 0.795964 0.228780
v -0.285874 0.795964 -0.183402
v -0.329252 0.549955 -0.183402
v -0.252307 0.790045 -0.183402
v -0.295685 0.544036 -0.183402
v -0.252307 0.790045 0.228780
v -0.295685 0.544036 0.228780
v -0.372630 0.303946 -0.010110
v -0.372630 0.303946 0.055488
v -0.275099 0.857070 0.147591
v -0.275099 0.857070 -0.102213
v -0.339063 0.298027 0.055487
v -0.339063 0.298027 -0.010110
v -0.241532 0.851151 -0.102213
v -0.241532 0.851151 0.147591
v -0.295685 0.544036 -0.102213
v -0.295685 0.544036 0.147591
v -0.252307 0.790045 -0.102213
v -0.252307 0.790045 0.147591
v -0.329252 0.549955 0.147591
v -0.329252 0.549955 -0.102213
v -0.285874 0.795964 0.147591
v -0.285874 0.795964 -0.102213
v 0.005199 0.270577 -0.255057
v 0.005199 0.270577 -0.294943
v 0.055375 0.221920 -0.255057
v 0.055375 0.221920 -0.294943
v 0.108621 0.238072 -0.255057
v 0.108621 0.238072 -0.294943
v 0.124147 0.306415 -0.255057
v 0.124147 0.306415 -0.294943
v 0.167159 0.341715 -0.255057
v 0.167159 0.341715 -0.294943
v 0.236005 0.342613 -0.255057
v 0.236005 0.342613 -0.294943
v 0.262235 0.391686 -0.255057
v 0.262235 0.391686 -0.294943
v 0.224200 0.449182 -0.255057
v 0.224200 0.449182 -0.294943
v 0.229654 0.504556 -0.255057
v 0.229654 0.504556 -0.294943
v 0.278387 0.555682 -0.255057
v 0.278387 0.555682 -0.294943
v 0.262235 0.608928 -0.255057
v 0.262235 0.608928 -0.294943
v 0.194526 0.623782 -0.255057
v 0.194526 0.623782 -0.294943
v 0.159227 0.666794 -0.255057
v 0.159227 0.666794 -0.294943
v 0.157694 0.736312 -0.255057
v 0.157694 0.736312 -0.294943
v 0.108621 0.762542 -0.255057
v 0.108621 0.762542 -0.294943
v 0.050185 0.724961 -0.255057
v 0.050185 0.724961 -0.294943
v -0.005189 0.730415 -0.255057
v -0.005189 0.730415 -0.294943
v -0.055375 0.778694 -0.255057
v -0.055375 0.778694 -0.294943
v -0.108621 0.762542 -0.255057
v -0.108621 0.762542 -0.294943
v -0.123448 0.694470 -0.255057
v -0.123448 0.694470 -0.294943
v -0.166460 0.659171 -0.255057
v -0.166460 0.659171 -0.294943
v -0.236005 0.658001 -0.255057
v -0.236005 0.658001 -0.294943
v -0.262235 0.608928 -0.255057
v -0.262235 0.608928 -0.294943
v -0.224449 0.550224 -0.255057
v -0.224449 0.550224 -0.294943
v -0.229903 0.494849 -0.255057
v -0.229903 0.494849 -0.294943
v -0.278387 0.444932 -0.255057
v -0.278387 0.444932 -0.294943
v -0.262235 0.391686 -0.255057
v -0.262235 0.391686 -0.294943
v -0.193311 0.377030 -0.255057
v -0.193311 0.377030 -0.294943
v -0.158012 0.334018 -0.255057
v -0.158012 0.334018 -0.294943
v -0.157694 0.264302 -0.255057
v -0.157694 0.264302 -0.294943
v -0.108621 0.238072 -0.255057
v -0.108621 0.238072 -0.294943
v -0.050175 0.276031 -0.255057
v -0.050175 0.276031 -0.294943
v -0.088274 0.440228 -0.294943
v -0.059371 0.411451 -0.294943
v -0.075565 0.424742 -0.294943
v -0.020848 0.395495 -0.294943
v 0.020848 0.395495 -0.294943
v -0.000000 0.393441 -0.294943
v -0.040896 0.401576 -0.294943
v -0.098731 0.459411 -0.294943
v -0.104812 0.479459 -0.294943
v 0.040896 0.401576 -0.294943
v -0.088856 0.440936 -0.294943
v -0.106866 0.500307 -0.294943
v -0.104812 0.521155 -0.294943
v 0.059371 0.411451 -0.294943
v -0.098731 0.541203 -0.294943
v -0.088856 0.559678 -0.294943
v 0.075565 0.424742 -0.294943
v -0.075565 0.575872 -0.294943
v -0.040896 0.599038 -0.294943
v -0.020848 0.605119 -0.294943
v -0.059371 0.589163 -0.294943
v 0.000000 0.607173 -0.294943
v 0.059371 0.589163 -0.294943
v 0.040896 0.599038 -0.294943
v 0.020848 0.605119 -0.294943
v 0.088856 0.559678 -0.294943
v 0.088856 0.440936 -0.294943
v 0.106866 0.500307 -0.294943
v 0.104812 0.521155 -0.294943
v 0.104812 0.479459 -0.294943
v 0.098731 0.459411 -0.294943
v 0.075565 0.575872 -0.294943
v 0.098731 0.541203 -0.294943
v -0.104812 0.479459 -0.255057
v -0.088856 0.440936 -0.255057
v -0.098731 0.459411 -0.255057
v -0.059371 0.411451 -0.255057
v -0.020848 0.395495 -0.255057
v -0.040896 0.401576 -0.255057
v -0.075565 0.424742 -0.255057
v 0.020848 0.395495 -0.255057
v 0.059371 0.411451 -0.255057
v 0.040896 0.401576 -0.255057
v 0.098731 0.459411 -0.255057
v 0.088856 0.440936 -0.255057
v 0.106866 0.500307 -0.255057
v 0.104812 0.479459 -0.255057
v 0.075565 0.424742 -0.255057
v -0.000000 0.393441 -0.255057
v -0.104812 0.521155 -0.255057
v -0.106866 0.500307 -0.255057
v -0.098731 0.541203 -0.255057
v -0.075565 0.575872 -0.255057
v -0.088856 0.559678 -0.255057
v -0.040896 0.599038 -0.255057
v 0.000000 0.607173 -0.255057
v -0.020848 0.605119 -0.255057
v -0.059371 0.589163 -0.255057
v 0.040896 0.599038 -0.255057
v 0.075565 0.575872 -0.255057
v 0.059371 0.589163 -0.255057
v 0.098731 0.541203 -0.255057
v 0.104812 0.521155 -0.255057
v 0.088856 0.559678 -0.255057
v 0.020848 0.605119 -0.255057
v 0.005199 0.270577 0.294943
v 0.005199 0.270577 0.255057
v 0.055375 0.221920 0.294943
v 0.055375 0.221920 0.255057
v 0.108621 0.238072 0.294943
v 0.108621 0.238072 0.255057
v 0.124147 0.306415 0.294943
v 0.124147 0.306415 0.255057
v 0.167159 0.341715 0.294943
v 0.167159 0.341715 0.255057
v 0.236005 0.342613 0.294943
v 0.236005 0.342613 0.255057
v 0.262235 0.391686 0.294943
v 0.262235 0.391686 0.255057
v 0.224200 0.449182 0.294943
v 0.224200 0.449182 0.255057
v 0.229654 0.504556 0.294943
v 0.229654 0.504556 0.255057
v 0.278387 0.555682 0.294943
v 0.278387 0.555682 0.255057
v 0.262235 0.608928 0.294943
v 0.262235 0.608928 0.255057
v 0.194526 0.623782 0.294943
v 0.194526 0.623782 0.255057
v 0.159227 0.666794 0.294943
v 0.159227 0.666794 0.255057
v 0.157694 0.736312 0.294943
v 0.157694 0.736312 0.255057
v 0.108621 0.762542 0.294943
v 0.108621 0.762542 0.255057
v 0.050185 0.724961 0.294943
v 0.050185 0.724961 0.255057
v -0.005189 0.730415 0.294943
v -0.005189 0.730415 0.255057
v -0.055375 0.778694 0.294943
v -0.055375 0.778694 0.255057
v -0.108621 0.762542 0.294943
v -0.108621 0.762542 0.255057
v -0.123448 0.694470 0.294943
v -0.123448 0.694470 0.255057
v -0.166460 0.659171 0.294943
v -0.166460 0.659171 0.255057
v -0.236005 0.658001 0.294943
v -0.236005 0.658001 0.255057
v -0.262235 0.608928 0.294943
v -0.262235 0.608928 0.255057
v -0.224449 0.550224 0.294943
v -0.224449 0.550224 0.255057
v -0.229903 0.494849 0.294943
v -0.229903 0.494849 0.255057
v -0.278387 0.444932 0.294943
v -0.278387 0.444932 0.255057
v -0.262235 0.391686 0.294943
v -0.262235 0.391686 0.255057
v -0.193311 0.377030 0.294943
v -0.193311 0.377030 0.255057
v -0.158012 0.334018 0.294943
v -0.158012 0.334018 0.255057
v -0.157694 0.264302 0.294943
v -0.157694 0.264302 0.255057
v -0.108621 0.238072 0.294943
v -0.108621 0.238072 0.255057
v -0.050175 0.276031 0.294943
v -0.050175 0.276031 0.255057
v -0.088274 0.440228 0.255057
v -0.059371 0.411451 0.255057
v -0.075565 0.424742 0.255057
v -0.020848 0.395495 0.255057
v 0.020848 0.395495 0.255057
v -0.000000 0.393441 0.255057
v -0.040896 0.401576 0.255057
v -0.098731 0.459411 0.255057
v -0.104812 0.479459 0.255057
v 0.040896 0.401576 0.255057
v -0.088856 0.440936 0.255057
v -0.106866 0.500307 0.255057
v -0.104812 0.521155 0.255057
v 0.059371 0.411451 0.255057
v -0.098731 0.541203 0.255057
v -0.088856 0.559678 0.255057
v 0.075565 0.424742 0.255057
v -0.075565 0.575872 0.255057
v -0.040896 0.599038 0.255057
v -0.020848 0.605119 0.255057
v -0.059371 0.589163 0.255057
v 0.000000 0.607173 0.255057
v 0.059371 0.589163 0.255057
v 0.040896 0.599038 0.255057
v 0.020848 0.605119 0.255057
v 0.088856 0.559678 0.255057
v 0.088856 0.440936 0.255057
v 0.106866 0.500307 0.255057
v 0.104812 0.521155 0.255057
v 0.104812 0.479459 0.255057
v 0.098731 0.459411 0.255057
v 0.075565 0.575872 0.255057
v 0.098731 0.541203 0.255057
v -0.104812 0.479459 0.294943
v -0.088856 0.440936 0.294943
v -0.098731 0.459411 0.294943
v -0.059371 0.411451 0.294943
v -0.020848 0.395495 0.294943
v -0.040896 0.401576 0.294943
v -0.075565 0.424742 0.294943
v 0.020848 0.395495 0.294943
v 0.059371 0.411451 0.294943
v 0.040896 0.401576 0.294943
v 0.098731 0.459411 0.294943
v 0.088856 0.440936 0.294943
v 0.106866 0.500307 0.294943
v 0.104812 0.479459 0.294943
v 0.075565 0.424742 0.294943
v -0.000000 0.393441 0.294943
v -0.104812 0.521155 0.294943
v -0.106866 0.500307 0.294943
v -0.098731 0.541203 0.294943
v -0.075565 0.575872 0.294943
v -0.088856 0.559678 0.294943
v -0.040896 0.599038 0.294943
v -0.000000 0.607173 0.294943
v -0.020848 0.605119 0.294943
v -0.059371 0.589163 0.294943
v 0.040896 0.599038 0.294943
v 0.075565 0.575872 0.294943
v 0.059371 0.589163 0.294943
v 0.098731 0.541203 0.294943
v 0.104812 0.521155 0.294943
v 0.088856 0.559678 0.294943
v 0.020848 0.605119 0.294943
v -0.217163 0.281321 0.069631
v -0.257048 0.281321 0.069631
v -0.217163 0.219016 0.037960
v -0.257048 0.219016 0.037960
v -0.217163 0.217015 -0.017646
v -0.257048 0.217015 -0.017646
v -0.217163 0.276622 -0.054509
v -0.257048 0.276622 -0.054509
v -0.217163 0.296053 -0.106649
v -0.257048 0.296053 -0.106649
v -0.217163 0.274562 -0.172061
v -0.257048 0.274562 -0.172061
v -0.217163 0.312467 -0.212796
v -0.257048 0.312467 -0.212796
v -0.217163 0.379194 -0.195476
v -0.257048 0.379194 -0.195476
v -0.217163 0.429802 -0.218604
v -0.257048 0.429802 -0.218604
v -0.217163 0.462347 -0.281291
v -0.257048 0.462347 -0.281291
v -0.217163 0.517953 -0.283292
v -0.257048 0.517953 -0.283292
v -0.217163 0.553975 -0.224068
v -0.257048 0.553975 -0.224068
v -0.217163 0.606114 -0.204637
v -0.257048 0.606114 -0.204637
v -0.217163 0.672368 -0.225745
v -0.257048 0.672368 -0.225745
v -0.217163 0.713103 -0.187840
v -0.257048 0.713103 -0.187840
v -0.217163 0.696518 -0.120371
v -0.257048 0.696518 -0.120371
v -0.217163 0.719647 -0.069763
v -0.257048 0.719647 -0.069763
v -0.217163 0.781598 -0.037960
v -0.257048 0.781598 -0.037960
v -0.217163 0.783599 0.017646
v -0.257048 0.783599 0.017646
v -0.217163 0.724022 0.053761
v -0.257048 0.724022 0.053761
v -0.217163 0.704591 0.105900
v -0.257048 0.704591 0.105900
v -0.217163 0.726052 0.172061
v -0.257048 0.726052 0.172061
v -0.217163 0.688147 0.212796
v -0.257048 0.688147 0.212796
v -0.217163 0.620357 0.196104
v -0.257048 0.620357 0.196104
v -0.217163 0.569749 0.219232
v -0.257048 0.569749 0.219232
v -0.217163 0.538267 0.281291
v -0.257048 0.538267 0.281291
v -0.217163 0.482661 0.283292
v -0.257048 0.482661 0.283292
v -0.217163 0.446432 0.222854
v -0.257048 0.446432 0.222854
v -0.217163 0.394293 0.203423
v -0.257048 0.394293 0.203423
v -0.217163 0.328246 0.225745
v -0.257048 0.328246 0.225745
v -0.217163 0.287511 0.187840
v -0.257048 0.287511 0.187840
v -0.217163 0.304450 0.120239
v -0.257048 0.304450 0.120239
v -0.257048 0.472124 0.102993
v -0.257048 0.435526 0.084993
v -0.257048 0.453352 0.095997
v -0.257048 0.407932 0.053732
v -0.257048 0.394401 0.014292
v -0.257048 0.399225 0.034679
v -0.257048 0.420190 0.070721
v -0.257048 0.493663 0.106659
v -0.257048 0.514599 0.105906
v -0.257048 0.393648 -0.006644
v -0.257048 0.472983 0.103313
v -0.257048 0.534986 0.101082
v -0.257048 0.554039 0.092375
v -0.257048 0.396994 -0.027324
v -0.257048 0.571028 0.080117
v -0.257048 0.585299 0.064781
v -0.257048 0.404310 -0.046955
v -0.257048 0.596304 0.046955
v -0.257048 0.606966 0.006644
v -0.257048 0.606213 -0.014292
v -0.257048 0.603620 0.027324
v -0.257048 0.601389 -0.034678
v -0.257048 0.565088 -0.084992
v -0.257048 0.580424 -0.070721
v -0.257048 0.592682 -0.053732
v -0.257048 0.527631 -0.103313
v -0.257048 0.415315 -0.064781
v -0.257048 0.465629 -0.101082
v -0.257048 0.486015 -0.105906
v -0.257048 0.446575 -0.092375
v -0.257048 0.429586 -0.080117
v -0.257048 0.547262 -0.095997
v -0.257048 0.506951 -0.106659
v -0.217163 0.514599 0.105906
v -0.217163 0.472983 0.103313
v -0.217163 0.493663 0.106659
v -0.217163 0.435526 0.084993
v -0.217163 0.407932 0.053732
v -0.217163 0.420190 0.070721
v -0.217163 0.453352 0.095997
v -0.217163 0.394401 0.014292
v -0.217163 0.396994 -0.027324
v -0.217163 0.393648 -0.006644
v -0.217163 0.429586 -0.080117
v -0.217163 0.415315 -0.064781
v -0.217163 0.465629 -0.101082
v -0.217163 0.446575 -0.092375
v -0.217163 0.404310 -0.046955
v -0.217163 0.399225 0.034679
v -0.217163 0.554039 0.092375
v -0.217163 0.534986 0.101082
v -0.217163 0.571028 0.080117
v -0.217163 0.596304 0.046955
v -0.217163 0.585299 0.064781
v -0.217163 0.606966 0.006644
v -0.217163 0.601389 -0.034678
v -0.217163 0.606213 -0.014292
v -0.217163 0.603620 0.027324
v -0.217163 0.580424 -0.070721
v -0.217163 0.547262 -0.095997
v -0.217163 0.565088 -0.084992
v -0.217163 0.506951 -0.106659
v -0.217163 0.486015 -0.105906
v -0.217163 0.527631 -0.103313
v -0.217163 0.592682 -0.053732
vn -0.0000 0.1736 0.9848
vn -1.0000 -0.0000 -0.0000
vn -0.0000 -0.1736 -0.9848
vn 1.0000 -0.0000 -0.0000
vn -0.0000 -0.9848 0.1736
vn 0.3910 0.9064 -0.1598
vn 0.9036 -0.4219 0.0744
vn -0.9036 -0.4219 0.0744
vn -0.3910 0.9064 -0.1598
vn -0.0000 0.9848 -0.1736
vn 0.5101 -0.7446 0.4306
vn -0.2853 -0.8418 -0.4583
vn -0.5270 -0.8171 -0.2337
vn 0.5815 -0.8136 -0.0000
vn -0.6315 -0.7754 -0.0000
vn 0.6162 -0.7869 0.0314
vn -0.0000 -1.0000 -0.0000
vn -0.0000 -0.9975 0.0708
vn 0.0790 -0.9969 -0.0000
vn 0.0407 -0.9986 0.0344
vn -0.6624 -0.7492 -0.0000
vn 0.0597 -0.8486 0.5256
vn -0.5985 -0.6218 0.5051
vn 0.6315 -0.7754 -0.0000
vn 0.5270 -0.8171 -0.2337
vn 0.2853 -0.8418 -0.4583
vn 0.5285 -0.0000 -0.8489
vn 0.9141 -0.0000 -0.4054
vn 0.9141 -0.0000 0.4054
vn 0.5285 -0.0000 0.8489
vn -0.0000 -0.0000 1.0000
vn -0.5285 -0.0000 0.8489
vn -0.9141 -0.0000 0.4054
vn -0.9141 -0.0000 -0.4054
vn -0.8409 0.5412 -0.0000
vn -0.7338 0.5964 -0.3254
vn 0.6394 0.7688 -0.0000
vn 0.5495 0.6949 0.4638
vn -0.0000 1.0000 -0.0000
vn -0.0000 0.8185 0.5746
vn -0.4092 0.6329 -0.6573
vn -0.0000 0.6064 -0.7952
vn -0.5495 0.6949 0.4638
vn 0.4092 0.6329 -0.6573
vn -0.0000 -0.0000 -1.0000
vn 0.7338 0.5964 -0.3254
vn 0.8409 0.5412 -0.0000
vn 0.7338 0.5964 0.3254
vn 0.4092 0.6329 0.6573
vn -0.0000 0.6064 0.7952
vn -0.4092 0.6329 0.6573
vn -0.7338 0.5964 0.3254
vn 0.5495 0.6949 -0.4638
vn -0.0000 0.8185 -0.5746
vn -0.5495 0.6949 -0.4638
vn -0.6394 0.7688 -0.0000
vn -0.0000 -0.8241 -0.5665
vn -0.0000 -0.8812 0.4727
vn -0.5285 -0.0000 -0.8489
vn -0.5270 -0.8171 0.2337
vn -0.2853 -0.8418 0.4583
vn 0.5985 -0.6218 -0.5051
vn -0.0000 -0.8014 -0.5981
vn -0.0000 -0.8241 0.5665
vn 0.2853 -0.8418 0.4583
vn -0.5985 -0.6218 -0.5051
vn 0.5270 -0.8171 0.2337
vn -0.0000 0.9999 -0.0111
vn -0.0000 0.0111 0.9999
vn -0.0000 -0.0111 -0.9999
vn -0.0000 -0.9999 0.0111
vn -0.7179 0.6962 -0.0000
vn -0.9952 0.0980 -0.0000
vn -0.8386 -0.5447 -0.0000
vn 0.9952 -0.0980 -0.0000
vn 0.9569 -0.2903 -0.0000
vn 0.9952 0.0980 -0.0000
vn 0.9569 0.2903 -0.0000
vn 0.8819 0.4714 -0.0000
vn 0.7730 0.6344 -0.0000
vn 0.6344 0.7730 -0.0000
vn 0.4714 0.8819 -0.0000
vn 0.2903 0.9569 -0.0000
vn 0.0980 0.9952 -0.0000
vn -0.0980 0.9952 -0.0000
vn -0.2903 0.9569 -0.0000
vn -0.4714 0.8819 -0.0000
vn -0.6344 0.7730 -0.0000
vn -0.7730 0.6344 -0.0000
vn -0.8819 0.4714 -0.0000
vn -0.9569 0.2903 -0.0000
vn -0.9952 -0.0980 -0.0000
vn -0.9569 -0.2903 -0.0000
vn -0.8819 -0.4714 -0.0000
vn -0.7730 -0.6344 -0.0000
vn -0.6344 -0.7730 -0.0000
vn -0.4714 -0.8819 -0.0000
vn -0.2903 -0.9569 -0.0000
vn -0.0980 -0.9952 -0.0000
vn 0.0980 -0.9952 -0.0000
vn 0.2903 -0.9569 -0.0000
vn 0.4714 -0.8819 -0.0000
vn 0.6344 -0.7730 -0.0000
vn 0.7730 -0.6344 -0.0000
vn 0.8819 -0.4714 -0.0000
vn -0.9781 0.2080 -0.0000
vn -0.0046 1.0000 -0.0000
vn 0.6967 0.7173 -0.0000
vn -0.5412 0.8409 -0.0000
vn 0.9999 0.0168 -0.0000
vn 0.2128 0.9771 -0.0000
vn 0.7207 -0.6933 -0.0000
vn 0.8411 0.5409 -0.0000
vn 0.0221 -0.9998 -0.0000
vn 0.9768 -0.2143 -0.0000
vn -0.6900 -0.7238 -0.0000
vn 0.5517 -0.8340 -0.0000
vn -0.9999 -0.0131 -0.0000
vn -0.2215 -0.9752 -0.0000
vn 0.9952 -0.0980 0.0011
vn 0.7179 -0.6961 0.0077
vn 0.8386 0.5446 -0.0060
vn 0.8819 -0.4714 0.0052
vn 0.0046 -0.9999 0.0111
vn 0.6344 -0.7730 0.0086
vn 0.9781 -0.2080 0.0023
vn 0.2903 -0.9569 0.0106
vn -0.6967 -0.7173 0.0080
vn -0.0980 -0.9951 0.0110
vn 0.5412 -0.8408 0.0093
vn -0.4714 -0.8819 0.0098
vn -0.9999 -0.0168 0.0002
vn -0.7730 -0.6343 0.0070
vn -0.2128 -0.9770 0.0108
vn -0.9569 -0.2902 0.0032
vn -0.7207 0.6932 -0.0077
vn -0.9952 0.0980 -0.0011
vn -0.8411 -0.5409 0.0060
vn -0.8819 0.4714 -0.0052
vn -0.0220 0.9997 -0.0111
vn -0.6344 0.7730 -0.0086
vn -0.9768 0.2142 -0.0024
vn -0.2903 0.9569 -0.0106
vn 0.6900 0.7238 -0.0080
vn 0.0980 0.9951 -0.0110
vn 0.0980 -0.9951 0.0110
vn 0.4713 -0.8819 0.0098
vn 0.7730 -0.6344 0.0070
vn 0.8820 -0.4713 0.0052
vn 0.9569 -0.2903 0.0032
vn 0.9952 -0.0979 0.0011
vn 0.9952 0.0979 -0.0011
vn 0.9569 0.2903 -0.0032
vn 0.8820 0.4713 -0.0052
vn 0.7730 0.6344 -0.0070
vn 0.6344 0.7730 -0.0086
vn 0.4713 0.8819 -0.0098
vn 0.2903 0.9569 -0.0106
vn -0.0980 0.9951 -0.0110
vn -0.4713 0.8819 -0.0098
vn -0.6344 0.7730 -0.0085
vn -0.7730 0.6344 -0.0070
vn -0.8820 0.4713 -0.0052
vn -0.9569 0.2903 -0.0032
vn -0.9952 -0.0980 0.0011
vn -0.9569 -0.2903 0.0032
vn -0.8820 -0.4713 0.0052
vn -0.7730 -0.6344 0.0070
vn -0.6344 -0.7730 0.0086
vn -0.4713 -0.8819 0.0098
vn -0.2903 -0.9569 0.0106
vn -0.5517 0.8340 -0.0092
vn 0.4714 0.8819 -0.0098
vn 0.9999 0.0131 -0.0001
vn 0.7730 0.6343 -0.0070
vn 0.2215 0.9751 -0.0108
vn 0.9569 0.2902 -0.0032
vn -0.6967 -0.7173 0.0079
vn -0.0221 0.9997 -0.0111
vn -0.9952 -0.0979 0.0011
vn -0.9952 0.0979 -0.0011
vn 0.9952 0.0980 -0.0011
vn 0.9832 0.0644 -0.1709
vn 0.9832 -0.0644 -0.1709
vn 0.9832 -0.0644 0.1709
vn 0.9832 0.0644 0.1709
vn 0.9664 0.1922 0.1709
vn 0.9664 0.1922 -0.1709
vn 0.8377 0.0549 0.5433
vn 0.8234 0.1638 0.5433
vn 0.7950 0.2699 0.5433
vn 0.9330 0.3167 0.1709
vn 0.7529 0.3713 0.5433
vn 0.8837 0.4358 0.1709
vn 0.8837 0.4358 -0.1709
vn 0.9330 0.3167 -0.1709
vn 0.7529 0.3713 -0.5433
vn 0.7950 0.2699 -0.5433
vn 0.8234 0.1638 -0.5433
vn 0.3622 0.1230 -0.9239
vn 0.3752 0.0746 -0.9239
vn 0.8377 0.0549 -0.5433
vn 0.3817 0.0250 -0.9239
vn 0.8377 -0.0549 -0.5433
vn 0.3817 -0.0250 -0.9239
vn -0.3817 0.0250 -0.9239
vn -0.3817 -0.0250 -0.9239
vn -0.8377 0.0549 -0.5433
vn -0.8377 -0.0549 -0.5433
vn -0.3752 -0.0746 -0.9239
vn -0.8234 -0.1638 -0.5433
vn -0.9664 -0.1922 -0.1709
vn -0.9832 -0.0644 -0.1709
vn -0.9664 -0.1922 0.1709
vn -0.9832 -0.0644 0.1709
vn -0.9832 0.0644 -0.1709
vn -0.9832 0.0644 0.1709
vn -0.8377 0.0549 0.5433
vn -0.8377 -0.0549 0.5433
vn -0.3817 0.0250 0.9239
vn -0.3817 -0.0250 0.9239
vn -0.8234 -0.1638 0.5433
vn -0.3752 -0.0746 0.9239
vn 0.3752 0.0746 0.9239
vn 0.3817 0.0250 0.9239
vn -0.3622 -0.1230 0.9239
vn 0.3622 0.1230 0.9239
vn -0.3431 -0.1692 0.9239
vn 0.3431 0.1692 0.9239
vn -0.3181 -0.2125 0.9239
vn 0.3181 0.2125 0.9239
vn 0.6980 0.4664 0.5433
vn 0.2876 0.2522 0.9239
vn 0.6312 0.5535 0.5433
vn 0.7408 0.6497 0.1709
vn 0.8192 0.5474 0.1709
vn 0.7408 0.6497 -0.1709
vn 0.8192 0.5474 -0.1709
vn 0.6312 0.5535 -0.5433
vn 0.6980 0.4664 -0.5433
vn 0.2876 0.2522 -0.9239
vn 0.3181 0.2125 -0.9239
vn 0.3431 0.1692 -0.9239
vn -0.3181 -0.2125 -0.9239
vn -0.3431 -0.1692 -0.9239
vn -0.3622 -0.1230 -0.9239
vn -0.7529 -0.3713 -0.5433
vn -0.7950 -0.2699 -0.5433
vn -0.8837 -0.4358 -0.1709
vn -0.9330 -0.3167 -0.1709
vn -0.8837 -0.4358 0.1709
vn -0.9330 -0.3167 0.1709
vn -0.7529 -0.3713 0.5433
vn -0.7950 -0.2699 0.5433
vn -0.8192 -0.5474 0.1709
vn -0.6980 -0.4664 0.5433
vn -0.7408 -0.6497 0.1709
vn -0.6312 -0.5535 0.5433
vn -0.2876 -0.2522 0.9239
vn -0.5535 -0.6312 0.5433
vn -0.2522 -0.2876 0.9239
vn 0.2522 0.2876 0.9239
vn -0.2125 -0.3181 0.9239
vn 0.2125 0.3181 0.9239
vn 0.4664 0.6980 0.5433
vn 0.5535 0.6312 0.5433
vn 0.5474 0.8192 0.1709
vn 0.6497 0.7408 0.1709
vn 0.5474 0.8192 -0.1709
vn 0.6497 0.7408 -0.1709
vn 0.4664 0.6980 -0.5433
vn 0.5535 0.6312 -0.5433
vn 0.2125 0.3181 -0.9239
vn 0.2522 0.2876 -0.9239
vn -0.2125 -0.3181 -0.9239
vn -0.2522 -0.2876 -0.9239
vn -0.2876 -0.2522 -0.9239
vn -0.5535 -0.6312 -0.5433
vn -0.6312 -0.5535 -0.5433
vn -0.6980 -0.4664 -0.5433
vn -0.7408 -0.6497 -0.1709
vn -0.8192 -0.5474 -0.1709
vn -0.6496 -0.7408 -0.1709
vn -0.6496 -0.7408 0.1709
vn -0.5474 -0.8192 -0.1709
vn -0.5474 -0.8192 0.1709
vn -0.4664 -0.6980 0.5433
vn -0.4358 -0.8837 0.1709
vn -0.3713 -0.7529 0.5433
vn -0.1692 -0.3431 0.9239
vn -0.2699 -0.7950 0.5433
vn -0.1230 -0.3622 0.9239
vn 0.1230 0.3622 0.9239
vn 0.1692 0.3431 0.9239
vn 0.2699 0.7950 0.5433
vn 0.3713 0.7529 0.5433
vn 0.3167 0.9330 0.1709
vn 0.4358 0.8837 0.1709
vn 0.3167 0.9330 -0.1709
vn 0.4358 0.8837 -0.1709
vn 0.2699 0.7950 -0.5433
vn 0.3713 0.7529 -0.5433
vn 0.1230 0.3622 -0.9239
vn 0.1692 0.3431 -0.9239
vn -0.1230 -0.3622 -0.9239
vn -0.1692 -0.3431 -0.9239
vn -0.2699 -0.7950 -0.5433
vn -0.3713 -0.7529 -0.5433
vn -0.4664 -0.6980 -0.5433
vn -0.4358 -0.8837 -0.1709
vn -0.3167 -0.9330 -0.1709
vn -0.3167 -0.9330 0.1709
vn -0.1922 -0.9664 -0.1709
vn -0.1922 -0.9664 0.1709
vn -0.1638 -0.8234 0.5433
vn -0.0644 -0.9832 0.1709
vn -0.0549 -0.8377 0.5433
vn -0.0250 -0.3817 0.9239
vn -0.0746 -0.3752 0.9239
vn 0.0250 0.3817 0.9239
vn 0.0746 0.3752 0.9239
vn 0.0549 0.8377 0.5433
vn 0.1638 0.8234 0.5433
vn 0.0644 0.9832 0.1709
vn 0.1922 0.9664 0.1709
vn 0.0644 0.9832 -0.1709
vn 0.1922 0.9664 -0.1709
vn 0.0549 0.8377 -0.5433
vn 0.1638 0.8234 -0.5433
vn 0.0250 0.3817 -0.9239
vn 0.0746 0.3752 -0.9239
vn -0.0250 -0.3817 -0.9239
vn -0.0746 -0.3752 -0.9239
vn -0.0549 -0.8377 -0.5433
vn -0.1638 -0.8234 -0.5433
vn -0.0644 -0.9832 -0.1709
vn 0.0549 -0.8377 -0.5433
vn 0.0644 -0.9832 -0.1709
vn 0.0644 -0.9832 0.1709
vn 0.1922 -0.9664 -0.1709
vn 0.1922 -0.9664 0.1709
vn 0.1638 -0.8234 0.5433
vn 0.0549 -0.8377 0.5433
vn 0.0746 -0.3752 0.9239
vn 0.0250 -0.3817 0.9239
vn -0.0746 0.3752 0.9239
vn -0.0250 0.3817 0.9239
vn -0.1638 0.8234 0.5433
vn -0.0549 0.8377 0.5433
vn -0.1922 0.9664 0.1709
vn -0.0644 0.9832 0.1709
vn -0.1922 0.9664 -0.1709
vn -0.0644 0.9832 -0.1709
vn -0.1638 0.8234 -0.5433
vn -0.0549 0.8377 -0.5433
vn -0.0746 0.3752 -0.9239
vn -0.0250 0.3817 -0.9239
vn 0.0746 -0.3752 -0.9239
vn 0.0250 -0.3817 -0.9239
vn 0.1638 -0.8234 -0.5433
vn 0.1230 -0.3622 -0.9239
vn 0.2699 -0.7950 -0.5433
vn 0.3167 -0.9330 -0.1709
vn 0.3713 -0.7529 -0.5433
vn 0.4358 -0.8837 -0.1709
vn 0.4358 -0.8837 0.1709
vn 0.3167 -0.9330 0.1709
vn 0.3713 -0.7529 0.5433
vn 0.2699 -0.7950 0.5433
vn 0.1692 -0.3431 0.9239
vn 0.1230 -0.3622 0.9239
vn -0.1692 0.3431 0.9239
vn -0.1230 0.3622 0.9239
vn -0.3713 0.7529 0.5433
vn -0.2699 0.7950 0.5433
vn -0.4358 0.8837 0.1709
vn -0.3167 0.9330 0.1709
vn -0.4358 0.8837 -0.1709
vn -0.3167 0.9330 -0.1709
vn -0.3713 0.7529 -0.5433
vn -0.2699 0.7950 -0.5433
vn -0.1692 0.3431 -0.9239
vn -0.1230 0.3622 -0.9239
vn 0.1692 -0.3431 -0.9239
vn -0.2125 0.3181 -0.9239
vn 0.2125 -0.3181 -0.9239
vn 0.4664 -0.6980 -0.5433
vn 0.2522 -0.2876 -0.9239
vn 0.5535 -0.6312 -0.5433
vn 0.6497 -0.7408 -0.1709
vn 0.5474 -0.8192 -0.1709
vn 0.6496 -0.7408 0.1709
vn 0.5474 -0.8192 0.1709
vn 0.5535 -0.6312 0.5433
vn 0.4664 -0.6980 0.5433
vn 0.2522 -0.2876 0.9239
vn 0.2125 -0.3181 0.9239
vn -0.2522 0.2876 0.9239
vn -0.2125 0.3181 0.9239
vn -0.5535 0.6312 0.5433
vn -0.4664 0.6980 0.5433
vn -0.6497 0.7408 0.1709
vn -0.5474 0.8192 0.1709
vn -0.6496 0.7408 -0.1709
vn -0.5474 0.8192 -0.1709
vn -0.5535 0.6312 -0.5433
vn -0.4664 0.6980 -0.5433
vn -0.2522 0.2876 -0.9239
vn -0.6312 0.5535 -0.5433
vn -0.2876 0.2522 -0.9239
vn 0.2876 -0.2522 -0.9239
vn -0.3181 0.2125 -0.9239
vn 0.3181 -0.2125 -0.9239
vn 0.6980 -0.4664 -0.5433
vn 0.6312 -0.5535 -0.5433
vn 0.8192 -0.5474 -0.1709
vn 0.7408 -0.6497 -0.1709
vn 0.8192 -0.5474 0.1709
vn 0.7408 -0.6497 0.1709
vn 0.6980 -0.4664 0.5433
vn 0.6312 -0.5535 0.5433
vn 0.3181 -0.2125 0.9239
vn 0.2876 -0.2522 0.9239
vn -0.3181 0.2125 0.9239
vn -0.2876 0.2522 0.9239
vn -0.6980 0.4664 0.5433
vn -0.6312 0.5535 0.5433
vn -0.8192 0.5474 0.1709
vn -0.7408 0.6496 0.1709
vn -0.8192 0.5474 -0.1709
vn -0.7408 0.6496 -0.1709
vn -0.6980 0.4664 -0.5433
vn -0.8837 0.4358 -0.1709
vn -0.7529 0.3713 -0.5433
vn -0.3431 0.1692 -0.9239
vn -0.7950 0.2699 -0.5433
vn -0.3622 0.1230 -0.9239
vn 0.3622 -0.1230 -0.9239
vn 0.3431 -0.1692 -0.9239
vn 0.7950 -0.2699 -0.5433
vn 0.7529 -0.3713 -0.5433
vn 0.9330 -0.3167 -0.1709
vn 0.8837 -0.4358 -0.1709
vn 0.9330 -0.3167 0.1709
vn 0.8837 -0.4358 0.1709
vn 0.7950 -0.2699 0.5433
vn 0.7529 -0.3713 0.5433
vn 0.3622 -0.1230 0.9239
vn 0.3431 -0.1692 0.9239
vn -0.3622 0.1230 0.9239
vn -0.3431 0.1692 0.9239
vn -0.7950 0.2699 0.5433
vn -0.7529 0.3713 0.5433
vn -0.9330 0.3167 0.1709
vn -0.8837 0.4358 0.1709
vn -0.9330 0.3167 -0.1709
vn -0.9664 0.1922 0.1709
vn -0.9664 0.1922 -0.1709
vn -0.8234 0.1638 -0.5433
vn -0.3752 0.0746 -0.9239
vn 0.3752 -0.0746 -0.9239
vn 0.8234 -0.1638 -0.5433
vn 0.9664 -0.1922 -0.1709
vn 0.9664 -0.1922 0.1709
vn 0.8377 -0.0549 0.5433
vn 0.8234 -0.1638 0.5433
vn 0.3817 -0.0250 0.9239
vn 0.3752 -0.0746 0.9239
vn -0.3752 0.0746 0.9239
vn -0.8234 0.1638 0.5433
vn -0.7408 -0.6496 0.1709
vn 0.7408 0.6496 -0.1709
vn 0.7408 0.6496 0.1709
vn -0.6497 -0.7408 0.1709
vn -0.6497 -0.7408 -0.1709
vn 0.6496 0.7408 0.1709
vn -0.6497 0.7408 -0.1709
vn -0.6496 0.7408 0.1709
vn 0.6497 -0.7408 0.1709
vn -0.7408 0.6497 -0.1709
vn -0.8387 -0.5447 -0.0000
vn -0.9768 0.2143 -0.0024
vn 0.7730 -0.6343 0.0070
vn -0.7207 0.6933 -0.0077
vn 0.6344 0.7730 -0.0085
vn -0.2698 -0.7950 -0.5433
vn -0.7408 0.6497 0.1709
vn 0.8810 0.4709 -0.0464
vn 0.7715 0.6331 -0.0624
vn 0.8810 0.4709 0.0464
vn 0.7715 0.6331 0.0624
vn 0.8810 0.4528 0.1373
vn 0.7715 0.6088 0.1847
vn 0.8810 0.4173 0.2231
vn 0.7715 0.5611 0.2999
vn 0.8810 0.3658 0.3002
vn 0.7715 0.4918 0.4036
vn 0.8810 0.3002 0.3658
vn 0.7715 0.4036 0.4918
vn 0.8810 0.2231 0.4173
vn 0.7715 0.2999 0.5611
vn 0.7715 0.1847 0.6088
vn 0.8810 0.1373 0.4528
vn 0.6326 0.2248 0.7411
vn 0.6326 0.3651 0.6831
vn 0.7715 0.0624 0.6331
vn 0.6326 0.0759 0.7708
vn 0.7715 -0.0624 0.6331
vn 0.6326 -0.0759 0.7708
vn 0.7715 -0.1847 0.6088
vn 0.6326 -0.2248 0.7412
vn 0.7715 -0.2999 0.5611
vn 0.6326 -0.3651 0.6831
vn 0.7715 -0.4036 0.4918
vn 0.6326 -0.4913 0.5987
vn 0.7715 -0.4918 0.4036
vn 0.6326 -0.5987 0.4913
vn 0.7715 -0.5611 0.2999
vn 0.6326 -0.6831 0.3651
vn 0.4696 -0.7786 0.4162
vn 0.4696 -0.6825 0.5601
vn 0.6326 -0.7411 0.2248
vn 0.4696 -0.8449 0.2563
vn 0.6326 -0.7708 0.0759
vn 0.4696 -0.8786 0.0865
vn 0.6326 -0.7708 -0.0759
vn 0.4696 -0.8786 -0.0865
vn 0.6326 -0.7412 -0.2248
vn 0.4696 -0.8448 -0.2563
vn 0.6326 -0.6831 -0.3651
vn 0.4697 -0.7786 -0.4162
vn 0.6326 -0.5987 -0.4913
vn 0.4696 -0.6825 -0.5601
vn 0.6326 -0.4913 -0.5987
vn 0.4696 -0.5601 -0.6825
vn 0.2890 -0.6073 -0.7400
vn 0.2890 -0.7400 -0.6073
vn 0.4697 -0.4162 -0.7786
vn 0.2890 -0.4513 -0.8443
vn 0.4696 -0.2563 -0.8448
vn 0.2890 -0.2779 -0.9161
vn 0.4696 -0.0865 -0.8786
vn 0.2890 -0.0938 -0.9527
vn 0.4696 0.0865 -0.8786
vn 0.2890 0.0938 -0.9527
vn 0.4696 0.2563 -0.8449
vn 0.2890 0.2779 -0.9161
vn 0.4696 0.4162 -0.7786
vn 0.2890 0.4513 -0.8443
vn 0.2890 0.6073 -0.7400
vn 0.2890 0.7400 -0.6073
vn 0.4696 0.6825 -0.5601
vn 0.4696 0.5601 -0.6825
vn 0.6326 0.5987 -0.4913
vn 0.6326 0.4913 -0.5987
vn 0.6326 0.6831 -0.3651
vn 0.4697 0.7786 -0.4162
vn 0.7715 0.5611 -0.2999
vn 0.7715 0.4918 -0.4036
vn 0.7715 0.6088 -0.1847
vn 0.6326 0.7411 -0.2248
vn 0.8810 0.4528 -0.1374
vn 0.8810 0.4173 -0.2231
vn 0.9566 0.2790 -0.0846
vn 0.9566 0.2571 -0.1374
vn 0.9566 0.2902 -0.0286
vn 0.9951 0.0980 -0.0097
vn 0.9951 0.0943 -0.0286
vn 0.9951 0.0980 0.0097
vn 0.9951 0.0464 -0.0869
vn 0.9951 0.0286 -0.0943
vn 0.9951 0.0097 -0.0980
vn 0.9951 -0.0097 -0.0980
vn 0.9951 -0.0286 -0.0943
vn 0.9951 -0.0464 -0.0869
vn 0.9951 -0.0625 -0.0761
vn 0.9951 -0.0761 -0.0625
vn 0.9951 -0.0869 -0.0464
vn 0.9951 -0.0943 -0.0286
vn 0.9951 -0.0980 -0.0097
vn 0.9951 -0.0980 0.0097
vn 0.9951 -0.0943 0.0286
vn 0.9951 -0.0869 0.0464
vn 0.9951 -0.0761 0.0625
vn 0.9951 -0.0625 0.0761
vn 0.9951 -0.0464 0.0869
vn 0.9951 -0.0286 0.0943
vn 0.9951 -0.0097 0.0980
vn 0.9951 0.0097 0.0980
vn 0.9951 0.0286 0.0943
vn 0.9951 0.0464 0.0869
vn 0.9951 0.0625 0.0761
vn 0.9951 0.0761 0.0625
vn 0.9951 0.0869 0.0464
vn 0.9951 0.0943 0.0286
vn 0.9951 0.0625 -0.0761
vn 0.9951 0.0761 -0.0625
vn 0.9951 0.0869 -0.0464
vn 0.9566 0.2254 -0.1850
vn 0.9566 0.1850 -0.2254
vn 0.8810 0.3658 -0.3002
vn 0.8810 0.3002 -0.3658
vn 0.9566 0.1375 -0.2571
vn 0.8810 0.2231 -0.4173
vn 0.9566 0.0846 -0.2790
vn 0.8810 0.1374 -0.4528
vn 0.9566 0.0286 -0.2902
vn 0.8810 0.0464 -0.4709
vn 0.8810 -0.0464 -0.4709
vn 0.9566 -0.0286 -0.2902
vn 0.9566 -0.0846 -0.2790
vn 0.8810 -0.1373 -0.4528
vn 0.9566 -0.1374 -0.2571
vn 0.8810 -0.2231 -0.4173
vn 0.9566 -0.1850 -0.2254
vn 0.8810 -0.3002 -0.3658
vn 0.9566 -0.2254 -0.1850
vn 0.8810 -0.3658 -0.3002
vn 0.9566 -0.2571 -0.1375
vn 0.8810 -0.4173 -0.2231
vn 0.9566 -0.2790 -0.0846
vn 0.8810 -0.4528 -0.1374
vn 0.9566 -0.2902 -0.0286
vn 0.8810 -0.4709 -0.0464
vn 0.8810 -0.4709 0.0464
vn 0.9566 -0.2902 0.0286
vn 0.9566 -0.2790 0.0846
vn 0.8810 -0.4528 0.1374
vn 0.9566 -0.2571 0.1375
vn 0.8810 -0.4173 0.2231
vn 0.9566 -0.2254 0.1850
vn 0.8810 -0.3658 0.3002
vn 0.9566 -0.1850 0.2254
vn 0.8810 -0.3002 0.3658
vn 0.9566 -0.1374 0.2571
vn 0.8810 -0.2230 0.4173
vn 0.9566 -0.0846 0.2790
vn 0.8810 -0.1373 0.4528
vn 0.9566 -0.0286 0.2902
vn 0.8810 -0.0464 0.4709
vn 0.8810 0.0464 0.4709
vn 0.9566 0.0286 0.2902
vn 0.9566 0.0846 0.2790
vn 0.7715 -0.6088 0.1847
vn 0.7715 -0.6332 0.0623
vn 0.7715 -0.6332 -0.0623
vn 0.7715 -0.6088 -0.1847
vn 0.7715 -0.5611 -0.2999
vn 0.7715 -0.4918 -0.4036
vn 0.7715 -0.4036 -0.4918
vn 0.7715 -0.2999 -0.5611
vn 0.6326 -0.3651 -0.6831
vn 0.6326 -0.2248 -0.7412
vn 0.7715 -0.1847 -0.6088
vn 0.7715 -0.0624 -0.6331
vn 0.6326 -0.0759 -0.7708
vn 0.7715 0.0624 -0.6331
vn 0.6326 0.0759 -0.7708
vn 0.7715 0.1847 -0.6088
vn 0.6326 0.2248 -0.7412
vn 0.7715 0.2999 -0.5611
vn 0.6326 0.3651 -0.6831
vn 0.7715 0.4036 -0.4918
vn 0.9566 0.2790 0.0846
vn 0.9566 0.2902 0.0286
vn 0.9566 0.2571 0.1375
vn 0.9566 0.2254 0.1850
vn 0.9566 0.1850 0.2254
vn 0.9566 0.1374 0.2571
vn 0.6326 0.7708 -0.0759
vn 0.4696 0.8786 -0.0865
vn 0.4696 0.8449 -0.2563
vn 0.6326 0.7708 0.0759
vn 0.4696 0.8786 0.0865
vn 0.6326 0.7412 0.2249
vn 0.4696 0.8448 0.2563
vn 0.6325 0.6831 0.3651
vn 0.4697 0.7786 0.4162
vn 0.6326 0.5987 0.4913
vn 0.4696 0.6825 0.5601
vn 0.6326 0.4913 0.5987
vn 0.4696 0.5601 0.6825
vn 0.2890 0.6073 0.7400
vn 0.2890 0.7400 0.6073
vn 0.4696 0.4162 0.7786
vn 0.2890 0.4513 0.8443
vn 0.4696 0.2563 0.8449
vn 0.2890 0.2779 0.9161
vn 0.4696 0.0865 0.8786
vn 0.2890 0.0938 0.9527
vn 0.4696 -0.0865 0.8786
vn 0.2890 -0.0938 0.9527
vn 0.4696 -0.2563 0.8449
vn 0.2890 -0.2779 0.9161
vn 0.4696 -0.4162 0.7786
vn 0.2890 -0.4513 0.8443
vn 0.4696 -0.5601 0.6825
vn 0.2890 -0.6073 0.7400
vn 0.2890 -0.7400 0.6073
vn 0.2890 -0.8443 0.4513
vn 0.2890 -0.9161 0.2779
vn 0.2890 -0.9527 0.0938
vn 0.2890 -0.9527 -0.0938
vn 0.2890 -0.9161 -0.2779
vn 0.2890 -0.8443 -0.4513
vn 0.2890 0.8443 0.4513
vn 0.2890 0.9161 0.2779
vn 0.2890 0.9527 0.0938
vn 0.2890 0.9527 -0.0938
vn 0.2890 0.9161 -0.2779
vn 0.2890 0.8443 -0.4513
vn -0.0000 -0.1736 0.9848
vn -0.0000 0.1736 -0.9848
vn -0.0000 -0.9848 -0.1736
vn 0.3910 0.9064 0.1598
vn 0.9036 -0.4219 -0.0744
vn -0.9036 -0.4219 -0.0744
vn -0.3910 0.9064 0.1598
vn -0.0000 0.9848 0.1736
vn -0.9848 0.1736 -0.0000
vn 0.9848 -0.1736 -0.0000
vn -0.1736 -0.9848 -0.0000
vn 0.1598 0.9064 0.3910
vn -0.0744 -0.4219 0.9036
vn -0.0744 -0.4219 -0.9036
vn 0.1598 0.9064 -0.3910
vn 0.1736 0.9848 -0.0000
vn -0.6962 -0.7179 -0.0000
vn 0.9752 -0.2215 -0.0000
vn 0.0131 -0.9999 -0.0000
vn 0.8340 0.5517 -0.0000
vn 0.7238 -0.6900 -0.0000
vn 0.2143 0.9768 -0.0000
vn 0.9998 0.0221 -0.0000
vn -0.5409 0.8411 -0.0000
vn 0.6933 0.7207 -0.0000
vn -0.9771 0.2128 -0.0000
vn -0.0168 0.9999 -0.0000
vn -0.8409 -0.5412 -0.0000
vn -0.7173 0.6967 -0.0000
vn -0.2080 -0.9781 -0.0000
vn -1.0000 -0.0046 -0.0000
vn 0.5447 -0.8386 -0.0000
vn -0.0000 -0.4531 0.8914
vn -0.0000 -0.9994 0.0360
vn -0.0000 -0.5260 -0.8505
vn -0.0000 -0.9370 -0.3492
vn -0.0000 -0.9500 0.3121
vn -0.0000 -0.7321 -0.6812
vn -0.0000 0.2512 -0.9679
vn -0.0000 -0.4157 -0.9095
vn -0.0000 -0.8875 -0.4608
vn -0.0000 -0.0360 -0.9994
vn -0.0000 0.8544 -0.5197
vn -0.0000 0.3492 -0.9370
vn -0.0000 -0.3036 -0.9528
vn -0.0000 0.6812 -0.7321
vn -0.0000 0.9711 0.2387
vn -0.0000 0.9095 -0.4157
vn -0.0000 0.4567 -0.8896
vn -0.0000 0.9994 -0.0360
vn -0.0000 0.5184 0.8552
vn -0.0000 0.9370 0.3492
vn -0.0000 0.9512 -0.3085
vn -0.0000 0.7321 0.6812
vn -0.0000 -0.2391 0.9710
vn -0.0000 0.4157 0.9095
vn -0.0000 0.8918 0.4524
vn -0.0000 0.0360 0.9994
vn -0.0000 -0.8577 0.5141
vn -0.0000 -0.3492 0.9370
vn -0.0000 0.3202 0.9474
vn -0.0000 -0.6812 0.7321
vn -0.0000 -0.9700 -0.2431
vn -0.0000 -0.9095 0.4157
vn -0.0000 0.9731 -0.2302
vn -0.0000 0.9872 0.1597
vn -0.0000 0.8509 0.5253
vn -0.0000 0.5851 0.8110
vn -0.0000 0.2302 0.9731
vn -0.0000 -0.1597 0.9872
vn -0.0000 -0.5253 0.8509
vn -0.0000 -0.8110 0.5851
vn -0.0000 -0.9731 0.2302
vn -0.0000 -0.9872 -0.1597
vn -0.0000 -0.8509 -0.5253
vn -0.0000 -0.5851 -0.8110
vn -0.0000 -0.2302 -0.9731
vn -0.0000 0.1597 -0.9872
vn -0.0000 0.5253 -0.8509
vn -0.0000 0.8110 -0.5851
vt 0.541667 0.166667
vt 0.625000 0.166667
vt 0.625000 0.250000
vt 0.541667 0.250000
vt 0.625000 0.500000
vt 0.541667 0.500000
vt 0.541667 0.666667
vt 0.625000 0.666667
vt 0.625000 0.750000
vt 0.541667 0.750000
vt 0.625000 1.000000
vt 0.541667 1.000000
vt 0.125000 0.666667
vt 0.375000 0.666667
vt 0.375000 0.750000
vt 0.125000 0.750000
vt 0.875000 0.666667
vt 0.875000 0.750000
vt 0.458333 0.750000
vt 0.458333 1.000000
vt 0.375000 1.000000
vt 0.458333 0.666667
vt 0.375000 0.250000
vt 0.458333 0.250000
vt 0.458333 0.500000
vt 0.375000 0.500000
vt 0.375000 0.166667
vt 0.458333 0.166667
vt 0.458333 0.000000
vt 0.541667 0.000000
vt 0.541667 0.083333
vt 0.458333 0.083333
vt 0.375000 0.000000
vt 0.375000 0.083333
vt 0.541667 0.583333
vt 0.458333 0.583333
vt 0.375000 0.583333
vt 0.875000 0.500000
vt 0.875000 0.583333
vt 0.625000 0.583333
vt 0.125000 0.500000
vt 0.125000 0.583333
vt 0.625000 0.000000
vt 0.625000 0.083333
vt 0.000000 0.000000
s 0
f 32/1/1 20/2/1 4/3/1 11/4/1
f 11/4/2 4/3/2 8/5/2 13/6/2
f 28/7/3 24/8/3 6/9/3 15/10/3
f 15/10/4 6/9/4 2/11/4 10/12/4
f 18/13/5 21/14/5 5/15/5 1/16/5
f 24/8/6 19/17/6 2/18/6 6/9/6
f 5/15/7 16/19/7 9/20/7 1/21/7
f 16/19/4 15/10/4 10/12/4 9/20/4
f 21/14/3 26/22/3 16/19/3 5/15/3
f 26/22/3 28/7/3 15/10/3 16/19/3
f 3/23/8 12/24/8 14/25/8 7/26/8
f 12/24/2 11/4/2 13/6/2 14/25/2
f 17/27/1 30/28/1 12/24/1 3/23/1
f 30/28/1 32/1/1 11/4/1 12/24/1
f 9/29/1 10/30/1 31/31/1 29/32/1
f 29/32/1 31/31/1 32/1/1 30/28/1
f 1/33/1 9/29/1 29/32/1 18/34/1
f 18/34/1 29/32/1 30/28/1 17/27/1
f 14/25/3 13/6/3 27/35/3 25/36/3
f 25/36/3 27/35/3 28/7/3 26/22/3
f 7/26/3 14/25/3 25/36/3 22/37/3
f 22/37/3 25/36/3 26/22/3 21/14/3
f 8/5/9 4/38/9 20/39/9 23/40/9
f 23/40/10 20/39/10 19/17/10 24/8/10
f 3/41/5 7/26/5 22/37/5 17/42/5
f 17/42/5 22/37/5 21/14/5 18/13/5
f 13/6/3 8/5/3 23/40/3 27/35/3
f 27/35/3 23/40/3 24/8/3 28/7/3
f 10/30/1 2/43/1 19/44/1 31/31/1
f 31/31/1 19/44/1 20/2/1 32/1/1
s 1
f 34/45/11 37/45/11 36/45/11 33/45/11
f 33/45/12 35/45/12 139/45/12 34/45/12
f 36/45/13 38/45/13 35/45/13 33/45/13
f 37/45/14 42/45/14 39/45/14 36/45/14
f 39/45/15 40/45/15 38/45/15 36/45/15
f 41/45/15 84/45/15 40/45/15 39/45/15
f 42/45/16 43/45/16 41/45/16 39/45/16
f 45/45/17 44/45/17 42/45/17 37/45/17
f 44/45/18 46/45/18 43/45/18 42/45/18
f 50/45/19 47/45/19 44/45/19 45/45/19
f 47/45/20 49/45/20 46/45/20 44/45/20
f 48/45/21 146/45/21 49/45/21 47/45/21
f 52/45/21 48/45/21 47/45/21 50/45/21
f 51/45/22 50/45/22 45/45/22 140/45/22
f 54/45/23 52/45/23 50/45/23 51/45/23
f 52/45/24 53/45/24 63/45/24 48/45/24
f 54/45/25 55/45/25 53/45/25 52/45/25
f 51/45/26 56/45/26 55/45/26 54/45/26
f 56/45/27 58/45/27 57/45/27 55/45/27
f 55/45/28 57/45/28 60/45/28 53/45/28
f 58/45/27 109/45/27 59/45/27 57/45/27
f 57/45/28 59/45/28 61/45/28 60/45/28
f 53/45/4 60/45/4 62/45/4 63/45/4
f 60/45/4 61/45/4 64/45/4 62/45/4
f 63/45/4 62/45/4 65/45/4 66/45/4
f 62/45/4 64/45/4 67/45/4 65/45/4
f 66/45/29 65/45/29 68/45/29 69/45/29
f 65/45/29 67/45/29 70/45/29 68/45/29
f 69/45/30 68/45/30 71/45/30 72/45/30
f 68/45/30 70/45/30 73/45/30 71/45/30
f 72/45/31 71/45/31 74/45/31 75/45/31
f 71/45/31 73/45/31 76/45/31 74/45/31
f 75/45/31 74/45/31 77/45/31 78/45/31
f 74/45/31 76/45/31 79/45/31 77/45/31
f 78/45/32 77/45/32 80/45/32 81/45/32
f 77/45/32 79/45/32 82/45/32 80/45/32
f 81/45/33 80/45/33 83/45/33 84/45/33
f 80/45/33 82/45/33 85/45/33 83/45/33
f 84/45/2 83/45/2 86/45/2 40/45/2
f 83/45/2 85/45/2 87/45/2 86/45/2
f 40/45/2 86/45/2 88/45/2 38/45/2
f 86/45/2 87/45/2 90/45/2 88/45/2
f 38/45/34 88/45/34 89/45/34 35/45/34
f 88/45/34 90/45/34 91/45/34 89/45/34
f 90/45/34 92/45/34 94/45/34 91/45/34
f 87/45/2 93/45/2 92/45/2 90/45/2
f 93/45/35 96/45/35 95/45/35 92/45/35
f 92/45/36 95/45/36 97/45/36 94/45/36
f 99/45/37 98/45/37 95/45/37 96/45/37
f 98/45/38 101/45/38 97/45/38 95/45/38
f 131/45/39 100/45/39 98/45/39 99/45/39
f 100/45/40 103/45/40 101/45/40 98/45/40
f 94/45/41 97/45/41 101/45/41 102/45/41
f 102/45/42 101/45/42 103/45/42 104/45/42
f 104/45/42 103/45/42 105/45/42 108/45/42
f 107/45/40 105/45/40 103/45/40 100/45/40
f 112/45/43 106/45/43 105/45/43 107/45/43
f 108/45/44 105/45/44 106/45/44 110/45/44
f 109/45/27 108/45/27 110/45/27 59/45/27
f 134/45/45 104/45/45 108/45/45 109/45/45
f 110/45/46 106/45/46 112/45/46 111/45/46
f 59/45/28 110/45/28 111/45/28 61/45/28
f 61/45/4 111/45/4 113/45/4 64/45/4
f 111/45/47 112/45/47 114/45/47 113/45/47
f 64/45/4 113/45/4 115/45/4 67/45/4
f 113/45/47 114/45/47 116/45/47 115/45/47
f 115/45/48 116/45/48 118/45/48 117/45/48
f 67/45/29 115/45/29 117/45/29 70/45/29
f 117/45/49 118/45/49 120/45/49 119/45/49
f 70/45/30 117/45/30 119/45/30 73/45/30
f 119/45/50 120/45/50 122/45/50 121/45/50
f 73/45/31 119/45/31 121/45/31 76/45/31
f 76/45/31 121/45/31 123/45/31 79/45/31
f 121/45/50 122/45/50 124/45/50 123/45/50
f 79/45/32 123/45/32 125/45/32 82/45/32
f 123/45/51 124/45/51 126/45/51 125/45/51
f 125/45/52 126/45/52 128/45/52 127/45/52
f 82/45/33 125/45/33 127/45/33 85/45/33
f 85/45/2 127/45/2 93/45/2 87/45/2
f 127/45/35 128/45/35 96/45/35 93/45/35
f 124/45/53 129/45/53 128/45/53 126/45/53
f 129/45/37 99/45/37 96/45/37 128/45/37
f 122/45/54 130/45/54 129/45/54 124/45/54
f 130/45/39 131/45/39 99/45/39 129/45/39
f 120/45/54 132/45/54 130/45/54 122/45/54
f 132/45/39 133/45/39 131/45/39 130/45/39
f 118/45/55 116/45/55 132/45/55 120/45/55
f 116/45/56 114/45/56 133/45/56 132/45/56
f 133/45/39 107/45/39 100/45/39 131/45/39
f 114/45/56 112/45/56 107/45/56 133/45/56
f 136/45/45 134/45/45 109/45/45 58/45/45
f 135/45/45 102/45/45 104/45/45 134/45/45
f 137/45/45 135/45/45 134/45/45 136/45/45
f 139/45/45 137/45/45 136/45/45 138/45/45
f 138/45/45 136/45/45 58/45/45 56/45/45
f 34/45/57 139/45/57 138/45/57 140/45/57
f 140/45/57 138/45/57 56/45/57 51/45/57
f 140/45/58 45/45/58 37/45/58 34/45/58
f 35/45/59 89/45/59 137/45/59 139/45/59
f 89/45/59 91/45/59 135/45/59 137/45/59
f 91/45/59 94/45/59 102/45/59 135/45/59
f 141/45/60 81/45/60 84/45/60 41/45/60
f 142/45/61 78/45/61 81/45/61 141/45/61
f 43/45/62 142/45/62 141/45/62 41/45/62
f 46/45/63 143/45/63 142/45/63 43/45/63
f 143/45/64 75/45/64 78/45/64 142/45/64
f 144/45/64 72/45/64 75/45/64 143/45/64
f 49/45/63 144/45/63 143/45/63 46/45/63
f 145/45/65 69/45/65 72/45/65 144/45/65
f 146/45/66 145/45/66 144/45/66 49/45/66
f 146/45/67 66/45/67 69/45/67 145/45/67
f 48/45/24 63/45/24 66/45/24 146/45/24
f 148/45/68 151/45/68 150/45/68 147/45/68
f 147/45/69 149/45/69 180/45/69 148/45/69
f 150/45/2 152/45/2 149/45/2 147/45/2
f 151/45/68 156/45/68 153/45/68 150/45/68
f 153/45/2 154/45/2 152/45/2 150/45/2
f 155/45/2 196/45/2 154/45/2 153/45/2
f 156/45/68 158/45/68 155/45/68 153/45/68
f 174/45/68 157/45/68 156/45/68 151/45/68
f 157/45/68 160/45/68 158/45/68 156/45/68
f 158/45/68 159/45/68 200/45/68 155/45/68
f 160/45/68 161/45/68 159/45/68 158/45/68
f 164/45/68 162/45/68 160/45/68 157/45/68
f 162/45/68 163/45/68 161/45/68 160/45/68
f 165/45/68 166/45/68 163/45/68 162/45/68
f 168/45/68 165/45/68 162/45/68 164/45/68
f 165/45/4 167/45/4 206/45/4 166/45/4
f 168/45/4 169/45/4 167/45/4 165/45/4
f 170/45/4 171/45/4 169/45/4 168/45/4
f 170/45/68 168/45/68 164/45/68 173/45/68
f 172/45/4 223/45/4 171/45/4 170/45/4
f 172/45/68 170/45/68 173/45/68 175/45/68
f 173/45/68 164/45/68 157/45/68 174/45/68
f 175/45/68 173/45/68 174/45/68 177/45/68
f 177/45/69 178/45/69 176/45/69 175/45/69
f 175/45/69 176/45/69 223/45/69 172/45/69
f 177/45/68 174/45/68 151/45/68 148/45/68
f 148/45/69 180/45/69 178/45/69 177/45/69
f 178/45/69 179/45/69 222/45/69 176/45/69
f 180/45/69 181/45/69 179/45/69 178/45/69
f 149/45/69 183/45/69 181/45/69 180/45/69
f 183/45/69 185/45/69 182/45/69 181/45/69
f 181/45/69 182/45/69 226/45/69 179/45/69
f 152/45/2 184/45/2 183/45/2 149/45/2
f 184/45/2 187/45/2 185/45/2 183/45/2
f 185/45/69 186/45/69 228/45/69 182/45/69
f 187/45/2 188/45/2 186/45/2 185/45/2
f 189/45/2 191/45/2 188/45/2 187/45/2
f 190/45/2 189/45/2 187/45/2 184/45/2
f 195/45/2 192/45/2 189/45/2 190/45/2
f 192/45/2 193/45/2 191/45/2 189/45/2
f 194/45/2 237/45/2 193/45/2 192/45/2
f 197/45/2 194/45/2 192/45/2 195/45/2
f 196/45/2 195/45/2 190/45/2 154/45/2
f 199/45/2 197/45/2 195/45/2 196/45/2
f 198/45/70 238/45/70 194/45/70 197/45/70
f 201/45/70 198/45/70 197/45/70 199/45/70
f 200/45/2 199/45/2 196/45/2 155/45/2
f 159/45/70 201/45/70 199/45/70 200/45/70
f 161/45/70 202/45/70 201/45/70 159/45/70
f 202/45/70 203/45/70 198/45/70 201/45/70
f 163/45/70 204/45/70 202/45/70 161/45/70
f 204/45/70 205/45/70 203/45/70 202/45/70
f 166/45/70 206/45/70 204/45/70 163/45/70
f 206/45/70 207/45/70 205/45/70 204/45/70
f 167/45/4 208/45/4 207/45/4 206/45/4
f 207/45/70 209/45/70 210/45/70 205/45/70
f 208/45/4 212/45/4 209/45/4 207/45/4
f 209/45/70 211/45/70 240/45/70 210/45/70
f 212/45/4 213/45/4 211/45/4 209/45/4
f 214/45/4 216/45/4 213/45/4 212/45/4
f 215/45/4 214/45/4 212/45/4 208/45/4
f 220/45/4 217/45/4 214/45/4 215/45/4
f 217/45/4 218/45/4 216/45/4 214/45/4
f 219/45/4 244/45/4 218/45/4 217/45/4
f 221/45/4 219/45/4 217/45/4 220/45/4
f 171/45/4 220/45/4 215/45/4 169/45/4
f 223/45/4 221/45/4 220/45/4 171/45/4
f 222/45/69 224/45/69 219/45/69 221/45/69
f 176/45/69 222/45/69 221/45/69 223/45/69
f 179/45/69 226/45/69 224/45/69 222/45/69
f 224/45/69 225/45/69 244/45/69 219/45/69
f 226/45/69 227/45/69 225/45/69 224/45/69
f 182/45/69 228/45/69 227/45/69 226/45/69
f 229/45/71 227/45/71 228/45/71 232/45/71
f 230/45/71 225/45/71 227/45/71 229/45/71
f 243/45/71 230/45/71 229/45/71 231/45/71
f 231/45/71 229/45/71 232/45/71 233/45/71
f 232/45/71 228/45/71 186/45/71 188/45/71
f 233/45/71 232/45/71 188/45/71 191/45/71
f 234/45/71 233/45/71 191/45/71 193/45/71
f 235/45/71 231/45/71 233/45/71 234/45/71
f 236/45/71 234/45/71 193/45/71 237/45/71
f 239/45/71 235/45/71 234/45/71 236/45/71
f 238/45/70 236/45/70 237/45/70 194/45/70
f 241/45/70 239/45/70 236/45/70 238/45/70
f 240/45/71 242/45/71 235/45/71 239/45/71
f 210/45/70 240/45/70 239/45/70 241/45/70
f 203/45/70 241/45/70 238/45/70 198/45/70
f 205/45/70 210/45/70 241/45/70 203/45/70
f 211/45/71 213/45/71 242/45/71 240/45/71
f 242/45/71 243/45/71 231/45/71 235/45/71
f 213/45/71 216/45/71 243/45/71 242/45/71
f 216/45/71 218/45/71 230/45/71 243/45/71
f 218/45/71 244/45/71 225/45/71 230/45/71
f 169/45/4 215/45/4 208/45/4 167/45/4
f 154/45/2 190/45/2 184/45/2 152/45/2
f 245/45/72 247/45/72 373/45/72 246/45/72
f 251/45/31 248/45/31 245/45/31 246/45/31 371/45/31 370/45/31 369/45/31 364/45/31 363/45/31 362/45/31 361/45/31 270/45/31 269/45/31 268/45/31 267/45/31 262/45/31 261/45/31 260/45/31 259/45/31 252/45/31
f 248/45/73 250/45/73 247/45/73 245/45/73
f 249/45/74 324/45/74 250/45/74 248/45/74
f 270/45/31 361/45/31 356/45/31 355/45/31 354/45/31 353/45/31 348/45/31 347/45/31 346/45/31 345/45/31 340/45/31 339/45/31 338/45/31 337/45/31 332/45/31 331/45/31 330/45/31 327/45/31 326/45/31 325/45/31 319/45/31 321/45/31 323/45/31 249/45/31 248/45/31 251/45/31 253/45/31 317/45/31 311/45/31 310/45/31 309/45/31 308/45/31 302/45/31 301/45/31 300/45/31 299/45/31 294/45/31 293/45/31 292/45/31 291/45/31 286/45/31 285/45/31 284/45/31 283/45/31 278/45/31 277/45/31 276/45/31 275/45/31
f 252/45/75 256/45/75 254/45/75 251/45/75
f 251/45/76 254/45/76 255/45/76 253/45/76
f 365/45/45 366/45/45 367/45/45 368/45/45 372/45/45 373/45/45 247/45/45 250/45/45 324/45/45 322/45/45 320/45/45 314/45/45 313/45/45 315/45/45 316/45/45 255/45/45 254/45/45 256/45/45 257/45/45 258/45/45 263/45/45 264/45/45 265/45/45 266/45/45 271/45/45 272/45/45 273/45/45 274/45/45 279/45/45 280/45/45 281/45/45 282/45/45 287/45/45 288/45/45 289/45/45 290/45/45 295/45/45 296/45/45 297/45/45 298/45/45 303/45/45 304/45/45 333/45/45 334/45/45 335/45/45 336/45/45 341/45/45 342/45/45 343/45/45 344/45/45 349/45/45 350/45/45 351/45/45 352/45/45 357/45/45 358/45/45 359/45/45 360/45/45
f 259/45/77 257/45/77 256/45/77 252/45/77
f 260/45/78 258/45/78 257/45/78 259/45/78
f 261/45/79 263/45/79 258/45/79 260/45/79
f 262/45/80 264/45/80 263/45/80 261/45/80
f 265/45/81 264/45/81 262/45/81 267/45/81
f 266/45/82 265/45/82 267/45/82 268/45/82
f 271/45/83 266/45/83 268/45/83 269/45/83
f 272/45/84 271/45/84 269/45/84 270/45/84
f 273/45/85 272/45/85 270/45/85 275/45/85
f 274/45/86 273/45/86 275/45/86 276/45/86
f 279/45/87 274/45/87 276/45/87 277/45/87
f 280/45/88 279/45/88 277/45/88 278/45/88
f 281/45/89 280/45/89 278/45/89 283/45/89
f 282/45/90 281/45/90 283/45/90 284/45/90
f 287/45/91 282/45/91 284/45/91 285/45/91
f 288/45/73 287/45/73 285/45/73 286/45/73
f 289/45/92 288/45/92 286/45/92 291/45/92
f 290/45/93 289/45/93 291/45/93 292/45/93
f 295/45/94 290/45/94 292/45/94 293/45/94
f 296/45/95 295/45/95 293/45/95 294/45/95
f 299/45/96 297/45/96 296/45/96 294/45/96
f 300/45/97 298/45/97 297/45/97 299/45/97
f 301/45/98 303/45/98 298/45/98 300/45/98
f 302/45/99 305/45/99 303/45/99 301/45/99
f 314/45/45 318/45/45 328/45/45 329/45/45 304/45/45 303/45/45 305/45/45 306/45/45 307/45/45 312/45/45 313/45/45
f 308/45/100 306/45/100 305/45/100 302/45/100
f 309/45/101 307/45/101 306/45/101 308/45/101
f 310/45/102 312/45/102 307/45/102 309/45/102
f 311/45/103 315/45/103 313/45/103 312/45/103 310/45/103
f 317/45/104 316/45/104 315/45/104 311/45/104
f 253/45/105 255/45/105 316/45/105 317/45/105
f 325/45/106 318/45/106 314/45/106 319/45/106
f 319/45/88 314/45/88 320/45/88 321/45/88
f 321/45/107 320/45/107 322/45/107 323/45/107
f 323/45/90 322/45/90 324/45/90 249/45/90
f 326/45/86 328/45/86 318/45/86 325/45/86
f 327/45/108 329/45/108 328/45/108 326/45/108
f 330/45/84 304/45/84 329/45/84 327/45/84
f 331/45/109 333/45/109 304/45/109 330/45/109
f 332/45/82 334/45/82 333/45/82 331/45/82
f 337/45/110 335/45/110 334/45/110 332/45/110
f 338/45/80 336/45/80 335/45/80 337/45/80
f 339/45/111 341/45/111 336/45/111 338/45/111
f 340/45/78 342/45/78 341/45/78 339/45/78
f 345/45/112 343/45/112 342/45/112 340/45/112
f 346/45/75 344/45/75 343/45/75 345/45/75
f 347/45/113 349/45/113 344/45/113 346/45/113
f 348/45/105 350/45/105 349/45/105 347/45/105
f 353/45/114 351/45/114 350/45/114 348/45/114
f 354/45/103 352/45/103 351/45/103 353/45/103
f 355/45/115 357/45/115 352/45/115 354/45/115
f 356/45/101 358/45/101 357/45/101 355/45/101
f 361/45/116 359/45/116 358/45/116 356/45/116
f 362/45/99 360/45/99 359/45/99 361/45/99
f 363/45/117 365/45/117 360/45/117 362/45/117
f 364/45/97 366/45/97 365/45/97 363/45/97
f 369/45/118 367/45/118 366/45/118 364/45/118
f 370/45/95 368/45/95 367/45/95 369/45/95
f 371/45/119 372/45/119 368/45/119 370/45/119
f 246/45/93 373/45/93 372/45/93 371/45/93
f 374/45/71 376/45/71 407/45/71 375/45/71
f 375/45/69 378/45/69 377/45/69 374/45/69
f 377/45/2 379/45/2 376/45/2 374/45/2
f 378/45/69 383/45/69 380/45/69 377/45/69
f 380/45/2 381/45/2 379/45/2 377/45/2
f 382/45/2 423/45/2 381/45/2 380/45/2
f 383/45/69 385/45/69 382/45/69 380/45/69
f 401/45/69 384/45/69 383/45/69 378/45/69
f 384/45/69 387/45/69 385/45/69 383/45/69
f 387/45/69 388/45/69 386/45/69 385/45/69
f 385/45/69 386/45/69 427/45/69 382/45/69
f 391/45/69 389/45/69 387/45/69 384/45/69
f 389/45/69 390/45/69 388/45/69 387/45/69
f 392/45/69 393/45/69 390/45/69 389/45/69
f 395/45/69 392/45/69 389/45/69 391/45/69
f 392/45/4 394/45/4 433/45/4 393/45/4
f 395/45/4 396/45/4 394/45/4 392/45/4
f 397/45/4 398/45/4 396/45/4 395/45/4
f 397/45/69 395/45/69 391/45/69 400/45/69
f 399/45/4 450/45/4 398/45/4 397/45/4
f 399/45/69 397/45/69 400/45/69 402/45/69
f 402/45/69 400/45/69 401/45/69 404/45/69
f 400/45/69 391/45/69 384/45/69 401/45/69
f 402/45/71 403/45/71 450/45/71 399/45/71
f 404/45/71 405/45/71 403/45/71 402/45/71
f 375/45/71 407/45/71 405/45/71 404/45/71
f 404/45/69 401/45/69 378/45/69 375/45/69
f 405/45/71 406/45/71 449/45/71 403/45/71
f 407/45/71 408/45/71 406/45/71 405/45/71
f 376/45/71 410/45/71 408/45/71 407/45/71
f 408/45/71 409/45/71 453/45/71 406/45/71
f 410/45/71 412/45/71 409/45/71 408/45/71
f 379/45/2 411/45/2 410/45/2 376/45/2
f 411/45/2 414/45/2 412/45/2 410/45/2
f 412/45/71 413/45/71 455/45/71 409/45/71
f 414/45/2 415/45/2 413/45/2 412/45/2
f 416/45/2 418/45/2 415/45/2 414/45/2
f 417/45/2 416/45/2 414/45/2 411/45/2
f 422/45/2 419/45/2 416/45/2 417/45/2
f 419/45/2 420/45/2 418/45/2 416/45/2
f 421/45/2 464/45/2 420/45/2 419/45/2
f 424/45/2 421/45/2 419/45/2 422/45/2
f 423/45/2 422/45/2 417/45/2 381/45/2
f 426/45/2 424/45/2 422/45/2 423/45/2
f 428/45/68 425/45/68 424/45/68 426/45/68
f 425/45/68 465/45/68 421/45/68 424/45/68
f 427/45/2 426/45/2 423/45/2 382/45/2
f 386/45/68 428/45/68 426/45/68 427/45/68
f 388/45/68 429/45/68 428/45/68 386/45/68
f 429/45/68 430/45/68 425/45/68 428/45/68
f 390/45/68 431/45/68 429/45/68 388/45/68
f 431/45/68 432/45/68 430/45/68 429/45/68
f 393/45/68 433/45/68 431/45/68 390/45/68
f 433/45/68 434/45/68 432/45/68 431/45/68
f 394/45/4 435/45/4 434/45/4 433/45/4
f 434/45/68 436/45/68 437/45/68 432/45/68
f 435/45/4 439/45/4 436/45/4 434/45/4
f 436/45/68 438/45/68 467/45/68 437/45/68
f 439/45/4 440/45/4 438/45/4 436/45/4
f 441/45/4 443/45/4 440/45/4 439/45/4
f 442/45/4 441/45/4 439/45/4 435/45/4
f 447/45/4 444/45/4 441/45/4 442/45/4
f 444/45/4 445/45/4 443/45/4 441/45/4
f 446/45/4 471/45/4 445/45/4 444/45/4
f 448/45/4 446/45/4 444/45/4 447/45/4
f 398/45/4 447/45/4 442/45/4 396/45/4
f 450/45/4 448/45/4 447/45/4 398/45/4
f 403/45/71 449/45/71 448/45/71 450/45/71
f 449/45/71 451/45/71 446/45/71 448/45/71
f 406/45/71 453/45/71 451/45/71 449/45/71
f 451/45/71 452/45/71 471/45/71 446/45/71
f 453/45/71 454/45/71 452/45/71 451/45/71
f 409/45/71 455/45/71 454/45/71 453/45/71
f 456/45/70 454/45/70 455/45/70 459/45/70
f 457/45/70 452/45/70 454/45/70 456/45/70
f 470/45/70 457/45/70 456/45/70 458/45/70
f 458/45/70 456/45/70 459/45/70 460/45/70
f 459/45/70 455/45/70 413/45/70 415/45/70
f 460/45/70 459/45/70 415/45/70 418/45/70
f 461/45/70 460/45/70 418/45/70 420/45/70
f 462/45/70 458/45/70 460/45/70 461/45/70
f 463/45/70 461/45/70 420/45/70 464/45/70
f 466/45/70 462/45/70 461/45/70 463/45/70
f 465/45/68 463/45/68 464/45/68 421/45/68
f 468/45/68 466/45/68 463/45/68 465/45/68
f 437/45/68 467/45/68 466/45/68 468/45/68
f 467/45/70 469/45/70 462/45/70 466/45/70
f 430/45/68 468/45/68 465/45/68 425/45/68
f 432/45/68 437/45/68 468/45/68 430/45/68
f 438/45/70 440/45/70 469/45/70 467/45/70
f 440/45/70 443/45/70 470/45/70 469/45/70
f 469/45/70 470/45/70 458/45/70 462/45/70
f 443/45/70 445/45/70 457/45/70 470/45/70
f 445/45/70 471/45/70 452/45/70 457/45/70
f 396/45/4 442/45/4 435/45/4 394/45/4
f 381/45/2 417/45/2 411/45/2 379/45/2
f 576/45/69 473/45/69 472/45/69 474/45/69 599/45/69 598/45/69 597/45/69 592/45/69 591/45/69 526/45/69 525/45/69 527/45/69 528/45/69 590/45/69 589/45/69 584/45/69 583/45/69 581/45/69 580/45/69 579/45/69
f 473/45/120 477/45/120 475/45/120 472/45/120
f 472/45/121 475/45/121 476/45/121 474/45/121
f 593/45/70 594/45/70 595/45/70 596/45/70 600/45/70 476/45/70 475/45/70 477/45/70 478/45/70 480/45/70 481/45/70 486/45/70 487/45/70 571/45/70 572/45/70 573/45/70 575/45/70 577/45/70 578/45/70 582/45/70 585/45/70 586/45/70 587/45/70 588/45/70 531/45/70 530/45/70 532/45/70 533/45/70 534/45/70 539/45/70 540/45/70 541/45/70 542/45/70 547/45/70 548/45/70 549/45/70 550/45/70 555/45/70 556/45/70 557/45/70 558/45/70 494/45/70 497/45/70 498/45/70 499/45/70 500/45/70 505/45/70 506/45/70 507/45/70 508/45/70 513/45/70 514/45/70 515/45/70 516/45/70 521/45/70 522/45/70 523/45/70 524/45/70
f 479/45/122 478/45/122 477/45/122 473/45/122
f 482/45/123 480/45/123 478/45/123 479/45/123
f 483/45/124 481/45/124 480/45/124 482/45/124
f 527/45/69 525/45/69 520/45/69 519/45/69 518/45/69 517/45/69 512/45/69 511/45/69 510/45/69 509/45/69 504/45/69 503/45/69 502/45/69 501/45/69 496/45/69 495/45/69 493/45/69 492/45/69 491/45/69 485/45/69 484/45/69 483/45/69 482/45/69 479/45/69 473/45/69 576/45/69 574/45/69 570/45/69 569/45/69 568/45/69 567/45/69 562/45/69 561/45/69 560/45/69 559/45/69 554/45/69 553/45/69 552/45/69 551/45/69 546/45/69 545/45/69 544/45/69 543/45/69 538/45/69 537/45/69 536/45/69 535/45/69 529/45/69
f 484/45/125 486/45/125 481/45/125 483/45/125
f 485/45/126 488/45/126 486/45/126 484/45/126
f 486/45/70 488/45/70 489/45/70 490/45/70 494/45/70 558/45/70 563/45/70 564/45/70 565/45/70 566/45/70 487/45/70
f 491/45/127 489/45/127 488/45/127 485/45/127
f 492/45/128 490/45/128 489/45/128 491/45/128
f 493/45/129 494/45/129 490/45/129 492/45/129
f 495/45/130 497/45/130 494/45/130 493/45/130
f 496/45/131 498/45/131 497/45/131 495/45/131
f 501/45/132 499/45/132 498/45/132 496/45/132
f 502/45/133 500/45/133 499/45/133 501/45/133
f 503/45/134 505/45/134 500/45/134 502/45/134
f 504/45/135 506/45/135 505/45/135 503/45/135
f 509/45/136 507/45/136 506/45/136 504/45/136
f 510/45/137 508/45/137 507/45/137 509/45/137
f 511/45/138 513/45/138 508/45/138 510/45/138
f 512/45/139 514/45/139 513/45/139 511/45/139
f 517/45/140 515/45/140 514/45/140 512/45/140
f 518/45/141 516/45/141 515/45/141 517/45/141
f 519/45/142 521/45/142 516/45/142 518/45/142
f 520/45/143 522/45/143 521/45/143 519/45/143
f 525/45/144 523/45/144 522/45/144 520/45/144
f 526/45/145 524/45/145 523/45/145 525/45/145
f 530/45/129 531/45/129 528/45/129 527/45/129
f 532/45/146 530/45/146 527/45/146 529/45/146
f 533/45/127 532/45/127 529/45/127 535/45/127
f 534/45/147 533/45/147 535/45/147 536/45/147
f 539/45/125 534/45/125 536/45/125 537/45/125
f 540/45/148 539/45/148 537/45/148 538/45/148
f 541/45/149 540/45/149 538/45/149 543/45/149
f 542/45/150 541/45/150 543/45/150 544/45/150
f 547/45/151 542/45/151 544/45/151 545/45/151
f 548/45/152 547/45/152 545/45/152 546/45/152
f 549/45/153 548/45/153 546/45/153 551/45/153
f 550/45/154 549/45/154 551/45/154 552/45/154
f 555/45/155 550/45/155 552/45/155 553/45/155
f 554/45/156 556/45/156 555/45/156 553/45/156
f 559/45/157 557/45/157 556/45/157 554/45/157
f 560/45/158 558/45/158 557/45/158 559/45/158
f 561/45/145 563/45/145 558/45/145 560/45/145
f 562/45/159 564/45/159 563/45/159 561/45/159
f 567/45/143 565/45/143 564/45/143 562/45/143
f 568/45/160 566/45/160 565/45/160 567/45/160
f 569/45/161 571/45/161 487/45/161 566/45/161 568/45/161
f 570/45/162 572/45/162 571/45/162 569/45/162
f 574/45/163 573/45/163 572/45/163 570/45/163
f 576/45/164 575/45/164 573/45/164 574/45/164
f 579/45/137 577/45/137 575/45/137 576/45/137
f 580/45/165 578/45/165 577/45/165 579/45/165
f 581/45/166 582/45/166 578/45/166 580/45/166
f 583/45/167 585/45/167 582/45/167 581/45/167
f 584/45/168 586/45/168 585/45/168 583/45/168
f 587/45/169 586/45/169 584/45/169 589/45/169
f 588/45/170 587/45/170 589/45/170 590/45/170
f 531/45/171 588/45/171 590/45/171 528/45/171
f 591/45/172 593/45/172 524/45/172 526/45/172
f 592/45/173 594/45/173 593/45/173 591/45/173
f 597/45/174 595/45/174 594/45/174 592/45/174
f 598/45/175 596/45/175 595/45/175 597/45/175
f 599/45/176 600/45/176 596/45/176 598/45/176
f 474/45/177 476/45/177 600/45/177 599/45/177
f 686/45/69 602/45/69 601/45/69 603/45/69 666/45/69 665/45/69 660/45/69 659/45/69 658/45/69 657/45/69 652/45/69 667/45/69 670/45/69 671/45/69 676/45/69 677/45/69 678/45/69 679/45/69 684/45/69 685/45/69
f 602/45/120 606/45/120 604/45/120 601/45/120
f 601/45/121 604/45/121 605/45/121 603/45/121
f 656/45/70 661/45/70 662/45/70 663/45/70 664/45/70 605/45/70 604/45/70 606/45/70 607/45/70 609/45/70 610/45/70 615/45/70 616/45/70 691/45/70 690/45/70 689/45/70 688/45/70 683/45/70 682/45/70 681/45/70 680/45/70 675/45/70 674/45/70 673/45/70 672/45/70 669/45/70 729/45/70 726/45/70 725/45/70 724/45/70 723/45/70 718/45/70 717/45/70 716/45/70 715/45/70 710/45/70 709/45/70 708/45/70 707/45/70 704/45/70 623/45/70 622/45/70 624/45/70 629/45/70 630/45/70 631/45/70 632/45/70 637/45/70 638/45/70 639/45/70 640/45/70 645/45/70 646/45/70 647/45/70 648/45/70 653/45/70 654/45/70 655/45/70
f 608/45/122 607/45/122 606/45/122 602/45/122
f 611/45/123 609/45/123 607/45/123 608/45/123
f 612/45/124 610/45/124 609/45/124 611/45/124
f 667/45/69 652/45/69 651/45/69 650/45/69 649/45/69 644/45/69 643/45/69 642/45/69 641/45/69 636/45/69 635/45/69 634/45/69 633/45/69 628/45/69 627/45/69 626/45/69 625/45/69 621/45/69 619/45/69 614/45/69 613/45/69 612/45/69 611/45/69 608/45/69 602/45/69 686/45/69 687/45/69 692/45/69 693/45/69 694/45/69 696/45/69 698/45/69 699/45/69 702/45/69 703/45/69 705/45/69 706/45/69 711/45/69 712/45/69 713/45/69 714/45/69 719/45/69 720/45/69 721/45/69 722/45/69 727/45/69 728/45/69 668/45/69
f 613/45/125 615/45/125 610/45/125 612/45/125
f 614/45/126 617/45/126 615/45/126 613/45/126
f 615/45/70 617/45/70 618/45/70 620/45/70 622/45/70 623/45/70 701/45/70 700/45/70 697/45/70 695/45/70 616/45/70
f 619/45/127 618/45/127 617/45/127 614/45/127
f 621/45/178 620/45/178 618/45/178 619/45/178
f 625/45/129 622/45/129 620/45/129 621/45/129
f 626/45/130 624/45/130 622/45/130 625/45/130
f 627/45/131 629/45/131 624/45/131 626/45/131
f 628/45/132 630/45/132 629/45/132 627/45/132
f 633/45/133 631/45/133 630/45/133 628/45/133
f 634/45/134 632/45/134 631/45/134 633/45/134
f 635/45/135 637/45/135 632/45/135 634/45/135
f 636/45/136 638/45/136 637/45/136 635/45/136
f 641/45/137 639/45/137 638/45/137 636/45/137
f 642/45/138 640/45/138 639/45/138 641/45/138
f 643/45/139 645/45/139 640/45/139 642/45/139
f 644/45/179 646/45/179 645/45/179 643/45/179
f 649/45/141 647/45/141 646/45/141 644/45/141
f 650/45/142 648/45/142 647/45/142 649/45/142
f 651/45/143 653/45/143 648/45/143 650/45/143
f 652/45/144 654/45/144 653/45/144 651/45/144
f 657/45/145 655/45/145 654/45/145 652/45/145
f 658/45/172 656/45/172 655/45/172 657/45/172
f 659/45/173 661/45/173 656/45/173 658/45/173
f 660/45/174 662/45/174 661/45/174 659/45/174
f 665/45/175 663/45/175 662/45/175 660/45/175
f 666/45/176 664/45/176 663/45/176 665/45/176
f 603/45/177 605/45/177 664/45/177 666/45/177
f 729/45/146 669/45/146 667/45/146 668/45/146
f 669/45/129 672/45/129 670/45/129 667/45/129
f 672/45/171 673/45/171 671/45/171 670/45/171
f 673/45/170 674/45/170 676/45/170 671/45/170
f 674/45/169 675/45/169 677/45/169 676/45/169
f 677/45/168 675/45/168 680/45/168 678/45/168
f 678/45/167 680/45/167 681/45/167 679/45/167
f 679/45/166 681/45/166 682/45/166 684/45/166
f 684/45/180 682/45/180 683/45/180 685/45/180
f 685/45/181 683/45/181 688/45/181 686/45/181
f 686/45/164 688/45/164 689/45/164 687/45/164
f 687/45/163 689/45/163 690/45/163 692/45/163
f 692/45/162 690/45/162 691/45/162 693/45/162
f 693/45/161 691/45/161 616/45/161 695/45/161 694/45/161
f 694/45/160 695/45/160 697/45/160 696/45/160
f 696/45/143 697/45/143 700/45/143 698/45/143
f 698/45/159 700/45/159 701/45/159 699/45/159
f 699/45/145 701/45/145 623/45/145 702/45/145
f 702/45/158 623/45/158 704/45/158 703/45/158
f 703/45/157 704/45/157 707/45/157 705/45/157
f 705/45/156 707/45/156 708/45/156 706/45/156
f 708/45/155 709/45/155 711/45/155 706/45/155
f 709/45/154 710/45/154 712/45/154 711/45/154
f 710/45/153 715/45/153 713/45/153 712/45/153
f 715/45/182 716/45/182 714/45/182 713/45/182
f 716/45/120 717/45/120 719/45/120 714/45/120
f 717/45/150 718/45/150 720/45/150 719/45/150
f 718/45/149 723/45/149 721/45/149 720/45/149
f 723/45/148 724/45/148 722/45/148 721/45/148
f 724/45/125 725/45/125 727/45/125 722/45/125
f 725/45/147 726/45/147 728/45/147 727/45/147
f 726/45/127 729/45/127 668/45/127 728/45/127
f 730/45/69 732/45/69 767/45/69 731/45/69
f 731/45/68 734/45/68 733/45/68 730/45/68
f 733/45/2 735/45/2 732/45/2 730/45/2
f 734/45/68 739/45/68 736/45/68 733/45/68
f 736/45/2 737/45/2 735/45/2 733/45/2
f 738/45/2 813/45/2 737/45/2 736/45/2
f 739/45/68 741/45/68 738/45/68 736/45/68
f 761/45/68 740/45/68 739/45/68 734/45/68
f 740/45/68 742/45/68 741/45/68 739/45/68
f 741/45/68 743/45/68 744/45/68 738/45/68
f 742/45/68 746/45/68 743/45/68 741/45/68
f 743/45/70 745/45/70 815/45/70 744/45/70
f 746/45/70 747/45/70 745/45/70 743/45/70
f 748/45/70 749/45/70 747/45/70 746/45/70
f 751/45/68 748/45/68 746/45/68 742/45/68
f 750/45/70 796/45/70 749/45/70 748/45/70
f 753/45/68 750/45/68 748/45/68 751/45/68
f 752/45/68 751/45/68 742/45/68 740/45/68
f 755/45/68 753/45/68 751/45/68 752/45/68
f 753/45/4 754/45/4 796/45/4 750/45/4
f 755/45/4 756/45/4 754/45/4 753/45/4
f 757/45/4 758/45/4 756/45/4 755/45/4
f 757/45/68 755/45/68 752/45/68 760/45/68
f 759/45/4 825/45/4 758/45/4 757/45/4
f 759/45/68 757/45/68 760/45/68 762/45/68
f 762/45/68 760/45/68 761/45/68 764/45/68
f 760/45/68 752/45/68 740/45/68 761/45/68
f 762/45/69 763/45/69 825/45/69 759/45/69
f 764/45/69 765/45/69 763/45/69 762/45/69
f 731/45/69 767/45/69 765/45/69 764/45/69
f 764/45/68 761/45/68 734/45/68 731/45/68
f 765/45/69 766/45/69 826/45/69 763/45/69
f 767/45/69 768/45/69 766/45/69 765/45/69
f 732/45/69 769/45/69 768/45/69 767/45/69
f 769/45/69 772/45/69 770/45/69 768/45/69
f 768/45/69 770/45/69 771/45/69 766/45/69
f 770/45/69 773/45/69 774/45/69 771/45/69
f 772/45/69 775/45/69 773/45/69 770/45/69
f 779/45/71 774/45/71 773/45/71 776/45/71
f 776/45/71 773/45/71 775/45/71 777/45/71
f 778/45/71 776/45/71 777/45/71 806/45/71
f 781/45/71 779/45/71 776/45/71 778/45/71
f 780/45/71 827/45/71 774/45/71 779/45/71
f 783/45/71 780/45/71 779/45/71 781/45/71
f 785/45/71 783/45/71 781/45/71 782/45/71
f 782/45/71 781/45/71 778/45/71 804/45/71
f 784/45/71 820/45/71 780/45/71 783/45/71
f 786/45/71 784/45/71 783/45/71 785/45/71
f 787/45/71 785/45/71 782/45/71 788/45/71
f 790/45/71 786/45/71 785/45/71 787/45/71
f 789/45/70 787/45/70 788/45/70 799/45/70
f 791/45/70 790/45/70 787/45/70 789/45/70
f 792/45/4 786/45/4 790/45/4 791/45/4
f 794/45/4 792/45/4 791/45/4 793/45/4
f 793/45/70 791/45/70 789/45/70 795/45/70
f 754/45/4 794/45/4 793/45/4 796/45/4
f 796/45/70 793/45/70 795/45/70 749/45/70
f 749/45/70 795/45/70 797/45/70 747/45/70
f 795/45/70 789/45/70 799/45/70 797/45/70
f 747/45/70 797/45/70 798/45/70 745/45/70
f 797/45/70 799/45/70 800/45/70 798/45/70
f 799/45/70 788/45/70 802/45/70 800/45/70
f 800/45/70 802/45/70 803/45/70 801/45/70
f 798/45/70 800/45/70 801/45/70 814/45/70
f 802/45/71 804/45/71 805/45/71 803/45/71
f 788/45/71 782/45/71 804/45/71 802/45/71
f 804/45/71 778/45/71 806/45/71 805/45/71
f 807/45/2 805/45/2 806/45/2 809/45/2
f 801/45/2 803/45/2 805/45/2 807/45/2
f 808/45/2 807/45/2 809/45/2 811/45/2
f 814/45/2 801/45/2 807/45/2 808/45/2
f 809/45/2 806/45/2 777/45/2 810/45/2
f 811/45/2 809/45/2 810/45/2 812/45/2
f 737/45/2 811/45/2 812/45/2 735/45/2
f 813/45/2 808/45/2 811/45/2 737/45/2
f 735/45/2 812/45/2 769/45/2 732/45/2
f 812/45/2 810/45/2 772/45/2 769/45/2
f 810/45/2 777/45/2 775/45/2 772/45/2
f 815/45/2 814/45/2 808/45/2 813/45/2
f 745/45/70 798/45/70 814/45/70 815/45/70
f 744/45/2 815/45/2 813/45/2 738/45/2
f 756/45/4 816/45/4 794/45/4 754/45/4
f 816/45/4 818/45/4 792/45/4 794/45/4
f 758/45/4 817/45/4 816/45/4 756/45/4
f 817/45/4 819/45/4 818/45/4 816/45/4
f 818/45/4 784/45/4 786/45/4 792/45/4
f 819/45/4 820/45/4 784/45/4 818/45/4
f 824/45/4 821/45/4 819/45/4 817/45/4
f 821/45/4 822/45/4 820/45/4 819/45/4
f 823/45/69 827/45/69 822/45/69 821/45/69
f 826/45/69 823/45/69 821/45/69 824/45/69
f 825/45/4 824/45/4 817/45/4 758/45/4
f 763/45/69 826/45/69 824/45/69 825/45/69
f 766/45/69 771/45/69 823/45/69 826/45/69
f 771/45/69 774/45/69 827/45/69 823/45/69
f 820/45/71 822/45/71 827/45/71 780/45/71
s 0
f 832/45/183 828/45/183 829/45/183 834/45/183
f 828/45/184 830/45/184 1398/45/184 829/45/184
f 831/45/185 1399/45/185 830/45/185 828/45/185
f 835/45/186 831/45/186 828/45/186 832/45/186
f 837/45/187 835/45/187 832/45/187 833/45/187
f 833/45/188 832/45/188 834/45/188 847/45/188
f 836/45/189 1402/45/189 831/45/189 835/45/189
f 838/45/190 836/45/190 835/45/190 837/45/190
f 840/45/191 838/45/191 837/45/191 839/45/191
f 839/45/192 837/45/192 833/45/192 842/45/192
f 882/45/193 840/45/193 839/45/193 841/45/193
f 841/45/194 839/45/194 842/45/194 843/45/194
f 843/45/195 842/45/195 844/45/195 845/45/195
f 842/45/196 833/45/196 847/45/196 844/45/196
f 845/45/197 844/45/197 846/45/197 894/45/197
f 844/45/198 847/45/198 848/45/198 846/45/198
f 847/45/199 834/45/199 850/45/199 848/45/199
f 846/45/200 848/45/200 849/45/200 897/45/200
f 848/45/201 850/45/201 851/45/201 849/45/201
f 834/45/202 829/45/202 852/45/202 850/45/202
f 850/45/203 852/45/203 854/45/203 851/45/203
f 829/45/204 1398/45/204 853/45/204 852/45/204
f 852/45/205 853/45/205 855/45/205 854/45/205
f 854/45/206 855/45/206 857/45/206 856/45/206
f 851/45/207 854/45/207 856/45/207 859/45/207
f 856/45/208 857/45/208 1403/45/208 858/45/208
f 859/45/209 856/45/209 858/45/209 861/45/209
f 849/45/210 851/45/210 859/45/210 860/45/210
f 860/45/211 859/45/211 861/45/211 862/45/211
f 862/45/212 861/45/212 863/45/212 864/45/212
f 861/45/213 858/45/213 866/45/213 863/45/213
f 864/45/214 863/45/214 865/45/214 905/45/214
f 863/45/215 866/45/215 868/45/215 865/45/215
f 858/45/216 1403/45/216 867/45/216 866/45/216
f 866/45/217 867/45/217 869/45/217 868/45/217
f 868/45/218 869/45/218 871/45/218 870/45/218
f 865/45/219 868/45/219 870/45/219 873/45/219
f 870/45/220 871/45/220 1401/45/220 872/45/220
f 873/45/221 870/45/221 872/45/221 875/45/221
f 905/45/222 865/45/222 873/45/222 874/45/222
f 874/45/223 873/45/223 875/45/223 876/45/223
f 876/45/224 875/45/224 836/45/224 838/45/224
f 875/45/225 872/45/225 1402/45/225 836/45/225
f 878/45/226 874/45/226 876/45/226 877/45/226
f 877/45/227 876/45/227 838/45/227 840/45/227
f 880/45/228 878/45/228 877/45/228 879/45/228
f 879/45/229 877/45/229 840/45/229 882/45/229
f 909/45/230 880/45/230 879/45/230 881/45/230
f 881/45/231 879/45/231 882/45/231 883/45/231
f 883/45/232 882/45/232 841/45/232 885/45/232
f 912/45/233 881/45/233 883/45/233 884/45/233
f 884/45/234 883/45/234 885/45/234 886/45/234
f 886/45/235 885/45/235 887/45/235 888/45/235
f 885/45/236 841/45/236 843/45/236 887/45/236
f 888/45/237 887/45/237 889/45/237 890/45/237
f 887/45/238 843/45/238 845/45/238 889/45/238
f 890/45/239 889/45/239 891/45/239 892/45/239
f 889/45/240 845/45/240 894/45/240 891/45/240
f 892/45/241 891/45/241 893/45/241 928/45/241
f 891/45/242 894/45/242 895/45/242 893/45/242
f 894/45/243 846/45/243 897/45/243 895/45/243
f 893/45/244 895/45/244 896/45/244 931/45/244
f 895/45/245 897/45/245 898/45/245 896/45/245
f 897/45/246 849/45/246 860/45/246 898/45/246
f 896/45/247 898/45/247 899/45/247 900/45/247
f 898/45/248 860/45/248 862/45/248 899/45/248
f 900/45/249 899/45/249 901/45/249 902/45/249
f 899/45/250 862/45/250 864/45/250 901/45/250
f 902/45/251 901/45/251 903/45/251 904/45/251
f 901/45/252 864/45/252 905/45/252 903/45/252
f 904/45/253 903/45/253 878/45/253 880/45/253
f 903/45/254 905/45/254 874/45/254 878/45/254
f 907/45/255 902/45/255 904/45/255 906/45/255
f 906/45/256 904/45/256 880/45/256 909/45/256
f 934/45/257 907/45/257 906/45/257 908/45/257
f 908/45/258 906/45/258 909/45/258 910/45/258
f 910/45/259 909/45/259 881/45/259 912/45/259
f 937/45/260 908/45/260 910/45/260 911/45/260
f 911/45/261 910/45/261 912/45/261 913/45/261
f 913/45/262 912/45/262 884/45/262 915/45/262
f 940/45/263 911/45/263 913/45/263 914/45/263
f 914/45/264 913/45/264 915/45/264 916/45/264
f 916/45/265 915/45/265 917/45/265 918/45/265
f 915/45/266 884/45/266 886/45/266 917/45/266
f 918/45/267 917/45/267 919/45/267 920/45/267
f 917/45/268 886/45/268 888/45/268 919/45/268
f 920/45/269 919/45/269 921/45/269 922/45/269
f 919/45/270 888/45/270 890/45/270 921/45/270
f 922/45/271 921/45/271 923/45/271 924/45/271
f 921/45/272 890/45/272 892/45/272 923/45/272
f 924/45/273 923/45/273 925/45/273 926/45/273
f 923/45/274 892/45/274 928/45/274 925/45/274
f 926/45/275 925/45/275 927/45/275 960/45/275
f 925/45/276 928/45/276 929/45/276 927/45/276
f 928/45/277 893/45/277 931/45/277 929/45/277
f 927/45/278 929/45/278 930/45/278 933/45/278
f 929/45/279 931/45/279 932/45/279 930/45/279
f 931/45/280 896/45/280 900/45/280 932/45/280
f 930/45/281 932/45/281 907/45/281 934/45/281
f 932/45/282 900/45/282 902/45/282 907/45/282
f 933/45/283 930/45/283 934/45/283 935/45/283
f 935/45/284 934/45/284 908/45/284 937/45/284
f 961/45/285 933/45/285 935/45/285 936/45/285
f 936/45/286 935/45/286 937/45/286 938/45/286
f 938/45/287 937/45/287 911/45/287 940/45/287
f 963/45/288 936/45/288 938/45/288 939/45/288
f 939/45/289 938/45/289 940/45/289 941/45/289
f 941/45/290 940/45/290 914/45/290 943/45/290
f 966/45/291 939/45/291 941/45/291 942/45/291
f 942/45/292 941/45/292 943/45/292 944/45/292
f 944/45/293 943/45/293 945/45/293 946/45/293
f 943/45/294 914/45/294 916/45/294 945/45/294
f 946/45/295 945/45/295 947/45/295 948/45/295
f 945/45/296 916/45/296 918/45/296 947/45/296
f 948/45/297 947/45/297 949/45/297 950/45/297
f 947/45/298 918/45/298 920/45/298 949/45/298
f 950/45/299 949/45/299 951/45/299 952/45/299
f 949/45/300 920/45/300 922/45/300 951/45/300
f 952/45/301 951/45/301 953/45/301 954/45/301
f 951/45/302 922/45/302 924/45/302 953/45/302
f 954/45/303 953/45/303 955/45/303 956/45/303
f 953/45/304 924/45/304 926/45/304 955/45/304
f 956/45/305 955/45/305 957/45/305 958/45/305
f 955/45/306 926/45/306 960/45/306 957/45/306
f 958/45/307 957/45/307 959/45/307 962/45/307
f 957/45/308 960/45/308 961/45/308 959/45/308
f 960/45/309 927/45/309 933/45/309 961/45/309
f 959/45/310 961/45/310 936/45/310 963/45/310
f 962/45/311 959/45/311 963/45/311 964/45/311
f 964/45/312 963/45/312 939/45/312 966/45/312
f 987/45/313 962/45/313 964/45/313 965/45/313
f 965/45/314 964/45/314 966/45/314 967/45/314
f 967/45/315 966/45/315 942/45/315 969/45/315
f 990/45/316 965/45/316 967/45/316 968/45/316
f 968/45/317 967/45/317 969/45/317 970/45/317
f 970/45/318 969/45/318 971/45/318 972/45/318
f 969/45/319 942/45/319 944/45/319 971/45/319
f 972/45/320 971/45/320 973/45/320 974/45/320
f 971/45/321 944/45/321 946/45/321 973/45/321
f 974/45/322 973/45/322 975/45/322 976/45/322
f 973/45/323 946/45/323 948/45/323 975/45/323
f 976/45/324 975/45/324 977/45/324 978/45/324
f 975/45/325 948/45/325 950/45/325 977/45/325
f 978/45/326 977/45/326 979/45/326 980/45/326
f 977/45/327 950/45/327 952/45/327 979/45/327
f 980/45/328 979/45/328 981/45/328 982/45/328
f 979/45/329 952/45/329 954/45/329 981/45/329
f 982/45/330 981/45/330 983/45/330 984/45/330
f 981/45/331 954/45/331 956/45/331 983/45/331
f 984/45/332 983/45/332 985/45/332 986/45/332
f 983/45/333 956/45/333 958/45/333 985/45/333
f 986/45/334 985/45/334 987/45/334 988/45/334
f 985/45/335 958/45/335 962/45/335 987/45/335
f 988/45/336 987/45/336 965/45/336 990/45/336
f 1011/45/337 986/45/337 988/45/337 989/45/337
f 989/45/338 988/45/338 990/45/338 991/45/338
f 991/45/339 990/45/339 968/45/339 993/45/339
f 1014/45/340 989/45/340 991/45/340 992/45/340
f 992/45/341 991/45/341 993/45/341 994/45/341
f 994/45/342 993/45/342 995/45/342 996/45/342
f 993/45/343 968/45/343 970/45/343 995/45/343
f 996/45/344 995/45/344 997/45/344 998/45/344
f 995/45/345 970/45/345 972/45/345 997/45/345
f 998/45/346 997/45/346 999/45/346 1000/45/346
f 997/45/347 972/45/347 974/45/347 999/45/347
f 1000/45/348 999/45/348 1001/45/348 1002/45/348
f 999/45/349 974/45/349 976/45/349 1001/45/349
f 1002/45/350 1001/45/350 1003/45/350 1004/45/350
f 1001/45/351 976/45/351 978/45/351 1003/45/351
f 1004/45/352 1003/45/352 1005/45/352 1006/45/352
f 1003/45/353 978/45/353 980/45/353 1005/45/353
f 1006/45/354 1005/45/354 1007/45/354 1008/45/354
f 1005/45/355 980/45/355 982/45/355 1007/45/355
f 1008/45/356 1007/45/356 1009/45/356 1010/45/356
f 1007/45/357 982/45/357 984/45/357 1009/45/357
f 1010/45/358 1009/45/358 1011/45/358 1012/45/358
f 1009/45/359 984/45/359 986/45/359 1011/45/359
f 1012/45/360 1011/45/360 989/45/360 1014/45/360
f 1035/45/361 1010/45/361 1012/45/361 1013/45/361
f 1013/45/362 1012/45/362 1014/45/362 1015/45/362
f 1015/45/363 1014/45/363 992/45/363 1017/45/363
f 1038/45/364 1013/45/364 1015/45/364 1016/45/364
f 1016/45/365 1015/45/365 1017/45/365 1018/45/365
f 1018/45/366 1017/45/366 1019/45/366 1020/45/366
f 1017/45/367 992/45/367 994/45/367 1019/45/367
f 1020/45/368 1019/45/368 1021/45/368 1022/45/368
f 1019/45/369 994/45/369 996/45/369 1021/45/369
f 1022/45/370 1021/45/370 1023/45/370 1024/45/370
f 1021/45/371 996/45/371 998/45/371 1023/45/371
f 1024/45/372 1023/45/372 1025/45/372 1026/45/372
f 1023/45/373 998/45/373 1000/45/373 1025/45/373
f 1026/45/374 1025/45/374 1027/45/374 1028/45/374
f 1025/45/375 1000/45/375 1002/45/375 1027/45/375
f 1028/45/376 1027/45/376 1029/45/376 1030/45/376
f 1027/45/377 1002/45/377 1004/45/377 1029/45/377
f 1030/45/378 1029/45/378 1031/45/378 1032/45/378
f 1029/45/379 1004/45/379 1006/45/379 1031/45/379
f 1032/45/380 1031/45/380 1033/45/380 1034/45/380
f 1031/45/381 1006/45/381 1008/45/381 1033/45/381
f 1034/45/382 1033/45/382 1035/45/382 1036/45/382
f 1033/45/383 1008/45/383 1010/45/383 1035/45/383
f 1036/45/384 1035/45/384 1013/45/384 1038/45/384
f 1059/45/385 1034/45/385 1036/45/385 1037/45/385
f 1037/45/386 1036/45/386 1038/45/386 1039/45/386
f 1039/45/387 1038/45/387 1016/45/387 1041/45/387
f 1062/45/388 1037/45/388 1039/45/388 1040/45/388
f 1040/45/389 1039/45/389 1041/45/389 1042/45/389
f 1042/45/390 1041/45/390 1043/45/390 1044/45/390
f 1041/45/391 1016/45/391 1018/45/391 1043/45/391
f 1044/45/392 1043/45/392 1045/45/392 1046/45/392
f 1043/45/393 1018/45/393 1020/45/393 1045/45/393
f 1046/45/394 1045/45/394 1047/45/394 1048/45/394
f 1045/45/395 1020/45/395 1022/45/395 1047/45/395
f 1048/45/396 1047/45/396 1049/45/396 1050/45/396
f 1047/45/397 1022/45/397 1024/45/397 1049/45/397
f 1050/45/398 1049/45/398 1051/45/398 1052/45/398
f 1049/45/399 1024/45/399 1026/45/399 1051/45/399
f 1052/45/400 1051/45/400 1053/45/400 1054/45/400
f 1051/45/401 1026/45/401 1028/45/401 1053/45/401
f 1054/45/402 1053/45/402 1055/45/402 1056/45/402
f 1053/45/403 1028/45/403 1030/45/403 1055/45/403
f 1056/45/404 1055/45/404 1057/45/404 1058/45/404
f 1055/45/405 1030/45/405 1032/45/405 1057/45/405
f 1058/45/406 1057/45/406 1059/45/406 1060/45/406
f 1057/45/407 1032/45/407 1034/45/407 1059/45/407
f 1060/45/408 1059/45/408 1037/45/408 1062/45/408
f 1083/45/409 1058/45/409 1060/45/409 1061/45/409
f 1061/45/410 1060/45/410 1062/45/410 1063/45/410
f 1063/45/411 1062/45/411 1040/45/411 1065/45/411
f 1086/45/412 1061/45/412 1063/45/412 1064/45/412
f 1064/45/413 1063/45/413 1065/45/413 1066/45/413
f 1066/45/414 1065/45/414 1067/45/414 1068/45/414
f 1065/45/415 1040/45/415 1042/45/415 1067/45/415
f 1068/45/416 1067/45/416 1069/45/416 1070/45/416
f 1067/45/417 1042/45/417 1044/45/417 1069/45/417
f 1070/45/418 1069/45/418 1071/45/418 1072/45/418
f 1069/45/419 1044/45/419 1046/45/419 1071/45/419
f 1072/45/420 1071/45/420 1073/45/420 1074/45/420
f 1071/45/421 1046/45/421 1048/45/421 1073/45/421
f 1074/45/422 1073/45/422 1075/45/422 1076/45/422
f 1073/45/423 1048/45/423 1050/45/423 1075/45/423
f 1076/45/424 1075/45/424 1077/45/424 1078/45/424
f 1075/45/425 1050/45/425 1052/45/425 1077/45/425
f 1078/45/426 1077/45/426 1079/45/426 1080/45/426
f 1077/45/427 1052/45/427 1054/45/427 1079/45/427
f 1080/45/428 1079/45/428 1081/45/428 1082/45/428
f 1079/45/429 1054/45/429 1056/45/429 1081/45/429
f 1082/45/430 1081/45/430 1083/45/430 1084/45/430
f 1081/45/431 1056/45/431 1058/45/431 1083/45/431
f 1084/45/432 1083/45/432 1061/45/432 1086/45/432
f 1107/45/433 1082/45/433 1084/45/433 1085/45/433
f 1085/45/434 1084/45/434 1086/45/434 1087/45/434
f 1087/45/435 1086/45/435 1064/45/435 1089/45/435
f 1110/45/436 1085/45/436 1087/45/436 1088/45/436
f 1088/45/437 1087/45/437 1089/45/437 1090/45/437
f 1090/45/438 1089/45/438 1091/45/438 1092/45/438
f 1089/45/439 1064/45/439 1066/45/439 1091/45/439
f 1092/45/440 1091/45/440 1093/45/440 1094/45/440
f 1091/45/441 1066/45/441 1068/45/441 1093/45/441
f 1094/45/442 1093/45/442 1095/45/442 1096/45/442
f 1093/45/443 1068/45/443 1070/45/443 1095/45/443
f 1096/45/444 1095/45/444 1097/45/444 1098/45/444
f 1095/45/445 1070/45/445 1072/45/445 1097/45/445
f 1098/45/446 1097/45/446 1099/45/446 1100/45/446
f 1097/45/447 1072/45/447 1074/45/447 1099/45/447
f 1100/45/448 1099/45/448 1101/45/448 1102/45/448
f 1099/45/449 1074/45/449 1076/45/449 1101/45/449
f 1102/45/450 1101/45/450 1103/45/450 1104/45/450
f 1101/45/451 1076/45/451 1078/45/451 1103/45/451
f 1104/45/452 1103/45/452 1105/45/452 1106/45/452
f 1103/45/453 1078/45/453 1080/45/453 1105/45/453
f 1106/45/454 1105/45/454 1107/45/454 1108/45/454
f 1105/45/455 1080/45/455 1082/45/455 1107/45/455
f 1108/45/456 1107/45/456 1085/45/456 1110/45/456
f 1131/45/457 1106/45/457 1108/45/457 1109/45/457
f 1109/45/458 1108/45/458 1110/45/458 1111/45/458
f 1111/45/459 1110/45/459 1088/45/459 1113/45/459
f 1134/45/216 1109/45/216 1111/45/216 1112/45/216
f 1112/45/208 1111/45/208 1113/45/208 1114/45/208
f 1114/45/206 1113/45/206 1115/45/206 1116/45/206
f 1113/45/460 1088/45/460 1090/45/460 1115/45/460
f 1116/45/205 1115/45/205 1117/45/205 1118/45/205
f 1115/45/461 1090/45/461 1092/45/461 1117/45/461
f 1118/45/204 1117/45/204 1119/45/204 1120/45/204
f 1117/45/462 1092/45/462 1094/45/462 1119/45/462
f 1120/45/184 1119/45/184 1121/45/184 1122/45/184
f 1119/45/463 1094/45/463 1096/45/463 1121/45/463
f 1122/45/185 1121/45/185 1123/45/185 1124/45/185
f 1121/45/464 1096/45/464 1098/45/464 1123/45/464
f 1124/45/465 1123/45/465 1125/45/465 1126/45/465
f 1123/45/466 1098/45/466 1100/45/466 1125/45/466
f 1126/45/467 1125/45/467 1127/45/467 1128/45/467
f 1125/45/468 1100/45/468 1102/45/468 1127/45/468
f 1128/45/220 1127/45/220 1129/45/220 1130/45/220
f 1127/45/469 1102/45/469 1104/45/469 1129/45/469
f 1130/45/218 1129/45/218 1131/45/218 1132/45/218
f 1129/45/470 1104/45/470 1106/45/470 1131/45/470
f 1132/45/217 1131/45/217 1109/45/217 1134/45/217
f 1155/45/219 1130/45/219 1132/45/219 1133/45/219
f 1133/45/215 1132/45/215 1134/45/215 1135/45/215
f 1135/45/213 1134/45/213 1112/45/213 1137/45/213
f 1158/45/214 1133/45/214 1135/45/214 1136/45/214
f 1136/45/212 1135/45/212 1137/45/212 1138/45/212
f 1138/45/211 1137/45/211 1139/45/211 1140/45/211
f 1137/45/209 1112/45/209 1114/45/209 1139/45/209
f 1140/45/210 1139/45/210 1141/45/210 1142/45/210
f 1139/45/207 1114/45/207 1116/45/207 1141/45/207
f 1142/45/201 1141/45/201 1143/45/201 1144/45/201
f 1141/45/203 1116/45/203 1118/45/203 1143/45/203
f 1144/45/199 1143/45/199 1145/45/199 1146/45/199
f 1143/45/202 1118/45/202 1120/45/202 1145/45/202
f 1146/45/188 1145/45/188 1147/45/188 1148/45/188
f 1145/45/183 1120/45/183 1122/45/183 1147/45/183
f 1148/45/187 1147/45/187 1149/45/187 1150/45/187
f 1147/45/186 1122/45/186 1124/45/186 1149/45/186
f 1150/45/190 1149/45/190 1151/45/190 1152/45/190
f 1149/45/189 1124/45/189 1126/45/189 1151/45/189
f 1152/45/224 1151/45/224 1153/45/224 1154/45/224
f 1151/45/225 1126/45/225 1128/45/225 1153/45/225
f 1154/45/223 1153/45/223 1155/45/223 1156/45/223
f 1153/45/221 1128/45/221 1130/45/221 1155/45/221
f 1156/45/222 1155/45/222 1133/45/222 1158/45/222
f 1179/45/226 1154/45/226 1156/45/226 1157/45/226
f 1157/45/254 1156/45/254 1158/45/254 1159/45/254
f 1159/45/252 1158/45/252 1136/45/252 1161/45/252
f 1182/45/253 1157/45/253 1159/45/253 1160/45/253
f 1160/45/251 1159/45/251 1161/45/251 1162/45/251
f 1162/45/249 1161/45/249 1163/45/249 1164/45/249
f 1161/45/250 1136/45/250 1138/45/250 1163/45/250
f 1164/45/247 1163/45/247 1165/45/247 1166/45/247
f 1163/45/248 1138/45/248 1140/45/248 1165/45/248
f 1166/45/245 1165/45/245 1167/45/245 1168/45/245
f 1165/45/246 1140/45/246 1142/45/246 1167/45/246
f 1168/45/243 1167/45/243 1169/45/243 1170/45/243
f 1167/45/200 1142/45/200 1144/45/200 1169/45/200
f 1170/45/197 1169/45/197 1171/45/197 1172/45/197
f 1169/45/198 1144/45/198 1146/45/198 1171/45/198
f 1172/45/195 1171/45/195 1173/45/195 1174/45/195
f 1171/45/196 1146/45/196 1148/45/196 1173/45/196
f 1174/45/194 1173/45/194 1175/45/194 1176/45/194
f 1173/45/192 1148/45/192 1150/45/192 1175/45/192
f 1176/45/193 1175/45/193 1177/45/193 1178/45/193
f 1175/45/191 1150/45/191 1152/45/191 1177/45/191
f 1178/45/229 1177/45/229 1179/45/229 1180/45/229
f 1177/45/227 1152/45/227 1154/45/227 1179/45/227
f 1180/45/228 1179/45/228 1157/45/228 1182/45/228
f 1203/45/231 1178/45/231 1180/45/231 1181/45/231
f 1181/45/230 1180/45/230 1182/45/230 1183/45/230
f 1183/45/256 1182/45/256 1160/45/256 1185/45/256
f 1206/45/259 1181/45/259 1183/45/259 1184/45/259
f 1184/45/258 1183/45/258 1185/45/258 1186/45/258
f 1186/45/471 1185/45/471 1187/45/471 1188/45/471
f 1185/45/255 1160/45/255 1162/45/255 1187/45/255
f 1188/45/281 1187/45/281 1189/45/281 1190/45/281
f 1187/45/282 1162/45/282 1164/45/282 1189/45/282
f 1190/45/279 1189/45/279 1191/45/279 1192/45/279
f 1189/45/280 1164/45/280 1166/45/280 1191/45/280
f 1192/45/277 1191/45/277 1193/45/277 1194/45/277
f 1191/45/244 1166/45/244 1168/45/244 1193/45/244
f 1194/45/241 1193/45/241 1195/45/241 1196/45/241
f 1193/45/242 1168/45/242 1170/45/242 1195/45/242
f 1196/45/239 1195/45/239 1197/45/239 1198/45/239
f 1195/45/240 1170/45/240 1172/45/240 1197/45/240
f 1198/45/472 1197/45/472 1199/45/472 1200/45/472
f 1197/45/238 1172/45/238 1174/45/238 1199/45/238
f 1200/45/473 1199/45/473 1201/45/473 1202/45/473
f 1199/45/236 1174/45/236 1176/45/236 1201/45/236
f 1202/45/234 1201/45/234 1203/45/234 1204/45/234
f 1201/45/232 1176/45/232 1178/45/232 1203/45/232
f 1204/45/233 1203/45/233 1181/45/233 1206/45/233
f 1227/45/266 1202/45/266 1204/45/266 1205/45/266
f 1205/45/262 1204/45/262 1206/45/262 1207/45/262
f 1207/45/261 1206/45/261 1184/45/261 1209/45/261
f 1230/45/264 1205/45/264 1207/45/264 1208/45/264
f 1208/45/263 1207/45/263 1209/45/263 1210/45/263
f 1210/45/287 1209/45/287 1211/45/287 1212/45/287
f 1209/45/260 1184/45/260 1186/45/260 1211/45/260
f 1212/45/286 1211/45/286 1213/45/286 1214/45/286
f 1211/45/474 1186/45/474 1188/45/474 1213/45/474
f 1214/45/285 1213/45/285 1215/45/285 1216/45/285
f 1213/45/475 1188/45/475 1190/45/475 1215/45/475
f 1216/45/309 1215/45/309 1217/45/309 1218/45/309
f 1215/45/278 1190/45/278 1192/45/278 1217/45/278
f 1218/45/275 1217/45/275 1219/45/275 1220/45/275
f 1217/45/276 1192/45/276 1194/45/276 1219/45/276
f 1220/45/273 1219/45/273 1221/45/273 1222/45/273
f 1219/45/274 1194/45/274 1196/45/274 1221/45/274
f 1222/45/271 1221/45/271 1223/45/271 1224/45/271
f 1221/45/272 1196/45/272 1198/45/272 1223/45/272
f 1224/45/269 1223/45/269 1225/45/269 1226/45/269
f 1223/45/270 1198/45/270 1200/45/270 1225/45/270
f 1226/45/267 1225/45/267 1227/45/267 1228/45/267
f 1225/45/476 1200/45/476 1202/45/476 1227/45/476
f 1228/45/265 1227/45/265 1205/45/265 1230/45/265
f 1251/45/298 1226/45/298 1228/45/298 1229/45/298
f 1229/45/296 1228/45/296 1230/45/296 1231/45/296
f 1231/45/294 1230/45/294 1208/45/294 1233/45/294
f 1254/45/295 1229/45/295 1231/45/295 1232/45/295
f 1232/45/293 1231/45/293 1233/45/293 1234/45/293
f 1234/45/292 1233/45/292 1235/45/292 1236/45/292
f 1233/45/290 1208/45/290 1210/45/290 1235/45/290
f 1236/45/291 1235/45/291 1237/45/291 1238/45/291
f 1235/45/289 1210/45/289 1212/45/289 1237/45/289
f 1238/45/312 1237/45/312 1239/45/312 1240/45/312
f 1237/45/288 1212/45/288 1214/45/288 1239/45/288
f 1240/45/311 1239/45/311 1241/45/311 1242/45/311
f 1239/45/310 1214/45/310 1216/45/310 1241/45/310
f 1242/45/307 1241/45/307 1243/45/307 1244/45/307
f 1241/45/308 1216/45/308 1218/45/308 1243/45/308
f 1244/45/305 1243/45/305 1245/45/305 1246/45/305
f 1243/45/306 1218/45/306 1220/45/306 1245/45/306
f 1246/45/303 1245/45/303 1247/45/303 1248/45/303
f 1245/45/304 1220/45/304 1222/45/304 1247/45/304
f 1248/45/301 1247/45/301 1249/45/301 1250/45/301
f 1247/45/302 1222/45/302 1224/45/302 1249/45/302
f 1250/45/299 1249/45/299 1251/45/299 1252/45/299
f 1249/45/300 1224/45/300 1226/45/300 1251/45/300
f 1252/45/297 1251/45/297 1229/45/297 1254/45/297
f 1275/45/327 1250/45/327 1252/45/327 1253/45/327
f 1253/45/325 1252/45/325 1254/45/325 1255/45/325
f 1255/45/323 1254/45/323 1232/45/323 1257/45/323
f 1278/45/324 1253/45/324 1255/45/324 1256/45/324
f 1256/45/322 1255/45/322 1257/45/322 1258/45/322
f 1258/45/320 1257/45/320 1259/45/320 1260/45/320
f 1257/45/321 1232/45/321 1234/45/321 1259/45/321
f 1260/45/318 1259/45/318 1261/45/318 1262/45/318
f 1259/45/319 1234/45/319 1236/45/319 1261/45/319
f 1262/45/317 1261/45/317 1263/45/317 1264/45/317
f 1261/45/315 1236/45/315 1238/45/315 1263/45/315
f 1264/45/316 1263/45/316 1265/45/316 1266/45/316
f 1263/45/314 1238/45/314 1240/45/314 1265/45/314
f 1266/45/336 1265/45/336 1267/45/336 1268/45/336
f 1265/45/313 1240/45/313 1242/45/313 1267/45/313
f 1268/45/334 1267/45/334 1269/45/334 1270/45/334
f 1267/45/335 1242/45/335 1244/45/335 1269/45/335
f 1270/45/332 1269/45/332 1271/45/332 1272/45/332
f 1269/45/333 1244/45/333 1246/45/333 1271/45/333
f 1272/45/330 1271/45/330 1273/45/330 1274/45/330
f 1271/45/331 1246/45/331 1248/45/331 1273/45/331
f 1274/45/328 1273/45/328 1275/45/328 1276/45/328
f 1273/45/329 1248/45/329 1250/45/329 1275/45/329
f 1276/45/326 1275/45/326 1253/45/326 1278/45/326
f 1299/45/355 1274/45/355 1276/45/355 1277/45/355
f 1277/45/353 1276/45/353 1278/45/353 1279/45/353
f 1279/45/351 1278/45/351 1256/45/351 1281/45/351
f 1302/45/352 1277/45/352 1279/45/352 1280/45/352
f 1280/45/350 1279/45/350 1281/45/350 1282/45/350
f 1282/45/348 1281/45/348 1283/45/348 1284/45/348
f 1281/45/349 1256/45/349 1258/45/349 1283/45/349
f 1284/45/346 1283/45/346 1285/45/346 1286/45/346
f 1283/45/347 1258/45/347 1260/45/347 1285/45/347
f 1286/45/344 1285/45/344 1287/45/344 1288/45/344
f 1285/45/345 1260/45/345 1262/45/345 1287/45/345
f 1288/45/342 1287/45/342 1289/45/342 1290/45/342
f 1287/45/343 1262/45/343 1264/45/343 1289/45/343
f 1290/45/341 1289/45/341 1291/45/341 1292/45/341
f 1289/45/339 1264/45/339 1266/45/339 1291/45/339
f 1292/45/340 1291/45/340 1293/45/340 1294/45/340
f 1291/45/338 1266/45/338 1268/45/338 1293/45/338
f 1294/45/360 1293/45/360 1295/45/360 1296/45/360
f 1293/45/337 1268/45/337 1270/45/337 1295/45/337
f 1296/45/358 1295/45/358 1297/45/358 1298/45/358
f 1295/45/359 1270/45/359 1272/45/359 1297/45/359
f 1298/45/356 1297/45/356 1299/45/356 1300/45/356
f 1297/45/357 1272/45/357 1274/45/357 1299/45/357
f 1300/45/354 1299/45/354 1277/45/354 1302/45/354
f 1323/45/383 1298/45/383 1300/45/383 1301/45/383
f 1301/45/381 1300/45/381 1302/45/381 1303/45/381
f 1303/45/379 1302/45/379 1280/45/379 1305/45/379
f 1326/45/380 1301/45/380 1303/45/380 1304/45/380
f 1304/45/378 1303/45/378 1305/45/378 1306/45/378
f 1306/45/376 1305/45/376 1307/45/376 1308/45/376
f 1305/45/377 1280/45/377 1282/45/377 1307/45/377
f 1308/45/374 1307/45/374 1309/45/374 1310/45/374
f 1307/45/375 1282/45/375 1284/45/375 1309/45/375
f 1310/45/372 1309/45/372 1311/45/372 1312/45/372
f 1309/45/373 1284/45/373 1286/45/373 1311/45/373
f 1312/45/370 1311/45/370 1313/45/370 1314/45/370
f 1311/45/371 1286/45/371 1288/45/371 1313/45/371
f 1314/45/368 1313/45/368 1315/45/368 1316/45/368
f 1313/45/369 1288/45/369 1290/45/369 1315/45/369
f 1316/45/366 1315/45/366 1317/45/366 1318/45/366
f 1315/45/367 1290/45/367 1292/45/367 1317/45/367
f 1318/45/365 1317/45/365 1319/45/365 1320/45/365
f 1317/45/363 1292/45/363 1294/45/363 1319/45/363
f 1320/45/364 1319/45/364 1321/45/364 1322/45/364
f 1319/45/362 1294/45/362 1296/45/362 1321/45/362
f 1322/45/384 1321/45/384 1323/45/384 1324/45/384
f 1321/45/361 1296/45/361 1298/45/361 1323/45/361
f 1324/45/382 1323/45/382 1301/45/382 1326/45/382
f 1347/45/386 1322/45/386 1324/45/386 1325/45/386
f 1325/45/385 1324/45/385 1326/45/385 1327/45/385
f 1327/45/407 1326/45/407 1304/45/407 1329/45/407
f 1350/45/408 1325/45/408 1327/45/408 1328/45/408
f 1328/45/406 1327/45/406 1329/45/406 1330/45/406
f 1330/45/477 1329/45/477 1331/45/477 1332/45/477
f 1329/45/405 1304/45/405 1306/45/405 1331/45/405
f 1332/45/478 1331/45/478 1333/45/478 1334/45/478
f 1331/45/403 1306/45/403 1308/45/403 1333/45/403
f 1334/45/400 1333/45/400 1335/45/400 1336/45/400
f 1333/45/401 1308/45/401 1310/45/401 1335/45/401
f 1336/45/398 1335/45/398 1337/45/398 1338/45/398
f 1335/45/399 1310/45/399 1312/45/399 1337/45/399
f 1338/45/396 1337/45/396 1339/45/396 1340/45/396
f 1337/45/397 1312/45/397 1314/45/397 1339/45/397
f 1340/45/394 1339/45/394 1341/45/394 1342/45/394
f 1339/45/395 1314/45/395 1316/45/395 1341/45/395
f 1342/45/479 1341/45/479 1343/45/479 1344/45/479
f 1341/45/393 1316/45/393 1318/45/393 1343/45/393
f 1344/45/390 1343/45/390 1345/45/390 1346/45/390
f 1343/45/391 1318/45/391 1320/45/391 1345/45/391
f 1346/45/389 1345/45/389 1347/45/389 1348/45/389
f 1345/45/387 1320/45/387 1322/45/387 1347/45/387
f 1348/45/388 1347/45/388 1325/45/388 1350/45/388
f 1371/45/415 1346/45/415 1348/45/415 1349/45/415
f 1349/45/411 1348/45/411 1350/45/411 1351/45/411
f 1351/45/410 1350/45/410 1328/45/410 1353/45/410
f 1374/45/413 1349/45/413 1351/45/413 1352/45/413
f 1352/45/412 1351/45/412 1353/45/412 1354/45/412
f 1354/45/432 1353/45/432 1355/45/432 1356/45/432
f 1353/45/409 1328/45/409 1330/45/409 1355/45/409
f 1356/45/430 1355/45/430 1357/45/430 1358/45/430
f 1355/45/480 1330/45/480 1332/45/480 1357/45/480
f 1358/45/428 1357/45/428 1359/45/428 1360/45/428
f 1357/45/429 1332/45/429 1334/45/429 1359/45/429
f 1360/45/426 1359/45/426 1361/45/426 1362/45/426
f 1359/45/427 1334/45/427 1336/45/427 1361/45/427
f 1362/45/424 1361/45/424 1363/45/424 1364/45/424
f 1361/45/425 1336/45/425 1338/45/425 1363/45/425
f 1364/45/422 1363/45/422 1365/45/422 1366/45/422
f 1363/45/423 1338/45/423 1340/45/423 1365/45/423
f 1366/45/420 1365/45/420 1367/45/420 1368/45/420
f 1365/45/421 1340/45/421 1342/45/421 1367/45/421
f 1368/45/418 1367/45/418 1369/45/418 1370/45/418
f 1367/45/419 1342/45/419 1344/45/419 1369/45/419
f 1370/45/416 1369/45/416 1371/45/416 1372/45/416
f 1369/45/417 1344/45/417 1346/45/417 1371/45/417
f 1372/45/414 1371/45/414 1349/45/414 1374/45/414
f 1395/45/443 1370/45/443 1372/45/443 1373/45/443
f 1373/45/441 1372/45/441 1374/45/441 1375/45/441
f 1375/45/439 1374/45/439 1352/45/439 1377/45/439
f 1397/45/440 1373/45/440 1375/45/440 1376/45/440
f 1376/45/438 1375/45/438 1377/45/438 1378/45/438
f 1378/45/437 1377/45/437 1379/45/437 1380/45/437
f 1377/45/435 1352/45/435 1354/45/435 1379/45/435
f 1380/45/436 1379/45/436 1381/45/436 1382/45/436
f 1379/45/434 1354/45/434 1356/45/434 1381/45/434
f 1382/45/456 1381/45/456 1383/45/456 1384/45/456
f 1381/45/433 1356/45/433 1358/45/433 1383/45/433
f 1384/45/454 1383/45/454 1385/45/454 1386/45/454
f 1383/45/455 1358/45/455 1360/45/455 1385/45/455
f 1386/45/452 1385/45/452 1387/45/452 1388/45/452
f 1385/45/453 1360/45/453 1362/45/453 1387/45/453
f 1388/45/450 1387/45/450 1389/45/450 1390/45/450
f 1387/45/451 1362/45/451 1364/45/451 1389/45/451
f 1390/45/448 1389/45/448 1391/45/448 1392/45/448
f 1389/45/449 1364/45/449 1366/45/449 1391/45/449
f 1392/45/446 1391/45/446 1393/45/446 1394/45/446
f 1391/45/447 1366/45/447 1368/45/447 1393/45/447
f 1394/45/444 1393/45/444 1395/45/444 1396/45/444
f 1393/45/445 1368/45/445 1370/45/445 1395/45/445
f 1396/45/442 1395/45/442 1373/45/442 1397/45/442
f 1399/45/464 1394/45/464 1396/45/464 830/45/464
f 830/45/463 1396/45/463 1397/45/463 1398/45/463
f 1398/45/462 1397/45/462 1376/45/462 853/45/462
f 1400/45/466 1392/45/466 1394/45/466 1399/45/466
f 1402/45/465 1400/45/465 1399/45/465 831/45/465
f 1401/45/468 1390/45/468 1392/45/468 1400/45/468
f 872/45/467 1401/45/467 1400/45/467 1402/45/467
f 871/45/469 1388/45/469 1390/45/469 1401/45/469
f 869/45/470 1386/45/470 1388/45/470 871/45/470
f 867/45/457 1384/45/457 1386/45/457 869/45/457
f 1403/45/458 1382/45/458 1384/45/458 867/45/458
f 857/45/459 1380/45/459 1382/45/459 1403/45/459
f 855/45/460 1378/45/460 1380/45/460 857/45/460
f 853/45/461 1376/45/461 1378/45/461 855/45/461
s 1
f 1405/45/68 1408/45/68 1407/45/68 1404/45/68
f 1404/45/69 1406/45/69 1437/45/69 1405/45/69
f 1407/45/2 1409/45/2 1406/45/2 1404/45/2
f 1408/45/68 1413/45/68 1410/45/68 1407/45/68
f 1410/45/2 1411/45/2 1409/45/2 1407/45/2
f 1412/45/2 1453/45/2 1411/45/2 1410/45/2
f 1413/45/68 1415/45/68 1412/45/68 1410/45/68
f 1431/45/68 1414/45/68 1413/45/68 1408/45/68
f 1414/45/68 1417/45/68 1415/45/68 1413/45/68
f 1415/45/68 1416/45/68 1457/45/68 1412/45/68
f 1417/45/68 1418/45/68 1416/45/68 1415/45/68
f 1421/45/68 1419/45/68 1417/45/68 1414/45/68
f 1419/45/68 1420/45/68 1418/45/68 1417/45/68
f 1422/45/68 1423/45/68 1420/45/68 1419/45/68
f 1425/45/68 1422/45/68 1419/45/68 1421/45/68
f 1422/45/4 1424/45/4 1463/45/4 1423/45/4
f 1425/45/4 1426/45/4 1424/45/4 1422/45/4
f 1427/45/4 1428/45/4 1426/45/4 1425/45/4
f 1427/45/68 1425/45/68 1421/45/68 1430/45/68
f 1429/45/4 1480/45/4 1428/45/4 1427/45/4
f 1429/45/68 1427/45/68 1430/45/68 1432/45/68
f 1430/45/68 1421/45/68 1414/45/68 1431/45/68
f 1432/45/68 1430/45/68 1431/45/68 1434/45/68
f 1434/45/69 1435/45/69 1433/45/69 1432/45/69
f 1432/45/69 1433/45/69 1480/45/69 1429/45/69
f 1434/45/68 1431/45/68 1408/45/68 1405/45/68
f 1405/45/69 1437/45/69 1435/45/69 1434/45/69
f 1435/45/69 1436/45/69 1479/45/69 1433/45/69
f 1437/45/69 1438/45/69 1436/45/69 1435/45/69
f 1406/45/69 1440/45/69 1438/45/69 1437/45/69
f 1440/45/69 1442/45/69 1439/45/69 1438/45/69
f 1438/45/69 1439/45/69 1483/45/69 1436/45/69
f 1409/45/2 1441/45/2 1440/45/2 1406/45/2
f 1441/45/2 1444/45/2 1442/45/2 1440/45/2
f 1442/45/69 1443/45/69 1485/45/69 1439/45/69
f 1444/45/2 1445/45/2 1443/45/2 1442/45/2
f 1446/45/2 1448/45/2 1445/45/2 1444/45/2
f 1447/45/2 1446/45/2 1444/45/2 1441/45/2
f 1452/45/2 1449/45/2 1446/45/2 1447/45/2
f 1449/45/2 1450/45/2 1448/45/2 1446/45/2
f 1451/45/2 1494/45/2 1450/45/2 1449/45/2
f 1454/45/2 1451/45/2 1449/45/2 1452/45/2
f 1453/45/2 1452/45/2 1447/45/2 1411/45/2
f 1456/45/2 1454/45/2 1452/45/2 1453/45/2
f 1455/45/70 1495/45/70 1451/45/70 1454/45/70
f 1458/45/70 1455/45/70 1454/45/70 1456/45/70
f 1457/45/2 1456/45/2 1453/45/2 1412/45/2
f 1416/45/70 1458/45/70 1456/45/70 1457/45/70
f 1418/45/70 1459/45/70 1458/45/70 1416/45/70
f 1459/45/70 1460/45/70 1455/45/70 1458/45/70
f 1420/45/70 1461/45/70 1459/45/70 1418/45/70
f 1461/45/70 1462/45/70 1460/45/70 1459/45/70
f 1423/45/70 1463/45/70 1461/45/70 1420/45/70
f 1463/45/70 1464/45/70 1462/45/70 1461/45/70
f 1424/45/4 1465/45/4 1464/45/4 1463/45/4
f 1464/45/70 1466/45/70 1467/45/70 1462/45/70
f 1465/45/4 1469/45/4 1466/45/4 1464/45/4
f 1466/45/70 1468/45/70 1497/45/70 1467/45/70
f 1469/45/4 1470/45/4 1468/45/4 1466/45/4
f 1471/45/4 1473/45/4 1470/45/4 1469/45/4
f 1472/45/4 1471/45/4 1469/45/4 1465/45/4
f 1477/45/4 1474/45/4 1471/45/4 1472/45/4
f 1474/45/4 1475/45/4 1473/45/4 1471/45/4
f 1476/45/4 1501/45/4 1475/45/4 1474/45/4
f 1478/45/4 1476/45/4 1474/45/4 1477/45/4
f 1428/45/4 1477/45/4 1472/45/4 1426/45/4
f 1480/45/4 1478/45/4 1477/45/4 1428/45/4
f 1479/45/69 1481/45/69 1476/45/69 1478/45/69
f 1433/45/69 1479/45/69 1478/45/69 1480/45/69
f 1436/45/69 1483/45/69 1481/45/69 1479/45/69
f 1481/45/69 1482/45/69 1501/45/69 1476/45/69
f 1483/45/69 1484/45/69 1482/45/69 1481/45/69
f 1439/45/69 1485/45/69 1484/45/69 1483/45/69
f 1486/45/71 1484/45/71 1485/45/71 1489/45/71
f 1487/45/71 1482/45/71 1484/45/71 1486/45/71
f 1500/45/71 1487/45/71 1486/45/71 1488/45/71
f 1488/45/71 1486/45/71 1489/45/71 1490/45/71
f 1489/45/71 1485/45/71 1443/45/71 1445/45/71
f 1490/45/71 1489/45/71 1445/45/71 1448/45/71
f 1491/45/71 1490/45/71 1448/45/71 1450/45/71
f 1492/45/71 1488/45/71 1490/45/71 1491/45/71
f 1493/45/71 1491/45/71 1450/45/71 1494/45/71
f 1496/45/71 1492/45/71 1491/45/71 1493/45/71
f 1495/45/70 1493/45/70 1494/45/70 1451/45/70
f 1498/45/70 1496/45/70 1493/45/70 1495/45/70
f 1497/45/71 1499/45/71 1492/45/71 1496/45/71
f 1467/45/70 1497/45/70 1496/45/70 1498/45/70
f 1460/45/70 1498/45/70 1495/45/70 1455/45/70
f 1462/45/70 1467/45/70 1498/45/70 1460/45/70
f 1468/45/71 1470/45/71 1499/45/71 1497/45/71
f 1499/45/71 1500/45/71 1488/45/71 1492/45/71
f 1470/45/71 1473/45/71 1500/45/71 1499/45/71
f 1473/45/71 1475/45/71 1487/45/71 1500/45/71
f 1475/45/71 1501/45/71 1482/45/71 1487/45/71
f 1426/45/4 1472/45/4 1465/45/4 1424/45/4
f 1411/45/2 1447/45/2 1441/45/2 1409/45/2
f 1502/45/72 1504/45/72 1630/45/72 1503/45/72
f 1508/45/31 1505/45/31 1502/45/31 1503/45/31 1628/45/31 1627/45/31 1626/45/31 1621/45/31 1620/45/31 1619/45/31 1618/45/31 1527/45/31 1526/45/31 1525/45/31 1524/45/31 1519/45/31 1518/45/31 1517/45/31 1516/45/31 1509/45/31
f 1505/45/73 1507/45/73 1504/45/73 1502/45/73
f 1506/45/481 1581/45/481 1507/45/481 1505/45/481
f 1527/45/31 1618/45/31 1613/45/31 1612/45/31 1611/45/31 1610/45/31 1605/45/31 1604/45/31 1603/45/31 1602/45/31 1597/45/31 1596/45/31 1595/45/31 1594/45/31 1589/45/31 1588/45/31 1587/45/31 1584/45/31 1583/45/31 1582/45/31 1576/45/31 1578/45/31 1580/45/31 1506/45/31 1505/45/31 1508/45/31 1510/45/31 1574/45/31 1568/45/31 1567/45/31 1566/45/31 1565/45/31 1559/45/31 1558/45/31 1557/45/31 1556/45/31 1551/45/31 1550/45/31 1549/45/31 1548/45/31 1543/45/31 1542/45/31 1541/45/31 1540/45/31 1535/45/31 1534/45/31 1533/45/31 1532/45/31
f 1509/45/75 1513/45/75 1511/45/75 1508/45/75
f 1508/45/76 1511/45/76 1512/45/76 1510/45/76
f 1622/45/45 1623/45/45 1624/45/45 1625/45/45 1629/45/45 1630/45/45 1504/45/45 1507/45/45 1581/45/45 1579/45/45 1577/45/45 1571/45/45 1570/45/45 1572/45/45 1573/45/45 1512/45/45 1511/45/45 1513/45/45 1514/45/45 1515/45/45 1520/45/45 1521/45/45 1522/45/45 1523/45/45 1528/45/45 1529/45/45 1530/45/45 1531/45/45 1536/45/45 1537/45/45 1538/45/45 1539/45/45 1544/45/45 1545/45/45 1546/45/45 1547/45/45 1552/45/45 1553/45/45 1554/45/45 1555/45/45 1560/45/45 1561/45/45 1590/45/45 1591/45/45 1592/45/45 1593/45/45 1598/45/45 1599/45/45 1600/45/45 1601/45/45 1606/45/45 1607/45/45 1608/45/45 1609/45/45 1614/45/45 1615/45/45 1616/45/45 1617/45/45
f 1516/45/77 1514/45/77 1513/45/77 1509/45/77
f 1517/45/78 1515/45/78 1514/45/78 1516/45/78
f 1518/45/79 1520/45/79 1515/45/79 1517/45/79
f 1519/45/80 1521/45/80 1520/45/80 1518/45/80
f 1522/45/81 1521/45/81 1519/45/81 1524/45/81
f 1523/45/82 1522/45/82 1524/45/82 1525/45/82
f 1528/45/83 1523/45/83 1525/45/83 1526/45/83
f 1529/45/84 1528/45/84 1526/45/84 1527/45/84
f 1530/45/85 1529/45/85 1527/45/85 1532/45/85
f 1531/45/86 1530/45/86 1532/45/86 1533/45/86
f 1536/45/87 1531/45/87 1533/45/87 1534/45/87
f 1537/45/88 1536/45/88 1534/45/88 1535/45/88
f 1538/45/89 1537/45/89 1535/45/89 1540/45/89
f 1539/45/90 1538/45/90 1540/45/90 1541/45/90
f 1544/45/91 1539/45/91 1541/45/91 1542/45/91
f 1545/45/73 1544/45/73 1542/45/73 1543/45/73
f 1546/45/92 1545/45/92 1543/45/92 1548/45/92
f 1547/45/93 1546/45/93 1548/45/93 1549/45/93
f 1552/45/94 1547/45/94 1549/45/94 1550/45/94
f 1553/45/95 1552/45/95 1550/45/95 1551/45/95
f 1556/45/96 1554/45/96 1553/45/96 1551/45/96
f 1557/45/97 1555/45/97 1554/45/97 1556/45/97
f 1558/45/98 1560/45/98 1555/45/98 1557/45/98
f 1559/45/99 1562/45/99 1560/45/99 1558/45/99
f 1571/45/45 1575/45/45 1585/45/45 1586/45/45 1561/45/45 1560/45/45 1562/45/45 1563/45/45 1564/45/45 1569/45/45 1570/45/45
f 1565/45/100 1563/45/100 1562/45/100 1559/45/100
f 1566/45/101 1564/45/101 1563/45/101 1565/45/101
f 1567/45/102 1569/45/102 1564/45/102 1566/45/102
f 1568/45/103 1572/45/103 1570/45/103 1569/45/103 1567/45/103
f 1574/45/104 1573/45/104 1572/45/104 1568/45/104
f 1510/45/105 1512/45/105 1573/45/105 1574/45/105
f 1582/45/106 1575/45/106 1571/45/106 1576/45/106
f 1576/45/88 1571/45/88 1577/45/88 1578/45/88
f 1578/45/107 1577/45/107 1579/45/107 1580/45/107
f 1580/45/90 1579/45/90 1581/45/90 1506/45/90
f 1583/45/86 1585/45/86 1575/45/86 1582/45/86
f 1584/45/108 1586/45/108 1585/45/108 1583/45/108
f 1587/45/84 1561/45/84 1586/45/84 1584/45/84
f 1588/45/109 1590/45/109 1561/45/109 1587/45/109
f 1589/45/82 1591/45/82 1590/45/82 1588/45/82
f 1594/45/110 1592/45/110 1591/45/110 1589/45/110
f 1595/45/80 1593/45/80 1592/45/80 1594/45/80
f 1596/45/111 1598/45/111 1593/45/111 1595/45/111
f 1597/45/78 1599/45/78 1598/45/78 1596/45/78
f 1602/45/112 1600/45/112 1599/45/112 1597/45/112
f 1603/45/75 1601/45/75 1600/45/75 1602/45/75
f 1604/45/113 1606/45/113 1601/45/113 1603/45/113
f 1605/45/105 1607/45/105 1606/45/105 1604/45/105
f 1610/45/114 1608/45/114 1607/45/114 1605/45/114
f 1611/45/103 1609/45/103 1608/45/103 1610/45/103
f 1612/45/115 1614/45/115 1609/45/115 1611/45/115
f 1613/45/101 1615/45/101 1614/45/101 1612/45/101
f 1618/45/116 1616/45/116 1615/45/116 1613/45/116
f 1619/45/99 1617/45/99 1616/45/99 1618/45/99
f 1620/45/117 1622/45/117 1617/45/117 1619/45/117
f 1621/45/97 1623/45/97 1622/45/97 1620/45/97
f 1626/45/118 1624/45/118 1623/45/118 1621/45/118
f 1627/45/95 1625/45/95 1624/45/95 1626/45/95
f 1628/45/119 1629/45/119 1625/45/119 1627/45/119
f 1503/45/93 1630/45/93 1629/45/93 1628/45/93
f 1631/45/71 1633/45/71 1664/45/71 1632/45/71
f 1632/45/69 1635/45/69 1634/45/69 1631/45/69
f 1634/45/2 1636/45/2 1633/45/2 1631/45/2
f 1635/45/69 1640/45/69 1637/45/69 1634/45/69
f 1637/45/2 1638/45/2 1636/45/2 1634/45/2
f 1639/45/2 1680/45/2 1638/45/2 1637/45/2
f 1640/45/69 1642/45/69 1639/45/69 1637/45/69
f 1658/45/69 1641/45/69 1640/45/69 1635/45/69
f 1641/45/69 1644/45/69 1642/45/69 1640/45/69
f 1644/45/69 1645/45/69 1643/45/69 1642/45/69
f 1642/45/69 1643/45/69 1684/45/69 1639/45/69
f 1648/45/69 1646/45/69 1644/45/69 1641/45/69
f 1646/45/69 1647/45/69 1645/45/69 1644/45/69
f 1649/45/69 1650/45/69 1647/45/69 1646/45/69
f 1652/45/69 1649/45/69 1646/45/69 1648/45/69
f 1649/45/4 1651/45/4 1690/45/4 1650/45/4
f 1652/45/4 1653/45/4 1651/45/4 1649/45/4
f 1654/45/4 1655/45/4 1653/45/4 1652/45/4
f 1654/45/69 1652/45/69 1648/45/69 1657/45/69
f 1656/45/4 1707/45/4 1655/45/4 1654/45/4
f 1656/45/69 1654/45/69 1657/45/69 1659/45/69
f 1659/45/69 1657/45/69 1658/45/69 1661/45/69
f 1657/45/69 1648/45/69 1641/45/69 1658/45/69
f 1659/45/71 1660/45/71 1707/45/71 1656/45/71
f 1661/45/71 1662/45/71 1660/45/71 1659/45/71
f 1632/45/71 1664/45/71 1662/45/71 1661/45/71
f 1661/45/69 1658/45/69 1635/45/69 1632/45/69
f 1662/45/71 1663/45/71 1706/45/71 1660/45/71
f 1664/45/71 1665/45/71 1663/45/71 1662/45/71
f 1633/45/71 1667/45/71 1665/45/71 1664/45/71
f 1665/45/71 1666/45/71 1710/45/71 1663/45/71
f 1667/45/71 1669/45/71 1666/45/71 1665/45/71
f 1636/45/2 1668/45/2 1667/45/2 1633/45/2
f 1668/45/2 1671/45/2 1669/45/2 1667/45/2
f 1669/45/71 1670/45/71 1712/45/71 1666/45/71
f 1671/45/2 1672/45/2 1670/45/2 1669/45/2
f 1673/45/2 1675/45/2 1672/45/2 1671/45/2
f 1674/45/2 1673/45/2 1671/45/2 1668/45/2
f 1679/45/2 1676/45/2 1673/45/2 1674/45/2
f 1676/45/2 1677/45/2 1675/45/2 1673/45/2
f 1678/45/2 1721/45/2 1677/45/2 1676/45/2
f 1681/45/2 1678/45/2 1676/45/2 1679/45/2
f 1680/45/2 1679/45/2 1674/45/2 1638/45/2
f 1683/45/2 1681/45/2 1679/45/2 1680/45/2
f 1685/45/68 1682/45/68 1681/45/68 1683/45/68
f 1682/45/68 1722/45/68 1678/45/68 1681/45/68
f 1684/45/2 1683/45/2 1680/45/2 1639/45/2
f 1643/45/68 1685/45/68 1683/45/68 1684/45/68
f 1645/45/68 1686/45/68 1685/45/68 1643/45/68
f 1686/45/68 1687/45/68 1682/45/68 1685/45/68
f 1647/45/68 1688/45/68 1686/45/68 1645/45/68
f 1688/45/68 1689/45/68 1687/45/68 1686/45/68
f 1650/45/68 1690/45/68 1688/45/68 1647/45/68
f 1690/45/68 1691/45/68 1689/45/68 1688/45/68
f 1651/45/4 1692/45/4 1691/45/4 1690/45/4
f 1691/45/68 1693/45/68 1694/45/68 1689/45/68
f 1692/45/4 1696/45/4 1693/45/4 1691/45/4
f 1693/45/68 1695/45/68 1724/45/68 1694/45/68
f 1696/45/4 1697/45/4 1695/45/4 1693/45/4
f 1698/45/4 1700/45/4 1697/45/4 1696/45/4
f 1699/45/4 1698/45/4 1696/45/4 1692/45/4
f 1704/45/4 1701/45/4 1698/45/4 1699/45/4
f 1701/45/4 1702/45/4 1700/45/4 1698/45/4
f 1703/45/4 1728/45/4 1702/45/4 1701/45/4
f 1705/45/4 1703/45/4 1701/45/4 1704/45/4
f 1655/45/4 1704/45/4 1699/45/4 1653/45/4
f 1707/45/4 1705/45/4 1704/45/4 1655/45/4
f 1660/45/71 1706/45/71 1705/45/71 1707/45/71
f 1706/45/71 1708/45/71 1703/45/71 1705/45/71
f 1663/45/71 1710/45/71 1708/45/71 1706/45/71
f 1708/45/71 1709/45/71 1728/45/71 1703/45/71
f 1710/45/71 1711/45/71 1709/45/71 1708/45/71
f 1666/45/71 1712/45/71 1711/45/71 1710/45/71
f 1713/45/70 1711/45/70 1712/45/70 1716/45/70
f 1714/45/70 1709/45/70 1711/45/70 1713/45/70
f 1727/45/70 1714/45/70 1713/45/70 1715/45/70
f 1715/45/70 1713/45/70 1716/45/70 1717/45/70
f 1716/45/70 1712/45/70 1670/45/70 1672/45/70
f 1717/45/70 1716/45/70 1672/45/70 1675/45/70
f 1718/45/70 1717/45/70 1675/45/70 1677/45/70
f 1719/45/70 1715/45/70 1717/45/70 1718/45/70
f 1720/45/70 1718/45/70 1677/45/70 1721/45/70
f 1723/45/70 1719/45/70 1718/45/70 1720/45/70
f 1722/45/68 1720/45/68 1721/45/68 1678/45/68
f 1725/45/68 1723/45/68 1720/45/68 1722/45/68
f 1694/45/68 1724/45/68 1723/45/68 1725/45/68
f 1724/45/70 1726/45/70 1719/45/70 1723/45/70
f 1687/45/68 1725/45/68 1722/45/68 1682/45/68
f 1689/45/68 1694/45/68 1725/45/68 1687/45/68
f 1695/45/70 1697/45/70 1726/45/70 1724/45/70
f 1697/45/70 1700/45/70 1727/45/70 1726/45/70
f 1726/45/70 1727/45/70 1715/45/70 1719/45/70
f 1700/45/70 1702/45/70 1714/45/70 1727/45/70
f 1702/45/70 1728/45/70 1709/45/70 1714/45/70
f 1653/45/4 1699/45/4 1692/45/4 1651/45/4
f 1638/45/2 1674/45/2 1668/45/2 1636/45/2
f 1833/45/69 1730/45/69 1729/45/69 1731/45/69 1856/45/69 1855/45/69 1854/45/69 1849/45/69 1848/45/69 1783/45/69 1782/45/69 1784/45/69 1785/45/69 1847/45/69 1846/45/69 1841/45/69 1840/45/69 1838/45/69 1837/45/69 1836/45/69
f 1730/45/120 1734/45/120 1732/45/120 1729/45/120
f 1729/45/121 1732/45/121 1733/45/121 1731/45/121
f 1850/45/70 1851/45/70 1852/45/70 1853/45/70 1857/45/70 1733/45/70 1732/45/70 1734/45/70 1735/45/70 1737/45/70 1738/45/70 1743/45/70 1744/45/70 1828/45/70 1829/45/70 1830/45/70 1832/45/70 1834/45/70 1835/45/70 1839/45/70 1842/45/70 1843/45/70 1844/45/70 1845/45/70 1788/45/70 1787/45/70 1789/45/70 1790/45/70 1791/45/70 1796/45/70 1797/45/70 1798/45/70 1799/45/70 1804/45/70 1805/45/70 1806/45/70 1807/45/70 1812/45/70 1813/45/70 1814/45/70 1815/45/70 1751/45/70 1754/45/70 1755/45/70 1756/45/70 1757/45/70 1762/45/70 1763/45/70 1764/45/70 1765/45/70 1770/45/70 1771/45/70 1772/45/70 1773/45/70 1778/45/70 1779/45/70 1780/45/70 1781/45/70
f 1736/45/122 1735/45/122 1734/45/122 1730/45/122
f 1739/45/123 1737/45/123 1735/45/123 1736/45/123
f 1740/45/124 1738/45/124 1737/45/124 1739/45/124
f 1784/45/69 1782/45/69 1777/45/69 1776/45/69 1775/45/69 1774/45/69 1769/45/69 1768/45/69 1767/45/69 1766/45/69 1761/45/69 1760/45/69 1759/45/69 1758/45/69 1753/45/69 1752/45/69 1750/45/69 1749/45/69 1748/45/69 1742/45/69 1741/45/69 1740/45/69 1739/45/69 1736/45/69 1730/45/69 1833/45/69 1831/45/69 1827/45/69 1826/45/69 1825/45/69 1824/45/69 1819/45/69 1818/45/69 1817/45/69 1816/45/69 1811/45/69 1810/45/69 1809/45/69 1808/45/69 1803/45/69 1802/45/69 1801/45/69 1800/45/69 1795/45/69 1794/45/69 1793/45/69 1792/45/69 1786/45/69
f 1741/45/125 1743/45/125 1738/45/125 1740/45/125
f 1742/45/126 1745/45/126 1743/45/126 1741/45/126
f 1743/45/70 1745/45/70 1746/45/70 1747/45/70 1751/45/70 1815/45/70 1820/45/70 1821/45/70 1822/45/70 1823/45/70 1744/45/70
f 1748/45/127 1746/45/127 1745/45/127 1742/45/127
f 1749/45/128 1747/45/128 1746/45/128 1748/45/128
f 1750/45/129 1751/45/129 1747/45/129 1749/45/129
f 1752/45/130 1754/45/130 1751/45/130 1750/45/130
f 1753/45/131 1755/45/131 1754/45/131 1752/45/131
f 1758/45/132 1756/45/132 1755/45/132 1753/45/132
f 1759/45/133 1757/45/133 1756/45/133 1758/45/133
f 1760/45/134 1762/45/134 1757/45/134 1759/45/134
f 1761/45/135 1763/45/135 1762/45/135 1760/45/135
f 1766/45/136 1764/45/136 1763/45/136 1761/45/136
f 1767/45/137 1765/45/137 1764/45/137 1766/45/137
f 1768/45/138 1770/45/138 1765/45/138 1767/45/138
f 1769/45/139 1771/45/139 1770/45/139 1768/45/139
f 1774/45/179 1772/45/179 1771/45/179 1769/45/179
f 1775/45/141 1773/45/141 1772/45/141 1774/45/141
f 1776/45/482 1778/45/482 1773/45/482 1775/45/482
f 1777/45/143 1779/45/143 1778/45/143 1776/45/143
f 1782/45/144 1780/45/144 1779/45/144 1777/45/144
f 1783/45/145 1781/45/145 1780/45/145 1782/45/145
f 1787/45/129 1788/45/129 1785/45/129 1784/45/129
f 1789/45/146 1787/45/146 1784/45/146 1786/45/146
f 1790/45/127 1789/45/127 1786/45/127 1792/45/127
f 1791/45/147 1790/45/147 1792/45/147 1793/45/147
f 1796/45/125 1791/45/125 1793/45/125 1794/45/125
f 1797/45/483 1796/45/483 1794/45/483 1795/45/483
f 1798/45/149 1797/45/149 1795/45/149 1800/45/149
f 1799/45/150 1798/45/150 1800/45/150 1801/45/150
f 1804/45/151 1799/45/151 1801/45/151 1802/45/151
f 1805/45/152 1804/45/152 1802/45/152 1803/45/152
f 1806/45/153 1805/45/153 1803/45/153 1808/45/153
f 1807/45/154 1806/45/154 1808/45/154 1809/45/154
f 1812/45/155 1807/45/155 1809/45/155 1810/45/155
f 1811/45/156 1813/45/156 1812/45/156 1810/45/156
f 1816/45/157 1814/45/157 1813/45/157 1811/45/157
f 1817/45/158 1815/45/158 1814/45/158 1816/45/158
f 1818/45/145 1820/45/145 1815/45/145 1817/45/145
f 1819/45/159 1821/45/159 1820/45/159 1818/45/159
f 1824/45/143 1822/45/143 1821/45/143 1819/45/143
f 1825/45/160 1823/45/160 1822/45/160 1824/45/160
f 1826/45/161 1828/45/161 1744/45/161 1823/45/161 1825/45/161
f 1827/45/162 1829/45/162 1828/45/162 1826/45/162
f 1831/45/163 1830/45/163 1829/45/163 1827/45/163
f 1833/45/164 1832/45/164 1830/45/164 1831/45/164
f 1836/45/137 1834/45/137 1832/45/137 1833/45/137
f 1837/45/165 1835/45/165 1834/45/165 1836/45/165
f 1838/45/166 1839/45/166 1835/45/166 1837/45/166
f 1840/45/167 1842/45/167 1839/45/167 1838/45/167
f 1841/45/133 1843/45/133 1842/45/133 1840/45/133
f 1844/45/169 1843/45/169 1841/45/169 1846/45/169
f 1845/45/170 1844/45/170 1846/45/170 1847/45/170
f 1788/45/171 1845/45/171 1847/45/171 1785/45/171
f 1848/45/172 1850/45/172 1781/45/172 1783/45/172
f 1849/45/173 1851/45/173 1850/45/173 1848/45/173
f 1854/45/174 1852/45/174 1851/45/174 1849/45/174
f 1855/45/175 1853/45/175 1852/45/175 1854/45/175
f 1856/45/176 1857/45/176 1853/45/176 1855/45/176
f 1731/45/177 1733/45/177 1857/45/177 1856/45/177
f 1943/45/69 1859/45/69 1858/45/69 1860/45/69 1923/45/69 1922/45/69 1917/45/69 1916/45/69 1915/45/69 1914/45/69 1909/45/69 1924/45/69 1927/45/69 1928/45/69 1933/45/69 1934/45/69 1935/45/69 1936/45/69 1941/45/69 1942/45/69
f 1859/45/120 1863/45/120 1861/45/120 1858/45/120
f 1858/45/121 1861/45/121 1862/45/121 1860/45/121
f 1913/45/70 1918/45/70 1919/45/70 1920/45/70 1921/45/70 1862/45/70 1861/45/70 1863/45/70 1864/45/70 1866/45/70 1867/45/70 1872/45/70 1873/45/70 1948/45/70 1947/45/70 1946/45/70 1945/45/70 1940/45/70 1939/45/70 1938/45/70 1937/45/70 1932/45/70 1931/45/70 1930/45/70 1929/45/70 1926/45/70 1986/45/70 1983/45/70 1982/45/70 1981/45/70 1980/45/70 1975/45/70 1974/45/70 1973/45/70 1972/45/70 1967/45/70 1966/45/70 1965/45/70 1964/45/70 1961/45/70 1880/45/70 1879/45/70 1881/45/70 1886/45/70 1887/45/70 1888/45/70 1889/45/70 1894/45/70 1895/45/70 1896/45/70 1897/45/70 1902/45/70 1903/45/70 1904/45/70 1905/45/70 1910/45/70 1911/45/70 1912/45/70
f 1865/45/122 1864/45/122 1863/45/122 1859/45/122
f 1868/45/123 1866/45/123 1864/45/123 1865/45/123
f 1869/45/124 1867/45/124 1866/45/124 1868/45/124
f 1924/45/69 1909/45/69 1908/45/69 1907/45/69 1906/45/69 1901/45/69 1900/45/69 1899/45/69 1898/45/69 1893/45/69 1892/45/69 1891/45/69 1890/45/69 1885/45/69 1884/45/69 1883/45/69 1882/45/69 1878/45/69 1876/45/69 1871/45/69 1870/45/69 1869/45/69 1868/45/69 1865/45/69 1859/45/69 1943/45/69 1944/45/69 1949/45/69 1950/45/69 1951/45/69 1953/45/69 1955/45/69 1956/45/69 1959/45/69 1960/45/69 1962/45/69 1963/45/69 1968/45/69 1969/45/69 1970/45/69 1971/45/69 1976/45/69 1977/45/69 1978/45/69 1979/45/69 1984/45/69 1985/45/69 1925/45/69
f 1870/45/125 1872/45/125 1867/45/125 1869/45/125
f 1871/45/126 1874/45/126 1872/45/126 1870/45/126
f 1872/45/70 1874/45/70 1875/45/70 1877/45/70 1879/45/70 1880/45/70 1958/45/70 1957/45/70 1954/45/70 1952/45/70 1873/45/70
f 1876/45/127 1875/45/127 1874/45/127 1871/45/127
f 1878/45/178 1877/45/178 1875/45/178 1876/45/178
f 1882/45/129 1879/45/129 1877/45/129 1878/45/129
f 1883/45/130 1881/45/130 1879/45/130 1882/45/130
f 1884/45/131 1886/45/131 1881/45/131 1883/45/131
f 1885/45/132 1887/45/132 1886/45/132 1884/45/132
f 1890/45/133 1888/45/133 1887/45/133 1885/45/133
f 1891/45/134 1889/45/134 1888/45/134 1890/45/134
f 1892/45/135 1894/45/135 1889/45/135 1891/45/135
f 1893/45/484 1895/45/484 1894/45/484 1892/45/484
f 1898/45/137 1896/45/137 1895/45/137 1893/45/137
f 1899/45/138 1897/45/138 1896/45/138 1898/45/138
f 1900/45/139 1902/45/139 1897/45/139 1899/45/139
f 1901/45/140 1903/45/140 1902/45/140 1900/45/140
f 1906/45/141 1904/45/141 1903/45/141 1901/45/141
f 1907/45/142 1905/45/142 1904/45/142 1906/45/142
f 1908/45/143 1910/45/143 1905/45/143 1907/45/143
f 1909/45/144 1911/45/144 1910/45/144 1908/45/144
f 1914/45/145 1912/45/145 1911/45/145 1909/45/145
f 1915/45/172 1913/45/172 1912/45/172 1914/45/172
f 1916/45/173 1918/45/173 1913/45/173 1915/45/173
f 1917/45/174 1919/45/174 1918/45/174 1916/45/174
f 1922/45/175 1920/45/175 1919/45/175 1917/45/175
f 1923/45/176 1921/45/176 1920/45/176 1922/45/176
f 1860/45/177 1862/45/177 1921/45/177 1923/45/177
f 1986/45/146 1926/45/146 1924/45/146 1925/45/146
f 1926/45/129 1929/45/129 1927/45/129 1924/45/129
f 1929/45/171 1930/45/171 1928/45/171 1927/45/171
f 1930/45/170 1931/45/170 1933/45/170 1928/45/170
f 1931/45/169 1932/45/169 1934/45/169 1933/45/169
f 1934/45/168 1932/45/168 1937/45/168 1935/45/168
f 1935/45/167 1937/45/167 1938/45/167 1936/45/167
f 1936/45/166 1938/45/166 1939/45/166 1941/45/166
f 1941/45/180 1939/45/180 1940/45/180 1942/45/180
f 1942/45/137 1940/45/137 1945/45/137 1943/45/137
f 1943/45/164 1945/45/164 1946/45/164 1944/45/164
f 1944/45/163 1946/45/163 1947/45/163 1949/45/163
f 1949/45/162 1947/45/162 1948/45/162 1950/45/162
f 1950/45/161 1948/45/161 1873/45/161 1952/45/161 1951/45/161
f 1951/45/160 1952/45/160 1954/45/160 1953/45/160
f 1953/45/143 1954/45/143 1957/45/143 1955/45/143
f 1955/45/159 1957/45/159 1958/45/159 1956/45/159
f 1956/45/145 1958/45/145 1880/45/145 1959/45/145
f 1959/45/158 1880/45/158 1961/45/158 1960/45/158
f 1960/45/157 1961/45/157 1964/45/157 1962/45/157
f 1962/45/485 1964/45/485 1965/45/485 1963/45/485
f 1965/45/155 1966/45/155 1968/45/155 1963/45/155
f 1966/45/154 1967/45/154 1969/45/154 1968/45/154
f 1967/45/153 1972/45/153 1970/45/153 1969/45/153
f 1972/45/182 1973/45/182 1971/45/182 1970/45/182
f 1973/45/120 1974/45/120 1976/45/120 1971/45/120
f 1974/45/150 1975/45/150 1977/45/150 1976/45/150
f 1975/45/149 1980/45/149 1978/45/149 1977/45/149
f 1980/45/148 1981/45/148 1979/45/148 1978/45/148
f 1981/45/125 1982/45/125 1984/45/125 1979/45/125
f 1982/45/147 1983/45/147 1985/45/147 1984/45/147
f 1983/45/127 1986/45/127 1925/45/127 1985/45/127
f 1987/45/69 1989/45/69 2024/45/69 1988/45/69
f 1988/45/68 1991/45/68 1990/45/68 1987/45/68
f 1990/45/2 1992/45/2 1989/45/2 1987/45/2
f 1991/45/68 1996/45/68 1993/45/68 1990/45/68
f 1993/45/2 1994/45/2 1992/45/2 1990/45/2
f 1995/45/2 2070/45/2 1994/45/2 1993/45/2
f 1996/45/68 1998/45/68 1995/45/68 1993/45/68
f 2018/45/68 1997/45/68 1996/45/68 1991/45/68
f 1997/45/68 1999/45/68 1998/45/68 1996/45/68
f 1998/45/68 2000/45/68 2001/45/68 1995/45/68
f 1999/45/68 2003/45/68 2000/45/68 1998/45/68
f 2000/45/70 2002/45/70 2072/45/70 2001/45/70
f 2003/45/70 2004/45/70 2002/45/70 2000/45/70
f 2005/45/70 2006/45/70 2004/45/70 2003/45/70
f 2008/45/68 2005/45/68 2003/45/68 1999/45/68
f 2007/45/70 2053/45/70 2006/45/70 2005/45/70
f 2010/45/68 2007/45/68 2005/45/68 2008/45/68
f 2009/45/68 2008/45/68 1999/45/68 1997/45/68
f 2012/45/68 2010/45/68 2008/45/68 2009/45/68
f 2010/45/4 2011/45/4 2053/45/4 2007/45/4
f 2012/45/4 2013/45/4 2011/45/4 2010/45/4
f 2014/45/4 2015/45/4 2013/45/4 2012/45/4
f 2014/45/68 2012/45/68 2009/45/68 2017/45/68
f 2016/45/4 2082/45/4 2015/45/4 2014/45/4
f 2016/45/68 2014/45/68 2017/45/68 2019/45/68
f 2019/45/68 2017/45/68 2018/45/68 2021/45/68
f 2017/45/68 2009/45/68 1997/45/68 2018/45/68
f 2019/45/69 2020/45/69 2082/45/69 2016/45/69
f 2021/45/69 2022/45/69 2020/45/69 2019/45/69
f 1988/45/69 2024/45/69 2022/45/69 2021/45/69
f 2021/45/68 2018/45/68 1991/45/68 1988/45/68
f 2022/45/69 2023/45/69 2083/45/69 2020/45/69
f 2024/45/69 2025/45/69 2023/45/69 2022/45/69
f 1989/45/69 2026/45/69 2025/45/69 2024/45/69
f 2026/45/69 2029/45/69 2027/45/69 2025/45/69
f 2025/45/69 2027/45/69 2028/45/69 2023/45/69
f 2027/45/69 2030/45/69 2031/45/69 2028/45/69
f 2029/45/69 2032/45/69 2030/45/69 2027/45/69
f 2036/45/71 2031/45/71 2030/45/71 2033/45/71
f 2033/45/71 2030/45/71 2032/45/71 2034/45/71
f 2035/45/71 2033/45/71 2034/45/71 2063/45/71
f 2038/45/71 2036/45/71 2033/45/71 2035/45/71
f 2037/45/71 2084/45/71 2031/45/71 2036/45/71
f 2040/45/71 2037/45/71 2036/45/71 2038/45/71
f 2042/45/71 2040/45/71 2038/45/71 2039/45/71
f 2039/45/71 2038/45/71 2035/45/71 2061/45/71
f 2041/45/71 2077/45/71 2037/45/71 2040/45/71
f 2043/45/71 2041/45/71 2040/45/71 2042/45/71
f 2044/45/71 2042/45/71 2039/45/71 2045/45/71
f 2047/45/71 2043/45/71 2042/45/71 2044/45/71
f 2046/45/70 2044/45/70 2045/45/70 2056/45/70
f 2048/45/70 2047/45/70 2044/45/70 2046/45/70
f 2049/45/4 2043/45/4 2047/45/4 2048/45/4
f 2051/45/4 2049/45/4 2048/45/4 2050/45/4
f 2050/45/70 2048/45/70 2046/45/70 2052/45/70
f 2011/45/4 2051/45/4 2050/45/4 2053/45/4
f 2053/45/70 2050/45/70 2052/45/70 2006/45/70
f 2006/45/70 2052/45/70 2054/45/70 2004/45/70
f 2052/45/70 2046/45/70 2056/45/70 2054/45/70
f 2004/45/70 2054/45/70 2055/45/70 2002/45/70
f 2054/45/70 2056/45/70 2057/45/70 2055/45/70
f 2056/45/70 2045/45/70 2059/45/70 2057/45/70
f 2057/45/70 2059/45/70 2060/45/70 2058/45/70
f 2055/45/70 2057/45/70 2058/45/70 2071/45/70
f 2059/45/71 2061/45/71 2062/45/71 2060/45/71
f 2045/45/71 2039/45/71 2061/45/71 2059/45/71
f 2061/45/71 2035/45/71 2063/45/71 2062/45/71
f 2064/45/2 2062/45/2 2063/45/2 2066/45/2
f 2058/45/2 2060/45/2 2062/45/2 2064/45/2
f 2065/45/2 2064/45/2 2066/45/2 2068/45/2
f 2071/45/2 2058/45/2 2064/45/2 2065/45/2
f 2066/45/2 2063/45/2 2034/45/2 2067/45/2
f 2068/45/2 2066/45/2 2067/45/2 2069/45/2
f 1994/45/2 2068/45/2 2069/45/2 1992/45/2
f 2070/45/2 2065/45/2 2068/45/2 1994/45/2
f 1992/45/2 2069/45/2 2026/45/2 1989/45/2
f 2069/45/2 2067/45/2 2029/45/2 2026/45/2
f 2067/45/2 2034/45/2 2032/45/2 2029/45/2
f 2072/45/2 2071/45/2 2065/45/2 2070/45/2
f 2002/45/70 2055/45/70 2071/45/70 2072/45/70
f 2001/45/2 2072/45/2 2070/45/2 1995/45/2
f 2013/45/4 2073/45/4 2051/45/4 2011/45/4
f 2073/45/4 2075/45/4 2049/45/4 2051/45/4
f 2015/45/4 2074/45/4 2073/45/4 2013/45/4
f 2074/45/4 2076/45/4 2075/45/4 2073/45/4
f 2075/45/4 2041/45/4 2043/45/4 2049/45/4
f 2076/45/4 2077/45/4 2041/45/4 2075/45/4
f 2081/45/4 2078/45/4 2076/45/4 2074/45/4
f 2078/45/4 2079/45/4 2077/45/4 2076/45/4
f 2080/45/69 2084/45/69 2079/45/69 2078/45/69
f 2083/45/69 2080/45/69 2078/45/69 2081/45/69
f 2082/45/4 2081/45/4 2074/45/4 2015/45/4
f 2020/45/69 2083/45/69 2081/45/69 2082/45/69
f 2023/45/69 2028/45/69 2080/45/69 2083/45/69
f 2028/45/69 2031/45/69 2084/45/69 2080/45/69
f 2077/45/71 2079/45/71 2084/45/71 2037/45/71
s 0
f 2089/45/183 2085/45/183 2086/45/183 2091/45/183
f 2085/45/184 2087/45/184 2655/45/184 2086/45/184
f 2088/45/185 2656/45/185 2087/45/185 2085/45/185
f 2092/45/186 2088/45/186 2085/45/186 2089/45/186
f 2094/45/187 2092/45/187 2089/45/187 2090/45/187
f 2090/45/188 2089/45/188 2091/45/188 2104/45/188
f 2093/45/189 2659/45/189 2088/45/189 2092/45/189
f 2095/45/190 2093/45/190 2092/45/190 2094/45/190
f 2097/45/191 2095/45/191 2094/45/191 2096/45/191
f 2096/45/192 2094/45/192 2090/45/192 2099/45/192
f 2139/45/193 2097/45/193 2096/45/193 2098/45/193
f 2098/45/194 2096/45/194 2099/45/194 2100/45/194
f 2100/45/195 2099/45/195 2101/45/195 2102/45/195
f 2099/45/196 2090/45/196 2104/45/196 2101/45/196
f 2102/45/197 2101/45/197 2103/45/197 2151/45/197
f 2101/45/198 2104/45/198 2105/45/198 2103/45/198
f 2104/45/199 2091/45/199 2107/45/199 2105/45/199
f 2103/45/200 2105/45/200 2106/45/200 2154/45/200
f 2105/45/201 2107/45/201 2108/45/201 2106/45/201
f 2091/45/202 2086/45/202 2109/45/202 2107/45/202
f 2107/45/203 2109/45/203 2111/45/203 2108/45/203
f 2086/45/204 2655/45/204 2110/45/204 2109/45/204
f 2109/45/205 2110/45/205 2112/45/205 2111/45/205
f 2111/45/206 2112/45/206 2114/45/206 2113/45/206
f 2108/45/207 2111/45/207 2113/45/207 2116/45/207
f 2113/45/208 2114/45/208 2660/45/208 2115/45/208
f 2116/45/209 2113/45/209 2115/45/209 2118/45/209
f 2106/45/210 2108/45/210 2116/45/210 2117/45/210
f 2117/45/211 2116/45/211 2118/45/211 2119/45/211
f 2119/45/212 2118/45/212 2120/45/212 2121/45/212
f 2118/45/213 2115/45/213 2123/45/213 2120/45/213
f 2121/45/214 2120/45/214 2122/45/214 2162/45/214
f 2120/45/215 2123/45/215 2125/45/215 2122/45/215
f 2115/45/216 2660/45/216 2124/45/216 2123/45/216
f 2123/45/217 2124/45/217 2126/45/217 2125/45/217
f 2125/45/218 2126/45/218 2128/45/218 2127/45/218
f 2122/45/219 2125/45/219 2127/45/219 2130/45/219
f 2127/45/220 2128/45/220 2658/45/220 2129/45/220
f 2130/45/221 2127/45/221 2129/45/221 2132/45/221
f 2162/45/222 2122/45/222 2130/45/222 2131/45/222
f 2131/45/223 2130/45/223 2132/45/223 2133/45/223
f 2133/45/224 2132/45/224 2093/45/224 2095/45/224
f 2132/45/225 2129/45/225 2659/45/225 2093/45/225
f 2135/45/226 2131/45/226 2133/45/226 2134/45/226
f 2134/45/227 2133/45/227 2095/45/227 2097/45/227
f 2137/45/228 2135/45/228 2134/45/228 2136/45/228
f 2136/45/229 2134/45/229 2097/45/229 2139/45/229
f 2166/45/230 2137/45/230 2136/45/230 2138/45/230
f 2138/45/231 2136/45/231 2139/45/231 2140/45/231
f 2140/45/232 2139/45/232 2098/45/232 2142/45/232
f 2169/45/233 2138/45/233 2140/45/233 2141/45/233
f 2141/45/234 2140/45/234 2142/45/234 2143/45/234
f 2143/45/235 2142/45/235 2144/45/235 2145/45/235
f 2142/45/236 2098/45/236 2100/45/236 2144/45/236
f 2145/45/237 2144/45/237 2146/45/237 2147/45/237
f 2144/45/238 2100/45/238 2102/45/238 2146/45/238
f 2147/45/239 2146/45/239 2148/45/239 2149/45/239
f 2146/45/240 2102/45/240 2151/45/240 2148/45/240
f 2149/45/241 2148/45/241 2150/45/241 2185/45/241
f 2148/45/242 2151/45/242 2152/45/242 2150/45/242
f 2151/45/243 2103/45/243 2154/45/243 2152/45/243
f 2150/45/244 2152/45/244 2153/45/244 2188/45/244
f 2152/45/245 2154/45/245 2155/45/245 2153/45/245
f 2154/45/246 2106/45/246 2117/45/246 2155/45/246
f 2153/45/247 2155/45/247 2156/45/247 2157/45/247
f 2155/45/248 2117/45/248 2119/45/248 2156/45/248
f 2157/45/249 2156/45/249 2158/45/249 2159/45/249
f 2156/45/250 2119/45/250 2121/45/250 2158/45/250
f 2159/45/251 2158/45/251 2160/45/251 2161/45/251
f 2158/45/252 2121/45/252 2162/45/252 2160/45/252
f 2161/45/253 2160/45/253 2135/45/253 2137/45/253
f 2160/45/254 2162/45/254 2131/45/254 2135/45/254
f 2164/45/255 2159/45/255 2161/45/255 2163/45/255
f 2163/45/256 2161/45/256 2137/45/256 2166/45/256
f 2191/45/257 2164/45/257 2163/45/257 2165/45/257
f 2165/45/258 2163/45/258 2166/45/258 2167/45/258
f 2167/45/259 2166/45/259 2138/45/259 2169/45/259
f 2194/45/260 2165/45/260 2167/45/260 2168/45/260
f 2168/45/261 2167/45/261 2169/45/261 2170/45/261
f 2170/45/262 2169/45/262 2141/45/262 2172/45/262
f 2197/45/263 2168/45/263 2170/45/263 2171/45/263
f 2171/45/264 2170/45/264 2172/45/264 2173/45/264
f 2173/45/265 2172/45/265 2174/45/265 2175/45/265
f 2172/45/266 2141/45/266 2143/45/266 2174/45/266
f 2175/45/267 2174/45/267 2176/45/267 2177/45/267
f 2174/45/476 2143/45/476 2145/45/476 2176/45/476
f 2177/45/269 2176/45/269 2178/45/269 2179/45/269
f 2176/45/270 2145/45/270 2147/45/270 2178/45/270
f 2179/45/271 2178/45/271 2180/45/271 2181/45/271
f 2178/45/272 2147/45/272 2149/45/272 2180/45/272
f 2181/45/273 2180/45/273 2182/45/273 2183/45/273
f 2180/45/274 2149/45/274 2185/45/274 2182/45/274
f 2183/45/275 2182/45/275 2184/45/275 2217/45/275
f 2182/45/276 2185/45/276 2186/45/276 2184/45/276
f 2185/45/277 2150/45/277 2188/45/277 2186/45/277
f 2184/45/278 2186/45/278 2187/45/278 2190/45/278
f 2186/45/279 2188/45/279 2189/45/279 2187/45/279
f 2188/45/280 2153/45/280 2157/45/280 2189/45/280
f 2187/45/281 2189/45/281 2164/45/281 2191/45/281
f 2189/45/282 2157/45/282 2159/45/282 2164/45/282
f 2190/45/475 2187/45/475 2191/45/475 2192/45/475
f 2192/45/284 2191/45/284 2165/45/284 2194/45/284
f 2218/45/285 2190/45/285 2192/45/285 2193/45/285
f 2193/45/286 2192/45/286 2194/45/286 2195/45/286
f 2195/45/287 2194/45/287 2168/45/287 2197/45/287
f 2220/45/288 2193/45/288 2195/45/288 2196/45/288
f 2196/45/289 2195/45/289 2197/45/289 2198/45/289
f 2198/45/290 2197/45/290 2171/45/290 2200/45/290
f 2223/45/291 2196/45/291 2198/45/291 2199/45/291
f 2199/45/292 2198/45/292 2200/45/292 2201/45/292
f 2201/45/293 2200/45/293 2202/45/293 2203/45/293
f 2200/45/294 2171/45/294 2173/45/294 2202/45/294
f 2203/45/295 2202/45/295 2204/45/295 2205/45/295
f 2202/45/296 2173/45/296 2175/45/296 2204/45/296
f 2205/45/297 2204/45/297 2206/45/297 2207/45/297
f 2204/45/298 2175/45/298 2177/45/298 2206/45/298
f 2207/45/299 2206/45/299 2208/45/299 2209/45/299
f 2206/45/300 2177/45/300 2179/45/300 2208/45/300
f 2209/45/301 2208/45/301 2210/45/301 2211/45/301
f 2208/45/302 2179/45/302 2181/45/302 2210/45/302
f 2211/45/303 2210/45/303 2212/45/303 2213/45/303
f 2210/45/304 2181/45/304 2183/45/304 2212/45/304
f 2213/45/305 2212/45/305 2214/45/305 2215/45/305
f 2212/45/306 2183/45/306 2217/45/306 2214/45/306
f 2215/45/486 2214/45/486 2216/45/486 2219/45/486
f 2214/45/308 2217/45/308 2218/45/308 2216/45/308
f 2217/45/309 2184/45/309 2190/45/309 2218/45/309
f 2216/45/310 2218/45/310 2193/45/310 2220/45/310
f 2219/45/311 2216/45/311 2220/45/311 2221/45/311
f 2221/45/312 2220/45/312 2196/45/312 2223/45/312
f 2244/45/313 2219/45/313 2221/45/313 2222/45/313
f 2222/45/314 2221/45/314 2223/45/314 2224/45/314
f 2224/45/315 2223/45/315 2199/45/315 2226/45/315
f 2247/45/316 2222/45/316 2224/45/316 2225/45/316
f 2225/45/317 2224/45/317 2226/45/317 2227/45/317
f 2227/45/318 2226/45/318 2228/45/318 2229/45/318
f 2226/45/319 2199/45/319 2201/45/319 2228/45/319
f 2229/45/320 2228/45/320 2230/45/320 2231/45/320
f 2228/45/321 2201/45/321 2203/45/321 2230/45/321
f 2231/45/322 2230/45/322 2232/45/322 2233/45/322
f 2230/45/323 2203/45/323 2205/45/323 2232/45/323
f 2233/45/324 2232/45/324 2234/45/324 2235/45/324
f 2232/45/325 2205/45/325 2207/45/325 2234/45/325
f 2235/45/326 2234/45/326 2236/45/326 2237/45/326
f 2234/45/327 2207/45/327 2209/45/327 2236/45/327
f 2237/45/328 2236/45/328 2238/45/328 2239/45/328
f 2236/45/329 2209/45/329 2211/45/329 2238/45/329
f 2239/45/330 2238/45/330 2240/45/330 2241/45/330
f 2238/45/331 2211/45/331 2213/45/331 2240/45/331
f 2241/45/332 2240/45/332 2242/45/332 2243/45/332
f 2240/45/333 2213/45/333 2215/45/333 2242/45/333
f 2243/45/334 2242/45/334 2244/45/334 2245/45/334
f 2242/45/335 2215/45/335 2219/45/335 2244/45/335
f 2245/45/336 2244/45/336 2222/45/336 2247/45/336
f 2268/45/337 2243/45/337 2245/45/337 2246/45/337
f 2246/45/338 2245/45/338 2247/45/338 2248/45/338
f 2248/45/339 2247/45/339 2225/45/339 2250/45/339
f 2271/45/340 2246/45/340 2248/45/340 2249/45/340
f 2249/45/341 2248/45/341 2250/45/341 2251/45/341
f 2251/45/342 2250/45/342 2252/45/342 2253/45/342
f 2250/45/343 2225/45/343 2227/45/343 2252/45/343
f 2253/45/344 2252/45/344 2254/45/344 2255/45/344
f 2252/45/345 2227/45/345 2229/45/345 2254/45/345
f 2255/45/346 2254/45/346 2256/45/346 2257/45/346
f 2254/45/347 2229/45/347 2231/45/347 2256/45/347
f 2257/45/348 2256/45/348 2258/45/348 2259/45/348
f 2256/45/349 2231/45/349 2233/45/349 2258/45/349
f 2259/45/350 2258/45/350 2260/45/350 2261/45/350
f 2258/45/351 2233/45/351 2235/45/351 2260/45/351
f 2261/45/352 2260/45/352 2262/45/352 2263/45/352
f 2260/45/353 2235/45/353 2237/45/353 2262/45/353
f 2263/45/354 2262/45/354 2264/45/354 2265/45/354
f 2262/45/355 2237/45/355 2239/45/355 2264/45/355
f 2265/45/356 2264/45/356 2266/45/356 2267/45/356
f 2264/45/357 2239/45/357 2241/45/357 2266/45/357
f 2267/45/358 2266/45/358 2268/45/358 2269/45/358
f 2266/45/359 2241/45/359 2243/45/359 2268/45/359
f 2269/45/360 2268/45/360 2246/45/360 2271/45/360
f 2292/45/361 2267/45/361 2269/45/361 2270/45/361
f 2270/45/362 2269/45/362 2271/45/362 2272/45/362
f 2272/45/363 2271/45/363 2249/45/363 2274/45/363
f 2295/45/364 2270/45/364 2272/45/364 2273/45/364
f 2273/45/365 2272/45/365 2274/45/365 2275/45/365
f 2275/45/366 2274/45/366 2276/45/366 2277/45/366
f 2274/45/367 2249/45/367 2251/45/367 2276/45/367
f 2277/45/368 2276/45/368 2278/45/368 2279/45/368
f 2276/45/369 2251/45/369 2253/45/369 2278/45/369
f 2279/45/370 2278/45/370 2280/45/370 2281/45/370
f 2278/45/371 2253/45/371 2255/45/371 2280/45/371
f 2281/45/372 2280/45/372 2282/45/372 2283/45/372
f 2280/45/373 2255/45/373 2257/45/373 2282/45/373
f 2283/45/374 2282/45/374 2284/45/374 2285/45/374
f 2282/45/375 2257/45/375 2259/45/375 2284/45/375
f 2285/45/376 2284/45/376 2286/45/376 2287/45/376
f 2284/45/377 2259/45/377 2261/45/377 2286/45/377
f 2287/45/378 2286/45/378 2288/45/378 2289/45/378
f 2286/45/379 2261/45/379 2263/45/379 2288/45/379
f 2289/45/380 2288/45/380 2290/45/380 2291/45/380
f 2288/45/381 2263/45/381 2265/45/381 2290/45/381
f 2291/45/382 2290/45/382 2292/45/382 2293/45/382
f 2290/45/383 2265/45/383 2267/45/383 2292/45/383
f 2293/45/384 2292/45/384 2270/45/384 2295/45/384
f 2316/45/385 2291/45/385 2293/45/385 2294/45/385
f 2294/45/386 2293/45/386 2295/45/386 2296/45/386
f 2296/45/387 2295/45/387 2273/45/387 2298/45/387
f 2319/45/388 2294/45/388 2296/45/388 2297/45/388
f 2297/45/389 2296/45/389 2298/45/389 2299/45/389
f 2299/45/390 2298/45/390 2300/45/390 2301/45/390
f 2298/45/391 2273/45/391 2275/45/391 2300/45/391
f 2301/45/392 2300/45/392 2302/45/392 2303/45/392
f 2300/45/393 2275/45/393 2277/45/393 2302/45/393
f 2303/45/394 2302/45/394 2304/45/394 2305/45/394
f 2302/45/395 2277/45/395 2279/45/395 2304/45/395
f 2305/45/396 2304/45/396 2306/45/396 2307/45/396
f 2304/45/397 2279/45/397 2281/45/397 2306/45/397
f 2307/45/398 2306/45/398 2308/45/398 2309/45/398
f 2306/45/399 2281/45/399 2283/45/399 2308/45/399
f 2309/45/400 2308/45/400 2310/45/400 2311/45/400
f 2308/45/401 2283/45/401 2285/45/401 2310/45/401
f 2311/45/478 2310/45/478 2312/45/478 2313/45/478
f 2310/45/403 2285/45/403 2287/45/403 2312/45/403
f 2313/45/477 2312/45/477 2314/45/477 2315/45/477
f 2312/45/405 2287/45/405 2289/45/405 2314/45/405
f 2315/45/406 2314/45/406 2316/45/406 2317/45/406
f 2314/45/407 2289/45/407 2291/45/407 2316/45/407
f 2317/45/408 2316/45/408 2294/45/408 2319/45/408
f 2340/45/409 2315/45/409 2317/45/409 2318/45/409
f 2318/45/410 2317/45/410 2319/45/410 2320/45/410
f 2320/45/411 2319/45/411 2297/45/411 2322/45/411
f 2343/45/412 2318/45/412 2320/45/412 2321/45/412
f 2321/45/413 2320/45/413 2322/45/413 2323/45/413
f 2323/45/414 2322/45/414 2324/45/414 2325/45/414
f 2322/45/415 2297/45/415 2299/45/415 2324/45/415
f 2325/45/416 2324/45/416 2326/45/416 2327/45/416
f 2324/45/417 2299/45/417 2301/45/417 2326/45/417
f 2327/45/418 2326/45/418 2328/45/418 2329/45/418
f 2326/45/419 2301/45/419 2303/45/419 2328/45/419
f 2329/45/420 2328/45/420 2330/45/420 2331/45/420
f 2328/45/421 2303/45/421 2305/45/421 2330/45/421
f 2331/45/422 2330/45/422 2332/45/422 2333/45/422
f 2330/45/423 2305/45/423 2307/45/423 2332/45/423
f 2333/45/424 2332/45/424 2334/45/424 2335/45/424
f 2332/45/425 2307/45/425 2309/45/425 2334/45/425
f 2335/45/426 2334/45/426 2336/45/426 2337/45/426
f 2334/45/427 2309/45/427 2311/45/427 2336/45/427
f 2337/45/428 2336/45/428 2338/45/428 2339/45/428
f 2336/45/429 2311/45/429 2313/45/429 2338/45/429
f 2339/45/430 2338/45/430 2340/45/430 2341/45/430
f 2338/45/431 2313/45/431 2315/45/431 2340/45/431
f 2341/45/432 2340/45/432 2318/45/432 2343/45/432
f 2364/45/433 2339/45/433 2341/45/433 2342/45/433
f 2342/45/434 2341/45/434 2343/45/434 2344/45/434
f 2344/45/435 2343/45/435 2321/45/435 2346/45/435
f 2367/45/436 2342/45/436 2344/45/436 2345/45/436
f 2345/45/437 2344/45/437 2346/45/437 2347/45/437
f 2347/45/438 2346/45/438 2348/45/438 2349/45/438
f 2346/45/439 2321/45/439 2323/45/439 2348/45/439
f 2349/45/440 2348/45/440 2350/45/440 2351/45/440
f 2348/45/441 2323/45/441 2325/45/441 2350/45/441
f 2351/45/442 2350/45/442 2352/45/442 2353/45/442
f 2350/45/443 2325/45/443 2327/45/443 2352/45/443
f 2353/45/444 2352/45/444 2354/45/444 2355/45/444
f 2352/45/445 2327/45/445 2329/45/445 2354/45/445
f 2355/45/446 2354/45/446 2356/45/446 2357/45/446
f 2354/45/447 2329/45/447 2331/45/447 2356/45/447
f 2357/45/448 2356/45/448 2358/45/448 2359/45/448
f 2356/45/449 2331/45/449 2333/45/449 2358/45/449
f 2359/45/450 2358/45/450 2360/45/450 2361/45/450
f 2358/45/451 2333/45/451 2335/45/451 2360/45/451
f 2361/45/452 2360/45/452 2362/45/452 2363/45/452
f 2360/45/453 2335/45/453 2337/45/453 2362/45/453
f 2363/45/454 2362/45/454 2364/45/454 2365/45/454
f 2362/45/455 2337/45/455 2339/45/455 2364/45/455
f 2365/45/456 2364/45/456 2342/45/456 2367/45/456
f 2388/45/457 2363/45/457 2365/45/457 2366/45/457
f 2366/45/458 2365/45/458 2367/45/458 2368/45/458
f 2368/45/459 2367/45/459 2345/45/459 2370/45/459
f 2391/45/216 2366/45/216 2368/45/216 2369/45/216
f 2369/45/208 2368/45/208 2370/45/208 2371/45/208
f 2371/45/206 2370/45/206 2372/45/206 2373/45/206
f 2370/45/460 2345/45/460 2347/45/460 2372/45/460
f 2373/45/205 2372/45/205 2374/45/205 2375/45/205
f 2372/45/461 2347/45/461 2349/45/461 2374/45/461
f 2375/45/204 2374/45/204 2376/45/204 2377/45/204
f 2374/45/462 2349/45/462 2351/45/462 2376/45/462
f 2377/45/184 2376/45/184 2378/45/184 2379/45/184
f 2376/45/463 2351/45/463 2353/45/463 2378/45/463
f 2379/45/185 2378/45/185 2380/45/185 2381/45/185
f 2378/45/464 2353/45/464 2355/45/464 2380/45/464
f 2381/45/465 2380/45/465 2382/45/465 2383/45/465
f 2380/45/466 2355/45/466 2357/45/466 2382/45/466
f 2383/45/467 2382/45/467 2384/45/467 2385/45/467
f 2382/45/468 2357/45/468 2359/45/468 2384/45/468
f 2385/45/220 2384/45/220 2386/45/220 2387/45/220
f 2384/45/469 2359/45/469 2361/45/469 2386/45/469
f 2387/45/218 2386/45/218 2388/45/218 2389/45/218
f 2386/45/470 2361/45/470 2363/45/470 2388/45/470
f 2389/45/217 2388/45/217 2366/45/217 2391/45/217
f 2412/45/219 2387/45/219 2389/45/219 2390/45/219
f 2390/45/215 2389/45/215 2391/45/215 2392/45/215
f 2392/45/213 2391/45/213 2369/45/213 2394/45/213
f 2415/45/214 2390/45/214 2392/45/214 2393/45/214
f 2393/45/212 2392/45/212 2394/45/212 2395/45/212
f 2395/45/211 2394/45/211 2396/45/211 2397/45/211
f 2394/45/209 2369/45/209 2371/45/209 2396/45/209
f 2397/45/210 2396/45/210 2398/45/210 2399/45/210
f 2396/45/207 2371/45/207 2373/45/207 2398/45/207
f 2399/45/201 2398/45/201 2400/45/201 2401/45/201
f 2398/45/203 2373/45/203 2375/45/203 2400/45/203
f 2401/45/199 2400/45/199 2402/45/199 2403/45/199
f 2400/45/202 2375/45/202 2377/45/202 2402/45/202
f 2403/45/188 2402/45/188 2404/45/188 2405/45/188
f 2402/45/183 2377/45/183 2379/45/183 2404/45/183
f 2405/45/187 2404/45/187 2406/45/187 2407/45/187
f 2404/45/186 2379/45/186 2381/45/186 2406/45/186
f 2407/45/190 2406/45/190 2408/45/190 2409/45/190
f 2406/45/189 2381/45/189 2383/45/189 2408/45/189
f 2409/45/224 2408/45/224 2410/45/224 2411/45/224
f 2408/45/225 2383/45/225 2385/45/225 2410/45/225
f 2411/45/223 2410/45/223 2412/45/223 2413/45/223
f 2410/45/221 2385/45/221 2387/45/221 2412/45/221
f 2413/45/222 2412/45/222 2390/45/222 2415/45/222
f 2436/45/226 2411/45/226 2413/45/226 2414/45/226
f 2414/45/254 2413/45/254 2415/45/254 2416/45/254
f 2416/45/252 2415/45/252 2393/45/252 2418/45/252
f 2439/45/253 2414/45/253 2416/45/253 2417/45/253
f 2417/45/251 2416/45/251 2418/45/251 2419/45/251
f 2419/45/249 2418/45/249 2420/45/249 2421/45/249
f 2418/45/250 2393/45/250 2395/45/250 2420/45/250
f 2421/45/247 2420/45/247 2422/45/247 2423/45/247
f 2420/45/248 2395/45/248 2397/45/248 2422/45/248
f 2423/45/245 2422/45/245 2424/45/245 2425/45/245
f 2422/45/246 2397/45/246 2399/45/246 2424/45/246
f 2425/45/243 2424/45/243 2426/45/243 2427/45/243
f 2424/45/200 2399/45/200 2401/45/200 2426/45/200
f 2427/45/197 2426/45/197 2428/45/197 2429/45/197
f 2426/45/198 2401/45/198 2403/45/198 2428/45/198
f 2429/45/195 2428/45/195 2430/45/195 2431/45/195
f 2428/45/196 2403/45/196 2405/45/196 2430/45/196
f 2431/45/194 2430/45/194 2432/45/194 2433/45/194
f 2430/45/192 2405/45/192 2407/45/192 2432/45/192
f 2433/45/193 2432/45/193 2434/45/193 2435/45/193
f 2432/45/191 2407/45/191 2409/45/191 2434/45/191
f 2435/45/229 2434/45/229 2436/45/229 2437/45/229
f 2434/45/227 2409/45/227 2411/45/227 2436/45/227
f 2437/45/228 2436/45/228 2414/45/228 2439/45/228
f 2460/45/231 2435/45/231 2437/45/231 2438/45/231
f 2438/45/230 2437/45/230 2439/45/230 2440/45/230
f 2440/45/256 2439/45/256 2417/45/256 2442/45/256
f 2463/45/259 2438/45/259 2440/45/259 2441/45/259
f 2441/45/258 2440/45/258 2442/45/258 2443/45/258
f 2443/45/471 2442/45/471 2444/45/471 2445/45/471
f 2442/45/255 2417/45/255 2419/45/255 2444/45/255
f 2445/45/281 2444/45/281 2446/45/281 2447/45/281
f 2444/45/282 2419/45/282 2421/45/282 2446/45/282
f 2447/45/279 2446/45/279 2448/45/279 2449/45/279
f 2446/45/280 2421/45/280 2423/45/280 2448/45/280
f 2449/45/277 2448/45/277 2450/45/277 2451/45/277
f 2448/45/244 2423/45/244 2425/45/244 2450/45/244
f 2451/45/241 2450/45/241 2452/45/241 2453/45/241
f 2450/45/242 2425/45/242 2427/45/242 2452/45/242
f 2453/45/239 2452/45/239 2454/45/239 2455/45/239
f 2452/45/240 2427/45/240 2429/45/240 2454/45/240
f 2455/45/472 2454/45/472 2456/45/472 2457/45/472
f 2454/45/238 2429/45/238 2431/45/238 2456/45/238
f 2457/45/473 2456/45/473 2458/45/473 2459/45/473
f 2456/45/236 2431/45/236 2433/45/236 2458/45/236
f 2459/45/234 2458/45/234 2460/45/234 2461/45/234
f 2458/45/232 2433/45/232 2435/45/232 2460/45/232
f 2461/45/233 2460/45/233 2438/45/233 2463/45/233
f 2484/45/266 2459/45/266 2461/45/266 2462/45/266
f 2462/45/262 2461/45/262 2463/45/262 2464/45/262
f 2464/45/261 2463/45/261 2441/45/261 2466/45/261
f 2487/45/264 2462/45/264 2464/45/264 2465/45/264
f 2465/45/263 2464/45/263 2466/45/263 2467/45/263
f 2467/45/287 2466/45/287 2468/45/287 2469/45/287
f 2466/45/260 2441/45/260 2443/45/260 2468/45/260
f 2469/45/286 2468/45/286 2470/45/286 2471/45/286
f 2468/45/474 2443/45/474 2445/45/474 2470/45/474
f 2471/45/285 2470/45/285 2472/45/285 2473/45/285
f 2470/45/283 2445/45/283 2447/45/283 2472/45/283
f 2473/45/309 2472/45/309 2474/45/309 2475/45/309
f 2472/45/278 2447/45/278 2449/45/278 2474/45/278
f 2475/45/275 2474/45/275 2476/45/275 2477/45/275
f 2474/45/276 2449/45/276 2451/45/276 2476/45/276
f 2477/45/273 2476/45/273 2478/45/273 2479/45/273
f 2476/45/274 2451/45/274 2453/45/274 2478/45/274
f 2479/45/271 2478/45/271 2480/45/271 2481/45/271
f 2478/45/272 2453/45/272 2455/45/272 2480/45/272
f 2481/45/269 2480/45/269 2482/45/269 2483/45/269
f 2480/45/270 2455/45/270 2457/45/270 2482/45/270
f 2483/45/267 2482/45/267 2484/45/267 2485/45/267
f 2482/45/268 2457/45/268 2459/45/268 2484/45/268
f 2485/45/265 2484/45/265 2462/45/265 2487/45/265
f 2508/45/298 2483/45/298 2485/45/298 2486/45/298
f 2486/45/296 2485/45/296 2487/45/296 2488/45/296
f 2488/45/294 2487/45/294 2465/45/294 2490/45/294
f 2511/45/295 2486/45/295 2488/45/295 2489/45/295
f 2489/45/293 2488/45/293 2490/45/293 2491/45/293
f 2491/45/292 2490/45/292 2492/45/292 2493/45/292
f 2490/45/290 2465/45/290 2467/45/290 2492/45/290
f 2493/45/291 2492/45/291 2494/45/291 2495/45/291
f 2492/45/289 2467/45/289 2469/45/289 2494/45/289
f 2495/45/312 2494/45/312 2496/45/312 2497/45/312
f 2494/45/288 2469/45/288 2471/45/288 2496/45/288
f 2497/45/311 2496/45/311 2498/45/311 2499/45/311
f 2496/45/310 2471/45/310 2473/45/310 2498/45/310
f 2499/45/307 2498/45/307 2500/45/307 2501/45/307
f 2498/45/308 2473/45/308 2475/45/308 2500/45/308
f 2501/45/305 2500/45/305 2502/45/305 2503/45/305
f 2500/45/306 2475/45/306 2477/45/306 2502/45/306
f 2503/45/303 2502/45/303 2504/45/303 2505/45/303
f 2502/45/304 2477/45/304 2479/45/304 2504/45/304
f 2505/45/301 2504/45/301 2506/45/301 2507/45/301
f 2504/45/302 2479/45/302 2481/45/302 2506/45/302
f 2507/45/299 2506/45/299 2508/45/299 2509/45/299
f 2506/45/300 2481/45/300 2483/45/300 2508/45/300
f 2509/45/297 2508/45/297 2486/45/297 2511/45/297
f 2532/45/327 2507/45/327 2509/45/327 2510/45/327
f 2510/45/325 2509/45/325 2511/45/325 2512/45/325
f 2512/45/323 2511/45/323 2489/45/323 2514/45/323
f 2535/45/324 2510/45/324 2512/45/324 2513/45/324
f 2513/45/322 2512/45/322 2514/45/322 2515/45/322
f 2515/45/320 2514/45/320 2516/45/320 2517/45/320
f 2514/45/321 2489/45/321 2491/45/321 2516/45/321
f 2517/45/318 2516/45/318 2518/45/318 2519/45/318
f 2516/45/319 2491/45/319 2493/45/319 2518/45/319
f 2519/45/317 2518/45/317 2520/45/317 2521/45/317
f 2518/45/315 2493/45/315 2495/45/315 2520/45/315
f 2521/45/316 2520/45/316 2522/45/316 2523/45/316
f 2520/45/314 2495/45/314 2497/45/314 2522/45/314
f 2523/45/336 2522/45/336 2524/45/336 2525/45/336
f 2522/45/313 2497/45/313 2499/45/313 2524/45/313
f 2525/45/334 2524/45/334 2526/45/334 2527/45/334
f 2524/45/335 2499/45/335 2501/45/335 2526/45/335
f 2527/45/332 2526/45/332 2528/45/332 2529/45/332
f 2526/45/333 2501/45/333 2503/45/333 2528/45/333
f 2529/45/330 2528/45/330 2530/45/330 2531/45/330
f 2528/45/331 2503/45/331 2505/45/331 2530/45/331
f 2531/45/328 2530/45/328 2532/45/328 2533/45/328
f 2530/45/329 2505/45/329 2507/45/329 2532/45/329
f 2533/45/326 2532/45/326 2510/45/326 2535/45/326
f 2556/45/355 2531/45/355 2533/45/355 2534/45/355
f 2534/45/353 2533/45/353 2535/45/353 2536/45/353
f 2536/45/351 2535/45/351 2513/45/351 2538/45/351
f 2559/45/352 2534/45/352 2536/45/352 2537/45/352
f 2537/45/350 2536/45/350 2538/45/350 2539/45/350
f 2539/45/348 2538/45/348 2540/45/348 2541/45/348
f 2538/45/349 2513/45/349 2515/45/349 2540/45/349
f 2541/45/346 2540/45/346 2542/45/346 2543/45/346
f 2540/45/347 2515/45/347 2517/45/347 2542/45/347
f 2543/45/344 2542/45/344 2544/45/344 2545/45/344
f 2542/45/345 2517/45/345 2519/45/345 2544/45/345
f 2545/45/342 2544/45/342 2546/45/342 2547/45/342
f 2544/45/343 2519/45/343 2521/45/343 2546/45/343
f 2547/45/341 2546/45/341 2548/45/341 2549/45/341
f 2546/45/339 2521/45/339 2523/45/339 2548/45/339
f 2549/45/340 2548/45/340 2550/45/340 2551/45/340
f 2548/45/338 2523/45/338 2525/45/338 2550/45/338
f 2551/45/360 2550/45/360 2552/45/360 2553/45/360
f 2550/45/337 2525/45/337 2527/45/337 2552/45/337
f 2553/45/358 2552/45/358 2554/45/358 2555/45/358
f 2552/45/359 2527/45/359 2529/45/359 2554/45/359
f 2555/45/356 2554/45/356 2556/45/356 2557/45/356
f 2554/45/357 2529/45/357 2531/45/357 2556/45/357
f 2557/45/354 2556/45/354 2534/45/354 2559/45/354
f 2580/45/383 2555/45/383 2557/45/383 2558/45/383
f 2558/45/381 2557/45/381 2559/45/381 2560/45/381
f 2560/45/379 2559/45/379 2537/45/379 2562/45/379
f 2583/45/380 2558/45/380 2560/45/380 2561/45/380
f 2561/45/378 2560/45/378 2562/45/378 2563/45/378
f 2563/45/376 2562/45/376 2564/45/376 2565/45/376
f 2562/45/377 2537/45/377 2539/45/377 2564/45/377
f 2565/45/374 2564/45/374 2566/45/374 2567/45/374
f 2564/45/375 2539/45/375 2541/45/375 2566/45/375
f 2567/45/372 2566/45/372 2568/45/372 2569/45/372
f 2566/45/373 2541/45/373 2543/45/373 2568/45/373
f 2569/45/370 2568/45/370 2570/45/370 2571/45/370
f 2568/45/371 2543/45/371 2545/45/371 2570/45/371
f 2571/45/368 2570/45/368 2572/45/368 2573/45/368
f 2570/45/369 2545/45/369 2547/45/369 2572/45/369
f 2573/45/366 2572/45/366 2574/45/366 2575/45/366
f 2572/45/367 2547/45/367 2549/45/367 2574/45/367
f 2575/45/365 2574/45/365 2576/45/365 2577/45/365
f 2574/45/363 2549/45/363 2551/45/363 2576/45/363
f 2577/45/364 2576/45/364 2578/45/364 2579/45/364
f 2576/45/362 2551/45/362 2553/45/362 2578/45/362
f 2579/45/384 2578/45/384 2580/45/384 2581/45/384
f 2578/45/361 2553/45/361 2555/45/361 2580/45/361
f 2581/45/382 2580/45/382 2558/45/382 2583/45/382
f 2604/45/386 2579/45/386 2581/45/386 2582/45/386
f 2582/45/385 2581/45/385 2583/45/385 2584/45/385
f 2584/45/407 2583/45/407 2561/45/407 2586/45/407
f 2607/45/408 2582/45/408 2584/45/408 2585/45/408
f 2585/45/406 2584/45/406 2586/45/406 2587/45/406
f 2587/45/477 2586/45/477 2588/45/477 2589/45/477
f 2586/45/405 2561/45/405 2563/45/405 2588/45/405
f 2589/45/478 2588/45/478 2590/45/478 2591/45/478
f 2588/45/403 2563/45/403 2565/45/403 2590/45/403
f 2591/45/400 2590/45/400 2592/45/400 2593/45/400
f 2590/45/401 2565/45/401 2567/45/401 2592/45/401
f 2593/45/398 2592/45/398 2594/45/398 2595/45/398
f 2592/45/399 2567/45/399 2569/45/399 2594/45/399
f 2595/45/396 2594/45/396 2596/45/396 2597/45/396
f 2594/45/397 2569/45/397 2571/45/397 2596/45/397
f 2597/45/394 2596/45/394 2598/45/394 2599/45/394
f 2596/45/395 2571/45/395 2573/45/395 2598/45/395
f 2599/45/479 2598/45/479 2600/45/479 2601/45/479
f 2598/45/393 2573/45/393 2575/45/393 2600/45/393
f 2601/45/390 2600/45/390 2602/45/390 2603/45/390
f 2600/45/391 2575/45/391 2577/45/391 2602/45/391
f 2603/45/389 2602/45/389 2604/45/389 2605/45/389
f 2602/45/387 2577/45/387 2579/45/387 2604/45/387
f 2605/45/388 2604/45/388 2582/45/388 2607/45/388
f 2628/45/415 2603/45/415 2605/45/415 2606/45/415
f 2606/45/411 2605/45/411 2607/45/411 2608/45/411
f 2608/45/410 2607/45/410 2585/45/410 2610/45/410
f 2631/45/413 2606/45/413 2608/45/413 2609/45/413
f 2609/45/412 2608/45/412 2610/45/412 2611/45/412
f 2611/45/432 2610/45/432 2612/45/432 2613/45/432
f 2610/45/409 2585/45/409 2587/45/409 2612/45/409
f 2613/45/430 2612/45/430 2614/45/430 2615/45/430
f 2612/45/431 2587/45/431 2589/45/431 2614/45/431
f 2615/45/428 2614/45/428 2616/45/428 2617/45/428
f 2614/45/487 2589/45/487 2591/45/487 2616/45/487
f 2617/45/426 2616/45/426 2618/45/426 2619/45/426
f 2616/45/427 2591/45/427 2593/45/427 2618/45/427
f 2619/45/424 2618/45/424 2620/45/424 2621/45/424
f 2618/45/425 2593/45/425 2595/45/425 2620/45/425
f 2621/45/422 2620/45/422 2622/45/422 2623/45/422
f 2620/45/423 2595/45/423 2597/45/423 2622/45/423
f 2623/45/420 2622/45/420 2624/45/420 2625/45/420
f 2622/45/421 2597/45/421 2599/45/421 2624/45/421
f 2625/45/418 2624/45/418 2626/45/418 2627/45/418
f 2624/45/419 2599/45/419 2601/45/419 2626/45/419
f 2627/45/416 2626/45/416 2628/45/416 2629/45/416
f 2626/45/417 2601/45/417 2603/45/417 2628/45/417
f 2629/45/414 2628/45/414 2606/45/414 2631/45/414
f 2652/45/443 2627/45/443 2629/45/443 2630/45/443
f 2630/45/441 2629/45/441 2631/45/441 2632/45/441
f 2632/45/439 2631/45/439 2609/45/439 2634/45/439
f 2654/45/440 2630/45/440 2632/45/440 2633/45/440
f 2633/45/438 2632/45/438 2634/45/438 2635/45/438
f 2635/45/437 2634/45/437 2636/45/437 2637/45/437
f 2634/45/435 2609/45/435 2611/45/435 2636/45/435
f 2637/45/436 2636/45/436 2638/45/436 2639/45/436
f 2636/45/434 2611/45/434 2613/45/434 2638/45/434
f 2639/45/456 2638/45/456 2640/45/456 2641/45/456
f 2638/45/433 2613/45/433 2615/45/433 2640/45/433
f 2641/45/454 2640/45/454 2642/45/454 2643/45/454
f 2640/45/455 2615/45/455 2617/45/455 2642/45/455
f 2643/45/452 2642/45/452 2644/45/452 2645/45/452
f 2642/45/453 2617/45/453 2619/45/453 2644/45/453
f 2645/45/450 2644/45/450 2646/45/450 2647/45/450
f 2644/45/451 2619/45/451 2621/45/451 2646/45/451
f 2647/45/448 2646/45/448 2648/45/448 2649/45/448
f 2646/45/449 2621/45/449 2623/45/449 2648/45/449
f 2649/45/446 2648/45/446 2650/45/446 2651/45/446
f 2648/45/447 2623/45/447 2625/45/447 2650/45/447
f 2651/45/444 2650/45/444 2652/45/444 2653/45/444
f 2650/45/445 2625/45/445 2627/45/445 2652/45/445
f 2653/45/442 2652/45/442 2630/45/442 2654/45/442
f 2656/45/464 2651/45/464 2653/45/464 2087/45/464
f 2087/45/463 2653/45/463 2654/45/463 2655/45/463
f 2655/45/462 2654/45/462 2633/45/462 2110/45/462
f 2657/45/466 2649/45/466 2651/45/466 2656/45/466
f 2659/45/465 2657/45/465 2656/45/465 2088/45/465
f 2658/45/468 2647/45/468 2649/45/468 2657/45/468
f 2129/45/467 2658/45/467 2657/45/467 2659/45/467
f 2128/45/469 2645/45/469 2647/45/469 2658/45/469
f 2126/45/470 2643/45/470 2645/45/470 2128/45/470
f 2124/45/457 2641/45/457 2643/45/457 2126/45/457
f 2660/45/458 2639/45/458 2641/45/458 2124/45/458
f 2114/45/459 2637/45/459 2639/45/459 2660/45/459
f 2112/45/460 2635/45/460 2637/45/460 2114/45/460
f 2110/45/461 2633/45/461 2635/45/461 2112/45/461
s 1
f 2661/45/488 2663/45/488 2765/45/488 2662/45/488
f 2664/45/489 2661/45/489 2662/45/489 2760/45/489
f 2665/45/490 2666/45/490 2663/45/490 2661/45/490
f 2667/45/491 2665/45/491 2661/45/491 2664/45/491
f 2668/45/492 2669/45/492 2666/45/492 2665/45/492
f 2670/45/493 2668/45/493 2665/45/493 2667/45/493
f 2671/45/494 2672/45/494 2669/45/494 2668/45/494
f 2673/45/495 2671/45/495 2668/45/495 2670/45/495
f 2674/45/496 2675/45/496 2672/45/496 2671/45/496
f 2676/45/497 2674/45/497 2671/45/497 2673/45/497
f 2677/45/498 2678/45/498 2675/45/498 2674/45/498
f 2679/45/499 2677/45/499 2674/45/499 2676/45/499
f 2680/45/500 2682/45/500 2678/45/500 2677/45/500
f 2683/45/501 2680/45/501 2677/45/501 2679/45/501
f 2685/45/502 2681/45/502 2680/45/502 2683/45/502
f 2681/45/503 2834/45/503 2682/45/503 2680/45/503
f 2686/45/504 2685/45/504 2683/45/504 2684/45/504
f 2684/45/505 2683/45/505 2679/45/505 2853/45/505
f 2687/45/506 2688/45/506 2681/45/506 2685/45/506
f 2689/45/507 2687/45/507 2685/45/507 2686/45/507
f 2690/45/508 2691/45/508 2688/45/508 2687/45/508
f 2692/45/509 2690/45/509 2687/45/509 2689/45/509
f 2693/45/510 2694/45/510 2691/45/510 2690/45/510
f 2695/45/511 2693/45/511 2690/45/511 2692/45/511
f 2696/45/512 2697/45/512 2694/45/512 2693/45/512
f 2698/45/513 2696/45/513 2693/45/513 2695/45/513
f 2699/45/514 2700/45/514 2697/45/514 2696/45/514
f 2701/45/515 2699/45/515 2696/45/515 2698/45/515
f 2702/45/516 2704/45/516 2700/45/516 2699/45/516
f 2705/45/517 2702/45/517 2699/45/517 2701/45/517
f 2703/45/518 2827/45/518 2704/45/518 2702/45/518
f 2707/45/519 2703/45/519 2702/45/519 2705/45/519
f 2708/45/520 2707/45/520 2705/45/520 2706/45/520
f 2706/45/521 2705/45/521 2701/45/521 2869/45/521
f 2709/45/522 2710/45/522 2703/45/522 2707/45/522
f 2711/45/523 2709/45/523 2707/45/523 2708/45/523
f 2712/45/524 2713/45/524 2710/45/524 2709/45/524
f 2714/45/525 2712/45/525 2709/45/525 2711/45/525
f 2715/45/526 2716/45/526 2713/45/526 2712/45/526
f 2717/45/527 2715/45/527 2712/45/527 2714/45/527
f 2718/45/528 2719/45/528 2716/45/528 2715/45/528
f 2720/45/529 2718/45/529 2715/45/529 2717/45/529
f 2721/45/530 2722/45/530 2719/45/530 2718/45/530
f 2723/45/531 2721/45/531 2718/45/531 2720/45/531
f 2724/45/532 2726/45/532 2722/45/532 2721/45/532
f 2727/45/533 2724/45/533 2721/45/533 2723/45/533
f 2725/45/534 2835/45/534 2726/45/534 2724/45/534
f 2729/45/535 2725/45/535 2724/45/535 2727/45/535
f 2730/45/536 2729/45/536 2727/45/536 2728/45/536
f 2728/45/537 2727/45/537 2723/45/537 2878/45/537
f 2731/45/538 2732/45/538 2725/45/538 2729/45/538
f 2733/45/539 2731/45/539 2729/45/539 2730/45/539
f 2734/45/540 2735/45/540 2732/45/540 2731/45/540
f 2736/45/541 2734/45/541 2731/45/541 2733/45/541
f 2737/45/542 2738/45/542 2735/45/542 2734/45/542
f 2739/45/543 2737/45/543 2734/45/543 2736/45/543
f 2740/45/544 2741/45/544 2738/45/544 2737/45/544
f 2742/45/545 2740/45/545 2737/45/545 2739/45/545
f 2743/45/546 2744/45/546 2741/45/546 2740/45/546
f 2746/45/547 2743/45/547 2740/45/547 2742/45/547
f 2745/45/548 2754/45/548 2744/45/548 2743/45/548
f 2747/45/549 2745/45/549 2743/45/549 2746/45/549
f 2882/45/2 2883/45/2 2884/45/2 2749/45/2 2748/45/2 2747/45/2 2746/45/2 2742/45/2 2739/45/2 2736/45/2 2733/45/2 2730/45/2 2728/45/2 2878/45/2 2877/45/2 2876/45/2 2875/45/2 2874/45/2 2873/45/2 2872/45/2 2871/45/2 2870/45/2 2867/45/2 2865/45/2 2863/45/2 2861/45/2 2859/45/2 2857/45/2 2855/45/2 2879/45/2 2880/45/2 2881/45/2
f 2748/45/550 2750/45/550 2745/45/550 2747/45/550
f 2749/45/551 2751/45/551 2750/45/551 2748/45/551
f 2751/45/552 2755/45/552 2752/45/552 2750/45/552
f 2750/45/553 2752/45/553 2754/45/553 2745/45/553
f 2755/45/554 2757/45/554 2753/45/554 2752/45/554
f 2752/45/555 2753/45/555 2841/45/555 2754/45/555
f 2756/45/556 2759/45/556 2757/45/556 2755/45/556
f 2885/45/557 2756/45/557 2755/45/557 2751/45/557
f 2759/45/558 2761/45/558 2758/45/558 2757/45/558
f 2757/45/559 2758/45/559 2799/45/559 2753/45/559
f 2760/45/560 2662/45/560 2761/45/560 2759/45/560
f 2842/45/561 2760/45/561 2759/45/561 2756/45/561
f 2662/45/562 2765/45/562 2762/45/562 2761/45/562
f 2761/45/563 2762/45/563 2764/45/563 2758/45/563
f 2765/45/564 2766/45/564 2763/45/564 2762/45/564
f 2762/45/565 2763/45/565 2797/45/565 2764/45/565
f 2663/45/566 2767/45/566 2766/45/566 2765/45/566
f 2767/45/567 2768/45/567 2766/45/567
f 2766/45/568 2768/45/568 2763/45/568
f 2794/45/569 2768/45/569 2767/45/569
f 2795/45/570 2768/45/570 2769/45/570
f 2769/45/571 2768/45/571 2770/45/571
f 2770/45/572 2768/45/572 2771/45/572
f 2771/45/573 2768/45/573 2772/45/573
f 2772/45/574 2768/45/574 2773/45/574
f 2773/45/575 2768/45/575 2774/45/575
f 2774/45/576 2768/45/576 2775/45/576
f 2775/45/577 2768/45/577 2776/45/577
f 2776/45/578 2768/45/578 2777/45/578
f 2777/45/579 2768/45/579 2778/45/579
f 2778/45/580 2768/45/580 2779/45/580
f 2779/45/581 2768/45/581 2780/45/581
f 2780/45/582 2768/45/582 2781/45/582
f 2781/45/583 2768/45/583 2782/45/583
f 2782/45/584 2768/45/584 2783/45/584
f 2783/45/585 2768/45/585 2784/45/585
f 2784/45/586 2768/45/586 2785/45/586
f 2785/45/587 2768/45/587 2786/45/587
f 2786/45/588 2768/45/588 2787/45/588
f 2787/45/589 2768/45/589 2788/45/589
f 2788/45/590 2768/45/590 2789/45/590
f 2789/45/591 2768/45/591 2790/45/591
f 2790/45/592 2768/45/592 2791/45/592
f 2791/45/593 2768/45/593 2792/45/593
f 2792/45/594 2768/45/594 2793/45/594
f 2793/45/595 2768/45/595 2794/45/595
f 2796/45/596 2768/45/596 2795/45/596
f 2797/45/597 2768/45/597 2796/45/597
f 2763/45/598 2768/45/598 2797/45/598
f 2764/45/599 2797/45/599 2796/45/599 2798/45/599
f 2798/45/600 2796/45/600 2795/45/600 2800/45/600
f 2758/45/601 2764/45/601 2798/45/601 2799/45/601
f 2799/45/602 2798/45/602 2800/45/602 2801/45/602
f 2800/45/603 2795/45/603 2769/45/603 2802/45/603
f 2801/45/604 2800/45/604 2802/45/604 2803/45/604
f 2802/45/605 2769/45/605 2770/45/605 2804/45/605
f 2803/45/606 2802/45/606 2804/45/606 2805/45/606
f 2804/45/607 2770/45/607 2771/45/607 2806/45/607
f 2805/45/608 2804/45/608 2806/45/608 2807/45/608
f 2807/45/609 2806/45/609 2808/45/609 2809/45/609
f 2806/45/610 2771/45/610 2772/45/610 2808/45/610
f 2808/45/611 2772/45/611 2773/45/611 2810/45/611
f 2809/45/612 2808/45/612 2810/45/612 2811/45/612
f 2810/45/613 2773/45/613 2774/45/613 2812/45/613
f 2811/45/614 2810/45/614 2812/45/614 2813/45/614
f 2812/45/615 2774/45/615 2775/45/615 2814/45/615
f 2813/45/616 2812/45/616 2814/45/616 2815/45/616
f 2814/45/617 2775/45/617 2776/45/617 2816/45/617
f 2815/45/618 2814/45/618 2816/45/618 2817/45/618
f 2816/45/619 2776/45/619 2777/45/619 2818/45/619
f 2817/45/620 2816/45/620 2818/45/620 2819/45/620
f 2818/45/621 2777/45/621 2778/45/621 2820/45/621
f 2819/45/622 2818/45/622 2820/45/622 2821/45/622
f 2820/45/623 2778/45/623 2779/45/623 2822/45/623
f 2821/45/624 2820/45/624 2822/45/624 2823/45/624
f 2823/45/625 2822/45/625 2824/45/625 2825/45/625
f 2822/45/626 2779/45/626 2780/45/626 2824/45/626
f 2824/45/627 2780/45/627 2781/45/627 2826/45/627
f 2825/45/628 2824/45/628 2826/45/628 2827/45/628
f 2826/45/629 2781/45/629 2782/45/629 2828/45/629
f 2827/45/630 2826/45/630 2828/45/630 2704/45/630
f 2828/45/631 2782/45/631 2783/45/631 2829/45/631
f 2704/45/632 2828/45/632 2829/45/632 2700/45/632
f 2829/45/633 2783/45/633 2784/45/633 2830/45/633
f 2700/45/634 2829/45/634 2830/45/634 2697/45/634
f 2830/45/635 2784/45/635 2785/45/635 2831/45/635
f 2697/45/636 2830/45/636 2831/45/636 2694/45/636
f 2831/45/637 2785/45/637 2786/45/637 2832/45/637
f 2694/45/638 2831/45/638 2832/45/638 2691/45/638
f 2832/45/639 2786/45/639 2787/45/639 2833/45/639
f 2691/45/640 2832/45/640 2833/45/640 2688/45/640
f 2688/45/641 2833/45/641 2834/45/641 2681/45/641
f 2833/45/642 2787/45/642 2788/45/642 2834/45/642
f 2834/45/643 2788/45/643 2789/45/643 2682/45/643
f 2710/45/644 2825/45/644 2827/45/644 2703/45/644
f 2713/45/645 2823/45/645 2825/45/645 2710/45/645
f 2716/45/646 2821/45/646 2823/45/646 2713/45/646
f 2719/45/647 2819/45/647 2821/45/647 2716/45/647
f 2722/45/648 2817/45/648 2819/45/648 2719/45/648
f 2726/45/649 2815/45/649 2817/45/649 2722/45/649
f 2835/45/650 2813/45/650 2815/45/650 2726/45/650
f 2836/45/651 2811/45/651 2813/45/651 2835/45/651
f 2732/45/652 2836/45/652 2835/45/652 2725/45/652
f 2735/45/653 2837/45/653 2836/45/653 2732/45/653
f 2837/45/654 2809/45/654 2811/45/654 2836/45/654
f 2838/45/655 2807/45/655 2809/45/655 2837/45/655
f 2738/45/656 2838/45/656 2837/45/656 2735/45/656
f 2839/45/657 2805/45/657 2807/45/657 2838/45/657
f 2741/45/658 2839/45/658 2838/45/658 2738/45/658
f 2840/45/659 2803/45/659 2805/45/659 2839/45/659
f 2744/45/660 2840/45/660 2839/45/660 2741/45/660
f 2841/45/661 2801/45/661 2803/45/661 2840/45/661
f 2754/45/662 2841/45/662 2840/45/662 2744/45/662
f 2753/45/663 2799/45/663 2801/45/663 2841/45/663
f 2669/45/664 2793/45/664 2794/45/664 2666/45/664
f 2666/45/665 2794/45/665 2767/45/665 2663/45/665
f 2672/45/666 2792/45/666 2793/45/666 2669/45/666
f 2675/45/667 2791/45/667 2792/45/667 2672/45/667
f 2678/45/668 2790/45/668 2791/45/668 2675/45/668
f 2682/45/669 2789/45/669 2790/45/669 2678/45/669
f 2844/45/670 2664/45/670 2760/45/670 2842/45/670
f 2845/45/671 2844/45/671 2842/45/671 2843/45/671
f 2843/45/672 2842/45/672 2756/45/672 2885/45/672
f 2846/45/673 2667/45/673 2664/45/673 2844/45/673
f 2847/45/674 2846/45/674 2844/45/674 2845/45/674
f 2848/45/675 2670/45/675 2667/45/675 2846/45/675
f 2849/45/676 2848/45/676 2846/45/676 2847/45/676
f 2850/45/677 2673/45/677 2670/45/677 2848/45/677
f 2851/45/678 2850/45/678 2848/45/678 2849/45/678
f 2852/45/679 2676/45/679 2673/45/679 2850/45/679
f 2854/45/680 2852/45/680 2850/45/680 2851/45/680
f 2853/45/681 2679/45/681 2676/45/681 2852/45/681
f 2856/45/682 2853/45/682 2852/45/682 2854/45/682
f 2857/45/683 2856/45/683 2854/45/683 2855/45/683
f 2855/45/684 2854/45/684 2851/45/684 2879/45/684
f 2858/45/685 2684/45/685 2853/45/685 2856/45/685
f 2859/45/686 2858/45/686 2856/45/686 2857/45/686
f 2860/45/687 2686/45/687 2684/45/687 2858/45/687
f 2861/45/688 2860/45/688 2858/45/688 2859/45/688
f 2862/45/689 2689/45/689 2686/45/689 2860/45/689
f 2863/45/690 2862/45/690 2860/45/690 2861/45/690
f 2864/45/691 2692/45/691 2689/45/691 2862/45/691
f 2865/45/692 2864/45/692 2862/45/692 2863/45/692
f 2866/45/693 2695/45/693 2692/45/693 2864/45/693
f 2867/45/694 2866/45/694 2864/45/694 2865/45/694
f 2868/45/695 2698/45/695 2695/45/695 2866/45/695
f 2870/45/696 2868/45/696 2866/45/696 2867/45/696
f 2869/45/697 2701/45/697 2698/45/697 2868/45/697
f 2871/45/698 2869/45/698 2868/45/698 2870/45/698
f 2872/45/699 2706/45/699 2869/45/699 2871/45/699
f 2873/45/700 2708/45/700 2706/45/700 2872/45/700
f 2874/45/701 2711/45/701 2708/45/701 2873/45/701
f 2875/45/702 2714/45/702 2711/45/702 2874/45/702
f 2876/45/703 2717/45/703 2714/45/703 2875/45/703
f 2877/45/704 2720/45/704 2717/45/704 2876/45/704
f 2878/45/705 2723/45/705 2720/45/705 2877/45/705
f 2879/45/706 2851/45/706 2849/45/706 2880/45/706
f 2880/45/707 2849/45/707 2847/45/707 2881/45/707
f 2881/45/708 2847/45/708 2845/45/708 2882/45/708
f 2882/45/709 2845/45/709 2843/45/709 2883/45/709
f 2883/45/710 2843/45/710 2885/45/710 2884/45/710
f 2884/45/711 2885/45/711 2751/45/711 2749/45/711
s 0
f 2917/1/712 2905/2/712 2889/3/712 2896/4/712
f 2896/4/2 2889/3/2 2893/5/2 2898/6/2
f 2913/7/713 2909/8/713 2891/9/713 2900/10/713
f 2900/10/4 2891/9/4 2887/11/4 2895/12/4
f 2903/13/714 2906/14/714 2890/15/714 2886/16/714
f 2909/8/715 2904/17/715 2887/18/715 2891/9/715
f 2890/15/716 2901/19/716 2894/20/716 2886/21/716
f 2901/19/4 2900/10/4 2895/12/4 2894/20/4
f 2906/14/713 2911/22/713 2901/19/713 2890/15/713
f 2911/22/713 2913/7/713 2900/10/713 2901/19/713
f 2888/23/717 2897/24/717 2899/25/717 2892/26/717
f 2897/24/2 2896/4/2 2898/6/2 2899/25/2
f 2902/27/712 2915/28/712 2897/24/712 2888/23/712
f 2915/28/712 2917/1/712 2896/4/712 2897/24/712
f 2894/29/712 2895/30/712 2916/31/712 2914/32/712
f 2914/32/712 2916/31/712 2917/1/712 2915/28/712
f 2886/33/712 2894/29/712 2914/32/712 2903/34/712
f 2903/34/712 2914/32/712 2915/28/712 2902/27/712
f 2899/25/713 2898/6/713 2912/35/713 2910/36/713
f 2910/36/713 2912/35/713 2913/7/713 2911/22/713
f 2892/26/713 2899/25/713 2910/36/713 2907/37/713
f 2907/37/713 2910/36/713 2911/22/713 2906/14/713
f 2893/5/718 2889/38/718 2905/39/718 2908/40/718
f 2908/40/719 2905/39/719 2904/17/719 2909/8/719
f 2888/41/714 2892/26/714 2907/37/714 2902/42/714
f 2902/42/714 2907/37/714 2906/14/714 2903/13/714
f 2898/6/713 2893/5/713 2908/40/713 2912/35/713
f 2912/35/713 2908/40/713 2909/8/713 2913/7/713
f 2895/30/712 2887/43/712 2904/44/712 2916/31/712
f 2916/31/712 2904/44/712 2905/2/712 2917/1/712
f 2949/1/720 2937/2/720 2921/3/720 2928/4/720
f 2928/4/45 2921/3/45 2925/5/45 2930/6/45
f 2945/7/721 2941/8/721 2923/9/721 2932/10/721
f 2932/10/31 2923/9/31 2919/11/31 2927/12/31
f 2935/13/722 2938/14/722 2922/15/722 2918/16/722
f 2941/8/723 2936/17/723 2919/18/723 2923/9/723
f 2922/15/724 2933/19/724 2926/20/724 2918/21/724
f 2933/19/31 2932/10/31 2927/12/31 2926/20/31
f 2938/14/721 2943/22/721 2933/19/721 2922/15/721
f 2943/22/721 2945/7/721 2932/10/721 2933/19/721
f 2920/23/725 2929/24/725 2931/25/725 2924/26/725
f 2929/24/45 2928/4/45 2930/6/45 2931/25/45
f 2934/27/720 2947/28/720 2929/24/720 2920/23/720
f 2947/28/720 2949/1/720 2928/4/720 2929/24/720
f 2926/29/720 2927/30/720 2948/31/720 2946/32/720
f 2946/32/720 2948/31/720 2949/1/720 2947/28/720
f 2918/33/720 2926/29/720 2946/32/720 2935/34/720
f 2935/34/720 2946/32/720 2947/28/720 2934/27/720
f 2931/25/721 2930/6/721 2944/35/721 2942/36/721
f 2942/36/721 2944/35/721 2945/7/721 2943/22/721
f 2924/26/721 2931/25/721 2942/36/721 2939/37/721
f 2939/37/721 2942/36/721 2943/22/721 2938/14/721
f 2925/5/726 2921/38/726 2937/39/726 2940/40/726
f 2940/40/727 2937/39/727 2936/17/727 2941/8/727
f 2920/41/722 2924/26/722 2939/37/722 2934/42/722
f 2934/42/722 2939/37/722 2938/14/722 2935/13/722
f 2930/6/721 2925/5/721 2940/40/721 2944/35/721
f 2944/35/721 2940/40/721 2941/8/721 2945/7/721
f 2927/30/720 2919/43/720 2936/44/720 2948/31/720
f 2948/31/720 2936/44/720 2937/2/720 2949/1/720
s 1
f 2950/45/728 2951/45/728 2953/45/728 2952/45/728
f 2952/45/101 2953/45/101 2955/45/101 2954/45/101
f 2954/45/729 2955/45/729 2957/45/729 2956/45/729
f 2956/45/103 2957/45/103 2959/45/103 2958/45/103
f 2958/45/730 2959/45/730 2961/45/730 2960/45/730
f 2960/45/105 2961/45/105 2963/45/105 2962/45/105
f 2962/45/731 2963/45/731 2965/45/731 2964/45/731
f 2964/45/75 2965/45/75 2967/45/75 2966/45/75
f 2966/45/732 2967/45/732 2969/45/732 2968/45/732
f 2968/45/78 2969/45/78 2971/45/78 2970/45/78
f 2970/45/733 2971/45/733 2973/45/733 2972/45/733
f 2972/45/80 2973/45/80 2975/45/80 2974/45/80
f 2974/45/734 2975/45/734 2977/45/734 2976/45/734
f 2976/45/82 2977/45/82 2979/45/82 2978/45/82
f 2978/45/735 2979/45/735 2981/45/735 2980/45/735
f 2980/45/84 2981/45/84 2983/45/84 2982/45/84
f 2982/45/736 2983/45/736 2985/45/736 2984/45/736
f 2984/45/86 2985/45/86 2987/45/86 2986/45/86
f 2986/45/737 2987/45/737 2989/45/737 2988/45/737
f 2988/45/88 2989/45/88 2991/45/88 2990/45/88
f 2990/45/738 2991/45/738 2993/45/738 2992/45/738
f 2992/45/90 2993/45/90 2995/45/90 2994/45/90
f 2994/45/739 2995/45/739 2997/45/739 2996/45/739
f 2996/45/73 2997/45/73 2999/45/73 2998/45/73
f 2998/45/740 2999/45/740 3001/45/740 3000/45/740
f 3000/45/93 3001/45/93 3003/45/93 3002/45/93
f 3002/45/741 3003/45/741 3005/45/741 3004/45/741
f 3004/45/95 3005/45/95 3007/45/95 3006/45/95
f 3006/45/742 3007/45/742 3009/45/742 3008/45/742
f 3008/45/97 3009/45/97 3011/45/97 3010/45/97
f 2963/45/45 2961/45/45 2959/45/45 2957/45/45 2955/45/45 2953/45/45 2951/45/45 3013/45/45 3011/45/45 3009/45/45 3007/45/45 3005/45/45 3014/45/45 3016/45/45 3015/45/45 3020/45/45 3017/45/45 3019/45/45 3018/45/45 3023/45/45 3027/45/45 3030/45/45 3040/45/45 3044/45/45 3043/45/45 3041/45/45 3042/45/45 3046/45/45 3039/45/45 3045/45/45 3036/45/45 3037/45/45 3038/45/45 3035/45/45 3033/45/45 3032/45/45 3034/45/45 3031/45/45 3029/45/45 3028/45/45 3026/45/45 2997/45/45 2995/45/45 2993/45/45 2991/45/45 2989/45/45 2987/45/45 2985/45/45 2983/45/45 2981/45/45 2979/45/45 2977/45/45 2975/45/45 2973/45/45 2971/45/45 2969/45/45 2967/45/45 2965/45/45
f 3005/45/45 3003/45/45 3001/45/45 2999/45/45 2997/45/45 3026/45/45 3025/45/45 3022/45/45 3021/45/45 3024/45/45 3014/45/45
f 3010/45/743 3011/45/743 3013/45/743 3012/45/743
f 3012/45/99 3013/45/99 2951/45/99 2950/45/99
f 3051/45/31 3012/45/31 2950/45/31 2952/45/31 2954/45/31 2956/45/31 2958/45/31 2960/45/31 2962/45/31 2964/45/31 2966/45/31 3059/45/31 3060/45/31 3057/45/31 3058/45/31 3061/45/31 3055/45/31 3056/45/31 3054/45/31 3062/45/31
f 3059/45/31 2966/45/31 2968/45/31 2970/45/31 2972/45/31 2974/45/31 2976/45/31 2978/45/31 2980/45/31 2982/45/31 2984/45/31 2986/45/31 2988/45/31 2990/45/31 2992/45/31 2994/45/31 2996/45/31 2998/45/31 3000/45/31 3002/45/31 3004/45/31 3006/45/31 3008/45/31 3010/45/31 3012/45/31 3051/45/31 3052/45/31 3050/45/31 3053/45/31 3048/45/31 3049/45/31 3047/45/31 3064/45/31 3063/45/31 3065/45/31 3067/45/31 3066/45/31 3071/45/31 3068/45/31 3070/45/31 3069/45/31 3078/45/31 3072/45/31 3074/45/31 3073/45/31 3077/45/31 3075/45/31 3076/45/31
f 3054/45/85 3018/45/85 3019/45/85 3062/45/85
f 3056/45/86 3023/45/86 3018/45/86 3054/45/86
f 3055/45/87 3027/45/87 3023/45/87 3056/45/87
f 3061/45/88 3030/45/88 3027/45/88 3055/45/88
f 3040/45/89 3030/45/89 3061/45/89 3058/45/89
f 3044/45/90 3040/45/90 3058/45/90 3057/45/90
f 3043/45/91 3044/45/91 3057/45/91 3060/45/91
f 3041/45/73 3043/45/73 3060/45/73 3059/45/73
f 3042/45/92 3041/45/92 3059/45/92 3076/45/92
f 3046/45/93 3042/45/93 3076/45/93 3075/45/93
f 3039/45/94 3046/45/94 3075/45/94 3077/45/94
f 3045/45/95 3039/45/95 3077/45/95 3073/45/95
f 3036/45/96 3045/45/96 3073/45/96 3074/45/96
f 3037/45/97 3036/45/97 3074/45/97 3072/45/97
f 3038/45/98 3037/45/98 3072/45/98 3078/45/98
f 3035/45/99 3038/45/99 3078/45/99 3069/45/99
f 3033/45/100 3035/45/100 3069/45/100 3070/45/100
f 3032/45/101 3033/45/101 3070/45/101 3068/45/101
f 3034/45/102 3032/45/102 3068/45/102 3071/45/102
f 3031/45/103 3034/45/103 3071/45/103 3066/45/103
f 3067/45/104 3029/45/104 3031/45/104 3066/45/104
f 3065/45/105 3028/45/105 3029/45/105 3067/45/105
f 3063/45/76 3026/45/76 3028/45/76 3065/45/76
f 3064/45/75 3025/45/75 3026/45/75 3063/45/75
f 3047/45/77 3022/45/77 3025/45/77 3064/45/77
f 3049/45/78 3021/45/78 3022/45/78 3047/45/78
f 3048/45/79 3024/45/79 3021/45/79 3049/45/79
f 3053/45/80 3016/45/80 3014/45/80 3024/45/80 3048/45/80
f 3050/45/81 3015/45/81 3016/45/81 3053/45/81
f 3052/45/82 3020/45/82 3015/45/82 3050/45/82
f 3051/45/83 3017/45/83 3020/45/83 3052/45/83
f 3062/45/84 3019/45/84 3017/45/84 3051/45/84
f 3079/45/728 3080/45/728 3082/45/728 3081/45/728
f 3081/45/101 3082/45/101 3084/45/101 3083/45/101
f 3083/45/729 3084/45/729 3086/45/729 3085/45/729
f 3085/45/103 3086/45/103 3088/45/103 3087/45/103
f 3087/45/730 3088/45/730 3090/45/730 3089/45/730
f 3089/45/105 3090/45/105 3092/45/105 3091/45/105
f 3091/45/731 3092/45/731 3094/45/731 3093/45/731
f 3093/45/75 3094/45/75 3096/45/75 3095/45/75
f 3095/45/732 3096/45/732 3098/45/732 3097/45/732
f 3097/45/78 3098/45/78 3100/45/78 3099/45/78
f 3099/45/733 3100/45/733 3102/45/733 3101/45/733
f 3101/45/80 3102/45/80 3104/45/80 3103/45/80
f 3103/45/734 3104/45/734 3106/45/734 3105/45/734
f 3105/45/82 3106/45/82 3108/45/82 3107/45/82
f 3107/45/735 3108/45/735 3110/45/735 3109/45/735
f 3109/45/84 3110/45/84 3112/45/84 3111/45/84
f 3111/45/736 3112/45/736 3114/45/736 3113/45/736
f 3113/45/86 3114/45/86 3116/45/86 3115/45/86
f 3115/45/737 3116/45/737 3118/45/737 3117/45/737
f 3117/45/88 3118/45/88 3120/45/88 3119/45/88
f 3119/45/738 3120/45/738 3122/45/738 3121/45/738
f 3121/45/90 3122/45/90 3124/45/90 3123/45/90
f 3123/45/739 3124/45/739 3126/45/739 3125/45/739
f 3125/45/73 3126/45/73 3128/45/73 3127/45/73
f 3127/45/740 3128/45/740 3130/45/740 3129/45/740
f 3129/45/93 3130/45/93 3132/45/93 3131/45/93
f 3131/45/741 3132/45/741 3134/45/741 3133/45/741
f 3133/45/95 3134/45/95 3136/45/95 3135/45/95
f 3135/45/742 3136/45/742 3138/45/742 3137/45/742
f 3137/45/97 3138/45/97 3140/45/97 3139/45/97
f 3092/45/45 3090/45/45 3088/45/45 3086/45/45 3084/45/45 3082/45/45 3080/45/45 3142/45/45 3140/45/45 3138/45/45 3136/45/45 3134/45/45 3143/45/45 3145/45/45 3144/45/45 3149/45/45 3146/45/45 3148/45/45 3147/45/45 3152/45/45 3156/45/45 3159/45/45 3169/45/45 3173/45/45 3172/45/45 3170/45/45 3171/45/45 3175/45/45 3168/45/45 3174/45/45 3165/45/45 3166/45/45 3167/45/45 3164/45/45 3162/45/45 3161/45/45 3163/45/45 3160/45/45 3158/45/45 3157/45/45 3155/45/45 3126/45/45 3124/45/45 3122/45/45 3120/45/45 3118/45/45 3116/45/45 3114/45/45 3112/45/45 3110/45/45 3108/45/45 3106/45/45 3104/45/45 3102/45/45 3100/45/45 3098/45/45 3096/45/45 3094/45/45
f 3134/45/45 3132/45/45 3130/45/45 3128/45/45 3126/45/45 3155/45/45 3154/45/45 3151/45/45 3150/45/45 3153/45/45 3143/45/45
f 3139/45/743 3140/45/743 3142/45/743 3141/45/743
f 3141/45/99 3142/45/99 3080/45/99 3079/45/99
f 3180/45/31 3141/45/31 3079/45/31 3081/45/31 3083/45/31 3085/45/31 3087/45/31 3089/45/31 3091/45/31 3093/45/31 3095/45/31 3188/45/31 3189/45/31 3186/45/31 3187/45/31 3190/45/31 3184/45/31 3185/45/31 3183/45/31 3191/45/31
f 3188/45/31 3095/45/31 3097/45/31 3099/45/31 3101/45/31 3103/45/31 3105/45/31 3107/45/31 3109/45/31 3111/45/31 3113/45/31 3115/45/31 3117/45/31 3119/45/31 3121/45/31 3123/45/31 3125/45/31 3127/45/31 3129/45/31 3131/45/31 3133/45/31 3135/45/31 3137/45/31 3139/45/31 3141/45/31 3180/45/31 3181/45/31 3179/45/31 3182/45/31 3177/45/31 3178/45/31 3176/45/31 3193/45/31 3192/45/31 3194/45/31 3196/45/31 3195/45/31 3200/45/31 3197/45/31 3199/45/31 3198/45/31 3207/45/31 3201/45/31 3203/45/31 3202/45/31 3206/45/31 3204/45/31 3205/45/31
f 3183/45/85 3147/45/85 3148/45/85 3191/45/85
f 3185/45/86 3152/45/86 3147/45/86 3183/45/86
f 3184/45/87 3156/45/87 3152/45/87 3185/45/87
f 3190/45/88 3159/45/88 3156/45/88 3184/45/88
f 3169/45/89 3159/45/89 3190/45/89 3187/45/89
f 3173/45/90 3169/45/90 3187/45/90 3186/45/90
f 3172/45/91 3173/45/91 3186/45/91 3189/45/91
f 3170/45/73 3172/45/73 3189/45/73 3188/45/73
f 3171/45/92 3170/45/92 3188/45/92 3205/45/92
f 3175/45/93 3171/45/93 3205/45/93 3204/45/93
f 3168/45/94 3175/45/94 3204/45/94 3206/45/94
f 3174/45/95 3168/45/95 3206/45/95 3202/45/95
f 3165/45/96 3174/45/96 3202/45/96 3203/45/96
f 3166/45/97 3165/45/97 3203/45/97 3201/45/97
f 3167/45/98 3166/45/98 3201/45/98 3207/45/98
f 3164/45/99 3167/45/99 3207/45/99 3198/45/99
f 3162/45/100 3164/45/100 3198/45/100 3199/45/100
f 3161/45/101 3162/45/101 3199/45/101 3197/45/101
f 3163/45/102 3161/45/102 3197/45/102 3200/45/102
f 3160/45/103 3163/45/103 3200/45/103 3195/45/103
f 3196/45/104 3158/45/104 3160/45/104 3195/45/104
f 3194/45/105 3157/45/105 3158/45/105 3196/45/105
f 3192/45/76 3155/45/76 3157/45/76 3194/45/76
f 3193/45/75 3154/45/75 3155/45/75 3192/45/75
f 3176/45/77 3151/45/77 3154/45/77 3193/45/77
f 3178/45/78 3150/45/78 3151/45/78 3176/45/78
f 3177/45/79 3153/45/79 3150/45/79 3178/45/79
f 3182/45/80 3145/45/80 3143/45/80 3153/45/80 3177/45/80
f 3179/45/81 3144/45/81 3145/45/81 3182/45/81
f 3181/45/82 3149/45/82 3144/45/82 3179/45/82
f 3180/45/83 3146/45/83 3149/45/83 3181/45/83
f 3191/45/84 3148/45/84 3146/45/84 3180/45/84
f 3208/45/744 3209/45/744 3211/45/744 3210/45/744
f 3210/45/745 3211/45/745 3213/45/745 3212/45/745
f 3212/45/746 3213/45/746 3215/45/746 3214/45/746
f 3214/45/747 3215/45/747 3217/45/747 3216/45/747
f 3216/45/748 3217/45/748 3219/45/748 3218/45/748
f 3218/45/749 3219/45/749 3221/45/749 3220/45/749
f 3220/45/750 3221/45/750 3223/45/750 3222/45/750
f 3222/45/751 3223/45/751 3225/45/751 3224/45/751
f 3224/45/752 3225/45/752 3227/45/752 3226/45/752
f 3226/45/753 3227/45/753 3229/45/753 3228/45/753
f 3228/45/754 3229/45/754 3231/45/754 3230/45/754
f 3230/45/755 3231/45/755 3233/45/755 3232/45/755
f 3232/45/756 3233/45/756 3235/45/756 3234/45/756
f 3234/45/757 3235/45/757 3237/45/757 3236/45/757
f 3236/45/758 3237/45/758 3239/45/758 3238/45/758
f 3238/45/759 3239/45/759 3241/45/759 3240/45/759
f 3240/45/760 3241/45/760 3243/45/760 3242/45/760
f 3242/45/761 3243/45/761 3245/45/761 3244/45/761
f 3244/45/762 3245/45/762 3247/45/762 3246/45/762
f 3246/45/763 3247/45/763 3249/45/763 3248/45/763
f 3248/45/764 3249/45/764 3251/45/764 3250/45/764
f 3250/45/765 3251/45/765 3253/45/765 3252/45/765
f 3252/45/766 3253/45/766 3255/45/766 3254/45/766
f 3254/45/767 3255/45/767 3257/45/767 3256/45/767
f 3256/45/768 3257/45/768 3259/45/768 3258/45/768
f 3258/45/769 3259/45/769 3261/45/769 3260/45/769
f 3260/45/770 3261/45/770 3263/45/770 3262/45/770
f 3262/45/771 3263/45/771 3265/45/771 3264/45/771
f 3264/45/772 3265/45/772 3267/45/772 3266/45/772
f 3266/45/773 3267/45/773 3269/45/773 3268/45/773
f 3221/45/2 3219/45/2 3217/45/2 3215/45/2 3213/45/2 3211/45/2 3209/45/2 3271/45/2 3269/45/2 3267/45/2 3265/45/2 3263/45/2 3272/45/2 3274/45/2 3273/45/2 3278/45/2 3275/45/2 3277/45/2 3276/45/2 3281/45/2 3285/45/2 3288/45/2 3298/45/2 3302/45/2 3301/45/2 3299/45/2 3300/45/2 3304/45/2 3297/45/2 3303/45/2 3294/45/2 3295/45/2 3296/45/2 3293/45/2 3291/45/2 3290/45/2 3292/45/2 3289/45/2 3287/45/2 3286/45/2 3284/45/2 3255/45/2 3253/45/2 3251/45/2 3249/45/2 3247/45/2 3245/45/2 3243/45/2 3241/45/2 3239/45/2 3237/45/2 3235/45/2 3233/45/2 3231/45/2 3229/45/2 3227/45/2 3225/45/2 3223/45/2
f 3263/45/2 3261/45/2 3259/45/2 3257/45/2 3255/45/2 3284/45/2 3283/45/2 3280/45/2 3279/45/2 3282/45/2 3272/45/2
f 3268/45/774 3269/45/774 3271/45/774 3270/45/774
f 3270/45/775 3271/45/775 3209/45/775 3208/45/775
f 3309/45/4 3270/45/4 3208/45/4 3210/45/4 3212/45/4 3214/45/4 3216/45/4 3218/45/4 3220/45/4 3222/45/4 3224/45/4 3317/45/4 3318/45/4 3315/45/4 3316/45/4 3319/45/4 3313/45/4 3314/45/4 3312/45/4 3320/45/4
f 3317/45/4 3224/45/4 3226/45/4 3228/45/4 3230/45/4 3232/45/4 3234/45/4 3236/45/4 3238/45/4 3240/45/4 3242/45/4 3244/45/4 3246/45/4 3248/45/4 3250/45/4 3252/45/4 3254/45/4 3256/45/4 3258/45/4 3260/45/4 3262/45/4 3264/45/4 3266/45/4 3268/45/4 3270/45/4 3309/45/4 3310/45/4 3308/45/4 3311/45/4 3306/45/4 3307/45/4 3305/45/4 3322/45/4 3321/45/4 3323/45/4 3325/45/4 3324/45/4 3329/45/4 3326/45/4 3328/45/4 3327/45/4 3336/45/4 3330/45/4 3332/45/4 3331/45/4 3335/45/4 3333/45/4 3334/45/4
f 3312/45/776 3276/45/776 3277/45/776 3320/45/776
f 3314/45/761 3281/45/761 3276/45/761 3312/45/761
f 3313/45/777 3285/45/777 3281/45/777 3314/45/777
f 3319/45/763 3288/45/763 3285/45/763 3313/45/763
f 3298/45/778 3288/45/778 3319/45/778 3316/45/778
f 3302/45/765 3298/45/765 3316/45/765 3315/45/765
f 3301/45/779 3302/45/779 3315/45/779 3318/45/779
f 3299/45/767 3301/45/767 3318/45/767 3317/45/767
f 3300/45/780 3299/45/780 3317/45/780 3334/45/780
f 3304/45/769 3300/45/769 3334/45/769 3333/45/769
f 3297/45/781 3304/45/781 3333/45/781 3335/45/781
f 3303/45/771 3297/45/771 3335/45/771 3331/45/771
f 3294/45/782 3303/45/782 3331/45/782 3332/45/782
f 3295/45/773 3294/45/773 3332/45/773 3330/45/773
f 3296/45/783 3295/45/783 3330/45/783 3336/45/783
f 3293/45/775 3296/45/775 3336/45/775 3327/45/775
f 3291/45/784 3293/45/784 3327/45/784 3328/45/784
f 3290/45/745 3291/45/745 3328/45/745 3326/45/745
f 3292/45/785 3290/45/785 3326/45/785 3329/45/785
f 3289/45/747 3292/45/747 3329/45/747 3324/45/747
f 3325/45/786 3287/45/786 3289/45/786 3324/45/786
f 3323/45/749 3286/45/749 3287/45/749 3325/45/749
f 3321/45/787 3284/45/787 3286/45/787 3323/45/787
f 3322/45/751 3283/45/751 3284/45/751 3321/45/751
f 3305/45/788 3280/45/788 3283/45/788 3322/45/788
f 3307/45/753 3279/45/753 3280/45/753 3305/45/753
f 3306/45/789 3282/45/789 3279/45/789 3307/45/789
f 3311/45/755 3274/45/755 3272/45/755 3282/45/755 3306/45/755
f 3308/45/790 3273/45/790 3274/45/790 3311/45/790
f 3310/45/757 3278/45/757 3273/45/757 3308/45/757
f 3309/45/791 3275/45/791 3278/45/791 3310/45/791
f 3320/45/759 3277/45/759 3275/45/759 3309/45/759
