# Blender 4.4.3
# www.blender.org
mtllib Gunner.mtl
o 球.002
v 0.255034 0.672381 2.387666
v 0.255034 0.671242 2.376104
v 0.264892 0.653939 2.387666
v 0.241768 0.688546 2.387666
v 0.255034 0.671242 2.399228
v 0.264892 0.653154 2.395630
v 0.241768 0.687097 2.402381
v 0.255034 0.667870 2.410345
v 0.264892 0.650831 2.403288
v 0.241768 0.682804 2.416531
v 0.255034 0.662393 2.420591
v 0.264892 0.647059 2.410345
v 0.241768 0.675834 2.429572
v 0.255034 0.655023 2.429572
v 0.264892 0.641982 2.416531
v 0.241768 0.666453 2.441002
v 0.255034 0.646042 2.436942
v 0.264892 0.635796 2.421608
v 0.241768 0.655023 2.450383
v 0.255034 0.635796 2.442419
v 0.255034 0.624679 2.445791
v 0.264892 0.628739 2.425380
v 0.241768 0.641982 2.457353
v 0.225603 0.647059 2.469610
v 0.241768 0.627832 2.461646
v 0.225603 0.630421 2.474657
v 0.241768 0.613117 2.463095
v 0.255034 0.613117 2.446930
v 0.225603 0.613117 2.476361
v 0.241768 0.598401 2.461646
v 0.255034 0.601555 2.445791
v 0.225603 0.595813 2.474657
v 0.241768 0.584251 2.457353
v 0.255034 0.590438 2.442419
v 0.225603 0.579175 2.469610
v 0.241768 0.571211 2.450383
v 0.255034 0.580191 2.436942
v 0.225603 0.563841 2.461413
v 0.241768 0.559781 2.441002
v 0.255034 0.571211 2.429572
v 0.225603 0.550400 2.450383
v 0.241768 0.550400 2.429572
v 0.241768 0.543430 2.416531
v 0.255034 0.563841 2.420591
v 0.225603 0.539370 2.436942
v 0.207161 0.531173 2.442419
v 0.225603 0.531173 2.421608
v 0.207161 0.522066 2.425380
v 0.225603 0.526126 2.404970
v 0.241768 0.539137 2.402381
v 0.207161 0.516458 2.406893
v 0.225603 0.524422 2.387666
v 0.241768 0.537688 2.387666
v 0.207161 0.514564 2.387666
v 0.225603 0.526126 2.370362
v 0.241768 0.539137 2.372951
v 0.207161 0.516458 2.368439
v 0.225603 0.531173 2.353724
v 0.241768 0.543430 2.358801
v 0.207161 0.522066 2.349951
v 0.225603 0.539370 2.338390
v 0.241768 0.550400 2.345760
v 0.207161 0.531173 2.332913
v 0.225603 0.550400 2.324949
v 0.225603 0.563841 2.313919
v 0.241768 0.559781 2.334330
v 0.207161 0.543430 2.317979
v 0.187150 0.539137 2.313686
v 0.207161 0.558364 2.305722
v 0.187150 0.554991 2.300675
v 0.207161 0.575402 2.296615
v 0.225603 0.579175 2.305722
v 0.187150 0.573079 2.291007
v 0.207161 0.593890 2.291007
v 0.225603 0.595813 2.300675
v 0.187150 0.592706 2.285053
v 0.207161 0.613117 2.289113
v 0.225603 0.613117 2.298971
v 0.187150 0.613117 2.283043
v 0.207161 0.632344 2.291007
v 0.225603 0.630420 2.300675
v 0.187150 0.633528 2.285053
v 0.207161 0.650831 2.296615
v 0.225603 0.647059 2.305722
v 0.207161 0.667870 2.305722
v 0.187150 0.653154 2.291007
v 0.187150 0.671242 2.300675
v 0.187150 0.687097 2.313686
v 0.187150 0.700108 2.329541
v 0.207161 0.682804 2.317979
v 0.207161 0.695061 2.332913
v 0.225603 0.675834 2.324949
v 0.241768 0.666453 2.334330
v 0.225603 0.662393 2.313919
v 0.225603 0.686864 2.338390
v 0.225603 0.695061 2.353724
v 0.241768 0.675834 2.345760
v 0.255034 0.662393 2.354741
v 0.241768 0.682804 2.358801
v 0.241768 0.687097 2.372951
v 0.255034 0.667870 2.364987
v 0.264892 0.650831 2.372044
v 0.270962 0.632344 2.379702
v 0.264892 0.647059 2.364987
v 0.264892 0.653154 2.379702
v 0.270962 0.633528 2.383606
v 0.270962 0.633928 2.387666
v 0.273012 0.613117 2.387666
v 0.270962 0.621081 2.368439
v 0.270962 0.617177 2.367255
v 0.270962 0.613117 2.366855
v 0.270962 0.609057 2.367255
v 0.270962 0.605153 2.368439
v 0.270962 0.601555 2.370362
v 0.270962 0.598401 2.372951
v 0.270962 0.595813 2.376104
v 0.270962 0.593890 2.379702
v 0.270962 0.592706 2.383606
v 0.270962 0.592306 2.387666
v 0.270962 0.592706 2.391726
v 0.270962 0.593890 2.395630
v 0.270962 0.595813 2.399228
v 0.270962 0.598401 2.402381
v 0.270962 0.601555 2.404970
v 0.270962 0.605153 2.406893
v 0.270962 0.609057 2.408077
v 0.270962 0.613117 2.408477
v 0.270962 0.617177 2.408077
v 0.270962 0.621081 2.406893
v 0.270962 0.624679 2.404970
v 0.270962 0.627832 2.402381
v 0.270962 0.630420 2.399228
v 0.270962 0.632344 2.395630
v 0.270962 0.633528 2.391726
v 0.270962 0.624679 2.370362
v 0.270962 0.627832 2.372951
v 0.270962 0.630421 2.376104
v 0.264892 0.641982 2.358801
v 0.255034 0.655023 2.345760
v 0.264892 0.635796 2.353724
v 0.255034 0.646042 2.338390
v 0.264892 0.628739 2.349951
v 0.255034 0.635796 2.332913
v 0.264892 0.621081 2.347628
v 0.255034 0.624679 2.329541
v 0.264892 0.613117 2.346844
v 0.255034 0.613117 2.328402
v 0.264892 0.605153 2.347628
v 0.255034 0.601555 2.329541
v 0.264892 0.597495 2.349951
v 0.255034 0.590437 2.332913
v 0.264892 0.590437 2.353724
v 0.255034 0.580191 2.338390
v 0.264892 0.584251 2.358801
v 0.255034 0.571211 2.345760
v 0.264892 0.579175 2.364987
v 0.255034 0.563841 2.354741
v 0.264892 0.575402 2.372044
v 0.255034 0.558364 2.364987
v 0.264892 0.573079 2.379702
v 0.255034 0.554991 2.376104
v 0.264892 0.572295 2.387666
v 0.255034 0.553853 2.387666
v 0.264892 0.573079 2.395630
v 0.255034 0.554991 2.399228
v 0.264892 0.575402 2.403288
v 0.255034 0.558364 2.410345
v 0.264892 0.579175 2.410345
v 0.264892 0.584251 2.416531
v 0.264892 0.590437 2.421608
v 0.264892 0.597495 2.425380
v 0.264892 0.605153 2.427703
v 0.264892 0.613117 2.428488
v 0.264892 0.621081 2.427703
v 0.241768 0.571211 2.324949
v 0.241768 0.584251 2.317979
v 0.241768 0.598401 2.313686
v 0.241768 0.613117 2.312237
v 0.241768 0.627832 2.313686
v 0.241768 0.641982 2.317979
v 0.241768 0.655023 2.324949
v 0.225603 0.700108 2.370362
v 0.207161 0.709776 2.368439
v 0.225603 0.701812 2.387666
v 0.207161 0.711670 2.387666
v 0.225603 0.700108 2.404970
v 0.207161 0.709776 2.406893
v 0.225603 0.695060 2.421608
v 0.207161 0.704168 2.425380
v 0.225603 0.686864 2.436942
v 0.207161 0.695061 2.442419
v 0.225603 0.675834 2.450383
v 0.225603 0.662393 2.461413
v 0.207161 0.682804 2.457353
v 0.187150 0.687097 2.461646
v 0.207161 0.667870 2.469610
v 0.187150 0.671242 2.474657
v 0.207161 0.650831 2.478717
v 0.187150 0.653154 2.484325
v 0.207161 0.632344 2.484325
v 0.187150 0.633528 2.490279
v 0.207161 0.613117 2.486219
v 0.187150 0.613117 2.492289
v 0.207161 0.593890 2.484325
v 0.187150 0.592706 2.490279
v 0.207161 0.575402 2.478717
v 0.187150 0.573079 2.484325
v 0.207161 0.558364 2.469610
v 0.207161 0.543430 2.457353
v 0.187150 0.554991 2.474657
v 0.187150 0.539137 2.461646
v 0.187150 0.526126 2.445791
v 0.187150 0.516458 2.427704
v 0.187150 0.510504 2.408077
v 0.187150 0.508494 2.387666
v 0.187150 0.510504 2.367255
v 0.187150 0.516458 2.347629
v 0.187150 0.526126 2.329541
v 0.187150 0.700108 2.445791
v 0.187150 0.709776 2.427703
v 0.187150 0.715730 2.408077
v 0.187150 0.717740 2.387666
v 0.187150 0.715730 2.367255
v 0.187150 0.709776 2.347628
v 0.207161 0.704168 2.349951
v -0.114073 0.226301 2.397758
v -0.114073 0.226301 2.377650
v -0.139951 0.199616 2.397758
v -0.139951 0.199616 2.377650
v -0.131360 0.171298 2.397758
v -0.131360 0.171298 2.377650
v -0.095013 0.163041 2.397758
v -0.095013 0.163041 2.377650
v -0.076240 0.140166 2.397758
v -0.076240 0.140166 2.377650
v -0.075762 0.103551 2.397758
v -0.075762 0.103551 2.377650
v -0.049664 0.089601 2.397758
v -0.049664 0.089601 2.377650
v -0.019086 0.109830 2.397758
v -0.019086 0.109830 2.377650
v 0.010364 0.106929 2.397758
v 0.010364 0.106929 2.377650
v 0.037554 0.081011 2.397758
v 0.037554 0.081011 2.377650
v 0.065872 0.089601 2.397758
v 0.065872 0.089601 2.377650
v 0.073772 0.125611 2.397758
v 0.073772 0.125611 2.377650
v 0.096647 0.144384 2.397758
v 0.096647 0.144384 2.377650
v 0.133619 0.145200 2.397758
v 0.133619 0.145200 2.377650
v 0.147569 0.171298 2.397758
v 0.147569 0.171298 2.377650
v 0.127582 0.202376 2.397758
v 0.127582 0.202376 2.377650
v 0.130483 0.231826 2.397758
v 0.130483 0.231826 2.377650
v 0.156159 0.258516 2.397758
v 0.156159 0.258516 2.377650
v 0.147569 0.286834 2.397758
v 0.147569 0.286834 2.377650
v 0.111366 0.294719 2.397758
v 0.111366 0.294719 2.377650
v 0.092593 0.317594 2.397758
v 0.092593 0.317594 2.377650
v 0.091970 0.354581 2.397758
v 0.091970 0.354581 2.377650
v 0.065872 0.368530 2.397758
v 0.065872 0.368530 2.377650
v 0.034651 0.348434 2.397758
v 0.034651 0.348434 2.377650
v 0.005201 0.351335 2.397758
v 0.005201 0.351335 2.377650
v -0.021346 0.377120 2.397758
v -0.021346 0.377120 2.377650
v -0.049664 0.368530 2.397758
v -0.049664 0.368530 2.377650
v -0.057458 0.331875 2.397758
v -0.057458 0.331874 2.377650
v -0.080334 0.313101 2.397758
v -0.080334 0.313101 2.377650
v -0.117411 0.312932 2.397758
v -0.117411 0.312932 2.377650
v -0.131360 0.286834 2.397758
v -0.131360 0.286834 2.377650
v -0.111173 0.255751 2.397758
v -0.111173 0.255751 2.377650
v -0.023848 0.276013 2.377650
v -0.039152 0.260641 2.377650
v -0.032084 0.269254 2.377650
v -0.047638 0.240154 2.377650
v -0.047638 0.217978 2.377650
v -0.048730 0.229066 2.377650
v -0.044404 0.250815 2.377650
v -0.013646 0.281574 2.377650
v -0.002984 0.284808 2.377650
v -0.044404 0.207316 2.377650
v -0.023471 0.276322 2.377650
v 0.008104 0.285900 2.377650
v 0.019192 0.284808 2.377650
v -0.039152 0.197490 2.377650
v 0.029854 0.281574 2.377650
v 0.039679 0.276322 2.377650
v -0.032084 0.188878 2.377650
v 0.048292 0.269254 2.377650
v 0.060612 0.250815 2.377650
v 0.063846 0.240154 2.377650
v 0.055360 0.260641 2.377650
v 0.064938 0.229066 2.377650
v 0.055360 0.197490 2.377650
v 0.060612 0.207316 2.377650
v 0.063846 0.217978 2.377650
v 0.039679 0.181810 2.377650
v -0.023471 0.181810 2.377650
v 0.008104 0.172232 2.377650
v 0.019192 0.173324 2.377650
v -0.002984 0.173324 2.377650
v -0.013646 0.176558 2.377650
v 0.048292 0.188878 2.377650
v 0.029854 0.176558 2.377650
v -0.002984 0.284808 2.397758
v -0.023471 0.276322 2.397758
v -0.013646 0.281574 2.397758
v -0.039152 0.260641 2.397758
v -0.047638 0.240154 2.397758
v -0.044404 0.250816 2.397758
v -0.032084 0.269254 2.397758
v -0.047638 0.217978 2.397758
v -0.039152 0.197490 2.397758
v -0.044404 0.207316 2.397758
v -0.013646 0.176558 2.397758
v -0.023471 0.181810 2.397758
v 0.008104 0.172232 2.397758
v -0.002984 0.173324 2.397758
v -0.032084 0.188878 2.397758
v -0.048730 0.229066 2.397758
v 0.019192 0.284808 2.397758
v 0.008104 0.285900 2.397758
v 0.029854 0.281574 2.397758
v 0.048292 0.269254 2.397758
v 0.039679 0.276322 2.397758
v 0.060612 0.250816 2.397758
v 0.064938 0.229066 2.397758
v 0.063846 0.240154 2.397758
v 0.055360 0.260641 2.397758
v 0.060612 0.207316 2.397758
v 0.048292 0.188878 2.397758
v 0.055360 0.197490 2.397758
v 0.029854 0.176558 2.397758
v 0.019192 0.173324 2.397758
v 0.039679 0.181810 2.397758
v 0.063846 0.217978 2.397758
v -0.038330 0.448551 2.613262
v -0.015416 0.448551 2.613262
v -0.038330 0.380411 2.614016
v -0.038330 0.448290 2.589701
v -0.015416 0.448290 2.589701
v -0.038330 0.380150 2.590456
v -0.038330 0.448029 2.566140
v -0.038330 0.379889 2.566894
v -0.038330 0.447768 2.542578
v -0.015416 0.448029 2.566140
v 0.007499 0.448029 2.566140
v -0.015416 0.447768 2.542578
v -0.015416 0.447508 2.519017
v 0.007499 0.447768 2.542578
v 0.007499 0.447508 2.519017
v 0.030414 0.447768 2.542578
v 0.030414 0.447508 2.519017
v 0.030414 0.448029 2.566140
v 0.053328 0.447768 2.542578
v 0.053328 0.447508 2.519017
v 0.053328 0.379628 2.543332
v 0.053328 0.448029 2.566140
v 0.053328 0.379889 2.566894
v 0.053328 0.448290 2.589701
v 0.053328 0.380150 2.590456
v 0.053328 0.448551 2.613262
v 0.030414 0.448290 2.589701
v 0.007499 0.448290 2.589701
v 0.030414 0.448551 2.613262
v 0.030414 0.380411 2.614016
v 0.007499 0.448551 2.613262
v 0.007499 0.380411 2.614016
v 0.007499 0.311205 2.614782
v -0.015416 0.380411 2.614016
v -0.015415 0.311205 2.614782
v -0.015415 0.241999 2.615548
v -0.038330 0.311205 2.614782
v -0.038330 0.310944 2.591222
v -0.038330 0.241999 2.615548
v -0.038330 0.171729 2.616326
v -0.038330 0.241738 2.591988
v -0.038330 0.171469 2.592765
v -0.038330 0.241477 2.568426
v -0.038330 0.310683 2.567660
v -0.038330 0.171208 2.569204
v -0.038330 0.241217 2.544864
v -0.038330 0.170947 2.545642
v -0.038330 0.240956 2.521304
v -0.038330 0.310422 2.544098
v -0.038330 0.379628 2.543332
v -0.038330 0.310162 2.520538
v -0.015415 0.310162 2.520538
v -0.038330 0.379367 2.519772
v -0.038330 0.447508 2.519017
v -0.015415 0.379367 2.519772
v 0.007499 0.379367 2.519772
v 0.007499 0.310162 2.520538
v 0.030414 0.379367 2.519772
v 0.030414 0.310162 2.520538
v 0.053328 0.379367 2.519772
v 0.053328 0.310162 2.520538
v 0.053328 0.310422 2.544098
v 0.053328 0.240956 2.521304
v 0.030414 0.240956 2.521304
v 0.053328 0.170686 2.522082
v 0.053328 0.241217 2.544864
v 0.053328 0.170947 2.545642
v 0.053328 0.241477 2.568426
v 0.053328 0.310683 2.567660
v 0.053328 0.171208 2.569204
v 0.053328 0.241738 2.591988
v 0.053328 0.171469 2.592765
v 0.053328 0.241999 2.615548
v 0.053328 0.310944 2.591222
v 0.053328 0.311205 2.614782
v 0.030414 0.311205 2.614782
v 0.053328 0.380411 2.614016
v 0.030414 0.241999 2.615548
v 0.030414 0.171729 2.616326
v 0.007499 0.241999 2.615548
v 0.007499 0.171729 2.616326
v -0.015415 0.171729 2.616326
v 0.007499 0.171469 2.592765
v 0.030414 0.171469 2.592765
v 0.007499 0.171208 2.569204
v -0.015415 0.171469 2.592765
v -0.015415 0.171208 2.569204
v -0.015415 0.170947 2.545642
v 0.007499 0.170947 2.545642
v -0.015416 0.170686 2.522082
v -0.038330 0.170686 2.522082
v -0.015415 0.240956 2.521304
v 0.007499 0.170686 2.522082
v 0.030414 0.170686 2.522082
v 0.007499 0.240956 2.521304
v 0.030414 0.170947 2.545642
v 0.030414 0.171208 2.569204
v 0.053328 0.171729 2.616326
v -0.027508 0.203200 2.606759
v -0.010004 0.203200 2.606759
v -0.027508 0.202003 2.498680
v -0.027508 0.220513 2.606567
v -0.010004 0.220513 2.606567
v -0.027508 0.219317 2.498488
v -0.027508 0.237826 2.606376
v -0.027508 0.236630 2.498296
v -0.027508 0.255140 2.606184
v -0.010004 0.237826 2.606376
v 0.007499 0.237826 2.606376
v -0.010004 0.255140 2.606184
v -0.010004 0.272453 2.605993
v 0.007499 0.255140 2.606184
v 0.007499 0.272453 2.605993
v 0.025002 0.255140 2.606184
v 0.025002 0.272453 2.605993
v 0.025002 0.237826 2.606376
v 0.042506 0.255140 2.606184
v 0.042506 0.272453 2.605993
v 0.042506 0.253944 2.498105
v 0.042506 0.237826 2.606376
v 0.042506 0.236630 2.498296
v 0.042506 0.220513 2.606567
v 0.042506 0.219317 2.498488
v 0.042506 0.203200 2.606759
v 0.025002 0.220513 2.606567
v 0.007499 0.220513 2.606567
v 0.025002 0.203200 2.606759
v 0.025002 0.202003 2.498680
v 0.007499 0.203200 2.606759
v 0.007499 0.202003 2.498680
v 0.007499 0.200788 2.388911
v -0.010004 0.202003 2.498680
v -0.010004 0.200788 2.388911
v -0.010004 0.199573 2.279142
v -0.027508 0.200788 2.388911
v -0.027508 0.218102 2.388719
v -0.027508 0.199573 2.279142
v -0.027508 0.198340 2.167685
v -0.027508 0.216887 2.278950
v -0.027508 0.215653 2.167493
v -0.027508 0.234200 2.278759
v -0.027508 0.235415 2.388528
v -0.027508 0.232966 2.167301
v -0.027508 0.251514 2.278567
v -0.027508 0.250280 2.167110
v -0.027508 0.268827 2.278375
v -0.027508 0.252729 2.388336
v -0.027508 0.253944 2.498105
v -0.027508 0.270042 2.388144
v -0.010004 0.270042 2.388144
v -0.027508 0.271257 2.497913
v -0.027508 0.272453 2.605993
v -0.010004 0.271257 2.497913
v 0.007499 0.271257 2.497913
v 0.007499 0.270042 2.388144
v 0.025002 0.271257 2.497913
v 0.025002 0.270042 2.388144
v 0.042506 0.271257 2.497913
v 0.042506 0.270042 2.388144
v 0.042506 0.252729 2.388336
v 0.042506 0.268827 2.278375
v 0.025002 0.268827 2.278375
v 0.042506 0.267593 2.166918
v 0.042506 0.251514 2.278567
v 0.042506 0.250280 2.167110
v 0.042506 0.234200 2.278759
v 0.042506 0.235415 2.388528
v 0.042506 0.232966 2.167301
v 0.042506 0.216887 2.278950
v 0.042506 0.215653 2.167493
v 0.042506 0.199573 2.279142
v 0.042506 0.218102 2.388719
v 0.042506 0.200788 2.388911
v 0.025002 0.200788 2.388911
v 0.042506 0.202003 2.498680
v 0.025002 0.199573 2.279142
v 0.025002 0.198340 2.167685
v 0.007499 0.199573 2.279142
v 0.007499 0.198340 2.167685
v -0.010004 0.198340 2.167685
v 0.007499 0.215653 2.167493
v 0.025002 0.215653 2.167493
v 0.007499 0.232966 2.167301
v -0.010004 0.215653 2.167493
v -0.010004 0.232966 2.167301
v -0.010004 0.250280 2.167110
v 0.007499 0.250280 2.167110
v -0.010004 0.267593 2.166918
v -0.027508 0.267593 2.166918
v -0.010004 0.268827 2.278375
v 0.007499 0.267593 2.166918
v 0.025002 0.267593 2.166918
v 0.007499 0.268827 2.278375
v 0.025002 0.250280 2.167110
v 0.025002 0.232966 2.167301
v 0.042506 0.198340 2.167685
v 0.093628 0.244928 2.175191
v 0.091579 0.224125 2.175421
v 0.111908 0.263778 2.174982
v 0.093628 0.244762 2.160208
v 0.111908 0.263612 2.159999
v 0.091579 0.223960 2.160438
v 0.105840 0.202003 2.160681
v 0.105840 0.202169 2.175664
v 0.095985 0.183568 2.160885
v 0.069793 0.183448 2.160886
v 0.095985 0.183734 2.175868
v 0.069793 0.183614 2.175869
v 0.053634 0.170354 2.176016
v 0.048128 0.144460 2.176303
v 0.053634 0.170188 2.161033
v 0.029891 0.209647 2.160596
v 0.048128 0.144294 2.161320
v 0.028123 0.138227 2.161387
v 0.009369 0.156441 2.161185
v 0.028123 0.138393 2.176370
v 0.009370 0.156606 2.176168
v -0.011435 0.158655 2.176146
v -0.011435 0.158489 2.161163
v -0.033490 0.144460 2.176303
v -0.051926 0.154315 2.176194
v -0.033490 0.144294 2.161320
v -0.051926 0.154149 2.161211
v -0.052366 0.180274 2.160922
v -0.065627 0.196433 2.160743
v -0.052366 0.180440 2.175905
v -0.065627 0.196599 2.175726
v -0.091202 0.202169 2.175664
v -0.097270 0.222172 2.175443
v -0.091202 0.202003 2.160681
v -0.097270 0.222007 2.160460
v -0.079132 0.240859 2.160251
v -0.077083 0.261662 2.160021
v -0.079132 0.241025 2.175234
v -0.077083 0.261828 2.175004
v -0.091202 0.283782 2.174761
v -0.081347 0.302217 2.174557
v -0.091202 0.283616 2.159778
v -0.081347 0.302051 2.159574
v -0.055230 0.302627 2.159567
v -0.039070 0.315888 2.159420
v -0.055230 0.302793 2.174550
v -0.039070 0.316054 2.174403
v -0.033490 0.341490 2.174122
v -0.013485 0.347558 2.174055
v -0.033490 0.341324 2.159139
v -0.013485 0.347392 2.159072
v 0.005723 0.329084 2.159274
v 0.026527 0.327035 2.159297
v 0.005723 0.329250 2.174258
v 0.026527 0.327201 2.174280
v 0.007319 0.283122 2.174768
v 0.015152 0.282351 2.174777
v -0.000514 0.282351 2.174777
v 0.007319 0.282956 2.159785
v 0.015152 0.282185 2.159793
v -0.000514 0.282185 2.159793
v -0.008045 0.279900 2.159819
v -0.014987 0.276190 2.159860
v -0.008045 0.280066 2.174802
v -0.014987 0.276356 2.174843
v -0.021071 0.271363 2.174898
v -0.026064 0.265280 2.174966
v -0.021071 0.271198 2.159915
v -0.026064 0.265114 2.159982
v -0.029774 0.258172 2.160059
v -0.032059 0.250642 2.160143
v -0.029774 0.258338 2.175042
v -0.032059 0.250808 2.175126
v -0.032830 0.242975 2.175212
v -0.032059 0.235143 2.175299
v -0.032830 0.242809 2.160229
v -0.032059 0.234977 2.160316
v -0.029774 0.227446 2.160399
v -0.026064 0.220505 2.160476
v -0.029774 0.227612 2.175382
v -0.026064 0.220671 2.175459
v -0.021071 0.214587 2.175527
v -0.014987 0.209594 2.175582
v -0.021071 0.214421 2.160543
v -0.014987 0.209428 2.160599
v -0.008045 0.205719 2.160640
v -0.000514 0.203434 2.160665
v -0.008045 0.205884 2.175623
v -0.000514 0.203600 2.175648
v 0.007319 0.202829 2.175657
v 0.015152 0.203600 2.175648
v 0.007319 0.202663 2.160674
v 0.015152 0.203434 2.160665
v 0.022683 0.205719 2.160640
v 0.029625 0.209428 2.160599
v 0.022683 0.205884 2.175623
v 0.029625 0.209594 2.175582
v 0.035709 0.214587 2.175527
v 0.040702 0.220671 2.175459
v 0.035709 0.214421 2.160543
v 0.040702 0.220505 2.160476
v 0.044412 0.227446 2.160399
v 0.044412 0.227612 2.175382
v 0.046697 0.234977 2.160316
v 0.046697 0.235143 2.175299
v 0.047468 0.242809 2.160229
v 0.046697 0.250642 2.160143
v 0.047468 0.242975 2.175212
v 0.046697 0.250808 2.175126
v 0.044412 0.258338 2.175042
v 0.044412 0.258172 2.160059
v 0.040702 0.265280 2.174966
v 0.035709 0.271363 2.174898
v 0.040702 0.265114 2.159982
v 0.035709 0.271198 2.159915
v 0.029625 0.276190 2.159860
v 0.022683 0.279900 2.159819
v 0.029625 0.276356 2.174843
v 0.022683 0.280066 2.174802
v 0.048128 0.341490 2.174122
v 0.066564 0.331636 2.174231
v 0.048128 0.341324 2.159139
v 0.066564 0.331470 2.159248
v 0.066902 0.305607 2.159534
v 0.080163 0.289448 2.159713
v 0.066902 0.305772 2.174517
v 0.080163 0.289613 2.174696
v 0.105840 0.283782 2.174761
v 0.105840 0.283616 2.159778
v 0.093808 0.251569 2.615192
v 0.091759 0.230766 2.615422
v 0.112088 0.270419 2.614983
v 0.093808 0.251403 2.600209
v 0.112088 0.270253 2.600000
v 0.091759 0.230600 2.600439
v 0.106020 0.208644 2.600682
v 0.106020 0.208810 2.615665
v 0.096165 0.190209 2.600886
v 0.069973 0.190089 2.600887
v 0.096165 0.190375 2.615869
v 0.069973 0.190255 2.615870
v 0.053814 0.176995 2.616017
v 0.048308 0.151101 2.616304
v 0.053814 0.176829 2.601034
v 0.030071 0.216288 2.600597
v 0.048308 0.150935 2.601321
v 0.028303 0.144868 2.601388
v 0.028303 0.145034 2.616371
v 0.009550 0.163082 2.601186
v 0.009550 0.163247 2.616169
v -0.011255 0.165130 2.601164
v -0.000334 0.210075 2.600666
v -0.033310 0.150935 2.601321
v -0.011255 0.165296 2.616147
v -0.033310 0.151101 2.616304
v -0.051746 0.160956 2.616195
v -0.052186 0.187081 2.615906
v -0.051746 0.160790 2.601212
v -0.052186 0.186915 2.600922
v -0.065447 0.203074 2.600744
v -0.091022 0.208644 2.600682
v -0.065447 0.203240 2.615727
v -0.091022 0.208810 2.615665
v -0.097090 0.228813 2.615443
v -0.078952 0.247666 2.615235
v -0.097090 0.228648 2.600461
v -0.078952 0.247500 2.600252
v -0.076903 0.268303 2.600022
v -0.091022 0.290257 2.599778
v -0.076903 0.268469 2.615005
v -0.091022 0.290423 2.614762
v -0.081167 0.308858 2.614558
v -0.055050 0.309434 2.614551
v -0.081167 0.308692 2.599575
v -0.055050 0.309268 2.599568
v -0.038890 0.322529 2.599421
v -0.033310 0.347965 2.599140
v -0.038890 0.322695 2.614404
v -0.033310 0.348131 2.614123
v -0.013305 0.354199 2.614056
v 0.005903 0.335891 2.614258
v -0.013305 0.354033 2.599072
v 0.005903 0.335725 2.599275
v 0.026707 0.333676 2.599298
v 0.048308 0.347965 2.599140
v 0.026707 0.333842 2.614281
v 0.048308 0.348131 2.614123
v 0.066744 0.338277 2.614232
v 0.067082 0.312413 2.614518
v 0.066744 0.338111 2.599249
v 0.067082 0.312248 2.599535
v 0.080343 0.296088 2.599714
v 0.106020 0.290257 2.599778
v 0.080343 0.296254 2.614697
v 0.106020 0.290423 2.614762
v 0.007499 0.289763 2.614769
v -0.000334 0.288992 2.614777
v 0.007499 0.289597 2.599786
v 0.015332 0.288992 2.614777
v 0.022863 0.286707 2.614803
v 0.015332 0.288826 2.599794
v 0.022863 0.286541 2.599820
v 0.029805 0.282831 2.599861
v 0.035889 0.277839 2.599916
v 0.029805 0.282997 2.614844
v 0.035889 0.278004 2.614899
v 0.040882 0.271921 2.614966
v 0.044592 0.264979 2.615043
v 0.040882 0.271755 2.599983
v 0.044592 0.264813 2.600060
v 0.046877 0.257283 2.600143
v 0.047648 0.249450 2.600230
v 0.046877 0.257449 2.615127
v 0.047648 0.249616 2.615213
v 0.046877 0.241784 2.615300
v 0.044592 0.234253 2.615383
v 0.046877 0.241618 2.600317
v 0.044592 0.234087 2.600400
v 0.040882 0.227146 2.600477
v 0.035889 0.221062 2.600544
v 0.040882 0.227311 2.615460
v 0.035889 0.221228 2.615528
v 0.029805 0.216235 2.615583
v 0.029805 0.216069 2.600600
v 0.022863 0.212525 2.615624
v 0.022863 0.212360 2.600641
v 0.015332 0.210241 2.615649
v 0.007499 0.209470 2.615658
v 0.015332 0.210075 2.600666
v 0.007499 0.209304 2.600675
v -0.000334 0.210241 2.615649
v -0.007865 0.212525 2.615624
v -0.007865 0.212360 2.600641
v -0.014807 0.216235 2.615583
v -0.020891 0.221228 2.615528
v -0.014807 0.216069 2.600600
v -0.020891 0.221062 2.600544
v -0.025884 0.227146 2.600477
v -0.029594 0.234087 2.600400
v -0.025884 0.227311 2.615460
v -0.029594 0.234253 2.615383
v -0.031879 0.241784 2.615300
v -0.032650 0.249616 2.615213
v -0.031879 0.241618 2.600317
v -0.032650 0.249450 2.600230
v -0.031879 0.257283 2.600143
v -0.029594 0.264813 2.600060
v -0.031879 0.257449 2.615127
v -0.029594 0.264979 2.615043
v -0.025884 0.271921 2.614966
v -0.020891 0.278004 2.614899
v -0.025884 0.271755 2.599983
v -0.020891 0.277839 2.599916
v -0.014807 0.282831 2.599861
v -0.007865 0.286541 2.599820
v -0.014807 0.282997 2.614844
v -0.007865 0.286707 2.614803
v -0.000334 0.288826 2.599794
v -0.038330 0.445184 2.253262
v -0.015416 0.445184 2.253262
v -0.038330 0.377044 2.254016
v -0.038330 0.444923 2.229701
v -0.015416 0.444923 2.229701
v -0.038330 0.376783 2.230455
v -0.038330 0.444662 2.206140
v -0.038330 0.376522 2.206894
v -0.038330 0.444402 2.182578
v -0.015416 0.444662 2.206140
v 0.007499 0.444662 2.206140
v -0.015416 0.444402 2.182578
v 0.007499 0.444402 2.182578
v -0.015416 0.444141 2.159017
v -0.038330 0.444141 2.159017
v -0.015416 0.376000 2.159772
v 0.007499 0.444141 2.159017
v 0.007499 0.376000 2.159772
v 0.030414 0.444141 2.159017
v 0.030413 0.376000 2.159772
v 0.053328 0.444141 2.159017
v 0.030414 0.444402 2.182578
v 0.030413 0.444662 2.206140
v 0.053328 0.444402 2.182578
v 0.053328 0.376261 2.183332
v 0.053328 0.444662 2.206140
v 0.053328 0.376522 2.206894
v 0.053328 0.444923 2.229701
v 0.053328 0.376783 2.230455
v 0.053328 0.445184 2.253262
v 0.030413 0.444923 2.229701
v 0.007499 0.444923 2.229701
v 0.030414 0.445184 2.253262
v 0.030414 0.377044 2.254016
v 0.007499 0.445184 2.253262
v 0.007499 0.377044 2.254016
v 0.007499 0.307838 2.254782
v -0.015416 0.377044 2.254016
v -0.015416 0.307838 2.254782
v -0.038330 0.307838 2.254782
v -0.015416 0.238632 2.255548
v 0.007499 0.238632 2.255548
v -0.038330 0.238632 2.255548
v -0.015416 0.168362 2.256326
v 0.007499 0.168362 2.256326
v -0.038330 0.168362 2.256326
v -0.015416 0.168102 2.232765
v -0.038330 0.168102 2.232765
v -0.015416 0.167841 2.209204
v 0.007499 0.168102 2.232765
v 0.030413 0.168102 2.232765
v 0.007499 0.167841 2.209204
v 0.007499 0.167580 2.185642
v 0.030414 0.167841 2.209204
v 0.053328 0.167841 2.209204
v 0.030414 0.167580 2.185642
v 0.053328 0.167580 2.185642
v 0.030414 0.167319 2.162081
v 0.007499 0.167319 2.162081
v 0.030413 0.237589 2.161304
v 0.053328 0.167319 2.162081
v 0.053328 0.237589 2.161304
v 0.053328 0.237850 2.184864
v 0.053328 0.306795 2.160538
v 0.053328 0.307056 2.184098
v 0.030413 0.306795 2.160538
v 0.053328 0.376000 2.159772
v 0.007499 0.306795 2.160538
v -0.015416 0.306795 2.160538
v 0.007499 0.237589 2.161304
v -0.015416 0.237589 2.161304
v -0.038330 0.237589 2.161304
v -0.015416 0.167319 2.162081
v -0.038330 0.167319 2.162081
v -0.015416 0.167580 2.185642
v -0.038330 0.167580 2.185642
v -0.038330 0.167841 2.209204
v -0.038330 0.237850 2.184864
v -0.038330 0.307056 2.184098
v -0.038330 0.238111 2.208426
v -0.038330 0.238371 2.231987
v -0.038330 0.307316 2.207660
v -0.038330 0.307577 2.231221
v -0.038330 0.376261 2.183332
v -0.038330 0.306795 2.160538
v -0.038330 0.376000 2.159772
v 0.053328 0.307316 2.207660
v 0.053328 0.307577 2.231221
v 0.053328 0.238111 2.208426
v 0.053328 0.238371 2.231987
v 0.053328 0.168102 2.232765
v 0.053328 0.238632 2.255548
v 0.053328 0.168362 2.256326
v 0.030414 0.238632 2.255548
v 0.053328 0.307838 2.254782
v 0.053328 0.377044 2.254016
v 0.030414 0.307838 2.254782
v 0.030413 0.168362 2.256326
v 0.242320 0.227273 2.387666
v 0.236028 0.227273 2.351461
v 0.240311 0.196623 2.387666
v 0.236028 0.227273 2.423871
v 0.240311 0.257924 2.387666
v 0.234319 0.288050 2.387666
v 0.234073 0.257102 2.351461
v 0.234073 0.257102 2.423871
v 0.217030 0.254859 2.450375
v 0.228241 0.286421 2.423871
v 0.211637 0.281972 2.450375
v 0.218633 0.314728 2.423871
v 0.202751 0.308150 2.450375
v 0.205411 0.341538 2.423871
v 0.224446 0.317136 2.387666
v 0.210860 0.344684 2.387666
v 0.218633 0.314728 2.351461
v 0.205411 0.341538 2.351461
v 0.202751 0.308150 2.324957
v 0.228241 0.286421 2.351461
v 0.211637 0.281972 2.324957
v 0.188955 0.275894 2.315256
v 0.217030 0.254859 2.324957
v 0.193749 0.251794 2.315256
v 0.218838 0.227273 2.324957
v 0.217030 0.199688 2.324957
v 0.195356 0.227273 2.315256
v 0.193749 0.202753 2.315256
v 0.171874 0.227273 2.324957
v 0.170468 0.205818 2.324957
v 0.154684 0.227273 2.351461
v 0.170468 0.248729 2.324957
v 0.166273 0.269817 2.324957
v 0.153425 0.246485 2.351461
v 0.149669 0.265368 2.351461
v 0.147186 0.245664 2.387666
v 0.143591 0.263739 2.387666
v 0.153425 0.246485 2.423871
v 0.148392 0.227273 2.387666
v 0.147186 0.208883 2.387666
v 0.154684 0.227273 2.423871
v 0.153425 0.208062 2.423871
v 0.171874 0.227273 2.450375
v 0.170468 0.205818 2.450375
v 0.195356 0.227273 2.460076
v 0.170468 0.248729 2.450375
v 0.166273 0.269817 2.450375
v 0.193749 0.251794 2.460076
v 0.188955 0.275894 2.460076
v 0.181056 0.299163 2.460076
v 0.159362 0.290177 2.450375
v 0.170188 0.321202 2.460076
v 0.149852 0.309461 2.450375
v 0.156536 0.341634 2.460076
v 0.190524 0.332943 2.450375
v 0.175166 0.355929 2.450375
v 0.156938 0.376713 2.450375
v 0.188803 0.366393 2.423871
v 0.169093 0.388868 2.423871
v 0.193795 0.370224 2.387666
v 0.173543 0.393317 2.387666
v 0.188803 0.366393 2.351461
v 0.169093 0.388868 2.351461
v 0.175166 0.355929 2.324957
v 0.156938 0.376713 2.324957
v 0.156536 0.341634 2.315256
v 0.190524 0.332943 2.324957
v 0.170188 0.321202 2.315256
v 0.149852 0.309461 2.324957
v 0.181056 0.299163 2.315256
v 0.159362 0.290177 2.324957
v 0.143480 0.283599 2.351461
v 0.134965 0.300866 2.351461
v 0.137667 0.281191 2.387666
v 0.129516 0.297720 2.387666
v 0.143480 0.283599 2.423871
v 0.134965 0.300866 2.423871
v 0.149669 0.265368 2.423871
v 0.124268 0.316874 2.423871
v 0.119277 0.313044 2.387666
v 0.111574 0.331349 2.423871
v 0.137906 0.327339 2.450375
v 0.123729 0.343504 2.450375
v 0.107564 0.357681 2.450375
v 0.140334 0.360109 2.460076
v 0.121859 0.376311 2.460076
v 0.101427 0.389963 2.460076
v 0.136154 0.394940 2.450375
v 0.113168 0.410299 2.450375
v 0.146619 0.408578 2.423871
v 0.121763 0.425186 2.423871
v 0.150449 0.413570 2.387666
v 0.124910 0.430635 2.387666
v 0.146619 0.408578 2.351461
v 0.121763 0.425186 2.351461
v 0.136154 0.394940 2.324957
v 0.113168 0.410299 2.324957
v 0.121859 0.376311 2.315256
v 0.101427 0.389963 2.315256
v 0.107564 0.357681 2.324957
v 0.140334 0.360109 2.315256
v 0.123729 0.343504 2.324957
v 0.111574 0.331349 2.351461
v 0.137906 0.327339 2.324957
v 0.124268 0.316874 2.351461
v 0.097099 0.344043 2.351461
v 0.107125 0.326900 2.387666
v 0.093269 0.339051 2.387666
v 0.077945 0.349290 2.387666
v 0.097099 0.344043 2.423871
v 0.081091 0.354739 2.423871
v 0.063824 0.363255 2.423871
v 0.089686 0.369626 2.450375
v 0.070402 0.379136 2.450375
v 0.050042 0.386048 2.450375
v 0.079389 0.400831 2.460076
v 0.056120 0.408730 2.460076
v 0.088375 0.422526 2.450375
v 0.062197 0.431412 2.450375
v 0.094953 0.438407 2.423871
v 0.066646 0.448016 2.423871
v 0.097361 0.444220 2.387666
v 0.068275 0.454094 2.387666
v 0.094953 0.438407 2.351461
v 0.066646 0.448016 2.351461
v 0.088375 0.422526 2.324957
v 0.062197 0.431412 2.324957
v 0.079389 0.400831 2.315256
v 0.056120 0.408730 2.315256
v 0.070402 0.379136 2.324957
v 0.050042 0.386048 2.324957
v 0.063824 0.363255 2.351461
v 0.089686 0.369626 2.324957
v 0.081091 0.354739 2.351461
v 0.045593 0.369443 2.351461
v 0.061416 0.357442 2.387666
v 0.043964 0.363366 2.387666
v 0.025889 0.366961 2.387666
v 0.045593 0.369443 2.423871
v 0.026710 0.373199 2.423871
v 0.007499 0.374458 2.423871
v 0.028954 0.390242 2.450375
v 0.007499 0.391649 2.450375
v 0.032019 0.413524 2.460076
v 0.007499 0.415131 2.460076
v 0.035084 0.436805 2.450375
v 0.007499 0.438613 2.450375
v 0.037328 0.453848 2.423871
v 0.007499 0.455803 2.423871
v 0.038149 0.460086 2.387666
v 0.007499 0.462095 2.387666
v 0.037328 0.453848 2.351461
v 0.007499 0.455803 2.351461
v 0.035084 0.436805 2.324957
v 0.007499 0.438613 2.324957
v 0.032019 0.413524 2.315256
v 0.007499 0.415131 2.315256
v 0.028954 0.390242 2.324957
v 0.007499 0.391649 2.324957
v 0.026710 0.373199 2.351461
v 0.007499 0.374458 2.351461
v -0.011713 0.373199 2.351461
v 0.007499 0.368166 2.387666
v -0.010892 0.366961 2.387666
v -0.028967 0.363366 2.387666
v -0.011713 0.373199 2.423871
v -0.030596 0.369443 2.423871
v -0.013957 0.390242 2.450375
v -0.035045 0.386048 2.450375
v -0.017022 0.413524 2.460076
v -0.041122 0.408730 2.460076
v -0.020087 0.436805 2.450375
v -0.047200 0.431412 2.450375
v -0.022331 0.453848 2.423871
v -0.051649 0.448016 2.423871
v -0.023152 0.460086 2.387666
v -0.053278 0.454094 2.387666
v -0.022331 0.453848 2.351461
v -0.051649 0.448016 2.351461
v -0.020087 0.436805 2.324957
v -0.047200 0.431412 2.324957
v -0.017022 0.413524 2.315256
v -0.041122 0.408730 2.315256
v -0.013957 0.390242 2.324957
v -0.035045 0.386048 2.324957
v -0.055405 0.379136 2.324957
v -0.030596 0.369443 2.351461
v -0.048827 0.363255 2.351461
v -0.066094 0.354739 2.351461
v -0.046419 0.357442 2.387666
v -0.062948 0.349290 2.387666
v -0.048827 0.363255 2.423871
v -0.066094 0.354739 2.423871
v -0.055405 0.379136 2.450375
v -0.074689 0.369627 2.450375
v -0.064391 0.400831 2.460076
v -0.086430 0.389963 2.460076
v -0.073378 0.422526 2.450375
v -0.098171 0.410299 2.450375
v -0.079956 0.438407 2.423871
v -0.106766 0.425186 2.423871
v -0.082364 0.444220 2.387666
v -0.109912 0.430635 2.387666
v -0.079956 0.438407 2.351461
v -0.106766 0.425186 2.351461
v -0.073377 0.422526 2.324957
v -0.098171 0.410299 2.324957
v -0.064391 0.400831 2.315256
v -0.086430 0.389963 2.315256
v -0.106862 0.376311 2.315256
v -0.074689 0.369627 2.324957
v -0.092567 0.357681 2.324957
v -0.108732 0.343504 2.324957
v -0.082102 0.344043 2.351461
v -0.096577 0.331349 2.351461
v -0.078272 0.339051 2.387666
v -0.092128 0.326900 2.387666
v -0.082102 0.344043 2.423871
v -0.096577 0.331349 2.423871
v -0.092567 0.357681 2.450375
v -0.108732 0.343504 2.450375
v -0.106862 0.376311 2.460076
v -0.125337 0.360109 2.460076
v -0.121157 0.394940 2.450375
v -0.141941 0.376713 2.450375
v -0.131622 0.408578 2.423871
v -0.154096 0.388868 2.423871
v -0.135452 0.413570 2.387666
v -0.158545 0.393317 2.387666
v -0.131622 0.408578 2.351461
v -0.154096 0.388868 2.351461
v -0.121157 0.394940 2.324957
v -0.141941 0.376713 2.324957
v -0.160168 0.355929 2.324957
v -0.125337 0.360109 2.315256
v -0.141539 0.341634 2.315256
v -0.155191 0.321202 2.315256
v -0.122909 0.327339 2.324957
v -0.134854 0.309461 2.324957
v -0.109271 0.316874 2.351461
v -0.119967 0.300866 2.351461
v -0.104279 0.313044 2.387666
v -0.114518 0.297720 2.387666
v -0.109271 0.316874 2.423871
v -0.119967 0.300866 2.423871
v -0.122909 0.327339 2.450375
v -0.134854 0.309461 2.450375
v -0.141539 0.341634 2.460076
v -0.155191 0.321202 2.460076
v -0.160168 0.355929 2.450375
v -0.175527 0.332943 2.450375
v -0.173806 0.366393 2.423871
v -0.190414 0.341538 2.423871
v -0.178798 0.370224 2.387666
v -0.195863 0.344684 2.387666
v -0.173806 0.366393 2.351461
v -0.190414 0.341538 2.351461
v -0.203635 0.314728 2.351461
v -0.175527 0.332943 2.324957
v -0.187754 0.308149 2.324957
v -0.196640 0.281972 2.324957
v -0.166059 0.299163 2.315256
v -0.173958 0.275894 2.315256
v -0.144364 0.290177 2.324957
v -0.151276 0.269817 2.324957
v -0.128483 0.283599 2.351461
v -0.134671 0.265368 2.351461
v -0.122670 0.281191 2.387666
v -0.128594 0.263739 2.387666
v -0.128483 0.283599 2.423871
v -0.134671 0.265368 2.423871
v -0.144364 0.290177 2.450375
v -0.151276 0.269817 2.450375
v -0.166059 0.299163 2.460076
v -0.173958 0.275894 2.460076
v -0.187754 0.308149 2.450375
v -0.196640 0.281972 2.450375
v -0.203635 0.314728 2.423871
v -0.213244 0.286421 2.423871
v -0.209448 0.317136 2.387666
v -0.219322 0.288050 2.387666
v -0.225314 0.257924 2.387666
v -0.213244 0.286421 2.351461
v -0.219076 0.257102 2.351461
v -0.221031 0.227273 2.351461
v -0.202033 0.254859 2.324957
v -0.203841 0.227273 2.324957
v -0.178752 0.251794 2.315256
v -0.180359 0.227273 2.315256
v -0.155470 0.248729 2.324957
v -0.156877 0.227273 2.324957
v -0.138427 0.246485 2.351461
v -0.139686 0.227273 2.351461
v -0.132189 0.245664 2.387666
v -0.133394 0.227273 2.387666
v -0.138427 0.246485 2.423871
v -0.139686 0.227273 2.423871
v -0.155470 0.248729 2.450375
v -0.156877 0.227273 2.450375
v -0.178752 0.251794 2.460076
v -0.180359 0.227273 2.460076
v -0.202033 0.254859 2.450375
v -0.203841 0.227273 2.450375
v -0.219076 0.257102 2.423871
v -0.221031 0.227273 2.423871
v -0.219076 0.197444 2.423871
v -0.227323 0.227273 2.387666
v -0.225314 0.196623 2.387666
v -0.219322 0.166497 2.387666
v -0.219076 0.197444 2.351461
v -0.213244 0.168126 2.351461
v -0.202033 0.199688 2.324957
v -0.196640 0.172575 2.324957
v -0.178752 0.202753 2.315256
v -0.173958 0.178652 2.315256
v -0.155470 0.205818 2.324957
v -0.151276 0.184730 2.324957
v -0.138427 0.208062 2.351461
v -0.134671 0.189179 2.351461
v -0.132189 0.208883 2.387666
v -0.128594 0.190808 2.387666
v -0.138427 0.208062 2.423871
v -0.134671 0.189179 2.423871
v -0.155470 0.205818 2.450375
v -0.151276 0.184730 2.450375
v -0.178752 0.202753 2.460076
v -0.173958 0.178652 2.460076
v -0.202033 0.199688 2.450375
v -0.196640 0.172575 2.450375
v -0.187754 0.146397 2.450375
v -0.213244 0.168126 2.423871
v -0.203635 0.139819 2.423871
v -0.190414 0.113008 2.423871
v -0.209448 0.137411 2.387666
v -0.195863 0.109862 2.387666
v -0.203635 0.139819 2.351461
v -0.190414 0.113008 2.351461
v -0.187754 0.146397 2.324957
v -0.175527 0.121604 2.324957
v -0.166059 0.155383 2.315256
v -0.155191 0.133345 2.315256
v -0.144364 0.164370 2.324957
v -0.134854 0.145086 2.324957
v -0.128483 0.170948 2.351461
v -0.119967 0.153681 2.351461
v -0.122670 0.173356 2.387666
v -0.114518 0.156827 2.387666
v -0.128483 0.170948 2.423871
v -0.119967 0.153681 2.423871
v -0.144364 0.164370 2.450375
v -0.134854 0.145086 2.450375
v -0.166059 0.155383 2.460076
v -0.155191 0.133345 2.460076
v -0.141539 0.112913 2.460076
v -0.175527 0.121604 2.450375
v -0.160168 0.098618 2.450375
v -0.141941 0.077834 2.450375
v -0.173806 0.088153 2.423871
v -0.154096 0.065679 2.423871
v -0.178798 0.084323 2.387666
v -0.158545 0.061229 2.387666
v -0.173806 0.088153 2.351461
v -0.154096 0.065679 2.351461
v -0.160168 0.098618 2.324957
v -0.141941 0.077834 2.324957
v -0.141539 0.112913 2.315256
v -0.125337 0.094438 2.315256
v -0.122909 0.127208 2.324957
v -0.108732 0.111043 2.324957
v -0.109271 0.137673 2.351461
v -0.096577 0.123198 2.351461
v -0.104279 0.141503 2.387666
v -0.092128 0.127647 2.387666
v -0.109271 0.137673 2.423871
v -0.096577 0.123198 2.423871
v -0.122909 0.127208 2.450375
v -0.108732 0.111042 2.450375
v -0.092567 0.096866 2.450375
v -0.125337 0.094438 2.460076
v -0.106862 0.078236 2.460076
v -0.086430 0.064584 2.460076
v -0.121157 0.059606 2.450375
v -0.098171 0.044248 2.450375
v -0.131621 0.045968 2.423871
v -0.106766 0.029361 2.423871
v -0.135452 0.040977 2.387666
v -0.109912 0.023912 2.387666
v -0.131621 0.045969 2.351461
v -0.106766 0.029361 2.351461
v -0.121157 0.059606 2.324957
v -0.098171 0.044248 2.324957
v -0.106862 0.078236 2.315256
v -0.086430 0.064584 2.315256
v -0.092567 0.096866 2.324957
v -0.074689 0.084920 2.324957
v -0.082102 0.110504 2.351461
v -0.066094 0.099807 2.351461
v -0.078272 0.115495 2.387666
v -0.062948 0.105256 2.387666
v -0.082102 0.110504 2.423871
v -0.066094 0.099807 2.423871
v -0.048827 0.091292 2.423871
v -0.074689 0.084920 2.450375
v -0.055405 0.075410 2.450375
v -0.035045 0.068499 2.450375
v -0.064391 0.053716 2.460076
v -0.041122 0.045817 2.460076
v -0.073378 0.032021 2.450375
v -0.047200 0.023135 2.450375
v -0.079956 0.016139 2.423871
v -0.051649 0.006531 2.423871
v -0.082364 0.010326 2.387666
v -0.053278 0.000453 2.387666
v -0.079956 0.016139 2.351461
v -0.051649 0.006531 2.351461
v -0.073377 0.032021 2.324957
v -0.047200 0.023135 2.324957
v -0.064391 0.053716 2.315256
v -0.041122 0.045817 2.315256
v -0.055405 0.075410 2.324957
v -0.035045 0.068499 2.324957
v -0.048827 0.091292 2.351461
v -0.030596 0.085104 2.351461
v -0.046419 0.097105 2.387666
v -0.028967 0.091181 2.387666
v -0.010892 0.087586 2.387666
v -0.030596 0.085103 2.423871
v -0.011713 0.081347 2.423871
v 0.007499 0.080088 2.423871
v -0.013957 0.064304 2.450375
v 0.007499 0.062898 2.450375
v -0.017022 0.041023 2.460076
v 0.007499 0.039416 2.460076
v -0.020087 0.017742 2.450375
v 0.007499 0.015934 2.450375
v -0.022330 0.000699 2.423871
v 0.007499 -0.001256 2.423871
v -0.023152 -0.005539 2.387666
v 0.007499 -0.007548 2.387666
v -0.022330 0.000699 2.351461
v 0.007499 -0.001256 2.351461
v -0.020087 0.017742 2.324957
v 0.007499 0.015934 2.324957
v -0.017022 0.041023 2.315256
v 0.007499 0.039416 2.315256
v -0.013957 0.064304 2.324957
v 0.007499 0.062898 2.324957
v -0.011713 0.081347 2.351461
v 0.007499 0.080088 2.351461
v 0.026710 0.081347 2.351461
v 0.007499 0.086380 2.387666
v 0.025889 0.087586 2.387666
v 0.043964 0.091181 2.387666
v 0.026710 0.081347 2.423871
v 0.045593 0.085104 2.423871
v 0.028954 0.064304 2.450375
v 0.050042 0.068499 2.450375
v 0.032019 0.041023 2.460076
v 0.056120 0.045817 2.460076
v 0.035084 0.017742 2.450375
v 0.062197 0.023135 2.450375
v 0.037328 0.000699 2.423871
v 0.066647 0.006531 2.423871
v 0.038149 -0.005539 2.387666
v 0.068275 0.000453 2.387666
v 0.037328 0.000699 2.351461
v 0.066647 0.006531 2.351461
v 0.035084 0.017742 2.324957
v 0.062197 0.023135 2.324957
v 0.032019 0.041023 2.315256
v 0.056120 0.045817 2.315256
v 0.028954 0.064304 2.324957
v 0.050042 0.068499 2.324957
v 0.070402 0.075410 2.324957
v 0.045593 0.085104 2.351461
v 0.063824 0.091292 2.351461
v 0.081091 0.099807 2.351461
v 0.061416 0.097105 2.387666
v 0.077945 0.105256 2.387666
v 0.063824 0.091292 2.423871
v 0.081091 0.099807 2.423871
v 0.070402 0.075410 2.450375
v 0.089686 0.084920 2.450375
v 0.079389 0.053716 2.460076
v 0.101427 0.064584 2.460076
v 0.088375 0.032021 2.450375
v 0.113168 0.044248 2.450375
v 0.094953 0.016139 2.423871
v 0.121763 0.029361 2.423871
v 0.097361 0.010326 2.387666
v 0.124910 0.023912 2.387666
v 0.094953 0.016139 2.351461
v 0.121763 0.029361 2.351461
v 0.088375 0.032021 2.324957
v 0.113168 0.044248 2.324957
v 0.079389 0.053716 2.315256
v 0.101427 0.064584 2.315256
v 0.121859 0.078236 2.315256
v 0.089686 0.084920 2.324957
v 0.107564 0.096866 2.324957
v 0.123729 0.111043 2.324957
v 0.097099 0.110504 2.351461
v 0.111574 0.123198 2.351461
v 0.093269 0.115495 2.387666
v 0.107125 0.127647 2.387666
v 0.097099 0.110504 2.423871
v 0.111574 0.123198 2.423871
v 0.107564 0.096866 2.450375
v 0.123729 0.111042 2.450375
v 0.121859 0.078236 2.460076
v 0.140334 0.094438 2.460076
v 0.136154 0.059606 2.450375
v 0.156938 0.077834 2.450375
v 0.146619 0.045969 2.423871
v 0.169094 0.065678 2.423871
v 0.150449 0.040977 2.387666
v 0.173543 0.061229 2.387666
v 0.146619 0.045969 2.351461
v 0.169094 0.065678 2.351461
v 0.136154 0.059606 2.324957
v 0.156938 0.077834 2.324957
v 0.175166 0.098618 2.324957
v 0.140334 0.094438 2.315256
v 0.156536 0.112913 2.315256
v 0.170188 0.133345 2.315256
v 0.137906 0.127208 2.324957
v 0.149852 0.145086 2.324957
v 0.124268 0.137673 2.351461
v 0.134965 0.153681 2.351461
v 0.119277 0.141503 2.387666
v 0.129516 0.156827 2.387666
v 0.124268 0.137673 2.423871
v 0.134965 0.153681 2.423871
v 0.137906 0.127208 2.450375
v 0.149852 0.145086 2.450375
v 0.156536 0.112913 2.460076
v 0.170188 0.133345 2.460076
v 0.175166 0.098618 2.450375
v 0.190524 0.121604 2.450375
v 0.188803 0.088153 2.423871
v 0.205411 0.113008 2.423871
v 0.193795 0.084323 2.387666
v 0.210860 0.109863 2.387666
v 0.188803 0.088153 2.351461
v 0.205411 0.113008 2.351461
v 0.218633 0.139819 2.351461
v 0.190524 0.121604 2.324957
v 0.202751 0.146397 2.324957
v 0.211637 0.172575 2.324957
v 0.181056 0.155383 2.315256
v 0.188955 0.178652 2.315256
v 0.159362 0.164370 2.324957
v 0.166273 0.184730 2.324957
v 0.143480 0.170948 2.351461
v 0.149669 0.189179 2.351461
v 0.137667 0.173356 2.387666
v 0.143591 0.190808 2.387666
v 0.143480 0.170948 2.423871
v 0.149668 0.189179 2.423871
v 0.159362 0.164370 2.450375
v 0.166273 0.184730 2.450375
v 0.181056 0.155383 2.460076
v 0.188955 0.178652 2.460076
v 0.202751 0.146397 2.450375
v 0.211637 0.172575 2.450375
v 0.218633 0.139819 2.423871
v 0.228241 0.168126 2.423871
v 0.224446 0.137411 2.387666
v 0.234319 0.166497 2.387666
v 0.228241 0.168126 2.351461
v 0.234073 0.197444 2.351461
v 0.234073 0.197444 2.423871
v 0.217030 0.199688 2.450375
v 0.193749 0.202753 2.460076
v 0.218838 0.227273 2.450375
v 0.153425 0.208062 2.351461
v -0.109654 0.423734 2.236667
v -0.063265 0.423734 2.205248
v -0.152163 0.454573 2.181875
v -0.134029 0.423734 2.296461
v -0.088942 0.447497 2.270601
v -0.185382 0.454573 2.263365
v -0.134029 0.423734 2.387673
v -0.185382 0.454573 2.387673
v -0.134029 0.423734 2.478886
v -0.088942 0.447497 2.394909
v -0.088942 0.453132 2.511982
v 0.007499 0.447497 2.394909
v 0.007499 0.447497 2.270601
v 0.007499 0.453132 2.511982
v 0.103940 0.453132 2.387673
v 0.149027 0.423734 2.387673
v 0.103940 0.453132 2.511982
v 0.103940 0.453131 2.263365
v 0.078263 0.423734 2.205248
v 0.149027 0.423734 2.296461
v 0.200380 0.454573 2.263365
v 0.124652 0.423734 2.236667
v 0.167161 0.454573 2.181875
v 0.103940 0.454573 2.139056
v 0.167161 0.585857 2.181875
v 0.103940 0.585858 2.139056
v 0.167161 0.676724 2.181875
v 0.200380 0.585858 2.263365
v 0.200380 0.676724 2.263365
v 0.200380 0.585858 2.387673
v 0.200380 0.454573 2.387673
v 0.200380 0.676724 2.387673
v 0.200380 0.585858 2.511982
v 0.200380 0.454573 2.511982
v 0.200380 0.676724 2.511982
v 0.167161 0.585858 2.593472
v 0.167161 0.454573 2.593472
v 0.167161 0.676724 2.593472
v 0.103940 0.585858 2.636290
v 0.103940 0.454573 2.636290
v 0.103940 0.676724 2.636290
v 0.007499 0.585858 2.636290
v 0.007499 0.454573 2.636290
v 0.007499 0.676724 2.636290
v -0.088942 0.585858 2.636290
v -0.088942 0.454573 2.636290
v -0.088942 0.676724 2.636290
v -0.152163 0.585858 2.593472
v -0.152163 0.454573 2.593472
v -0.152163 0.676724 2.593472
v -0.185382 0.585858 2.511982
v -0.185382 0.454573 2.511982
v -0.185382 0.676724 2.511982
v -0.185382 0.585858 2.387673
v -0.185382 0.676724 2.387673
v -0.185382 0.585858 2.263365
v -0.152163 0.585857 2.181875
v -0.185382 0.676724 2.263365
v -0.152163 0.676724 2.181875
v -0.185382 0.742679 2.263365
v -0.185382 0.742679 2.387673
v -0.152163 0.742679 2.181875
v -0.143969 0.790124 2.290055
v -0.143969 0.790124 2.387673
v -0.117882 0.790124 2.226062
v -0.088942 0.756375 2.263365
v -0.088942 0.756375 2.387673
v 0.007499 0.756375 2.263365
v -0.068235 0.790124 2.192437
v -0.088942 0.742679 2.139056
v 0.007499 0.790124 2.192437
v 0.007499 0.742679 2.139056
v 0.083233 0.790124 2.192437
v 0.132880 0.790124 2.226062
v 0.103940 0.756375 2.263365
v 0.103940 0.742679 2.139056
v 0.103940 0.676724 2.139056
v 0.167161 0.742679 2.181875
v 0.200380 0.742679 2.263365
v 0.158967 0.790124 2.290055
v 0.200380 0.742679 2.387673
v 0.158967 0.790124 2.387673
v 0.200380 0.742679 2.511982
v 0.158967 0.790124 2.485291
v 0.167161 0.742679 2.593472
v 0.132880 0.790124 2.549284
v 0.103940 0.742679 2.636290
v 0.083233 0.790124 2.582910
v 0.007499 0.742679 2.636290
v 0.007499 0.790124 2.582910
v -0.088942 0.742679 2.636290
v -0.068235 0.790124 2.582910
v -0.152163 0.742679 2.593472
v -0.117882 0.790124 2.549284
v -0.185382 0.742679 2.511982
v -0.143969 0.790124 2.485291
v -0.088942 0.756375 2.511982
v 0.007499 0.756375 2.511982
v 0.007499 0.756375 2.387673
v 0.103940 0.756375 2.511982
v 0.103940 0.756375 2.387673
v 0.007499 0.676724 2.139056
v -0.088942 0.676724 2.139056
v 0.007499 0.585858 2.139056
v -0.088942 0.585858 2.139056
v 0.007499 0.454573 2.139056
v -0.088942 0.454573 2.139056
v 0.007499 0.423734 2.205248
v -0.109654 0.423734 2.538679
v -0.063265 0.423734 2.570099
v 0.007499 0.423734 2.570099
v 0.078263 0.423734 2.570099
v 0.124652 0.423734 2.538679
v 0.149027 0.423734 2.478886
v 0.027850 0.732446 2.511787
v 0.035175 0.732693 2.512465
v 0.042219 0.733424 2.514473
v 0.048710 0.734610 2.517733
v 0.054400 0.736207 2.522121
v 0.059070 0.738153 2.527468
v 0.062539 0.740374 2.533568
v 0.064676 0.742783 2.540186
v 0.065397 0.745288 2.547070
v 0.064676 0.747793 2.553953
v 0.062539 0.750202 2.560572
v 0.059070 0.752422 2.566672
v 0.054400 0.754368 2.572018
v 0.048710 0.755966 2.576406
v 0.042219 0.757152 2.579667
v 0.035175 0.757883 2.581675
v 0.027850 0.758130 2.582352
v 0.020525 0.757883 2.581675
v 0.013482 0.757152 2.579667
v 0.006990 0.755966 2.576406
v 0.001301 0.754368 2.572018
v -0.003369 0.752422 2.566672
v -0.006839 0.750202 2.560572
v -0.008975 0.747793 2.553953
v -0.009697 0.745288 2.547070
v -0.008975 0.742783 2.540186
v -0.006839 0.740374 2.533568
v -0.003369 0.738153 2.527468
v 0.001301 0.736207 2.522121
v 0.006990 0.734610 2.517733
v 0.013482 0.733424 2.514473
v 0.020525 0.732693 2.512465
v 0.027850 0.961601 2.468338
v 0.027850 0.758130 2.193056
v 0.035175 0.757883 2.193734
v 0.042219 0.757152 2.195741
v 0.048710 0.755966 2.199002
v 0.054400 0.754368 2.203390
v 0.059070 0.752422 2.208736
v 0.062539 0.750202 2.214836
v 0.064676 0.747793 2.221455
v 0.065397 0.745288 2.228338
v 0.064676 0.742783 2.235222
v 0.062539 0.740374 2.241840
v 0.059070 0.738153 2.247940
v 0.054400 0.736207 2.253287
v 0.048710 0.734610 2.257675
v 0.042219 0.733424 2.260935
v 0.035175 0.732693 2.262943
v 0.027850 0.732446 2.263621
v 0.020525 0.732693 2.262943
v 0.013482 0.733424 2.260935
v 0.006990 0.734610 2.257675
v 0.001301 0.736207 2.253287
v -0.003369 0.738153 2.247940
v -0.006839 0.740374 2.241840
v -0.008975 0.742783 2.235222
v -0.009697 0.745288 2.228338
v -0.008975 0.747793 2.221455
v -0.006839 0.750202 2.214836
v -0.003369 0.752422 2.208736
v 0.001301 0.754368 2.203390
v 0.006990 0.755966 2.199002
v 0.013482 0.757152 2.195741
v 0.020525 0.757883 2.193734
v 0.027850 0.961601 2.307070
vn 0.8810 0.4709 -0.0464
vn 0.7715 0.6331 -0.0624
vn 0.8810 0.4709 0.0464
vn 0.7715 0.6331 0.0624
vn 0.8810 0.4528 0.1373
vn 0.7715 0.6088 0.1847
vn 0.8810 0.4173 0.2231
vn 0.7715 0.5611 0.2999
vn 0.8810 0.3658 0.3002
vn 0.7715 0.4918 0.4036
vn 0.8810 0.3002 0.3658
vn 0.7715 0.4036 0.4918
vn 0.8810 0.2231 0.4173
vn 0.7715 0.2999 0.5611
vn 0.7715 0.1847 0.6088
vn 0.8810 0.1373 0.4528
vn 0.6326 0.2248 0.7412
vn 0.6326 0.3651 0.6831
vn 0.7715 0.0624 0.6331
vn 0.6326 0.0759 0.7708
vn 0.7715 -0.0624 0.6331
vn 0.6326 -0.0759 0.7708
vn 0.7715 -0.1847 0.6088
vn 0.6326 -0.2248 0.7412
vn 0.7715 -0.2999 0.5611
vn 0.6326 -0.3651 0.6831
vn 0.7715 -0.4036 0.4918
vn 0.6326 -0.4913 0.5987
vn 0.7715 -0.4918 0.4036
vn 0.6326 -0.5987 0.4913
vn 0.7715 -0.5611 0.2999
vn 0.6326 -0.6831 0.3651
vn 0.4696 -0.7786 0.4162
vn 0.4696 -0.6825 0.5601
vn 0.6326 -0.7412 0.2248
vn 0.4696 -0.8449 0.2563
vn 0.6326 -0.7708 0.0759
vn 0.4696 -0.8786 0.0865
vn 0.6326 -0.7708 -0.0759
vn 0.4696 -0.8786 -0.0865
vn 0.6326 -0.7412 -0.2248
vn 0.4696 -0.8449 -0.2563
vn 0.6326 -0.6830 -0.3651
vn 0.4697 -0.7786 -0.4162
vn 0.6326 -0.5987 -0.4913
vn 0.4696 -0.6825 -0.5601
vn 0.6326 -0.4913 -0.5987
vn 0.4696 -0.5601 -0.6825
vn 0.2890 -0.6073 -0.7400
vn 0.2890 -0.7400 -0.6073
vn 0.4697 -0.4162 -0.7786
vn 0.2890 -0.4513 -0.8443
vn 0.4696 -0.2563 -0.8448
vn 0.2890 -0.2779 -0.9161
vn 0.4696 -0.0865 -0.8786
vn 0.2890 -0.0938 -0.9527
vn 0.4696 0.0865 -0.8786
vn 0.2890 0.0938 -0.9527
vn 0.4696 0.2563 -0.8448
vn 0.2890 0.2779 -0.9161
vn 0.4696 0.4162 -0.7786
vn 0.2890 0.4513 -0.8443
vn -1.0000 -0.0000 -0.0000
vn 0.2890 0.6073 -0.7400
vn 0.2890 0.7400 -0.6073
vn 0.4696 0.6825 -0.5601
vn 0.4696 0.5601 -0.6825
vn 0.6326 0.5987 -0.4913
vn 0.6326 0.4913 -0.5987
vn 0.6326 0.6830 -0.3651
vn 0.4697 0.7786 -0.4162
vn 0.7715 0.5611 -0.2999
vn 0.7715 0.4918 -0.4036
vn 0.7715 0.6088 -0.1847
vn 0.6326 0.7412 -0.2248
vn 0.8810 0.4528 -0.1374
vn 0.8810 0.4173 -0.2231
vn 0.9566 0.2790 -0.0846
vn 0.9566 0.2571 -0.1374
vn 0.9566 0.2902 -0.0286
vn 0.9951 0.0980 -0.0097
vn 0.9951 0.0943 -0.0286
vn 0.9951 0.0980 0.0097
vn 0.9951 0.0464 -0.0869
vn 0.9951 0.0286 -0.0943
vn 0.9951 0.0097 -0.0980
vn 0.9951 -0.0097 -0.0980
vn 0.9951 -0.0286 -0.0943
vn 0.9951 -0.0464 -0.0869
vn 0.9951 -0.0625 -0.0761
vn 0.9951 -0.0761 -0.0625
vn 0.9951 -0.0869 -0.0464
vn 0.9951 -0.0943 -0.0286
vn 0.9951 -0.0980 -0.0097
vn 0.9951 -0.0980 0.0097
vn 0.9951 -0.0943 0.0286
vn 0.9951 -0.0869 0.0464
vn 0.9951 -0.0761 0.0625
vn 0.9951 -0.0625 0.0761
vn 0.9951 -0.0464 0.0869
vn 0.9951 -0.0286 0.0943
vn 0.9951 -0.0097 0.0980
vn 0.9951 0.0097 0.0980
vn 0.9951 0.0286 0.0943
vn 0.9951 0.0464 0.0869
vn 0.9951 0.0625 0.0761
vn 0.9951 0.0761 0.0625
vn 0.9951 0.0869 0.0464
vn 0.9951 0.0943 0.0286
vn 0.9951 0.0625 -0.0761
vn 0.9951 0.0761 -0.0625
vn 0.9951 0.0869 -0.0464
vn 0.9566 0.2254 -0.1850
vn 0.9566 0.1850 -0.2254
vn 0.8810 0.3658 -0.3002
vn 0.8810 0.3002 -0.3658
vn 0.9566 0.1375 -0.2571
vn 0.8810 0.2231 -0.4173
vn 0.9566 0.0846 -0.2790
vn 0.8810 0.1373 -0.4528
vn 0.9566 0.0286 -0.2902
vn 0.8810 0.0464 -0.4709
vn 0.8810 -0.0464 -0.4709
vn 0.9566 -0.0286 -0.2902
vn 0.9566 -0.0846 -0.2790
vn 0.8810 -0.1373 -0.4528
vn 0.9566 -0.1375 -0.2571
vn 0.8810 -0.2231 -0.4173
vn 0.9566 -0.1850 -0.2254
vn 0.8810 -0.3002 -0.3658
vn 0.9566 -0.2254 -0.1850
vn 0.8810 -0.3658 -0.3002
vn 0.9566 -0.2571 -0.1375
vn 0.8810 -0.4173 -0.2231
vn 0.9566 -0.2790 -0.0846
vn 0.8810 -0.4528 -0.1374
vn 0.9566 -0.2901 -0.0286
vn 0.8810 -0.4709 -0.0464
vn 0.8810 -0.4709 0.0464
vn 0.9566 -0.2901 0.0286
vn 0.9566 -0.2790 0.0846
vn 0.8810 -0.4528 0.1374
vn 0.9566 -0.2571 0.1375
vn 0.8810 -0.4173 0.2231
vn 0.9566 -0.2254 0.1850
vn 0.8810 -0.3658 0.3002
vn 0.9566 -0.1850 0.2254
vn 0.8810 -0.3002 0.3658
vn 0.9566 -0.1374 0.2571
vn 0.8810 -0.2231 0.4173
vn 0.9566 -0.0846 0.2790
vn 0.8810 -0.1373 0.4528
vn 0.9566 -0.0286 0.2902
vn 0.8810 -0.0464 0.4709
vn 0.8810 0.0464 0.4709
vn 0.9566 0.0286 0.2902
vn 0.9566 0.0846 0.2790
vn 0.7715 -0.6088 0.1847
vn 0.7715 -0.6332 0.0623
vn 0.7715 -0.6332 -0.0623
vn 0.7715 -0.6088 -0.1847
vn 0.7715 -0.5611 -0.2999
vn 0.7715 -0.4918 -0.4036
vn 0.7715 -0.4036 -0.4918
vn 0.7715 -0.2999 -0.5611
vn 0.6326 -0.3651 -0.6831
vn 0.6326 -0.2248 -0.7412
vn 0.7715 -0.1847 -0.6088
vn 0.7715 -0.0624 -0.6331
vn 0.6326 -0.0759 -0.7708
vn 0.7715 0.0624 -0.6331
vn 0.6326 0.0759 -0.7708
vn 0.7715 0.1847 -0.6088
vn 0.6326 0.2248 -0.7412
vn 0.7715 0.2999 -0.5611
vn 0.6326 0.3651 -0.6831
vn 0.7715 0.4036 -0.4918
vn 0.9566 0.2790 0.0846
vn 0.9566 0.2902 0.0286
vn 0.9566 0.2571 0.1375
vn 0.9566 0.2254 0.1850
vn 0.9566 0.1850 0.2254
vn 0.9566 0.1374 0.2571
vn 0.6326 0.7708 -0.0759
vn 0.4696 0.8786 -0.0865
vn 0.4696 0.8449 -0.2563
vn 0.6326 0.7708 0.0759
vn 0.4696 0.8786 0.0865
vn 0.6325 0.7412 0.2249
vn 0.4696 0.8448 0.2563
vn 0.6326 0.6831 0.3651
vn 0.4697 0.7786 0.4162
vn 0.6326 0.5987 0.4913
vn 0.4696 0.6825 0.5601
vn 0.6326 0.4913 0.5987
vn 0.4696 0.5601 0.6825
vn 0.2890 0.6073 0.7400
vn 0.2890 0.7400 0.6073
vn 0.4696 0.4162 0.7786
vn 0.2890 0.4513 0.8443
vn 0.4696 0.2563 0.8449
vn 0.2890 0.2779 0.9161
vn 0.4696 0.0865 0.8786
vn 0.2890 0.0938 0.9527
vn 0.4696 -0.0865 0.8786
vn 0.2890 -0.0938 0.9527
vn 0.4696 -0.2563 0.8449
vn 0.2890 -0.2779 0.9161
vn 0.4696 -0.4162 0.7786
vn 0.2890 -0.4513 0.8443
vn 0.4696 -0.5601 0.6825
vn 0.2890 -0.6073 0.7400
vn 0.2890 -0.7400 0.6073
vn 0.2890 -0.8443 0.4513
vn 0.2890 -0.9161 0.2779
vn 0.2890 -0.9527 0.0938
vn 0.2890 -0.9527 -0.0938
vn 0.2890 -0.9161 -0.2779
vn 0.2890 -0.8443 -0.4513
vn 0.2890 0.8443 0.4513
vn 0.2890 0.9161 0.2779
vn 0.2890 0.9527 0.0938
vn 0.2890 0.9527 -0.0938
vn 0.2890 0.9161 -0.2779
vn 0.2890 0.8443 -0.4513
vn -0.7179 0.6962 -0.0000
vn -0.9569 -0.2903 -0.0000
vn -0.2215 -0.9752 -0.0000
vn -0.7730 -0.6344 -0.0000
vn -0.9999 -0.0131 -0.0000
vn -0.4714 -0.8819 -0.0000
vn 0.5517 -0.8340 -0.0000
vn -0.0980 -0.9952 -0.0000
vn -0.6900 -0.7238 -0.0000
vn 0.2903 -0.9569 -0.0000
vn 0.9768 -0.2143 -0.0000
vn 0.6344 -0.7730 -0.0000
vn 0.0221 -0.9998 -0.0000
vn 0.8819 -0.4714 -0.0000
vn 0.8411 0.5409 -0.0000
vn 0.9952 -0.0980 -0.0000
vn 0.7207 -0.6933 -0.0000
vn 0.9569 0.2903 -0.0000
vn 0.2128 0.9771 -0.0000
vn 0.7730 0.6344 -0.0000
vn 0.9999 0.0168 -0.0000
vn 0.4714 0.8819 -0.0000
vn -0.5412 0.8409 -0.0000
vn 0.0980 0.9952 -0.0000
vn 0.6967 0.7173 -0.0000
vn -0.2903 0.9569 -0.0000
vn -0.9781 0.2080 -0.0000
vn -0.6344 0.7730 -0.0000
vn -0.0046 1.0000 -0.0000
vn -0.8819 0.4714 -0.0000
vn -0.0000 -0.0000 -1.0000
vn -0.8386 -0.5447 -0.0000
vn -0.9952 0.0980 -0.0000
vn -0.0000 -0.0000 1.0000
vn 0.9952 0.0980 -0.0000
vn 0.8819 0.4714 -0.0000
vn 0.6344 0.7730 -0.0000
vn 0.2903 0.9569 -0.0000
vn -0.0980 0.9952 -0.0000
vn -0.4714 0.8819 -0.0000
vn -0.7730 0.6344 -0.0000
vn -0.9569 0.2903 -0.0000
vn -0.9952 -0.0980 -0.0000
vn -0.8819 -0.4714 -0.0000
vn -0.6344 -0.7730 -0.0000
vn -0.2903 -0.9569 -0.0000
vn 0.0980 -0.9952 -0.0000
vn 0.4714 -0.8819 -0.0000
vn 0.7730 -0.6344 -0.0000
vn 0.9569 -0.2903 -0.0000
vn -0.0000 0.9999 -0.0111
vn -0.0000 0.0111 0.9999
vn 1.0000 -0.0000 -0.0000
vn -0.0000 -0.0111 -0.9999
vn -0.0000 -0.9999 0.0111
vn 0.9952 -0.0980 0.0011
vn 0.7179 -0.6961 0.0077
vn 0.8386 0.5446 -0.0060
vn 0.8819 -0.4714 0.0052
vn 0.0046 -0.9999 0.0111
vn 0.6344 -0.7730 0.0086
vn 0.9781 -0.2080 0.0023
vn 0.2903 -0.9569 0.0106
vn -0.6967 -0.7173 0.0080
vn -0.0980 -0.9951 0.0110
vn 0.5412 -0.8408 0.0093
vn -0.4714 -0.8819 0.0098
vn -0.9999 -0.0168 0.0002
vn -0.7730 -0.6343 0.0070
vn -0.2128 -0.9770 0.0108
vn -0.9569 -0.2902 0.0032
vn -0.7207 0.6932 -0.0077
vn -0.9952 0.0980 -0.0011
vn -0.8411 -0.5409 0.0060
vn -0.8819 0.4714 -0.0052
vn -0.0220 0.9997 -0.0111
vn -0.6344 0.7730 -0.0086
vn -0.9768 0.2142 -0.0024
vn -0.2903 0.9569 -0.0106
vn 0.6900 0.7238 -0.0080
vn 0.0980 0.9951 -0.0110
vn 0.0980 -0.9951 0.0110
vn 0.4713 -0.8819 0.0098
vn 0.7730 -0.6344 0.0070
vn 0.8820 -0.4713 0.0052
vn 0.9569 -0.2903 0.0032
vn 0.9952 -0.0979 0.0011
vn 0.9952 0.0979 -0.0011
vn 0.9569 0.2903 -0.0032
vn 0.8820 0.4713 -0.0052
vn 0.7730 0.6344 -0.0070
vn 0.6344 0.7730 -0.0086
vn 0.4713 0.8819 -0.0098
vn 0.2903 0.9569 -0.0106
vn -0.0980 0.9951 -0.0110
vn -0.4713 0.8819 -0.0098
vn -0.6344 0.7730 -0.0085
vn -0.7730 0.6344 -0.0070
vn -0.8820 0.4713 -0.0052
vn -0.9569 0.2903 -0.0032
vn -0.9952 -0.0980 0.0011
vn -0.9569 -0.2903 0.0032
vn -0.8820 -0.4713 0.0052
vn -0.6344 -0.7730 0.0086
vn -0.4713 -0.8819 0.0098
vn -0.2903 -0.9569 0.0106
vn -0.5517 0.8340 -0.0092
vn 0.4714 0.8819 -0.0098
vn 0.9999 0.0131 -0.0001
vn 0.7730 0.6343 -0.0070
vn 0.2215 0.9751 -0.0108
vn 0.9569 0.2902 -0.0032
vn -0.6967 -0.7173 0.0079
vn -0.0221 0.9997 -0.0111
vn -0.7730 -0.6344 0.0070
vn -0.9952 -0.0979 0.0011
vn -0.7730 0.6343 -0.0070
vn 0.9952 0.0980 -0.0011
vn 0.9832 0.0644 -0.1709
vn 0.9832 -0.0644 -0.1709
vn 0.9832 -0.0644 0.1709
vn 0.9832 0.0644 0.1709
vn 0.9664 0.1922 0.1709
vn 0.9664 0.1922 -0.1709
vn 0.8377 0.0549 0.5433
vn 0.8234 0.1638 0.5433
vn 0.7950 0.2699 0.5433
vn 0.9330 0.3167 0.1709
vn 0.7529 0.3713 0.5433
vn 0.8837 0.4358 0.1709
vn 0.8837 0.4358 -0.1709
vn 0.9330 0.3167 -0.1709
vn 0.7529 0.3713 -0.5433
vn 0.7950 0.2699 -0.5433
vn 0.8234 0.1638 -0.5433
vn 0.3622 0.1230 -0.9239
vn 0.3752 0.0746 -0.9239
vn 0.8377 0.0549 -0.5433
vn 0.3817 0.0250 -0.9239
vn 0.8377 -0.0549 -0.5433
vn 0.3817 -0.0250 -0.9239
vn -0.3817 0.0250 -0.9239
vn -0.3817 -0.0250 -0.9239
vn -0.8377 0.0549 -0.5433
vn -0.8377 -0.0549 -0.5433
vn -0.3752 -0.0746 -0.9239
vn -0.8234 -0.1638 -0.5433
vn -0.9664 -0.1922 -0.1709
vn -0.9832 -0.0644 -0.1709
vn -0.9664 -0.1922 0.1709
vn -0.9832 -0.0644 0.1709
vn -0.9832 0.0644 -0.1709
vn -0.9832 0.0644 0.1709
vn -0.8377 0.0549 0.5433
vn -0.8377 -0.0549 0.5433
vn -0.3817 0.0250 0.9239
vn -0.3817 -0.0250 0.9239
vn -0.8234 -0.1638 0.5433
vn -0.3752 -0.0746 0.9239
vn 0.3752 0.0746 0.9239
vn 0.3817 0.0250 0.9239
vn -0.3622 -0.1230 0.9239
vn 0.3622 0.1230 0.9239
vn -0.3431 -0.1692 0.9239
vn 0.3431 0.1692 0.9239
vn -0.3181 -0.2125 0.9239
vn 0.3181 0.2125 0.9239
vn 0.6980 0.4664 0.5433
vn 0.2876 0.2522 0.9239
vn 0.6312 0.5535 0.5433
vn 0.7408 0.6496 0.1709
vn 0.8192 0.5474 0.1709
vn 0.7408 0.6497 -0.1709
vn 0.8192 0.5474 -0.1709
vn 0.6312 0.5535 -0.5433
vn 0.6980 0.4664 -0.5433
vn 0.2876 0.2522 -0.9239
vn 0.3181 0.2125 -0.9239
vn 0.3431 0.1692 -0.9239
vn -0.3181 -0.2125 -0.9239
vn -0.3431 -0.1692 -0.9239
vn -0.3622 -0.1230 -0.9239
vn -0.7529 -0.3713 -0.5433
vn -0.7950 -0.2699 -0.5433
vn -0.8837 -0.4358 -0.1709
vn -0.9330 -0.3167 -0.1709
vn -0.8837 -0.4358 0.1709
vn -0.9330 -0.3167 0.1709
vn -0.7529 -0.3713 0.5433
vn -0.7950 -0.2699 0.5433
vn -0.8192 -0.5474 0.1709
vn -0.6980 -0.4664 0.5433
vn -0.7408 -0.6497 0.1709
vn -0.6312 -0.5535 0.5433
vn -0.2876 -0.2522 0.9239
vn -0.5535 -0.6312 0.5433
vn -0.2522 -0.2876 0.9239
vn 0.2522 0.2876 0.9239
vn -0.2125 -0.3181 0.9239
vn 0.2125 0.3181 0.9239
vn 0.4664 0.6980 0.5433
vn 0.5535 0.6312 0.5433
vn 0.5474 0.8192 0.1709
vn 0.6497 0.7408 0.1709
vn 0.5474 0.8192 -0.1709
vn 0.6497 0.7408 -0.1709
vn 0.4664 0.6980 -0.5433
vn 0.5535 0.6312 -0.5433
vn 0.2125 0.3180 -0.9239
vn 0.2522 0.2876 -0.9239
vn -0.2125 -0.3181 -0.9239
vn -0.2522 -0.2876 -0.9239
vn -0.2876 -0.2522 -0.9239
vn -0.5535 -0.6312 -0.5433
vn -0.6312 -0.5535 -0.5433
vn -0.6980 -0.4664 -0.5433
vn -0.7408 -0.6496 -0.1709
vn -0.8192 -0.5474 -0.1709
vn -0.6496 -0.7408 -0.1709
vn -0.6496 -0.7408 0.1709
vn -0.5474 -0.8192 -0.1709
vn -0.5474 -0.8192 0.1709
vn -0.4664 -0.6980 0.5433
vn -0.4358 -0.8837 0.1709
vn -0.3713 -0.7529 0.5433
vn -0.1692 -0.3431 0.9239
vn -0.2699 -0.7950 0.5433
vn -0.1230 -0.3622 0.9239
vn 0.1230 0.3622 0.9239
vn 0.1692 0.3431 0.9239
vn 0.2699 0.7950 0.5433
vn 0.3713 0.7529 0.5433
vn 0.3167 0.9330 0.1709
vn 0.4358 0.8837 0.1709
vn 0.3167 0.9330 -0.1709
vn 0.4358 0.8837 -0.1709
vn 0.2699 0.7950 -0.5433
vn 0.3713 0.7529 -0.5433
vn 0.1230 0.3622 -0.9239
vn 0.1692 0.3431 -0.9239
vn -0.1230 -0.3622 -0.9239
vn -0.1692 -0.3431 -0.9239
vn -0.2699 -0.7950 -0.5433
vn -0.3713 -0.7529 -0.5433
vn -0.4664 -0.6980 -0.5433
vn -0.4358 -0.8837 -0.1709
vn -0.3167 -0.9330 -0.1709
vn -0.3167 -0.9330 0.1709
vn -0.1922 -0.9664 -0.1709
vn -0.1922 -0.9664 0.1709
vn -0.1638 -0.8234 0.5433
vn -0.0644 -0.9832 0.1709
vn -0.0549 -0.8377 0.5433
vn -0.0250 -0.3817 0.9239
vn -0.0746 -0.3752 0.9239
vn 0.0250 0.3817 0.9239
vn 0.0746 0.3752 0.9239
vn 0.0549 0.8377 0.5433
vn 0.1638 0.8234 0.5433
vn 0.0644 0.9832 0.1709
vn 0.1922 0.9664 0.1709
vn 0.0644 0.9832 -0.1709
vn 0.1922 0.9664 -0.1709
vn 0.0549 0.8377 -0.5433
vn 0.1638 0.8234 -0.5433
vn 0.0250 0.3817 -0.9239
vn 0.0746 0.3752 -0.9239
vn -0.0250 -0.3817 -0.9239
vn -0.0746 -0.3752 -0.9239
vn -0.0549 -0.8377 -0.5433
vn -0.1638 -0.8234 -0.5433
vn -0.0644 -0.9832 -0.1709
vn 0.0549 -0.8377 -0.5433
vn 0.0644 -0.9832 -0.1709
vn 0.0644 -0.9832 0.1709
vn 0.1922 -0.9664 -0.1709
vn 0.1922 -0.9664 0.1709
vn 0.1638 -0.8234 0.5433
vn 0.0549 -0.8377 0.5433
vn 0.0746 -0.3752 0.9239
vn 0.0250 -0.3817 0.9239
vn -0.0746 0.3752 0.9239
vn -0.0250 0.3817 0.9239
vn -0.1638 0.8234 0.5433
vn -0.0549 0.8377 0.5433
vn -0.1922 0.9664 0.1709
vn -0.0644 0.9832 0.1709
vn -0.1922 0.9664 -0.1709
vn -0.0644 0.9832 -0.1709
vn -0.1638 0.8234 -0.5433
vn -0.0549 0.8377 -0.5433
vn -0.0746 0.3752 -0.9239
vn -0.0250 0.3817 -0.9239
vn 0.0746 -0.3752 -0.9239
vn 0.0250 -0.3817 -0.9239
vn 0.1638 -0.8234 -0.5433
vn 0.1230 -0.3622 -0.9239
vn 0.2699 -0.7950 -0.5433
vn 0.3167 -0.9330 -0.1709
vn 0.3713 -0.7529 -0.5433
vn 0.4358 -0.8837 -0.1709
vn 0.4358 -0.8837 0.1709
vn 0.3167 -0.9330 0.1709
vn 0.3713 -0.7529 0.5433
vn 0.2699 -0.7950 0.5433
vn 0.1692 -0.3431 0.9239
vn 0.1230 -0.3622 0.9239
vn -0.1692 0.3431 0.9239
vn -0.1230 0.3622 0.9239
vn -0.3713 0.7529 0.5433
vn -0.2699 0.7950 0.5433
vn -0.4358 0.8837 0.1709
vn -0.3167 0.9330 0.1709
vn -0.4358 0.8837 -0.1709
vn -0.3167 0.9330 -0.1709
vn -0.3713 0.7529 -0.5433
vn -0.2699 0.7950 -0.5433
vn -0.1692 0.3431 -0.9239
vn -0.1230 0.3622 -0.9239
vn 0.1692 -0.3431 -0.9239
vn -0.2125 0.3181 -0.9239
vn 0.2125 -0.3181 -0.9239
vn 0.4664 -0.6980 -0.5433
vn 0.2522 -0.2876 -0.9239
vn 0.5535 -0.6312 -0.5433
vn 0.6496 -0.7408 -0.1709
vn 0.5474 -0.8192 -0.1709
vn 0.6496 -0.7408 0.1709
vn 0.5474 -0.8192 0.1709
vn 0.5535 -0.6312 0.5433
vn 0.4664 -0.6980 0.5433
vn 0.2522 -0.2876 0.9239
vn 0.2125 -0.3181 0.9239
vn -0.2522 0.2876 0.9239
vn -0.2125 0.3181 0.9239
vn -0.5535 0.6312 0.5433
vn -0.4664 0.6980 0.5433
vn -0.6497 0.7408 0.1709
vn -0.5474 0.8192 0.1709
vn -0.6496 0.7408 -0.1709
vn -0.5474 0.8192 -0.1709
vn -0.5535 0.6312 -0.5433
vn -0.4664 0.6980 -0.5433
vn -0.2522 0.2876 -0.9239
vn -0.6312 0.5535 -0.5433
vn -0.2876 0.2522 -0.9239
vn 0.2876 -0.2522 -0.9239
vn -0.3181 0.2125 -0.9239
vn 0.3181 -0.2125 -0.9239
vn 0.6980 -0.4664 -0.5433
vn 0.6312 -0.5535 -0.5433
vn 0.8192 -0.5474 -0.1709
vn 0.7408 -0.6497 -0.1709
vn 0.8192 -0.5474 0.1709
vn 0.7408 -0.6496 0.1709
vn 0.6980 -0.4664 0.5433
vn 0.6312 -0.5535 0.5433
vn 0.3181 -0.2125 0.9239
vn 0.2876 -0.2522 0.9239
vn -0.3181 0.2125 0.9239
vn -0.2876 0.2522 0.9239
vn -0.6980 0.4664 0.5433
vn -0.6312 0.5535 0.5433
vn -0.8192 0.5474 0.1709
vn -0.7408 0.6497 0.1709
vn -0.8192 0.5474 -0.1709
vn -0.7408 0.6496 -0.1709
vn -0.6980 0.4664 -0.5433
vn -0.8837 0.4358 -0.1709
vn -0.7529 0.3713 -0.5433
vn -0.3431 0.1692 -0.9239
vn -0.7950 0.2699 -0.5433
vn -0.3622 0.1230 -0.9239
vn 0.3622 -0.1230 -0.9239
vn 0.3431 -0.1692 -0.9239
vn 0.7950 -0.2699 -0.5433
vn 0.7529 -0.3713 -0.5433
vn 0.9330 -0.3167 -0.1709
vn 0.8837 -0.4358 -0.1709
vn 0.9330 -0.3167 0.1709
vn 0.8837 -0.4358 0.1709
vn 0.7950 -0.2699 0.5433
vn 0.7529 -0.3713 0.5433
vn 0.3622 -0.1230 0.9239
vn 0.3431 -0.1692 0.9239
vn -0.3622 0.1230 0.9239
vn -0.3431 0.1692 0.9239
vn -0.7950 0.2699 0.5433
vn -0.7529 0.3713 0.5433
vn -0.9330 0.3167 0.1709
vn -0.8837 0.4358 0.1709
vn -0.9330 0.3167 -0.1709
vn -0.9664 0.1922 0.1709
vn -0.9664 0.1922 -0.1709
vn -0.8234 0.1638 -0.5433
vn -0.3752 0.0746 -0.9239
vn 0.3752 -0.0746 -0.9239
vn 0.8234 -0.1638 -0.5433
vn 0.9664 -0.1922 -0.1709
vn 0.9664 -0.1922 0.1709
vn 0.8377 -0.0549 0.5433
vn 0.8234 -0.1638 0.5433
vn 0.3817 -0.0250 0.9239
vn 0.3752 -0.0746 0.9239
vn -0.3752 0.0746 0.9239
vn -0.8234 0.1638 0.5433
vn 0.7950 0.2698 -0.5433
vn -0.7408 -0.6496 0.1709
vn -0.6497 -0.7408 0.1709
vn 0.2125 0.3181 -0.9239
vn -0.6497 0.7408 -0.1709
vn -0.6496 0.7408 0.1709
vn 0.6497 -0.7408 0.1709
vn -0.7408 0.6497 -0.1709
vn 0.7408 -0.6497 0.1709
vn 0.7950 -0.2698 0.5433
vn -0.2283 -0.9134 -0.3370
vn 0.4256 -0.8425 0.3302
vn -0.4231 -0.8895 -0.1725
vn 0.4662 -0.8847 -0.0000
vn -0.5148 -0.8573 -0.0000
vn 0.4999 -0.8658 0.0234
vn -0.0000 -1.0000 -0.0000
vn -0.0000 -0.9988 0.0481
vn 0.0583 -0.9983 -0.0000
vn 0.0301 -0.9993 0.0233
vn -0.5462 -0.8377 -0.0000
vn 0.0478 -0.9210 0.3866
vn -0.5280 -0.7440 0.4096
vn 0.4231 -0.8895 -0.1725
vn 0.5148 -0.8573 -0.0000
vn 0.2283 -0.9134 -0.3370
vn 0.5608 -0.0000 -0.8280
vn 0.9260 -0.0000 -0.3775
vn 0.9260 -0.0000 0.3775
vn 0.5608 -0.0000 0.8280
vn -0.5608 -0.0000 0.8280
vn -0.9260 -0.0000 0.3775
vn -0.9260 -0.0000 -0.3775
vn -0.7534 0.6576 -0.0000
vn -0.6481 0.7143 -0.2642
vn 0.5228 0.8524 -0.0000
vn 0.4692 0.8046 0.3640
vn -0.0000 1.0000 -0.0000
vn -0.0000 0.9030 0.4297
vn -0.3632 0.7619 -0.5363
vn -0.0000 0.7474 -0.6643
vn 0.3632 0.7619 -0.5363
vn -0.4692 0.8046 0.3640
vn 0.6481 0.7143 -0.2642
vn 0.7534 0.6576 -0.0000
vn 0.6481 0.7143 0.2642
vn 0.3632 0.7619 0.5363
vn -0.0000 0.7474 0.6643
vn -0.3632 0.7619 0.5363
vn -0.6481 0.7143 0.2642
vn 0.4692 0.8046 -0.3640
vn -0.0000 0.9030 -0.4297
vn -0.5228 0.8524 -0.0000
vn -0.4692 0.8046 -0.3640
vn -0.0000 -0.9064 -0.4223
vn -0.0000 -0.9398 0.3417
vn -0.5608 -0.0000 -0.8280
vn -0.4231 -0.8895 0.1725
vn -0.2283 -0.9134 0.3370
vn 0.5280 -0.7440 -0.4096
vn -0.0000 -0.9064 0.4223
vn -0.0000 -0.8923 -0.4514
vn -0.5280 -0.7440 -0.4096
vn 0.2283 -0.9134 0.3370
vn 0.4231 -0.8895 0.1725
vn 0.0967 -0.1854 -0.9779
vn 0.2866 -0.1725 -0.9424
vn 0.4653 -0.1472 -0.8728
vn 0.6262 -0.1104 -0.7718
vn 0.7630 -0.0636 -0.6432
vn 0.8705 -0.0086 -0.4920
vn 0.9446 0.0526 -0.3241
vn 0.9823 0.1175 -0.1457
vn 0.9823 0.1837 0.0361
vn 0.9446 0.2486 0.2145
vn 0.8705 0.3097 0.3824
vn 0.7630 0.3647 0.5336
vn 0.6262 0.4115 0.6622
vn 0.4653 0.4483 0.7632
vn 0.2865 0.4736 0.8328
vn 0.0967 0.4865 0.8683
vn -0.0967 0.4865 0.8683
vn -0.2865 0.4736 0.8328
vn -0.4653 0.4483 0.7632
vn -0.6262 0.4115 0.6622
vn -0.7630 0.3647 0.5336
vn -0.8705 0.3097 0.3824
vn -0.9446 0.2486 0.2145
vn -0.9823 0.1837 0.0361
vn -0.9823 0.1175 -0.1457
vn -0.9446 0.0526 -0.3241
vn -0.8705 -0.0086 -0.4920
vn -0.7630 -0.0636 -0.6432
vn -0.6262 -0.1104 -0.7718
vn -0.4653 -0.1472 -0.8728
vn -0.0000 -0.9397 0.3420
vn -0.2866 -0.1725 -0.9424
vn -0.0967 -0.1854 -0.9779
vn 0.0968 0.4865 -0.8683
vn 0.2865 0.4736 -0.8328
vn 0.4653 0.4483 -0.7632
vn 0.6262 0.4115 -0.6622
vn 0.7630 0.3647 -0.5336
vn 0.8705 0.3097 -0.3824
vn 0.9446 0.2486 -0.2145
vn 0.9823 0.1837 -0.0361
vn 0.9823 0.1175 0.1457
vn 0.9446 0.0526 0.3241
vn 0.8705 -0.0086 0.4920
vn 0.7630 -0.0636 0.6432
vn 0.6262 -0.1104 0.7718
vn 0.4653 -0.1472 0.8728
vn 0.2865 -0.1725 0.9424
vn 0.0967 -0.1854 0.9779
vn -0.0967 -0.1854 0.9779
vn -0.2865 -0.1725 0.9424
vn -0.4653 -0.1472 0.8728
vn -0.6262 -0.1104 0.7718
vn -0.7630 -0.0636 0.6432
vn -0.8705 -0.0086 0.4920
vn -0.9446 0.0526 0.3241
vn -0.9823 0.1175 0.1457
vn -0.9823 0.1837 -0.0361
vn -0.9446 0.2486 -0.2145
vn -0.8705 0.3097 -0.3824
vn -0.7630 0.3647 -0.5336
vn -0.6262 0.4115 -0.6622
vn -0.4653 0.4483 -0.7632
vn -0.0000 -0.9397 -0.3420
vn -0.2865 0.4736 -0.8328
vn -0.0968 0.4865 -0.8683
vt 0.750000 0.812500
vt 0.750000 0.875000
vt 0.718750 0.875000
vt 0.718750 0.812500
vt 0.750000 0.750000
vt 0.718750 0.750000
vt 0.781250 0.812500
vt 0.781250 0.875000
vt 0.781250 0.750000
vt 0.812500 0.812500
vt 0.812500 0.875000
vt 0.812500 0.750000
vt 0.843750 0.812500
vt 0.843750 0.875000
vt 0.843750 0.750000
vt 0.875000 0.812500
vt 0.875000 0.875000
vt 0.875000 0.750000
vt 0.906250 0.812500
vt 0.906250 0.875000
vt 0.906250 0.750000
vt 0.937500 0.812500
vt 0.937500 0.875000
vt 0.937500 0.750000
vt 0.968750 0.750000
vt 0.968750 0.812500
vt 0.968750 0.875000
vt 0.968750 0.687500
vt 0.937500 0.687500
vt 0.906250 0.687500
vt 1.000000 0.750000
vt 1.000000 0.812500
vt 1.000000 0.687500
vt 0.031250 0.750000
vt 0.031250 0.812500
vt 0.000000 0.812500
vt 0.000000 0.750000
vt 0.031250 0.687500
vt 0.000000 0.687500
vt 0.062500 0.750000
vt 0.062500 0.812500
vt 0.062500 0.687500
vt 0.093750 0.750000
vt 0.093750 0.812500
vt 0.093750 0.687500
vt 0.125000 0.750000
vt 0.125000 0.812500
vt 0.125000 0.687500
vt 0.156250 0.750000
vt 0.156250 0.812500
vt 0.156250 0.687500
vt 0.187500 0.750000
vt 0.187500 0.812500
vt 0.187500 0.687500
vt 0.187500 0.625000
vt 0.156250 0.625000
vt 0.125000 0.625000
vt 0.218750 0.687500
vt 0.218750 0.750000
vt 0.218750 0.625000
vt 0.250000 0.687500
vt 0.250000 0.750000
vt 0.250000 0.625000
vt 0.281250 0.687500
vt 0.281250 0.750000
vt 0.281250 0.625000
vt 0.312500 0.687500
vt 0.312500 0.750000
vt 0.312500 0.625000
vt 0.343750 0.687500
vt 0.343750 0.750000
vt 0.343750 0.625000
vt 0.375000 0.687500
vt 0.375000 0.750000
vt 0.375000 0.625000
vt 0.406250 0.687500
vt 0.406250 0.750000
vt 0.406250 0.625000
vt 0.406250 0.562500
vt 0.375000 0.562500
vt 0.343750 0.562500
vt 0.437500 0.625000
vt 0.437500 0.687500
vt 0.437500 0.562500
vt 0.468750 0.625000
vt 0.468750 0.687500
vt 0.468750 0.562500
vt 0.500000 0.625000
vt 0.500000 0.687500
vt 0.500000 0.562500
vt 0.531250 0.625000
vt 0.531250 0.687500
vt 0.531250 0.562500
vt 0.562500 0.625000
vt 0.562500 0.687500
vt 0.562500 0.562500
vt 0.593750 0.625000
vt 0.593750 0.687500
vt 0.593750 0.562500
vt 0.750000 0.562500
vt 0.718750 0.562500
vt 0.687500 0.562500
vt 0.656250 0.562500
vt 0.625000 0.562500
vt 0.312500 0.562500
vt 0.281250 0.562500
vt 0.250000 0.562500
vt 0.218750 0.562500
vt 0.187500 0.562500
vt 0.156250 0.562500
vt 0.125000 0.562500
vt 0.093750 0.562500
vt 0.062500 0.562500
vt 0.031250 0.562500
vt 1.000000 0.562500
vt 0.968750 0.562500
vt 0.937500 0.562500
vt 0.906250 0.562500
vt 0.875000 0.562500
vt 0.843750 0.562500
vt 0.812500 0.562500
vt 0.781250 0.562500
vt 0.625000 0.625000
vt 0.656250 0.625000
vt 0.656250 0.687500
vt 0.625000 0.687500
vt 0.656250 0.750000
vt 0.625000 0.750000
vt 0.593750 0.750000
vt 0.687500 0.687500
vt 0.687500 0.750000
vt 0.687500 0.625000
vt 0.687500 0.812500
vt 0.656250 0.812500
vt 0.625000 0.812500
vt 0.718750 0.687500
vt 0.687500 0.875000
vt 0.656250 0.875000
vt 0.718750 0.937500
vt 0.687500 0.937500
vt 0.656250 0.937500
vt 0.750000 0.937500
vt 0.734375 1.000000
vt 0.703125 1.000000
vt 0.781250 0.937500
vt 0.765625 1.000000
vt 0.593750 0.937500
vt 0.578125 1.000000
vt 0.562500 0.937500
vt 0.546875 1.000000
vt 0.531250 0.937500
vt 0.515625 1.000000
vt 0.500000 0.937500
vt 0.484375 1.000000
vt 0.468750 0.937500
vt 0.453125 1.000000
vt 0.437500 0.937500
vt 0.421875 1.000000
vt 0.406250 0.937500
vt 0.390625 1.000000
vt 0.375000 0.937500
vt 0.359375 1.000000
vt 0.343750 0.937500
vt 0.328125 1.000000
vt 0.312500 0.937500
vt 0.296875 1.000000
vt 0.281250 0.937500
vt 0.265625 1.000000
vt 0.250000 0.937500
vt 0.234375 1.000000
vt 0.218750 0.937500
vt 0.203125 1.000000
vt 0.187500 0.937500
vt 0.171875 1.000000
vt 0.156250 0.937500
vt 0.140625 1.000000
vt 0.125000 0.937500
vt 0.109375 1.000000
vt 0.093750 0.937500
vt 0.078125 1.000000
vt 0.062500 0.937500
vt 0.046875 1.000000
vt 0.031250 0.937500
vt 0.015625 1.000000
vt 0.000000 0.937500
vt 1.000000 0.937500
vt 0.984375 1.000000
vt 0.968750 0.937500
vt 0.953125 1.000000
vt 0.937500 0.937500
vt 0.921875 1.000000
vt 0.906250 0.937500
vt 0.890625 1.000000
vt 0.875000 0.937500
vt 0.859375 1.000000
vt 0.843750 0.937500
vt 0.828125 1.000000
vt 0.812500 0.937500
vt 0.796875 1.000000
vt 0.625000 0.937500
vt 0.609375 1.000000
vt 0.640625 1.000000
vt 0.671875 1.000000
vt 0.625000 0.875000
vt 0.593750 0.875000
vt 0.593750 0.812500
vt 0.562500 0.875000
vt 0.562500 0.812500
vt 0.531250 0.875000
vt 0.531250 0.812500
vt 0.500000 0.875000
vt 0.500000 0.812500
vt 0.468750 0.875000
vt 0.468750 0.812500
vt 0.437500 0.875000
vt 0.437500 0.812500
vt 0.406250 0.875000
vt 0.406250 0.812500
vt 0.375000 0.875000
vt 0.375000 0.812500
vt 0.343750 0.875000
vt 0.343750 0.812500
vt 0.312500 0.875000
vt 0.312500 0.812500
vt 0.281250 0.875000
vt 0.281250 0.812500
vt 0.250000 0.875000
vt 0.250000 0.812500
vt 0.218750 0.875000
vt 0.218750 0.812500
vt 0.187500 0.875000
vt 0.156250 0.875000
vt 0.125000 0.875000
vt 0.093750 0.875000
vt 0.062500 0.875000
vt 0.031250 0.875000
vt 0.000000 0.875000
vt 1.000000 0.875000
vt 0.437500 0.750000
vt 0.468750 0.750000
vt 0.500000 0.750000
vt 0.531250 0.750000
vt 0.562500 0.750000
vt 0.750000 0.687500
vt 0.750000 0.625000
vt 0.718750 0.625000
vt 0.781250 0.687500
vt 0.781250 0.625000
vt 0.812500 0.687500
vt 0.812500 0.625000
vt 0.843750 0.687500
vt 0.843750 0.625000
vt 0.875000 0.687500
vt 0.875000 0.625000
vt 0.906250 0.625000
vt 0.937500 0.625000
vt 0.968750 0.625000
vt 1.000000 0.625000
vt 0.031250 0.625000
vt 0.000000 0.625000
vt 0.000000 0.562500
vt 0.062500 0.625000
vt 0.093750 0.625000
vt 1.000000 0.500000
vt 1.000000 1.000000
vt 0.968750 1.000000
vt 0.968750 0.500000
vt 0.937500 1.000000
vt 0.937500 0.500000
vt 0.906250 1.000000
vt 0.906250 0.500000
vt 0.875000 1.000000
vt 0.875000 0.500000
vt 0.843750 1.000000
vt 0.843750 0.500000
vt 0.812500 1.000000
vt 0.812500 0.500000
vt 0.781250 1.000000
vt 0.781250 0.500000
vt 0.750000 1.000000
vt 0.750000 0.500000
vt 0.718750 1.000000
vt 0.718750 0.500000
vt 0.687500 1.000000
vt 0.687500 0.500000
vt 0.656250 1.000000
vt 0.656250 0.500000
vt 0.625000 1.000000
vt 0.625000 0.500000
vt 0.593750 1.000000
vt 0.593750 0.500000
vt 0.562500 1.000000
vt 0.562500 0.500000
vt 0.531250 1.000000
vt 0.531250 0.500000
vt 0.500000 1.000000
vt 0.500000 0.500000
vt 0.468750 1.000000
vt 0.468750 0.500000
vt 0.437500 1.000000
vt 0.437500 0.500000
vt 0.406250 1.000000
vt 0.406250 0.500000
vt 0.375000 1.000000
vt 0.375000 0.500000
vt 0.343750 1.000000
vt 0.343750 0.500000
vt 0.312500 1.000000
vt 0.312500 0.500000
vt 0.281250 1.000000
vt 0.281250 0.500000
vt 0.250000 1.000000
vt 0.250000 0.500000
vt 0.218750 1.000000
vt 0.218750 0.500000
vt 0.187500 1.000000
vt 0.187500 0.500000
vt 0.156250 1.000000
vt 0.156250 0.500000
vt 0.125000 1.000000
vt 0.125000 0.500000
vt 0.093750 1.000000
vt 0.093750 0.500000
vt 0.062500 1.000000
vt 0.062500 0.500000
vt 0.471731 0.341844
vt 0.449553 0.383337
vt 0.419706 0.419706
vt 0.383337 0.449553
vt 0.341844 0.471731
vt 0.296822 0.485388
vt 0.250000 0.490000
vt 0.203178 0.485388
vt 0.158156 0.471731
vt 0.116663 0.449553
vt 0.080294 0.419706
vt 0.050447 0.383337
vt 0.165393 0.307535
vt 0.177486 0.322282
vt 0.193048 0.334900
vt 0.210800 0.344377
vt 0.229944 0.350293
vt 0.249795 0.352237
vt 0.269707 0.350145
vt 0.288942 0.344290
vt 0.306658 0.334934
vt 0.322092 0.322264
vt 0.334736 0.306690
vt 0.344243 0.288932
vt 0.350178 0.269786
vt 0.352127 0.249941
vt 0.350035 0.230044
vt 0.344181 0.210833
vt 0.334829 0.193150
vt 0.322175 0.177758
vt 0.306631 0.165159
vt 0.288910 0.155691
vt 0.269794 0.149776
vt 0.249961 0.147824
vt 0.230055 0.149898
vt 0.210824 0.155729
vt 0.193116 0.165062
vt 0.177700 0.177706
vt 0.165078 0.193251
vt 0.155587 0.210978
vt 0.149648 0.230105
vt 0.014612 0.203178
vt 0.028269 0.158156
vt 0.050447 0.116663
vt 0.080294 0.080294
vt 0.116663 0.050447
vt 0.158156 0.028269
vt 0.203178 0.014612
vt 0.250000 0.010000
vt 0.296822 0.014612
vt 0.341844 0.028269
vt 0.383337 0.050447
vt 0.419706 0.080294
vt 0.449553 0.116663
vt 0.471731 0.158156
vt 0.485388 0.203178
vt 0.490000 0.250000
vt 0.485388 0.296822
vt 0.028269 0.341844
vt 0.014612 0.296822
vt 0.010000 0.250000
vt 0.147671 0.249953
vt 0.149720 0.269879
vt 0.155527 0.289132
vt 0.164842 0.306859
vt 0.031250 1.000000
vt 0.031250 0.500000
vt 0.000000 1.000000
vt 0.000000 0.500000
vt 0.729944 0.350293
vt 0.703178 0.485388
vt 0.750000 0.490000
vt 0.796822 0.485388
vt 0.841844 0.471731
vt 0.883337 0.449553
vt 0.919706 0.419706
vt 0.949553 0.383337
vt 0.971731 0.341844
vt 0.985388 0.296822
vt 0.990000 0.250000
vt 0.852127 0.249941
vt 0.850178 0.269786
vt 0.844243 0.288932
vt 0.834736 0.306690
vt 0.822091 0.322264
vt 0.806658 0.334934
vt 0.788942 0.344290
vt 0.769707 0.350145
vt 0.749795 0.352237
vt 0.985388 0.203178
vt 0.971731 0.158156
vt 0.949553 0.116663
vt 0.919706 0.080294
vt 0.883337 0.050447
vt 0.841844 0.028269
vt 0.796822 0.014612
vt 0.750000 0.010000
vt 0.703178 0.014612
vt 0.658156 0.028269
vt 0.616663 0.050447
vt 0.580294 0.080294
vt 0.550447 0.116663
vt 0.528269 0.158156
vt 0.514612 0.203178
vt 0.510000 0.250000
vt 0.514612 0.296822
vt 0.528269 0.341844
vt 0.550447 0.383337
vt 0.580294 0.419706
vt 0.616663 0.449553
vt 0.658156 0.471731
vt 0.710800 0.344377
vt 0.693048 0.334900
vt 0.677485 0.322282
vt 0.664842 0.306859
vt 0.655527 0.289132
vt 0.649720 0.269879
vt 0.647671 0.249953
vt 0.649648 0.230105
vt 0.655587 0.210978
vt 0.665078 0.193251
vt 0.677700 0.177706
vt 0.693115 0.165062
vt 0.710824 0.155729
vt 0.730056 0.149898
vt 0.749961 0.147824
vt 0.769794 0.149776
vt 0.788910 0.155691
vt 0.806630 0.165159
vt 0.822175 0.177758
vt 0.834829 0.193150
vt 0.844181 0.210833
vt 0.850035 0.230044
vt 0.968750 0.732435
vt 0.968750 0.767565
vt 1.000000 0.767565
vt 1.000000 0.732435
vt 0.937500 0.732435
vt 0.937500 0.767565
vt 0.906250 0.732435
vt 0.906250 0.767565
vt 0.875000 0.732435
vt 0.875000 0.767565
vt 0.843750 0.767565
vt 0.843750 0.732435
vt 0.812500 0.767565
vt 0.812500 0.732435
vt 0.781250 0.767565
vt 0.781250 0.732435
vt 0.750000 0.767565
vt 0.750000 0.732435
vt 0.718750 0.767565
vt 0.718750 0.732435
vt 0.687500 0.767565
vt 0.687500 0.732435
vt 0.656250 0.767565
vt 0.656250 0.732435
vt 0.625000 0.767565
vt 0.625000 0.732435
vt 0.593750 0.767565
vt 0.593750 0.732435
vt 0.562500 0.767565
vt 0.562500 0.732435
vt 0.531250 0.767565
vt 0.531250 0.732435
vt 0.500000 0.767565
vt 0.500000 0.732435
vt 0.468750 0.767565
vt 0.468750 0.732435
vt 0.437500 0.767565
vt 0.437500 0.732435
vt 0.406250 0.767565
vt 0.406250 0.732435
vt 0.375000 0.767565
vt 0.375000 0.732435
vt 0.343750 0.732435
vt 0.343750 0.767565
vt 0.312500 0.732435
vt 0.312500 0.767565
vt 0.281250 0.732435
vt 0.281250 0.767565
vt 0.250000 0.732435
vt 0.250000 0.767565
vt 0.218750 0.732435
vt 0.218750 0.767565
vt 0.187500 0.732435
vt 0.187500 0.767565
vt 0.156250 0.732435
vt 0.156250 0.767565
vt 0.125000 0.732435
vt 0.125000 0.767565
vt 0.154883 0.767565
vt 0.093750 0.732435
vt 0.093750 0.767565
vt 0.062500 0.732435
vt 0.062500 0.767565
vt 0.031250 0.732435
vt 0.031250 0.767565
vt 0.000000 0.732435
vt 0.000000 0.767565
vt 0.375000 0.000000
vt 0.436538 0.000000
vt 0.436538 0.062500
vt 0.375000 0.062500
vt 0.436538 0.937500
vt 0.436538 1.000000
vt 0.436538 0.875000
vt 0.436538 0.812500
vt 0.375000 0.437500
vt 0.436538 0.437500
vt 0.436538 0.500000
vt 0.375000 0.375000
vt 0.436538 0.375000
vt 0.375000 0.312500
vt 0.436538 0.312500
vt 0.375000 0.250000
vt 0.436538 0.250000
vt 0.375000 0.125000
vt 0.436538 0.125000
vt 0.436538 0.187500
vt 0.375000 0.187500
vt 0.499038 0.125000
vt 0.499038 0.187500
vt 0.499038 0.062500
vt 0.499038 0.000000
vt 0.561538 0.000000
vt 0.561538 0.062500
vt 0.561538 0.125000
vt 0.499038 0.937500
vt 0.499038 1.000000
vt 0.561538 0.937500
vt 0.561538 1.000000
vt 0.625000 0.000000
vt 0.625000 0.062500
vt 0.561538 0.875000
vt 0.499038 0.875000
vt 0.499038 0.812500
vt 0.561538 0.812500
vt 0.561538 0.750000
vt 0.499038 0.750000
vt 0.436538 0.750000
vt 0.499038 0.687500
vt 0.561538 0.687500
vt 0.436538 0.687500
vt 0.436538 0.625000
vt 0.499038 0.625000
vt 0.436538 0.562500
vt 0.499038 0.562500
vt 0.499038 0.500000
vt 0.499038 0.437500
vt 0.561538 0.500000
vt 0.561538 0.562500
vt 0.561538 0.437500
vt 0.625000 0.437500
vt 0.561538 0.375000
vt 0.625000 0.375000
vt 0.499038 0.375000
vt 0.499038 0.312500
vt 0.561538 0.312500
vt 0.625000 0.312500
vt 0.561538 0.250000
vt 0.625000 0.250000
vt 0.499038 0.250000
vt 0.561538 0.187500
vt 0.625000 0.187500
vt 0.625000 0.125000
vt 0.561538 0.625000
vt 0.479167 0.500000
vt 0.500000 0.583333
vt 0.479167 0.583333
vt 0.520833 0.500000
vt 0.520833 0.583333
vt 0.500000 0.416667
vt 0.520833 0.416667
vt 0.479167 0.416667
vt 0.458333 0.416667
vt 0.458333 0.500000
vt 0.458333 0.583333
vt 0.479167 0.333333
vt 0.500000 0.333333
vt 0.458333 0.333333
vt 0.437500 0.333333
vt 0.437500 0.416667
vt 0.416667 0.333333
vt 0.416667 0.416667
vt 0.416667 0.500000
vt 0.437500 0.583333
vt 0.416667 0.583333
vt 0.437500 0.666667
vt 0.416667 0.666667
vt 0.458333 0.666667
vt 0.479167 0.666667
vt 0.458333 0.750000
vt 0.479167 0.750000
vt 0.500000 0.666667
vt 0.520833 0.666667
vt 0.520833 0.750000
vt 0.520833 0.833333
vt 0.500000 0.833333
vt 0.479167 0.833333
vt 0.520833 0.916667
vt 0.500000 0.916667
vt 0.479167 0.916667
vt 0.458333 0.833333
vt 0.458333 0.916667
vt 0.479167 1.000000
vt 0.458333 1.000000
vt 0.458333 0.000000
vt 0.479167 0.000000
vt 0.479167 0.083333
vt 0.458333 0.083333
vt 0.500000 0.000000
vt 0.500000 0.083333
vt 0.520833 1.000000
vt 0.520833 0.000000
vt 0.520833 0.083333
vt 0.520833 0.166667
vt 0.500000 0.166667
vt 0.479167 0.166667
vt 0.520833 0.250000
vt 0.500000 0.250000
vt 0.479167 0.250000
vt 0.458333 0.166667
vt 0.458333 0.250000
vt 0.437500 0.166667
vt 0.437500 0.250000
vt 0.416667 0.166667
vt 0.416667 0.250000
vt 0.395833 0.166667
vt 0.395833 0.250000
vt 0.395833 0.333333
vt 0.395833 0.416667
vt 0.375000 0.333333
vt 0.375000 0.416667
vt 0.395833 0.500000
vt 0.395833 0.583333
vt 0.375000 0.583333
vt 0.395833 0.666667
vt 0.375000 0.666667
vt 0.395833 0.750000
vt 0.416667 0.750000
vt 0.416667 0.833333
vt 0.395833 0.833333
vt 0.437500 0.833333
vt 0.437500 0.916667
vt 0.416667 0.916667
vt 0.416667 1.000000
vt 0.416667 0.000000
vt 0.437500 0.000000
vt 0.437500 0.083333
vt 0.416667 0.083333
vt 0.395833 0.000000
vt 0.395833 0.083333
vt 0.375000 0.000000
vt 0.375000 0.083333
vt 0.375000 0.166667
vt 0.354167 0.083333
vt 0.354167 0.166667
vt 0.354167 0.250000
vt 0.354167 0.333333
vt 0.333333 0.166667
vt 0.333333 0.250000
vt 0.333333 0.333333
vt 0.354167 0.416667
vt 0.333333 0.416667
vt 0.354167 0.500000
vt 0.333333 0.500000
vt 0.354167 0.583333
vt 0.333333 0.583333
vt 0.354167 0.666667
vt 0.333333 0.666667
vt 0.354167 0.750000
vt 0.333333 0.750000
vt 0.354167 0.833333
vt 0.333333 0.833333
vt 0.375000 0.833333
vt 0.375000 0.916667
vt 0.354167 0.916667
vt 0.395833 0.916667
vt 0.395833 1.000000
vt 0.354167 1.000000
vt 0.354167 0.000000
vt 0.333333 0.916667
vt 0.333333 1.000000
vt 0.333333 0.000000
vt 0.333333 0.083333
vt 0.312500 0.000000
vt 0.312500 0.083333
vt 0.312500 0.166667
vt 0.312500 0.250000
vt 0.291667 0.083333
vt 0.291667 0.166667
vt 0.291667 0.250000
vt 0.312500 0.333333
vt 0.291667 0.333333
vt 0.312500 0.416667
vt 0.291667 0.416667
vt 0.291667 0.500000
vt 0.312500 0.583333
vt 0.291667 0.583333
vt 0.312500 0.666667
vt 0.291667 0.666667
vt 0.291667 0.750000
vt 0.312500 0.833333
vt 0.291667 0.833333
vt 0.312500 0.916667
vt 0.291667 0.916667
vt 0.291667 1.000000
vt 0.291667 0.000000
vt 0.270833 0.916667
vt 0.270833 1.000000
vt 0.270833 0.000000
vt 0.270833 0.083333
vt 0.270833 0.166667
vt 0.250000 0.000000
vt 0.250000 0.083333
vt 0.250000 0.166667
vt 0.270833 0.250000
vt 0.250000 0.250000
vt 0.270833 0.333333
vt 0.250000 0.333333
vt 0.270833 0.416667
vt 0.250000 0.416667
vt 0.270833 0.500000
vt 0.270833 0.583333
vt 0.250000 0.583333
vt 0.270833 0.666667
vt 0.250000 0.666667
vt 0.270833 0.750000
vt 0.270833 0.833333
vt 0.250000 0.833333
vt 0.250000 0.916667
vt 0.229167 0.833333
vt 0.229167 0.916667
vt 0.229167 1.000000
vt 0.229167 0.000000
vt 0.229167 0.083333
vt 0.208333 0.916667
vt 0.208333 1.000000
vt 0.208333 0.000000
vt 0.208333 0.083333
vt 0.229167 0.166667
vt 0.208333 0.166667
vt 0.229167 0.250000
vt 0.208333 0.250000
vt 0.229167 0.333333
vt 0.208333 0.333333
vt 0.229167 0.416667
vt 0.208333 0.416667
vt 0.229167 0.500000
vt 0.208333 0.500000
vt 0.229167 0.583333
vt 0.208333 0.583333
vt 0.229167 0.666667
vt 0.208333 0.666667
vt 0.229167 0.750000
vt 0.208333 0.750000
vt 0.208333 0.833333
vt 0.187500 0.833333
vt 0.187500 0.916667
vt 0.166667 0.833333
vt 0.166667 0.916667
vt 0.166667 1.000000
vt 0.166667 0.000000
vt 0.187500 0.000000
vt 0.187500 0.083333
vt 0.166667 0.083333
vt 0.187500 0.166667
vt 0.166667 0.166667
vt 0.187500 0.250000
vt 0.166667 0.250000
vt 0.187500 0.333333
vt 0.166667 0.333333
vt 0.187500 0.416667
vt 0.166667 0.416667
vt 0.166667 0.500000
vt 0.187500 0.583333
vt 0.166667 0.583333
vt 0.187500 0.666667
vt 0.166667 0.666667
vt 0.166667 0.750000
vt 0.145833 0.666667
vt 0.145833 0.750000
vt 0.145833 0.833333
vt 0.145833 0.916667
vt 0.125000 0.833333
vt 0.125000 0.916667
vt 0.145833 1.000000
vt 0.125000 0.000000
vt 0.145833 0.000000
vt 0.145833 0.083333
vt 0.125000 0.083333
vt 0.145833 0.166667
vt 0.125000 0.166667
vt 0.145833 0.250000
vt 0.125000 0.250000
vt 0.145833 0.333333
vt 0.125000 0.333333
vt 0.145833 0.416667
vt 0.125000 0.416667
vt 0.145833 0.500000
vt 0.145833 0.583333
vt 0.125000 0.583333
vt 0.125000 0.666667
vt 0.104167 0.583333
vt 0.104167 0.666667
vt 0.104167 0.750000
vt 0.104167 0.833333
vt 0.083333 0.666667
vt 0.083333 0.750000
vt 0.083333 0.833333
vt 0.104167 0.916667
vt 0.083333 0.916667
vt 0.104167 1.000000
vt 0.083333 1.000000
vt 0.083333 0.000000
vt 0.104167 0.000000
vt 0.104167 0.083333
vt 0.083333 0.083333
vt 0.104167 0.166667
vt 0.083333 0.166667
vt 0.104167 0.250000
vt 0.083333 0.250000
vt 0.104167 0.333333
vt 0.083333 0.333333
vt 0.104167 0.416667
vt 0.083333 0.416667
vt 0.104167 0.500000
vt 0.083333 0.500000
vt 0.083333 0.583333
vt 0.062500 0.583333
vt 0.062500 0.666667
vt 0.041667 0.583333
vt 0.041667 0.666667
vt 0.041667 0.750000
vt 0.062500 0.833333
vt 0.041667 0.833333
vt 0.062500 0.916667
vt 0.041667 0.916667
vt 0.041667 1.000000
vt 0.041667 0.000000
vt 0.062500 0.000000
vt 0.062500 0.083333
vt 0.041667 0.083333
vt 0.062500 0.166667
vt 0.041667 0.166667
vt 0.062500 0.250000
vt 0.041667 0.250000
vt 0.062500 0.333333
vt 0.041667 0.333333
vt 0.062500 0.416667
vt 0.041667 0.416667
vt 0.041667 0.500000
vt 0.020833 0.416667
vt 0.020833 0.500000
vt 0.020833 0.583333
vt 0.020833 0.666667
vt 0.000000 0.500000
vt 0.000000 0.583333
vt 0.000000 0.666667
vt 0.020833 0.750000
vt 0.000000 0.750000
vt 0.020833 0.833333
vt 0.000000 0.833333
vt 0.020833 0.916667
vt 0.000000 0.916667
vt 0.020833 1.000000
vt 0.000000 1.000000
vt 0.000000 0.000000
vt 0.020833 0.000000
vt 0.020833 0.083333
vt 0.000000 0.083333
vt 0.020833 0.166667
vt 0.000000 0.166667
vt 0.020833 0.250000
vt 0.000000 0.250000
vt 0.020833 0.333333
vt 0.000000 0.333333
vt 0.000000 0.416667
vt 0.979167 0.333333
vt 1.000000 0.333333
vt 1.000000 0.416667
vt 0.979167 0.416667
vt 0.979167 0.500000
vt 1.000000 0.583333
vt 0.979167 0.583333
vt 0.958333 0.416667
vt 0.958333 0.500000
vt 0.958333 0.583333
vt 0.979167 0.666667
vt 0.958333 0.666667
vt 1.000000 0.666667
vt 0.979167 0.750000
vt 0.958333 0.750000
vt 0.979167 0.833333
vt 0.958333 0.833333
vt 1.000000 0.833333
vt 0.979167 0.916667
vt 0.958333 0.916667
vt 1.000000 0.916667
vt 0.979167 1.000000
vt 0.958333 1.000000
vt 0.958333 0.000000
vt 0.979167 0.000000
vt 0.979167 0.083333
vt 0.958333 0.083333
vt 1.000000 0.000000
vt 1.000000 0.083333
vt 0.979167 0.166667
vt 0.958333 0.166667
vt 1.000000 0.166667
vt 0.979167 0.250000
vt 0.958333 0.250000
vt 1.000000 0.250000
vt 0.958333 0.333333
vt 0.937500 0.250000
vt 0.937500 0.333333
vt 0.937500 0.416667
vt 0.916667 0.333333
vt 0.916667 0.416667
vt 0.916667 0.500000
vt 0.937500 0.583333
vt 0.916667 0.583333
vt 0.937500 0.666667
vt 0.916667 0.666667
vt 0.916667 0.750000
vt 0.937500 0.833333
vt 0.916667 0.833333
vt 0.937500 0.916667
vt 0.916667 0.916667
vt 0.916667 1.000000
vt 0.916667 0.000000
vt 0.937500 0.000000
vt 0.937500 0.083333
vt 0.916667 0.083333
vt 0.937500 0.166667
vt 0.916667 0.166667
vt 0.916667 0.250000
vt 0.895833 0.166667
vt 0.895833 0.250000
vt 0.895833 0.333333
vt 0.895833 0.416667
vt 0.875000 0.250000
vt 0.875000 0.333333
vt 0.875000 0.416667
vt 0.895833 0.500000
vt 0.895833 0.583333
vt 0.875000 0.583333
vt 0.895833 0.666667
vt 0.875000 0.666667
vt 0.895833 0.750000
vt 0.895833 0.833333
vt 0.875000 0.833333
vt 0.895833 0.916667
vt 0.875000 0.916667
vt 0.895833 1.000000
vt 0.875000 0.000000
vt 0.895833 0.000000
vt 0.895833 0.083333
vt 0.875000 0.083333
vt 0.875000 0.166667
vt 0.854167 0.083333
vt 0.854167 0.166667
vt 0.854167 0.250000
vt 0.854167 0.333333
vt 0.833333 0.166667
vt 0.833333 0.250000
vt 0.833333 0.333333
vt 0.854167 0.416667
vt 0.833333 0.416667
vt 0.854167 0.500000
vt 0.833333 0.500000
vt 0.854167 0.583333
vt 0.833333 0.583333
vt 0.854167 0.666667
vt 0.833333 0.666667
vt 0.854167 0.750000
vt 0.833333 0.750000
vt 0.854167 0.833333
vt 0.833333 0.833333
vt 0.854167 0.916667
vt 0.833333 0.916667
vt 0.854167 1.000000
vt 0.833333 1.000000
vt 0.833333 0.000000
vt 0.854167 0.000000
vt 0.833333 0.083333
vt 0.812500 0.000000
vt 0.812500 0.083333
vt 0.812500 0.166667
vt 0.812500 0.250000
vt 0.791667 0.083333
vt 0.791667 0.166667
vt 0.791667 0.250000
vt 0.812500 0.333333
vt 0.791667 0.333333
vt 0.812500 0.416667
vt 0.791667 0.416667
vt 0.791667 0.500000
vt 0.812500 0.583333
vt 0.791667 0.583333
vt 0.812500 0.666667
vt 0.791667 0.666667
vt 0.791667 0.750000
vt 0.812500 0.833333
vt 0.791667 0.833333
vt 0.812500 0.916667
vt 0.791667 0.916667
vt 0.791667 1.000000
vt 0.791667 0.000000
vt 0.770833 0.916667
vt 0.770833 1.000000
vt 0.770833 0.000000
vt 0.770833 0.083333
vt 0.770833 0.166667
vt 0.750000 0.000000
vt 0.750000 0.083333
vt 0.750000 0.166667
vt 0.770833 0.250000
vt 0.750000 0.250000
vt 0.770833 0.333333
vt 0.750000 0.333333
vt 0.770833 0.416667
vt 0.750000 0.416667
vt 0.770833 0.500000
vt 0.770833 0.583333
vt 0.750000 0.583333
vt 0.770833 0.666667
vt 0.750000 0.666667
vt 0.770833 0.750000
vt 0.770833 0.833333
vt 0.750000 0.833333
vt 0.750000 0.916667
vt 0.729167 0.833333
vt 0.729167 0.916667
vt 0.729167 1.000000
vt 0.729167 0.000000
vt 0.729167 0.083333
vt 0.708333 0.916667
vt 0.708333 1.000000
vt 0.708333 0.000000
vt 0.708333 0.083333
vt 0.729167 0.166667
vt 0.708333 0.166667
vt 0.729167 0.250000
vt 0.708333 0.250000
vt 0.729167 0.333333
vt 0.708333 0.333333
vt 0.729167 0.416667
vt 0.708333 0.416667
vt 0.729167 0.500000
vt 0.708333 0.500000
vt 0.729167 0.583333
vt 0.708333 0.583333
vt 0.729167 0.666667
vt 0.708333 0.666667
vt 0.729167 0.750000
vt 0.708333 0.750000
vt 0.708333 0.833333
vt 0.687500 0.833333
vt 0.687500 0.916667
vt 0.666667 0.833333
vt 0.666667 0.916667
vt 0.666667 1.000000
vt 0.666667 0.000000
vt 0.687500 0.000000
vt 0.687500 0.083333
vt 0.666667 0.083333
vt 0.687500 0.166667
vt 0.666667 0.166667
vt 0.687500 0.250000
vt 0.666667 0.250000
vt 0.687500 0.333333
vt 0.666667 0.333333
vt 0.687500 0.416667
vt 0.666667 0.416667
vt 0.666667 0.500000
vt 0.687500 0.583333
vt 0.666667 0.583333
vt 0.687500 0.666667
vt 0.666667 0.666667
vt 0.666667 0.750000
vt 0.645833 0.666667
vt 0.645833 0.750000
vt 0.645833 0.833333
vt 0.645833 0.916667
vt 0.625000 0.833333
vt 0.625000 0.916667
vt 0.645833 1.000000
vt 0.625000 0.000000
vt 0.645833 0.000000
vt 0.645833 0.083333
vt 0.625000 0.083333
vt 0.645833 0.166667
vt 0.625000 0.166667
vt 0.645833 0.250000
vt 0.645833 0.333333
vt 0.625000 0.333333
vt 0.645833 0.416667
vt 0.625000 0.416667
vt 0.645833 0.500000
vt 0.645833 0.583333
vt 0.625000 0.583333
vt 0.625000 0.666667
vt 0.604167 0.583333
vt 0.604167 0.666667
vt 0.604167 0.750000
vt 0.604167 0.833333
vt 0.583333 0.666667
vt 0.583333 0.750000
vt 0.583333 0.833333
vt 0.604167 0.916667
vt 0.583333 0.916667
vt 0.604167 1.000000
vt 0.583333 1.000000
vt 0.583333 0.000000
vt 0.604167 0.000000
vt 0.604167 0.083333
vt 0.583333 0.083333
vt 0.604167 0.166667
vt 0.583333 0.166667
vt 0.604167 0.250000
vt 0.583333 0.250000
vt 0.604167 0.333333
vt 0.583333 0.333333
vt 0.604167 0.416667
vt 0.583333 0.416667
vt 0.604167 0.500000
vt 0.583333 0.500000
vt 0.583333 0.583333
vt 0.562500 0.583333
vt 0.562500 0.666667
vt 0.541667 0.583333
vt 0.541667 0.666667
vt 0.541667 0.750000
vt 0.562500 0.833333
vt 0.541667 0.833333
vt 0.562500 0.916667
vt 0.541667 0.916667
vt 0.541667 1.000000
vt 0.541667 0.000000
vt 0.562500 0.000000
vt 0.562500 0.083333
vt 0.541667 0.083333
vt 0.562500 0.166667
vt 0.541667 0.166667
vt 0.562500 0.250000
vt 0.541667 0.250000
vt 0.562500 0.333333
vt 0.541667 0.333333
vt 0.562500 0.416667
vt 0.541667 0.416667
vt 0.541667 0.500000
vt 0.520833 0.333333
vt 0.467788 0.187500
vt 0.467788 0.250000
vt 0.467788 0.312500
vt 0.467788 0.375000
vt 0.467788 0.437500
vt 0.467788 0.500000
vt 0.467788 0.562500
vt 0.467788 0.625000
vt 0.467788 0.687500
vt 0.467788 0.750000
vt 0.467788 0.812500
vt 0.467788 0.875000
vt 0.467788 0.937500
vt 0.467788 1.000000
vt 0.467788 0.125000
vt 0.467788 0.062500
vt 0.467788 0.000000
vt 0.000000 0.000000
s 1
f 1/1/1 3/2/1 105/3/1 2/4/1
f 4/5/2 1/1/2 2/4/2 100/6/2
f 5/7/3 6/8/3 3/2/3 1/1/3
f 7/9/4 5/7/4 1/1/4 4/5/4
f 8/10/5 9/11/5 6/8/5 5/7/5
f 10/12/6 8/10/6 5/7/6 7/9/6
f 11/13/7 12/14/7 9/11/7 8/10/7
f 13/15/8 11/13/8 8/10/8 10/12/8
f 14/16/9 15/17/9 12/14/9 11/13/9
f 16/18/10 14/16/10 11/13/10 13/15/10
f 17/19/11 18/20/11 15/17/11 14/16/11
f 19/21/12 17/19/12 14/16/12 16/18/12
f 20/22/13 22/23/13 18/20/13 17/19/13
f 23/24/14 20/22/14 17/19/14 19/21/14
f 25/25/15 21/26/15 20/22/15 23/24/15
f 21/26/16 174/27/16 22/23/16 20/22/16
f 26/28/17 25/25/17 23/24/17 24/29/17
f 24/29/18 23/24/18 19/21/18 193/30/18
f 27/31/19 28/32/19 21/26/19 25/25/19
f 29/33/20 27/31/20 25/25/20 26/28/20
f 30/34/21 31/35/21 28/36/21 27/37/21
f 32/38/22 30/34/22 27/37/22 29/39/22
f 33/40/23 34/41/23 31/35/23 30/34/23
f 35/42/24 33/40/24 30/34/24 32/38/24
f 36/43/25 37/44/25 34/41/25 33/40/25
f 38/45/26 36/43/26 33/40/26 35/42/26
f 39/46/27 40/47/27 37/44/27 36/43/27
f 41/48/28 39/46/28 36/43/28 38/45/28
f 42/49/29 44/50/29 40/47/29 39/46/29
f 45/51/30 42/49/30 39/46/30 41/48/30
f 43/52/31 167/53/31 44/50/31 42/49/31
f 47/54/32 43/52/32 42/49/32 45/51/32
f 48/55/33 47/54/33 45/51/33 46/56/33
f 46/56/34 45/51/34 41/48/34 209/57/34
f 49/58/35 50/59/35 43/52/35 47/54/35
f 51/60/36 49/58/36 47/54/36 48/55/36
f 52/61/37 53/62/37 50/59/37 49/58/37
f 54/63/38 52/61/38 49/58/38 51/60/38
f 55/64/39 56/65/39 53/62/39 52/61/39
f 57/66/40 55/64/40 52/61/40 54/63/40
f 58/67/41 59/68/41 56/65/41 55/64/41
f 60/69/42 58/67/42 55/64/42 57/66/42
f 61/70/43 62/71/43 59/68/43 58/67/43
f 63/72/44 61/70/44 58/67/44 60/69/44
f 64/73/45 66/74/45 62/71/45 61/70/45
f 67/75/46 64/73/46 61/70/46 63/72/46
f 65/76/47 175/77/47 66/74/47 64/73/47
f 69/78/48 65/76/48 64/73/48 67/75/48
f 70/79/49 69/78/49 67/75/49 68/80/49
f 68/80/50 67/75/50 63/72/50 218/81/50
f 71/82/51 72/83/51 65/76/51 69/78/51
f 73/84/52 71/82/52 69/78/52 70/79/52
f 74/85/53 75/86/53 72/83/53 71/82/53
f 76/87/54 74/85/54 71/82/54 73/84/54
f 77/88/55 78/89/55 75/86/55 74/85/55
f 79/90/56 77/88/56 74/85/56 76/87/56
f 80/91/57 81/92/57 78/89/57 77/88/57
f 82/93/58 80/91/58 77/88/58 79/90/58
f 83/94/59 84/95/59 81/92/59 80/91/59
f 86/96/60 83/94/60 80/91/60 82/93/60
f 85/97/61 94/98/61 84/95/61 83/94/61
f 87/99/62 85/97/62 83/94/62 86/96/62
f 222/100/63 223/101/63 224/102/63 89/103/63 88/104/63 87/99/63 86/96/63 82/93/63 79/90/63 76/87/63 73/84/63 70/79/63 68/80/63 218/81/63 217/105/63 216/106/63 215/107/63 214/108/63 213/109/63 212/110/63 211/111/63 210/112/63 207/113/63 205/114/63 203/115/63 201/116/63 199/117/63 197/118/63 195/119/63 219/120/63 220/121/63 221/122/63
f 88/104/64 90/123/64 85/97/64 87/99/64
f 89/103/65 91/124/65 90/123/65 88/104/65
f 91/124/66 95/125/66 92/126/66 90/123/66
f 90/123/67 92/126/67 94/98/67 85/97/67
f 95/125/68 97/127/68 93/128/68 92/126/68
f 92/126/69 93/128/69 181/129/69 94/98/69
f 96/130/70 99/131/70 97/127/70 95/125/70
f 225/132/71 96/130/71 95/125/71 91/124/71
f 99/131/72 101/133/72 98/134/72 97/127/72
f 97/127/73 98/134/73 139/135/73 93/128/73
f 100/6/74 2/4/74 101/133/74 99/131/74
f 182/136/75 100/6/75 99/131/75 96/130/75
f 2/4/76 105/3/76 102/137/76 101/133/76
f 101/133/77 102/137/77 104/138/77 98/134/77
f 105/3/78 106/139/78 103/140/78 102/137/78
f 102/137/79 103/140/79 137/141/79 104/138/79
f 3/2/80 107/142/80 106/139/80 105/3/80
f 107/142/81 108/143/81 106/139/81
f 106/139/82 108/144/82 103/140/82
f 134/145/83 108/146/83 107/142/83
f 135/147/84 108/148/84 109/149/84
f 109/149/85 108/150/85 110/151/85
f 110/151/86 108/152/86 111/153/86
f 111/153/87 108/154/87 112/155/87
f 112/155/88 108/156/88 113/157/88
f 113/157/89 108/158/89 114/159/89
f 114/159/90 108/160/90 115/161/90
f 115/161/91 108/162/91 116/163/91
f 116/163/92 108/164/92 117/165/92
f 117/165/93 108/166/93 118/167/93
f 118/167/94 108/168/94 119/169/94
f 119/169/95 108/170/95 120/171/95
f 120/171/96 108/172/96 121/173/96
f 121/173/97 108/174/97 122/175/97
f 122/175/98 108/176/98 123/177/98
f 123/177/99 108/178/99 124/179/99
f 124/179/100 108/180/100 125/181/100
f 125/181/101 108/182/101 126/183/101
f 126/183/102 108/184/102 127/185/102
f 127/186/103 108/187/103 128/188/103
f 128/188/104 108/189/104 129/190/104
f 129/190/105 108/191/105 130/192/105
f 130/192/106 108/193/106 131/194/106
f 131/194/107 108/195/107 132/196/107
f 132/196/108 108/197/108 133/198/108
f 133/198/109 108/199/109 134/145/109
f 136/200/110 108/201/110 135/147/110
f 137/141/111 108/202/111 136/200/111
f 103/140/112 108/203/112 137/141/112
f 104/138/113 137/141/113 136/200/113 138/204/113
f 138/204/114 136/200/114 135/147/114 140/205/114
f 98/134/115 104/138/115 138/204/115 139/135/115
f 139/135/116 138/204/116 140/205/116 141/206/116
f 140/205/117 135/147/117 109/149/117 142/207/117
f 141/206/118 140/205/118 142/207/118 143/208/118
f 142/207/119 109/149/119 110/151/119 144/209/119
f 143/208/120 142/207/120 144/209/120 145/210/120
f 144/209/121 110/151/121 111/153/121 146/211/121
f 145/210/122 144/209/122 146/211/122 147/212/122
f 147/212/123 146/211/123 148/213/123 149/214/123
f 146/211/124 111/153/124 112/155/124 148/213/124
f 148/213/125 112/155/125 113/157/125 150/215/125
f 149/214/126 148/213/126 150/215/126 151/216/126
f 150/215/127 113/157/127 114/159/127 152/217/127
f 151/216/128 150/215/128 152/217/128 153/218/128
f 152/217/129 114/159/129 115/161/129 154/219/129
f 153/218/130 152/217/130 154/219/130 155/220/130
f 154/219/131 115/161/131 116/163/131 156/221/131
f 155/220/132 154/219/132 156/221/132 157/222/132
f 156/221/133 116/163/133 117/165/133 158/223/133
f 157/222/134 156/221/134 158/223/134 159/224/134
f 158/223/135 117/165/135 118/167/135 160/225/135
f 159/224/136 158/223/136 160/225/136 161/226/136
f 160/225/137 118/167/137 119/169/137 162/227/137
f 161/226/138 160/225/138 162/227/138 163/228/138
f 163/228/139 162/227/139 164/229/139 165/230/139
f 162/227/140 119/169/140 120/171/140 164/229/140
f 164/229/141 120/171/141 121/173/141 166/231/141
f 165/230/142 164/229/142 166/231/142 167/53/142
f 166/231/143 121/173/143 122/175/143 168/232/143
f 167/53/144 166/231/144 168/232/144 44/50/144
f 168/232/145 122/175/145 123/177/145 169/233/145
f 44/50/146 168/232/146 169/233/146 40/47/146
f 169/233/147 123/177/147 124/179/147 170/234/147
f 40/47/148 169/233/148 170/234/148 37/44/148
f 170/234/149 124/179/149 125/181/149 171/235/149
f 37/44/150 170/234/150 171/235/150 34/41/150
f 171/235/151 125/181/151 126/183/151 172/236/151
f 34/41/152 171/235/152 172/236/152 31/35/152
f 172/236/153 126/183/153 127/185/153 173/237/153
f 31/35/154 172/236/154 173/237/154 28/36/154
f 28/32/155 173/238/155 174/27/155 21/26/155
f 173/238/156 127/186/156 128/188/156 174/27/156
f 174/27/157 128/188/157 129/190/157 22/23/157
f 50/59/158 165/230/158 167/53/158 43/52/158
f 53/62/159 163/228/159 165/230/159 50/59/159
f 56/65/160 161/226/160 163/228/160 53/62/160
f 59/68/161 159/224/161 161/226/161 56/65/161
f 62/71/162 157/222/162 159/224/162 59/68/162
f 66/74/163 155/220/163 157/222/163 62/71/163
f 175/77/164 153/218/164 155/220/164 66/74/164
f 176/239/165 151/216/165 153/218/165 175/77/165
f 72/83/166 176/239/166 175/77/166 65/76/166
f 75/86/167 177/240/167 176/239/167 72/83/167
f 177/240/168 149/214/168 151/216/168 176/239/168
f 178/241/169 147/212/169 149/214/169 177/240/169
f 78/89/170 178/241/170 177/240/170 75/86/170
f 179/242/171 145/210/171 147/212/171 178/241/171
f 81/92/172 179/242/172 178/241/172 78/89/172
f 180/243/173 143/208/173 145/210/173 179/242/173
f 84/95/174 180/243/174 179/242/174 81/92/174
f 181/129/175 141/206/175 143/208/175 180/243/175
f 94/98/176 181/129/176 180/243/176 84/95/176
f 93/128/177 139/135/177 141/206/177 181/129/177
f 9/11/178 133/198/178 134/145/178 6/8/178
f 6/8/179 134/145/179 107/142/179 3/2/179
f 12/14/180 132/196/180 133/198/180 9/11/180
f 15/17/181 131/194/181 132/196/181 12/14/181
f 18/20/182 130/192/182 131/194/182 15/17/182
f 22/23/183 129/190/183 130/192/183 18/20/183
f 184/244/184 4/5/184 100/6/184 182/136/184
f 185/245/185 184/244/185 182/136/185 183/246/185
f 183/246/186 182/136/186 96/130/186 225/132/186
f 186/247/187 7/9/187 4/5/187 184/244/187
f 187/248/188 186/247/188 184/244/188 185/245/188
f 188/249/189 10/12/189 7/9/189 186/247/189
f 189/250/190 188/249/190 186/247/190 187/248/190
f 190/251/191 13/15/191 10/12/191 188/249/191
f 191/252/192 190/251/192 188/249/192 189/250/192
f 192/253/193 16/18/193 13/15/193 190/251/193
f 194/254/194 192/253/194 190/251/194 191/252/194
f 193/30/195 19/21/195 16/18/195 192/253/195
f 196/255/196 193/30/196 192/253/196 194/254/196
f 197/118/197 196/255/197 194/254/197 195/119/197
f 195/119/198 194/254/198 191/252/198 219/120/198
f 198/256/199 24/29/199 193/30/199 196/255/199
f 199/117/200 198/256/200 196/255/200 197/118/200
f 200/257/201 26/28/201 24/29/201 198/256/201
f 201/116/202 200/257/202 198/256/202 199/117/202
f 202/258/203 29/33/203 26/28/203 200/257/203
f 203/115/204 202/258/204 200/257/204 201/116/204
f 204/259/205 32/38/205 29/39/205 202/260/205
f 205/114/206 204/259/206 202/260/206 203/261/206
f 206/262/207 35/42/207 32/38/207 204/259/207
f 207/113/208 206/262/208 204/259/208 205/114/208
f 208/263/209 38/45/209 35/42/209 206/262/209
f 210/112/210 208/263/210 206/262/210 207/113/210
f 209/57/211 41/48/211 38/45/211 208/263/211
f 211/111/212 209/57/212 208/263/212 210/112/212
f 212/110/213 46/56/213 209/57/213 211/111/213
f 213/109/214 48/55/214 46/56/214 212/110/214
f 214/108/215 51/60/215 48/55/215 213/109/215
f 215/107/216 54/63/216 51/60/216 214/108/216
f 216/106/217 57/66/217 54/63/217 215/107/217
f 217/105/218 60/69/218 57/66/218 216/106/218
f 218/81/219 63/72/219 60/69/219 217/105/219
f 219/120/220 191/252/220 189/250/220 220/121/220
f 220/121/221 189/250/221 187/248/221 221/122/221
f 221/122/222 187/248/222 185/245/222 222/100/222
f 222/100/223 185/245/223 183/246/223 223/101/223
f 223/101/224 183/246/224 225/132/224 224/102/224
f 224/102/225 225/132/225 91/124/225 89/103/225
f 226/264/226 227/265/226 229/266/226 228/267/226
f 228/267/227 229/266/227 231/268/227 230/269/227
f 230/269/228 231/268/228 233/270/228 232/271/228
f 232/271/229 233/270/229 235/272/229 234/273/229
f 234/273/230 235/272/230 237/274/230 236/275/230
f 236/275/231 237/274/231 239/276/231 238/277/231
f 238/277/232 239/276/232 241/278/232 240/279/232
f 240/279/233 241/278/233 243/280/233 242/281/233
f 242/281/234 243/280/234 245/282/234 244/283/234
f 244/283/235 245/282/235 247/284/235 246/285/235
f 246/285/236 247/284/236 249/286/236 248/287/236
f 248/287/237 249/286/237 251/288/237 250/289/237
f 250/289/238 251/288/238 253/290/238 252/291/238
f 252/291/239 253/290/239 255/292/239 254/293/239
f 254/293/240 255/292/240 257/294/240 256/295/240
f 256/295/241 257/294/241 259/296/241 258/297/241
f 258/297/242 259/296/242 261/298/242 260/299/242
f 260/299/243 261/298/243 263/300/243 262/301/243
f 262/301/244 263/300/244 265/302/244 264/303/244
f 264/303/245 265/302/245 267/304/245 266/305/245
f 266/305/246 267/304/246 269/306/246 268/307/246
f 268/307/247 269/306/247 271/308/247 270/309/247
f 270/309/248 271/308/248 273/310/248 272/311/248
f 272/311/249 273/310/249 275/312/249 274/313/249
f 274/313/250 275/312/250 277/314/250 276/315/250
f 276/315/251 277/314/251 279/316/251 278/317/251
f 278/317/252 279/316/252 281/318/252 280/319/252
f 280/319/253 281/318/253 283/320/253 282/321/253
f 282/321/254 283/320/254 285/322/254 284/323/254
f 284/323/255 285/322/255 287/324/255 286/325/255
f 239/326/256 237/327/256 235/328/256 233/329/256 231/330/256 229/331/256 227/332/256 289/333/256 287/334/256 285/335/256 283/336/256 281/337/256 290/338/256 292/339/256 291/340/256 296/341/256 293/342/256 295/343/256 294/344/256 299/345/256 303/346/256 306/347/256 316/348/256 320/349/256 319/350/256 317/351/256 318/352/256 322/353/256 315/354/256 321/355/256 312/356/256 313/357/256 314/358/256 311/359/256 309/360/256 308/361/256 310/362/256 307/363/256 305/364/256 304/365/256 302/366/256 273/367/256 271/368/256 269/369/256 267/370/256 265/371/256 263/372/256 261/373/256 259/374/256 257/375/256 255/376/256 253/377/256 251/378/256 249/379/256 247/380/256 245/381/256 243/382/256 241/383/256
f 281/337/256 279/384/256 277/385/256 275/386/256 273/367/256 302/366/256 301/387/256 298/388/256 297/389/256 300/390/256 290/338/256
f 286/325/257 287/324/257 289/391/257 288/392/257
f 288/392/258 289/391/258 227/393/258 226/394/258
f 327/395/259 288/396/259 226/397/259 228/398/259 230/399/259 232/400/259 234/401/259 236/402/259 238/403/259 240/404/259 242/405/259 335/406/259 336/407/259 333/408/259 334/409/259 337/410/259 331/411/259 332/412/259 330/413/259 338/414/259
f 335/406/259 242/405/259 244/415/259 246/416/259 248/417/259 250/418/259 252/419/259 254/420/259 256/421/259 258/422/259 260/423/259 262/424/259 264/425/259 266/426/259 268/427/259 270/428/259 272/429/259 274/430/259 276/431/259 278/432/259 280/433/259 282/434/259 284/435/259 286/436/259 288/396/259 327/395/259 328/437/259 326/438/259 329/439/259 324/440/259 325/441/259 323/442/259 340/443/259 339/444/259 341/445/259 343/446/259 342/447/259 347/448/259 344/449/259 346/450/259 345/451/259 354/452/259 348/453/259 350/454/259 349/455/259 353/456/259 351/457/259 352/458/259
f 330/459/260 294/460/260 295/461/260 338/462/260
f 332/463/243 299/464/243 294/460/243 330/459/243
f 331/465/261 303/466/261 299/464/261 332/463/261
f 337/467/245 306/468/245 303/466/245 331/465/245
f 316/469/262 306/468/262 337/467/262 334/470/262
f 320/471/247 316/469/247 334/470/247 333/472/247
f 319/473/263 320/471/263 333/472/263 336/474/263
f 317/475/249 319/473/249 336/474/249 335/476/249
f 318/477/264 317/475/264 335/476/264 352/478/264
f 322/479/251 318/477/251 352/478/251 351/480/251
f 315/481/265 322/479/265 351/480/265 353/482/265
f 321/483/253 315/481/253 353/482/253 349/484/253
f 312/485/266 321/483/266 349/484/266 350/486/266
f 313/487/255 312/485/255 350/486/255 348/488/255
f 314/489/267 313/487/267 348/488/267 354/490/267
f 311/491/258 314/489/258 354/490/258 345/492/258
f 309/493/268 311/491/268 345/492/268 346/494/268
f 308/495/227 309/493/227 346/494/227 344/496/227
f 310/497/269 308/495/269 344/496/269 347/498/269
f 307/499/229 310/497/229 347/498/229 342/500/229
f 343/501/270 305/502/270 307/499/270 342/500/270
f 341/503/231 304/504/231 305/502/231 343/501/231
f 339/505/271 302/506/271 304/504/271 341/503/271
f 340/507/233 301/508/233 302/506/233 339/505/233
f 323/509/272 298/510/272 301/508/272 340/507/272
f 325/511/235 297/512/235 298/510/235 323/509/235
f 324/513/273 300/514/273 297/512/273 325/511/273
f 329/515/237 292/516/237 290/517/237 300/514/237 324/513/237
f 326/518/274 291/519/274 292/516/274 329/515/274
f 328/520/239 296/521/239 291/519/239 326/518/239
f 327/522/275 293/523/275 296/521/275 328/520/275
f 338/524/241 295/525/241 293/523/241 327/522/241
f 356/48/276 359/54/276 358/52/276 355/46/276
f 355/526/277 357/527/277 388/528/277 356/529/277
f 358/161/63 360/530/63 357/531/63 355/304/63
f 359/54/276 364/61/276 361/62/276 358/52/276
f 361/219/63 362/532/63 360/530/63 358/161/63
f 363/220/63 404/533/63 362/532/63 361/219/63
f 364/61/276 366/67/276 363/68/276 361/62/276
f 382/55/276 365/63/276 364/61/276 359/54/276
f 365/63/276 368/69/276 366/67/276 364/61/276
f 366/67/276 367/73/276 408/74/276 363/68/276
f 368/69/276 369/75/276 367/73/276 366/67/276
f 372/107/276 370/105/276 368/69/276 365/63/276
f 370/105/276 371/80/276 369/75/276 368/69/276
f 373/309/276 374/305/276 371/80/276 370/105/276
f 376/313/276 373/309/276 370/105/276 372/107/276
f 373/534/278 375/535/278 414/536/278 374/305/278
f 376/537/278 377/538/278 375/535/278 373/534/278
f 378/539/278 379/540/278 377/538/278 376/537/278
f 378/317/276 376/313/276 372/107/276 381/109/276
f 380/541/278 431/542/278 379/540/278 378/539/278
f 380/321/276 378/317/276 381/109/276 383/111/276
f 381/109/276 372/107/276 365/63/276 382/55/276
f 383/111/276 381/109/276 382/55/276 385/57/276
f 385/543/277 386/544/277 384/545/277 383/546/277
f 383/546/277 384/545/277 431/542/277 380/541/277
f 385/57/276 382/55/276 359/54/276 356/48/276
f 356/529/277 388/528/277 386/544/277 385/543/277
f 386/544/277 387/547/277 430/548/277 384/545/277
f 388/528/277 389/549/277 387/547/277 386/544/277
f 357/527/277 391/550/277 389/549/277 388/528/277
f 391/550/277 393/551/277 390/552/277 389/549/277
f 389/549/277 390/552/277 434/553/277 387/547/277
f 360/530/63 392/554/63 391/555/63 357/531/63
f 392/554/63 395/556/63 393/557/63 391/555/63
f 393/551/277 394/558/277 436/559/277 390/552/277
f 395/556/63 396/200/63 394/288/63 393/557/63
f 397/560/63 399/204/63 396/200/63 395/556/63
f 398/561/63 397/560/63 395/556/63 392/554/63
f 403/562/63 400/563/63 397/560/63 398/561/63
f 400/563/63 401/135/63 399/204/63 397/560/63
f 402/564/63 445/128/63 401/135/63 400/563/63
f 405/565/63 402/564/63 400/563/63 403/562/63
f 404/533/63 403/562/63 398/561/63 362/532/63
f 407/566/63 405/565/63 403/562/63 404/533/63
f 406/567/279 446/568/279 402/564/279 405/565/279
f 409/569/279 406/567/279 405/565/279 407/566/279
f 408/74/63 407/566/63 404/533/63 363/220/63
f 367/73/279 409/569/279 407/566/279 408/74/279
f 369/75/279 410/570/279 409/569/279 367/73/279
f 410/570/279 411/571/279 406/567/279 409/569/279
f 371/80/279 412/572/279 410/570/279 369/75/279
f 412/572/279 413/573/279 411/571/279 410/570/279
f 374/305/279 414/536/279 412/572/279 371/80/279
f 414/536/279 415/574/279 413/573/279 412/572/279
f 375/535/278 416/575/278 415/574/278 414/536/278
f 415/574/279 417/576/279 418/577/279 413/573/279
f 416/575/278 420/578/278 417/576/278 415/574/278
f 417/576/279 419/289/279 448/104/279 418/577/279
f 420/578/278 421/579/278 419/289/278 417/576/278
f 422/580/278 424/581/278 421/579/278 420/578/278
f 423/582/278 422/580/278 420/578/278 416/575/278
f 428/583/278 425/584/278 422/580/278 423/582/278
f 425/584/278 426/585/278 424/581/278 422/580/278
f 427/586/278 452/587/278 426/585/278 425/584/278
f 429/588/278 427/586/278 425/584/278 428/583/278
f 379/540/278 428/583/278 423/582/278 377/538/278
f 431/542/278 429/588/278 428/583/278 379/540/278
f 430/548/277 432/589/277 427/586/277 429/588/277
f 384/545/277 430/548/277 429/588/277 431/542/277
f 387/547/277 434/553/277 432/589/277 430/548/277
f 432/589/277 433/590/277 452/587/277 427/586/277
f 434/553/277 435/591/277 433/590/277 432/589/277
f 390/552/277 436/559/277 435/591/277 434/553/277
f 437/250/280 435/254/280 436/253/280 440/249/280
f 438/121/280 433/119/280 435/254/280 437/250/280
f 451/100/280 438/121/280 437/250/280 439/245/280
f 439/245/280 437/250/280 440/249/280 441/244/280
f 440/249/280 436/253/280 394/18/280 396/12/280
f 441/244/280 440/249/280 396/12/280 399/5/280
f 442/130/280 441/244/280 399/5/280 401/131/280
f 443/132/280 439/245/280 441/244/280 442/130/280
f 444/126/280 442/130/280 401/131/280 445/128/280
f 447/123/280 443/132/280 442/130/280 444/126/280
f 446/568/279 444/126/279 445/128/279 402/564/279
f 449/592/279 447/123/279 444/126/279 446/568/279
f 448/104/280 450/102/280 443/132/280 447/123/280
f 418/577/279 448/104/279 447/123/279 449/592/279
f 411/571/279 449/592/279 446/568/279 406/567/279
f 413/573/279 418/577/279 449/592/279 411/571/279
f 419/289/280 421/285/280 450/102/280 448/104/280
f 450/102/280 451/100/280 439/245/280 443/132/280
f 421/285/280 424/281/280 451/100/280 450/102/280
f 424/281/280 426/277/280 438/121/280 451/100/280
f 426/277/280 452/273/280 433/119/280 438/121/280
f 377/538/278 423/582/278 416/575/278 375/535/278
f 362/532/63 398/561/63 392/554/63 360/530/63
f 453/526/280 455/527/280 486/528/280 454/529/280
f 454/48/277 457/54/277 456/52/277 453/46/277
f 456/161/63 458/530/63 455/531/63 453/304/63
f 457/54/277 462/61/277 459/62/277 456/52/277
f 459/219/63 460/532/63 458/530/63 456/161/63
f 461/220/63 502/533/63 460/532/63 459/219/63
f 462/61/277 464/67/277 461/68/277 459/62/277
f 480/55/277 463/63/277 462/61/277 457/54/277
f 463/63/277 466/69/277 464/67/277 462/61/277
f 466/69/277 467/75/277 465/73/277 464/67/277
f 464/67/277 465/73/277 506/74/277 461/68/277
f 470/107/277 468/105/277 466/69/277 463/63/277
f 468/105/277 469/80/277 467/75/277 466/69/277
f 471/309/277 472/305/277 469/80/277 468/105/277
f 474/313/277 471/309/277 468/105/277 470/107/277
f 471/534/278 473/535/278 512/536/278 472/305/278
f 474/537/278 475/538/278 473/535/278 471/534/278
f 476/539/278 477/540/278 475/538/278 474/537/278
f 476/317/277 474/313/277 470/107/277 479/109/277
f 478/541/278 529/542/278 477/540/278 476/539/278
f 478/321/277 476/317/277 479/109/277 481/111/277
f 481/111/277 479/109/277 480/55/277 483/57/277
f 479/109/277 470/107/277 463/63/277 480/55/277
f 481/546/280 482/545/280 529/542/280 478/541/280
f 483/543/280 484/544/280 482/545/280 481/546/280
f 454/529/280 486/528/280 484/544/280 483/543/280
f 483/57/277 480/55/277 457/54/277 454/48/277
f 484/544/280 485/547/280 528/548/280 482/545/280
f 486/528/280 487/549/280 485/547/280 484/544/280
f 455/527/280 489/550/280 487/549/280 486/528/280
f 487/549/280 488/552/280 532/553/280 485/547/280
f 489/550/280 491/551/280 488/552/280 487/549/280
f 458/530/63 490/554/63 489/555/63 455/531/63
f 490/554/63 493/556/63 491/557/63 489/555/63
f 491/551/280 492/558/280 534/559/280 488/552/280
f 493/556/63 494/200/63 492/288/63 491/557/63
f 495/560/63 497/204/63 494/200/63 493/556/63
f 496/561/63 495/560/63 493/556/63 490/554/63
f 501/562/63 498/563/63 495/560/63 496/561/63
f 498/563/63 499/135/63 497/204/63 495/560/63
f 500/564/63 543/128/63 499/135/63 498/563/63
f 503/565/63 500/564/63 498/563/63 501/562/63
f 502/533/63 501/562/63 496/561/63 460/532/63
f 505/566/63 503/565/63 501/562/63 502/533/63
f 507/569/276 504/567/276 503/565/276 505/566/276
f 504/567/276 544/568/276 500/564/276 503/565/276
f 506/74/63 505/566/63 502/533/63 461/220/63
f 465/73/276 507/569/276 505/566/276 506/74/276
f 467/75/276 508/570/276 507/569/276 465/73/276
f 508/570/276 509/571/276 504/567/276 507/569/276
f 469/80/276 510/572/276 508/570/276 467/75/276
f 510/572/276 511/573/276 509/571/276 508/570/276
f 472/305/276 512/536/276 510/572/276 469/80/276
f 512/536/276 513/574/276 511/573/276 510/572/276
f 473/535/278 514/575/278 513/574/278 512/536/278
f 513/574/276 515/576/276 516/577/276 511/573/276
f 514/575/278 518/578/278 515/576/278 513/574/278
f 515/576/276 517/289/276 546/104/276 516/577/276
f 518/578/278 519/579/278 517/289/278 515/576/278
f 520/580/278 522/581/278 519/579/278 518/578/278
f 521/582/278 520/580/278 518/578/278 514/575/278
f 526/583/278 523/584/278 520/580/278 521/582/278
f 523/584/278 524/585/278 522/581/278 520/580/278
f 525/586/278 550/587/278 524/585/278 523/584/278
f 527/588/278 525/586/278 523/584/278 526/583/278
f 477/540/278 526/583/278 521/582/278 475/538/278
f 529/542/278 527/588/278 526/583/278 477/540/278
f 482/545/280 528/548/280 527/588/280 529/542/280
f 528/548/280 530/589/280 525/586/280 527/588/280
f 485/547/280 532/553/280 530/589/280 528/548/280
f 530/589/280 531/590/280 550/587/280 525/586/280
f 532/553/280 533/591/280 531/590/280 530/589/280
f 488/552/280 534/559/280 533/591/280 532/553/280
f 535/250/279 533/254/279 534/253/279 538/249/279
f 536/121/279 531/119/279 533/254/279 535/250/279
f 549/100/279 536/121/279 535/250/279 537/245/279
f 537/245/279 535/250/279 538/249/279 539/244/279
f 538/249/279 534/253/279 492/18/279 494/12/279
f 539/244/279 538/249/279 494/12/279 497/5/279
f 540/130/279 539/244/279 497/5/279 499/131/279
f 541/132/279 537/245/279 539/244/279 540/130/279
f 542/126/279 540/130/279 499/131/279 543/128/279
f 545/123/279 541/132/279 540/130/279 542/126/279
f 544/568/276 542/126/276 543/128/276 500/564/276
f 547/592/276 545/123/276 542/126/276 544/568/276
f 516/577/276 546/104/276 545/123/276 547/592/276
f 546/104/279 548/102/279 541/132/279 545/123/279
f 509/571/276 547/592/276 544/568/276 504/567/276
f 511/573/276 516/577/276 547/592/276 509/571/276
f 517/289/279 519/285/279 548/102/279 546/104/279
f 519/285/279 522/281/279 549/100/279 548/102/279
f 548/102/279 549/100/279 537/245/279 541/132/279
f 522/281/279 524/277/279 536/121/279 549/100/279
f 524/277/279 550/273/279 531/119/279 536/121/279
f 475/538/278 521/582/278 514/575/278 473/535/278
f 460/532/63 496/561/63 490/554/63 458/530/63
f 655/395/277 552/396/277 551/397/277 553/398/277 678/399/277 677/400/277 676/401/277 671/402/277 670/403/277 605/404/277 604/405/277 606/406/277 607/407/277 669/408/277 668/409/277 663/410/277 662/411/277 660/412/277 659/413/277 658/414/277
f 552/392/281 556/391/281 554/393/281 551/394/281
f 551/264/282 554/265/282 555/266/282 553/267/282
f 672/326/279 673/327/279 674/328/279 675/329/279 679/330/279 555/331/279 554/332/279 556/333/279 557/334/279 559/335/279 560/336/279 565/337/279 566/338/279 650/339/279 651/340/279 652/341/279 654/342/279 656/343/279 657/344/279 661/345/279 664/346/279 665/347/279 666/348/279 667/349/279 610/350/279 609/351/279 611/352/279 612/353/279 613/354/279 618/355/279 619/356/279 620/357/279 621/358/279 626/359/279 627/360/279 628/361/279 629/362/279 634/363/279 635/364/279 636/365/279 637/366/279 573/367/279 576/368/279 577/369/279 578/370/279 579/371/279 584/372/279 585/373/279 586/374/279 587/375/279 592/376/279 593/377/279 594/378/279 595/379/279 600/380/279 601/381/279 602/382/279 603/383/279
f 558/325/283 557/324/283 556/391/283 552/392/283
f 561/323/284 559/322/284 557/324/284 558/325/284
f 562/321/285 560/320/285 559/322/285 561/323/285
f 606/406/277 604/405/277 599/415/277 598/416/277 597/417/277 596/418/277 591/419/277 590/420/277 589/421/277 588/422/277 583/423/277 582/424/277 581/425/277 580/426/277 575/427/277 574/428/277 572/429/277 571/430/277 570/431/277 564/432/277 563/433/277 562/434/277 561/435/277 558/436/277 552/396/277 655/395/277 653/437/277 649/438/277 648/439/277 647/440/277 646/441/277 641/442/277 640/443/277 639/444/277 638/445/277 633/446/277 632/447/277 631/448/277 630/449/277 625/450/277 624/451/277 623/452/277 622/453/277 617/454/277 616/455/277 615/456/277 614/457/277 608/458/277
f 563/319/286 565/318/286 560/320/286 562/321/286
f 564/317/287 567/316/287 565/318/287 563/319/287
f 565/337/279 567/384/279 568/385/279 569/386/279 573/367/279 637/366/279 642/387/279 643/388/279 644/389/279 645/390/279 566/338/279
f 570/315/288 568/314/288 567/316/288 564/317/288
f 571/313/289 569/312/289 568/314/289 570/315/289
f 572/311/290 573/310/290 569/312/290 571/313/290
f 574/309/291 576/308/291 573/310/291 572/311/291
f 575/307/292 577/306/292 576/308/292 574/309/292
f 580/305/293 578/304/293 577/306/293 575/307/293
f 581/303/294 579/302/294 578/304/294 580/305/294
f 582/301/295 584/300/295 579/302/295 581/303/295
f 583/299/296 585/298/296 584/300/296 582/301/296
f 588/297/297 586/296/297 585/298/297 583/299/297
f 589/295/298 587/294/298 586/296/298 588/297/298
f 590/293/299 592/292/299 587/294/299 589/295/299
f 591/291/300 593/290/300 592/292/300 590/293/300
f 596/289/301 594/288/301 593/290/301 591/291/301
f 597/287/302 595/286/302 594/288/302 596/289/302
f 598/285/303 600/284/303 595/286/303 597/287/303
f 599/283/304 601/282/304 600/284/304 598/285/304
f 604/281/305 602/280/305 601/282/305 599/283/305
f 605/279/306 603/278/306 602/280/306 604/281/306
f 609/475/290 610/473/290 607/474/290 606/476/290
f 611/477/307 609/475/307 606/476/307 608/478/307
f 612/479/288 611/477/288 608/478/288 614/480/288
f 613/481/308 612/479/308 614/480/308 615/482/308
f 618/483/286 613/481/286 615/482/286 616/484/286
f 619/485/309 618/483/309 616/484/309 617/486/309
f 620/487/310 619/485/310 617/486/310 622/488/310
f 621/489/311 620/487/311 622/488/311 623/490/311
f 626/491/312 621/489/312 623/490/312 624/492/312
f 627/493/313 626/491/313 624/492/313 625/494/313
f 628/495/314 627/493/314 625/494/314 630/496/314
f 629/497/315 628/495/315 630/496/315 631/498/315
f 634/499/316 629/497/316 631/498/316 632/500/316
f 633/501/317 635/502/317 634/499/317 632/500/317
f 638/503/318 636/504/318 635/502/318 633/501/318
f 639/505/319 637/506/319 636/504/319 638/503/319
f 640/507/306 642/508/306 637/506/306 639/505/306
f 641/509/320 643/510/320 642/508/320 640/507/320
f 646/511/304 644/512/304 643/510/304 641/509/304
f 647/513/321 645/514/321 644/512/321 646/511/321
f 648/515/322 650/516/322 566/517/322 645/514/322 647/513/322
f 649/518/323 651/519/323 650/516/323 648/515/323
f 653/520/324 652/521/324 651/519/324 649/518/324
f 655/522/325 654/523/325 652/521/325 653/520/325
f 658/524/298 656/525/298 654/523/298 655/522/298
f 659/459/326 657/460/326 656/461/326 658/462/326
f 660/463/327 661/464/327 657/460/327 659/459/327
f 662/465/328 664/466/328 661/464/328 660/463/328
f 663/467/294 665/468/294 664/466/294 662/465/294
f 666/469/329 665/468/329 663/467/329 668/470/329
f 667/471/330 666/469/330 668/470/330 669/472/330
f 610/473/331 667/471/331 669/472/331 607/474/331
f 670/277/332 672/276/332 603/278/332 605/279/332
f 671/275/333 673/274/333 672/276/333 670/277/333
f 676/273/334 674/272/334 673/274/334 671/275/334
f 677/271/335 675/270/335 674/272/335 676/273/335
f 678/269/336 679/268/336 675/270/336 677/271/336
f 553/267/337 555/266/337 679/268/337 678/269/337
f 765/395/277 681/396/277 680/397/277 682/398/277 745/399/277 744/400/277 739/401/277 738/402/277 737/403/277 736/404/277 731/405/277 746/406/277 749/407/277 750/408/277 755/409/277 756/410/277 757/411/277 758/412/277 763/413/277 764/414/277
f 681/392/281 685/391/281 683/393/281 680/394/281
f 680/264/282 683/265/282 684/266/282 682/267/282
f 735/326/279 740/327/279 741/328/279 742/329/279 743/330/279 684/331/279 683/332/279 685/333/279 686/334/279 688/335/279 689/336/279 694/337/279 695/338/279 770/339/279 769/340/279 768/341/279 767/342/279 762/343/279 761/344/279 760/345/279 759/346/279 754/347/279 753/348/279 752/349/279 751/350/279 748/351/279 808/352/279 805/353/279 804/354/279 803/355/279 802/356/279 797/357/279 796/358/279 795/359/279 794/360/279 789/361/279 788/362/279 787/363/279 786/364/279 783/365/279 702/366/279 701/367/279 703/368/279 708/369/279 709/370/279 710/371/279 711/372/279 716/373/279 717/374/279 718/375/279 719/376/279 724/377/279 725/378/279 726/379/279 727/380/279 732/381/279 733/382/279 734/383/279
f 687/325/283 686/324/283 685/391/283 681/392/283
f 690/323/284 688/322/284 686/324/284 687/325/284
f 691/321/285 689/320/285 688/322/285 690/323/285
f 746/406/277 731/405/277 730/415/277 729/416/277 728/417/277 723/418/277 722/419/277 721/420/277 720/421/277 715/422/277 714/423/277 713/424/277 712/425/277 707/426/277 706/427/277 705/428/277 704/429/277 700/430/277 698/431/277 693/432/277 692/433/277 691/434/277 690/435/277 687/436/277 681/396/277 765/395/277 766/437/277 771/438/277 772/439/277 773/440/277 775/441/277 777/442/277 778/443/277 781/444/277 782/445/277 784/446/277 785/447/277 790/448/277 791/449/277 792/450/277 793/451/277 798/452/277 799/453/277 800/454/277 801/455/277 806/456/277 807/457/277 747/458/277
f 692/319/286 694/318/286 689/320/286 691/321/286
f 693/317/287 696/316/287 694/318/287 692/319/287
f 694/337/279 696/384/279 697/385/279 699/386/279 701/367/279 702/366/279 780/387/279 779/388/279 776/389/279 774/390/279 695/338/279
f 698/315/288 697/314/288 696/316/288 693/317/288
f 700/313/338 699/312/338 697/314/338 698/315/338
f 704/311/290 701/310/290 699/312/290 700/313/290
f 705/309/291 703/308/291 701/310/291 704/311/291
f 706/307/292 708/306/292 703/308/292 705/309/292
f 707/305/293 709/304/293 708/306/293 706/307/293
f 712/303/294 710/302/294 709/304/294 707/305/294
f 713/301/295 711/300/295 710/302/295 712/303/295
f 714/299/327 716/298/327 711/300/327 713/301/327
f 715/297/297 717/296/297 716/298/297 714/299/297
f 720/295/298 718/294/298 717/296/298 715/297/298
f 721/293/299 719/292/299 718/294/299 720/295/299
f 722/291/300 724/290/300 719/292/300 721/293/300
f 723/289/339 725/288/339 724/290/339 722/291/339
f 728/287/302 726/286/302 725/288/302 723/289/302
f 729/285/303 727/284/303 726/286/303 728/287/303
f 730/283/304 732/282/304 727/284/304 729/285/304
f 731/281/305 733/280/305 732/282/305 730/283/305
f 736/279/306 734/278/306 733/280/306 731/281/306
f 737/277/332 735/276/332 734/278/332 736/279/332
f 738/275/333 740/274/333 735/276/333 737/277/333
f 739/273/334 741/272/334 740/274/334 738/275/334
f 744/271/335 742/270/335 741/272/335 739/273/335
f 745/269/336 743/268/336 742/270/336 744/271/336
f 682/267/337 684/266/337 743/268/337 745/269/337
f 808/477/307 748/475/307 746/476/307 747/478/307
f 748/475/290 751/473/290 749/474/290 746/476/290
f 751/473/331 752/471/331 750/472/331 749/474/331
f 752/471/330 753/469/330 755/470/330 750/472/330
f 753/469/329 754/468/329 756/467/329 755/470/329
f 756/467/340 754/468/340 759/466/340 757/465/340
f 757/465/328 759/466/328 760/464/328 758/463/328
f 758/463/327 760/464/327 761/460/327 763/459/327
f 763/459/341 761/460/341 762/461/341 764/462/341
f 764/524/298 762/525/298 767/523/298 765/522/298
f 765/522/325 767/523/325 768/521/325 766/520/325
f 766/520/324 768/521/324 769/519/324 771/518/324
f 771/518/342 769/519/342 770/516/342 772/515/342
f 772/515/322 770/516/322 695/517/322 774/514/322 773/513/322
f 773/513/321 774/514/321 776/512/321 775/511/321
f 775/511/304 776/512/304 779/510/304 777/509/304
f 777/509/320 779/510/320 780/508/320 778/507/320
f 778/507/306 780/508/306 702/506/306 781/505/306
f 781/505/319 702/506/319 783/504/319 782/503/319
f 782/503/318 783/504/318 786/502/318 784/501/318
f 784/501/317 786/502/317 787/499/317 785/500/317
f 787/499/316 788/497/316 790/498/316 785/500/316
f 788/497/315 789/495/315 791/496/315 790/498/315
f 789/495/314 794/493/314 792/494/314 791/496/314
f 794/493/343 795/491/343 793/492/343 792/494/343
f 795/491/281 796/489/281 798/490/281 793/492/281
f 796/489/311 797/487/311 799/488/311 798/490/311
f 797/487/310 802/485/310 800/486/310 799/488/310
f 802/485/309 803/483/309 801/484/309 800/486/309
f 803/483/286 804/481/286 806/482/286 801/484/286
f 804/481/308 805/479/308 807/480/308 806/482/308
f 805/479/288 808/477/288 747/478/288 807/480/288
f 809/526/277 811/527/277 846/528/277 810/529/277
f 810/48/276 813/54/276 812/52/276 809/46/276
f 812/161/63 814/530/63 811/531/63 809/304/63
f 813/54/276 818/61/276 815/62/276 812/52/276
f 815/219/63 816/532/63 814/530/63 812/161/63
f 817/220/63 892/533/63 816/532/63 815/219/63
f 818/61/276 820/67/276 817/68/276 815/62/276
f 840/55/276 819/63/276 818/61/276 813/54/276
f 819/63/276 821/69/276 820/67/276 818/61/276
f 820/67/276 822/73/276 823/74/276 817/68/276
f 821/69/276 825/75/276 822/73/276 820/67/276
f 822/73/279 824/569/279 894/566/279 823/74/279
f 825/75/279 826/570/279 824/569/279 822/73/279
f 827/80/279 828/572/279 826/570/279 825/75/279
f 830/105/276 827/80/276 825/75/276 821/69/276
f 829/305/279 875/536/279 828/572/279 827/80/279
f 832/309/276 829/305/276 827/80/276 830/105/276
f 831/107/276 830/105/276 821/69/276 819/63/276
f 834/313/276 832/309/276 830/105/276 831/107/276
f 832/534/278 833/535/278 875/536/278 829/305/278
f 834/537/278 835/538/278 833/535/278 832/534/278
f 836/539/278 837/540/278 835/538/278 834/537/278
f 836/317/276 834/313/276 831/107/276 839/109/276
f 838/541/278 904/542/278 837/540/278 836/539/278
f 838/321/276 836/317/276 839/109/276 841/111/276
f 841/111/276 839/109/276 840/55/276 843/57/276
f 839/109/276 831/107/276 819/63/276 840/55/276
f 841/546/277 842/545/277 904/542/277 838/541/277
f 843/543/277 844/544/277 842/545/277 841/546/277
f 810/529/277 846/528/277 844/544/277 843/543/277
f 843/57/276 840/55/276 813/54/276 810/48/276
f 844/544/277 845/547/277 905/548/277 842/545/277
f 846/528/277 847/549/277 845/547/277 844/544/277
f 811/527/277 848/550/277 847/549/277 846/528/277
f 848/550/277 851/551/277 849/552/277 847/549/277
f 847/549/277 849/552/277 850/553/277 845/547/277
f 849/552/277 852/559/277 853/591/277 850/553/277
f 851/551/277 854/558/277 852/559/277 849/552/277
f 858/250/280 853/254/280 852/253/280 855/249/280
f 855/249/280 852/253/280 854/18/280 856/12/280
f 857/244/280 855/249/280 856/12/280 885/5/280
f 860/245/280 858/250/280 855/249/280 857/244/280
f 859/121/280 906/119/280 853/254/280 858/250/280
f 862/100/280 859/121/280 858/250/280 860/245/280
f 864/102/280 862/100/280 860/245/280 861/132/280
f 861/132/280 860/245/280 857/244/280 883/130/280
f 863/281/280 899/277/280 859/121/280 862/100/280
f 865/285/280 863/281/280 862/100/280 864/102/280
f 866/104/280 864/102/280 861/132/280 867/123/280
f 869/289/280 865/285/280 864/102/280 866/104/280
f 868/577/279 866/104/279 867/123/279 878/592/279
f 870/576/279 869/289/279 866/104/279 868/577/279
f 871/578/278 865/579/278 869/289/278 870/576/278
f 873/575/278 871/578/278 870/576/278 872/574/278
f 872/574/279 870/576/279 868/577/279 874/573/279
f 833/535/278 873/575/278 872/574/278 875/536/278
f 875/536/279 872/574/279 874/573/279 828/572/279
f 828/572/279 874/573/279 876/571/279 826/570/279
f 874/573/279 868/577/279 878/592/279 876/571/279
f 826/570/279 876/571/279 877/567/279 824/569/279
f 876/571/279 878/592/279 879/568/279 877/567/279
f 878/592/279 867/123/279 881/126/279 879/568/279
f 879/568/279 881/126/279 882/128/279 880/564/279
f 877/567/279 879/568/279 880/564/279 893/565/279
f 881/126/280 883/130/280 884/131/280 882/128/280
f 867/123/280 861/132/280 883/130/280 881/126/280
f 883/130/280 857/244/280 885/5/280 884/131/280
f 886/563/63 884/135/63 885/204/63 888/560/63
f 880/564/63 882/128/63 884/135/63 886/563/63
f 887/562/63 886/563/63 888/560/63 890/561/63
f 893/565/63 880/564/63 886/563/63 887/562/63
f 888/560/63 885/204/63 856/200/63 889/556/63
f 890/561/63 888/560/63 889/556/63 891/554/63
f 816/532/63 890/561/63 891/554/63 814/530/63
f 892/533/63 887/562/63 890/561/63 816/532/63
f 814/530/63 891/554/63 848/555/63 811/531/63
f 891/554/63 889/556/63 851/557/63 848/555/63
f 889/556/63 856/200/63 854/288/63 851/557/63
f 894/566/63 893/565/63 887/562/63 892/533/63
f 824/569/279 877/567/279 893/565/279 894/566/279
f 823/74/63 894/566/63 892/533/63 817/220/63
f 835/538/278 895/582/278 873/575/278 833/535/278
f 895/582/278 897/580/278 871/578/278 873/575/278
f 837/540/278 896/583/278 895/582/278 835/538/278
f 896/583/278 898/584/278 897/580/278 895/582/278
f 897/580/278 863/581/278 865/579/278 871/578/278
f 898/584/278 899/585/278 863/581/278 897/580/278
f 903/588/278 900/586/278 898/584/278 896/583/278
f 900/586/278 901/587/278 899/585/278 898/584/278
f 902/589/277 906/590/277 901/587/277 900/586/277
f 905/548/277 902/589/277 900/586/277 903/588/277
f 904/542/278 903/588/278 896/583/278 837/540/278
f 842/545/277 905/548/277 903/588/277 904/542/277
f 845/547/277 850/553/277 902/589/277 905/548/277
f 850/553/277 853/591/277 906/590/277 902/589/277
f 899/277/280 901/273/280 906/119/280 859/121/280
s 0
f 911/593/344 907/297/344 908/594/344 913/595/344
f 907/297/345 909/596/345 1477/597/345 908/594/345
f 910/598/346 1478/599/346 909/596/346 907/297/346
f 914/600/347 910/598/347 907/297/347 911/593/347
f 916/601/348 914/600/348 911/593/348 912/602/348
f 912/602/349 911/593/349 913/595/349 926/603/349
f 915/604/350 1481/605/350 910/598/350 914/600/350
f 917/606/351 915/604/351 914/600/351 916/601/351
f 919/607/352 917/606/352 916/601/352 918/608/352
f 918/608/353 916/601/353 912/602/353 921/301/353
f 961/609/354 919/607/354 918/608/354 920/610/354
f 920/610/355 918/608/355 921/301/355 922/611/355
f 922/611/356 921/301/356 923/612/356 924/613/356
f 921/301/357 912/602/357 926/603/357 923/612/357
f 924/613/358 923/612/358 925/614/358 973/615/358
f 923/612/359 926/603/359 927/616/359 925/614/359
f 926/603/360 913/595/360 929/617/360 927/616/360
f 925/614/361 927/616/361 928/618/361 976/239/361
f 927/616/362 929/617/362 930/619/362 928/618/362
f 913/595/363 908/594/363 931/620/363 929/617/363
f 929/617/364 931/620/364 933/241/364 930/619/364
f 908/594/365 1477/597/365 932/621/365 931/620/365
f 931/620/366 932/621/366 934/622/366 933/241/366
f 933/241/367 934/622/367 936/623/367 935/624/367
f 930/619/368 933/241/368 935/624/368 938/625/368
f 935/624/369 936/623/369 1482/626/369 937/627/369
f 938/625/370 935/624/370 937/627/370 940/628/370
f 928/618/371 930/619/371 938/625/371 939/629/371
f 939/629/372 938/625/372 940/628/372 941/630/372
f 941/630/373 940/628/373 942/631/373 943/632/373
f 940/628/374 937/627/374 945/296/374 942/631/374
f 943/633/375 942/634/375 944/635/375 984/636/375
f 942/634/376 945/637/376 947/638/376 944/635/376
f 937/627/377 1482/626/377 946/639/377 945/296/377
f 945/637/378 946/640/378 948/641/378 947/638/378
f 947/638/379 948/641/379 950/642/379 949/643/379
f 944/635/380 947/638/380 949/643/380 952/644/380
f 949/643/381 950/642/381 1480/645/381 951/646/381
f 952/644/382 949/643/382 951/646/382 954/647/382
f 984/636/383 944/635/383 952/644/383 953/648/383
f 953/648/384 952/644/384 954/647/384 955/649/384
f 955/649/385 954/647/385 915/604/385 917/606/385
f 954/647/386 951/646/386 1481/605/386 915/604/386
f 957/650/387 953/648/387 955/649/387 956/651/387
f 956/651/388 955/649/388 917/606/388 919/607/388
f 959/652/389 957/650/389 956/651/389 958/653/389
f 958/653/390 956/651/390 919/607/390 961/609/390
f 988/654/391 959/652/391 958/653/391 960/655/391
f 960/655/392 958/653/392 961/609/392 962/656/392
f 962/656/393 961/609/393 920/610/393 964/657/393
f 991/541/394 960/655/394 962/656/394 963/658/394
f 963/658/395 962/656/395 964/657/395 965/659/395
f 965/659/396 964/657/396 966/660/396 967/305/396
f 964/657/397 920/610/397 922/611/397 966/660/397
f 967/305/398 966/660/398 968/661/398 969/662/398
f 966/660/399 922/611/399 924/613/399 968/661/399
f 969/662/400 968/661/400 970/663/400 971/664/400
f 968/661/401 924/613/401 973/615/401 970/663/401
f 971/664/402 970/663/402 972/665/402 1007/74/402
f 970/663/403 973/615/403 974/666/403 972/665/403
f 973/615/404 925/614/404 976/239/404 974/666/404
f 972/665/405 974/666/405 975/667/405 1010/668/405
f 974/666/406 976/239/406 977/669/406 975/667/406
f 976/239/407 928/618/407 939/629/407 977/669/407
f 975/667/408 977/669/408 978/670/408 979/671/408
f 977/669/409 939/629/409 941/630/409 978/670/409
f 979/671/410 978/670/410 980/300/410 981/672/410
f 978/670/411 941/630/411 943/632/411 980/300/411
f 981/673/412 980/674/412 982/675/412 983/676/412
f 980/674/413 943/633/413 984/636/413 982/675/413
f 983/676/414 982/675/414 957/650/414 959/652/414
f 982/675/415 984/636/415 953/648/415 957/650/415
f 986/677/416 981/673/416 983/676/416 985/678/416
f 985/678/417 983/676/417 959/652/417 988/654/417
f 1013/679/418 986/677/418 985/678/418 987/680/418
f 987/680/419 985/678/419 988/654/419 989/681/419
f 989/681/420 988/654/420 960/655/420 991/541/420
f 1016/682/421 987/680/421 989/681/421 990/683/421
f 990/683/422 989/681/422 991/541/422 992/684/422
f 992/684/423 991/541/423 963/658/423 994/685/423
f 1019/686/424 990/683/424 992/684/424 993/687/424
f 993/687/425 992/684/425 994/685/425 995/688/425
f 995/688/426 994/685/426 996/689/426 997/690/426
f 994/685/427 963/658/427 965/659/427 996/689/427
f 997/690/428 996/689/428 998/691/428 999/692/428
f 996/689/429 965/659/429 967/305/429 998/691/429
f 999/692/430 998/691/430 1000/693/430 1001/694/430
f 998/691/431 967/305/431 969/662/431 1000/693/431
f 1001/694/432 1000/693/432 1002/695/432 1003/696/432
f 1000/693/433 969/662/433 971/664/433 1002/695/433
f 1003/696/434 1002/695/434 1004/697/434 1005/698/434
f 1002/695/435 971/664/435 1007/74/435 1004/697/435
f 1005/698/436 1004/697/436 1006/699/436 1039/700/436
f 1004/697/437 1007/74/437 1008/701/437 1006/699/437
f 1007/74/438 972/665/438 1010/668/438 1008/701/438
f 1006/699/439 1008/701/439 1009/702/439 1012/703/439
f 1008/701/440 1010/668/440 1011/704/440 1009/702/440
f 1010/668/441 975/667/441 979/671/441 1011/704/441
f 1009/702/442 1011/704/442 986/705/442 1013/304/442
f 1011/704/443 979/671/443 981/672/443 986/705/443
f 1012/703/444 1009/702/444 1013/304/444 1014/706/444
f 1014/707/445 1013/679/445 987/680/445 1016/682/445
f 1040/708/446 1012/703/446 1014/706/446 1015/709/446
f 1015/710/447 1014/707/447 1016/682/447 1017/711/447
f 1017/711/448 1016/682/448 990/683/448 1019/686/448
f 1042/712/449 1015/710/449 1017/711/449 1018/713/449
f 1018/713/450 1017/711/450 1019/686/450 1020/714/450
f 1020/714/451 1019/686/451 993/687/451 1022/715/451
f 1045/716/452 1018/713/452 1020/714/452 1021/717/452
f 1021/717/453 1020/714/453 1022/715/453 1023/718/453
f 1023/718/454 1022/715/454 1024/719/454 1025/720/454
f 1022/715/455 993/687/455 995/688/455 1024/719/455
f 1025/720/456 1024/719/456 1026/721/456 1027/722/456
f 1024/719/457 995/688/457 997/690/457 1026/721/457
f 1027/722/458 1026/721/458 1028/309/458 1029/723/458
f 1026/721/459 997/690/459 999/692/459 1028/309/459
f 1029/723/460 1028/309/460 1030/724/460 1031/725/460
f 1028/309/461 999/692/461 1001/694/461 1030/724/461
f 1031/725/462 1030/724/462 1032/726/462 1033/727/462
f 1030/724/463 1001/694/463 1003/696/463 1032/726/463
f 1033/727/464 1032/726/464 1034/68/464 1035/728/464
f 1032/726/465 1003/696/465 1005/698/465 1034/68/465
f 1035/728/466 1034/68/466 1036/729/466 1037/730/466
f 1034/68/467 1005/698/467 1039/700/467 1036/729/467
f 1037/730/468 1036/729/468 1038/731/468 1041/732/468
f 1036/729/469 1039/700/469 1040/708/469 1038/731/469
f 1039/700/470 1006/699/470 1012/703/470 1040/708/470
f 1038/731/471 1040/708/471 1015/709/471 1042/308/471
f 1041/732/472 1038/731/472 1042/308/472 1043/733/472
f 1043/734/473 1042/712/473 1018/713/473 1045/716/473
f 1066/735/474 1041/732/474 1043/733/474 1044/736/474
f 1044/737/475 1043/734/475 1045/716/475 1046/738/475
f 1046/738/476 1045/716/476 1021/717/476 1048/739/476
f 1069/740/477 1044/737/477 1046/738/477 1047/741/477
f 1047/741/478 1046/738/478 1048/739/478 1049/742/478
f 1049/742/479 1048/739/479 1050/743/479 1051/744/479
f 1048/739/480 1021/717/480 1023/718/480 1050/743/480
f 1051/744/481 1050/743/481 1052/745/481 1053/746/481
f 1050/743/482 1023/718/482 1025/720/482 1052/745/482
f 1053/746/483 1052/745/483 1054/747/483 1055/748/483
f 1052/745/484 1025/720/484 1027/722/484 1054/747/484
f 1055/748/485 1054/747/485 1056/749/485 1057/313/485
f 1054/747/486 1027/722/486 1029/723/486 1056/749/486
f 1057/313/487 1056/749/487 1058/750/487 1059/751/487
f 1056/749/488 1029/723/488 1031/725/488 1058/750/488
f 1059/751/489 1058/750/489 1060/752/489 1061/753/489
f 1058/750/490 1031/725/490 1033/727/490 1060/752/490
f 1061/753/491 1060/752/491 1062/754/491 1063/62/491
f 1060/752/492 1033/727/492 1035/728/492 1062/754/492
f 1063/62/493 1062/754/493 1064/755/493 1065/756/493
f 1062/754/494 1035/728/494 1037/730/494 1064/755/494
f 1065/756/495 1064/755/495 1066/735/495 1067/757/495
f 1064/755/496 1037/730/496 1041/732/496 1066/735/496
f 1067/757/497 1066/735/497 1044/736/497 1069/312/497
f 1090/758/498 1065/756/498 1067/757/498 1068/759/498
f 1068/759/499 1067/757/499 1069/312/499 1070/760/499
f 1070/761/500 1069/740/500 1047/741/500 1072/762/500
f 1093/763/501 1068/759/501 1070/760/501 1071/764/501
f 1071/765/502 1070/761/502 1072/762/502 1073/766/502
f 1073/766/503 1072/762/503 1074/767/503 1075/768/503
f 1072/762/504 1047/741/504 1049/742/504 1074/767/504
f 1075/768/505 1074/767/505 1076/769/505 1077/770/505
f 1074/767/506 1049/742/506 1051/744/506 1076/769/506
f 1077/770/507 1076/769/507 1078/771/507 1079/772/507
f 1076/769/508 1051/744/508 1053/746/508 1078/771/508
f 1079/772/509 1078/771/509 1080/773/509 1081/774/509
f 1078/771/510 1053/746/510 1055/748/510 1080/773/510
f 1081/774/511 1080/773/511 1082/775/511 1083/776/511
f 1080/773/512 1055/748/512 1057/313/512 1082/775/512
f 1083/776/513 1082/775/513 1084/777/513 1085/778/513
f 1082/775/514 1057/313/514 1059/751/514 1084/777/514
f 1085/778/515 1084/777/515 1086/779/515 1087/780/515
f 1084/777/516 1059/751/516 1061/753/516 1086/779/516
f 1087/780/517 1086/779/517 1088/781/517 1089/782/517
f 1086/779/518 1061/753/518 1063/62/518 1088/781/518
f 1089/782/519 1088/781/519 1090/758/519 1091/783/519
f 1088/781/520 1063/62/520 1065/756/520 1090/758/520
f 1091/783/521 1090/758/521 1068/759/521 1093/763/521
f 1114/52/522 1089/782/522 1091/783/522 1092/784/522
f 1092/784/523 1091/783/523 1093/763/523 1094/785/523
f 1094/785/524 1093/763/524 1071/764/524 1096/316/524
f 1117/786/525 1092/784/525 1094/785/525 1095/787/525
f 1095/787/526 1094/785/526 1096/316/526 1097/788/526
f 1097/789/527 1096/790/527 1098/791/527 1099/792/527
f 1096/790/528 1071/765/528 1073/766/528 1098/791/528
f 1099/792/529 1098/791/529 1100/793/529 1101/794/529
f 1098/791/530 1073/766/530 1075/768/530 1100/793/530
f 1101/794/531 1100/793/531 1102/795/531 1103/796/531
f 1100/793/532 1075/768/532 1077/770/532 1102/795/532
f 1103/796/533 1102/795/533 1104/797/533 1105/798/533
f 1102/795/534 1077/770/534 1079/772/534 1104/797/534
f 1105/798/535 1104/797/535 1106/799/535 1107/800/535
f 1104/797/536 1079/772/536 1081/774/536 1106/799/536
f 1107/800/537 1106/799/537 1108/317/537 1109/801/537
f 1106/799/538 1081/774/538 1083/776/538 1108/317/538
f 1109/801/539 1108/317/539 1110/802/539 1111/803/539
f 1108/317/540 1083/776/540 1085/778/540 1110/802/540
f 1111/803/541 1110/802/541 1112/804/541 1113/805/541
f 1110/802/542 1085/778/542 1087/780/542 1112/804/542
f 1113/805/543 1112/804/543 1114/52/543 1115/806/543
f 1112/804/544 1087/780/544 1089/782/544 1114/52/544
f 1115/806/545 1114/52/545 1092/784/545 1117/786/545
f 1138/807/546 1113/805/546 1115/806/546 1116/808/546
f 1116/808/547 1115/806/547 1117/786/547 1118/809/547
f 1118/809/548 1117/786/548 1095/787/548 1120/810/548
f 1141/46/549 1116/808/549 1118/809/549 1119/811/549
f 1119/811/550 1118/809/550 1120/810/550 1121/812/550
f 1121/812/551 1120/810/551 1122/813/551 1123/320/551
f 1120/810/552 1095/787/552 1097/788/552 1122/813/552
f 1123/814/553 1122/815/553 1124/816/553 1125/817/553
f 1122/815/554 1097/789/554 1099/792/554 1124/816/554
f 1125/817/555 1124/816/555 1126/818/555 1127/819/555
f 1124/816/556 1099/792/556 1101/794/556 1126/818/556
f 1127/819/557 1126/818/557 1128/820/557 1129/821/557
f 1126/818/558 1101/794/558 1103/796/558 1128/820/558
f 1129/821/559 1128/820/559 1130/822/559 1131/823/559
f 1128/820/560 1103/796/560 1105/798/560 1130/822/560
f 1131/823/561 1130/822/561 1132/824/561 1133/825/561
f 1130/822/562 1105/798/562 1107/800/562 1132/824/562
f 1133/825/563 1132/824/563 1134/826/563 1135/321/563
f 1132/824/564 1107/800/564 1109/801/564 1134/826/564
f 1135/321/565 1134/826/565 1136/827/565 1137/828/565
f 1134/826/566 1109/801/566 1111/803/566 1136/827/566
f 1137/828/567 1136/827/567 1138/807/567 1139/829/567
f 1136/827/568 1111/803/568 1113/805/568 1138/807/568
f 1139/829/569 1138/807/569 1116/808/569 1141/46/569
f 1162/830/570 1137/828/570 1139/829/570 1140/831/570
f 1140/831/571 1139/829/571 1141/46/571 1142/832/571
f 1142/832/572 1141/46/572 1119/811/572 1144/833/572
f 1165/834/573 1140/831/573 1142/832/573 1143/835/573
f 1143/835/574 1142/832/574 1144/833/574 1145/836/574
f 1145/836/575 1144/833/575 1146/837/575 1147/838/575
f 1144/833/576 1119/811/576 1121/812/576 1146/837/576
f 1147/838/577 1146/837/577 1148/839/577 1149/840/577
f 1146/837/578 1121/812/578 1123/320/578 1148/839/578
f 1149/841/579 1148/842/579 1150/843/579 1151/844/579
f 1148/842/580 1123/814/580 1125/817/580 1150/843/580
f 1151/844/581 1150/843/581 1152/845/581 1153/846/581
f 1150/843/582 1125/817/582 1127/819/582 1152/845/582
f 1153/846/583 1152/845/583 1154/847/583 1155/848/583
f 1152/845/584 1127/819/584 1129/821/584 1154/847/584
f 1155/848/585 1154/847/585 1156/849/585 1157/850/585
f 1154/847/586 1129/821/586 1131/823/586 1156/849/586
f 1157/850/587 1156/849/587 1158/851/587 1159/852/587
f 1156/849/588 1131/823/588 1133/825/588 1158/851/588
f 1159/852/589 1158/851/589 1160/853/589 1161/854/589
f 1158/851/590 1133/825/590 1135/321/590 1160/853/590
f 1161/854/591 1160/853/591 1162/830/591 1163/855/591
f 1160/853/592 1135/321/592 1137/828/592 1162/830/592
f 1163/855/593 1162/830/593 1140/831/593 1165/834/593
f 1186/325/594 1161/854/594 1163/855/594 1164/856/594
f 1164/856/595 1163/855/595 1165/834/595 1166/857/595
f 1166/857/596 1165/834/596 1143/835/596 1168/40/596
f 1189/858/597 1164/856/597 1166/857/597 1167/859/597
f 1167/859/598 1166/857/598 1168/40/598 1169/860/598
f 1169/860/599 1168/40/599 1170/861/599 1171/862/599
f 1168/40/600 1143/835/600 1145/836/600 1170/861/600
f 1171/862/601 1170/861/601 1172/863/601 1173/864/601
f 1170/861/602 1145/836/602 1147/838/602 1172/863/602
f 1173/864/603 1172/863/603 1174/324/603 1175/865/603
f 1172/863/604 1147/838/604 1149/840/604 1174/324/604
f 1175/866/605 1174/867/605 1176/868/605 1177/869/605
f 1174/867/606 1149/841/606 1151/844/606 1176/868/606
f 1177/869/607 1176/868/607 1178/870/607 1179/871/607
f 1176/868/608 1151/844/608 1153/846/608 1178/870/608
f 1179/871/609 1178/870/609 1180/872/609 1181/873/609
f 1178/870/610 1153/846/610 1155/848/610 1180/872/610
f 1181/873/611 1180/872/611 1182/874/611 1183/875/611
f 1180/872/612 1155/848/612 1157/850/612 1182/874/612
f 1183/875/613 1182/874/613 1184/876/613 1185/877/613
f 1182/874/614 1157/850/614 1159/852/614 1184/876/614
f 1185/877/615 1184/876/615 1186/325/615 1187/878/615
f 1184/876/616 1159/852/616 1161/854/616 1186/325/616
f 1187/878/617 1186/325/617 1164/856/617 1189/858/617
f 1210/879/618 1185/877/618 1187/878/618 1188/880/618
f 1188/880/619 1187/878/619 1189/858/619 1190/881/619
f 1190/881/620 1189/858/620 1167/859/620 1192/882/620
f 1213/883/377 1188/880/377 1190/881/377 1191/884/377
f 1191/884/369 1190/881/369 1192/882/369 1193/885/369
f 1193/885/367 1192/882/367 1194/886/367 1195/887/367
f 1192/882/621 1167/859/621 1169/860/621 1194/886/621
f 1195/887/366 1194/886/366 1196/888/366 1197/889/366
f 1194/886/622 1169/860/622 1171/862/622 1196/888/622
f 1197/889/365 1196/888/365 1198/890/365 1199/891/365
f 1196/888/623 1171/862/623 1173/864/623 1198/890/623
f 1199/891/345 1198/890/345 1200/892/345 1201/893/345
f 1198/890/624 1173/864/624 1175/865/624 1200/892/624
f 1201/894/346 1200/895/346 1202/896/346 1203/897/346
f 1200/895/625 1175/866/625 1177/869/625 1202/896/625
f 1203/897/626 1202/896/626 1204/898/626 1205/899/626
f 1202/896/627 1177/869/627 1179/871/627 1204/898/627
f 1205/899/628 1204/898/628 1206/900/628 1207/901/628
f 1204/898/629 1179/871/629 1181/873/629 1206/900/629
f 1207/901/381 1206/900/381 1208/902/381 1209/903/381
f 1206/900/630 1181/873/630 1183/875/630 1208/902/630
f 1209/903/379 1208/902/379 1210/879/379 1211/904/379
f 1208/902/631 1183/875/631 1185/877/631 1210/879/631
f 1211/904/378 1210/879/378 1188/880/378 1213/883/378
f 1234/905/380 1209/906/380 1211/907/380 1212/908/380
f 1212/908/376 1211/907/376 1213/264/376 1214/909/376
f 1214/909/374 1213/264/374 1191/910/374 1216/911/374
f 1237/912/375 1212/908/375 1214/909/375 1215/913/375
f 1215/913/373 1214/909/373 1216/911/373 1217/914/373
f 1217/914/372 1216/911/372 1218/915/372 1219/916/372
f 1216/911/370 1191/910/370 1193/917/370 1218/915/370
f 1219/916/371 1218/915/371 1220/918/371 1221/919/371
f 1218/915/368 1193/917/368 1195/31/368 1220/918/368
f 1221/919/362 1220/918/362 1222/920/362 1223/921/362
f 1220/918/364 1195/31/364 1197/922/364 1222/920/364
f 1223/921/360 1222/920/360 1224/923/360 1225/924/360
f 1222/920/363 1197/922/363 1199/925/363 1224/923/363
f 1225/924/349 1224/923/349 1226/926/349 1227/927/349
f 1224/923/344 1199/925/344 1201/265/344 1226/926/344
f 1227/928/348 1226/929/348 1228/930/348 1229/931/348
f 1226/929/347 1201/932/347 1203/933/347 1228/930/347
f 1229/931/351 1228/930/351 1230/934/351 1231/935/351
f 1228/930/350 1203/933/350 1205/936/350 1230/934/350
f 1231/935/385 1230/934/385 1232/937/385 1233/938/385
f 1230/934/386 1205/936/386 1207/939/386 1232/937/386
f 1233/938/384 1232/937/384 1234/905/384 1235/940/384
f 1232/937/382 1207/939/382 1209/906/382 1234/905/382
f 1235/940/383 1234/905/383 1212/908/383 1237/912/383
f 1258/941/387 1233/938/387 1235/940/387 1236/942/387
f 1236/942/415 1235/940/415 1237/912/415 1238/943/415
f 1238/943/413 1237/912/413 1215/913/413 1240/269/413
f 1261/944/414 1236/942/414 1238/943/414 1239/945/414
f 1239/945/412 1238/943/412 1240/269/412 1241/946/412
f 1241/946/410 1240/269/410 1242/947/410 1243/948/410
f 1240/269/411 1215/913/411 1217/914/411 1242/947/411
f 1243/948/408 1242/947/408 1244/949/408 1245/950/408
f 1242/947/409 1217/914/409 1219/916/409 1244/949/409
f 1245/950/406 1244/949/406 1246/24/406 1247/951/406
f 1244/949/407 1219/916/407 1221/919/407 1246/24/407
f 1247/951/404 1246/24/404 1248/952/404 1249/953/404
f 1246/24/361 1221/919/361 1223/921/361 1248/952/361
f 1249/953/358 1248/952/358 1250/954/358 1251/955/358
f 1248/952/632 1223/921/632 1225/924/632 1250/954/632
f 1251/955/356 1250/954/356 1252/268/356 1253/956/356
f 1250/954/357 1225/924/357 1227/927/357 1252/268/357
f 1253/957/355 1252/958/355 1254/959/355 1255/960/355
f 1252/958/353 1227/928/353 1229/931/353 1254/959/353
f 1255/960/354 1254/959/354 1256/961/354 1257/962/354
f 1254/959/352 1229/931/352 1231/935/352 1256/961/352
f 1257/962/390 1256/961/390 1258/941/390 1259/963/390
f 1256/961/388 1231/935/388 1233/938/388 1258/941/388
f 1259/963/389 1258/941/389 1236/942/389 1261/944/389
f 1282/964/392 1257/962/392 1259/963/392 1260/965/392
f 1260/965/391 1259/963/391 1261/944/391 1262/966/391
f 1262/966/417 1261/944/417 1239/945/417 1264/967/417
f 1285/968/420 1260/965/420 1262/966/420 1263/969/420
f 1263/969/419 1262/966/419 1264/967/419 1265/970/419
f 1265/970/633 1264/967/633 1266/971/633 1267/273/633
f 1264/967/416 1239/945/416 1241/946/416 1266/971/416
f 1267/273/442 1266/971/442 1268/972/442 1269/973/442
f 1266/971/443 1241/946/443 1243/948/443 1268/972/443
f 1269/973/440 1268/972/440 1270/974/440 1271/975/440
f 1268/972/441 1243/948/441 1245/950/441 1270/974/441
f 1271/975/438 1270/974/438 1272/976/438 1273/18/438
f 1270/974/405 1245/950/405 1247/951/405 1272/976/405
f 1273/18/402 1272/976/402 1274/977/402 1275/978/402
f 1272/976/403 1247/951/403 1249/953/403 1274/977/403
f 1275/978/400 1274/977/400 1276/979/400 1277/980/400
f 1274/977/401 1249/953/401 1251/955/401 1276/979/401
f 1277/980/398 1276/979/398 1278/981/398 1279/272/398
f 1276/979/399 1251/955/399 1253/956/399 1278/981/399
f 1279/982/396 1278/983/396 1280/984/396 1281/985/396
f 1278/983/397 1253/957/397 1255/960/397 1280/984/397
f 1281/985/395 1280/984/395 1282/964/395 1283/986/395
f 1280/984/393 1255/960/393 1257/962/393 1282/964/393
f 1283/986/394 1282/964/394 1260/965/394 1285/968/394
f 1306/987/427 1281/985/427 1283/986/427 1284/988/427
f 1284/988/423 1283/986/423 1285/968/423 1286/989/423
f 1286/989/422 1285/968/422 1263/969/422 1288/990/422
f 1309/991/425 1284/988/425 1286/989/425 1287/992/425
f 1287/992/424 1286/989/424 1288/990/424 1289/993/424
f 1289/993/448 1288/990/448 1290/994/448 1291/995/448
f 1288/990/421 1263/969/421 1265/970/421 1290/994/421
f 1291/995/447 1290/994/447 1292/996/447 1293/997/447
f 1290/994/634 1265/970/634 1267/273/634 1292/996/634
f 1293/997/446 1292/996/446 1294/998/446 1295/999/446
f 1292/996/444 1267/273/444 1269/973/444 1294/998/444
f 1295/999/470 1294/998/470 1296/1000/470 1297/1001/470
f 1294/998/439 1269/973/439 1271/975/439 1296/1000/439
f 1297/1001/436 1296/1000/436 1298/1002/436 1299/1003/436
f 1296/1000/437 1271/975/437 1273/18/437 1298/1002/437
f 1299/1003/635 1298/1002/635 1300/1004/635 1301/1005/635
f 1298/1002/435 1273/18/435 1275/978/435 1300/1004/435
f 1301/1005/432 1300/1004/432 1302/1006/432 1303/1007/432
f 1300/1004/433 1275/978/433 1277/980/433 1302/1006/433
f 1303/1007/430 1302/1006/430 1304/1008/430 1305/1009/430
f 1302/1006/431 1277/980/431 1279/272/431 1304/1008/431
f 1305/1010/428 1304/1011/428 1306/987/428 1307/1012/428
f 1304/1011/429 1279/982/429 1281/985/429 1306/987/429
f 1307/1012/426 1306/987/426 1284/988/426 1309/991/426
f 1330/1013/459 1305/1010/459 1307/1012/459 1308/1014/459
f 1308/1014/457 1307/1012/457 1309/991/457 1310/1015/457
f 1310/1015/455 1309/991/455 1287/992/455 1312/1016/455
f 1333/1017/456 1308/1014/456 1310/1015/456 1311/1018/456
f 1311/1018/454 1310/1015/454 1312/1016/454 1313/1019/454
f 1313/1019/453 1312/1016/453 1314/1020/453 1315/1021/453
f 1312/1016/451 1287/992/451 1289/993/451 1314/1020/451
f 1315/1021/452 1314/1020/452 1316/1022/452 1317/1023/452
f 1314/1020/450 1289/993/450 1291/995/450 1316/1022/450
f 1317/1023/473 1316/1022/473 1318/277/473 1319/1024/473
f 1316/1022/449 1291/995/449 1293/997/449 1318/277/449
f 1319/1024/472 1318/277/472 1320/1025/472 1321/1026/472
f 1318/277/471 1293/997/471 1295/999/471 1320/1025/471
f 1321/1026/468 1320/1025/468 1322/1027/468 1323/1028/468
f 1320/1025/469 1295/999/469 1297/1001/469 1322/1027/469
f 1323/1028/466 1322/1027/466 1324/12/466 1325/1029/466
f 1322/1027/467 1297/1001/467 1299/1003/467 1324/12/467
f 1325/1029/464 1324/12/464 1326/1030/464 1327/1031/464
f 1324/12/465 1299/1003/465 1301/1005/465 1326/1030/465
f 1327/1031/462 1326/1030/462 1328/1032/462 1329/1033/462
f 1326/1030/463 1301/1005/463 1303/1007/463 1328/1032/463
f 1329/1033/460 1328/1032/460 1330/276/460 1331/1034/460
f 1328/1032/461 1303/1007/461 1305/1009/461 1330/276/461
f 1331/1035/458 1330/1013/458 1308/1014/458 1333/1017/458
f 1354/1036/488 1329/1033/488 1331/1034/488 1332/1037/488
f 1332/1038/486 1331/1035/486 1333/1017/486 1334/1039/486
f 1334/1039/484 1333/1017/484 1311/1018/484 1336/1040/484
f 1357/1041/485 1332/1038/485 1334/1039/485 1335/1042/485
f 1335/1042/483 1334/1039/483 1336/1040/483 1337/1043/483
f 1337/1043/481 1336/1040/481 1338/1044/481 1339/1045/481
f 1336/1040/482 1311/1018/482 1313/1019/482 1338/1044/482
f 1339/1045/479 1338/1044/479 1340/1046/479 1341/1047/479
f 1338/1044/480 1313/1019/480 1315/1021/480 1340/1046/480
f 1341/1047/478 1340/1046/478 1342/1048/478 1343/1049/478
f 1340/1046/476 1315/1021/476 1317/1023/476 1342/1048/476
f 1343/1049/477 1342/1048/477 1344/1050/477 1345/281/477
f 1342/1048/475 1317/1023/475 1319/1024/475 1344/1050/475
f 1345/281/497 1344/1050/497 1346/1051/497 1347/1052/497
f 1344/1050/474 1319/1024/474 1321/1026/474 1346/1051/474
f 1347/1052/495 1346/1051/495 1348/1053/495 1349/1054/495
f 1346/1051/496 1321/1026/496 1323/1028/496 1348/1053/496
f 1349/1054/493 1348/1053/493 1350/1055/493 1351/5/493
f 1348/1053/494 1323/1028/494 1325/1029/494 1350/1055/494
f 1351/5/491 1350/1055/491 1352/1056/491 1353/1057/491
f 1350/1055/492 1325/1029/492 1327/1031/492 1352/1056/492
f 1353/1057/489 1352/1056/489 1354/1036/489 1355/1058/489
f 1352/1056/490 1327/1031/490 1329/1033/490 1354/1036/490
f 1355/1058/487 1354/1036/487 1332/1037/487 1357/280/487
f 1378/1059/516 1353/1057/516 1355/1058/516 1356/1060/516
f 1356/1060/514 1355/1058/514 1357/280/514 1358/1061/514
f 1358/1062/512 1357/1041/512 1335/1042/512 1360/1063/512
f 1381/1064/513 1356/1060/513 1358/1061/513 1359/1065/513
f 1359/1066/511 1358/1062/511 1360/1063/511 1361/1067/511
f 1361/1067/509 1360/1063/509 1362/1068/509 1363/1069/509
f 1360/1063/510 1335/1042/510 1337/1043/510 1362/1068/510
f 1363/1069/507 1362/1068/507 1364/1070/507 1365/1071/507
f 1362/1068/508 1337/1043/508 1339/1045/508 1364/1070/508
f 1365/1071/505 1364/1070/505 1366/1072/505 1367/1073/505
f 1364/1070/506 1339/1045/506 1341/1047/506 1366/1072/506
f 1367/1073/503 1366/1072/503 1368/1074/503 1369/1075/503
f 1366/1072/504 1341/1047/504 1343/1049/504 1368/1074/504
f 1369/1075/502 1368/1074/502 1370/1076/502 1371/1077/502
f 1368/1074/500 1343/1049/500 1345/281/500 1370/1076/500
f 1371/1077/501 1370/1076/501 1372/1078/501 1373/1079/501
f 1370/1076/499 1345/281/499 1347/1052/499 1372/1078/499
f 1373/1079/521 1372/1078/521 1374/1080/521 1375/1081/521
f 1372/1078/498 1347/1052/498 1349/1054/498 1374/1080/498
f 1375/1081/519 1374/1080/519 1376/1082/519 1377/1083/519
f 1374/1080/520 1349/1054/520 1351/5/520 1376/1082/520
f 1377/1083/517 1376/1082/517 1378/1059/517 1379/1084/517
f 1376/1082/518 1351/5/518 1353/1057/518 1378/1059/518
f 1379/1084/515 1378/1059/515 1356/1060/515 1381/1064/515
f 1402/131/544 1377/1083/544 1379/1084/544 1380/1085/544
f 1380/1085/542 1379/1084/542 1381/1064/542 1382/1086/542
f 1382/1086/540 1381/1064/540 1359/1065/540 1384/284/540
f 1405/1087/541 1380/1085/541 1382/1086/541 1383/1088/541
f 1383/1088/539 1382/1086/539 1384/284/539 1385/1089/539
f 1385/1090/537 1384/1091/537 1386/1092/537 1387/1093/537
f 1384/1091/538 1359/1066/538 1361/1067/538 1386/1092/538
f 1387/1093/535 1386/1092/535 1388/1094/535 1389/1095/535
f 1386/1092/536 1361/1067/536 1363/1069/536 1388/1094/536
f 1389/1095/533 1388/1094/533 1390/1096/533 1391/1097/533
f 1388/1094/534 1363/1069/534 1365/1071/534 1390/1096/534
f 1391/1097/531 1390/1096/531 1392/1098/531 1393/1099/531
f 1390/1096/532 1365/1071/532 1367/1073/532 1392/1098/532
f 1393/1099/529 1392/1098/529 1394/1100/529 1395/1101/529
f 1392/1098/530 1367/1073/530 1369/1075/530 1394/1100/530
f 1395/1101/527 1394/1100/527 1396/285/527 1397/1102/527
f 1394/1100/528 1369/1075/528 1371/1077/528 1396/285/528
f 1397/1102/526 1396/285/526 1398/1103/526 1399/1104/526
f 1396/285/524 1371/1077/524 1373/1079/524 1398/1103/524
f 1399/1104/525 1398/1103/525 1400/1105/525 1401/1106/525
f 1398/1103/523 1373/1079/523 1375/1081/523 1400/1105/523
f 1401/1106/545 1400/1105/545 1402/131/545 1403/1107/545
f 1400/1105/522 1375/1081/522 1377/1083/522 1402/131/522
f 1403/1107/543 1402/131/543 1380/1085/543 1405/1087/543
f 1426/1108/547 1401/1106/547 1403/1107/547 1404/1109/547
f 1404/1109/546 1403/1107/546 1405/1087/546 1406/1110/546
f 1406/1110/568 1405/1087/568 1383/1088/568 1408/1111/568
f 1429/128/569 1404/1109/569 1406/1110/569 1407/1112/569
f 1407/1112/567 1406/1110/567 1408/1111/567 1409/1113/567
f 1409/1113/636 1408/1111/636 1410/1114/636 1411/288/636
f 1408/1111/566 1383/1088/566 1385/1089/566 1410/1114/566
f 1411/1115/637 1410/1116/637 1412/1117/637 1413/1118/637
f 1410/1116/564 1385/1090/564 1387/1093/564 1412/1117/564
f 1413/1118/561 1412/1117/561 1414/1119/561 1415/1120/561
f 1412/1117/562 1387/1093/562 1389/1095/562 1414/1119/562
f 1415/1120/559 1414/1119/559 1416/1121/559 1417/587/559
f 1414/1119/560 1389/1095/560 1391/1097/560 1416/1121/560
f 1417/587/557 1416/1121/557 1418/1122/557 1419/1123/557
f 1416/1121/558 1391/1097/558 1393/1099/558 1418/1122/558
f 1419/1123/555 1418/1122/555 1420/1124/555 1421/1125/555
f 1418/1122/556 1393/1099/556 1395/1101/556 1420/1124/556
f 1421/1125/638 1420/1124/638 1422/1126/638 1423/289/638
f 1420/1124/554 1395/1101/554 1397/1102/554 1422/1126/554
f 1423/289/551 1422/1126/551 1424/1127/551 1425/1128/551
f 1422/1126/552 1397/1102/552 1399/1104/552 1424/1127/552
f 1425/1128/550 1424/1127/550 1426/1108/550 1427/1129/550
f 1424/1127/548 1399/1104/548 1401/1106/548 1426/1108/548
f 1427/1129/549 1426/1108/549 1404/1109/549 1429/128/549
f 1450/1130/576 1425/1128/576 1427/1129/576 1428/1131/576
f 1428/1131/572 1427/1129/572 1429/128/572 1430/1132/572
f 1430/1132/571 1429/128/571 1407/1112/571 1432/1133/571
f 1453/1134/574 1428/1131/574 1430/1132/574 1431/1135/574
f 1431/1135/573 1430/1132/573 1432/1133/573 1433/1136/573
f 1433/1136/593 1432/1133/593 1434/1137/593 1435/1138/593
f 1432/1133/570 1407/1112/570 1409/1113/570 1434/1137/570
f 1435/1138/591 1434/1137/591 1436/1139/591 1437/1140/591
f 1434/1137/639 1409/1113/639 1411/288/639 1436/1139/639
f 1437/1141/589 1436/1142/589 1438/1143/589 1439/1144/589
f 1436/1142/590 1411/1115/590 1413/1118/590 1438/1143/590
f 1439/1144/587 1438/1143/587 1440/1145/587 1441/1146/587
f 1438/1143/588 1413/1118/588 1415/1120/588 1440/1145/588
f 1441/1146/585 1440/1145/585 1442/1147/585 1443/1148/585
f 1440/1145/586 1415/1120/586 1417/587/586 1442/1147/586
f 1443/1148/583 1442/1147/583 1444/1149/583 1445/1150/583
f 1442/1147/584 1417/587/584 1419/1123/584 1444/1149/584
f 1445/1150/581 1444/1149/581 1446/1151/581 1447/1152/581
f 1444/1149/582 1419/1123/582 1421/1125/582 1446/1151/582
f 1447/1152/579 1446/1151/579 1448/1153/579 1449/1154/579
f 1446/1151/640 1421/1125/640 1423/289/640 1448/1153/640
f 1449/1154/577 1448/1153/577 1450/1130/577 1451/1155/577
f 1448/1153/578 1423/289/578 1425/1128/578 1450/1130/578
f 1451/1155/575 1450/1130/575 1428/1131/575 1453/1134/575
f 1474/293/604 1449/1154/604 1451/1155/604 1452/1156/604
f 1452/1156/602 1451/1155/602 1453/1134/602 1454/1157/602
f 1454/1157/600 1453/1134/600 1431/1135/600 1456/243/600
f 1476/1158/601 1452/1156/601 1454/1157/601 1455/1159/601
f 1455/1159/599 1454/1157/599 1456/243/599 1457/1160/599
f 1457/1160/598 1456/243/598 1458/1161/598 1459/1162/598
f 1456/243/596 1431/1135/596 1433/1136/596 1458/1161/596
f 1459/1162/597 1458/1161/597 1460/1163/597 1461/1164/597
f 1458/1161/595 1433/1136/595 1435/1138/595 1460/1163/595
f 1461/1164/617 1460/1163/617 1462/292/617 1463/1165/617
f 1460/1163/594 1435/1138/594 1437/1140/594 1462/292/594
f 1463/1166/615 1462/1167/615 1464/1168/615 1465/1169/615
f 1462/1167/616 1437/1141/616 1439/1144/616 1464/1168/616
f 1465/1169/613 1464/1168/613 1466/1170/613 1467/1171/613
f 1464/1168/614 1439/1144/614 1441/1146/614 1466/1170/614
f 1467/1171/611 1466/1170/611 1468/1172/611 1469/1173/611
f 1466/1170/612 1441/1146/612 1443/1148/612 1468/1172/612
f 1469/1173/609 1468/1172/609 1470/1174/609 1471/1175/609
f 1468/1172/610 1443/1148/610 1445/1150/610 1470/1174/610
f 1471/1175/641 1470/1174/641 1472/1176/641 1473/1177/641
f 1470/1174/608 1445/1150/608 1447/1152/608 1472/1176/608
f 1473/1177/605 1472/1176/605 1474/293/605 1475/1178/605
f 1472/1176/606 1447/1152/606 1449/1154/606 1474/293/606
f 1475/1178/603 1474/293/603 1452/1156/603 1476/1158/603
f 1478/599/625 1473/1177/625 1475/1178/625 909/596/625
f 909/596/624 1475/1178/624 1476/1158/624 1477/597/624
f 1477/597/623 1476/1158/623 1455/1159/623 932/621/623
f 1479/1179/627 1471/1175/627 1473/1177/627 1478/599/627
f 1481/605/626 1479/1179/626 1478/599/626 910/598/626
f 1480/645/629 1469/1173/629 1471/1175/629 1479/1179/629
f 951/646/628 1480/645/628 1479/1179/628 1481/605/628
f 950/642/630 1467/1171/630 1469/1173/630 1480/645/630
f 948/641/631 1465/1169/631 1467/1171/631 950/642/631
f 946/640/618 1463/1166/618 1465/1169/618 948/641/618
f 1482/626/619 1461/1164/619 1463/1165/619 946/639/619
f 936/623/620 1459/1162/620 1461/1164/620 1482/626/620
f 934/622/621 1457/1160/621 1459/1162/621 936/623/621
f 932/621/622 1455/1159/622 1457/1160/622 934/622/622
s 1
f 1483/526/642 1485/527/642 1589/528/642 1484/529/642
f 1484/48/643 1487/54/643 1486/52/643 1483/46/643
f 1486/161/644 1488/530/644 1485/531/644 1483/304/644
f 1487/54/645 1492/61/645 1489/62/645 1486/52/645
f 1489/219/646 1490/532/646 1488/530/646 1486/161/646
f 1491/220/646 1534/533/646 1490/532/646 1489/219/646
f 1492/61/647 1493/67/647 1491/68/647 1489/62/647
f 1495/55/648 1494/63/648 1492/61/648 1487/54/648
f 1494/63/649 1496/69/649 1493/67/649 1492/61/649
f 1500/109/650 1497/107/650 1494/63/650 1495/55/650
f 1497/107/651 1499/105/651 1496/69/651 1494/63/651
f 1502/317/652 1498/313/652 1497/107/652 1500/109/652
f 1498/313/652 1596/309/652 1499/105/652 1497/107/652
f 1501/111/653 1500/109/653 1495/55/653 1590/57/653
f 1504/321/654 1502/317/654 1500/109/654 1501/111/654
f 1504/541/655 1505/542/655 1503/540/655 1502/539/655
f 1502/539/656 1503/540/656 1513/538/656 1498/537/656
f 1501/546/657 1506/545/657 1505/542/657 1504/541/657
f 1506/545/658 1508/1180/658 1507/1181/658 1505/542/658
f 1505/542/659 1507/1181/659 1510/1182/659 1503/540/659
f 1508/1180/658 1559/548/658 1509/588/658 1507/1181/658
f 1507/1181/659 1509/588/659 1511/583/659 1510/1182/659
f 1503/540/278 1510/1182/278 1512/1183/278 1513/538/278
f 1510/1182/278 1511/583/278 1514/582/278 1512/1183/278
f 1513/538/278 1512/1183/278 1515/1184/278 1516/535/278
f 1512/1183/278 1514/582/278 1517/575/278 1515/1184/278
f 1516/535/660 1515/1184/660 1518/1185/660 1519/536/660
f 1515/1184/660 1517/575/660 1520/574/660 1518/1185/660
f 1519/536/661 1518/1185/661 1521/1186/661 1522/572/661
f 1518/1185/661 1520/574/661 1523/573/661 1521/1186/661
f 1522/572/259 1521/1186/259 1524/1187/259 1525/570/259
f 1521/1186/259 1523/573/259 1526/571/259 1524/1187/259
f 1525/570/259 1524/1187/259 1527/1188/259 1528/569/259
f 1524/1187/259 1526/571/259 1529/567/259 1527/1188/259
f 1528/569/662 1527/1188/662 1530/1189/662 1531/566/662
f 1527/1188/662 1529/567/662 1532/565/662 1530/1189/662
f 1531/566/663 1530/1189/663 1533/1190/663 1534/533/663
f 1530/1189/663 1532/565/663 1535/562/663 1533/1190/663
f 1534/533/63 1533/1190/63 1536/1191/63 1490/532/63
f 1533/1190/63 1535/562/63 1537/561/63 1536/1191/63
f 1490/532/63 1536/1191/63 1538/1192/63 1488/530/63
f 1536/1191/63 1537/561/63 1540/554/63 1538/1192/63
f 1488/530/664 1538/1192/664 1539/1193/664 1485/531/664
f 1538/1192/664 1540/554/664 1541/555/664 1539/1193/664
f 1540/554/664 1542/556/664 1544/557/664 1541/555/664
f 1537/561/63 1543/560/63 1542/556/63 1540/554/63
f 1543/560/665 1546/204/665 1545/200/665 1542/556/665
f 1542/556/666 1545/200/666 1547/288/666 1544/557/666
f 1549/244/667 1548/249/667 1545/12/667 1546/5/667
f 1548/249/668 1551/253/668 1547/18/668 1545/12/668
f 1581/245/669 1550/250/669 1548/249/669 1549/244/669
f 1550/250/670 1553/254/670 1551/253/670 1548/249/670
f 1544/551/671 1547/558/671 1551/559/671 1552/552/671
f 1552/552/672 1551/559/672 1553/591/672 1554/553/672
f 1554/553/672 1553/591/672 1555/590/672 1558/589/672
f 1557/121/670 1555/119/670 1553/254/670 1550/250/670
f 1558/589/673 1555/590/673 1556/587/673 1560/586/673
f 1562/277/674 1556/273/674 1555/119/674 1557/121/674
f 1584/547/256 1554/553/256 1558/589/256 1559/548/256
f 1559/548/658 1558/589/658 1560/586/658 1509/588/658
f 1560/586/675 1556/587/675 1562/585/675 1561/584/675
f 1509/588/659 1560/586/659 1561/584/659 1511/583/659
f 1511/583/278 1561/584/278 1563/580/278 1514/582/278
f 1561/584/676 1562/585/676 1564/581/676 1563/580/676
f 1514/582/278 1563/580/278 1565/578/278 1517/575/278
f 1563/580/676 1564/581/676 1566/579/676 1565/578/676
f 1565/578/677 1566/579/677 1568/289/677 1567/576/677
f 1517/575/660 1565/578/660 1567/576/660 1520/574/660
f 1567/576/678 1568/289/678 1570/104/678 1569/577/678
f 1520/574/661 1567/576/661 1569/577/661 1523/573/661
f 1569/577/679 1570/104/679 1572/123/679 1571/592/679
f 1523/573/259 1569/577/259 1571/592/259 1526/571/259
f 1526/571/259 1571/592/259 1573/568/259 1529/567/259
f 1571/592/679 1572/123/679 1574/126/679 1573/568/679
f 1529/567/662 1573/568/662 1575/564/662 1532/565/662
f 1573/568/680 1574/126/680 1576/128/680 1575/564/680
f 1575/564/681 1576/128/681 1578/135/681 1577/563/681
f 1532/565/663 1575/564/663 1577/563/663 1535/562/663
f 1535/562/63 1577/563/63 1543/560/63 1537/561/63
f 1577/563/665 1578/135/665 1546/204/665 1543/560/665
f 1574/126/682 1579/130/682 1578/131/682 1576/128/682
f 1579/130/667 1549/244/667 1546/5/667 1578/131/667
f 1572/123/683 1580/132/683 1579/130/683 1574/126/683
f 1580/132/669 1581/245/669 1549/244/669 1579/130/669
f 1570/104/683 1582/102/683 1580/132/683 1572/123/683
f 1582/102/669 1583/100/669 1581/245/669 1580/132/669
f 1566/285/684 1564/281/684 1583/100/684 1582/102/684
f 1568/289/685 1566/285/685 1582/102/685 1570/104/685
f 1583/100/669 1557/121/669 1550/250/669 1581/245/669
f 1564/281/684 1562/277/684 1557/121/684 1583/100/684
f 1586/1194/256 1584/547/256 1559/548/256 1508/1180/256
f 1585/549/256 1552/552/256 1554/553/256 1584/547/256
f 1587/1195/256 1585/549/256 1584/547/256 1586/1194/256
f 1589/528/256 1587/1195/256 1586/1194/256 1588/544/256
f 1588/544/256 1586/1194/256 1508/1180/256 1506/545/256
f 1484/529/686 1589/528/686 1588/544/686 1590/543/686
f 1590/543/686 1588/544/686 1506/545/686 1501/546/686
f 1590/57/687 1495/55/687 1487/54/687 1484/48/687
f 1485/527/688 1539/1196/688 1587/1195/688 1589/528/688
f 1539/1196/688 1541/550/688 1585/549/688 1587/1195/688
f 1541/550/688 1544/551/688 1552/552/688 1585/549/688
f 1591/74/689 1531/566/689 1534/533/689 1491/220/689
f 1592/73/690 1528/569/690 1531/566/690 1591/74/690
f 1493/67/691 1592/73/691 1591/74/691 1491/68/691
f 1593/75/692 1525/570/692 1528/569/692 1592/73/692
f 1496/69/693 1593/75/693 1592/73/693 1493/67/693
f 1499/105/693 1594/80/693 1593/75/693 1496/69/693
f 1594/80/692 1522/572/692 1525/570/692 1593/75/692
f 1596/309/694 1595/305/694 1594/80/694 1499/105/694
f 1595/305/695 1519/536/695 1522/572/695 1594/80/695
f 1596/534/696 1516/535/696 1519/536/696 1595/305/696
f 1498/537/656 1513/538/656 1516/535/656 1596/534/656
s 0
f 1597/1197/697 1629/1197/697 1598/1197/697
f 1598/1197/698 1629/1197/698 1599/1197/698
f 1599/1197/699 1629/1197/699 1600/1197/699
f 1600/1197/700 1629/1197/700 1601/1197/700
f 1601/1197/701 1629/1197/701 1602/1197/701
f 1602/1197/702 1629/1197/702 1603/1197/702
f 1603/1197/703 1629/1197/703 1604/1197/703
f 1604/1197/704 1629/1197/704 1605/1197/704
f 1605/1197/705 1629/1197/705 1606/1197/705
f 1606/1197/706 1629/1197/706 1607/1197/706
f 1607/1197/707 1629/1197/707 1608/1197/707
f 1608/1197/708 1629/1197/708 1609/1197/708
f 1609/1197/709 1629/1197/709 1610/1197/709
f 1610/1197/710 1629/1197/710 1611/1197/710
f 1611/1197/711 1629/1197/711 1612/1197/711
f 1612/1197/712 1629/1197/712 1613/1197/712
f 1613/1197/713 1629/1197/713 1614/1197/713
f 1614/1197/714 1629/1197/714 1615/1197/714
f 1615/1197/715 1629/1197/715 1616/1197/715
f 1616/1197/716 1629/1197/716 1617/1197/716
f 1617/1197/717 1629/1197/717 1618/1197/717
f 1618/1197/718 1629/1197/718 1619/1197/718
f 1619/1197/719 1629/1197/719 1620/1197/719
f 1620/1197/720 1629/1197/720 1621/1197/720
f 1621/1197/721 1629/1197/721 1622/1197/721
f 1622/1197/722 1629/1197/722 1623/1197/722
f 1623/1197/723 1629/1197/723 1624/1197/723
f 1624/1197/724 1629/1197/724 1625/1197/724
f 1625/1197/725 1629/1197/725 1626/1197/725
f 1626/1197/726 1629/1197/726 1627/1197/726
f 1597/1197/727 1598/1197/727 1599/1197/727 1600/1197/727 1601/1197/727 1602/1197/727 1603/1197/727 1604/1197/727 1605/1197/727 1606/1197/727 1607/1197/727 1608/1197/727 1609/1197/727 1610/1197/727 1611/1197/727 1612/1197/727 1613/1197/727 1614/1197/727 1615/1197/727 1616/1197/727 1617/1197/727 1618/1197/727 1619/1197/727 1620/1197/727 1621/1197/727 1622/1197/727 1623/1197/727 1624/1197/727 1625/1197/727 1626/1197/727 1627/1197/727 1628/1197/727
f 1627/1197/728 1629/1197/728 1628/1197/728
f 1628/1197/729 1629/1197/729 1597/1197/729
f 1630/1197/730 1662/1197/730 1631/1197/730
f 1631/1197/731 1662/1197/731 1632/1197/731
f 1632/1197/732 1662/1197/732 1633/1197/732
f 1633/1197/733 1662/1197/733 1634/1197/733
f 1634/1197/734 1662/1197/734 1635/1197/734
f 1635/1197/735 1662/1197/735 1636/1197/735
f 1636/1197/736 1662/1197/736 1637/1197/736
f 1637/1197/737 1662/1197/737 1638/1197/737
f 1638/1197/738 1662/1197/738 1639/1197/738
f 1639/1197/739 1662/1197/739 1640/1197/739
f 1640/1197/740 1662/1197/740 1641/1197/740
f 1641/1197/741 1662/1197/741 1642/1197/741
f 1642/1197/742 1662/1197/742 1643/1197/742
f 1643/1197/743 1662/1197/743 1644/1197/743
f 1644/1197/744 1662/1197/744 1645/1197/744
f 1645/1197/745 1662/1197/745 1646/1197/745
f 1646/1197/746 1662/1197/746 1647/1197/746
f 1647/1197/747 1662/1197/747 1648/1197/747
f 1648/1197/748 1662/1197/748 1649/1197/748
f 1649/1197/749 1662/1197/749 1650/1197/749
f 1650/1197/750 1662/1197/750 1651/1197/750
f 1651/1197/751 1662/1197/751 1652/1197/751
f 1652/1197/752 1662/1197/752 1653/1197/752
f 1653/1197/753 1662/1197/753 1654/1197/753
f 1654/1197/754 1662/1197/754 1655/1197/754
f 1655/1197/755 1662/1197/755 1656/1197/755
f 1656/1197/756 1662/1197/756 1657/1197/756
f 1657/1197/757 1662/1197/757 1658/1197/757
f 1658/1197/758 1662/1197/758 1659/1197/758
f 1659/1197/759 1662/1197/759 1660/1197/759
f 1630/1197/760 1631/1197/760 1632/1197/760 1633/1197/760 1634/1197/760 1635/1197/760 1636/1197/760 1637/1197/760 1638/1197/760 1639/1197/760 1640/1197/760 1641/1197/760 1642/1197/760 1643/1197/760 1644/1197/760 1645/1197/760 1646/1197/760 1647/1197/760 1648/1197/760 1649/1197/760 1650/1197/760 1651/1197/760 1652/1197/760 1653/1197/760 1654/1197/760 1655/1197/760 1656/1197/760 1657/1197/760 1658/1197/760 1659/1197/760 1660/1197/760 1661/1197/760
f 1660/1197/761 1662/1197/761 1661/1197/761
f 1661/1197/762 1662/1197/762 1630/1197/762
