# Blender 4.4.3
# www.blender.org
mtllib Warrior.mtl
o 球.004
v -0.117153 0.414973 3.152370
v -0.070764 0.414973 3.113189
v -0.159662 0.453431 3.084042
v -0.141528 0.414973 3.226935
v -0.096441 0.444606 3.194686
v -0.192881 0.453431 3.185663
v -0.141528 0.414973 3.340681
v -0.192881 0.453431 3.340681
v -0.141528 0.414973 3.454427
v -0.096441 0.444606 3.349704
v -0.096441 0.451633 3.495699
v -0.000000 0.444606 3.349704
v -0.000000 0.444606 3.194686
v -0.000000 0.451633 3.495699
v 0.096441 0.451633 3.340681
v 0.141528 0.414973 3.340681
v 0.096441 0.451633 3.495699
v 0.096441 0.451632 3.185663
v 0.070764 0.414973 3.113189
v 0.141528 0.414973 3.226935
v 0.192881 0.453431 3.185663
v 0.117153 0.414973 3.152370
v 0.159662 0.453431 3.084042
v 0.096441 0.453431 3.030645
v 0.159662 0.617148 3.084042
v 0.096441 0.617148 3.030645
v 0.159662 0.730462 3.084042
v 0.192881 0.617148 3.185663
v 0.192881 0.730462 3.185663
v 0.192881 0.617148 3.340681
v 0.192881 0.453431 3.340681
v 0.192881 0.730462 3.340681
v 0.192881 0.617148 3.495699
v 0.192881 0.453431 3.495699
v 0.192881 0.730462 3.495699
v 0.159662 0.617148 3.597320
v 0.159662 0.453431 3.597320
v 0.159662 0.730462 3.597320
v 0.096441 0.617148 3.650717
v 0.096441 0.453431 3.650717
v 0.096441 0.730462 3.650717
v -0.000000 0.617148 3.650717
v -0.000000 0.453431 3.650717
v -0.000000 0.730462 3.650717
v -0.096441 0.617148 3.650717
v -0.096441 0.453431 3.650717
v -0.096441 0.730462 3.650717
v -0.159662 0.617148 3.597320
v -0.159662 0.453431 3.597320
v -0.159662 0.730462 3.597320
v -0.192881 0.617148 3.495699
v -0.192881 0.453431 3.495699
v -0.192881 0.730462 3.495699
v -0.192881 0.617148 3.340681
v -0.192881 0.730462 3.340681
v -0.192881 0.617148 3.185663
v -0.159662 0.617148 3.084042
v -0.192881 0.730462 3.185663
v -0.159662 0.730462 3.084042
v -0.192881 0.812711 3.185663
v -0.192881 0.812711 3.340681
v -0.159662 0.812711 3.084042
v -0.151468 0.871877 3.218947
v -0.151468 0.871876 3.340681
v -0.125381 0.871876 3.139145
v -0.096441 0.829791 3.185663
v -0.096441 0.829791 3.340681
v -0.000000 0.829791 3.185663
v -0.075734 0.871877 3.097213
v -0.096441 0.812711 3.030645
v -0.000000 0.871877 3.097213
v -0.000000 0.812711 3.030645
v 0.075734 0.871877 3.097213
v 0.125381 0.871876 3.139145
v 0.096441 0.829791 3.185663
v 0.096441 0.812711 3.030645
v 0.096441 0.730462 3.030645
v 0.159662 0.812711 3.084042
v 0.192881 0.812711 3.185663
v 0.151468 0.871877 3.218947
v 0.192881 0.812711 3.340681
v 0.151468 0.871876 3.340681
v 0.192881 0.812711 3.495699
v 0.151468 0.871877 3.462415
v 0.159662 0.812711 3.597320
v 0.125381 0.871877 3.542217
v 0.096441 0.812711 3.650717
v 0.075734 0.871877 3.584149
v -0.000000 0.812711 3.650717
v -0.000000 0.871877 3.584149
v -0.096441 0.812711 3.650717
v -0.075734 0.871877 3.584149
v -0.159662 0.812711 3.597320
v -0.125381 0.871877 3.542217
v -0.192881 0.812711 3.495699
v -0.151468 0.871877 3.462415
v -0.096441 0.829791 3.495699
v -0.000000 0.829791 3.495699
v -0.000000 0.829791 3.340681
v 0.096441 0.829791 3.495699
v 0.096441 0.829791 3.340681
v -0.000000 0.730462 3.030645
v -0.096441 0.730462 3.030645
v -0.000000 0.617148 3.030645
v -0.096441 0.617148 3.030645
v -0.000000 0.453431 3.030645
v -0.096441 0.453431 3.030645
v -0.000000 0.414973 3.113189
v -0.117153 0.414973 3.528992
v -0.070764 0.414973 3.568173
v -0.000000 0.414973 3.568173
v 0.070764 0.414973 3.568173
v 0.117153 0.414973 3.528992
v 0.141528 0.414973 3.454427
v -0.122178 0.227442 3.351253
v -0.122178 0.227442 3.331144
v -0.148055 0.200758 3.351253
v -0.148055 0.200758 3.331144
v -0.139464 0.172440 3.351253
v -0.139464 0.172440 3.331144
v -0.103117 0.164183 3.351253
v -0.103117 0.164183 3.331144
v -0.084344 0.141307 3.351253
v -0.084344 0.141307 3.331144
v -0.083866 0.104693 3.351253
v -0.083866 0.104693 3.331144
v -0.057768 0.090743 3.351253
v -0.057768 0.090743 3.331144
v -0.027190 0.110972 3.351253
v -0.027190 0.110972 3.331144
v 0.002260 0.108071 3.351253
v 0.002260 0.108071 3.331144
v 0.029450 0.082153 3.351253
v 0.029450 0.082153 3.331144
v 0.057768 0.090743 3.351253
v 0.057768 0.090743 3.331144
v 0.065668 0.126753 3.351253
v 0.065668 0.126752 3.331144
v 0.088543 0.145526 3.351253
v 0.088543 0.145526 3.331144
v 0.125515 0.146341 3.351253
v 0.125515 0.146341 3.331144
v 0.139464 0.172440 3.351253
v 0.139464 0.172440 3.331144
v 0.119478 0.203517 3.351253
v 0.119478 0.203517 3.331144
v 0.122378 0.232967 3.351253
v 0.122378 0.232967 3.331144
v 0.148055 0.259657 3.351253
v 0.148055 0.259657 3.331144
v 0.139464 0.287976 3.351253
v 0.139464 0.287976 3.331144
v 0.103262 0.295861 3.351253
v 0.103262 0.295861 3.331144
v 0.084489 0.318736 3.351253
v 0.084489 0.318736 3.331144
v 0.083866 0.355722 3.351253
v 0.083866 0.355722 3.331144
v 0.057768 0.369672 3.351253
v 0.057768 0.369672 3.331144
v 0.026547 0.349576 3.351253
v 0.026547 0.349576 3.331144
v -0.002903 0.352477 3.351253
v -0.002903 0.352477 3.331144
v -0.029450 0.378262 3.351253
v -0.029450 0.378262 3.331144
v -0.057768 0.369672 3.351253
v -0.057768 0.369672 3.331144
v -0.065562 0.333016 3.351253
v -0.065562 0.333016 3.331144
v -0.088438 0.314243 3.351253
v -0.088438 0.314243 3.331144
v -0.125515 0.314074 3.351253
v -0.125515 0.314074 3.331144
v -0.139464 0.287976 3.351253
v -0.139464 0.287976 3.331144
v -0.119277 0.256892 3.351253
v -0.119277 0.256892 3.331144
v -0.031952 0.277154 3.331144
v -0.047256 0.261783 3.331144
v -0.040188 0.270395 3.331144
v -0.055742 0.241295 3.331144
v -0.055742 0.219120 3.331144
v -0.056834 0.230208 3.331144
v -0.052508 0.251957 3.331144
v -0.021750 0.282716 3.331144
v -0.011088 0.285950 3.331144
v -0.052508 0.208458 3.331144
v -0.031575 0.277464 3.331144
v -0.000000 0.287042 3.331144
v 0.011088 0.285950 3.331144
v -0.047256 0.198632 3.331144
v 0.021750 0.282716 3.331144
v 0.031575 0.277464 3.331144
v -0.040188 0.190020 3.331144
v 0.040188 0.270395 3.331144
v 0.052508 0.251957 3.331144
v 0.055742 0.241295 3.331144
v 0.047256 0.261783 3.331144
v 0.056834 0.230208 3.331144
v 0.047256 0.198632 3.331144
v 0.052508 0.208458 3.331144
v 0.055742 0.219120 3.331144
v 0.031575 0.182951 3.331144
v -0.031575 0.182951 3.331144
v -0.000000 0.173373 3.331144
v 0.011088 0.174465 3.331144
v -0.011088 0.174465 3.331144
v -0.021750 0.177699 3.331144
v 0.040188 0.190020 3.331144
v 0.021750 0.177699 3.331144
v -0.011088 0.285950 3.351253
v -0.031575 0.277464 3.351253
v -0.021750 0.282716 3.351253
v -0.047256 0.261783 3.351253
v -0.055742 0.241295 3.351253
v -0.052508 0.251957 3.351253
v -0.040188 0.270395 3.351253
v -0.055742 0.219120 3.351253
v -0.047256 0.198632 3.351253
v -0.052508 0.208458 3.351253
v -0.021750 0.177699 3.351253
v -0.031575 0.182951 3.351253
v 0.000000 0.173373 3.351253
v -0.011088 0.174465 3.351253
v -0.040188 0.190020 3.351253
v -0.056834 0.230208 3.351253
v 0.011088 0.285950 3.351253
v 0.000000 0.287042 3.351253
v 0.021750 0.282716 3.351253
v 0.040188 0.270395 3.351253
v 0.031575 0.277464 3.351253
v 0.052508 0.251957 3.351253
v 0.056834 0.230208 3.351253
v 0.055742 0.241295 3.351253
v 0.047256 0.261783 3.351253
v 0.052508 0.208458 3.351253
v 0.040188 0.190020 3.351253
v 0.047256 0.198632 3.351253
v 0.021750 0.177699 3.351253
v 0.011088 0.174465 3.351253
v 0.031575 0.182951 3.351253
v 0.055742 0.219120 3.351253
v -0.046434 0.449693 3.566756
v -0.023520 0.449693 3.566756
v -0.046434 0.381552 3.567510
v -0.046434 0.449432 3.543196
v -0.023520 0.449432 3.543196
v -0.046434 0.381292 3.543950
v -0.046434 0.449171 3.519634
v -0.046434 0.381031 3.520388
v -0.046434 0.448910 3.496073
v -0.023520 0.449171 3.519634
v -0.000605 0.449171 3.519634
v -0.023520 0.448910 3.496073
v -0.023520 0.448649 3.472512
v -0.000605 0.448910 3.496073
v -0.000605 0.448649 3.472512
v 0.022310 0.448910 3.496073
v 0.022310 0.448649 3.472512
v 0.022310 0.449171 3.519634
v 0.045224 0.448910 3.496073
v 0.045224 0.448649 3.472512
v 0.045224 0.380770 3.496827
v 0.045224 0.449171 3.519634
v 0.045224 0.381031 3.520388
v 0.045224 0.449432 3.543196
v 0.045224 0.381292 3.543950
v 0.045224 0.449693 3.566756
v 0.022310 0.449432 3.543196
v -0.000605 0.449432 3.543196
v 0.022310 0.449693 3.566756
v 0.022310 0.381552 3.567510
v -0.000605 0.449693 3.566756
v -0.000605 0.381552 3.567510
v -0.000605 0.312347 3.568276
v -0.023520 0.381552 3.567510
v -0.023519 0.312347 3.568276
v -0.023519 0.243141 3.569042
v -0.046434 0.312347 3.568276
v -0.046434 0.312086 3.544716
v -0.046434 0.243141 3.569042
v -0.046434 0.172871 3.569820
v -0.046434 0.242880 3.545482
v -0.046434 0.172610 3.546260
v -0.046434 0.242619 3.521920
v -0.046434 0.311825 3.521154
v -0.046434 0.172350 3.522698
v -0.046434 0.242358 3.498359
v -0.046434 0.172089 3.499137
v -0.046434 0.242098 3.474798
v -0.046434 0.311564 3.497593
v -0.046434 0.380770 3.496827
v -0.046434 0.311303 3.474032
v -0.023519 0.311303 3.474032
v -0.046434 0.380509 3.473266
v -0.046434 0.448649 3.472512
v -0.023519 0.380509 3.473266
v -0.000605 0.380509 3.473266
v -0.000605 0.311303 3.474032
v 0.022310 0.380509 3.473266
v 0.022310 0.311303 3.474032
v 0.045224 0.380509 3.473266
v 0.045224 0.311303 3.474032
v 0.045224 0.311564 3.497593
v 0.045224 0.242098 3.474798
v 0.022310 0.242098 3.474798
v 0.045224 0.171828 3.475576
v 0.045224 0.242358 3.498359
v 0.045224 0.172089 3.499137
v 0.045224 0.242619 3.521920
v 0.045224 0.311825 3.521154
v 0.045224 0.172350 3.522698
v 0.045224 0.242880 3.545482
v 0.045224 0.172610 3.546260
v 0.045224 0.243141 3.569042
v 0.045224 0.312086 3.544716
v 0.045224 0.312347 3.568276
v 0.022310 0.312347 3.568276
v 0.045224 0.381552 3.567510
v 0.022310 0.243141 3.569042
v 0.022310 0.172871 3.569820
v -0.000605 0.243141 3.569042
v -0.000605 0.172871 3.569820
v -0.023519 0.172871 3.569820
v -0.000605 0.172610 3.546260
v 0.022310 0.172610 3.546260
v -0.000605 0.172350 3.522698
v -0.023519 0.172610 3.546260
v -0.023519 0.172350 3.522698
v -0.023519 0.172089 3.499137
v -0.000605 0.172089 3.499137
v -0.023520 0.171828 3.475576
v -0.046434 0.171828 3.475576
v -0.023519 0.242098 3.474798
v -0.000605 0.171828 3.475576
v 0.022310 0.171828 3.475576
v -0.000605 0.242098 3.474798
v 0.022310 0.172089 3.499137
v 0.022310 0.172350 3.522698
v 0.045224 0.172871 3.569820
v -0.035612 0.204341 3.560254
v -0.018109 0.204341 3.560254
v -0.035612 0.203145 3.452174
v -0.035612 0.221655 3.560062
v -0.018109 0.221655 3.560062
v -0.035612 0.220459 3.451982
v -0.035612 0.238968 3.559870
v -0.035612 0.237772 3.451791
v -0.035612 0.256282 3.559679
v -0.018109 0.238968 3.559870
v -0.000605 0.238968 3.559870
v -0.018109 0.256282 3.559679
v -0.018109 0.273595 3.559487
v -0.000605 0.256282 3.559679
v -0.000605 0.273595 3.559487
v 0.016898 0.256282 3.559679
v 0.016898 0.273595 3.559487
v 0.016898 0.238968 3.559870
v 0.034402 0.256282 3.559679
v 0.034402 0.273595 3.559487
v 0.034402 0.255085 3.451599
v 0.034402 0.238968 3.559870
v 0.034402 0.237772 3.451791
v 0.034402 0.221655 3.560062
v 0.034402 0.220459 3.451982
v 0.034402 0.204341 3.560254
v 0.016898 0.221655 3.560062
v -0.000605 0.221655 3.560062
v 0.016898 0.204341 3.560254
v 0.016898 0.203145 3.452174
v -0.000605 0.204341 3.560254
v -0.000605 0.203145 3.452174
v -0.000605 0.201930 3.342405
v -0.018109 0.203145 3.452174
v -0.018109 0.201930 3.342405
v -0.018109 0.200715 3.232636
v -0.035612 0.201930 3.342405
v -0.035612 0.219244 3.342214
v -0.035612 0.200715 3.232636
v -0.035612 0.199481 3.121179
v -0.035612 0.218029 3.232445
v -0.035612 0.216795 3.120988
v -0.035612 0.235342 3.232253
v -0.035612 0.236557 3.342022
v -0.035612 0.234108 3.120796
v -0.035612 0.252655 3.232061
v -0.035612 0.251422 3.120604
v -0.035612 0.269968 3.231870
v -0.035612 0.253870 3.341830
v -0.035612 0.255085 3.451599
v -0.035612 0.271183 3.341639
v -0.018109 0.271183 3.341639
v -0.035612 0.272398 3.451408
v -0.035612 0.273595 3.559487
v -0.018109 0.272398 3.451408
v -0.000605 0.272398 3.451408
v -0.000605 0.271183 3.341639
v 0.016898 0.272398 3.451408
v 0.016898 0.271183 3.341639
v 0.034402 0.272398 3.451408
v 0.034402 0.271183 3.341639
v 0.034402 0.253870 3.341830
v 0.034402 0.269968 3.231870
v 0.016898 0.269968 3.231870
v 0.034402 0.268735 3.120413
v 0.034402 0.252655 3.232061
v 0.034402 0.251422 3.120604
v 0.034402 0.235342 3.232253
v 0.034402 0.236557 3.342022
v 0.034402 0.234108 3.120796
v 0.034402 0.218029 3.232445
v 0.034402 0.216795 3.120988
v 0.034402 0.200715 3.232636
v 0.034402 0.219244 3.342214
v 0.034402 0.201930 3.342405
v 0.016898 0.201930 3.342405
v 0.034402 0.203145 3.452174
v 0.016898 0.200715 3.232636
v 0.016898 0.199481 3.121179
v -0.000605 0.200715 3.232636
v -0.000605 0.199481 3.121179
v -0.018109 0.199481 3.121179
v -0.000605 0.216795 3.120988
v 0.016898 0.216795 3.120988
v -0.000605 0.234108 3.120796
v -0.018109 0.216795 3.120988
v -0.018109 0.234108 3.120796
v -0.018109 0.251422 3.120604
v -0.000605 0.251422 3.120604
v -0.018109 0.268735 3.120413
v -0.035612 0.268735 3.120413
v -0.018109 0.269968 3.231870
v -0.000605 0.268735 3.120413
v 0.016898 0.268735 3.120413
v -0.000605 0.269968 3.231870
v 0.016898 0.251422 3.120604
v 0.016898 0.234108 3.120796
v 0.034402 0.199481 3.121179
v 0.085524 0.246070 3.128685
v 0.083475 0.225267 3.128916
v 0.103804 0.264920 3.128477
v 0.085524 0.245904 3.113702
v 0.103804 0.264754 3.113493
v 0.083475 0.225101 3.113932
v 0.097736 0.203145 3.114176
v 0.097736 0.203310 3.129158
v 0.087881 0.184710 3.114379
v 0.061689 0.184590 3.114381
v 0.087881 0.184876 3.129363
v 0.061689 0.184756 3.129364
v 0.045530 0.171495 3.129511
v 0.040024 0.145602 3.129797
v 0.045530 0.171329 3.114528
v 0.021787 0.210789 3.114091
v 0.040024 0.145436 3.114814
v 0.020019 0.139368 3.114882
v 0.001265 0.157582 3.114680
v 0.020019 0.139534 3.129864
v 0.001266 0.157748 3.129663
v -0.019539 0.159797 3.129640
v -0.019539 0.159631 3.114657
v -0.041594 0.145602 3.129797
v -0.060030 0.155456 3.129688
v -0.041594 0.145436 3.114814
v -0.060030 0.155290 3.114705
v -0.060470 0.181416 3.114416
v -0.073731 0.197575 3.114237
v -0.060470 0.181582 3.129399
v -0.073731 0.197741 3.129220
v -0.099306 0.203310 3.129158
v -0.105374 0.223314 3.128937
v -0.099306 0.203145 3.114176
v -0.105374 0.223148 3.113954
v -0.087236 0.242001 3.113745
v -0.085187 0.262804 3.113515
v -0.087236 0.242167 3.128728
v -0.085187 0.262970 3.128498
v -0.099306 0.284923 3.128255
v -0.089451 0.303358 3.128051
v -0.099306 0.284758 3.113272
v -0.089451 0.303192 3.113068
v -0.063334 0.303768 3.113062
v -0.047174 0.317030 3.112915
v -0.063334 0.303934 3.128045
v -0.047174 0.317195 3.127898
v -0.041594 0.342632 3.127616
v -0.021589 0.348700 3.127549
v -0.041594 0.342466 3.112633
v -0.021589 0.348534 3.112566
v -0.002381 0.330226 3.112769
v 0.018423 0.328177 3.112792
v -0.002381 0.330392 3.127752
v 0.018423 0.328343 3.127775
v -0.000785 0.284263 3.128263
v 0.007048 0.283493 3.128271
v -0.008618 0.283493 3.128271
v -0.000785 0.284098 3.113279
v 0.007048 0.283327 3.113288
v -0.008618 0.283327 3.113288
v -0.016149 0.281042 3.113313
v -0.023091 0.277332 3.113354
v -0.016149 0.281208 3.128296
v -0.023091 0.277498 3.128337
v -0.029175 0.272505 3.128393
v -0.034168 0.266422 3.128460
v -0.029175 0.272339 3.113410
v -0.034168 0.266256 3.113477
v -0.037878 0.259314 3.113554
v -0.040163 0.251784 3.113637
v -0.037878 0.259480 3.128537
v -0.040163 0.251949 3.128620
v -0.040934 0.244117 3.128707
v -0.040163 0.236284 3.128794
v -0.040934 0.243951 3.113724
v -0.040163 0.236119 3.113811
v -0.037878 0.228588 3.113894
v -0.034168 0.221646 3.113971
v -0.037878 0.228754 3.128877
v -0.034168 0.221812 3.128954
v -0.029175 0.215729 3.129021
v -0.023091 0.210736 3.129076
v -0.029175 0.215563 3.114038
v -0.023091 0.210570 3.114093
v -0.016149 0.206860 3.114134
v -0.008618 0.204575 3.114160
v -0.016149 0.207026 3.129117
v -0.008618 0.204741 3.129143
v -0.000785 0.203970 3.129151
v 0.007048 0.204741 3.129143
v -0.000785 0.203805 3.114168
v 0.007048 0.204575 3.114160
v 0.014579 0.206860 3.114134
v 0.021521 0.210570 3.114093
v 0.014579 0.207026 3.129117
v 0.021521 0.210736 3.129076
v 0.027605 0.215729 3.129021
v 0.032598 0.221812 3.128954
v 0.027605 0.215563 3.114038
v 0.032598 0.221646 3.113971
v 0.036308 0.228588 3.113894
v 0.036308 0.228754 3.128877
v 0.038593 0.236119 3.113811
v 0.038593 0.236284 3.128794
v 0.039364 0.243951 3.113724
v 0.038593 0.251784 3.113637
v 0.039364 0.244117 3.128707
v 0.038593 0.251949 3.128620
v 0.036308 0.259480 3.128537
v 0.036308 0.259314 3.113554
v 0.032598 0.266422 3.128460
v 0.027605 0.272505 3.128393
v 0.032598 0.266256 3.113477
v 0.027605 0.272339 3.113410
v 0.021521 0.277332 3.113354
v 0.014579 0.281042 3.113313
v 0.021521 0.277498 3.128337
v 0.014579 0.281208 3.128296
v 0.040024 0.342632 3.127616
v 0.058460 0.332778 3.127726
v 0.040024 0.342466 3.112633
v 0.058460 0.332612 3.112742
v 0.058798 0.306748 3.113029
v 0.072059 0.290589 3.113208
v 0.058798 0.306914 3.128012
v 0.072059 0.290755 3.128191
v 0.097736 0.284923 3.128255
v 0.097736 0.284758 3.113272
v 0.085704 0.252711 3.568686
v 0.083655 0.231908 3.568916
v 0.103984 0.271561 3.568477
v 0.085704 0.252545 3.553703
v 0.103984 0.271395 3.553494
v 0.083655 0.231742 3.553933
v 0.097916 0.209786 3.554176
v 0.097916 0.209951 3.569160
v 0.088061 0.191351 3.554380
v 0.061869 0.191231 3.554382
v 0.088061 0.191517 3.569364
v 0.061869 0.191396 3.569365
v 0.045710 0.178136 3.569512
v 0.040204 0.152243 3.569798
v 0.045710 0.177970 3.554528
v 0.021967 0.217430 3.554092
v 0.040204 0.152077 3.554815
v 0.020199 0.146009 3.554882
v 0.020199 0.146175 3.569865
v 0.001446 0.164223 3.554681
v 0.001446 0.164389 3.569664
v -0.019359 0.166272 3.554658
v -0.008438 0.211216 3.554161
v -0.041414 0.152077 3.554815
v -0.019359 0.166438 3.569641
v -0.041414 0.152243 3.569798
v -0.059850 0.162097 3.569689
v -0.060290 0.188223 3.569400
v -0.059850 0.161931 3.554706
v -0.060290 0.188057 3.554417
v -0.073551 0.204216 3.554238
v -0.099126 0.209786 3.554176
v -0.073551 0.204382 3.569221
v -0.099126 0.209951 3.569160
v -0.105194 0.229955 3.568938
v -0.087056 0.248808 3.568729
v -0.105194 0.229789 3.553955
v -0.087056 0.248642 3.553746
v -0.085007 0.269445 3.553516
v -0.099126 0.291399 3.553273
v -0.085007 0.269611 3.568499
v -0.099126 0.291564 3.568256
v -0.089271 0.309999 3.568052
v -0.063154 0.310575 3.568046
v -0.089271 0.309833 3.553069
v -0.063154 0.310409 3.553062
v -0.046994 0.323671 3.552916
v -0.041414 0.349107 3.552634
v -0.046994 0.323836 3.567899
v -0.041414 0.349273 3.567617
v -0.021409 0.355340 3.567550
v -0.002201 0.337033 3.567753
v -0.021409 0.355175 3.552567
v -0.002201 0.336867 3.552770
v 0.018603 0.334818 3.552792
v 0.040204 0.349107 3.552634
v 0.018603 0.334984 3.567775
v 0.040204 0.349273 3.567617
v 0.058640 0.339418 3.567726
v 0.058978 0.313555 3.568013
v 0.058640 0.339253 3.552743
v 0.058978 0.313389 3.553030
v 0.072239 0.297230 3.553208
v 0.097916 0.291399 3.553273
v 0.072239 0.297396 3.568192
v 0.097916 0.291564 3.568256
v -0.000605 0.290904 3.568263
v -0.008438 0.290133 3.568272
v -0.000605 0.290739 3.553280
v 0.007228 0.290133 3.568272
v 0.014759 0.287849 3.568297
v 0.007228 0.289968 3.553289
v 0.014759 0.287683 3.553314
v 0.021701 0.283973 3.553355
v 0.027785 0.278980 3.553411
v 0.021701 0.284139 3.568338
v 0.027785 0.279146 3.568393
v 0.032778 0.273063 3.568461
v 0.036488 0.266121 3.568538
v 0.032778 0.272897 3.553478
v 0.036488 0.265955 3.553555
v 0.038773 0.258425 3.553638
v 0.039544 0.250592 3.553725
v 0.038773 0.258590 3.568621
v 0.039544 0.250758 3.568708
v 0.038773 0.242925 3.568794
v 0.036488 0.235395 3.568878
v 0.038773 0.242760 3.553811
v 0.036488 0.235229 3.553895
v 0.032778 0.228287 3.553972
v 0.027785 0.222204 3.554039
v 0.032778 0.228453 3.568955
v 0.027785 0.222370 3.569022
v 0.021701 0.217377 3.569077
v 0.021701 0.217211 3.554094
v 0.014759 0.213667 3.569118
v 0.014759 0.213501 3.554135
v 0.007228 0.211382 3.569144
v -0.000605 0.210611 3.569152
v 0.007228 0.211216 3.554161
v -0.000605 0.210445 3.554169
v -0.008438 0.211382 3.569144
v -0.015969 0.213667 3.569118
v -0.015969 0.213501 3.554135
v -0.022911 0.217377 3.569077
v -0.028995 0.222370 3.569022
v -0.022911 0.217211 3.554094
v -0.028995 0.222204 3.554039
v -0.033988 0.228287 3.553972
v -0.037698 0.235229 3.553895
v -0.033988 0.228453 3.568955
v -0.037698 0.235395 3.568878
v -0.039983 0.242925 3.568794
v -0.040754 0.250758 3.568708
v -0.039983 0.242760 3.553811
v -0.040754 0.250592 3.553725
v -0.039983 0.258425 3.553638
v -0.037698 0.265955 3.553555
v -0.039983 0.258590 3.568621
v -0.037698 0.266121 3.568538
v -0.033988 0.273063 3.568461
v -0.028995 0.279146 3.568393
v -0.033988 0.272897 3.553478
v -0.028995 0.278980 3.553411
v -0.022911 0.283973 3.553355
v -0.015969 0.287683 3.553314
v -0.022911 0.284139 3.568338
v -0.015969 0.287849 3.568297
v -0.008438 0.289968 3.553289
v -0.046434 0.446326 3.206756
v -0.023520 0.446326 3.206756
v -0.046434 0.378185 3.207510
v -0.046434 0.446065 3.183196
v -0.023520 0.446065 3.183196
v -0.046434 0.377925 3.183950
v -0.046434 0.445804 3.159634
v -0.046434 0.377664 3.160388
v -0.046434 0.445543 3.136072
v -0.023520 0.445804 3.159634
v -0.000605 0.445804 3.159634
v -0.023520 0.445543 3.136072
v -0.000605 0.445543 3.136072
v -0.023520 0.445282 3.112512
v -0.046434 0.445282 3.112512
v -0.023520 0.377142 3.113266
v -0.000605 0.445282 3.112512
v -0.000605 0.377142 3.113266
v 0.022310 0.445282 3.112512
v 0.022309 0.377142 3.113266
v 0.045224 0.445282 3.112512
v 0.022310 0.445543 3.136072
v 0.022309 0.445804 3.159634
v 0.045224 0.445543 3.136072
v 0.045224 0.377403 3.136827
v 0.045224 0.445804 3.159634
v 0.045224 0.377664 3.160388
v 0.045224 0.446065 3.183196
v 0.045224 0.377925 3.183950
v 0.045224 0.446326 3.206756
v 0.022309 0.446065 3.183196
v -0.000605 0.446065 3.183196
v 0.022310 0.446326 3.206756
v 0.022310 0.378185 3.207510
v -0.000605 0.446326 3.206756
v -0.000605 0.378185 3.207510
v -0.000605 0.308980 3.208276
v -0.023520 0.378185 3.207510
v -0.023520 0.308980 3.208276
v -0.046434 0.308980 3.208276
v -0.023520 0.239774 3.209042
v -0.000605 0.239774 3.209042
v -0.046434 0.239774 3.209042
v -0.023520 0.169504 3.209820
v -0.000605 0.169504 3.209820
v -0.046434 0.169504 3.209820
v -0.023520 0.169243 3.186260
v -0.046434 0.169243 3.186260
v -0.023520 0.168983 3.162698
v -0.000605 0.169243 3.186260
v 0.022309 0.169243 3.186260
v -0.000605 0.168983 3.162698
v -0.000605 0.168722 3.139137
v 0.022310 0.168983 3.162698
v 0.045224 0.168983 3.162698
v 0.022310 0.168722 3.139137
v 0.045224 0.168722 3.139137
v 0.022310 0.168461 3.115576
v -0.000605 0.168461 3.115576
v 0.022309 0.238731 3.114798
v 0.045224 0.168461 3.115576
v 0.045224 0.238731 3.114798
v 0.045224 0.238991 3.138359
v 0.045224 0.307936 3.114032
v 0.045224 0.308197 3.137593
v 0.022309 0.307936 3.114032
v 0.045224 0.377142 3.113266
v -0.000605 0.307936 3.114032
v -0.023520 0.307936 3.114032
v -0.000605 0.238731 3.114798
v -0.023520 0.238731 3.114798
v -0.046434 0.238731 3.114798
v -0.023520 0.168461 3.115576
v -0.046434 0.168461 3.115576
v -0.023520 0.168722 3.139137
v -0.046434 0.168722 3.139137
v -0.046434 0.168983 3.162698
v -0.046434 0.238991 3.138359
v -0.046434 0.308197 3.137593
v -0.046434 0.239252 3.161920
v -0.046434 0.239513 3.185482
v -0.046434 0.308458 3.161154
v -0.046434 0.308719 3.184716
v -0.046434 0.377403 3.136827
v -0.046434 0.307936 3.114032
v -0.046434 0.377142 3.113266
v 0.045224 0.308458 3.161154
v 0.045224 0.308719 3.184716
v 0.045224 0.239252 3.161920
v 0.045224 0.239513 3.185482
v 0.045224 0.169243 3.186260
v 0.045224 0.239774 3.209042
v 0.045224 0.169504 3.209820
v 0.022310 0.239774 3.209042
v 0.045224 0.308980 3.208276
v 0.045224 0.378185 3.207510
v 0.022310 0.308980 3.208276
v 0.022309 0.169504 3.209820
v 0.234216 0.228415 3.341160
v 0.227924 0.228415 3.304955
v 0.232207 0.197765 3.341160
v 0.227924 0.228415 3.377365
v 0.232207 0.259065 3.341160
v 0.226215 0.289191 3.341160
v 0.225969 0.258244 3.304955
v 0.225969 0.258244 3.377365
v 0.208926 0.256000 3.403869
v 0.220137 0.287563 3.377365
v 0.203533 0.283114 3.403869
v 0.210528 0.315870 3.377365
v 0.194647 0.309291 3.403869
v 0.197307 0.342680 3.377365
v 0.216342 0.318278 3.341160
v 0.202756 0.345826 3.341160
v 0.210528 0.315870 3.304955
v 0.197307 0.342680 3.304955
v 0.194647 0.309291 3.278451
v 0.220137 0.287563 3.304955
v 0.203533 0.283114 3.278451
v 0.180851 0.277036 3.268750
v 0.208926 0.256000 3.278451
v 0.185645 0.252935 3.268750
v 0.210734 0.228415 3.278451
v 0.208926 0.200830 3.278451
v 0.187252 0.228415 3.268750
v 0.185645 0.203895 3.268750
v 0.163770 0.228415 3.278451
v 0.162364 0.206960 3.278451
v 0.146580 0.228415 3.304955
v 0.162364 0.249870 3.278451
v 0.158169 0.270958 3.278451
v 0.145320 0.247627 3.304955
v 0.141564 0.266509 3.304955
v 0.139082 0.246805 3.341160
v 0.135487 0.264881 3.341160
v 0.145320 0.247627 3.377365
v 0.140288 0.228415 3.341160
v 0.139082 0.210025 3.341160
v 0.146580 0.228415 3.377365
v 0.145320 0.209204 3.377365
v 0.163770 0.228415 3.403869
v 0.162364 0.206960 3.403869
v 0.187252 0.228415 3.413570
v 0.162364 0.249870 3.403869
v 0.158169 0.270958 3.403869
v 0.185645 0.252935 3.413570
v 0.180851 0.277036 3.413570
v 0.172952 0.300305 3.413570
v 0.151257 0.291319 3.403869
v 0.162084 0.322344 3.413570
v 0.141748 0.310603 3.403869
v 0.148432 0.342775 3.413570
v 0.182420 0.334085 3.403869
v 0.167062 0.357070 3.403869
v 0.148834 0.377855 3.403869
v 0.180699 0.367535 3.377365
v 0.160989 0.390010 3.377365
v 0.185691 0.371365 3.341160
v 0.165439 0.394459 3.341160
v 0.180699 0.367535 3.304955
v 0.160989 0.390010 3.304955
v 0.167062 0.357070 3.278451
v 0.148834 0.377855 3.278451
v 0.148432 0.342775 3.268750
v 0.182420 0.334085 3.278451
v 0.162084 0.322344 3.268750
v 0.141748 0.310603 3.278451
v 0.172952 0.300305 3.268750
v 0.151257 0.291319 3.278451
v 0.135376 0.284740 3.304955
v 0.126861 0.302008 3.304955
v 0.129563 0.282333 3.341160
v 0.121412 0.298862 3.341160
v 0.135376 0.284740 3.377365
v 0.126861 0.302008 3.377365
v 0.141564 0.266509 3.377365
v 0.116164 0.318016 3.377365
v 0.111173 0.314185 3.341160
v 0.103470 0.332491 3.377365
v 0.129802 0.328480 3.403869
v 0.115625 0.344646 3.403869
v 0.099460 0.358823 3.403869
v 0.132230 0.361250 3.413570
v 0.113755 0.377452 3.413570
v 0.093323 0.391104 3.413570
v 0.128050 0.396082 3.403869
v 0.105064 0.411441 3.403869
v 0.138515 0.409720 3.377365
v 0.113659 0.426328 3.377365
v 0.142345 0.414712 3.341160
v 0.116805 0.431777 3.341160
v 0.138515 0.409720 3.304955
v 0.113659 0.426328 3.304955
v 0.128050 0.396082 3.278451
v 0.105064 0.411441 3.278451
v 0.113755 0.377452 3.268750
v 0.093323 0.391104 3.268750
v 0.099460 0.358823 3.278451
v 0.132230 0.361250 3.268750
v 0.115625 0.344646 3.278451
v 0.103470 0.332491 3.304955
v 0.129802 0.328480 3.278451
v 0.116164 0.318016 3.304955
v 0.088995 0.345185 3.304955
v 0.099021 0.328042 3.341160
v 0.085165 0.340193 3.341160
v 0.069841 0.350432 3.341160
v 0.088995 0.345185 3.377365
v 0.072987 0.355881 3.377365
v 0.055720 0.364396 3.377365
v 0.081582 0.370768 3.403869
v 0.062298 0.380278 3.403869
v 0.041938 0.387189 3.403869
v 0.071285 0.401973 3.413570
v 0.048016 0.409871 3.413570
v 0.080271 0.423667 3.403869
v 0.054093 0.432553 3.403869
v 0.086849 0.439549 3.377365
v 0.058542 0.449158 3.377365
v 0.089257 0.445362 3.341160
v 0.060171 0.455236 3.341160
v 0.086849 0.439549 3.304955
v 0.058542 0.449158 3.304955
v 0.080271 0.423667 3.278451
v 0.054093 0.432553 3.278451
v 0.071285 0.401973 3.268750
v 0.048016 0.409871 3.268750
v 0.062298 0.380278 3.278451
v 0.041938 0.387189 3.278451
v 0.055720 0.364396 3.304955
v 0.081582 0.370768 3.278451
v 0.072987 0.355881 3.304955
v 0.037489 0.370585 3.304955
v 0.053312 0.358583 3.341160
v 0.035860 0.364507 3.341160
v 0.017785 0.368103 3.341160
v 0.037489 0.370585 3.377365
v 0.018606 0.374341 3.377365
v -0.000605 0.375600 3.377365
v 0.020850 0.391384 3.403869
v -0.000605 0.392790 3.403869
v 0.023915 0.414665 3.413570
v -0.000605 0.416272 3.413570
v 0.026980 0.437947 3.403869
v -0.000605 0.439755 3.403869
v 0.029224 0.454990 3.377365
v -0.000605 0.456945 3.377365
v 0.030045 0.461228 3.341160
v -0.000605 0.463237 3.341160
v 0.029224 0.454990 3.304955
v -0.000605 0.456945 3.304955
v 0.026980 0.437947 3.278451
v -0.000605 0.439755 3.278451
v 0.023915 0.414665 3.268750
v -0.000605 0.416272 3.268750
v 0.020850 0.391384 3.278451
v -0.000605 0.392790 3.278451
v 0.018606 0.374341 3.304955
v -0.000605 0.375600 3.304955
v -0.019817 0.374341 3.304955
v -0.000605 0.369308 3.341160
v -0.018996 0.368103 3.341160
v -0.037071 0.364507 3.341160
v -0.019817 0.374341 3.377365
v -0.038700 0.370585 3.377365
v -0.022061 0.391384 3.403869
v -0.043149 0.387189 3.403869
v -0.025126 0.414665 3.413570
v -0.049227 0.409871 3.413570
v -0.028191 0.437947 3.403869
v -0.055304 0.432553 3.403869
v -0.030435 0.454990 3.377365
v -0.059753 0.449158 3.377365
v -0.031256 0.461228 3.341160
v -0.061382 0.455235 3.341160
v -0.030435 0.454990 3.304955
v -0.059753 0.449158 3.304955
v -0.028191 0.437947 3.278451
v -0.055304 0.432553 3.278451
v -0.025126 0.414665 3.268750
v -0.049227 0.409871 3.268750
v -0.022061 0.391384 3.278451
v -0.043149 0.387189 3.278451
v -0.063509 0.380278 3.278451
v -0.038700 0.370585 3.304955
v -0.056931 0.364396 3.304955
v -0.074198 0.355881 3.304955
v -0.054523 0.358583 3.341160
v -0.071052 0.350432 3.341160
v -0.056931 0.364396 3.377365
v -0.074198 0.355881 3.377365
v -0.063509 0.380278 3.403869
v -0.082793 0.370768 3.403869
v -0.072495 0.401973 3.413570
v -0.094534 0.391104 3.413570
v -0.081482 0.423667 3.403869
v -0.106275 0.411441 3.403869
v -0.088060 0.439549 3.377365
v -0.114870 0.426328 3.377365
v -0.090468 0.445362 3.341160
v -0.118016 0.431777 3.341160
v -0.088060 0.439549 3.304955
v -0.114870 0.426328 3.304955
v -0.081482 0.423667 3.278451
v -0.106275 0.411441 3.278451
v -0.072495 0.401973 3.268750
v -0.094534 0.391104 3.268750
v -0.114966 0.377452 3.268750
v -0.082793 0.370768 3.278451
v -0.100671 0.358823 3.278451
v -0.116836 0.344646 3.278451
v -0.090206 0.345185 3.304955
v -0.104681 0.332491 3.304955
v -0.086376 0.340193 3.341160
v -0.100232 0.328041 3.341160
v -0.090206 0.345185 3.377365
v -0.104681 0.332491 3.377365
v -0.100671 0.358823 3.403869
v -0.116836 0.344646 3.403869
v -0.114966 0.377452 3.413570
v -0.133441 0.361250 3.413570
v -0.129261 0.396082 3.403869
v -0.150045 0.377855 3.403869
v -0.139726 0.409720 3.377365
v -0.162200 0.390010 3.377365
v -0.143556 0.414712 3.341160
v -0.166649 0.394459 3.341160
v -0.139726 0.409720 3.304955
v -0.162200 0.390010 3.304955
v -0.129261 0.396082 3.278451
v -0.150045 0.377855 3.278451
v -0.168272 0.357070 3.278451
v -0.133441 0.361250 3.268750
v -0.149643 0.342775 3.268750
v -0.163295 0.322344 3.268750
v -0.131013 0.328480 3.278451
v -0.142959 0.310603 3.278451
v -0.117375 0.318016 3.304955
v -0.128071 0.302008 3.304955
v -0.112383 0.314185 3.341160
v -0.122622 0.298862 3.341160
v -0.117375 0.318016 3.377365
v -0.128071 0.302008 3.377365
v -0.131013 0.328480 3.403869
v -0.142958 0.310603 3.403869
v -0.149643 0.342775 3.413570
v -0.163295 0.322344 3.413570
v -0.168272 0.357070 3.403869
v -0.183631 0.334085 3.403869
v -0.181910 0.367535 3.377365
v -0.198518 0.342680 3.377365
v -0.186902 0.371365 3.341160
v -0.203967 0.345826 3.341160
v -0.181910 0.367535 3.304955
v -0.198518 0.342680 3.304955
v -0.211739 0.315870 3.304955
v -0.183631 0.334085 3.278451
v -0.195858 0.309291 3.278451
v -0.204744 0.283114 3.278451
v -0.174163 0.300305 3.268750
v -0.182062 0.277036 3.268750
v -0.152468 0.291319 3.278451
v -0.159380 0.270958 3.278451
v -0.136587 0.284740 3.304955
v -0.142775 0.266509 3.304955
v -0.130774 0.282332 3.341160
v -0.136698 0.264881 3.341160
v -0.136587 0.284740 3.377365
v -0.142775 0.266509 3.377365
v -0.152468 0.291319 3.403869
v -0.159380 0.270958 3.403869
v -0.174163 0.300305 3.413570
v -0.182062 0.277036 3.413570
v -0.195858 0.309291 3.403869
v -0.204744 0.283114 3.403869
v -0.211739 0.315870 3.377365
v -0.221348 0.287563 3.377365
v -0.217552 0.318277 3.341160
v -0.227426 0.289191 3.341160
v -0.233418 0.259066 3.341160
v -0.221348 0.287563 3.304955
v -0.227180 0.258244 3.304955
v -0.229135 0.228415 3.304955
v -0.210137 0.256000 3.278451
v -0.211945 0.228415 3.278451
v -0.186856 0.252935 3.268750
v -0.188463 0.228415 3.268750
v -0.163574 0.249870 3.278451
v -0.164981 0.228415 3.278451
v -0.146531 0.247627 3.304955
v -0.147790 0.228415 3.304955
v -0.140293 0.246805 3.341160
v -0.141498 0.228415 3.341160
v -0.146531 0.247627 3.377365
v -0.147790 0.228415 3.377365
v -0.163574 0.249870 3.403869
v -0.164981 0.228415 3.403869
v -0.186856 0.252935 3.413570
v -0.188463 0.228415 3.413570
v -0.210137 0.256000 3.403869
v -0.211945 0.228415 3.403869
v -0.227180 0.258244 3.377365
v -0.229135 0.228415 3.377365
v -0.227180 0.198586 3.377365
v -0.235427 0.228415 3.341160
v -0.233418 0.197765 3.341160
v -0.227426 0.167639 3.341160
v -0.227180 0.198586 3.304955
v -0.221348 0.169267 3.304955
v -0.210137 0.200830 3.278451
v -0.204744 0.173716 3.278451
v -0.186856 0.203895 3.268750
v -0.182062 0.179794 3.268750
v -0.163574 0.206960 3.278451
v -0.159380 0.185872 3.278451
v -0.146531 0.209204 3.304955
v -0.142775 0.190321 3.304955
v -0.140293 0.210025 3.341160
v -0.136698 0.191949 3.341160
v -0.146531 0.209204 3.377365
v -0.142775 0.190321 3.377365
v -0.163574 0.206960 3.403869
v -0.159380 0.185872 3.403869
v -0.186856 0.203895 3.413570
v -0.182062 0.179794 3.413570
v -0.210137 0.200830 3.403869
v -0.204744 0.173716 3.403869
v -0.195858 0.147539 3.403869
v -0.221348 0.169267 3.377365
v -0.211739 0.140961 3.377365
v -0.198518 0.114150 3.377365
v -0.217552 0.138553 3.341160
v -0.203967 0.111004 3.341160
v -0.211739 0.140961 3.304955
v -0.198518 0.114150 3.304955
v -0.195858 0.147539 3.278451
v -0.183631 0.122745 3.278451
v -0.174163 0.156525 3.268750
v -0.163295 0.134486 3.268750
v -0.152468 0.165511 3.278451
v -0.142958 0.146227 3.278451
v -0.136587 0.172090 3.304955
v -0.128071 0.154823 3.304955
v -0.130774 0.174498 3.341160
v -0.122622 0.157968 3.341160
v -0.136587 0.172090 3.377365
v -0.128071 0.154822 3.377365
v -0.152468 0.165511 3.403869
v -0.142958 0.146227 3.403869
v -0.174163 0.156525 3.413570
v -0.163295 0.134486 3.413570
v -0.149643 0.114055 3.413570
v -0.183631 0.122745 3.403869
v -0.168272 0.099760 3.403869
v -0.150045 0.078975 3.403869
v -0.181910 0.089295 3.377365
v -0.162200 0.066820 3.377365
v -0.186902 0.085465 3.341160
v -0.166649 0.062371 3.341160
v -0.181910 0.089295 3.304955
v -0.162200 0.066820 3.304955
v -0.168272 0.099760 3.278451
v -0.150045 0.078975 3.278451
v -0.149643 0.114055 3.268750
v -0.133441 0.095580 3.268750
v -0.131013 0.128350 3.278451
v -0.116836 0.112184 3.278451
v -0.117375 0.138814 3.304955
v -0.104681 0.124340 3.304955
v -0.112383 0.142645 3.341160
v -0.100232 0.128789 3.341160
v -0.117375 0.138815 3.377365
v -0.104681 0.124339 3.377365
v -0.131013 0.128350 3.403869
v -0.116836 0.112184 3.403869
v -0.100671 0.098007 3.403869
v -0.133441 0.095580 3.413570
v -0.114966 0.079378 3.413570
v -0.094534 0.065726 3.413570
v -0.129261 0.060748 3.403869
v -0.106275 0.045390 3.403869
v -0.139725 0.047110 3.377365
v -0.114870 0.030502 3.377365
v -0.143556 0.042118 3.341160
v -0.118016 0.025053 3.341160
v -0.139725 0.047110 3.304955
v -0.114870 0.030502 3.304955
v -0.129261 0.060748 3.278451
v -0.106275 0.045390 3.278451
v -0.114966 0.079378 3.268750
v -0.094534 0.065726 3.268750
v -0.100671 0.098007 3.278451
v -0.082793 0.086062 3.278451
v -0.090206 0.111645 3.304955
v -0.074198 0.100949 3.304955
v -0.086376 0.116637 3.341160
v -0.071052 0.106398 3.341160
v -0.090206 0.111645 3.377365
v -0.074198 0.100949 3.377365
v -0.056931 0.092434 3.377365
v -0.082793 0.086062 3.403869
v -0.063509 0.076552 3.403869
v -0.043149 0.069641 3.403869
v -0.072495 0.054857 3.413570
v -0.049226 0.046959 3.413570
v -0.081482 0.033163 3.403869
v -0.055304 0.024277 3.403869
v -0.088060 0.017281 3.377365
v -0.059753 0.007672 3.377365
v -0.090468 0.011468 3.341160
v -0.061382 0.001595 3.341160
v -0.088060 0.017281 3.304955
v -0.059753 0.007672 3.304955
v -0.081482 0.033163 3.278451
v -0.055304 0.024277 3.278451
v -0.072495 0.054857 3.268750
v -0.049226 0.046959 3.268750
v -0.063509 0.076552 3.278451
v -0.043149 0.069641 3.278451
v -0.056931 0.092434 3.304955
v -0.038700 0.086245 3.304955
v -0.054523 0.098247 3.341160
v -0.037071 0.092323 3.341160
v -0.018996 0.088727 3.341160
v -0.038700 0.086245 3.377365
v -0.019817 0.082489 3.377365
v -0.000605 0.081230 3.377365
v -0.022061 0.065446 3.403869
v -0.000605 0.064040 3.403869
v -0.025126 0.042165 3.413570
v -0.000605 0.040558 3.413570
v -0.028191 0.018884 3.403869
v -0.000605 0.017075 3.403869
v -0.030435 0.001840 3.377365
v -0.000605 -0.000115 3.377365
v -0.031256 -0.004398 3.341160
v -0.000605 -0.006407 3.341160
v -0.030435 0.001840 3.304955
v -0.000605 -0.000115 3.304955
v -0.028191 0.018884 3.278451
v -0.000605 0.017075 3.278451
v -0.025126 0.042165 3.268750
v -0.000605 0.040558 3.268750
v -0.022061 0.065446 3.278451
v -0.000605 0.064040 3.278451
v -0.019817 0.082489 3.304955
v -0.000605 0.081230 3.304955
v 0.018606 0.082489 3.304955
v -0.000605 0.087522 3.341160
v 0.017785 0.088727 3.341160
v 0.035860 0.092323 3.341160
v 0.018606 0.082489 3.377365
v 0.037489 0.086245 3.377365
v 0.020850 0.065446 3.403869
v 0.041938 0.069641 3.403869
v 0.023915 0.042165 3.413570
v 0.048016 0.046959 3.413570
v 0.026980 0.018884 3.403869
v 0.054093 0.024277 3.403869
v 0.029224 0.001840 3.377365
v 0.058542 0.007672 3.377365
v 0.030045 -0.004398 3.341160
v 0.060171 0.001595 3.341160
v 0.029224 0.001840 3.304955
v 0.058542 0.007672 3.304955
v 0.026980 0.018884 3.278451
v 0.054093 0.024277 3.278451
v 0.023915 0.042165 3.268750
v 0.048016 0.046959 3.268750
v 0.020850 0.065446 3.278451
v 0.041938 0.069641 3.278451
v 0.062298 0.076552 3.278451
v 0.037489 0.086245 3.304955
v 0.055720 0.092434 3.304955
v 0.072987 0.100949 3.304955
v 0.053312 0.098247 3.341160
v 0.069841 0.106398 3.341160
v 0.055720 0.092434 3.377365
v 0.072987 0.100949 3.377365
v 0.062298 0.076552 3.403869
v 0.081582 0.086062 3.403869
v 0.071285 0.054857 3.413570
v 0.093323 0.065726 3.413570
v 0.080271 0.033163 3.403869
v 0.105064 0.045390 3.403869
v 0.086849 0.017281 3.377365
v 0.113659 0.030503 3.377365
v 0.089257 0.011468 3.341160
v 0.116805 0.025053 3.341160
v 0.086849 0.017281 3.304955
v 0.113659 0.030502 3.304955
v 0.080271 0.033163 3.278451
v 0.105064 0.045390 3.278451
v 0.071285 0.054857 3.268750
v 0.093323 0.065726 3.268750
v 0.113755 0.079378 3.268750
v 0.081582 0.086062 3.278451
v 0.099460 0.098007 3.278451
v 0.115625 0.112184 3.278451
v 0.088995 0.111645 3.304955
v 0.103470 0.124340 3.304955
v 0.085165 0.116637 3.341160
v 0.099021 0.128789 3.341160
v 0.088995 0.111645 3.377365
v 0.103470 0.124339 3.377365
v 0.099460 0.098007 3.403869
v 0.115625 0.112184 3.403869
v 0.113755 0.079378 3.413570
v 0.132230 0.095580 3.413570
v 0.128050 0.060748 3.403869
v 0.148834 0.078975 3.403869
v 0.138515 0.047110 3.377365
v 0.160989 0.066820 3.377365
v 0.142345 0.042118 3.341160
v 0.165439 0.062371 3.341160
v 0.138515 0.047110 3.304955
v 0.160989 0.066820 3.304955
v 0.128050 0.060748 3.278451
v 0.148834 0.078975 3.278451
v 0.167062 0.099760 3.278451
v 0.132230 0.095580 3.268750
v 0.148432 0.114055 3.268750
v 0.162084 0.134486 3.268750
v 0.129802 0.128350 3.278451
v 0.141748 0.146227 3.278451
v 0.116164 0.138815 3.304955
v 0.126861 0.154823 3.304955
v 0.111173 0.142645 3.341160
v 0.121412 0.157968 3.341160
v 0.116164 0.138815 3.377365
v 0.126861 0.154822 3.377365
v 0.129802 0.128350 3.403869
v 0.141748 0.146227 3.403869
v 0.148432 0.114055 3.413570
v 0.162084 0.134486 3.413570
v 0.167062 0.099760 3.403869
v 0.182420 0.122745 3.403869
v 0.180699 0.089295 3.377365
v 0.197307 0.114150 3.377365
v 0.185691 0.085465 3.341160
v 0.202756 0.111004 3.341160
v 0.180699 0.089295 3.304955
v 0.197307 0.114150 3.304955
v 0.210528 0.140961 3.304955
v 0.182420 0.122745 3.278451
v 0.194647 0.147539 3.278451
v 0.203533 0.173716 3.278451
v 0.172952 0.156525 3.268750
v 0.180851 0.179794 3.268750
v 0.151257 0.165511 3.278451
v 0.158169 0.185872 3.278451
v 0.135376 0.172090 3.304955
v 0.141564 0.190321 3.304955
v 0.129563 0.174498 3.341160
v 0.135487 0.191949 3.341160
v 0.135376 0.172090 3.377365
v 0.141564 0.190321 3.377365
v 0.151257 0.165511 3.403869
v 0.158169 0.185872 3.403869
v 0.172952 0.156525 3.413570
v 0.180851 0.179794 3.413570
v 0.194647 0.147539 3.403869
v 0.203533 0.173716 3.403869
v 0.210528 0.140961 3.377365
v 0.220137 0.169267 3.377365
v 0.216342 0.138553 3.341160
v 0.226215 0.167639 3.341160
v 0.220137 0.169267 3.304955
v 0.225969 0.198586 3.304955
v 0.225969 0.198586 3.377365
v 0.208926 0.200830 3.403869
v 0.185645 0.203895 3.413570
v 0.210734 0.228415 3.403869
v 0.145320 0.209204 3.304955
v 0.207518 1.121221 3.340681
v 0.207518 1.120082 3.329119
v 0.217376 1.102779 3.340681
v 0.194252 1.137386 3.340681
v 0.207518 1.120082 3.352243
v 0.217376 1.101994 3.348645
v 0.194252 1.135937 3.355396
v 0.207518 1.116710 3.363360
v 0.217376 1.099671 3.356303
v 0.194252 1.131644 3.369546
v 0.207518 1.111233 3.373606
v 0.217376 1.095899 3.363360
v 0.194252 1.124674 3.382587
v 0.207518 1.103863 3.382587
v 0.217376 1.090822 3.369546
v 0.194252 1.115293 3.394017
v 0.207518 1.094882 3.389957
v 0.217376 1.084636 3.374623
v 0.194252 1.103863 3.403398
v 0.207518 1.084636 3.395434
v 0.207518 1.073519 3.398806
v 0.217376 1.077579 3.378395
v 0.194252 1.090822 3.410368
v 0.178087 1.095899 3.422625
v 0.194252 1.076672 3.414661
v 0.178087 1.079261 3.427672
v 0.194252 1.061957 3.416110
v 0.207518 1.061957 3.399945
v 0.178087 1.061957 3.429376
v 0.194252 1.047241 3.414661
v 0.207518 1.050395 3.398806
v 0.178087 1.044653 3.427672
v 0.194252 1.033091 3.410368
v 0.207518 1.039278 3.395434
v 0.178087 1.028015 3.422625
v 0.194252 1.020051 3.403398
v 0.207518 1.029031 3.389957
v 0.178087 1.012681 3.414428
v 0.194252 1.008621 3.394017
v 0.207518 1.020051 3.382587
v 0.178087 0.999240 3.403398
v 0.194252 0.999240 3.382587
v 0.194252 0.992270 3.369546
v 0.207518 1.012681 3.373606
v 0.178087 0.988210 3.389957
v 0.159645 0.980013 3.395434
v 0.178087 0.980013 3.374623
v 0.159645 0.970906 3.378395
v 0.178087 0.974966 3.357985
v 0.194252 0.987977 3.355396
v 0.159645 0.965298 3.359908
v 0.178087 0.973262 3.340681
v 0.194252 0.986528 3.340681
v 0.159645 0.963404 3.340681
v 0.178087 0.974966 3.323377
v 0.194252 0.987977 3.325966
v 0.159645 0.965298 3.321454
v 0.178087 0.980013 3.306739
v 0.194252 0.992270 3.311816
v 0.159645 0.970906 3.302966
v 0.178087 0.988210 3.291405
v 0.194252 0.999240 3.298775
v 0.159645 0.980013 3.285928
v 0.178087 0.999240 3.277964
v 0.178087 1.012681 3.266934
v 0.194252 1.008621 3.287345
v 0.159645 0.992270 3.270994
v 0.139634 0.987977 3.266701
v 0.159645 1.007204 3.258737
v 0.139634 1.003831 3.253690
v 0.159645 1.024242 3.249630
v 0.178087 1.028015 3.258737
v 0.139634 1.021919 3.244022
v 0.159645 1.042730 3.244022
v 0.178087 1.044653 3.253690
v 0.139634 1.041546 3.238068
v 0.159645 1.061957 3.242128
v 0.178087 1.061957 3.251986
v 0.139634 1.061957 3.236058
v 0.159645 1.081184 3.244022
v 0.178087 1.079260 3.253690
v 0.139634 1.082368 3.238068
v 0.159645 1.099671 3.249630
v 0.178087 1.095899 3.258737
v 0.159645 1.116710 3.258737
v 0.139634 1.101994 3.244022
v 0.139634 1.120082 3.253690
v 0.139634 1.135937 3.266701
v 0.139634 1.148948 3.282556
v 0.159645 1.131644 3.270994
v 0.159645 1.143901 3.285928
v 0.178087 1.124674 3.277964
v 0.194252 1.115293 3.287345
v 0.178087 1.111233 3.266934
v 0.178087 1.135704 3.291405
v 0.178087 1.143901 3.306739
v 0.194252 1.124674 3.298775
v 0.207518 1.111233 3.307756
v 0.194252 1.131644 3.311816
v 0.194252 1.135937 3.325966
v 0.207518 1.116710 3.318002
v 0.217376 1.099671 3.325059
v 0.223446 1.081184 3.332717
v 0.217376 1.095899 3.318002
v 0.217376 1.101994 3.332717
v 0.223446 1.082368 3.336621
v 0.223446 1.082768 3.340681
v 0.225496 1.061957 3.340681
v 0.223446 1.069921 3.321454
v 0.223446 1.066017 3.320270
v 0.223446 1.061957 3.319870
v 0.223446 1.057897 3.320270
v 0.223446 1.053993 3.321454
v 0.223446 1.050395 3.323377
v 0.223446 1.047241 3.325966
v 0.223446 1.044653 3.329119
v 0.223446 1.042730 3.332717
v 0.223446 1.041546 3.336621
v 0.223446 1.041146 3.340681
v 0.223446 1.041546 3.344741
v 0.223446 1.042730 3.348645
v 0.223446 1.044652 3.352243
v 0.223446 1.047240 3.355396
v 0.223446 1.050395 3.357985
v 0.223446 1.053993 3.359908
v 0.223446 1.057897 3.361092
v 0.223446 1.061957 3.361492
v 0.223446 1.066017 3.361092
v 0.223446 1.069921 3.359908
v 0.223446 1.073519 3.357985
v 0.223446 1.076672 3.355396
v 0.223446 1.079260 3.352243
v 0.223446 1.081184 3.348645
v 0.223446 1.082368 3.344741
v 0.223446 1.073519 3.323377
v 0.223446 1.076672 3.325966
v 0.223446 1.079261 3.329119
v 0.217376 1.090822 3.311816
v 0.207518 1.103863 3.298775
v 0.217376 1.084636 3.306739
v 0.207518 1.094882 3.291405
v 0.217376 1.077579 3.302966
v 0.207518 1.084636 3.285928
v 0.217376 1.069921 3.300643
v 0.207518 1.073519 3.282556
v 0.217376 1.061957 3.299859
v 0.207518 1.061957 3.281417
v 0.217376 1.053993 3.300643
v 0.207518 1.050395 3.282556
v 0.217376 1.046335 3.302966
v 0.207518 1.039277 3.285928
v 0.217376 1.039277 3.306739
v 0.207518 1.029031 3.291405
v 0.217376 1.033091 3.311816
v 0.207518 1.020051 3.298775
v 0.217376 1.028015 3.318002
v 0.207518 1.012681 3.307756
v 0.217376 1.024242 3.325059
v 0.207518 1.007204 3.318002
v 0.217376 1.021919 3.332717
v 0.207518 1.003831 3.329119
v 0.217376 1.021135 3.340681
v 0.207518 1.002693 3.340681
v 0.217376 1.021919 3.348645
v 0.207518 1.003831 3.352243
v 0.217376 1.024242 3.356303
v 0.207518 1.007204 3.363360
v 0.217376 1.028015 3.363360
v 0.217376 1.033091 3.369546
v 0.217376 1.039277 3.374623
v 0.217376 1.046335 3.378395
v 0.217376 1.053993 3.380718
v 0.217376 1.061957 3.381503
v 0.217376 1.069921 3.380718
v 0.194252 1.020051 3.277964
v 0.194252 1.033091 3.270994
v 0.194252 1.047241 3.266701
v 0.194252 1.061957 3.265252
v 0.194252 1.076672 3.266701
v 0.194252 1.090822 3.270994
v 0.194252 1.103863 3.277964
v 0.178087 1.148948 3.323377
v 0.159645 1.158616 3.321454
v 0.178087 1.150652 3.340681
v 0.159645 1.160510 3.340681
v 0.178087 1.148948 3.357985
v 0.159645 1.158616 3.359908
v 0.178087 1.143900 3.374623
v 0.159645 1.153008 3.378395
v 0.178087 1.135704 3.389957
v 0.159645 1.143901 3.395434
v 0.178087 1.124674 3.403398
v 0.178087 1.111233 3.414428
v 0.159645 1.131644 3.410368
v 0.139634 1.135937 3.414661
v 0.159645 1.116710 3.422625
v 0.139634 1.120082 3.427672
v 0.159645 1.099671 3.431732
v 0.139634 1.101994 3.437340
v 0.159645 1.081184 3.437340
v 0.139634 1.082368 3.443294
v 0.159645 1.061957 3.439234
v 0.139634 1.061957 3.445304
v 0.159645 1.042730 3.437340
v 0.139634 1.041546 3.443294
v 0.159645 1.024242 3.431732
v 0.139634 1.021919 3.437340
v 0.159645 1.007204 3.422625
v 0.159645 0.992270 3.410368
v 0.139634 1.003831 3.427672
v 0.139634 0.987977 3.414661
v 0.139634 0.974966 3.398806
v 0.139634 0.965298 3.380719
v 0.139634 0.959344 3.361092
v 0.139634 0.957334 3.340681
v 0.139634 0.959344 3.320270
v 0.139634 0.965298 3.300644
v 0.139634 0.974966 3.282556
v 0.139634 1.148948 3.398806
v 0.139634 1.158616 3.380718
v 0.139634 1.164570 3.361092
v 0.139634 1.166580 3.340681
v 0.139634 1.164570 3.320270
v 0.139634 1.158616 3.300643
v 0.159645 1.153008 3.302966
v 0.124330 0.770481 2.988410
v 0.121378 0.800450 2.988410
v 0.150663 0.743326 2.988410
v 0.124330 0.770481 3.032952
v 0.150663 0.743326 3.032952
v 0.121378 0.800450 3.032952
v 0.141921 0.832081 3.032952
v 0.141921 0.832081 2.988410
v 0.127726 0.858639 3.032952
v 0.089995 0.858811 3.032952
v 0.127726 0.858639 2.988410
v 0.089995 0.858811 2.988410
v 0.066717 0.877915 2.988410
v 0.066717 0.877915 3.032952
v 0.058786 0.915216 2.988410
v 0.029969 0.923958 2.988410
v 0.058786 0.915216 3.032952
v 0.029969 0.923958 3.032952
v 0.002954 0.897718 3.032952
v -0.027015 0.894766 3.032952
v 0.002954 0.897718 2.988410
v -0.027015 0.894766 2.988410
v -0.058786 0.915216 2.988410
v -0.085344 0.901021 2.988410
v -0.058786 0.915216 3.032952
v -0.085344 0.901021 3.032952
v -0.085977 0.863383 3.032952
v -0.105081 0.840105 3.032952
v -0.085977 0.863383 2.988410
v -0.105081 0.840105 2.988410
v -0.141921 0.832081 2.988410
v -0.150663 0.803264 2.988410
v -0.141921 0.832081 3.032952
v -0.150663 0.803264 3.032952
v -0.124534 0.776103 3.032952
v -0.121583 0.746135 3.032952
v -0.124534 0.776103 2.988410
v -0.121583 0.746135 2.988410
v -0.141921 0.714509 2.988410
v -0.127726 0.687951 2.988410
v -0.141921 0.714509 3.032952
v -0.127726 0.687951 3.032952
v -0.090103 0.687121 3.032952
v -0.066825 0.668017 3.032952
v -0.090103 0.687121 2.988410
v -0.066825 0.668017 2.988410
v -0.058786 0.631374 2.988410
v -0.029969 0.622632 2.988410
v -0.058786 0.631374 3.032952
v -0.029969 0.622632 3.032952
v -0.002300 0.649007 3.032952
v 0.027669 0.651958 3.032952
v -0.002300 0.649007 2.988410
v 0.027669 0.651958 2.988410
v -0.000000 0.715459 2.988410
v 0.011283 0.716571 2.988410
v -0.011283 0.716571 2.988410
v -0.000000 0.715459 3.032952
v -0.011283 0.716571 3.032952
v 0.011283 0.716571 3.032952
v 0.022133 0.719862 3.032952
v 0.032132 0.725206 3.032952
v 0.022133 0.719862 2.988410
v 0.032132 0.725206 2.988410
v 0.040896 0.732399 2.988410
v 0.048089 0.741163 2.988410
v 0.040896 0.732399 3.032952
v 0.048088 0.741163 3.032952
v 0.053433 0.751162 3.032952
v 0.056724 0.762012 3.032952
v 0.053433 0.751162 2.988410
v 0.056724 0.762012 2.988410
v 0.057836 0.773295 2.988410
v 0.056724 0.784578 2.988410
v 0.057836 0.773295 3.032952
v 0.056724 0.784578 3.032952
v 0.053433 0.795428 3.032952
v 0.053433 0.795428 2.988410
v 0.048089 0.805427 3.032952
v 0.040896 0.814191 3.032952
v 0.048089 0.805427 2.988410
v 0.040896 0.814191 2.988410
v 0.032132 0.821383 2.988410
v 0.022133 0.826728 2.988410
v 0.032132 0.821383 3.032952
v 0.032515 0.821069 3.032952
v 0.022133 0.826728 3.032952
v 0.011283 0.830019 3.032952
v -0.000000 0.831130 3.032952
v 0.011283 0.830019 2.988410
v -0.000000 0.831130 2.988410
v -0.011283 0.830019 2.988410
v -0.022133 0.826728 2.988410
v -0.011283 0.830019 3.032952
v -0.022133 0.826728 3.032952
v -0.032132 0.821383 3.032952
v -0.040896 0.814191 3.032952
v -0.032132 0.821383 2.988410
v -0.040896 0.814191 2.988410
v -0.048088 0.805427 2.988410
v -0.053433 0.795428 2.988410
v -0.048088 0.805427 3.032952
v -0.053433 0.795428 3.032952
v -0.056724 0.784578 3.032952
v -0.057836 0.773295 3.032952
v -0.056724 0.784578 2.988410
v -0.057836 0.773295 2.988410
v -0.056724 0.762012 2.988410
v -0.053433 0.751162 2.988410
v -0.056724 0.762012 3.032952
v -0.053433 0.751162 3.032952
v -0.048088 0.741163 3.032952
v -0.040896 0.732399 3.032952
v -0.048088 0.741163 2.988410
v -0.040896 0.732399 2.988410
v -0.032132 0.725206 2.988410
v -0.022133 0.719862 2.988410
v -0.032132 0.725206 3.032952
v -0.022133 0.719862 3.032952
v 0.058786 0.631374 2.988410
v 0.085344 0.645569 2.988410
v 0.058786 0.631374 3.032952
v 0.085344 0.645569 3.032952
v 0.085830 0.682829 3.032952
v 0.104934 0.706107 3.032952
v 0.085830 0.682829 2.988410
v 0.104934 0.706107 2.988410
v 0.141921 0.714509 2.988410
v 0.141921 0.714509 3.032952
v -0.040579 0.155011 3.697393
v -0.022798 0.155011 3.689667
v -0.048305 0.316919 3.689667
v -0.048305 0.155010 3.715174
v -0.022798 0.155010 3.715174
v -0.048305 0.316919 3.715174
v -0.048305 0.155011 3.740681
v -0.048305 0.316919 3.740681
v -0.048305 0.155010 3.766188
v -0.022798 0.155011 3.740681
v 0.002709 0.155011 3.740681
v -0.022798 0.155010 3.766188
v -0.022798 0.155011 3.791695
v 0.002709 0.155010 3.766188
v 0.002709 0.155011 3.791695
v 0.028216 0.155010 3.766188
v 0.028216 0.155011 3.740681
v 0.053723 0.155010 3.766188
v 0.028216 0.155011 3.791695
v 0.028216 0.316919 3.791695
v 0.045997 0.155011 3.783969
v 0.053723 0.316919 3.791695
v 0.053723 0.481357 3.791695
v 0.053723 0.316919 3.766188
v 0.053723 0.481357 3.766188
v 0.053723 0.316919 3.740681
v 0.053723 0.155011 3.740681
v 0.053723 0.481357 3.740681
v 0.053723 0.316919 3.715174
v 0.053723 0.155010 3.715174
v 0.053723 0.481357 3.715174
v 0.053723 0.316919 3.689667
v 0.045997 0.155011 3.697393
v 0.053723 0.481357 3.689667
v 0.028216 0.316919 3.689667
v 0.028216 0.155011 3.689667
v 0.028216 0.481357 3.689667
v 0.002709 0.316919 3.689667
v 0.002709 0.155011 3.689667
v 0.002709 0.481357 3.689667
v -0.022798 0.316919 3.689667
v -0.022798 0.481357 3.689667
v -0.048305 0.481357 3.689667
v -0.022798 0.645795 3.689667
v 0.002709 0.645795 3.689667
v -0.048305 0.645795 3.689667
v -0.022798 0.812763 3.689667
v 0.002709 0.812763 3.689667
v -0.048305 0.812763 3.689667
v -0.022798 0.812763 3.715174
v -0.048305 0.812763 3.715174
v -0.022798 0.812763 3.734292
v 0.002709 0.812763 3.715174
v 0.028216 0.812763 3.715174
v 0.002709 0.812763 3.734292
v 0.028216 0.812763 3.734292
v 0.002709 0.812763 3.748381
v 0.028216 0.812763 3.748381
v -0.022798 0.812763 3.748381
v 0.002709 0.812763 3.761595
v -0.022798 0.812763 3.761595
v 0.002709 0.645795 3.791695
v 0.028216 0.812763 3.761595
v 0.053723 0.812763 3.761595
v 0.028216 0.645795 3.791695
v 0.028216 0.481357 3.791695
v 0.053723 0.645795 3.791695
v 0.053723 0.645795 3.766188
v 0.053723 0.812763 3.748381
v 0.053723 0.645795 3.740681
v 0.053723 0.812763 3.734292
v 0.053723 0.645795 3.715174
v 0.053723 0.812763 3.715174
v 0.053723 0.645795 3.689667
v 0.053723 0.812763 3.689667
v 0.028216 0.645795 3.689667
v 0.028216 0.812763 3.689667
v 0.002709 0.481357 3.791695
v -0.022798 0.481357 3.791695
v 0.002709 0.316919 3.791695
v -0.022798 0.316919 3.791695
v -0.048305 0.316919 3.791695
v -0.048305 0.316919 3.766188
v -0.040579 0.155011 3.783969
v -0.048305 0.481357 3.791695
v -0.048305 0.481357 3.766188
v -0.048305 0.645795 3.791695
v -0.048305 0.812763 3.761595
v -0.022798 0.645795 3.791695
v -0.048305 0.645795 3.766188
v -0.048305 0.645795 3.740681
v -0.048305 0.812763 3.748381
v -0.048305 0.812763 3.734292
v -0.048305 0.481357 3.740681
v -0.048305 0.645795 3.715174
v -0.048305 0.481357 3.715174
v 0.002709 0.155010 3.715174
v 0.028216 0.155010 3.715174
v -0.031247 0.815333 3.309434
v -0.015623 0.815333 3.309434
v -0.031247 0.845896 3.309434
v -0.031247 0.815333 3.325058
v -0.015623 0.815333 3.325058
v -0.031247 0.845896 3.325058
v -0.031247 0.815333 3.340681
v -0.031247 0.845896 3.340681
v -0.031247 0.815333 3.356304
v -0.015623 0.815333 3.340681
v -0.000000 0.815333 3.340681
v -0.015623 0.815333 3.356304
v -0.000000 0.815333 3.356304
v -0.015623 0.815333 3.371928
v -0.031247 0.815333 3.371928
v -0.015623 0.845896 3.371928
v -0.000000 0.815333 3.371928
v -0.000000 0.845896 3.371928
v 0.015623 0.815333 3.371928
v 0.015623 0.845896 3.371928
v 0.031247 0.815333 3.371928
v 0.015623 0.815333 3.356304
v 0.015623 0.815333 3.340681
v 0.031247 0.815333 3.356304
v 0.031247 0.845896 3.356304
v 0.031247 0.815333 3.340681
v 0.031247 0.845896 3.340681
v 0.031247 0.815333 3.325058
v 0.031247 0.815333 3.309434
v 0.015623 0.815333 3.325058
v 0.031247 0.845896 3.325058
v 0.031247 0.876937 3.325058
v 0.031247 0.845896 3.309434
v 0.031247 0.876937 3.309434
v 0.015623 0.845896 3.309434
v 0.015623 0.815333 3.309434
v 0.015623 0.876937 3.309434
v -0.000000 0.845896 3.309434
v -0.000000 0.815333 3.309434
v -0.000000 0.876937 3.309434
v -0.015623 0.845896 3.309434
v -0.015623 0.876937 3.309434
v -0.031247 0.876937 3.309434
v -0.015623 0.907978 3.309434
v -0.000000 0.907978 3.309434
v -0.031247 0.907978 3.309434
v -0.015623 0.939496 3.309434
v -0.000000 0.939496 3.309434
v -0.031247 0.939496 3.309434
v -0.015623 0.939496 3.325058
v -0.031247 0.939496 3.325058
v -0.015623 0.939496 3.340681
v -0.000000 0.939496 3.325058
v 0.015623 0.939496 3.325058
v -0.000000 0.939496 3.340681
v 0.015623 0.939496 3.340681
v -0.000000 0.939496 3.356304
v 0.015623 0.939496 3.356304
v -0.015623 0.939496 3.356304
v -0.000000 0.939496 3.371928
v -0.015623 0.939496 3.371928
v -0.000000 0.907978 3.371928
v 0.015623 0.939496 3.371928
v 0.015623 0.907978 3.371928
v 0.031247 0.939496 3.371928
v 0.031247 0.939496 3.356304
v 0.031247 0.907978 3.371928
v 0.031247 0.876937 3.371928
v 0.031247 0.907978 3.356304
v 0.031247 0.907978 3.340681
v 0.031247 0.876937 3.356304
v 0.031247 0.876937 3.340681
v 0.031247 0.939496 3.340681
v 0.031247 0.907978 3.325058
v 0.031247 0.939496 3.325058
v 0.031247 0.907978 3.309434
v 0.031247 0.939496 3.309434
v 0.015623 0.907978 3.309434
v 0.015623 0.939496 3.309434
v 0.015623 0.876937 3.371928
v 0.031247 0.845896 3.371928
v -0.000000 0.876937 3.371928
v -0.015623 0.876937 3.371928
v -0.031247 0.876937 3.371928
v -0.015623 0.907978 3.371928
v -0.031247 0.907978 3.371928
v -0.031247 0.907978 3.356304
v -0.031247 0.939496 3.371928
v -0.031247 0.939496 3.356304
v -0.031247 0.939496 3.340681
v -0.031247 0.907978 3.340681
v -0.031247 0.907978 3.325058
v -0.031247 0.876937 3.340681
v -0.031247 0.876937 3.325058
v -0.031247 0.876937 3.356304
v -0.031247 0.845896 3.356304
v -0.031247 0.845896 3.371928
v -0.000000 0.815333 3.325058
v 0.124330 0.770481 3.648410
v 0.121378 0.800450 3.648410
v 0.150663 0.743326 3.648410
v 0.124330 0.770481 3.692952
v 0.150663 0.743326 3.692952
v 0.121378 0.800450 3.692952
v 0.141921 0.832081 3.692952
v 0.141921 0.832081 3.648410
v 0.127726 0.858639 3.692952
v 0.089995 0.858811 3.692952
v 0.127726 0.858639 3.648410
v 0.089995 0.858811 3.648410
v 0.066717 0.877915 3.648410
v 0.058786 0.915216 3.648410
v 0.066717 0.877915 3.692952
v 0.032515 0.821069 3.692952
v 0.058786 0.915216 3.692952
v 0.029969 0.923958 3.692952
v 0.029969 0.923958 3.648410
v 0.002954 0.897718 3.692952
v 0.002954 0.897718 3.648410
v -0.027015 0.894766 3.692952
v -0.011283 0.830019 3.692952
v -0.058786 0.915216 3.692952
v -0.027015 0.894766 3.648410
v -0.058786 0.915216 3.648410
v -0.085344 0.901021 3.648410
v -0.085977 0.863383 3.648410
v -0.085344 0.901021 3.692952
v -0.085977 0.863383 3.692952
v -0.105081 0.840105 3.692952
v -0.141921 0.832081 3.692952
v -0.105081 0.840105 3.648410
v -0.141921 0.832081 3.648410
v -0.150663 0.803264 3.648410
v -0.124534 0.776103 3.648410
v -0.150663 0.803264 3.692952
v -0.124534 0.776103 3.692952
v -0.121583 0.746135 3.692952
v -0.141921 0.714509 3.692952
v -0.121583 0.746135 3.648410
v -0.141921 0.714509 3.648410
v -0.127726 0.687951 3.648410
v -0.090103 0.687121 3.648410
v -0.127726 0.687951 3.692952
v -0.090103 0.687121 3.692952
v -0.066825 0.668017 3.692952
v -0.058786 0.631374 3.692952
v -0.066825 0.668017 3.648410
v -0.058786 0.631374 3.648410
v -0.029969 0.622632 3.648410
v -0.002300 0.649007 3.648410
v -0.029969 0.622632 3.692952
v -0.002300 0.649007 3.692952
v 0.027669 0.651958 3.692952
v 0.058786 0.631374 3.692952
v 0.027669 0.651958 3.648410
v 0.058786 0.631374 3.648410
v 0.085344 0.645569 3.648410
v 0.085830 0.682829 3.648410
v 0.085344 0.645569 3.692952
v 0.085830 0.682829 3.692952
v 0.104934 0.706107 3.692952
v 0.141921 0.714509 3.692952
v 0.104934 0.706107 3.648410
v 0.141921 0.714509 3.648410
v -0.000000 0.715459 3.648410
v 0.011283 0.716571 3.648410
v -0.011283 0.716571 3.648410
v -0.000000 0.715459 3.692952
v 0.011283 0.716571 3.692952
v -0.011283 0.716571 3.692952
v -0.022133 0.719862 3.692952
v -0.032132 0.725206 3.692952
v -0.022133 0.719862 3.648410
v -0.032132 0.725206 3.648410
v -0.040896 0.732399 3.648410
v -0.048089 0.741163 3.648410
v -0.040896 0.732399 3.692952
v -0.048089 0.741163 3.692952
v -0.053433 0.751162 3.692952
v -0.056724 0.762012 3.692952
v -0.053433 0.751162 3.648410
v -0.056724 0.762012 3.648410
v -0.057836 0.773295 3.648410
v -0.056724 0.784578 3.648410
v -0.057836 0.773295 3.692952
v -0.056724 0.784578 3.692952
v -0.053433 0.795428 3.692952
v -0.048089 0.805427 3.692952
v -0.053433 0.795428 3.648410
v -0.048089 0.805427 3.648410
v -0.040896 0.814191 3.648410
v -0.032132 0.821383 3.648410
v -0.040896 0.814191 3.692952
v -0.032132 0.821383 3.692952
v -0.022133 0.826728 3.692952
v -0.022133 0.826728 3.648410
v -0.011283 0.830019 3.648410
v -0.000000 0.831130 3.648410
v 0.011283 0.830019 3.648410
v -0.000000 0.831130 3.692952
v 0.011283 0.830019 3.692952
v 0.022133 0.826728 3.692952
v 0.032132 0.821383 3.692952
v 0.022133 0.826728 3.648410
v 0.032132 0.821383 3.648410
v 0.040896 0.814191 3.648410
v 0.048088 0.805427 3.648410
v 0.040896 0.814191 3.692952
v 0.048088 0.805427 3.692952
v 0.053433 0.795428 3.692952
v 0.053433 0.795428 3.648410
v 0.056724 0.784578 3.692952
v 0.056724 0.784578 3.648410
v 0.057836 0.773295 3.692952
v 0.057836 0.773295 3.648410
v 0.056724 0.762012 3.692952
v 0.053433 0.751162 3.692952
v 0.056724 0.762012 3.648410
v 0.053433 0.751162 3.648410
v 0.048088 0.741163 3.648410
v 0.040896 0.732399 3.648410
v 0.048088 0.741163 3.692952
v 0.040896 0.732399 3.692952
v 0.032132 0.725206 3.692952
v 0.022133 0.719862 3.692952
v 0.032132 0.725206 3.648410
v 0.022133 0.719862 3.648410
v -0.040911 0.155010 2.897061
v -0.022798 0.155010 2.889667
v -0.048305 0.316918 2.889667
v -0.048305 0.155010 2.915174
v -0.022798 0.155010 2.915174
v -0.048305 0.316918 2.915174
v -0.048305 0.155010 2.940681
v -0.048305 0.316918 2.940681
v -0.048305 0.155010 2.966188
v -0.022798 0.155010 2.940681
v -0.022798 0.155010 2.966188
v 0.002709 0.155010 2.940681
v 0.002709 0.155010 2.915174
v 0.028216 0.155010 2.940681
v 0.002709 0.155010 2.966188
v 0.002709 0.155010 2.991695
v 0.028216 0.155010 2.966188
v 0.053723 0.155010 2.966188
v 0.028216 0.155010 2.991695
v 0.028216 0.316918 2.991695
v 0.046329 0.155010 2.984301
v 0.053723 0.316918 2.991695
v 0.053723 0.481357 2.991695
v 0.053723 0.316918 2.966188
v 0.053723 0.481357 2.966188
v 0.053723 0.316918 2.940681
v 0.053723 0.155010 2.940681
v 0.053723 0.481357 2.940681
v 0.053723 0.316918 2.915174
v 0.053723 0.155010 2.915174
v 0.053723 0.481357 2.915174
v 0.053723 0.316918 2.889667
v 0.046329 0.155010 2.897061
v 0.053723 0.481357 2.889667
v 0.028216 0.316918 2.889667
v 0.028216 0.155010 2.889667
v 0.028216 0.481357 2.889667
v 0.002709 0.316918 2.889667
v -0.022798 0.316918 2.889667
v 0.002709 0.155010 2.889667
v 0.002709 0.481357 2.889667
v -0.022798 0.481357 2.889667
v 0.002709 0.645795 2.889667
v -0.022798 0.645795 2.889667
v 0.028216 0.645795 2.889667
v 0.002709 0.812763 2.919767
v 0.028216 0.812763 2.919767
v 0.002709 0.812763 2.932981
v -0.022798 0.812763 2.919767
v -0.048305 0.812763 2.919767
v -0.022798 0.812763 2.932981
v -0.048305 0.812763 2.932981
v -0.022798 0.812763 2.947070
v -0.022798 0.812763 2.966187
v -0.048305 0.812763 2.947070
v 0.002709 0.812763 2.947070
v 0.028216 0.812763 2.947070
v 0.002709 0.812763 2.966187
v 0.002709 0.812763 2.991695
v 0.028216 0.812763 2.966187
v 0.053723 0.812763 2.966187
v 0.028216 0.812763 2.991695
v 0.028216 0.645795 2.991695
v 0.053723 0.812763 2.991695
v 0.053723 0.645795 2.991695
v 0.053723 0.645795 2.966187
v 0.053723 0.645795 2.940681
v 0.053723 0.812763 2.947070
v 0.053723 0.645795 2.915174
v 0.053723 0.812763 2.932981
v 0.053723 0.645795 2.889667
v 0.053723 0.812763 2.919767
v 0.028216 0.812763 2.932981
v 0.002709 0.645795 2.991695
v 0.028216 0.481357 2.991695
v 0.002709 0.481357 2.991695
v -0.022798 0.481357 2.991695
v 0.002709 0.316918 2.991695
v -0.022798 0.316918 2.991695
v -0.048305 0.316918 2.991695
v -0.022798 0.155010 2.991695
v -0.040911 0.155010 2.984301
v -0.048305 0.481357 2.991695
v -0.048305 0.316918 2.966188
v -0.048305 0.481357 2.966188
v -0.048305 0.645795 2.966187
v -0.048305 0.481357 2.940681
v -0.048305 0.481357 2.915174
v -0.048305 0.645795 2.940681
v -0.048305 0.645795 2.915174
v -0.048305 0.645795 2.889667
v -0.048305 0.481357 2.889667
v -0.048305 0.812763 2.966187
v -0.048305 0.645795 2.991695
v -0.048305 0.812763 2.991695
v -0.022798 0.645795 2.991695
v -0.022798 0.812763 2.991695
v 0.028216 0.155010 2.915174
v -0.121451 0.933081 3.462132
v -0.067287 0.919958 3.475255
v -0.134574 0.987245 3.475255
v -0.134574 0.919958 3.407968
v -0.134574 0.919958 3.340681
v -0.067287 0.919958 3.407968
v -0.134574 0.987245 3.407968
v -0.134574 1.054532 3.407968
v -0.134574 0.987245 3.340681
v -0.134574 1.054532 3.340681
v -0.134574 0.987245 3.273394
v -0.134574 1.054532 3.273394
v -0.134574 0.919958 3.273394
v -0.134574 0.987245 3.206107
v -0.121451 0.933081 3.219230
v -0.134574 1.054532 3.206107
v -0.067287 0.987245 3.206107
v -0.067287 1.054532 3.206107
v -0.000000 0.987245 3.206107
v -0.067287 0.919958 3.206107
v -0.000000 0.919958 3.206107
v -0.067287 0.919958 3.273394
v -0.000000 0.919958 3.273394
v -0.067287 0.919958 3.340681
v -0.000000 0.919958 3.340681
v 0.067287 0.919958 3.340681
v -0.000000 0.919958 3.407968
v -0.000000 0.919958 3.475255
v 0.067287 0.919958 3.407968
v 0.134574 0.919958 3.407968
v 0.067287 0.919958 3.475255
v 0.121451 0.933081 3.462132
v 0.067287 0.987245 3.475255
v 0.067287 1.054532 3.475255
v -0.000000 0.987245 3.475255
v 0.134574 0.987245 3.475255
v 0.134574 1.054532 3.475255
v 0.134574 0.987245 3.407968
v 0.134574 0.987245 3.340681
v 0.134574 1.054532 3.407968
v 0.134574 1.054532 3.340681
v 0.134574 1.121819 3.407968
v 0.134574 1.121819 3.475255
v 0.134574 1.189106 3.407968
v 0.134574 1.121819 3.340681
v 0.134574 1.121819 3.273394
v 0.134574 1.189106 3.340681
v 0.134574 1.189106 3.273394
v 0.067287 1.189106 3.340681
v 0.067287 1.189106 3.273394
v -0.000000 1.189106 3.340681
v 0.067287 1.189106 3.407968
v -0.000000 1.189106 3.407968
v 0.067287 1.189106 3.475255
v 0.121451 1.175983 3.462132
v -0.000000 1.189106 3.475255
v 0.067287 1.121819 3.475255
v -0.000000 1.121819 3.475255
v -0.067287 1.121819 3.475255
v -0.000000 1.054532 3.475255
v -0.067287 1.054532 3.475255
v -0.134574 1.054532 3.475255
v -0.067287 0.987245 3.475255
v -0.134574 1.121819 3.475255
v -0.121451 1.175983 3.462132
v -0.134574 1.121819 3.407968
v -0.134574 1.121819 3.340681
v -0.134574 1.189106 3.407968
v -0.067287 1.189106 3.407968
v -0.134574 1.189106 3.340681
v -0.134574 1.189106 3.273394
v -0.067287 1.189106 3.340681
v -0.067287 1.189106 3.273394
v -0.067287 1.189106 3.206107
v -0.000000 1.189106 3.273394
v -0.000000 1.189106 3.206107
v -0.000000 1.121819 3.206107
v 0.067287 1.189106 3.206107
v 0.121451 1.175983 3.219230
v 0.067287 1.121819 3.206107
v 0.134574 1.121819 3.206107
v 0.067287 1.054532 3.206107
v 0.134574 1.054532 3.206107
v 0.067287 0.987245 3.206107
v -0.000000 1.054532 3.206107
v 0.134574 0.987245 3.206107
v 0.067287 0.919958 3.206107
v 0.067287 0.919958 3.273394
v 0.121451 0.933081 3.219230
v 0.134574 0.919958 3.273394
v 0.134574 0.919958 3.340681
v 0.134574 0.987245 3.273394
v 0.134574 1.054532 3.273394
v -0.067287 1.121819 3.206107
v -0.134574 1.121819 3.206107
v -0.134574 1.121819 3.273394
v -0.121451 1.175983 3.219230
v -0.067287 1.189106 3.475255
vn -0.2806 -0.9005 -0.3322
vn 0.5059 -0.8031 0.3148
vn -0.5032 -0.8484 -0.1645
vn 0.5492 -0.8357 -0.0000
vn -0.5994 -0.8004 -0.0000
vn 0.5842 -0.8113 0.0219
vn -0.0000 -1.0000 -0.0000
vn -0.0000 -0.9988 0.0481
vn 0.0727 -0.9974 -0.0000
vn 0.0375 -0.9990 0.0233
vn -0.6309 -0.7759 -0.0000
vn 0.0595 -0.9204 0.3864
vn -0.6127 -0.6923 0.3812
vn 0.5032 -0.8484 -0.1645
vn 0.5994 -0.8004 -0.0000
vn 0.2806 -0.9005 -0.3322
vn 0.6453 -0.0000 -0.7640
vn 0.9505 -0.0000 -0.3107
vn 1.0000 -0.0000 -0.0000
vn 0.9505 -0.0000 0.3107
vn 0.6453 -0.0000 0.7640
vn -0.0000 -0.0000 1.0000
vn -0.6453 -0.0000 0.7640
vn -0.9505 -0.0000 0.3107
vn -1.0000 -0.0000 -0.0000
vn -0.9505 -0.0000 -0.3107
vn -0.8193 0.5734 -0.0000
vn -0.7278 0.6432 -0.2379
vn 0.6075 0.7943 -0.0000
vn 0.5523 0.7596 0.3436
vn -0.0000 1.0000 -0.0000
vn -0.0000 0.9030 0.4297
vn -0.4372 0.7354 -0.5177
vn -0.0000 0.7474 -0.6643
vn 0.4372 0.7354 -0.5177
vn -0.5523 0.7596 0.3436
vn -0.0000 -0.0000 -1.0000
vn 0.7278 0.6432 -0.2379
vn 0.8193 0.5734 -0.0000
vn 0.7278 0.6432 0.2379
vn 0.4372 0.7354 0.5177
vn -0.0000 0.7474 0.6643
vn -0.4372 0.7354 0.5177
vn -0.7278 0.6432 0.2379
vn 0.5523 0.7596 -0.3436
vn -0.0000 0.9030 -0.4297
vn -0.6075 0.7943 -0.0000
vn -0.5523 0.7596 -0.3436
vn -0.0000 -0.9064 -0.4223
vn -0.0000 -0.9398 0.3417
vn -0.6453 -0.0000 -0.7640
vn -0.5032 -0.8484 0.1645
vn -0.2806 -0.9005 0.3322
vn 0.6127 -0.6923 -0.3812
vn -0.0000 -0.9064 0.4223
vn -0.0000 -0.8923 -0.4514
vn -0.6127 -0.6923 -0.3812
vn 0.2806 -0.9005 0.3322
vn 0.5032 -0.8484 0.1645
vn -0.7179 0.6962 -0.0000
vn -0.9569 -0.2903 -0.0000
vn -0.2215 -0.9752 -0.0000
vn -0.7730 -0.6344 -0.0000
vn -0.9999 -0.0131 -0.0000
vn -0.4714 -0.8819 -0.0000
vn 0.5517 -0.8340 -0.0000
vn -0.0980 -0.9952 -0.0000
vn -0.6900 -0.7238 -0.0000
vn 0.2903 -0.9569 -0.0000
vn 0.9768 -0.2143 -0.0000
vn 0.6344 -0.7730 -0.0000
vn 0.0221 -0.9998 -0.0000
vn 0.8819 -0.4714 -0.0000
vn 0.8411 0.5409 -0.0000
vn 0.9952 -0.0980 -0.0000
vn 0.7207 -0.6933 -0.0000
vn 0.9569 0.2903 -0.0000
vn 0.2128 0.9771 -0.0000
vn 0.7730 0.6344 -0.0000
vn 0.9999 0.0168 -0.0000
vn 0.4714 0.8819 -0.0000
vn -0.5412 0.8409 -0.0000
vn 0.0980 0.9952 -0.0000
vn 0.6967 0.7173 -0.0000
vn -0.2903 0.9569 -0.0000
vn -0.9781 0.2080 -0.0000
vn -0.6344 0.7730 -0.0000
vn -0.0046 1.0000 -0.0000
vn -0.8819 0.4714 -0.0000
vn -0.8386 -0.5447 -0.0000
vn -0.9952 0.0980 -0.0000
vn 0.9952 0.0980 -0.0000
vn 0.8819 0.4714 -0.0000
vn 0.6344 0.7730 -0.0000
vn 0.2903 0.9569 -0.0000
vn -0.0980 0.9952 -0.0000
vn -0.4714 0.8819 -0.0000
vn -0.7730 0.6344 -0.0000
vn -0.9569 0.2903 -0.0000
vn -0.9952 -0.0980 -0.0000
vn -0.8819 -0.4714 -0.0000
vn -0.6344 -0.7730 -0.0000
vn -0.2903 -0.9569 -0.0000
vn 0.0980 -0.9952 -0.0000
vn 0.4714 -0.8819 -0.0000
vn 0.7730 -0.6344 -0.0000
vn 0.9569 -0.2903 -0.0000
vn -0.0000 0.9999 -0.0111
vn -0.0000 0.0111 0.9999
vn -0.0000 -0.0111 -0.9999
vn -0.0000 -0.9999 0.0111
vn 0.9952 -0.0980 0.0011
vn 0.7179 -0.6961 0.0077
vn 0.8386 0.5446 -0.0060
vn 0.8819 -0.4714 0.0052
vn 0.0046 -0.9999 0.0111
vn 0.6344 -0.7730 0.0086
vn 0.9781 -0.2080 0.0023
vn 0.2903 -0.9569 0.0106
vn -0.6967 -0.7173 0.0080
vn -0.0980 -0.9951 0.0110
vn 0.5412 -0.8408 0.0093
vn -0.4714 -0.8819 0.0098
vn -0.9999 -0.0168 0.0002
vn -0.7730 -0.6343 0.0070
vn -0.2128 -0.9770 0.0108
vn -0.9569 -0.2902 0.0032
vn -0.7207 0.6933 -0.0077
vn -0.9952 0.0980 -0.0011
vn -0.8411 -0.5409 0.0060
vn -0.8819 0.4714 -0.0052
vn -0.0221 0.9997 -0.0111
vn -0.6344 0.7730 -0.0086
vn -0.9768 0.2143 -0.0024
vn -0.2903 0.9569 -0.0106
vn 0.6900 0.7238 -0.0080
vn 0.0980 0.9951 -0.0110
vn 0.0980 -0.9951 0.0110
vn 0.4713 -0.8819 0.0098
vn 0.7730 -0.6344 0.0070
vn 0.8819 -0.4713 0.0052
vn 0.9569 -0.2903 0.0032
vn 0.9952 0.0980 -0.0011
vn 0.9569 0.2903 -0.0032
vn 0.8820 0.4713 -0.0052
vn 0.7730 0.6343 -0.0070
vn 0.6344 0.7730 -0.0086
vn 0.4713 0.8819 -0.0098
vn 0.2903 0.9569 -0.0106
vn -0.0980 0.9951 -0.0110
vn -0.4713 0.8819 -0.0098
vn -0.6344 0.7730 -0.0085
vn -0.7730 0.6344 -0.0070
vn -0.8820 0.4713 -0.0052
vn -0.9569 0.2903 -0.0032
vn -0.9952 -0.0979 0.0011
vn -0.9569 -0.2903 0.0032
vn -0.8820 -0.4713 0.0052
vn -0.6344 -0.7730 0.0086
vn -0.4713 -0.8819 0.0098
vn -0.2903 -0.9569 0.0106
vn -0.5517 0.8340 -0.0092
vn 0.4714 0.8819 -0.0098
vn 0.9999 0.0131 -0.0001
vn 0.2215 0.9751 -0.0108
vn -0.6967 -0.7173 0.0079
vn -0.7207 0.6932 -0.0077
vn -0.9768 0.2142 -0.0024
vn 0.9569 0.2902 -0.0032
vn -0.7730 -0.6344 0.0070
vn -0.8819 0.4713 -0.0052
vn 0.7730 0.6344 -0.0070
vn 0.8819 0.4713 -0.0052
vn 0.8820 -0.4713 0.0052
vn 0.2904 -0.9569 0.0106
vn 0.9832 0.0644 -0.1709
vn 0.9832 -0.0644 -0.1709
vn 0.9832 -0.0644 0.1709
vn 0.9832 0.0644 0.1709
vn 0.9664 0.1922 0.1709
vn 0.9664 0.1922 -0.1709
vn 0.8377 0.0549 0.5433
vn 0.8234 0.1638 0.5433
vn 0.7950 0.2699 0.5433
vn 0.9330 0.3167 0.1709
vn 0.7529 0.3713 0.5433
vn 0.8837 0.4358 0.1709
vn 0.8837 0.4358 -0.1709
vn 0.9330 0.3167 -0.1709
vn 0.7529 0.3713 -0.5433
vn 0.7950 0.2698 -0.5433
vn 0.8234 0.1638 -0.5433
vn 0.3622 0.1230 -0.9239
vn 0.3752 0.0746 -0.9239
vn 0.8377 0.0549 -0.5433
vn 0.3817 0.0250 -0.9239
vn 0.8377 -0.0549 -0.5433
vn 0.3817 -0.0250 -0.9239
vn -0.3817 0.0250 -0.9239
vn -0.3817 -0.0250 -0.9239
vn -0.8377 0.0549 -0.5433
vn -0.8377 -0.0549 -0.5433
vn -0.3752 -0.0746 -0.9239
vn -0.8234 -0.1638 -0.5433
vn -0.9664 -0.1922 -0.1709
vn -0.9832 -0.0644 -0.1709
vn -0.9664 -0.1922 0.1709
vn -0.9832 -0.0644 0.1709
vn -0.9832 0.0644 -0.1709
vn -0.9832 0.0644 0.1709
vn -0.8377 0.0549 0.5433
vn -0.8377 -0.0549 0.5433
vn -0.3817 0.0250 0.9239
vn -0.3817 -0.0250 0.9239
vn -0.8234 -0.1638 0.5433
vn -0.3752 -0.0746 0.9239
vn 0.3752 0.0746 0.9239
vn 0.3817 0.0250 0.9239
vn -0.3622 -0.1230 0.9239
vn 0.3622 0.1230 0.9239
vn -0.3431 -0.1692 0.9239
vn 0.3431 0.1692 0.9239
vn -0.3181 -0.2125 0.9239
vn 0.3181 0.2125 0.9239
vn 0.6980 0.4664 0.5433
vn 0.2876 0.2522 0.9239
vn 0.6312 0.5535 0.5433
vn 0.7408 0.6497 0.1709
vn 0.8192 0.5474 0.1709
vn 0.7408 0.6496 -0.1709
vn 0.8192 0.5474 -0.1709
vn 0.6312 0.5535 -0.5433
vn 0.6980 0.4664 -0.5433
vn 0.2876 0.2522 -0.9239
vn 0.3181 0.2125 -0.9239
vn 0.3431 0.1692 -0.9239
vn -0.3181 -0.2125 -0.9239
vn -0.3431 -0.1692 -0.9239
vn -0.3622 -0.1230 -0.9239
vn -0.7529 -0.3713 -0.5433
vn -0.7950 -0.2698 -0.5433
vn -0.8837 -0.4358 -0.1709
vn -0.9330 -0.3167 -0.1709
vn -0.8837 -0.4358 0.1709
vn -0.9330 -0.3167 0.1709
vn -0.7529 -0.3713 0.5433
vn -0.7950 -0.2699 0.5433
vn -0.8192 -0.5474 0.1709
vn -0.6980 -0.4664 0.5433
vn -0.7408 -0.6496 0.1709
vn -0.6312 -0.5535 0.5433
vn -0.2876 -0.2522 0.9239
vn -0.5535 -0.6312 0.5433
vn -0.2522 -0.2876 0.9239
vn 0.2522 0.2876 0.9239
vn -0.2125 -0.3181 0.9239
vn 0.2125 0.3181 0.9239
vn 0.4664 0.6980 0.5433
vn 0.5535 0.6312 0.5433
vn 0.5474 0.8192 0.1709
vn 0.6496 0.7408 0.1709
vn 0.5474 0.8192 -0.1709
vn 0.6496 0.7408 -0.1709
vn 0.4664 0.6980 -0.5433
vn 0.5535 0.6312 -0.5433
vn 0.2125 0.3181 -0.9239
vn 0.2522 0.2876 -0.9239
vn -0.2125 -0.3181 -0.9239
vn -0.2522 -0.2876 -0.9239
vn -0.2876 -0.2522 -0.9239
vn -0.5535 -0.6312 -0.5433
vn -0.6312 -0.5535 -0.5433
vn -0.6980 -0.4664 -0.5433
vn -0.7408 -0.6497 -0.1709
vn -0.8192 -0.5474 -0.1709
vn -0.6496 -0.7408 -0.1709
vn -0.6496 -0.7408 0.1709
vn -0.5474 -0.8192 -0.1709
vn -0.5474 -0.8192 0.1709
vn -0.4664 -0.6980 0.5433
vn -0.4358 -0.8837 0.1709
vn -0.3713 -0.7529 0.5433
vn -0.1692 -0.3431 0.9239
vn -0.2699 -0.7950 0.5433
vn -0.1230 -0.3622 0.9239
vn 0.1230 0.3622 0.9239
vn 0.1692 0.3431 0.9239
vn 0.2699 0.7950 0.5433
vn 0.3713 0.7529 0.5433
vn 0.3167 0.9330 0.1709
vn 0.4358 0.8837 0.1709
vn 0.3167 0.9330 -0.1709
vn 0.4358 0.8837 -0.1709
vn 0.2699 0.7950 -0.5433
vn 0.3713 0.7529 -0.5433
vn 0.1230 0.3622 -0.9239
vn 0.1692 0.3431 -0.9239
vn -0.1230 -0.3622 -0.9239
vn -0.1692 -0.3431 -0.9239
vn -0.2699 -0.7950 -0.5433
vn -0.3713 -0.7529 -0.5433
vn -0.4664 -0.6980 -0.5433
vn -0.4358 -0.8837 -0.1709
vn -0.3167 -0.9330 -0.1709
vn -0.3167 -0.9330 0.1709
vn -0.1922 -0.9664 -0.1709
vn -0.1922 -0.9664 0.1709
vn -0.1638 -0.8234 0.5433
vn -0.0644 -0.9832 0.1709
vn -0.0549 -0.8377 0.5433
vn -0.0250 -0.3817 0.9239
vn -0.0746 -0.3752 0.9239
vn 0.0250 0.3817 0.9239
vn 0.0746 0.3752 0.9239
vn 0.0549 0.8377 0.5433
vn 0.1638 0.8234 0.5433
vn 0.0644 0.9832 0.1709
vn 0.1922 0.9664 0.1709
vn 0.0644 0.9832 -0.1709
vn 0.1922 0.9664 -0.1709
vn 0.0549 0.8377 -0.5433
vn 0.1638 0.8234 -0.5433
vn 0.0250 0.3817 -0.9239
vn 0.0746 0.3752 -0.9239
vn -0.0250 -0.3817 -0.9239
vn -0.0746 -0.3752 -0.9239
vn -0.0549 -0.8377 -0.5433
vn -0.1638 -0.8234 -0.5433
vn -0.0644 -0.9832 -0.1709
vn 0.0549 -0.8377 -0.5433
vn 0.0644 -0.9832 -0.1709
vn 0.0644 -0.9832 0.1709
vn 0.1922 -0.9664 -0.1709
vn 0.1922 -0.9664 0.1709
vn 0.1638 -0.8234 0.5433
vn 0.0549 -0.8377 0.5433
vn 0.0746 -0.3752 0.9239
vn 0.0250 -0.3817 0.9239
vn -0.0746 0.3752 0.9239
vn -0.0250 0.3817 0.9239
vn -0.1638 0.8234 0.5433
vn -0.0549 0.8377 0.5433
vn -0.1922 0.9664 0.1709
vn -0.0644 0.9832 0.1709
vn -0.1922 0.9664 -0.1709
vn -0.0644 0.9832 -0.1709
vn -0.1638 0.8234 -0.5433
vn -0.0549 0.8377 -0.5433
vn -0.0746 0.3752 -0.9239
vn -0.0250 0.3817 -0.9239
vn 0.0746 -0.3752 -0.9239
vn 0.0250 -0.3817 -0.9239
vn 0.1638 -0.8234 -0.5433
vn 0.1230 -0.3622 -0.9239
vn 0.2699 -0.7950 -0.5433
vn 0.3167 -0.9330 -0.1709
vn 0.3713 -0.7529 -0.5433
vn 0.4358 -0.8837 -0.1709
vn 0.4358 -0.8837 0.1709
vn 0.3167 -0.9330 0.1709
vn 0.3713 -0.7529 0.5433
vn 0.2699 -0.7950 0.5433
vn 0.1692 -0.3431 0.9239
vn 0.1230 -0.3622 0.9239
vn -0.1692 0.3431 0.9239
vn -0.1230 0.3622 0.9239
vn -0.3713 0.7529 0.5433
vn -0.2699 0.7950 0.5433
vn -0.4358 0.8837 0.1709
vn -0.3167 0.9330 0.1709
vn -0.4358 0.8837 -0.1709
vn -0.3167 0.9330 -0.1709
vn -0.3713 0.7529 -0.5433
vn -0.2699 0.7950 -0.5433
vn -0.1692 0.3431 -0.9239
vn -0.1230 0.3622 -0.9239
vn 0.1692 -0.3431 -0.9239
vn -0.2125 0.3181 -0.9239
vn 0.2125 -0.3181 -0.9239
vn 0.4664 -0.6980 -0.5433
vn 0.2522 -0.2876 -0.9239
vn 0.5535 -0.6312 -0.5433
vn 0.6496 -0.7408 -0.1709
vn 0.5474 -0.8192 -0.1709
vn 0.6496 -0.7408 0.1709
vn 0.5474 -0.8192 0.1709
vn 0.5535 -0.6312 0.5433
vn 0.4664 -0.6980 0.5433
vn 0.2522 -0.2876 0.9239
vn 0.2125 -0.3181 0.9239
vn -0.2522 0.2876 0.9239
vn -0.2125 0.3181 0.9239
vn -0.5535 0.6312 0.5433
vn -0.4664 0.6980 0.5433
vn -0.6497 0.7408 0.1709
vn -0.5474 0.8192 0.1709
vn -0.6496 0.7408 -0.1709
vn -0.5474 0.8192 -0.1709
vn -0.5535 0.6312 -0.5433
vn -0.4664 0.6980 -0.5433
vn -0.2522 0.2876 -0.9239
vn -0.6312 0.5535 -0.5433
vn -0.2876 0.2522 -0.9239
vn 0.2876 -0.2522 -0.9239
vn -0.3181 0.2125 -0.9239
vn 0.3181 -0.2125 -0.9239
vn 0.6980 -0.4664 -0.5433
vn 0.6312 -0.5535 -0.5433
vn 0.8192 -0.5474 -0.1709
vn 0.7408 -0.6497 -0.1709
vn 0.8192 -0.5474 0.1709
vn 0.7408 -0.6496 0.1709
vn 0.6980 -0.4664 0.5433
vn 0.6312 -0.5535 0.5433
vn 0.3181 -0.2125 0.9239
vn 0.2876 -0.2522 0.9239
vn -0.3181 0.2125 0.9239
vn -0.2876 0.2522 0.9239
vn -0.6980 0.4664 0.5433
vn -0.6312 0.5535 0.5433
vn -0.8192 0.5474 0.1709
vn -0.7408 0.6497 0.1709
vn -0.8192 0.5474 -0.1709
vn -0.7408 0.6497 -0.1709
vn -0.6980 0.4664 -0.5433
vn -0.8837 0.4358 -0.1709
vn -0.7529 0.3713 -0.5433
vn -0.3431 0.1692 -0.9239
vn -0.7950 0.2699 -0.5433
vn -0.3622 0.1230 -0.9239
vn 0.3622 -0.1230 -0.9239
vn 0.3431 -0.1692 -0.9239
vn 0.7950 -0.2699 -0.5433
vn 0.7529 -0.3713 -0.5433
vn 0.9330 -0.3167 -0.1709
vn 0.8837 -0.4358 -0.1709
vn 0.9330 -0.3167 0.1709
vn 0.8837 -0.4358 0.1709
vn 0.7950 -0.2698 0.5433
vn 0.7529 -0.3713 0.5433
vn 0.3622 -0.1230 0.9239
vn 0.3431 -0.1692 0.9239
vn -0.3622 0.1230 0.9239
vn -0.3431 0.1692 0.9239
vn -0.7950 0.2699 0.5433
vn -0.7529 0.3713 0.5433
vn -0.9330 0.3167 0.1709
vn -0.8837 0.4358 0.1709
vn -0.9330 0.3167 -0.1709
vn -0.9664 0.1922 0.1709
vn -0.9664 0.1922 -0.1709
vn -0.8234 0.1638 -0.5433
vn -0.3752 0.0746 -0.9239
vn 0.3752 -0.0746 -0.9239
vn 0.8234 -0.1638 -0.5433
vn 0.9664 -0.1922 -0.1709
vn 0.9664 -0.1922 0.1709
vn 0.8377 -0.0549 0.5433
vn 0.8234 -0.1638 0.5433
vn 0.3817 -0.0250 0.9239
vn 0.3752 -0.0746 0.9239
vn -0.3752 0.0746 0.9239
vn -0.8234 0.1638 0.5433
vn -0.7950 -0.2699 -0.5433
vn 0.7950 0.2699 -0.5433
vn -0.7408 -0.6497 0.1709
vn -0.7408 -0.6496 -0.1709
vn 0.7408 0.6497 -0.1709
vn 0.7408 0.6496 0.1709
vn -0.6497 -0.7408 0.1709
vn 0.6497 0.7408 -0.1709
vn -0.6497 0.7408 -0.1709
vn -0.6496 0.7408 0.1709
vn 0.6497 -0.7408 -0.1709
vn -0.7408 0.6496 0.1709
vn 0.7408 -0.6496 -0.1709
vn -0.7950 0.2698 0.5433
vn 0.7950 -0.2699 0.5433
vn 0.8810 0.4709 -0.0464
vn 0.7715 0.6331 -0.0624
vn 0.8810 0.4709 0.0464
vn 0.7715 0.6332 0.0624
vn 0.8810 0.4528 0.1374
vn 0.7715 0.6088 0.1847
vn 0.8810 0.4173 0.2231
vn 0.7715 0.5611 0.2999
vn 0.8810 0.3658 0.3002
vn 0.7715 0.4918 0.4036
vn 0.8810 0.3002 0.3658
vn 0.7715 0.4036 0.4918
vn 0.8810 0.2231 0.4173
vn 0.7715 0.2999 0.5611
vn 0.7715 0.1847 0.6088
vn 0.8810 0.1373 0.4528
vn 0.6326 0.2248 0.7412
vn 0.6326 0.3651 0.6831
vn 0.7715 0.0624 0.6331
vn 0.6326 0.0759 0.7708
vn 0.7715 -0.0624 0.6331
vn 0.6326 -0.0759 0.7708
vn 0.7715 -0.1847 0.6088
vn 0.6326 -0.2248 0.7412
vn 0.7715 -0.2999 0.5611
vn 0.6326 -0.3651 0.6831
vn 0.7715 -0.4036 0.4918
vn 0.6326 -0.4913 0.5987
vn 0.7715 -0.4918 0.4036
vn 0.6326 -0.5987 0.4913
vn 0.7715 -0.5611 0.2999
vn 0.6326 -0.6831 0.3651
vn 0.4696 -0.7786 0.4162
vn 0.4696 -0.6825 0.5601
vn 0.6326 -0.7411 0.2248
vn 0.4696 -0.8449 0.2563
vn 0.6325 -0.7708 0.0759
vn 0.4696 -0.8786 0.0865
vn 0.6326 -0.7708 -0.0759
vn 0.4696 -0.8786 -0.0865
vn 0.6326 -0.7412 -0.2248
vn 0.4696 -0.8449 -0.2563
vn 0.6326 -0.6830 -0.3651
vn 0.4697 -0.7786 -0.4162
vn 0.6326 -0.5987 -0.4913
vn 0.4696 -0.6825 -0.5601
vn 0.6326 -0.4914 -0.5987
vn 0.4696 -0.5601 -0.6825
vn 0.2890 -0.6073 -0.7400
vn 0.2890 -0.7400 -0.6073
vn 0.4697 -0.4162 -0.7786
vn 0.2890 -0.4513 -0.8443
vn 0.4696 -0.2563 -0.8449
vn 0.2890 -0.2779 -0.9161
vn 0.4696 -0.0865 -0.8786
vn 0.2890 -0.0938 -0.9527
vn 0.4696 0.0865 -0.8786
vn 0.2890 0.0938 -0.9527
vn 0.4696 0.2563 -0.8448
vn 0.2890 0.2779 -0.9161
vn 0.4696 0.4162 -0.7786
vn 0.2890 0.4513 -0.8443
vn 0.2890 0.6073 -0.7400
vn 0.2890 0.7400 -0.6073
vn 0.4696 0.6825 -0.5601
vn 0.4696 0.5601 -0.6825
vn 0.6326 0.5987 -0.4913
vn 0.6326 0.4913 -0.5987
vn 0.6326 0.6830 -0.3651
vn 0.4697 0.7786 -0.4162
vn 0.7715 0.5611 -0.2999
vn 0.7715 0.4918 -0.4036
vn 0.7715 0.6088 -0.1847
vn 0.6326 0.7412 -0.2248
vn 0.8810 0.4528 -0.1373
vn 0.8810 0.4173 -0.2231
vn 0.9566 0.2790 -0.0846
vn 0.9566 0.2571 -0.1374
vn 0.9566 0.2902 -0.0286
vn 0.9951 0.0980 -0.0097
vn 0.9951 0.0943 -0.0286
vn 0.9951 0.0980 0.0097
vn 0.9951 0.0464 -0.0869
vn 0.9951 0.0286 -0.0943
vn 0.9951 0.0097 -0.0980
vn 0.9951 -0.0097 -0.0980
vn 0.9951 -0.0286 -0.0943
vn 0.9951 -0.0464 -0.0869
vn 0.9951 -0.0625 -0.0761
vn 0.9951 -0.0761 -0.0625
vn 0.9951 -0.0869 -0.0464
vn 0.9951 -0.0943 -0.0286
vn 0.9951 -0.0980 -0.0097
vn 0.9951 -0.0980 0.0097
vn 0.9951 -0.0943 0.0286
vn 0.9951 -0.0869 0.0464
vn 0.9951 -0.0761 0.0625
vn 0.9951 -0.0625 0.0761
vn 0.9951 -0.0464 0.0869
vn 0.9951 -0.0286 0.0943
vn 0.9951 -0.0097 0.0980
vn 0.9951 0.0097 0.0980
vn 0.9951 0.0286 0.0943
vn 0.9951 0.0464 0.0869
vn 0.9951 0.0625 0.0761
vn 0.9951 0.0761 0.0625
vn 0.9951 0.0869 0.0464
vn 0.9951 0.0943 0.0286
vn 0.9951 0.0625 -0.0761
vn 0.9951 0.0761 -0.0625
vn 0.9951 0.0869 -0.0464
vn 0.9566 0.2254 -0.1850
vn 0.9566 0.1850 -0.2254
vn 0.8810 0.3658 -0.3002
vn 0.8810 0.3002 -0.3658
vn 0.9566 0.1375 -0.2571
vn 0.8810 0.2231 -0.4173
vn 0.9566 0.0846 -0.2790
vn 0.8810 0.1374 -0.4528
vn 0.9566 0.0286 -0.2901
vn 0.8810 0.0464 -0.4709
vn 0.8810 -0.0464 -0.4709
vn 0.9566 -0.0286 -0.2902
vn 0.9566 -0.0846 -0.2790
vn 0.8810 -0.1373 -0.4528
vn 0.9566 -0.1374 -0.2571
vn 0.8810 -0.2231 -0.4173
vn 0.9566 -0.1850 -0.2254
vn 0.8810 -0.3002 -0.3658
vn 0.9566 -0.2254 -0.1850
vn 0.8810 -0.3658 -0.3002
vn 0.9566 -0.2571 -0.1375
vn 0.8810 -0.4173 -0.2231
vn 0.9566 -0.2790 -0.0846
vn 0.8810 -0.4528 -0.1374
vn 0.9566 -0.2902 -0.0286
vn 0.8810 -0.4709 -0.0464
vn 0.8810 -0.4709 0.0464
vn 0.9566 -0.2901 0.0286
vn 0.9566 -0.2790 0.0846
vn 0.8810 -0.4528 0.1374
vn 0.9565 -0.2571 0.1375
vn 0.8810 -0.4173 0.2231
vn 0.9566 -0.2254 0.1850
vn 0.8810 -0.3658 0.3002
vn 0.9566 -0.1850 0.2254
vn 0.8810 -0.3002 0.3658
vn 0.9566 -0.1374 0.2571
vn 0.8810 -0.2231 0.4173
vn 0.9566 -0.0846 0.2790
vn 0.8810 -0.1373 0.4528
vn 0.9566 -0.0286 0.2902
vn 0.8810 -0.0464 0.4709
vn 0.8810 0.0464 0.4709
vn 0.9566 0.0286 0.2902
vn 0.9566 0.0846 0.2790
vn 0.7715 -0.6088 0.1847
vn 0.7715 -0.6332 0.0623
vn 0.7715 -0.6332 -0.0623
vn 0.7715 -0.6088 -0.1847
vn 0.7715 -0.5611 -0.2999
vn 0.7715 -0.4918 -0.4036
vn 0.7715 -0.4036 -0.4918
vn 0.7715 -0.2999 -0.5611
vn 0.6326 -0.3651 -0.6831
vn 0.6326 -0.2248 -0.7412
vn 0.7715 -0.1847 -0.6088
vn 0.7715 -0.0624 -0.6331
vn 0.6326 -0.0759 -0.7708
vn 0.7715 0.0624 -0.6331
vn 0.6326 0.0759 -0.7708
vn 0.7715 0.1847 -0.6088
vn 0.6326 0.2248 -0.7412
vn 0.7715 0.2999 -0.5611
vn 0.6326 0.3651 -0.6831
vn 0.7715 0.4036 -0.4918
vn 0.9566 0.2790 0.0846
vn 0.9566 0.2902 0.0286
vn 0.9565 0.2571 0.1375
vn 0.9566 0.2254 0.1850
vn 0.9566 0.1850 0.2254
vn 0.9565 0.1375 0.2571
vn 0.6326 0.7708 -0.0759
vn 0.4696 0.8786 -0.0865
vn 0.4696 0.8448 -0.2563
vn 0.6326 0.7708 0.0759
vn 0.4696 0.8786 0.0865
vn 0.6326 0.7412 0.2249
vn 0.4696 0.8448 0.2563
vn 0.6325 0.6831 0.3651
vn 0.4697 0.7786 0.4162
vn 0.6326 0.5987 0.4913
vn 0.4696 0.6825 0.5601
vn 0.6326 0.4913 0.5987
vn 0.4696 0.5601 0.6825
vn 0.2890 0.6073 0.7400
vn 0.2890 0.7400 0.6073
vn 0.4696 0.4162 0.7786
vn 0.2890 0.4513 0.8443
vn 0.4696 0.2563 0.8448
vn 0.2890 0.2779 0.9161
vn 0.4696 0.0865 0.8786
vn 0.2890 0.0938 0.9527
vn 0.4696 -0.0865 0.8786
vn 0.2890 -0.0938 0.9527
vn 0.4696 -0.2563 0.8448
vn 0.2890 -0.2779 0.9161
vn 0.4696 -0.4162 0.7786
vn 0.2890 -0.4513 0.8443
vn 0.4696 -0.5601 0.6825
vn 0.2890 -0.6073 0.7400
vn 0.2890 -0.7400 0.6073
vn 0.2890 -0.8443 0.4513
vn 0.2890 -0.9161 0.2779
vn 0.2890 -0.9527 0.0938
vn 0.2890 -0.9527 -0.0938
vn 0.2890 -0.9161 -0.2779
vn 0.2890 -0.8443 -0.4513
vn 0.2890 0.8443 0.4513
vn 0.2890 0.9161 0.2779
vn 0.2890 0.9527 0.0938
vn 0.2890 0.9527 -0.0938
vn 0.2890 0.9161 -0.2779
vn 0.2890 0.8443 -0.4513
vn 0.7179 0.6962 -0.0000
vn 0.8387 -0.5447 -0.0000
vn 0.0046 1.0000 -0.0000
vn 0.9781 0.2080 -0.0000
vn -0.6967 0.7173 -0.0000
vn 0.5412 0.8409 -0.0000
vn -0.9999 0.0168 -0.0000
vn -0.2128 0.9771 -0.0000
vn -0.7207 -0.6933 -0.0000
vn -0.8411 0.5409 -0.0000
vn -0.0221 -0.9998 -0.0000
vn -0.9768 -0.2143 -0.0000
vn 0.6900 -0.7238 -0.0000
vn -0.0981 0.9952 -0.0000
vn 0.0981 0.9952 -0.0000
vn -0.9952 0.0981 -0.0000
vn -0.9952 -0.0981 -0.0000
vn 0.9952 -0.0981 -0.0000
vn 0.9952 0.0981 -0.0000
vn -0.5517 -0.8340 -0.0000
vn 0.9999 -0.0130 -0.0000
vn 0.2215 -0.9752 -0.0000
vn -0.1756 -0.0277 -0.9841
vn -0.9841 -0.0277 -0.1756
vn 0.1756 -0.0277 0.9841
vn 0.9841 -0.0277 0.1756
vn 0.9841 -0.0277 -0.1756
vn 0.1756 -0.0277 -0.9841
vn -0.0000 0.1774 0.9841
vn -0.1756 -0.0277 0.9841
vn -0.9841 -0.0277 0.1756
vn 0.8386 -0.5447 -0.0000
vn -0.1671 -0.0263 -0.9856
vn -0.9856 -0.0263 -0.1671
vn 0.1671 -0.0263 0.9856
vn 0.9856 -0.0263 0.1671
vn 0.9856 -0.0263 -0.1671
vn 0.1671 -0.0263 -0.9856
vn -0.0000 0.1774 -0.9841
vn -0.1671 -0.0263 0.9856
vn -0.9856 -0.0263 0.1671
vn -0.1194 -0.1194 0.9856
vn -0.1194 -0.9856 0.1194
vn -0.9856 -0.1194 0.1194
vn -0.9856 -0.1194 -0.1194
vn -0.1194 -0.1194 -0.9856
vn -0.1194 -0.9856 -0.1194
vn 0.1194 -0.9856 0.1194
vn 0.1194 -0.1194 0.9856
vn 0.9856 -0.1194 0.1194
vn 0.9856 0.1194 0.1194
vn 0.1194 0.9856 0.1194
vn 0.1194 0.1194 0.9856
vn -0.1194 0.1194 0.9856
vn -0.9856 0.1194 0.1194
vn -0.1194 0.9856 0.1194
vn -0.1194 0.9856 -0.1194
vn 0.1194 0.1194 -0.9856
vn 0.1194 0.9856 -0.1194
vn 0.1194 -0.1194 -0.9856
vn 0.1194 -0.9856 -0.1194
vn 0.9856 -0.1194 -0.1194
vn 0.9856 0.1194 -0.1194
vn -0.1194 0.1194 -0.9856
vn -0.9856 0.1194 -0.1194
vt 0.375000 0.000000
vt 0.436538 0.000000
vt 0.436538 0.062500
vt 0.375000 0.062500
vt 0.125000 0.687500
vt 0.187500 0.687500
vt 0.187500 0.750000
vt 0.125000 0.750000
vt 0.375000 0.937500
vt 0.436538 0.937500
vt 0.436538 1.000000
vt 0.375000 1.000000
vt 0.250000 0.687500
vt 0.250000 0.750000
vt 0.375000 0.875000
vt 0.436538 0.875000
vt 0.375000 0.812500
vt 0.436538 0.812500
vt 0.312500 0.687500
vt 0.312500 0.750000
vt 0.187500 0.625000
vt 0.250000 0.625000
vt 0.312500 0.625000
vt 0.187500 0.562500
vt 0.250000 0.562500
vt 0.312500 0.562500
vt 0.187500 0.500000
vt 0.250000 0.500000
vt 0.312500 0.500000
vt 0.125000 0.562500
vt 0.125000 0.625000
vt 0.125000 0.500000
vt 0.375000 0.250000
vt 0.436538 0.250000
vt 0.436538 0.312500
vt 0.375000 0.312500
vt 0.436538 0.375000
vt 0.375000 0.375000
vt 0.375000 0.187500
vt 0.436538 0.187500
vt 0.467788 0.187500
vt 0.467788 0.250000
vt 0.467788 0.312500
vt 0.499038 0.187500
vt 0.499038 0.250000
vt 0.499038 0.312500
vt 0.467788 0.375000
vt 0.499038 0.375000
vt 0.467788 0.437500
vt 0.436538 0.437500
vt 0.499038 0.437500
vt 0.467788 0.500000
vt 0.436538 0.500000
vt 0.499038 0.500000
vt 0.467788 0.562500
vt 0.436538 0.562500
vt 0.499038 0.562500
vt 0.467788 0.625000
vt 0.436538 0.625000
vt 0.499038 0.625000
vt 0.467788 0.687500
vt 0.436538 0.687500
vt 0.499038 0.687500
vt 0.467788 0.750000
vt 0.436538 0.750000
vt 0.499038 0.750000
vt 0.467788 0.812500
vt 0.499038 0.812500
vt 0.467788 0.875000
vt 0.499038 0.875000
vt 0.467788 0.937500
vt 0.499038 0.937500
vt 0.467788 1.000000
vt 0.499038 1.000000
vt 0.561538 0.937500
vt 0.561538 1.000000
vt 0.561538 0.875000
vt 0.625000 0.875000
vt 0.625000 0.937500
vt 0.625000 1.000000
vt 0.750000 0.687500
vt 0.812500 0.687500
vt 0.812500 0.750000
vt 0.750000 0.750000
vt 0.875000 0.687500
vt 0.875000 0.750000
vt 0.750000 0.625000
vt 0.812500 0.625000
vt 0.875000 0.625000
vt 0.561538 0.000000
vt 0.625000 0.000000
vt 0.625000 0.062500
vt 0.561538 0.062500
vt 0.625000 0.125000
vt 0.561538 0.125000
vt 0.625000 0.187500
vt 0.561538 0.187500
vt 0.812500 0.562500
vt 0.875000 0.562500
vt 0.625000 0.250000
vt 0.561538 0.250000
vt 0.812500 0.500000
vt 0.875000 0.500000
vt 0.499038 0.125000
vt 0.625000 0.312500
vt 0.561538 0.312500
vt 0.561538 0.375000
vt 0.625000 0.375000
vt 0.561538 0.437500
vt 0.625000 0.437500
vt 0.625000 0.500000
vt 0.561538 0.500000
vt 0.625000 0.562500
vt 0.561538 0.562500
vt 0.625000 0.625000
vt 0.561538 0.625000
vt 0.561538 0.687500
vt 0.625000 0.687500
vt 0.561538 0.750000
vt 0.625000 0.750000
vt 0.625000 0.812500
vt 0.561538 0.812500
vt 0.687500 0.687500
vt 0.687500 0.750000
vt 0.687500 0.625000
vt 0.687500 0.562500
vt 0.750000 0.562500
vt 0.687500 0.500000
vt 0.750000 0.500000
vt 0.467788 0.125000
vt 0.499038 0.062500
vt 0.467788 0.062500
vt 0.436538 0.125000
vt 0.375000 0.125000
vt 0.467788 0.000000
vt 0.499038 0.000000
vt 0.375000 0.750000
vt 0.375000 0.687500
vt 0.375000 0.625000
vt 0.375000 0.562500
vt 0.375000 0.500000
vt 0.375000 0.437500
vt 1.000000 0.500000
vt 1.000000 1.000000
vt 0.968750 1.000000
vt 0.968750 0.500000
vt 0.937500 1.000000
vt 0.937500 0.500000
vt 0.906250 1.000000
vt 0.906250 0.500000
vt 0.875000 1.000000
vt 0.843750 1.000000
vt 0.843750 0.500000
vt 0.812500 1.000000
vt 0.781250 1.000000
vt 0.781250 0.500000
vt 0.750000 1.000000
vt 0.718750 1.000000
vt 0.718750 0.500000
vt 0.687500 1.000000
vt 0.656250 1.000000
vt 0.656250 0.500000
vt 0.593750 1.000000
vt 0.593750 0.500000
vt 0.562500 1.000000
vt 0.562500 0.500000
vt 0.531250 1.000000
vt 0.531250 0.500000
vt 0.500000 1.000000
vt 0.500000 0.500000
vt 0.468750 1.000000
vt 0.468750 0.500000
vt 0.437500 1.000000
vt 0.437500 0.500000
vt 0.406250 1.000000
vt 0.406250 0.500000
vt 0.343750 1.000000
vt 0.343750 0.500000
vt 0.312500 1.000000
vt 0.281250 1.000000
vt 0.281250 0.500000
vt 0.250000 1.000000
vt 0.218750 1.000000
vt 0.218750 0.500000
vt 0.187500 1.000000
vt 0.156250 1.000000
vt 0.156250 0.500000
vt 0.125000 1.000000
vt 0.093750 1.000000
vt 0.093750 0.500000
vt 0.062500 1.000000
vt 0.062500 0.500000
vt 0.471731 0.341844
vt 0.449553 0.383337
vt 0.419706 0.419706
vt 0.383337 0.449553
vt 0.341844 0.471731
vt 0.296822 0.485388
vt 0.250000 0.490000
vt 0.203178 0.485388
vt 0.158156 0.471731
vt 0.116663 0.449553
vt 0.080294 0.419706
vt 0.050447 0.383337
vt 0.165393 0.307535
vt 0.177486 0.322282
vt 0.193048 0.334900
vt 0.210800 0.344377
vt 0.229944 0.350293
vt 0.249795 0.352237
vt 0.269707 0.350145
vt 0.288942 0.344290
vt 0.306658 0.334934
vt 0.322092 0.322264
vt 0.334736 0.306690
vt 0.344243 0.288932
vt 0.350178 0.269786
vt 0.352127 0.249941
vt 0.350035 0.230044
vt 0.344181 0.210833
vt 0.334829 0.193150
vt 0.322175 0.177758
vt 0.306631 0.165159
vt 0.288910 0.155691
vt 0.269794 0.149776
vt 0.249961 0.147824
vt 0.230055 0.149898
vt 0.210824 0.155729
vt 0.193116 0.165062
vt 0.177700 0.177706
vt 0.165078 0.193251
vt 0.155587 0.210978
vt 0.149648 0.230105
vt 0.014612 0.203178
vt 0.028269 0.158156
vt 0.050447 0.116663
vt 0.080294 0.080294
vt 0.116663 0.050447
vt 0.158156 0.028269
vt 0.203178 0.014612
vt 0.250000 0.010000
vt 0.296822 0.014612
vt 0.341844 0.028269
vt 0.383337 0.050447
vt 0.419706 0.080294
vt 0.449553 0.116663
vt 0.471731 0.158156
vt 0.485388 0.203178
vt 0.490000 0.250000
vt 0.485388 0.296822
vt 0.028269 0.341844
vt 0.014612 0.296822
vt 0.010000 0.250000
vt 0.147671 0.249953
vt 0.149720 0.269879
vt 0.155527 0.289132
vt 0.164842 0.306859
vt 0.031250 1.000000
vt 0.031250 0.500000
vt 0.000000 1.000000
vt 0.000000 0.500000
vt 0.729944 0.350293
vt 0.703178 0.485388
vt 0.750000 0.490000
vt 0.796822 0.485388
vt 0.841844 0.471731
vt 0.883337 0.449553
vt 0.919706 0.419706
vt 0.949553 0.383337
vt 0.971731 0.341844
vt 0.985388 0.296822
vt 0.990000 0.250000
vt 0.852127 0.249941
vt 0.850178 0.269786
vt 0.844243 0.288932
vt 0.834736 0.306690
vt 0.822091 0.322264
vt 0.806658 0.334934
vt 0.788942 0.344290
vt 0.769707 0.350145
vt 0.749795 0.352237
vt 0.985388 0.203178
vt 0.971731 0.158156
vt 0.949553 0.116663
vt 0.919706 0.080294
vt 0.883337 0.050447
vt 0.841844 0.028269
vt 0.796822 0.014612
vt 0.750000 0.010000
vt 0.703178 0.014612
vt 0.658156 0.028269
vt 0.616663 0.050447
vt 0.580294 0.080294
vt 0.550447 0.116663
vt 0.528269 0.158156
vt 0.514612 0.203178
vt 0.510000 0.250000
vt 0.514612 0.296822
vt 0.528269 0.341844
vt 0.550447 0.383337
vt 0.580294 0.419706
vt 0.616663 0.449553
vt 0.658156 0.471731
vt 0.710800 0.344377
vt 0.693048 0.334900
vt 0.677485 0.322282
vt 0.664842 0.306859
vt 0.655527 0.289132
vt 0.649720 0.269879
vt 0.647671 0.249953
vt 0.649648 0.230105
vt 0.655587 0.210978
vt 0.665078 0.193251
vt 0.677700 0.177706
vt 0.693115 0.165062
vt 0.710824 0.155729
vt 0.730056 0.149898
vt 0.749961 0.147824
vt 0.769794 0.149776
vt 0.788910 0.155691
vt 0.806630 0.165159
vt 0.822175 0.177758
vt 0.834829 0.193150
vt 0.844181 0.210833
vt 0.850035 0.230044
vt 0.968750 0.732435
vt 0.968750 0.767565
vt 1.000000 0.767565
vt 1.000000 0.732435
vt 0.937500 0.732435
vt 0.937500 0.767565
vt 0.906250 0.732435
vt 0.906250 0.767565
vt 0.875000 0.732435
vt 0.875000 0.767565
vt 0.843750 0.767565
vt 0.843750 0.732435
vt 0.812500 0.767565
vt 0.812500 0.732435
vt 0.781250 0.767565
vt 0.781250 0.732435
vt 0.750000 0.767565
vt 0.750000 0.732435
vt 0.718750 0.767565
vt 0.718750 0.732435
vt 0.687500 0.767565
vt 0.687500 0.732435
vt 0.656250 0.767565
vt 0.656250 0.732435
vt 0.625000 0.767565
vt 0.625000 0.732435
vt 0.593750 0.767565
vt 0.593750 0.732435
vt 0.562500 0.767565
vt 0.562500 0.732435
vt 0.531250 0.767565
vt 0.531250 0.732435
vt 0.500000 0.767565
vt 0.500000 0.732435
vt 0.468750 0.767565
vt 0.468750 0.732435
vt 0.437500 0.767565
vt 0.437500 0.732435
vt 0.406250 0.767565
vt 0.406250 0.732435
vt 0.375000 0.767565
vt 0.375000 0.732435
vt 0.343750 0.732435
vt 0.343750 0.767565
vt 0.312500 0.732435
vt 0.312500 0.767565
vt 0.281250 0.732435
vt 0.281250 0.767565
vt 0.250000 0.732435
vt 0.250000 0.767565
vt 0.218750 0.732435
vt 0.218750 0.767565
vt 0.187500 0.732435
vt 0.187500 0.767565
vt 0.156250 0.732435
vt 0.156250 0.767565
vt 0.125000 0.732435
vt 0.125000 0.767565
vt 0.154883 0.767565
vt 0.093750 0.732435
vt 0.093750 0.767565
vt 0.062500 0.732435
vt 0.062500 0.767565
vt 0.031250 0.732435
vt 0.031250 0.767565
vt 0.000000 0.732435
vt 0.000000 0.767565
vt 0.479167 0.500000
vt 0.500000 0.583333
vt 0.479167 0.583333
vt 0.520833 0.500000
vt 0.520833 0.583333
vt 0.500000 0.416667
vt 0.520833 0.416667
vt 0.479167 0.416667
vt 0.458333 0.416667
vt 0.458333 0.500000
vt 0.458333 0.583333
vt 0.479167 0.333333
vt 0.500000 0.333333
vt 0.458333 0.333333
vt 0.437500 0.333333
vt 0.437500 0.416667
vt 0.416667 0.333333
vt 0.416667 0.416667
vt 0.416667 0.500000
vt 0.437500 0.583333
vt 0.416667 0.583333
vt 0.437500 0.666667
vt 0.416667 0.666667
vt 0.458333 0.666667
vt 0.479167 0.666667
vt 0.458333 0.750000
vt 0.437500 0.750000
vt 0.479167 0.750000
vt 0.500000 0.666667
vt 0.500000 0.750000
vt 0.520833 0.666667
vt 0.520833 0.750000
vt 0.520833 0.833333
vt 0.500000 0.833333
vt 0.479167 0.833333
vt 0.520833 0.916667
vt 0.500000 0.916667
vt 0.479167 0.916667
vt 0.458333 0.833333
vt 0.458333 0.916667
vt 0.479167 1.000000
vt 0.458333 1.000000
vt 0.458333 0.000000
vt 0.479167 0.000000
vt 0.479167 0.083333
vt 0.458333 0.083333
vt 0.500000 0.000000
vt 0.500000 0.083333
vt 0.520833 1.000000
vt 0.520833 0.000000
vt 0.520833 0.083333
vt 0.520833 0.166667
vt 0.500000 0.166667
vt 0.479167 0.166667
vt 0.520833 0.250000
vt 0.500000 0.250000
vt 0.479167 0.250000
vt 0.458333 0.166667
vt 0.458333 0.250000
vt 0.437500 0.166667
vt 0.437500 0.250000
vt 0.416667 0.166667
vt 0.416667 0.250000
vt 0.395833 0.166667
vt 0.395833 0.250000
vt 0.395833 0.333333
vt 0.395833 0.416667
vt 0.375000 0.333333
vt 0.375000 0.416667
vt 0.395833 0.500000
vt 0.395833 0.583333
vt 0.375000 0.583333
vt 0.395833 0.666667
vt 0.375000 0.666667
vt 0.395833 0.750000
vt 0.416667 0.750000
vt 0.416667 0.833333
vt 0.395833 0.833333
vt 0.437500 0.833333
vt 0.437500 0.916667
vt 0.416667 0.916667
vt 0.416667 1.000000
vt 0.416667 0.000000
vt 0.437500 0.000000
vt 0.437500 0.083333
vt 0.416667 0.083333
vt 0.395833 0.000000
vt 0.395833 0.083333
vt 0.375000 0.000000
vt 0.375000 0.083333
vt 0.375000 0.166667
vt 0.354167 0.083333
vt 0.354167 0.166667
vt 0.354167 0.250000
vt 0.354167 0.333333
vt 0.333333 0.166667
vt 0.333333 0.250000
vt 0.333333 0.333333
vt 0.354167 0.416667
vt 0.333333 0.416667
vt 0.354167 0.500000
vt 0.333333 0.500000
vt 0.354167 0.583333
vt 0.333333 0.583333
vt 0.354167 0.666667
vt 0.333333 0.666667
vt 0.354167 0.750000
vt 0.333333 0.750000
vt 0.354167 0.833333
vt 0.333333 0.833333
vt 0.375000 0.833333
vt 0.375000 0.916667
vt 0.354167 0.916667
vt 0.395833 0.916667
vt 0.395833 1.000000
vt 0.354167 1.000000
vt 0.354167 0.000000
vt 0.333333 0.916667
vt 0.333333 1.000000
vt 0.333333 0.000000
vt 0.333333 0.083333
vt 0.312500 0.000000
vt 0.312500 0.083333
vt 0.312500 0.166667
vt 0.312500 0.250000
vt 0.291667 0.083333
vt 0.291667 0.166667
vt 0.291667 0.250000
vt 0.312500 0.333333
vt 0.291667 0.333333
vt 0.312500 0.416667
vt 0.291667 0.416667
vt 0.291667 0.500000
vt 0.312500 0.583333
vt 0.291667 0.583333
vt 0.312500 0.666667
vt 0.291667 0.666667
vt 0.291667 0.750000
vt 0.312500 0.833333
vt 0.291667 0.833333
vt 0.312500 0.916667
vt 0.291667 0.916667
vt 0.291667 1.000000
vt 0.291667 0.000000
vt 0.270833 0.916667
vt 0.270833 1.000000
vt 0.270833 0.000000
vt 0.270833 0.083333
vt 0.270833 0.166667
vt 0.250000 0.000000
vt 0.250000 0.083333
vt 0.250000 0.166667
vt 0.270833 0.250000
vt 0.250000 0.250000
vt 0.270833 0.333333
vt 0.250000 0.333333
vt 0.270833 0.416667
vt 0.250000 0.416667
vt 0.270833 0.500000
vt 0.270833 0.583333
vt 0.250000 0.583333
vt 0.270833 0.666667
vt 0.250000 0.666667
vt 0.270833 0.750000
vt 0.270833 0.833333
vt 0.250000 0.833333
vt 0.250000 0.916667
vt 0.229167 0.833333
vt 0.229167 0.916667
vt 0.229167 1.000000
vt 0.229167 0.000000
vt 0.229167 0.083333
vt 0.208333 0.916667
vt 0.208333 1.000000
vt 0.208333 0.000000
vt 0.208333 0.083333
vt 0.229167 0.166667
vt 0.208333 0.166667
vt 0.229167 0.250000
vt 0.208333 0.250000
vt 0.229167 0.333333
vt 0.208333 0.333333
vt 0.229167 0.416667
vt 0.208333 0.416667
vt 0.229167 0.500000
vt 0.208333 0.500000
vt 0.229167 0.583333
vt 0.208333 0.583333
vt 0.229167 0.666667
vt 0.208333 0.666667
vt 0.229167 0.750000
vt 0.208333 0.750000
vt 0.208333 0.833333
vt 0.187500 0.833333
vt 0.187500 0.916667
vt 0.166667 0.833333
vt 0.166667 0.916667
vt 0.166667 1.000000
vt 0.166667 0.000000
vt 0.187500 0.000000
vt 0.187500 0.083333
vt 0.166667 0.083333
vt 0.187500 0.166667
vt 0.166667 0.166667
vt 0.187500 0.250000
vt 0.166667 0.250000
vt 0.187500 0.333333
vt 0.166667 0.333333
vt 0.187500 0.416667
vt 0.166667 0.416667
vt 0.166667 0.500000
vt 0.187500 0.583333
vt 0.166667 0.583333
vt 0.187500 0.666667
vt 0.166667 0.666667
vt 0.166667 0.750000
vt 0.145833 0.666667
vt 0.145833 0.750000
vt 0.145833 0.833333
vt 0.145833 0.916667
vt 0.125000 0.833333
vt 0.125000 0.916667
vt 0.145833 1.000000
vt 0.125000 0.000000
vt 0.145833 0.000000
vt 0.145833 0.083333
vt 0.125000 0.083333
vt 0.145833 0.166667
vt 0.125000 0.166667
vt 0.145833 0.250000
vt 0.125000 0.250000
vt 0.145833 0.333333
vt 0.125000 0.333333
vt 0.145833 0.416667
vt 0.125000 0.416667
vt 0.145833 0.500000
vt 0.145833 0.583333
vt 0.125000 0.583333
vt 0.125000 0.666667
vt 0.104167 0.583333
vt 0.104167 0.666667
vt 0.104167 0.750000
vt 0.104167 0.833333
vt 0.083333 0.666667
vt 0.083333 0.750000
vt 0.083333 0.833333
vt 0.104167 0.916667
vt 0.083333 0.916667
vt 0.104167 1.000000
vt 0.083333 1.000000
vt 0.083333 0.000000
vt 0.104167 0.000000
vt 0.104167 0.083333
vt 0.083333 0.083333
vt 0.104167 0.166667
vt 0.083333 0.166667
vt 0.104167 0.250000
vt 0.083333 0.250000
vt 0.104167 0.333333
vt 0.083333 0.333333
vt 0.104167 0.416667
vt 0.083333 0.416667
vt 0.104167 0.500000
vt 0.083333 0.500000
vt 0.083333 0.583333
vt 0.062500 0.583333
vt 0.062500 0.666667
vt 0.062500 0.750000
vt 0.041667 0.583333
vt 0.041667 0.666667
vt 0.041667 0.750000
vt 0.062500 0.833333
vt 0.041667 0.833333
vt 0.062500 0.916667
vt 0.041667 0.916667
vt 0.041667 1.000000
vt 0.041667 0.000000
vt 0.062500 0.000000
vt 0.062500 0.083333
vt 0.041667 0.083333
vt 0.062500 0.166667
vt 0.041667 0.166667
vt 0.062500 0.250000
vt 0.041667 0.250000
vt 0.062500 0.333333
vt 0.041667 0.333333
vt 0.062500 0.416667
vt 0.041667 0.416667
vt 0.041667 0.500000
vt 0.020833 0.416667
vt 0.020833 0.500000
vt 0.020833 0.583333
vt 0.020833 0.666667
vt 0.000000 0.500000
vt 0.000000 0.583333
vt 0.000000 0.666667
vt 0.020833 0.750000
vt 0.000000 0.750000
vt 0.020833 0.833333
vt 0.000000 0.833333
vt 0.020833 0.916667
vt 0.000000 0.916667
vt 0.020833 1.000000
vt 0.000000 1.000000
vt 0.000000 0.000000
vt 0.020833 0.000000
vt 0.020833 0.083333
vt 0.000000 0.083333
vt 0.020833 0.166667
vt 0.000000 0.166667
vt 0.020833 0.250000
vt 0.000000 0.250000
vt 0.020833 0.333333
vt 0.000000 0.333333
vt 0.000000 0.416667
vt 0.979167 0.333333
vt 1.000000 0.333333
vt 1.000000 0.416667
vt 0.979167 0.416667
vt 0.979167 0.500000
vt 1.000000 0.583333
vt 0.979167 0.583333
vt 0.958333 0.416667
vt 0.958333 0.500000
vt 0.958333 0.583333
vt 0.979167 0.666667
vt 0.958333 0.666667
vt 1.000000 0.666667
vt 0.979167 0.750000
vt 0.958333 0.750000
vt 1.000000 0.750000
vt 0.979167 0.833333
vt 0.958333 0.833333
vt 1.000000 0.833333
vt 0.979167 0.916667
vt 0.958333 0.916667
vt 1.000000 0.916667
vt 0.979167 1.000000
vt 0.958333 1.000000
vt 0.958333 0.000000
vt 0.979167 0.000000
vt 0.979167 0.083333
vt 0.958333 0.083333
vt 1.000000 0.000000
vt 1.000000 0.083333
vt 0.979167 0.166667
vt 0.958333 0.166667
vt 1.000000 0.166667
vt 0.979167 0.250000
vt 0.958333 0.250000
vt 1.000000 0.250000
vt 0.958333 0.333333
vt 0.937500 0.250000
vt 0.937500 0.333333
vt 0.937500 0.416667
vt 0.916667 0.333333
vt 0.916667 0.416667
vt 0.916667 0.500000
vt 0.937500 0.583333
vt 0.916667 0.583333
vt 0.937500 0.666667
vt 0.916667 0.666667
vt 0.937500 0.750000
vt 0.916667 0.750000
vt 0.937500 0.833333
vt 0.916667 0.833333
vt 0.937500 0.916667
vt 0.916667 0.916667
vt 0.916667 1.000000
vt 0.916667 0.000000
vt 0.937500 0.000000
vt 0.937500 0.083333
vt 0.916667 0.083333
vt 0.937500 0.166667
vt 0.916667 0.166667
vt 0.916667 0.250000
vt 0.895833 0.166667
vt 0.895833 0.250000
vt 0.895833 0.333333
vt 0.895833 0.416667
vt 0.875000 0.250000
vt 0.875000 0.333333
vt 0.875000 0.416667
vt 0.895833 0.500000
vt 0.895833 0.583333
vt 0.875000 0.583333
vt 0.895833 0.666667
vt 0.875000 0.666667
vt 0.895833 0.750000
vt 0.895833 0.833333
vt 0.875000 0.833333
vt 0.895833 0.916667
vt 0.875000 0.916667
vt 0.895833 1.000000
vt 0.875000 0.000000
vt 0.895833 0.000000
vt 0.895833 0.083333
vt 0.875000 0.083333
vt 0.875000 0.166667
vt 0.854167 0.083333
vt 0.854167 0.166667
vt 0.854167 0.250000
vt 0.854167 0.333333
vt 0.833333 0.166667
vt 0.833333 0.250000
vt 0.833333 0.333333
vt 0.854167 0.416667
vt 0.833333 0.416667
vt 0.854167 0.500000
vt 0.833333 0.500000
vt 0.854167 0.583333
vt 0.833333 0.583333
vt 0.854167 0.666667
vt 0.833333 0.666667
vt 0.854167 0.750000
vt 0.833333 0.750000
vt 0.854167 0.833333
vt 0.833333 0.833333
vt 0.854167 0.916667
vt 0.833333 0.916667
vt 0.854167 1.000000
vt 0.833333 1.000000
vt 0.833333 0.000000
vt 0.854167 0.000000
vt 0.833333 0.083333
vt 0.812500 0.000000
vt 0.812500 0.083333
vt 0.812500 0.166667
vt 0.812500 0.250000
vt 0.791667 0.083333
vt 0.791667 0.166667
vt 0.791667 0.250000
vt 0.812500 0.333333
vt 0.791667 0.333333
vt 0.812500 0.416667
vt 0.791667 0.416667
vt 0.791667 0.500000
vt 0.812500 0.583333
vt 0.791667 0.583333
vt 0.812500 0.666667
vt 0.791667 0.666667
vt 0.791667 0.750000
vt 0.812500 0.833333
vt 0.791667 0.833333
vt 0.812500 0.916667
vt 0.791667 0.916667
vt 0.791667 1.000000
vt 0.791667 0.000000
vt 0.770833 0.916667
vt 0.770833 1.000000
vt 0.770833 0.000000
vt 0.770833 0.083333
vt 0.770833 0.166667
vt 0.750000 0.000000
vt 0.750000 0.083333
vt 0.750000 0.166667
vt 0.770833 0.250000
vt 0.750000 0.250000
vt 0.770833 0.333333
vt 0.750000 0.333333
vt 0.770833 0.416667
vt 0.750000 0.416667
vt 0.770833 0.500000
vt 0.770833 0.583333
vt 0.750000 0.583333
vt 0.770833 0.666667
vt 0.750000 0.666667
vt 0.770833 0.750000
vt 0.770833 0.833333
vt 0.750000 0.833333
vt 0.750000 0.916667
vt 0.729167 0.833333
vt 0.729167 0.916667
vt 0.729167 1.000000
vt 0.729167 0.000000
vt 0.729167 0.083333
vt 0.708333 0.916667
vt 0.708333 1.000000
vt 0.708333 0.000000
vt 0.708333 0.083333
vt 0.729167 0.166667
vt 0.708333 0.166667
vt 0.729167 0.250000
vt 0.708333 0.250000
vt 0.729167 0.333333
vt 0.708333 0.333333
vt 0.729167 0.416667
vt 0.708333 0.416667
vt 0.729167 0.500000
vt 0.708333 0.500000
vt 0.729167 0.583333
vt 0.708333 0.583333
vt 0.729167 0.666667
vt 0.708333 0.666667
vt 0.729167 0.750000
vt 0.708333 0.750000
vt 0.708333 0.833333
vt 0.687500 0.833333
vt 0.687500 0.916667
vt 0.666667 0.833333
vt 0.666667 0.916667
vt 0.666667 1.000000
vt 0.666667 0.000000
vt 0.687500 0.000000
vt 0.687500 0.083333
vt 0.666667 0.083333
vt 0.687500 0.166667
vt 0.666667 0.166667
vt 0.687500 0.250000
vt 0.666667 0.250000
vt 0.687500 0.333333
vt 0.666667 0.333333
vt 0.687500 0.416667
vt 0.666667 0.416667
vt 0.666667 0.500000
vt 0.687500 0.583333
vt 0.666667 0.583333
vt 0.687500 0.666667
vt 0.666667 0.666667
vt 0.666667 0.750000
vt 0.645833 0.666667
vt 0.645833 0.750000
vt 0.645833 0.833333
vt 0.645833 0.916667
vt 0.625000 0.833333
vt 0.625000 0.916667
vt 0.645833 1.000000
vt 0.625000 0.000000
vt 0.645833 0.000000
vt 0.645833 0.083333
vt 0.625000 0.083333
vt 0.645833 0.166667
vt 0.625000 0.166667
vt 0.645833 0.250000
vt 0.645833 0.333333
vt 0.625000 0.333333
vt 0.645833 0.416667
vt 0.625000 0.416667
vt 0.645833 0.500000
vt 0.645833 0.583333
vt 0.625000 0.583333
vt 0.625000 0.666667
vt 0.604167 0.583333
vt 0.604167 0.666667
vt 0.604167 0.750000
vt 0.604167 0.833333
vt 0.583333 0.666667
vt 0.583333 0.750000
vt 0.583333 0.833333
vt 0.604167 0.916667
vt 0.583333 0.916667
vt 0.604167 1.000000
vt 0.583333 1.000000
vt 0.583333 0.000000
vt 0.604167 0.000000
vt 0.604167 0.083333
vt 0.583333 0.083333
vt 0.604167 0.166667
vt 0.583333 0.166667
vt 0.604167 0.250000
vt 0.583333 0.250000
vt 0.604167 0.333333
vt 0.583333 0.333333
vt 0.604167 0.416667
vt 0.583333 0.416667
vt 0.604167 0.500000
vt 0.583333 0.500000
vt 0.583333 0.583333
vt 0.562500 0.583333
vt 0.562500 0.666667
vt 0.562500 0.750000
vt 0.541667 0.583333
vt 0.541667 0.666667
vt 0.541667 0.750000
vt 0.562500 0.833333
vt 0.541667 0.833333
vt 0.562500 0.916667
vt 0.541667 0.916667
vt 0.541667 1.000000
vt 0.541667 0.000000
vt 0.562500 0.000000
vt 0.562500 0.083333
vt 0.541667 0.083333
vt 0.562500 0.166667
vt 0.541667 0.166667
vt 0.562500 0.250000
vt 0.541667 0.250000
vt 0.562500 0.333333
vt 0.541667 0.333333
vt 0.562500 0.416667
vt 0.541667 0.416667
vt 0.541667 0.500000
vt 0.520833 0.333333
vt 0.750000 0.812500
vt 0.750000 0.875000
vt 0.718750 0.875000
vt 0.718750 0.812500
vt 0.718750 0.750000
vt 0.781250 0.812500
vt 0.781250 0.875000
vt 0.781250 0.750000
vt 0.812500 0.812500
vt 0.812500 0.875000
vt 0.843750 0.812500
vt 0.843750 0.875000
vt 0.843750 0.750000
vt 0.875000 0.812500
vt 0.875000 0.875000
vt 0.906250 0.812500
vt 0.906250 0.875000
vt 0.906250 0.750000
vt 0.937500 0.812500
vt 0.937500 0.875000
vt 0.968750 0.750000
vt 0.968750 0.812500
vt 0.968750 0.875000
vt 0.968750 0.687500
vt 0.937500 0.687500
vt 0.906250 0.687500
vt 1.000000 0.812500
vt 1.000000 0.687500
vt 0.031250 0.750000
vt 0.031250 0.812500
vt 0.000000 0.812500
vt 0.000000 0.750000
vt 0.031250 0.687500
vt 0.000000 0.687500
vt 0.062500 0.812500
vt 0.062500 0.687500
vt 0.093750 0.750000
vt 0.093750 0.812500
vt 0.093750 0.687500
vt 0.125000 0.812500
vt 0.156250 0.750000
vt 0.156250 0.812500
vt 0.156250 0.687500
vt 0.187500 0.812500
vt 0.156250 0.625000
vt 0.218750 0.687500
vt 0.218750 0.750000
vt 0.218750 0.625000
vt 0.281250 0.687500
vt 0.281250 0.750000
vt 0.281250 0.625000
vt 0.343750 0.687500
vt 0.343750 0.750000
vt 0.343750 0.625000
vt 0.406250 0.687500
vt 0.406250 0.750000
vt 0.406250 0.625000
vt 0.406250 0.562500
vt 0.343750 0.562500
vt 0.437500 0.625000
vt 0.437500 0.687500
vt 0.437500 0.562500
vt 0.468750 0.625000
vt 0.468750 0.687500
vt 0.468750 0.562500
vt 0.500000 0.625000
vt 0.500000 0.687500
vt 0.500000 0.562500
vt 0.531250 0.625000
vt 0.531250 0.687500
vt 0.531250 0.562500
vt 0.562500 0.625000
vt 0.562500 0.687500
vt 0.562500 0.562500
vt 0.593750 0.625000
vt 0.593750 0.687500
vt 0.593750 0.562500
vt 0.718750 0.562500
vt 0.656250 0.562500
vt 0.281250 0.562500
vt 0.218750 0.562500
vt 0.156250 0.562500
vt 0.093750 0.562500
vt 0.062500 0.562500
vt 0.031250 0.562500
vt 1.000000 0.562500
vt 0.968750 0.562500
vt 0.937500 0.562500
vt 0.906250 0.562500
vt 0.843750 0.562500
vt 0.781250 0.562500
vt 0.656250 0.625000
vt 0.656250 0.687500
vt 0.656250 0.750000
vt 0.593750 0.750000
vt 0.687500 0.812500
vt 0.656250 0.812500
vt 0.718750 0.687500
vt 0.687500 0.875000
vt 0.656250 0.875000
vt 0.718750 0.937500
vt 0.687500 0.937500
vt 0.656250 0.937500
vt 0.750000 0.937500
vt 0.734375 1.000000
vt 0.703125 1.000000
vt 0.781250 0.937500
vt 0.765625 1.000000
vt 0.593750 0.937500
vt 0.578125 1.000000
vt 0.562500 0.937500
vt 0.546875 1.000000
vt 0.531250 0.937500
vt 0.515625 1.000000
vt 0.500000 0.937500
vt 0.484375 1.000000
vt 0.468750 0.937500
vt 0.453125 1.000000
vt 0.437500 0.937500
vt 0.421875 1.000000
vt 0.406250 0.937500
vt 0.390625 1.000000
vt 0.359375 1.000000
vt 0.343750 0.937500
vt 0.328125 1.000000
vt 0.312500 0.937500
vt 0.296875 1.000000
vt 0.281250 0.937500
vt 0.265625 1.000000
vt 0.250000 0.937500
vt 0.234375 1.000000
vt 0.218750 0.937500
vt 0.203125 1.000000
vt 0.187500 0.937500
vt 0.171875 1.000000
vt 0.156250 0.937500
vt 0.140625 1.000000
vt 0.125000 0.937500
vt 0.109375 1.000000
vt 0.093750 0.937500
vt 0.078125 1.000000
vt 0.062500 0.937500
vt 0.046875 1.000000
vt 0.031250 0.937500
vt 0.015625 1.000000
vt 0.000000 0.937500
vt 1.000000 0.937500
vt 0.984375 1.000000
vt 0.968750 0.937500
vt 0.953125 1.000000
vt 0.937500 0.937500
vt 0.921875 1.000000
vt 0.906250 0.937500
vt 0.890625 1.000000
vt 0.875000 0.937500
vt 0.859375 1.000000
vt 0.843750 0.937500
vt 0.828125 1.000000
vt 0.812500 0.937500
vt 0.796875 1.000000
vt 0.609375 1.000000
vt 0.640625 1.000000
vt 0.671875 1.000000
vt 0.593750 0.875000
vt 0.593750 0.812500
vt 0.562500 0.875000
vt 0.562500 0.812500
vt 0.531250 0.875000
vt 0.531250 0.812500
vt 0.500000 0.875000
vt 0.500000 0.812500
vt 0.468750 0.875000
vt 0.468750 0.812500
vt 0.437500 0.875000
vt 0.437500 0.812500
vt 0.406250 0.875000
vt 0.406250 0.812500
vt 0.343750 0.875000
vt 0.343750 0.812500
vt 0.312500 0.875000
vt 0.312500 0.812500
vt 0.281250 0.875000
vt 0.281250 0.812500
vt 0.250000 0.875000
vt 0.250000 0.812500
vt 0.218750 0.875000
vt 0.218750 0.812500
vt 0.187500 0.875000
vt 0.156250 0.875000
vt 0.125000 0.875000
vt 0.093750 0.875000
vt 0.062500 0.875000
vt 0.031250 0.875000
vt 0.000000 0.875000
vt 1.000000 0.875000
vt 0.468750 0.750000
vt 0.531250 0.750000
vt 0.718750 0.625000
vt 0.781250 0.687500
vt 0.781250 0.625000
vt 0.843750 0.687500
vt 0.843750 0.625000
vt 0.906250 0.625000
vt 0.937500 0.625000
vt 0.968750 0.625000
vt 1.000000 0.625000
vt 0.031250 0.625000
vt 0.000000 0.625000
vt 0.000000 0.562500
vt 0.062500 0.625000
vt 0.093750 0.625000
vt 0.437500 0.000000
vt 0.437500 0.062500
vt 0.437500 0.125000
vt 0.500000 0.000000
vt 0.500000 0.062500
vt 0.500000 0.125000
vt 0.500000 0.187500
vt 0.437500 0.187500
vt 0.437500 0.312500
vt 0.500000 0.312500
vt 0.500000 0.375000
vt 0.437500 0.375000
vt 0.562500 0.000000
vt 0.562500 0.062500
vt 0.562500 0.125000
vt 0.562500 0.187500
vt 0.562500 0.312500
vt 0.562500 0.375000
vt 0.562500 0.437500
vt 0.500000 0.437500
vt 0.437500 0.437500
s 1
f 1/1/1 3/2/1 107/3/1 2/4/1
f 2/5/2 5/6/2 4/7/2 1/8/2
f 4/9/3 6/10/3 3/11/3 1/12/3
f 5/6/4 10/13/4 7/14/4 4/7/4
f 7/15/5 8/16/5 6/10/5 4/9/5
f 9/17/5 52/18/5 8/16/5 7/15/5
f 10/13/6 11/19/6 9/20/6 7/14/6
f 13/21/7 12/22/7 10/13/7 5/6/7
f 12/22/8 14/23/8 11/19/8 10/13/8
f 18/24/9 15/25/9 12/22/9 13/21/9
f 15/25/10 17/26/10 14/23/10 12/22/10
f 20/27/11 16/28/11 15/25/11 18/24/11
f 16/28/11 114/29/11 17/26/11 15/25/11
f 19/30/12 18/24/12 13/21/12 108/31/12
f 22/32/13 20/27/13 18/24/13 19/30/13
f 22/33/14 23/34/14 21/35/14 20/36/14
f 20/36/15 21/35/15 31/37/15 16/38/15
f 19/39/16 24/40/16 23/34/16 22/33/16
f 24/40/17 26/41/17 25/42/17 23/34/17
f 23/34/18 25/42/18 28/43/18 21/35/18
f 26/41/17 77/44/17 27/45/17 25/42/17
f 25/42/18 27/45/18 29/46/18 28/43/18
f 21/35/19 28/43/19 30/47/19 31/37/19
f 28/43/19 29/46/19 32/48/19 30/47/19
f 31/37/19 30/47/19 33/49/19 34/50/19
f 30/47/19 32/48/19 35/51/19 33/49/19
f 34/50/20 33/49/20 36/52/20 37/53/20
f 33/49/20 35/51/20 38/54/20 36/52/20
f 37/53/21 36/52/21 39/55/21 40/56/21
f 36/52/21 38/54/21 41/57/21 39/55/21
f 40/56/22 39/55/22 42/58/22 43/59/22
f 39/55/22 41/57/22 44/60/22 42/58/22
f 43/59/22 42/58/22 45/61/22 46/62/22
f 42/58/22 44/60/22 47/63/22 45/61/22
f 46/62/23 45/61/23 48/64/23 49/65/23
f 45/61/23 47/63/23 50/66/23 48/64/23
f 49/65/24 48/64/24 51/67/24 52/18/24
f 48/64/24 50/66/24 53/68/24 51/67/24
f 52/18/25 51/67/25 54/69/25 8/16/25
f 51/67/25 53/68/25 55/70/25 54/69/25
f 8/16/25 54/69/25 56/71/25 6/10/25
f 54/69/25 55/70/25 58/72/25 56/71/25
f 6/10/26 56/71/26 57/73/26 3/11/26
f 56/71/26 58/72/26 59/74/26 57/73/26
f 58/72/26 60/75/26 62/76/26 59/74/26
f 55/70/25 61/77/25 60/75/25 58/72/25
f 61/77/27 64/78/27 63/79/27 60/75/27
f 60/75/28 63/79/28 65/80/28 62/76/28
f 67/81/29 66/82/29 63/83/29 64/84/29
f 66/82/30 69/85/30 65/86/30 63/83/30
f 99/87/31 68/88/31 66/82/31 67/81/31
f 68/88/32 71/89/32 69/85/32 66/82/32
f 62/90/33 65/91/33 69/92/33 70/93/33
f 70/93/34 69/92/34 71/94/34 72/95/34
f 72/95/34 71/94/34 73/96/34 76/97/34
f 75/98/32 73/99/32 71/89/32 68/88/32
f 76/97/35 73/96/35 74/100/35 78/101/35
f 80/102/36 74/103/36 73/99/36 75/98/36
f 102/104/37 72/95/37 76/97/37 77/44/37
f 77/44/17 76/97/17 78/101/17 27/45/17
f 78/101/38 74/100/38 80/105/38 79/106/38
f 27/45/18 78/101/18 79/106/18 29/46/18
f 29/46/19 79/106/19 81/107/19 32/48/19
f 79/106/39 80/105/39 82/108/39 81/107/39
f 32/48/19 81/107/19 83/109/19 35/51/19
f 81/107/39 82/108/39 84/110/39 83/109/39
f 83/109/40 84/110/40 86/111/40 85/112/40
f 35/51/20 83/109/20 85/112/20 38/54/20
f 85/112/41 86/111/41 88/113/41 87/114/41
f 38/54/21 85/112/21 87/114/21 41/57/21
f 87/114/42 88/113/42 90/115/42 89/116/42
f 41/57/22 87/114/22 89/116/22 44/60/22
f 44/60/22 89/116/22 91/117/22 47/63/22
f 89/116/42 90/115/42 92/118/42 91/117/42
f 47/63/23 91/117/23 93/119/23 50/66/23
f 91/117/43 92/118/43 94/120/43 93/119/43
f 93/119/44 94/120/44 96/121/44 95/122/44
f 50/66/24 93/119/24 95/122/24 53/68/24
f 53/68/25 95/122/25 61/77/25 55/70/25
f 95/122/27 96/121/27 64/78/27 61/77/27
f 92/118/45 97/123/45 96/124/45 94/120/45
f 97/123/29 67/81/29 64/84/29 96/124/29
f 90/115/46 98/125/46 97/123/46 92/118/46
f 98/125/31 99/87/31 67/81/31 97/123/31
f 88/113/46 100/126/46 98/125/46 90/115/46
f 100/126/31 101/127/31 99/87/31 98/125/31
f 84/128/47 82/129/47 101/127/47 100/126/47
f 86/111/48 84/128/48 100/126/48 88/113/48
f 101/127/31 75/98/31 68/88/31 99/87/31
f 82/129/47 80/102/47 75/98/47 101/127/47
f 104/130/37 102/104/37 77/44/37 26/41/37
f 103/131/37 70/93/37 72/95/37 102/104/37
f 105/132/37 103/131/37 102/104/37 104/130/37
f 107/3/37 105/132/37 104/130/37 106/133/37
f 106/133/37 104/130/37 26/41/37 24/40/37
f 2/4/49 107/3/49 106/133/49 108/134/49
f 108/134/49 106/133/49 24/40/49 19/39/49
f 108/31/50 13/21/50 5/6/50 2/5/50
f 3/2/51 57/135/51 105/132/51 107/3/51
f 57/135/51 59/136/51 103/131/51 105/132/51
f 59/136/51 62/90/51 70/93/51 103/131/51
f 109/137/52 49/65/52 52/18/52 9/17/52
f 110/138/53 46/62/53 49/65/53 109/137/53
f 11/19/54 110/138/54 109/137/54 9/20/54
f 111/139/55 43/59/55 46/62/55 110/138/55
f 14/23/56 111/139/56 110/138/56 11/19/56
f 17/26/56 112/140/56 111/139/56 14/23/56
f 112/140/55 40/56/55 43/59/55 111/139/55
f 114/29/57 113/141/57 112/140/57 17/26/57
f 113/141/58 37/53/58 40/56/58 112/140/58
f 114/142/59 34/50/59 37/53/59 113/141/59
f 16/38/15 31/37/15 34/50/15 114/142/15
f 115/143/60 116/144/60 118/145/60 117/146/60
f 117/146/61 118/145/61 120/147/61 119/148/61
f 119/148/62 120/147/62 122/149/62 121/150/62
f 121/150/63 122/149/63 124/151/63 123/103/63
f 123/103/64 124/151/64 126/152/64 125/153/64
f 125/153/65 126/152/65 128/154/65 127/102/65
f 127/102/66 128/154/66 130/155/66 129/156/66
f 129/156/67 130/155/67 132/157/67 131/129/67
f 131/129/68 132/157/68 134/158/68 133/159/68
f 133/159/69 134/158/69 136/160/69 135/128/69
f 135/128/70 136/160/70 138/161/70 137/162/70
f 137/162/71 138/161/71 140/80/71 139/111/71
f 139/111/72 140/80/72 142/163/72 141/164/72
f 141/164/73 142/163/73 144/165/73 143/166/73
f 143/166/74 144/165/74 146/167/74 145/168/74
f 145/168/75 146/167/75 148/169/75 147/170/75
f 147/170/76 148/169/76 150/171/76 149/172/76
f 149/172/77 150/171/77 152/173/77 151/174/77
f 151/174/78 152/173/78 154/175/78 153/176/78
f 153/176/79 154/175/79 156/12/79 155/141/79
f 155/141/80 156/12/80 158/177/80 157/178/80
f 157/178/81 158/177/81 160/179/81 159/29/81
f 159/29/82 160/179/82 162/180/82 161/181/82
f 161/181/83 162/180/83 164/182/83 163/28/83
f 163/28/84 164/182/84 166/183/84 165/184/84
f 165/184/85 166/183/85 168/185/85 167/27/85
f 167/27/86 168/185/86 170/186/86 169/187/86
f 169/187/87 170/186/87 172/188/87 171/32/87
f 171/32/88 172/188/88 174/189/88 173/190/88
f 173/190/89 174/189/89 176/191/89 175/192/89
f 128/193/37 126/194/37 124/195/37 122/196/37 120/197/37 118/198/37 116/199/37 178/200/37 176/201/37 174/202/37 172/203/37 170/204/37 179/205/37 181/206/37 180/207/37 185/208/37 182/209/37 184/210/37 183/211/37 188/212/37 192/213/37 195/214/37 205/215/37 209/216/37 208/217/37 206/218/37 207/219/37 211/220/37 204/221/37 210/222/37 201/223/37 202/224/37 203/225/37 200/226/37 198/227/37 197/228/37 199/229/37 196/230/37 194/231/37 193/232/37 191/233/37 162/234/37 160/235/37 158/236/37 156/237/37 154/238/37 152/239/37 150/240/37 148/241/37 146/242/37 144/243/37 142/244/37 140/245/37 138/246/37 136/247/37 134/248/37 132/249/37 130/250/37
f 170/204/37 168/251/37 166/252/37 164/253/37 162/234/37 191/233/37 190/254/37 187/255/37 186/256/37 189/257/37 179/205/37
f 175/192/90 176/191/90 178/258/90 177/259/90
f 177/259/91 178/258/91 116/260/91 115/261/91
f 216/262/22 177/263/22 115/264/22 117/265/22 119/266/22 121/267/22 123/268/22 125/269/22 127/270/22 129/271/22 131/272/22 224/273/22 225/274/22 222/275/22 223/276/22 226/277/22 220/278/22 221/279/22 219/280/22 227/281/22
f 224/273/22 131/272/22 133/282/22 135/283/22 137/284/22 139/285/22 141/286/22 143/287/22 145/288/22 147/289/22 149/290/22 151/291/22 153/292/22 155/293/22 157/294/22 159/295/22 161/296/22 163/297/22 165/298/22 167/299/22 169/300/22 171/301/22 173/302/22 175/303/22 177/263/22 216/262/22 217/304/22 215/305/22 218/306/22 213/307/22 214/308/22 212/309/22 229/310/22 228/311/22 230/312/22 232/313/22 231/314/22 236/315/22 233/316/22 235/317/22 234/318/22 243/319/22 237/320/22 239/321/22 238/322/22 242/323/22 240/324/22 241/325/22
f 219/326/92 183/327/92 184/328/92 227/329/92
f 221/330/77 188/331/77 183/327/77 219/326/77
f 220/332/93 192/333/93 188/331/93 221/330/93
f 226/334/79 195/335/79 192/333/79 220/332/79
f 205/336/94 195/335/94 226/334/94 223/337/94
f 209/338/81 205/336/81 223/337/81 222/339/81
f 208/340/95 209/338/95 222/339/95 225/341/95
f 206/342/83 208/340/83 225/341/83 224/343/83
f 207/344/96 206/342/96 224/343/96 241/345/96
f 211/346/85 207/344/85 241/345/85 240/347/85
f 204/348/97 211/346/97 240/347/97 242/349/97
f 210/350/87 204/348/87 242/349/87 238/351/87
f 201/352/98 210/350/98 238/351/98 239/353/98
f 202/354/89 201/352/89 239/353/89 237/355/89
f 203/356/99 202/354/99 237/355/99 243/357/99
f 200/358/91 203/356/91 243/357/91 234/359/91
f 198/360/100 200/358/100 234/359/100 235/361/100
f 197/362/61 198/360/61 235/361/61 233/363/61
f 199/364/101 197/362/101 233/363/101 236/365/101
f 196/366/63 199/364/63 236/365/63 231/367/63
f 232/368/102 194/369/102 196/366/102 231/367/102
f 230/370/65 193/371/65 194/369/65 232/368/65
f 228/372/103 191/373/103 193/371/103 230/370/103
f 229/374/67 190/375/67 191/373/67 228/372/67
f 212/376/104 187/377/104 190/375/104 229/374/104
f 214/378/69 186/379/69 187/377/69 212/376/69
f 213/380/105 189/381/105 186/379/105 214/378/105
f 218/382/71 181/383/71 179/384/71 189/381/71 213/380/71
f 215/385/106 180/386/106 181/383/106 218/382/106
f 217/387/73 185/388/73 180/386/73 215/385/73
f 216/389/107 182/390/107 185/388/107 217/387/107
f 227/391/75 184/392/75 182/390/75 216/389/75
f 245/5/108 248/6/108 247/7/108 244/8/108
f 244/1/109 246/2/109 277/3/109 245/4/109
f 247/9/25 249/10/25 246/11/25 244/12/25
f 248/6/108 253/13/108 250/14/108 247/7/108
f 250/15/25 251/16/25 249/10/25 247/9/25
f 252/17/25 293/18/25 251/16/25 250/15/25
f 253/13/108 255/19/108 252/20/108 250/14/108
f 271/21/108 254/22/108 253/13/108 248/6/108
f 254/22/108 257/23/108 255/19/108 253/13/108
f 255/19/108 256/138/108 297/137/108 252/20/108
f 257/23/108 258/139/108 256/138/108 255/19/108
f 261/25/108 259/26/108 257/23/108 254/22/108
f 259/26/108 260/140/108 258/139/108 257/23/108
f 262/29/108 263/141/108 260/140/108 259/26/108
f 265/28/108 262/29/108 259/26/108 261/25/108
f 262/142/19 264/50/19 303/53/19 263/141/19
f 265/38/19 266/37/19 264/50/19 262/142/19
f 267/36/19 268/35/19 266/37/19 265/38/19
f 267/27/108 265/28/108 261/25/108 270/24/108
f 269/33/19 320/34/19 268/35/19 267/36/19
f 269/32/108 267/27/108 270/24/108 272/30/108
f 270/24/108 261/25/108 254/22/108 271/21/108
f 272/30/108 270/24/108 271/21/108 274/31/108
f 274/134/109 275/133/109 273/40/109 272/39/109
f 272/39/109 273/40/109 320/34/109 269/33/109
f 274/31/108 271/21/108 248/6/108 245/5/108
f 245/4/109 277/3/109 275/133/109 274/134/109
f 275/133/109 276/104/109 319/44/109 273/40/109
f 277/3/109 278/131/109 276/104/109 275/133/109
f 246/2/109 280/136/109 278/131/109 277/3/109
f 280/136/109 282/90/109 279/93/109 278/131/109
f 278/131/109 279/93/109 323/95/109 276/104/109
f 249/10/25 281/72/25 280/74/25 246/11/25
f 281/72/25 284/75/25 282/76/25 280/74/25
f 282/90/109 283/91/109 325/92/109 279/93/109
f 284/75/25 285/79/25 283/80/25 282/76/25
f 286/77/25 288/78/25 285/79/25 284/75/25
f 287/70/25 286/77/25 284/75/25 281/72/25
f 292/68/25 289/122/25 286/77/25 287/70/25
f 289/122/25 290/121/25 288/78/25 286/77/25
f 291/119/25 334/120/25 290/121/25 289/122/25
f 294/66/25 291/119/25 289/122/25 292/68/25
f 293/18/25 292/68/25 287/70/25 251/16/25
f 296/65/25 294/66/25 292/68/25 293/18/25
f 295/63/110 335/117/110 291/119/110 294/66/110
f 298/62/110 295/63/110 294/66/110 296/65/110
f 297/137/25 296/65/25 293/18/25 252/17/25
f 256/138/110 298/62/110 296/65/110 297/137/110
f 258/139/110 299/59/110 298/62/110 256/138/110
f 299/59/110 300/60/110 295/63/110 298/62/110
f 260/140/110 301/56/110 299/59/110 258/139/110
f 301/56/110 302/57/110 300/60/110 299/59/110
f 263/141/110 303/53/110 301/56/110 260/140/110
f 303/53/110 304/54/110 302/57/110 301/56/110
f 264/50/19 305/51/19 304/54/19 303/53/19
f 304/54/110 306/112/110 307/114/110 302/57/110
f 305/51/19 309/109/19 306/112/19 304/54/19
f 306/112/110 308/111/110 337/113/110 307/114/110
f 309/109/19 310/110/19 308/111/19 306/112/19
f 311/107/19 313/108/19 310/110/19 309/109/19
f 312/48/19 311/107/19 309/109/19 305/51/19
f 317/46/19 314/106/19 311/107/19 312/48/19
f 314/106/19 315/105/19 313/108/19 311/107/19
f 316/101/19 341/100/19 315/105/19 314/106/19
f 318/45/19 316/101/19 314/106/19 317/46/19
f 268/35/19 317/46/19 312/48/19 266/37/19
f 320/34/19 318/45/19 317/46/19 268/35/19
f 319/44/109 321/97/109 316/101/109 318/45/109
f 273/40/109 319/44/109 318/45/109 320/34/109
f 276/104/109 323/95/109 321/97/109 319/44/109
f 321/97/109 322/96/109 341/100/109 316/101/109
f 323/95/109 324/94/109 322/96/109 321/97/109
f 279/93/109 325/92/109 324/94/109 323/95/109
f 326/88/111 324/89/111 325/85/111 329/82/111
f 327/98/111 322/99/111 324/89/111 326/88/111
f 340/127/111 327/98/111 326/88/111 328/87/111
f 328/87/111 326/88/111 329/82/111 330/81/111
f 329/82/111 325/85/111 283/86/111 285/83/111
f 330/81/111 329/82/111 285/83/111 288/84/111
f 331/123/111 330/81/111 288/84/111 290/124/111
f 332/125/111 328/87/111 330/81/111 331/123/111
f 333/118/111 331/123/111 290/124/111 334/120/111
f 336/115/111 332/125/111 331/123/111 333/118/111
f 335/117/110 333/118/110 334/120/110 291/119/110
f 338/116/110 336/115/110 333/118/110 335/117/110
f 337/113/111 339/126/111 332/125/111 336/115/111
f 307/114/110 337/113/110 336/115/110 338/116/110
f 300/60/110 338/116/110 335/117/110 295/63/110
f 302/57/110 307/114/110 338/116/110 300/60/110
f 308/111/111 310/128/111 339/126/111 337/113/111
f 339/126/111 340/127/111 328/87/111 332/125/111
f 310/128/111 313/129/111 340/127/111 339/126/111
f 313/129/111 315/102/111 327/98/111 340/127/111
f 315/102/111 341/103/111 322/99/111 327/98/111
f 266/37/19 312/48/19 305/51/19 264/50/19
f 251/16/25 287/70/25 281/72/25 249/10/25
f 342/1/111 344/2/111 375/3/111 343/4/111
f 343/5/109 346/6/109 345/7/109 342/8/109
f 345/9/25 347/10/25 344/11/25 342/12/25
f 346/6/109 351/13/109 348/14/109 345/7/109
f 348/15/25 349/16/25 347/10/25 345/9/25
f 350/17/25 391/18/25 349/16/25 348/15/25
f 351/13/109 353/19/109 350/20/109 348/14/109
f 369/21/109 352/22/109 351/13/109 346/6/109
f 352/22/109 355/23/109 353/19/109 351/13/109
f 355/23/109 356/139/109 354/138/109 353/19/109
f 353/19/109 354/138/109 395/137/109 350/20/109
f 359/25/109 357/26/109 355/23/109 352/22/109
f 357/26/109 358/140/109 356/139/109 355/23/109
f 360/29/109 361/141/109 358/140/109 357/26/109
f 363/28/109 360/29/109 357/26/109 359/25/109
f 360/142/19 362/50/19 401/53/19 361/141/19
f 363/38/19 364/37/19 362/50/19 360/142/19
f 365/36/19 366/35/19 364/37/19 363/38/19
f 365/27/109 363/28/109 359/25/109 368/24/109
f 367/33/19 418/34/19 366/35/19 365/36/19
f 367/32/109 365/27/109 368/24/109 370/30/109
f 370/30/109 368/24/109 369/21/109 372/31/109
f 368/24/109 359/25/109 352/22/109 369/21/109
f 370/39/111 371/40/111 418/34/111 367/33/111
f 372/134/111 373/133/111 371/40/111 370/39/111
f 343/4/111 375/3/111 373/133/111 372/134/111
f 372/31/109 369/21/109 346/6/109 343/5/109
f 373/133/111 374/104/111 417/44/111 371/40/111
f 375/3/111 376/131/111 374/104/111 373/133/111
f 344/2/111 378/136/111 376/131/111 375/3/111
f 376/131/111 377/93/111 421/95/111 374/104/111
f 378/136/111 380/90/111 377/93/111 376/131/111
f 347/10/25 379/72/25 378/74/25 344/11/25
f 379/72/25 382/75/25 380/76/25 378/74/25
f 380/90/111 381/91/111 423/92/111 377/93/111
f 382/75/25 383/79/25 381/80/25 380/76/25
f 384/77/25 386/78/25 383/79/25 382/75/25
f 385/70/25 384/77/25 382/75/25 379/72/25
f 390/68/25 387/122/25 384/77/25 385/70/25
f 387/122/25 388/121/25 386/78/25 384/77/25
f 389/119/25 432/120/25 388/121/25 387/122/25
f 392/66/25 389/119/25 387/122/25 390/68/25
f 391/18/25 390/68/25 385/70/25 349/16/25
f 394/65/25 392/66/25 390/68/25 391/18/25
f 396/62/108 393/63/108 392/66/108 394/65/108
f 393/63/108 433/117/108 389/119/108 392/66/108
f 395/137/25 394/65/25 391/18/25 350/17/25
f 354/138/108 396/62/108 394/65/108 395/137/108
f 356/139/108 397/59/108 396/62/108 354/138/108
f 397/59/108 398/60/108 393/63/108 396/62/108
f 358/140/108 399/56/108 397/59/108 356/139/108
f 399/56/108 400/57/108 398/60/108 397/59/108
f 361/141/108 401/53/108 399/56/108 358/140/108
f 401/53/108 402/54/108 400/57/108 399/56/108
f 362/50/19 403/51/19 402/54/19 401/53/19
f 402/54/108 404/112/108 405/114/108 400/57/108
f 403/51/19 407/109/19 404/112/19 402/54/19
f 404/112/108 406/111/108 435/113/108 405/114/108
f 407/109/19 408/110/19 406/111/19 404/112/19
f 409/107/19 411/108/19 408/110/19 407/109/19
f 410/48/19 409/107/19 407/109/19 403/51/19
f 415/46/19 412/106/19 409/107/19 410/48/19
f 412/106/19 413/105/19 411/108/19 409/107/19
f 414/101/19 439/100/19 413/105/19 412/106/19
f 416/45/19 414/101/19 412/106/19 415/46/19
f 366/35/19 415/46/19 410/48/19 364/37/19
f 418/34/19 416/45/19 415/46/19 366/35/19
f 371/40/111 417/44/111 416/45/111 418/34/111
f 417/44/111 419/97/111 414/101/111 416/45/111
f 374/104/111 421/95/111 419/97/111 417/44/111
f 419/97/111 420/96/111 439/100/111 414/101/111
f 421/95/111 422/94/111 420/96/111 419/97/111
f 377/93/111 423/92/111 422/94/111 421/95/111
f 424/88/110 422/89/110 423/85/110 427/82/110
f 425/98/110 420/99/110 422/89/110 424/88/110
f 438/127/110 425/98/110 424/88/110 426/87/110
f 426/87/110 424/88/110 427/82/110 428/81/110
f 427/82/110 423/85/110 381/86/110 383/83/110
f 428/81/110 427/82/110 383/83/110 386/84/110
f 429/123/110 428/81/110 386/84/110 388/124/110
f 430/125/110 426/87/110 428/81/110 429/123/110
f 431/118/110 429/123/110 388/124/110 432/120/110
f 434/115/110 430/125/110 429/123/110 431/118/110
f 433/117/108 431/118/108 432/120/108 389/119/108
f 436/116/108 434/115/108 431/118/108 433/117/108
f 405/114/108 435/113/108 434/115/108 436/116/108
f 435/113/110 437/126/110 430/125/110 434/115/110
f 398/60/108 436/116/108 433/117/108 393/63/108
f 400/57/108 405/114/108 436/116/108 398/60/108
f 406/111/110 408/128/110 437/126/110 435/113/110
f 408/128/110 411/129/110 438/127/110 437/126/110
f 437/126/110 438/127/110 426/87/110 430/125/110
f 411/129/110 413/102/110 425/98/110 438/127/110
f 413/102/110 439/103/110 420/99/110 425/98/110
f 364/37/19 410/48/19 403/51/19 362/50/19
f 349/16/25 385/70/25 379/72/25 347/10/25
f 544/262/109 441/263/109 440/264/109 442/265/109 567/266/109 566/267/109 565/268/109 560/269/109 559/270/109 494/271/109 493/272/109 495/273/109 496/274/109 558/275/109 557/276/109 552/277/109 551/278/109 549/279/109 548/280/109 547/281/109
f 441/259/112 445/258/112 443/260/112 440/261/112
f 440/143/113 443/144/113 444/145/113 442/146/113
f 561/193/110 562/194/110 563/195/110 564/196/110 568/197/110 444/198/110 443/199/110 445/200/110 446/201/110 448/202/110 449/203/110 454/204/110 455/205/110 539/206/110 540/207/110 541/208/110 543/209/110 545/210/110 546/211/110 550/212/110 553/213/110 554/214/110 555/215/110 556/216/110 499/217/110 498/218/110 500/219/110 501/220/110 502/221/110 507/222/110 508/223/110 509/224/110 510/225/110 515/226/110 516/227/110 517/228/110 518/229/110 523/230/110 524/231/110 525/232/110 526/233/110 462/234/110 465/235/110 466/236/110 467/237/110 468/238/110 473/239/110 474/240/110 475/241/110 476/242/110 481/243/110 482/244/110 483/245/110 484/246/110 489/247/110 490/248/110 491/249/110 492/250/110
f 447/192/114 446/191/114 445/258/114 441/259/114
f 450/190/115 448/189/115 446/191/115 447/192/115
f 451/32/116 449/188/116 448/189/116 450/190/116
f 495/273/109 493/272/109 488/282/109 487/283/109 486/284/109 485/285/109 480/286/109 479/287/109 478/288/109 477/289/109 472/290/109 471/291/109 470/292/109 469/293/109 464/294/109 463/295/109 461/296/109 460/297/109 459/298/109 453/299/109 452/300/109 451/301/109 450/302/109 447/303/109 441/263/109 544/262/109 542/304/109 538/305/109 537/306/109 536/307/109 535/308/109 530/309/109 529/310/109 528/311/109 527/312/109 522/313/109 521/314/109 520/315/109 519/316/109 514/317/109 513/318/109 512/319/109 511/320/109 506/321/109 505/322/109 504/323/109 503/324/109 497/325/109
f 452/187/117 454/186/117 449/188/117 451/32/117
f 453/27/118 456/185/118 454/186/118 452/187/118
f 454/204/110 456/251/110 457/252/110 458/253/110 462/234/110 526/233/110 531/254/110 532/255/110 533/256/110 534/257/110 455/205/110
f 459/184/119 457/183/119 456/185/119 453/27/119
f 460/28/120 458/182/120 457/183/120 459/184/120
f 461/181/121 462/180/121 458/182/121 460/28/121
f 463/29/122 465/179/122 462/180/122 461/181/122
f 464/178/123 466/177/123 465/179/123 463/29/123
f 469/141/124 467/12/124 466/177/124 464/178/124
f 470/176/125 468/175/125 467/12/125 469/141/125
f 471/174/126 473/173/126 468/175/126 470/176/126
f 472/172/127 474/171/127 473/173/127 471/174/127
f 477/170/128 475/169/128 474/171/128 472/172/128
f 478/168/129 476/167/129 475/169/129 477/170/129
f 479/166/130 481/165/130 476/167/130 478/168/130
f 480/164/131 482/163/131 481/165/131 479/166/131
f 485/111/132 483/80/132 482/163/132 480/164/132
f 486/162/133 484/161/133 483/80/133 485/111/133
f 487/128/134 489/160/134 484/161/134 486/162/134
f 488/159/135 490/158/135 489/160/135 487/128/135
f 493/129/136 491/157/136 490/158/136 488/159/136
f 494/156/137 492/155/137 491/157/137 493/129/137
f 498/342/121 499/340/121 496/341/121 495/343/121
f 500/344/138 498/342/138 495/343/138 497/345/138
f 501/346/119 500/344/119 497/345/119 503/347/119
f 502/348/139 501/346/139 503/347/139 504/349/139
f 507/350/117 502/348/117 504/349/117 505/351/117
f 508/352/140 507/350/140 505/351/140 506/353/140
f 509/354/141 508/352/141 506/353/141 511/355/141
f 510/356/142 509/354/142 511/355/142 512/357/142
f 515/358/112 510/356/112 512/357/112 513/359/112
f 516/360/143 515/358/143 513/359/143 514/361/143
f 517/362/144 516/360/144 514/361/144 519/363/144
f 518/364/145 517/362/145 519/363/145 520/365/145
f 523/366/146 518/364/146 520/365/146 521/367/146
f 522/368/147 524/369/147 523/366/147 521/367/147
f 527/370/148 525/371/148 524/369/148 522/368/148
f 528/372/149 526/373/149 525/371/149 527/370/149
f 529/374/137 531/375/137 526/373/137 528/372/137
f 530/376/150 532/377/150 531/375/150 529/374/150
f 535/378/135 533/379/135 532/377/135 530/376/135
f 536/380/151 534/381/151 533/379/151 535/378/151
f 537/382/152 539/383/152 455/384/152 534/381/152 536/380/152
f 538/385/153 540/386/153 539/383/153 537/382/153
f 542/387/154 541/388/154 540/386/154 538/385/154
f 544/389/155 543/390/155 541/388/155 542/387/155
f 547/391/129 545/392/129 543/390/129 544/389/129
f 548/326/156 546/327/156 545/328/156 547/329/156
f 549/330/157 550/331/157 546/327/157 548/326/157
f 551/332/158 553/333/158 550/331/158 549/330/158
f 552/334/125 554/335/125 553/333/125 551/332/125
f 555/336/159 554/335/159 552/334/159 557/337/159
f 556/338/160 555/336/160 557/337/160 558/339/160
f 499/340/161 556/338/161 558/339/161 496/341/161
f 559/102/162 561/154/162 492/155/162 494/156/162
f 560/153/163 562/152/163 561/154/163 559/102/163
f 565/103/164 563/151/164 562/152/164 560/153/164
f 566/150/146 564/149/146 563/151/146 565/103/146
f 567/148/165 568/147/165 564/149/165 566/150/165
f 442/146/144 444/145/144 568/147/144 567/148/144
f 654/262/109 570/263/109 569/264/109 571/265/109 634/266/109 633/267/109 628/268/109 627/269/109 626/270/109 625/271/109 620/272/109 635/273/109 638/274/109 639/275/109 644/276/109 645/277/109 646/278/109 647/279/109 652/280/109 653/281/109
f 570/259/112 574/258/112 572/260/112 569/261/112
f 569/143/113 572/144/113 573/145/113 571/146/113
f 624/193/110 629/194/110 630/195/110 631/196/110 632/197/110 573/198/110 572/199/110 574/200/110 575/201/110 577/202/110 578/203/110 583/204/110 584/205/110 659/206/110 658/207/110 657/208/110 656/209/110 651/210/110 650/211/110 649/212/110 648/213/110 643/214/110 642/215/110 641/216/110 640/217/110 637/218/110 697/219/110 694/220/110 693/221/110 692/222/110 691/223/110 686/224/110 685/225/110 684/226/110 683/227/110 678/228/110 677/229/110 676/230/110 675/231/110 672/232/110 591/233/110 590/234/110 592/235/110 597/236/110 598/237/110 599/238/110 600/239/110 605/240/110 606/241/110 607/242/110 608/243/110 613/244/110 614/245/110 615/246/110 616/247/110 621/248/110 622/249/110 623/250/110
f 576/192/114 575/191/114 574/258/114 570/259/114
f 579/190/115 577/189/115 575/191/115 576/192/115
f 580/32/116 578/188/116 577/189/116 579/190/116
f 635/273/109 620/272/109 619/282/109 618/283/109 617/284/109 612/285/109 611/286/109 610/287/109 609/288/109 604/289/109 603/290/109 602/291/109 601/292/109 596/293/109 595/294/109 594/295/109 593/296/109 589/297/109 587/298/109 582/299/109 581/300/109 580/301/109 579/302/109 576/303/109 570/263/109 654/262/109 655/304/109 660/305/109 661/306/109 662/307/109 664/308/109 666/309/109 667/310/109 670/311/109 671/312/109 673/313/109 674/314/109 679/315/109 680/316/109 681/317/109 682/318/109 687/319/109 688/320/109 689/321/109 690/322/109 695/323/109 696/324/109 636/325/109
f 581/187/117 583/186/117 578/188/117 580/32/117
f 582/27/118 585/185/118 583/186/118 581/187/118
f 583/204/110 585/251/110 586/252/110 588/253/110 590/234/110 591/233/110 669/254/110 668/255/110 665/256/110 663/257/110 584/205/110
f 587/184/119 586/183/119 585/185/119 582/27/119
f 589/28/166 588/182/166 586/183/166 587/184/166
f 593/181/121 590/180/121 588/182/121 589/28/121
f 594/29/122 592/179/122 590/180/122 593/181/122
f 595/178/123 597/177/123 592/179/123 594/29/123
f 596/141/124 598/12/124 597/177/124 595/178/124
f 601/176/125 599/175/125 598/12/125 596/141/125
f 602/174/126 600/173/126 599/175/126 601/176/126
f 603/172/127 605/171/127 600/173/127 602/174/127
f 604/170/167 606/169/167 605/171/167 603/172/167
f 609/168/129 607/167/129 606/169/129 604/170/129
f 610/166/130 608/165/130 607/167/130 609/168/130
f 611/164/131 613/163/131 608/165/131 610/166/131
f 612/111/132 614/80/132 613/163/132 611/164/132
f 617/162/133 615/161/133 614/80/133 612/111/133
f 618/128/168 616/160/168 615/161/168 617/162/168
f 619/159/135 621/158/135 616/160/135 618/128/135
f 620/129/136 622/157/136 621/158/136 619/159/136
f 625/156/137 623/155/137 622/157/137 620/129/137
f 626/102/162 624/154/162 623/155/162 625/156/162
f 627/153/163 629/152/163 624/154/163 626/102/163
f 628/103/164 630/151/164 629/152/164 627/153/164
f 633/150/146 631/149/146 630/151/146 628/103/146
f 634/148/165 632/147/165 631/149/165 633/150/165
f 571/146/169 573/145/169 632/147/169 634/148/169
f 697/344/138 637/342/138 635/343/138 636/345/138
f 637/342/121 640/340/121 638/341/121 635/343/121
f 640/340/161 641/338/161 639/339/161 638/341/161
f 641/338/160 642/336/160 644/337/160 639/339/160
f 642/336/159 643/335/159 645/334/159 644/337/159
f 645/334/170 643/335/170 648/333/170 646/332/170
f 646/332/158 648/333/158 649/331/158 647/330/158
f 647/330/157 649/331/157 650/327/157 652/326/157
f 652/326/156 650/327/156 651/328/156 653/329/156
f 653/391/129 651/392/129 656/390/129 654/389/129
f 654/389/155 656/390/155 657/388/155 655/387/155
f 655/387/171 657/388/171 658/386/171 660/385/171
f 660/385/153 658/386/153 659/383/153 661/382/153
f 661/382/152 659/383/152 584/384/152 663/381/152 662/380/152
f 662/380/151 663/381/151 665/379/151 664/378/151
f 664/378/135 665/379/135 668/377/135 666/376/135
f 666/376/150 668/377/150 669/375/150 667/374/150
f 667/374/137 669/375/137 591/373/137 670/372/137
f 670/372/149 591/373/149 672/371/149 671/370/149
f 671/370/148 672/371/148 675/369/148 673/368/148
f 673/368/147 675/369/147 676/366/147 674/367/147
f 676/366/172 677/364/172 679/365/172 674/367/172
f 677/364/173 678/362/173 680/363/173 679/365/173
f 678/362/144 683/360/144 681/361/144 680/363/144
f 683/360/143 684/358/143 682/359/143 681/361/143
f 684/358/112 685/356/112 687/357/112 682/359/112
f 685/356/142 686/354/142 688/355/142 687/357/142
f 686/354/174 691/352/174 689/353/174 688/355/174
f 691/352/140 692/350/140 690/351/140 689/353/140
f 692/350/117 693/348/117 695/349/117 690/351/117
f 693/348/139 694/346/139 696/347/139 695/349/139
f 694/346/175 697/344/175 636/345/175 696/347/175
f 698/1/109 700/2/109 735/3/109 699/4/109
f 699/5/108 702/6/108 701/7/108 698/8/108
f 701/9/25 703/10/25 700/11/25 698/12/25
f 702/6/108 707/13/108 704/14/108 701/7/108
f 704/15/25 705/16/25 703/10/25 701/9/25
f 706/17/25 781/18/25 705/16/25 704/15/25
f 707/13/108 709/19/108 706/20/108 704/14/108
f 729/21/108 708/22/108 707/13/108 702/6/108
f 708/22/108 710/23/108 709/19/108 707/13/108
f 709/19/108 711/138/108 712/137/108 706/20/108
f 710/23/108 714/139/108 711/138/108 709/19/108
f 711/138/110 713/62/110 783/65/110 712/137/110
f 714/139/110 715/59/110 713/62/110 711/138/110
f 716/140/110 717/56/110 715/59/110 714/139/110
f 719/26/108 716/140/108 714/139/108 710/23/108
f 718/141/110 764/53/110 717/56/110 716/140/110
f 721/29/108 718/141/108 716/140/108 719/26/108
f 720/25/108 719/26/108 710/23/108 708/22/108
f 723/28/108 721/29/108 719/26/108 720/25/108
f 721/142/19 722/50/19 764/53/19 718/141/19
f 723/38/19 724/37/19 722/50/19 721/142/19
f 725/36/19 726/35/19 724/37/19 723/38/19
f 725/27/108 723/28/108 720/25/108 728/24/108
f 727/33/19 793/34/19 726/35/19 725/36/19
f 727/32/108 725/27/108 728/24/108 730/30/108
f 730/30/108 728/24/108 729/21/108 732/31/108
f 728/24/108 720/25/108 708/22/108 729/21/108
f 730/39/109 731/40/109 793/34/109 727/33/109
f 732/134/109 733/133/109 731/40/109 730/39/109
f 699/4/109 735/3/109 733/133/109 732/134/109
f 732/31/108 729/21/108 702/6/108 699/5/108
f 733/133/109 734/104/109 794/44/109 731/40/109
f 735/3/109 736/131/109 734/104/109 733/133/109
f 700/2/109 737/136/109 736/131/109 735/3/109
f 737/136/109 740/90/109 738/93/109 736/131/109
f 736/131/109 738/93/109 739/95/109 734/104/109
f 738/93/109 741/92/109 742/94/109 739/95/109
f 740/90/109 743/91/109 741/92/109 738/93/109
f 747/88/111 742/89/111 741/85/111 744/82/111
f 744/82/111 741/85/111 743/86/111 745/83/111
f 746/81/111 744/82/111 745/83/111 774/84/111
f 749/87/111 747/88/111 744/82/111 746/81/111
f 748/98/111 795/99/111 742/89/111 747/88/111
f 751/127/111 748/98/111 747/88/111 749/87/111
f 753/126/111 751/127/111 749/87/111 750/125/111
f 750/125/111 749/87/111 746/81/111 772/123/111
f 752/129/111 788/102/111 748/98/111 751/127/111
f 754/128/111 752/129/111 751/127/111 753/126/111
f 755/113/111 753/126/111 750/125/111 756/115/111
f 758/111/111 754/128/111 753/126/111 755/113/111
f 757/114/110 755/113/110 756/115/110 767/116/110
f 759/112/110 758/111/110 755/113/110 757/114/110
f 760/109/19 754/110/19 758/111/19 759/112/19
f 762/51/19 760/109/19 759/112/19 761/54/19
f 761/54/110 759/112/110 757/114/110 763/57/110
f 722/50/19 762/51/19 761/54/19 764/53/19
f 764/53/110 761/54/110 763/57/110 717/56/110
f 717/56/110 763/57/110 765/60/110 715/59/110
f 763/57/110 757/114/110 767/116/110 765/60/110
f 715/59/110 765/60/110 766/63/110 713/62/110
f 765/60/110 767/116/110 768/117/110 766/63/110
f 767/116/110 756/115/110 770/118/110 768/117/110
f 768/117/110 770/118/110 771/120/110 769/119/110
f 766/63/110 768/117/110 769/119/110 782/66/110
f 770/118/111 772/123/111 773/124/111 771/120/111
f 756/115/111 750/125/111 772/123/111 770/118/111
f 772/123/111 746/81/111 774/84/111 773/124/111
f 775/122/25 773/121/25 774/78/25 777/77/25
f 769/119/25 771/120/25 773/121/25 775/122/25
f 776/68/25 775/122/25 777/77/25 779/70/25
f 782/66/25 769/119/25 775/122/25 776/68/25
f 777/77/25 774/78/25 745/79/25 778/75/25
f 779/70/25 777/77/25 778/75/25 780/72/25
f 705/16/25 779/70/25 780/72/25 703/10/25
f 781/18/25 776/68/25 779/70/25 705/16/25
f 703/10/25 780/72/25 737/74/25 700/11/25
f 780/72/25 778/75/25 740/76/25 737/74/25
f 778/75/25 745/79/25 743/80/25 740/76/25
f 783/65/25 782/66/25 776/68/25 781/18/25
f 713/62/110 766/63/110 782/66/110 783/65/110
f 712/137/25 783/65/25 781/18/25 706/17/25
f 724/37/19 784/48/19 762/51/19 722/50/19
f 784/48/19 786/107/19 760/109/19 762/51/19
f 726/35/19 785/46/19 784/48/19 724/37/19
f 785/46/19 787/106/19 786/107/19 784/48/19
f 786/107/19 752/108/19 754/110/19 760/109/19
f 787/106/19 788/105/19 752/108/19 786/107/19
f 792/45/19 789/101/19 787/106/19 785/46/19
f 789/101/19 790/100/19 788/105/19 787/106/19
f 791/97/109 795/96/109 790/100/109 789/101/109
f 794/44/109 791/97/109 789/101/109 792/45/109
f 793/34/19 792/45/19 785/46/19 726/35/19
f 731/40/109 794/44/109 792/45/109 793/34/109
f 734/104/109 739/95/109 791/97/109 794/44/109
f 739/95/109 742/94/109 795/96/109 791/97/109
f 788/102/111 790/103/111 795/99/111 748/98/111
s 0
f 800/393/176 796/170/176 797/394/176 802/395/176
f 796/170/177 798/396/177 1366/397/177 797/394/177
f 799/398/178 1367/399/178 798/396/178 796/170/178
f 803/400/179 799/398/179 796/170/179 800/393/179
f 805/401/180 803/400/180 800/393/180 801/402/180
f 801/402/181 800/393/181 802/395/181 815/403/181
f 804/404/182 1370/405/182 799/398/182 803/400/182
f 806/406/183 804/404/183 803/400/183 805/401/183
f 808/407/184 806/406/184 805/401/184 807/408/184
f 807/408/185 805/401/185 801/402/185 810/174/185
f 850/409/186 808/407/186 807/408/186 809/410/186
f 809/410/187 807/408/187 810/174/187 811/411/187
f 811/411/188 810/174/188 812/412/188 813/413/188
f 810/174/189 801/402/189 815/403/189 812/412/189
f 813/413/190 812/412/190 814/414/190 862/415/190
f 812/412/191 815/403/191 816/416/191 814/414/191
f 815/403/192 802/395/192 818/417/192 816/416/192
f 814/414/193 816/416/193 817/418/193 865/419/193
f 816/416/194 818/417/194 819/420/194 817/418/194
f 802/395/195 797/394/195 820/421/195 818/417/195
f 818/417/196 820/421/196 822/422/196 819/420/196
f 797/394/197 1366/397/197 821/423/197 820/421/197
f 820/421/198 821/423/198 823/424/198 822/422/198
f 822/422/199 823/424/199 825/425/199 824/426/199
f 819/420/200 822/422/200 824/426/200 827/427/200
f 824/426/201 825/425/201 1371/428/201 826/429/201
f 827/427/202 824/426/202 826/429/202 829/430/202
f 817/418/203 819/420/203 827/427/203 828/431/203
f 828/431/204 827/427/204 829/430/204 830/432/204
f 830/432/205 829/430/205 831/433/205 832/434/205
f 829/430/206 826/429/206 834/169/206 831/433/206
f 832/435/207 831/436/207 833/437/207 873/438/207
f 831/436/208 834/439/208 836/440/208 833/437/208
f 826/429/209 1371/428/209 835/441/209 834/169/209
f 834/439/210 835/442/210 837/443/210 836/440/210
f 836/440/211 837/443/211 839/444/211 838/445/211
f 833/437/212 836/440/212 838/445/212 841/446/212
f 838/445/213 839/444/213 1369/447/213 840/448/213
f 841/446/214 838/445/214 840/448/214 843/449/214
f 873/438/215 833/437/215 841/446/215 842/450/215
f 842/450/216 841/446/216 843/449/216 844/451/216
f 844/451/217 843/449/217 804/404/217 806/406/217
f 843/449/218 840/448/218 1370/405/218 804/404/218
f 846/452/219 842/450/219 844/451/219 845/453/219
f 845/453/220 844/451/220 806/406/220 808/407/220
f 848/454/221 846/452/221 845/453/221 847/455/221
f 847/455/222 845/453/222 808/407/222 850/409/222
f 877/456/223 848/454/223 847/455/223 849/457/223
f 849/457/224 847/455/224 850/409/224 851/458/224
f 851/458/225 850/409/225 809/410/225 853/459/225
f 880/33/226 849/457/226 851/458/226 852/460/226
f 852/460/227 851/458/227 853/459/227 854/461/227
f 854/461/228 853/459/228 855/462/228 856/141/228
f 853/459/229 809/410/229 811/411/229 855/462/229
f 856/141/230 855/462/230 857/463/230 858/464/230
f 855/462/231 811/411/231 813/413/231 857/463/231
f 858/464/232 857/463/232 859/465/232 860/466/232
f 857/463/233 813/413/233 862/415/233 859/465/233
f 860/466/234 859/465/234 861/467/234 896/137/234
f 859/465/235 862/415/235 863/468/235 861/467/235
f 862/415/236 814/414/236 865/419/236 863/468/236
f 861/467/237 863/468/237 864/469/237 899/470/237
f 863/468/238 865/419/238 866/471/238 864/469/238
f 865/419/239 817/418/239 828/431/239 866/471/239
f 864/469/240 866/471/240 867/472/240 868/473/240
f 866/471/241 828/431/241 830/432/241 867/472/241
f 868/473/242 867/472/242 869/173/242 870/474/242
f 867/472/243 830/432/243 832/434/243 869/173/243
f 870/475/244 869/476/244 871/477/244 872/478/244
f 869/476/245 832/435/245 873/438/245 871/477/245
f 872/478/246 871/477/246 846/452/246 848/454/246
f 871/477/247 873/438/247 842/450/247 846/452/247
f 875/479/248 870/475/248 872/478/248 874/480/248
f 874/480/249 872/478/249 848/454/249 877/456/249
f 902/481/250 875/479/250 874/480/250 876/482/250
f 876/482/251 874/480/251 877/456/251 878/483/251
f 878/483/252 877/456/252 849/457/252 880/33/252
f 905/484/253 876/482/253 878/483/253 879/485/253
f 879/485/254 878/483/254 880/33/254 881/486/254
f 881/486/255 880/33/255 852/460/255 883/487/255
f 908/488/256 879/485/256 881/486/256 882/489/256
f 882/489/257 881/486/257 883/487/257 884/490/257
f 884/490/258 883/487/258 885/491/258 886/492/258
f 883/487/259 852/460/259 854/461/259 885/491/259
f 886/492/260 885/491/260 887/493/260 888/494/260
f 885/491/261 854/461/261 856/141/261 887/493/261
f 888/494/262 887/493/262 889/495/262 890/496/262
f 887/493/263 856/141/263 858/464/263 889/495/263
f 890/496/264 889/495/264 891/497/264 892/498/264
f 889/495/265 858/464/265 860/466/265 891/497/265
f 892/498/266 891/497/266 893/499/266 894/500/266
f 891/497/267 860/466/267 896/137/267 893/499/267
f 894/500/268 893/499/268 895/501/268 928/502/268
f 893/499/269 896/137/269 897/503/269 895/501/269
f 896/137/270 861/467/270 899/470/270 897/503/270
f 895/501/271 897/503/271 898/504/271 901/505/271
f 897/503/272 899/470/272 900/506/272 898/504/272
f 899/470/273 864/469/273 868/473/273 900/506/273
f 898/504/274 900/506/274 875/507/274 902/12/274
f 900/506/275 868/473/275 870/474/275 875/507/275
f 901/505/276 898/504/276 902/12/276 903/508/276
f 903/509/277 902/481/277 876/482/277 905/484/277
f 929/510/278 901/505/278 903/508/278 904/511/278
f 904/512/279 903/509/279 905/484/279 906/513/279
f 906/513/280 905/484/280 879/485/280 908/488/280
f 931/514/281 904/512/281 906/513/281 907/515/281
f 907/515/282 906/513/282 908/488/282 909/516/282
f 909/516/283 908/488/283 882/489/283 911/517/283
f 934/518/284 907/515/284 909/516/284 910/519/284
f 910/519/285 909/516/285 911/517/285 912/520/285
f 912/520/286 911/517/286 913/521/286 914/522/286
f 911/517/287 882/489/287 884/490/287 913/521/287
f 914/522/288 913/521/288 915/523/288 916/524/288
f 913/521/289 884/490/289 886/492/289 915/523/289
f 916/524/290 915/523/290 917/29/290 918/525/290
f 915/523/291 886/492/291 888/494/291 917/29/291
f 918/525/292 917/29/292 919/526/292 920/527/292
f 917/29/293 888/494/293 890/496/293 919/526/293
f 920/527/294 919/526/294 921/528/294 922/529/294
f 919/526/295 890/496/295 892/498/295 921/528/295
f 922/529/296 921/528/296 923/20/296 924/530/296
f 921/528/297 892/498/297 894/500/297 923/20/297
f 924/530/298 923/20/298 925/531/298 926/532/298
f 923/20/299 894/500/299 928/502/299 925/531/299
f 926/532/300 925/531/300 927/533/300 930/534/300
f 925/531/301 928/502/301 929/510/301 927/533/301
f 928/502/302 895/501/302 901/505/302 929/510/302
f 927/533/303 929/510/303 904/511/303 931/179/303
f 930/534/304 927/533/304 931/179/304 932/535/304
f 932/536/305 931/514/305 907/515/305 934/518/305
f 955/537/306 930/534/306 932/535/306 933/538/306
f 933/539/307 932/536/307 934/518/307 935/540/307
f 935/540/308 934/518/308 910/519/308 937/541/308
f 958/542/309 933/539/309 935/540/309 936/543/309
f 936/543/310 935/540/310 937/541/310 938/544/310
f 938/544/311 937/541/311 939/545/311 940/546/311
f 937/541/312 910/519/312 912/520/312 939/545/312
f 940/546/313 939/545/313 941/547/313 942/548/313
f 939/545/314 912/520/314 914/522/314 941/547/314
f 942/548/315 941/547/315 943/549/315 944/550/315
f 941/547/316 914/522/316 916/524/316 943/549/316
f 944/550/317 943/549/317 945/551/317 946/28/317
f 943/549/318 916/524/318 918/525/318 945/551/318
f 946/28/319 945/551/319 947/552/319 948/553/319
f 945/551/320 918/525/320 920/527/320 947/552/320
f 948/553/321 947/552/321 949/554/321 950/555/321
f 947/552/322 920/527/322 922/529/322 949/554/322
f 950/555/323 949/554/323 951/556/323 952/14/323
f 949/554/324 922/529/324 924/530/324 951/556/324
f 952/14/325 951/556/325 953/557/325 954/558/325
f 951/556/326 924/530/326 926/532/326 953/557/326
f 954/558/327 953/557/327 955/537/327 956/559/327
f 953/557/328 926/532/328 930/534/328 955/537/328
f 956/559/329 955/537/329 933/538/329 958/182/329
f 979/560/330 954/558/330 956/559/330 957/561/330
f 957/561/331 956/559/331 958/182/331 959/562/331
f 959/563/332 958/542/332 936/543/332 961/564/332
f 982/565/333 957/561/333 959/562/333 960/566/333
f 960/567/334 959/563/334 961/564/334 962/568/334
f 962/568/335 961/564/335 963/569/335 964/570/335
f 961/564/336 936/543/336 938/544/336 963/569/336
f 964/570/337 963/569/337 965/571/337 966/572/337
f 963/569/338 938/544/338 940/546/338 965/571/338
f 966/572/339 965/571/339 967/573/339 968/574/339
f 965/571/340 940/546/340 942/548/340 967/573/340
f 968/574/341 967/573/341 969/575/341 970/576/341
f 967/573/342 942/548/342 944/550/342 969/575/342
f 970/576/343 969/575/343 971/577/343 972/578/343
f 969/575/344 944/550/344 946/28/344 971/577/344
f 972/578/345 971/577/345 973/579/345 974/580/345
f 971/577/346 946/28/346 948/553/346 973/579/346
f 974/580/347 973/579/347 975/581/347 976/582/347
f 973/579/348 948/553/348 950/555/348 975/581/348
f 976/582/349 975/581/349 977/583/349 978/584/349
f 975/581/350 950/555/350 952/14/350 977/583/350
f 978/584/351 977/583/351 979/560/351 980/585/351
f 977/583/352 952/14/352 954/558/352 979/560/352
f 980/585/353 979/560/353 957/561/353 982/565/353
f 1003/7/354 978/584/354 980/585/354 981/586/354
f 981/586/355 980/585/355 982/565/355 983/587/355
f 983/587/356 982/565/356 960/566/356 985/185/356
f 1006/588/357 981/586/357 983/587/357 984/589/357
f 984/589/358 983/587/358 985/185/358 986/590/358
f 986/591/359 985/592/359 987/593/359 988/594/359
f 985/592/360 960/567/360 962/568/360 987/593/360
f 988/594/361 987/593/361 989/595/361 990/596/361
f 987/593/362 962/568/362 964/570/362 989/595/362
f 990/596/363 989/595/363 991/597/363 992/598/363
f 989/595/364 964/570/364 966/572/364 991/597/364
f 992/598/365 991/597/365 993/599/365 994/600/365
f 991/597/366 966/572/366 968/574/366 993/599/366
f 994/600/367 993/599/367 995/601/367 996/602/367
f 993/599/368 968/574/368 970/576/368 995/601/368
f 996/602/369 995/601/369 997/27/369 998/603/369
f 995/601/370 970/576/370 972/578/370 997/27/370
f 998/603/371 997/27/371 999/604/371 1000/605/371
f 997/27/372 972/578/372 974/580/372 999/604/372
f 1000/605/373 999/604/373 1001/606/373 1002/607/373
f 999/604/374 974/580/374 976/582/374 1001/606/374
f 1002/607/375 1001/606/375 1003/7/375 1004/608/375
f 1001/606/376 976/582/376 978/584/376 1003/7/376
f 1004/608/377 1003/7/377 981/586/377 1006/588/377
f 1027/609/378 1002/607/378 1004/608/378 1005/610/378
f 1005/610/379 1004/608/379 1006/588/379 1007/611/379
f 1007/611/380 1006/588/380 984/589/380 1009/612/380
f 1030/8/381 1005/610/381 1007/611/381 1008/613/381
f 1008/613/382 1007/611/382 1009/612/382 1010/614/382
f 1010/614/383 1009/612/383 1011/615/383 1012/188/383
f 1009/612/384 984/589/384 986/590/384 1011/615/384
f 1012/616/385 1011/617/385 1013/618/385 1014/619/385
f 1011/617/386 986/591/386 988/594/386 1013/618/386
f 1014/619/387 1013/618/387 1015/620/387 1016/621/387
f 1013/618/388 988/594/388 990/596/388 1015/620/388
f 1016/621/389 1015/620/389 1017/622/389 1018/623/389
f 1015/620/390 990/596/390 992/598/390 1017/622/390
f 1018/623/391 1017/622/391 1019/624/391 1020/625/391
f 1017/622/392 992/598/392 994/600/392 1019/624/392
f 1020/625/393 1019/624/393 1021/626/393 1022/627/393
f 1019/624/394 994/600/394 996/602/394 1021/626/394
f 1022/627/395 1021/626/395 1023/628/395 1024/32/395
f 1021/626/396 996/602/396 998/603/396 1023/628/396
f 1024/32/397 1023/628/397 1025/629/397 1026/630/397
f 1023/628/398 998/603/398 1000/605/398 1025/629/398
f 1026/630/399 1025/629/399 1027/609/399 1028/631/399
f 1025/629/400 1000/605/400 1002/607/400 1027/609/400
f 1028/631/401 1027/609/401 1005/610/401 1030/8/401
f 1051/632/402 1026/630/402 1028/631/402 1029/633/402
f 1029/633/403 1028/631/403 1030/8/403 1031/634/403
f 1031/634/404 1030/8/404 1008/613/404 1033/635/404
f 1054/636/405 1029/633/405 1031/634/405 1032/637/405
f 1032/637/406 1031/634/406 1033/635/406 1034/638/406
f 1034/638/407 1033/635/407 1035/639/407 1036/640/407
f 1033/635/408 1008/613/408 1010/614/408 1035/639/408
f 1036/640/409 1035/639/409 1037/641/409 1038/642/409
f 1035/639/410 1010/614/410 1012/188/410 1037/641/410
f 1038/643/411 1037/644/411 1039/645/411 1040/646/411
f 1037/644/412 1012/616/412 1014/619/412 1039/645/412
f 1040/646/413 1039/645/413 1041/647/413 1042/648/413
f 1039/645/414 1014/619/414 1016/621/414 1041/647/414
f 1042/648/415 1041/647/415 1043/649/415 1044/650/415
f 1041/647/416 1016/621/416 1018/623/416 1043/649/416
f 1044/650/417 1043/649/417 1045/651/417 1046/652/417
f 1043/649/418 1018/623/418 1020/625/418 1045/651/418
f 1046/652/419 1045/651/419 1047/653/419 1048/654/419
f 1045/651/420 1020/625/420 1022/627/420 1047/653/420
f 1048/654/421 1047/653/421 1049/655/421 1050/656/421
f 1047/653/422 1022/627/422 1024/32/422 1049/655/422
f 1050/656/423 1049/655/423 1051/632/423 1052/657/423
f 1049/655/424 1024/32/424 1026/630/424 1051/632/424
f 1052/657/425 1051/632/425 1029/633/425 1054/636/425
f 1075/192/426 1050/656/426 1052/657/426 1053/658/426
f 1053/658/427 1052/657/427 1054/636/427 1055/659/427
f 1055/659/428 1054/636/428 1032/637/428 1057/660/428
f 1078/661/429 1053/658/429 1055/659/429 1056/662/429
f 1056/662/430 1055/659/430 1057/660/430 1058/663/430
f 1058/663/431 1057/660/431 1059/664/431 1060/665/431
f 1057/660/432 1032/637/432 1034/638/432 1059/664/432
f 1060/665/433 1059/664/433 1061/666/433 1062/667/433
f 1059/664/434 1034/638/434 1036/640/434 1061/666/434
f 1062/667/435 1061/666/435 1063/191/435 1064/668/435
f 1061/666/436 1036/640/436 1038/642/436 1063/191/436
f 1064/669/437 1063/670/437 1065/671/437 1066/672/437
f 1063/670/438 1038/643/438 1040/646/438 1065/671/438
f 1066/672/439 1065/671/439 1067/673/439 1068/674/439
f 1065/671/440 1040/646/440 1042/648/440 1067/673/440
f 1068/674/441 1067/673/441 1069/675/441 1070/676/441
f 1067/673/442 1042/648/442 1044/650/442 1069/675/442
f 1070/676/443 1069/675/443 1071/677/443 1072/678/443
f 1069/675/444 1044/650/444 1046/652/444 1071/677/444
f 1072/678/445 1071/677/445 1073/679/445 1074/680/445
f 1071/677/446 1046/652/446 1048/654/446 1073/679/446
f 1074/680/447 1073/679/447 1075/192/447 1076/681/447
f 1073/679/448 1048/654/448 1050/656/448 1075/192/448
f 1076/681/449 1075/192/449 1053/658/449 1078/661/449
f 1099/682/450 1074/680/450 1076/681/450 1077/683/450
f 1077/683/451 1076/681/451 1078/661/451 1079/684/451
f 1079/684/452 1078/661/452 1056/662/452 1081/685/452
f 1102/686/209 1077/683/209 1079/684/209 1080/687/209
f 1080/687/201 1079/684/201 1081/685/201 1082/688/201
f 1082/688/199 1081/685/199 1083/689/199 1084/690/199
f 1081/685/453 1056/662/453 1058/663/453 1083/689/453
f 1084/690/198 1083/689/198 1085/691/198 1086/692/198
f 1083/689/454 1058/663/454 1060/665/454 1085/691/454
f 1086/692/197 1085/691/197 1087/693/197 1088/694/197
f 1085/691/455 1060/665/455 1062/667/455 1087/693/455
f 1088/694/177 1087/693/177 1089/695/177 1090/696/177
f 1087/693/456 1062/667/456 1064/668/456 1089/695/456
f 1090/697/178 1089/698/178 1091/699/178 1092/700/178
f 1089/698/457 1064/669/457 1066/672/457 1091/699/457
f 1092/700/458 1091/699/458 1093/701/458 1094/702/458
f 1091/699/459 1066/672/459 1068/674/459 1093/701/459
f 1094/702/460 1093/701/460 1095/703/460 1096/704/460
f 1093/701/461 1068/674/461 1070/676/461 1095/703/461
f 1096/704/213 1095/703/213 1097/705/213 1098/706/213
f 1095/703/462 1070/676/462 1072/678/462 1097/705/462
f 1098/706/211 1097/705/211 1099/682/211 1100/707/211
f 1097/705/463 1072/678/463 1074/680/463 1099/682/463
f 1100/707/210 1099/682/210 1077/683/210 1102/686/210
f 1123/708/212 1098/709/212 1100/710/212 1101/711/212
f 1101/711/208 1100/710/208 1102/143/208 1103/712/208
f 1103/712/206 1102/143/206 1080/713/206 1105/714/206
f 1126/715/207 1101/711/207 1103/712/207 1104/716/207
f 1104/716/205 1103/712/205 1105/714/205 1106/717/205
f 1106/717/204 1105/714/204 1107/718/204 1108/719/204
f 1105/714/202 1080/713/202 1082/720/202 1107/718/202
f 1108/719/203 1107/718/203 1109/721/203 1110/722/203
f 1107/718/200 1082/720/200 1084/723/200 1109/721/200
f 1110/722/194 1109/721/194 1111/724/194 1112/725/194
f 1109/721/196 1084/723/196 1086/726/196 1111/724/196
f 1112/725/192 1111/724/192 1113/727/192 1114/728/192
f 1111/724/195 1086/726/195 1088/729/195 1113/727/195
f 1114/728/181 1113/727/181 1115/730/181 1116/731/181
f 1113/727/176 1088/729/176 1090/144/176 1115/730/176
f 1116/732/180 1115/733/180 1117/734/180 1118/735/180
f 1115/733/179 1090/736/179 1092/737/179 1117/734/179
f 1118/735/183 1117/734/183 1119/738/183 1120/739/183
f 1117/734/182 1092/737/182 1094/740/182 1119/738/182
f 1120/739/217 1119/738/217 1121/741/217 1122/742/217
f 1119/738/218 1094/740/218 1096/743/218 1121/741/218
f 1122/742/216 1121/741/216 1123/708/216 1124/744/216
f 1121/741/214 1096/743/214 1098/709/214 1123/708/214
f 1124/744/215 1123/708/215 1101/711/215 1126/715/215
f 1147/745/219 1122/742/219 1124/744/219 1125/746/219
f 1125/746/247 1124/744/247 1126/715/247 1127/747/247
f 1127/747/245 1126/715/245 1104/716/245 1129/148/245
f 1150/748/246 1125/746/246 1127/747/246 1128/749/246
f 1128/749/244 1127/747/244 1129/148/244 1130/750/244
f 1130/750/242 1129/148/242 1131/751/242 1132/752/242
f 1129/148/243 1104/716/243 1106/717/243 1131/751/243
f 1132/752/240 1131/751/240 1133/753/240 1134/754/240
f 1131/751/464 1106/717/464 1108/719/464 1133/753/464
f 1134/754/238 1133/753/238 1135/755/238 1136/756/238
f 1133/753/239 1108/719/239 1110/722/239 1135/755/239
f 1136/756/236 1135/755/236 1137/757/236 1138/758/236
f 1135/755/193 1110/722/193 1112/725/193 1137/757/193
f 1138/758/190 1137/757/190 1139/759/190 1140/760/190
f 1137/757/465 1112/725/465 1114/728/465 1139/759/465
f 1140/760/188 1139/759/188 1141/147/188 1142/761/188
f 1139/759/189 1114/728/189 1116/731/189 1141/147/189
f 1142/762/187 1141/763/187 1143/764/187 1144/765/187
f 1141/763/185 1116/732/185 1118/735/185 1143/764/185
f 1144/765/186 1143/764/186 1145/766/186 1146/767/186
f 1143/764/184 1118/735/184 1120/739/184 1145/766/184
f 1146/767/222 1145/766/222 1147/745/222 1148/768/222
f 1145/766/220 1120/739/220 1122/742/220 1147/745/220
f 1148/768/221 1147/745/221 1125/746/221 1150/748/221
f 1171/769/224 1146/767/224 1148/768/224 1149/770/224
f 1149/770/223 1148/768/223 1150/748/223 1151/771/223
f 1151/771/249 1150/748/249 1128/749/249 1153/772/249
f 1174/773/252 1149/770/252 1151/771/252 1152/774/252
f 1152/774/251 1151/771/251 1153/772/251 1154/775/251
f 1154/775/466 1153/772/466 1155/776/466 1156/103/466
f 1153/772/248 1128/749/248 1130/750/248 1155/776/248
f 1156/103/467 1155/776/467 1157/777/467 1158/778/467
f 1155/776/275 1130/750/275 1132/752/275 1157/777/275
f 1158/778/272 1157/777/272 1159/779/272 1160/780/272
f 1157/777/273 1132/752/273 1134/754/273 1159/779/273
f 1160/780/270 1159/779/270 1161/781/270 1162/86/270
f 1159/779/237 1134/754/237 1136/756/237 1161/781/237
f 1162/86/234 1161/781/234 1163/782/234 1164/783/234
f 1161/781/235 1136/756/235 1138/758/235 1163/782/235
f 1164/783/232 1163/782/232 1165/784/232 1166/785/232
f 1163/782/233 1138/758/233 1140/760/233 1165/784/233
f 1166/785/468 1165/784/468 1167/786/468 1168/151/468
f 1165/784/231 1140/760/231 1142/761/231 1167/786/231
f 1168/787/469 1167/788/469 1169/789/469 1170/790/469
f 1167/788/229 1142/762/229 1144/765/229 1169/789/229
f 1170/790/227 1169/789/227 1171/769/227 1172/791/227
f 1169/789/225 1144/765/225 1146/767/225 1171/769/225
f 1172/791/226 1171/769/226 1149/770/226 1174/773/226
f 1195/792/259 1170/790/259 1172/791/259 1173/793/259
f 1173/793/255 1172/791/255 1174/773/255 1175/794/255
f 1175/794/254 1174/773/254 1152/774/254 1177/795/254
f 1198/796/257 1173/793/257 1175/794/257 1176/797/257
f 1176/797/256 1175/794/256 1177/795/256 1178/798/256
f 1178/798/280 1177/795/280 1179/799/280 1180/800/280
f 1177/795/253 1152/774/253 1154/775/253 1179/799/253
f 1180/800/279 1179/799/279 1181/801/279 1182/802/279
f 1179/799/470 1154/775/470 1156/103/470 1181/801/470
f 1182/802/278 1181/801/278 1183/803/278 1184/804/278
f 1181/801/276 1156/103/276 1158/778/276 1183/803/276
f 1184/804/302 1183/803/302 1185/805/302 1186/806/302
f 1183/803/271 1158/778/271 1160/780/271 1185/805/271
f 1186/806/268 1185/805/268 1187/807/268 1188/808/268
f 1185/805/269 1160/780/269 1162/86/269 1187/807/269
f 1188/808/266 1187/807/266 1189/809/266 1190/810/266
f 1187/807/267 1162/86/267 1164/783/267 1189/809/267
f 1190/810/264 1189/809/264 1191/811/264 1192/812/264
f 1189/809/265 1164/783/265 1166/785/265 1191/811/265
f 1192/812/262 1191/811/262 1193/813/262 1194/814/262
f 1191/811/471 1166/785/471 1168/151/471 1193/813/471
f 1194/815/260 1193/816/260 1195/792/260 1196/817/260
f 1193/816/261 1168/787/261 1170/790/261 1195/792/261
f 1196/817/258 1195/792/258 1173/793/258 1198/796/258
f 1219/818/291 1194/815/291 1196/817/291 1197/819/291
f 1197/819/289 1196/817/289 1198/796/289 1199/820/289
f 1199/820/287 1198/796/287 1176/797/287 1201/821/287
f 1222/822/288 1197/819/288 1199/820/288 1200/823/288
f 1200/823/286 1199/820/286 1201/821/286 1202/824/286
f 1202/824/285 1201/821/285 1203/825/285 1204/826/285
f 1201/821/283 1176/797/283 1178/798/283 1203/825/283
f 1204/826/284 1203/825/284 1205/827/284 1206/828/284
f 1203/825/282 1178/798/282 1180/800/282 1205/827/282
f 1206/828/305 1205/827/305 1207/102/305 1208/829/305
f 1205/827/281 1180/800/281 1182/802/281 1207/102/281
f 1208/829/304 1207/102/304 1209/830/304 1210/831/304
f 1207/102/303 1182/802/303 1184/804/303 1209/830/303
f 1210/831/300 1209/830/300 1211/832/300 1212/833/300
f 1209/830/301 1184/804/301 1186/806/301 1211/832/301
f 1212/833/298 1211/832/298 1213/83/298 1214/834/298
f 1211/832/299 1186/806/299 1188/808/299 1213/83/299
f 1214/834/296 1213/83/296 1215/835/296 1216/836/296
f 1213/83/297 1188/808/297 1190/810/297 1215/835/297
f 1216/836/294 1215/835/294 1217/837/294 1218/838/294
f 1215/835/295 1190/810/295 1192/812/295 1217/837/295
f 1218/838/292 1217/837/292 1219/154/292 1220/839/292
f 1217/837/293 1192/812/293 1194/814/293 1219/154/293
f 1220/840/290 1219/818/290 1197/819/290 1222/822/290
f 1243/841/320 1218/838/320 1220/839/320 1221/842/320
f 1221/843/318 1220/840/318 1222/822/318 1223/844/318
f 1223/844/316 1222/822/316 1200/823/316 1225/845/316
f 1246/846/317 1221/843/317 1223/844/317 1224/847/317
f 1224/847/315 1223/844/315 1225/845/315 1226/848/315
f 1226/848/313 1225/845/313 1227/849/313 1228/850/313
f 1225/845/314 1200/823/314 1202/824/314 1227/849/314
f 1228/850/311 1227/849/311 1229/851/311 1230/852/311
f 1227/849/312 1202/824/312 1204/826/312 1229/851/312
f 1230/852/310 1229/851/310 1231/853/310 1232/854/310
f 1229/851/308 1204/826/308 1206/828/308 1231/853/308
f 1232/854/309 1231/853/309 1233/855/309 1234/129/309
f 1231/853/307 1206/828/307 1208/829/307 1233/855/307
f 1234/129/329 1233/855/329 1235/856/329 1236/857/329
f 1233/855/306 1208/829/306 1210/831/306 1235/856/306
f 1236/857/327 1235/856/327 1237/858/327 1238/859/327
f 1235/856/328 1210/831/328 1212/833/328 1237/858/328
f 1238/859/325 1237/858/325 1239/860/325 1240/84/325
f 1237/858/326 1212/833/326 1214/834/326 1239/860/326
f 1240/84/323 1239/860/323 1241/861/323 1242/862/323
f 1239/860/324 1214/834/324 1216/836/324 1241/861/324
f 1242/862/321 1241/861/321 1243/841/321 1244/863/321
f 1241/861/322 1216/836/322 1218/838/322 1243/841/322
f 1244/863/319 1243/841/319 1221/842/319 1246/157/319
f 1267/864/348 1242/862/348 1244/863/348 1245/865/348
f 1245/865/346 1244/863/346 1246/157/346 1247/866/346
f 1247/867/344 1246/846/344 1224/847/344 1249/868/344
f 1270/869/345 1245/865/345 1247/866/345 1248/870/345
f 1248/871/343 1247/867/343 1249/868/343 1250/872/343
f 1250/872/341 1249/868/341 1251/873/341 1252/874/341
f 1249/868/342 1224/847/342 1226/848/342 1251/873/342
f 1252/874/339 1251/873/339 1253/875/339 1254/876/339
f 1251/873/340 1226/848/340 1228/850/340 1253/875/340
f 1254/876/337 1253/875/337 1255/877/337 1256/878/337
f 1253/875/338 1228/850/338 1230/852/338 1255/877/338
f 1256/878/335 1255/877/335 1257/879/335 1258/880/335
f 1255/877/336 1230/852/336 1232/854/336 1257/879/336
f 1258/880/334 1257/879/334 1259/881/334 1260/882/334
f 1257/879/332 1232/854/332 1234/129/332 1259/881/332
f 1260/882/333 1259/881/333 1261/883/333 1262/884/333
f 1259/881/331 1234/129/331 1236/857/331 1261/883/331
f 1262/884/353 1261/883/353 1263/885/353 1264/886/353
f 1261/883/330 1236/857/330 1238/859/330 1263/885/330
f 1264/886/351 1263/885/351 1265/887/351 1266/888/351
f 1263/885/352 1238/859/352 1240/84/352 1265/887/352
f 1266/888/349 1265/887/349 1267/864/349 1268/889/349
f 1265/887/350 1240/84/350 1242/862/350 1267/864/350
f 1268/889/347 1267/864/347 1245/865/347 1270/869/347
f 1291/124/376 1266/888/376 1268/889/376 1269/890/376
f 1269/890/374 1268/889/374 1270/869/374 1271/891/374
f 1271/891/372 1270/869/372 1248/870/372 1273/160/372
f 1294/892/373 1269/890/373 1271/891/373 1272/893/373
f 1272/893/371 1271/891/371 1273/160/371 1274/894/371
f 1274/895/369 1273/896/369 1275/897/369 1276/898/369
f 1273/896/370 1248/871/370 1250/872/370 1275/897/370
f 1276/898/367 1275/897/367 1277/899/367 1278/900/367
f 1275/897/368 1250/872/368 1252/874/368 1277/899/368
f 1278/900/365 1277/899/365 1279/901/365 1280/902/365
f 1277/899/366 1252/874/366 1254/876/366 1279/901/366
f 1280/902/363 1279/901/363 1281/903/363 1282/904/363
f 1279/901/364 1254/876/364 1256/878/364 1281/903/364
f 1282/904/361 1281/903/361 1283/905/361 1284/906/361
f 1281/903/362 1256/878/362 1258/880/362 1283/905/362
f 1284/906/359 1283/905/359 1285/128/359 1286/907/359
f 1283/905/360 1258/880/360 1260/882/360 1285/128/360
f 1286/907/358 1285/128/358 1287/908/358 1288/909/358
f 1285/128/356 1260/882/356 1262/884/356 1287/908/356
f 1288/909/357 1287/908/357 1289/910/357 1290/911/357
f 1287/908/355 1262/884/355 1264/886/355 1289/910/355
f 1290/911/377 1289/910/377 1291/124/377 1292/912/377
f 1289/910/354 1264/886/354 1266/888/354 1291/124/354
f 1292/912/375 1291/124/375 1269/890/375 1294/892/375
f 1315/913/379 1290/911/379 1292/912/379 1293/914/379
f 1293/914/378 1292/912/378 1294/892/378 1295/915/378
f 1295/915/400 1294/892/400 1272/893/400 1297/916/400
f 1318/120/401 1293/914/401 1295/915/401 1296/917/401
f 1296/917/399 1295/915/399 1297/916/399 1298/918/399
f 1298/918/472 1297/916/472 1299/919/472 1300/80/472
f 1297/916/398 1272/893/398 1274/894/398 1299/919/398
f 1300/920/473 1299/921/473 1301/922/473 1302/923/473
f 1299/921/396 1274/895/396 1276/898/396 1301/922/396
f 1302/923/393 1301/922/393 1303/924/393 1304/925/393
f 1301/922/394 1276/898/394 1278/900/394 1303/924/394
f 1304/925/391 1303/924/391 1305/926/391 1306/100/391
f 1303/924/392 1278/900/392 1280/902/392 1305/926/392
f 1306/100/389 1305/926/389 1307/927/389 1308/928/389
f 1305/926/390 1280/902/390 1282/904/390 1307/927/390
f 1308/928/387 1307/927/387 1309/929/387 1310/930/387
f 1307/927/388 1282/904/388 1284/906/388 1309/929/388
f 1310/930/385 1309/929/385 1311/931/385 1312/111/385
f 1309/929/386 1284/906/386 1286/907/386 1311/931/386
f 1312/111/474 1311/931/474 1313/932/474 1314/933/474
f 1311/931/384 1286/907/384 1288/909/384 1313/932/384
f 1314/933/382 1313/932/382 1315/913/382 1316/934/382
f 1313/932/380 1288/909/380 1290/911/380 1315/913/380
f 1316/934/381 1315/913/381 1293/914/381 1318/120/381
f 1339/935/408 1314/933/408 1316/934/408 1317/936/408
f 1317/936/404 1316/934/404 1318/120/404 1319/937/404
f 1319/937/403 1318/120/403 1296/917/403 1321/938/403
f 1342/939/406 1317/936/406 1319/937/406 1320/940/406
f 1320/940/405 1319/937/405 1321/938/405 1322/941/405
f 1322/941/425 1321/938/425 1323/942/425 1324/943/425
f 1321/938/402 1296/917/402 1298/918/402 1323/942/402
f 1324/943/423 1323/942/423 1325/944/423 1326/945/423
f 1323/942/424 1298/918/424 1300/80/424 1325/944/424
f 1326/946/421 1325/947/421 1327/948/421 1328/949/421
f 1325/947/475 1300/920/475 1302/923/475 1327/948/475
f 1328/949/419 1327/948/419 1329/950/419 1330/951/419
f 1327/948/420 1302/923/420 1304/925/420 1329/950/420
f 1330/951/417 1329/950/417 1331/952/417 1332/953/417
f 1329/950/418 1304/925/418 1306/100/418 1331/952/418
f 1332/953/415 1331/952/415 1333/954/415 1334/955/415
f 1331/952/416 1306/100/416 1308/928/416 1333/954/416
f 1334/955/413 1333/954/413 1335/956/413 1336/957/413
f 1333/954/414 1308/928/414 1310/930/414 1335/956/414
f 1336/957/411 1335/956/411 1337/958/411 1338/959/411
f 1335/956/412 1310/930/412 1312/111/412 1337/958/412
f 1338/959/409 1337/958/409 1339/935/409 1340/960/409
f 1337/958/476 1312/111/476 1314/933/476 1339/935/476
f 1340/960/407 1339/935/407 1317/936/407 1342/939/407
f 1363/166/436 1338/959/436 1340/960/436 1341/961/436
f 1341/961/434 1340/960/434 1342/939/434 1343/962/434
f 1343/962/432 1342/939/432 1320/940/432 1345/963/432
f 1365/964/433 1341/961/433 1343/962/433 1344/965/433
f 1344/965/431 1343/962/431 1345/963/431 1346/966/431
f 1346/966/430 1345/963/430 1347/967/430 1348/968/430
f 1345/963/428 1320/940/428 1322/941/428 1347/967/428
f 1348/968/429 1347/967/429 1349/969/429 1350/970/429
f 1347/967/427 1322/941/427 1324/943/427 1349/969/427
f 1350/970/449 1349/969/449 1351/165/449 1352/971/449
f 1349/969/426 1324/943/426 1326/945/426 1351/165/426
f 1352/972/447 1351/973/447 1353/974/447 1354/975/447
f 1351/973/448 1326/946/448 1328/949/448 1353/974/448
f 1354/975/477 1353/974/477 1355/976/477 1356/977/477
f 1353/974/446 1328/949/446 1330/951/446 1355/976/446
f 1356/977/443 1355/976/443 1357/978/443 1358/979/443
f 1355/976/444 1330/951/444 1332/953/444 1357/978/444
f 1358/979/441 1357/978/441 1359/980/441 1360/981/441
f 1357/978/442 1332/953/442 1334/955/442 1359/980/442
f 1360/981/478 1359/980/478 1361/982/478 1362/983/478
f 1359/980/440 1334/955/440 1336/957/440 1361/982/440
f 1362/983/437 1361/982/437 1363/166/437 1364/984/437
f 1361/982/438 1336/957/438 1338/959/438 1363/166/438
f 1364/984/435 1363/166/435 1341/961/435 1365/964/435
f 1367/399/457 1362/983/457 1364/984/457 798/396/457
f 798/396/456 1364/984/456 1365/964/456 1366/397/456
f 1366/397/455 1365/964/455 1344/965/455 821/423/455
f 1368/985/459 1360/981/459 1362/983/459 1367/399/459
f 1370/405/458 1368/985/458 1367/399/458 799/398/458
f 1369/447/461 1358/979/461 1360/981/461 1368/985/461
f 840/448/460 1369/447/460 1368/985/460 1370/405/460
f 839/444/462 1356/977/462 1358/979/462 1369/447/462
f 837/443/463 1354/975/463 1356/977/463 839/444/463
f 835/442/450 1352/972/450 1354/975/450 837/443/450
f 1371/428/451 1350/970/451 1352/971/451 835/441/451
f 825/425/452 1348/968/452 1350/970/452 1371/428/452
f 823/424/453 1346/966/453 1348/968/453 825/425/453
f 821/423/454 1344/965/454 1346/966/454 823/424/454
s 1
f 1372/986/479 1374/987/479 1476/988/479 1373/989/479
f 1375/84/480 1372/986/480 1373/989/480 1471/990/480
f 1376/991/481 1377/992/481 1374/987/481 1372/986/481
f 1378/993/482 1376/991/482 1372/986/482 1375/84/482
f 1379/994/483 1380/995/483 1377/992/483 1376/991/483
f 1381/83/484 1379/994/484 1376/991/484 1378/993/484
f 1382/996/485 1383/997/485 1380/995/485 1379/994/485
f 1384/998/486 1382/996/486 1379/994/486 1381/83/486
f 1385/999/487 1386/1000/487 1383/997/487 1382/996/487
f 1387/86/488 1385/999/488 1382/996/488 1384/998/488
f 1388/1001/489 1389/1002/489 1386/1000/489 1385/999/489
f 1390/1003/490 1388/1001/490 1385/999/490 1387/86/490
f 1391/1004/491 1393/1005/491 1389/1002/491 1388/1001/491
f 1394/755/492 1391/1004/492 1388/1001/492 1390/1003/492
f 1396/1006/493 1392/1007/493 1391/1004/493 1394/755/493
f 1392/1007/494 1545/1008/494 1393/1005/494 1391/1004/494
f 1397/1009/495 1396/1006/495 1394/755/495 1395/1010/495
f 1395/1010/496 1394/755/496 1390/1003/496 1564/1011/496
f 1398/723/497 1399/1012/497 1392/1007/497 1396/1006/497
f 1400/1013/498 1398/723/498 1396/1006/498 1397/1009/498
f 1401/1014/499 1402/1015/499 1399/1016/499 1398/1017/499
f 1403/1018/500 1401/1014/500 1398/1017/500 1400/1019/500
f 1404/660/501 1405/1020/501 1402/1015/501 1401/1014/501
f 1406/1021/502 1404/660/502 1401/1014/502 1403/1018/502
f 1407/1022/503 1408/1023/503 1405/1020/503 1404/660/503
f 1409/1024/504 1407/1022/504 1404/660/504 1406/1021/504
f 1410/8/505 1411/1025/505 1408/1023/505 1407/1022/505
f 1412/5/506 1410/8/506 1407/1022/506 1409/1024/506
f 1413/1026/507 1415/1027/507 1411/1025/507 1410/8/507
f 1416/1028/508 1413/1026/508 1410/8/508 1412/5/508
f 1414/7/509 1538/1029/509 1415/1027/509 1413/1026/509
f 1418/6/510 1414/7/510 1413/1026/510 1416/1028/510
f 1419/21/511 1418/6/511 1416/1028/511 1417/1030/511
f 1417/1030/512 1416/1028/512 1412/5/512 1580/31/512
f 1420/1031/513 1421/1032/513 1414/7/513 1418/6/513
f 1422/1033/514 1420/1031/514 1418/6/514 1419/21/514
f 1423/13/515 1424/14/515 1421/1032/515 1420/1031/515
f 1425/22/516 1423/13/516 1420/1031/516 1422/1033/516
f 1426/1034/517 1427/1035/517 1424/14/517 1423/13/517
f 1428/1036/518 1426/1034/518 1423/13/518 1425/22/518
f 1429/19/519 1430/20/519 1427/1035/519 1426/1034/519
f 1431/23/520 1429/19/520 1426/1034/520 1428/1036/520
f 1432/1037/521 1433/1038/521 1430/20/521 1429/19/521
f 1434/1039/522 1432/1037/522 1429/19/522 1431/23/522
f 1435/138/523 1437/137/523 1433/1038/523 1432/1037/523
f 1438/139/524 1435/138/524 1432/1037/524 1434/1039/524
f 1436/1040/525 1546/1041/525 1437/137/525 1435/138/525
f 1440/1042/526 1436/1040/526 1435/138/526 1438/139/526
f 1441/1043/527 1440/1042/527 1438/139/527 1439/140/527
f 1439/140/528 1438/139/528 1434/1039/528 1589/1044/528
f 1442/1045/529 1443/1046/529 1436/1040/529 1440/1042/529
f 1444/1047/530 1442/1045/530 1440/1042/530 1441/1043/530
f 1445/1048/531 1446/1049/531 1443/1046/531 1442/1045/531
f 1447/1050/532 1445/1048/532 1442/1045/532 1444/1047/532
f 1448/1051/533 1449/1052/533 1446/1049/533 1445/1048/533
f 1450/1053/534 1448/1051/534 1445/1048/534 1447/1050/534
f 1451/1054/535 1452/1055/535 1449/1052/535 1448/1051/535
f 1453/1056/536 1451/1054/536 1448/1051/536 1450/1053/536
f 1454/1057/537 1455/1058/537 1452/1055/537 1451/1054/537
f 1457/1059/538 1454/1057/538 1451/1054/538 1453/1056/538
f 1456/1060/539 1465/1061/539 1455/1058/539 1454/1057/539
f 1458/1062/540 1456/1060/540 1454/1057/540 1457/1059/540
f 1593/127/25 1594/1063/25 1595/126/25 1460/1064/25 1459/113/25 1458/1062/25 1457/1059/25 1453/1056/25 1450/1053/25 1447/1050/25 1444/1047/25 1441/1043/25 1439/140/25 1589/1044/25 1588/26/25 1587/1065/25 1586/25/25 1585/1066/25 1584/24/25 1583/1067/25 1582/30/25 1581/1068/25 1578/1069/25 1576/1070/25 1574/1071/25 1572/1072/25 1570/1073/25 1568/1074/25 1566/99/25 1590/1075/25 1591/98/25 1592/1076/25
f 1459/113/541 1461/115/541 1456/1060/541 1458/1062/541
f 1460/1064/542 1462/1077/542 1461/115/542 1459/113/542
f 1462/1077/543 1466/1078/543 1463/118/543 1461/115/543
f 1461/115/544 1463/118/544 1465/1061/544 1456/1060/544
f 1466/1078/545 1468/1079/545 1464/120/545 1463/118/545
f 1463/118/546 1464/120/546 1552/1080/546 1465/1061/546
f 1467/123/547 1470/124/547 1468/1079/547 1466/1078/547
f 1596/125/548 1467/123/548 1466/1078/548 1462/1077/548
f 1470/124/549 1472/1081/549 1469/1082/549 1468/1079/549
f 1468/1079/550 1469/1082/550 1510/121/550 1464/120/550
f 1471/990/551 1373/989/551 1472/1081/551 1470/124/551
f 1553/1083/552 1471/990/552 1470/124/552 1467/123/552
f 1373/989/553 1476/988/553 1473/1084/553 1472/1081/553
f 1472/1081/554 1473/1084/554 1475/1085/554 1469/1082/554
f 1476/988/555 1477/1086/555 1474/1087/555 1473/1084/555
f 1473/1084/556 1474/1087/556 1508/1088/556 1475/1085/556
f 1374/987/557 1478/1089/557 1477/1086/557 1476/988/557
f 1478/1089/558 1479/1090/558 1477/1086/558
f 1477/1086/559 1479/1091/559 1474/1087/559
f 1505/1092/560 1479/1093/560 1478/1089/560
f 1506/1094/561 1479/1095/561 1480/1096/561
f 1480/1096/562 1479/1097/562 1481/1098/562
f 1481/1098/563 1479/1099/563 1482/1100/563
f 1482/1100/564 1479/1101/564 1483/1102/564
f 1483/1102/565 1479/1103/565 1484/1104/565
f 1484/1104/566 1479/1105/566 1485/1106/566
f 1485/1106/567 1479/1107/567 1486/9/567
f 1486/9/568 1479/1108/568 1487/1109/568
f 1487/1109/569 1479/1110/569 1488/1111/569
f 1488/1111/570 1479/1112/570 1489/1113/570
f 1489/1113/571 1479/1114/571 1490/1115/571
f 1490/1115/572 1479/1116/572 1491/1117/572
f 1491/1117/573 1479/1118/573 1492/1119/573
f 1492/1119/574 1479/1120/574 1493/1121/574
f 1493/1121/575 1479/1122/575 1494/1123/575
f 1494/1123/576 1479/1124/576 1495/1125/576
f 1495/1125/577 1479/1126/577 1496/1127/577
f 1496/1127/578 1479/1128/578 1497/1129/578
f 1497/1129/579 1479/1130/579 1498/1131/579
f 1498/1132/580 1479/1133/580 1499/1134/580
f 1499/1134/581 1479/1135/581 1500/1136/581
f 1500/1136/582 1479/1137/582 1501/1138/582
f 1501/1138/583 1479/1139/583 1502/1140/583
f 1502/1140/584 1479/1141/584 1503/1142/584
f 1503/1142/585 1479/1143/585 1504/1144/585
f 1504/1144/586 1479/1145/586 1505/1092/586
f 1507/79/587 1479/1146/587 1506/1094/587
f 1508/1088/588 1479/1147/588 1507/79/588
f 1474/1087/589 1479/1148/589 1508/1088/589
f 1475/1085/590 1508/1088/590 1507/79/590 1509/78/590
f 1509/78/591 1507/79/591 1506/1094/591 1511/1149/591
f 1469/1082/592 1475/1085/592 1509/78/592 1510/121/592
f 1510/121/593 1509/78/593 1511/1149/593 1512/1150/593
f 1511/1149/594 1506/1094/594 1480/1096/594 1513/1151/594
f 1512/1150/595 1511/1149/595 1513/1151/595 1514/1152/595
f 1513/1151/596 1480/1096/596 1481/1098/596 1515/1153/596
f 1514/1152/597 1513/1151/597 1515/1153/597 1516/1154/597
f 1515/1153/598 1481/1098/598 1482/1100/598 1517/1155/598
f 1516/1154/599 1515/1153/599 1517/1155/599 1518/1156/599
f 1518/1156/600 1517/1155/600 1519/1157/600 1520/1158/600
f 1517/1155/601 1482/1100/601 1483/1102/601 1519/1157/601
f 1519/1157/602 1483/1102/602 1484/1104/602 1521/1159/602
f 1520/1158/603 1519/1157/603 1521/1159/603 1522/1160/603
f 1521/1159/604 1484/1104/604 1485/1106/604 1523/1161/604
f 1522/1160/605 1521/1159/605 1523/1161/605 1524/1162/605
f 1523/1161/606 1485/1106/606 1486/9/606 1525/15/606
f 1524/1162/607 1523/1161/607 1525/15/607 1526/17/607
f 1525/15/608 1486/9/608 1487/1109/608 1527/1163/608
f 1526/17/609 1525/15/609 1527/1163/609 1528/1164/609
f 1527/1163/610 1487/1109/610 1488/1111/610 1529/1165/610
f 1528/1164/611 1527/1163/611 1529/1165/611 1530/1166/611
f 1529/1165/612 1488/1111/612 1489/1113/612 1531/1167/612
f 1530/1166/613 1529/1165/613 1531/1167/613 1532/1168/613
f 1531/1167/614 1489/1113/614 1490/1115/614 1533/1169/614
f 1532/1168/615 1531/1167/615 1533/1169/615 1534/1170/615
f 1534/1170/616 1533/1169/616 1535/1171/616 1536/1172/616
f 1533/1169/617 1490/1115/617 1491/1117/617 1535/1171/617
f 1535/1171/618 1491/1117/618 1492/1119/618 1537/1173/618
f 1536/1172/619 1535/1171/619 1537/1173/619 1538/1029/619
f 1537/1173/620 1492/1119/620 1493/1121/620 1539/1174/620
f 1538/1029/621 1537/1173/621 1539/1174/621 1415/1027/621
f 1539/1174/622 1493/1121/622 1494/1123/622 1540/1175/622
f 1415/1027/623 1539/1174/623 1540/1175/623 1411/1025/623
f 1540/1175/624 1494/1123/624 1495/1125/624 1541/1176/624
f 1411/1025/625 1540/1175/625 1541/1176/625 1408/1023/625
f 1541/1176/626 1495/1125/626 1496/1127/626 1542/1177/626
f 1408/1023/627 1541/1176/627 1542/1177/627 1405/1020/627
f 1542/1177/628 1496/1127/628 1497/1129/628 1543/1178/628
f 1405/1020/629 1542/1177/629 1543/1178/629 1402/1015/629
f 1543/1178/630 1497/1129/630 1498/1131/630 1544/1179/630
f 1402/1015/631 1543/1178/631 1544/1179/631 1399/1016/631
f 1399/1012/632 1544/1180/632 1545/1008/632 1392/1007/632
f 1544/1180/633 1498/1132/633 1499/1134/633 1545/1008/633
f 1545/1008/634 1499/1134/634 1500/1136/634 1393/1005/634
f 1421/1032/635 1536/1172/635 1538/1029/635 1414/7/635
f 1424/14/636 1534/1170/636 1536/1172/636 1421/1032/636
f 1427/1035/637 1532/1168/637 1534/1170/637 1424/14/637
f 1430/20/638 1530/1166/638 1532/1168/638 1427/1035/638
f 1433/1038/639 1528/1164/639 1530/1166/639 1430/20/639
f 1437/137/640 1526/17/640 1528/1164/640 1433/1038/640
f 1546/1041/641 1524/1162/641 1526/17/641 1437/137/641
f 1547/419/642 1522/1160/642 1524/1162/642 1546/1041/642
f 1443/1046/643 1547/419/643 1546/1041/643 1436/1040/643
f 1446/1049/644 1548/1181/644 1547/419/644 1443/1046/644
f 1548/1181/645 1520/1158/645 1522/1160/645 1547/419/645
f 1549/422/646 1518/1156/646 1520/1158/646 1548/1181/646
f 1449/1052/647 1549/422/647 1548/1181/647 1446/1049/647
f 1550/1182/648 1516/1154/648 1518/1156/648 1549/422/648
f 1452/1055/649 1550/1182/649 1549/422/649 1449/1052/649
f 1551/963/650 1514/1152/650 1516/1154/650 1550/1182/650
f 1455/1058/651 1551/963/651 1550/1182/651 1452/1055/651
f 1552/1080/652 1512/1150/652 1514/1152/652 1551/963/652
f 1465/1061/653 1552/1080/653 1551/963/653 1455/1058/653
f 1464/120/654 1510/121/654 1512/1150/654 1552/1080/654
f 1380/995/655 1504/1144/655 1505/1092/655 1377/992/655
f 1377/992/656 1505/1092/656 1478/1089/656 1374/987/656
f 1383/997/657 1503/1142/657 1504/1144/657 1380/995/657
f 1386/1000/658 1502/1140/658 1503/1142/658 1383/997/658
f 1389/1002/659 1501/1138/659 1502/1140/659 1386/1000/659
f 1393/1005/660 1500/1136/660 1501/1138/660 1389/1002/660
f 1555/81/661 1375/84/661 1471/990/661 1553/1083/661
f 1556/87/662 1555/81/662 1553/1083/662 1554/1183/662
f 1554/1183/663 1553/1083/663 1467/123/663 1596/125/663
f 1557/1184/664 1378/993/664 1375/84/664 1555/81/664
f 1558/1185/665 1557/1184/665 1555/81/665 1556/87/665
f 1559/82/666 1381/83/666 1378/993/666 1557/1184/666
f 1560/88/667 1559/82/667 1557/1184/667 1558/1185/667
f 1561/1186/668 1384/998/668 1381/83/668 1559/82/668
f 1562/1187/669 1561/1186/669 1559/82/669 1560/88/669
f 1563/85/670 1387/86/670 1384/998/670 1561/1186/670
f 1565/89/671 1563/85/671 1561/1186/671 1562/1187/671
f 1564/1011/672 1390/1003/672 1387/86/672 1563/85/672
f 1567/1188/673 1564/1011/673 1563/85/673 1565/89/673
f 1568/1074/674 1567/1188/674 1565/89/674 1566/99/674
f 1566/99/675 1565/89/675 1562/1187/675 1590/1075/675
f 1569/1189/676 1395/1010/676 1564/1011/676 1567/1188/676
f 1570/1073/677 1569/1189/677 1567/1188/677 1568/1074/677
f 1571/1190/678 1397/1009/678 1395/1010/678 1569/1189/678
f 1572/1072/679 1571/1190/679 1569/1189/679 1570/1073/679
f 1573/1191/680 1400/1013/680 1397/1009/680 1571/1190/680
f 1574/1071/681 1573/1191/681 1571/1190/681 1572/1072/681
f 1575/1192/682 1403/1018/682 1400/1019/682 1573/1193/682
f 1576/1070/683 1575/1192/683 1573/1193/683 1574/1194/683
f 1577/1195/684 1406/1021/684 1403/1018/684 1575/1192/684
f 1578/1069/685 1577/1195/685 1575/1192/685 1576/1070/685
f 1579/1196/686 1409/1024/686 1406/1021/686 1577/1195/686
f 1581/1068/687 1579/1196/687 1577/1195/687 1578/1069/687
f 1580/31/688 1412/5/688 1409/1024/688 1579/1196/688
f 1582/30/689 1580/31/689 1579/1196/689 1581/1068/689
f 1583/1067/690 1417/1030/690 1580/31/690 1582/30/690
f 1584/24/691 1419/21/691 1417/1030/691 1583/1067/691
f 1585/1066/692 1422/1033/692 1419/21/692 1584/24/692
f 1586/25/693 1425/22/693 1422/1033/693 1585/1066/693
f 1587/1065/694 1428/1036/694 1425/22/694 1586/25/694
f 1588/26/695 1431/23/695 1428/1036/695 1587/1065/695
f 1589/1044/696 1434/1039/696 1431/23/696 1588/26/696
f 1590/1075/697 1562/1187/697 1560/88/697 1591/98/697
f 1591/98/698 1560/88/698 1558/1185/698 1592/1076/698
f 1592/1076/699 1558/1185/699 1556/87/699 1593/127/699
f 1593/127/700 1556/87/700 1554/1183/700 1594/1063/700
f 1594/1063/701 1554/1183/701 1596/125/701 1595/126/701
f 1595/126/702 1596/125/702 1462/1077/702 1460/1064/702
f 1670/262/37 1598/263/37 1597/264/37 1599/265/37 1724/266/37 1723/267/37 1722/268/37 1717/269/37 1716/270/37 1650/271/37 1649/272/37 1651/273/37 1652/274/37 1659/275/37 1660/276/37 1661/277/37 1662/278/37 1667/279/37 1668/280/37 1669/281/37
f 1598/259/92 1602/258/92 1600/260/92 1597/261/92
f 1597/143/703 1600/144/703 1601/145/703 1599/146/703
f 1718/193/22 1719/194/22 1720/195/22 1721/196/22 1725/197/22 1601/198/22 1600/199/22 1602/200/22 1603/201/22 1605/202/22 1606/203/22 1610/204/22 1682/205/22 1676/206/22 1675/207/22 1673/208/22 1672/209/22 1671/210/22 1666/211/22 1665/212/22 1664/213/22 1663/214/22 1658/215/22 1657/216/22 1656/217/22 1654/218/22 1655/219/22 1715/220/22 1714/221/22 1709/222/22 1708/223/22 1707/224/22 1706/225/22 1701/226/22 1700/227/22 1699/228/22 1698/229/22 1693/230/22 1692/231/22 1691/232/22 1690/233/22 1616/234/22 1621/235/22 1622/236/22 1623/237/22 1624/238/22 1629/239/22 1630/240/22 1631/241/22 1632/242/22 1637/243/22 1638/244/22 1639/245/22 1640/246/22 1645/247/22 1646/248/22 1647/249/22 1648/250/22
f 1604/192/704 1603/191/704 1602/258/704 1598/259/704
f 1607/190/93 1605/189/93 1603/191/93 1604/192/93
f 1608/32/705 1606/188/705 1605/189/705 1607/190/705
f 1651/273/37 1649/272/37 1644/282/37 1643/283/37 1642/284/37 1641/285/37 1636/286/37 1635/287/37 1634/288/37 1633/289/37 1628/290/37 1627/291/37 1626/292/37 1625/293/37 1620/294/37 1619/295/37 1618/296/37 1617/297/37 1612/298/37 1611/299/37 1609/300/37 1608/301/37 1607/302/37 1604/303/37 1598/263/37 1670/262/37 1674/304/37 1677/305/37 1678/306/37 1679/307/37 1680/308/37 1686/309/37 1687/310/37 1688/311/37 1689/312/37 1694/313/37 1695/314/37 1696/315/37 1697/316/37 1702/317/37 1703/318/37 1704/319/37 1705/320/37 1710/321/37 1711/322/37 1712/323/37 1713/324/37 1653/325/37
f 1609/187/94 1610/186/94 1606/188/94 1608/32/94
f 1611/27/706 1613/185/706 1610/186/706 1609/187/706
f 1612/184/95 1614/183/95 1613/185/95 1611/27/95
f 1610/204/22 1613/251/22 1614/252/22 1615/253/22 1616/234/22 1690/233/22 1685/254/22 1684/255/22 1683/256/22 1681/257/22 1682/205/22
f 1617/28/707 1615/182/707 1614/183/707 1612/184/707
f 1618/181/96 1616/180/96 1615/182/96 1617/28/96
f 1619/29/708 1621/179/708 1616/180/708 1618/181/708
f 1620/178/97 1622/177/97 1621/179/97 1619/29/97
f 1625/141/709 1623/12/709 1622/177/709 1620/178/709
f 1626/176/98 1624/175/98 1623/12/98 1625/141/98
f 1627/174/710 1629/173/710 1624/175/710 1626/176/710
f 1628/172/99 1630/171/99 1629/173/99 1627/174/99
f 1633/170/711 1631/169/711 1630/171/711 1628/172/711
f 1634/168/100 1632/167/100 1631/169/100 1633/170/100
f 1635/166/712 1637/165/712 1632/167/712 1634/168/712
f 1636/164/101 1638/163/101 1637/165/101 1635/166/101
f 1641/111/713 1639/80/713 1638/163/713 1636/164/713
f 1642/162/102 1640/161/102 1639/80/102 1641/111/102
f 1643/128/714 1645/160/714 1640/161/714 1642/162/714
f 1644/159/103 1646/158/103 1645/160/103 1643/128/103
f 1649/129/715 1647/157/715 1646/158/715 1644/159/715
f 1650/156/104 1648/155/104 1647/157/104 1649/129/104
f 1654/342/716 1656/340/716 1652/341/716 1651/343/716
f 1655/344/717 1654/342/717 1651/343/717 1653/345/717
f 1656/340/85 1657/338/85 1659/339/85 1652/341/85
f 1657/338/97 1658/336/97 1660/337/97 1659/339/97
f 1658/336/87 1663/335/87 1661/334/87 1660/337/87
f 1661/334/98 1663/335/98 1664/333/98 1662/332/98
f 1662/332/89 1664/333/89 1665/331/89 1667/330/89
f 1667/330/99 1665/331/99 1666/327/99 1668/326/99
f 1668/326/718 1666/327/718 1671/328/718 1669/329/718
f 1669/391/719 1671/392/719 1672/390/719 1670/389/719
f 1670/389/61 1672/390/61 1673/388/61 1674/387/61
f 1674/387/101 1673/388/101 1675/386/101 1677/385/101
f 1677/385/63 1675/386/63 1676/383/63 1678/382/63
f 1678/382/102 1676/383/102 1682/384/102 1681/381/102 1679/380/102
f 1679/380/65 1681/381/65 1683/379/65 1680/378/65
f 1680/378/103 1683/379/103 1684/377/103 1686/376/103
f 1686/376/67 1684/377/67 1685/375/67 1687/374/67
f 1687/374/104 1685/375/104 1690/373/104 1688/372/104
f 1688/372/69 1690/373/69 1691/371/69 1689/370/69
f 1689/370/105 1691/371/105 1692/369/105 1694/368/105
f 1694/368/71 1692/369/71 1693/366/71 1695/367/71
f 1693/366/106 1698/364/106 1696/365/106 1695/367/106
f 1698/364/73 1699/362/73 1697/363/73 1696/365/73
f 1699/362/107 1700/360/107 1702/361/107 1697/363/107
f 1700/360/720 1701/358/720 1703/359/720 1702/361/720
f 1701/358/721 1706/356/721 1704/357/721 1703/359/721
f 1706/356/77 1707/354/77 1705/355/77 1704/357/77
f 1707/354/93 1708/352/93 1710/353/93 1705/355/93
f 1708/352/79 1709/350/79 1711/351/79 1710/353/79
f 1709/350/94 1714/348/94 1712/349/94 1711/351/94
f 1714/348/81 1715/346/81 1713/347/81 1712/349/81
f 1715/346/95 1655/344/95 1653/345/95 1713/347/95
f 1716/102/722 1718/154/722 1648/155/722 1650/156/722
f 1717/153/105 1719/152/105 1718/154/105 1716/102/105
f 1722/103/723 1720/151/723 1719/152/723 1717/153/723
f 1723/150/106 1721/149/106 1720/151/106 1722/103/106
f 1724/148/724 1725/147/724 1721/149/724 1723/150/724
f 1599/146/107 1601/145/107 1725/147/107 1724/148/107
f 1726/1/725 1728/2/725 1766/3/725 1727/4/725
f 1727/5/7 1730/6/7 1729/7/7 1726/8/7
f 1729/9/726 1731/10/726 1728/11/726 1726/12/726
f 1730/6/7 1735/13/7 1732/14/7 1729/7/7
f 1732/15/25 1733/16/25 1731/10/25 1729/9/25
f 1734/17/25 1808/18/25 1733/16/25 1732/15/25
f 1735/13/7 1737/19/7 1734/20/7 1732/14/7
f 1822/21/7 1736/22/7 1735/13/7 1730/6/7
f 1736/22/7 1739/23/7 1737/19/7 1735/13/7
f 1739/23/7 1740/139/7 1738/138/7 1737/19/7
f 1737/19/7 1738/138/7 1809/137/7 1734/20/7
f 1742/25/7 1741/26/7 1739/23/7 1736/22/7
f 1741/26/7 1744/140/7 1740/139/7 1739/23/7
f 1752/28/7 1743/29/7 1741/26/7 1742/25/7
f 1743/29/7 1746/141/7 1744/140/7 1741/26/7
f 1744/140/22 1745/56/22 1805/59/22 1740/139/22
f 1746/141/727 1747/53/727 1745/56/727 1744/140/727
f 1743/142/728 1749/50/728 1747/53/728 1746/141/728
f 1747/53/22 1748/54/22 1791/57/22 1745/56/22
f 1749/50/19 1750/51/19 1748/54/19 1747/53/19
f 1752/38/19 1751/37/19 1749/50/19 1743/142/19
f 1751/37/19 1753/48/19 1750/51/19 1749/50/19
f 1755/36/19 1754/35/19 1751/37/19 1752/38/19
f 1754/35/19 1756/46/19 1753/48/19 1751/37/19
f 1758/33/729 1757/34/729 1754/35/729 1755/36/729
f 1757/34/19 1759/45/19 1756/46/19 1754/35/19
f 1761/39/730 1760/40/730 1757/34/730 1758/33/730
f 1760/40/37 1762/44/37 1759/45/37 1757/34/37
f 1764/134/37 1763/133/37 1760/40/37 1761/39/37
f 1763/133/37 1765/104/37 1762/44/37 1760/40/37
f 1727/4/37 1766/3/37 1763/133/37 1764/134/37
f 1766/3/37 1767/131/37 1765/104/37 1763/133/37
f 1728/2/37 1768/136/37 1767/131/37 1766/3/37
f 1768/136/37 1771/90/37 1769/93/37 1767/131/37
f 1767/131/37 1769/93/37 1770/95/37 1765/104/37
f 1769/93/37 1772/92/37 1773/94/37 1770/95/37
f 1771/90/37 1774/91/37 1772/92/37 1769/93/37
f 1778/88/31 1773/89/31 1772/85/31 1775/82/31
f 1775/82/31 1772/85/31 1774/86/31 1776/83/31
f 1777/81/31 1775/82/31 1776/83/31 1818/84/31
f 1780/87/31 1778/88/31 1775/82/31 1777/81/31
f 1779/98/31 1802/99/31 1773/89/31 1778/88/31
f 1781/127/31 1779/98/31 1778/88/31 1780/87/31
f 1783/126/31 1781/127/31 1780/87/31 1782/125/31
f 1782/125/31 1780/87/31 1777/81/31 1784/123/31
f 1788/113/31 1783/126/31 1782/125/31 1785/115/31
f 1785/115/31 1782/125/31 1784/123/31 1786/118/31
f 1787/116/731 1785/115/731 1786/118/731 1814/117/731
f 1790/114/731 1788/113/731 1785/115/731 1787/116/731
f 1792/112/731 1789/111/731 1788/113/731 1790/114/731
f 1789/111/31 1794/128/31 1783/126/31 1788/113/31
f 1791/57/22 1790/114/22 1787/116/22 1803/60/22
f 1748/54/22 1792/112/22 1790/114/22 1791/57/22
f 1793/109/19 1794/110/19 1789/111/19 1792/112/19
f 1750/51/19 1793/109/19 1792/112/19 1748/54/19
f 1795/107/19 1796/108/19 1794/110/19 1793/109/19
f 1753/48/19 1795/107/19 1793/109/19 1750/51/19
f 1756/46/19 1797/106/19 1795/107/19 1753/48/19
f 1797/106/19 1798/105/19 1796/108/19 1795/107/19
f 1759/45/19 1799/101/19 1797/106/19 1756/46/19
f 1799/101/19 1800/100/19 1798/105/19 1797/106/19
f 1801/97/37 1802/96/37 1800/100/37 1799/101/37
f 1762/44/37 1801/97/37 1799/101/37 1759/45/37
f 1765/104/37 1770/95/37 1801/97/37 1762/44/37
f 1770/95/37 1773/94/37 1802/96/37 1801/97/37
f 1798/102/31 1800/103/31 1802/99/31 1779/98/31
f 1796/129/31 1798/102/31 1779/98/31 1781/127/31
f 1794/128/31 1796/129/31 1781/127/31 1783/126/31
f 1745/56/22 1791/57/22 1803/60/22 1805/59/22
f 1805/59/22 1803/60/22 1804/63/22 1806/62/22
f 1803/60/22 1787/116/22 1814/117/22 1804/63/22
f 1740/139/22 1805/59/22 1806/62/22 1738/138/22
f 1738/138/732 1806/62/732 1807/65/732 1809/137/732
f 1806/62/22 1804/63/22 1810/66/22 1807/65/22
f 1809/137/733 1807/65/733 1808/18/733 1734/17/733
f 1807/65/25 1810/66/25 1811/68/25 1808/18/25
f 1810/66/25 1812/119/25 1815/122/25 1811/68/25
f 1804/63/22 1814/117/22 1812/119/22 1810/66/22
f 1812/119/25 1813/120/25 1817/121/25 1815/122/25
f 1814/117/731 1786/118/731 1813/120/731 1812/119/731
f 1811/68/25 1815/122/25 1816/77/25 1819/70/25
f 1815/122/25 1817/121/25 1818/78/25 1816/77/25
f 1786/118/31 1784/123/31 1817/124/31 1813/120/31
f 1784/123/31 1777/81/31 1818/84/31 1817/124/31
f 1816/77/25 1818/78/25 1776/79/25 1820/75/25
f 1819/70/25 1816/77/25 1820/75/25 1821/72/25
f 1820/75/25 1776/79/25 1774/80/25 1771/76/25
f 1821/72/25 1820/75/25 1771/76/25 1768/74/25
f 1731/10/25 1821/72/25 1768/74/25 1728/11/25
f 1733/16/25 1819/70/25 1821/72/25 1731/10/25
f 1808/18/25 1811/68/25 1819/70/25 1733/16/25
f 1761/30/7 1823/24/7 1822/21/7 1764/31/7
f 1764/31/7 1822/21/7 1730/6/7 1727/5/7
f 1823/24/7 1742/25/7 1736/22/7 1822/21/7
f 1758/32/7 1755/27/7 1823/24/7 1761/30/7
f 1755/27/7 1752/28/7 1742/25/7 1823/24/7
f 1824/1/37 1826/2/37 1864/3/37 1825/4/37
f 1825/5/7 1828/6/7 1827/7/7 1824/8/7
f 1827/9/25 1829/10/25 1826/11/25 1824/12/25
f 1828/6/7 1833/13/7 1830/14/7 1827/7/7
f 1830/15/25 1831/16/25 1829/10/25 1827/9/25
f 1832/17/25 1919/18/25 1831/16/25 1830/15/25
f 1833/13/7 1835/19/7 1832/20/7 1830/14/7
f 1921/21/7 1834/22/7 1833/13/7 1828/6/7
f 1834/22/7 1836/23/7 1835/19/7 1833/13/7
f 1835/19/7 1837/138/7 1838/137/7 1832/20/7
f 1836/23/7 1840/139/7 1837/138/7 1835/19/7
f 1837/138/22 1839/62/22 1920/65/22 1838/137/22
f 1840/139/22 1841/59/22 1839/62/22 1837/138/22
f 1842/140/22 1843/56/22 1841/59/22 1840/139/22
f 1845/26/7 1842/140/7 1840/139/7 1836/23/7
f 1844/141/22 1904/53/22 1843/56/22 1842/140/22
f 1847/29/7 1844/141/7 1842/140/7 1845/26/7
f 1846/25/7 1845/26/7 1836/23/7 1834/22/7
f 1849/28/7 1847/29/7 1845/26/7 1846/25/7
f 1847/142/19 1848/50/19 1904/53/19 1844/141/19
f 1849/38/19 1850/37/19 1848/50/19 1847/142/19
f 1851/36/19 1854/35/19 1850/37/19 1849/38/19
f 1851/27/7 1849/28/7 1846/25/7 1853/24/7
f 1852/33/19 1856/34/19 1854/35/19 1851/36/19
f 1852/32/7 1851/27/7 1853/24/7 1859/30/7
f 1854/35/19 1855/46/19 1895/48/19 1850/37/19
f 1856/34/19 1857/45/19 1855/46/19 1854/35/19
f 1859/39/37 1858/40/37 1856/34/37 1852/33/37
f 1858/40/37 1860/44/37 1857/45/37 1856/34/37
f 1862/134/37 1861/133/37 1858/40/37 1859/39/37
f 1861/133/37 1863/104/37 1860/44/37 1858/40/37
f 1825/4/37 1864/3/37 1861/133/37 1862/134/37
f 1864/3/37 1865/131/37 1863/104/37 1861/133/37
f 1826/2/37 1866/136/37 1865/131/37 1864/3/37
f 1866/136/37 1869/90/37 1867/93/37 1865/131/37
f 1865/131/37 1867/93/37 1868/95/37 1863/104/37
f 1867/93/37 1870/92/37 1871/94/37 1868/95/37
f 1869/90/37 1872/91/37 1870/92/37 1867/93/37
f 1876/88/31 1871/89/31 1870/85/31 1873/82/31
f 1873/82/31 1870/85/31 1872/86/31 1874/83/31
f 1875/81/31 1873/82/31 1874/83/31 1913/84/31
f 1878/87/31 1876/88/31 1873/82/31 1875/81/31
f 1877/98/31 1902/99/31 1871/89/31 1876/88/31
f 1879/127/31 1877/98/31 1876/88/31 1878/87/31
f 1881/126/31 1879/127/31 1878/87/31 1880/125/31
f 1880/125/31 1878/87/31 1875/81/31 1882/123/31
f 1886/113/31 1881/126/31 1880/125/31 1883/115/31
f 1883/115/31 1880/125/31 1882/123/31 1884/118/31
f 1885/116/22 1883/115/22 1884/118/22 1908/117/22
f 1887/114/22 1886/113/22 1883/115/22 1885/116/22
f 1890/112/22 1888/111/22 1886/113/22 1887/114/22
f 1888/111/31 1889/128/31 1881/126/31 1886/113/31
f 1892/109/19 1889/110/19 1888/111/19 1890/112/19
f 1891/54/22 1890/112/22 1887/114/22 1903/57/22
f 1894/51/19 1892/109/19 1890/112/19 1891/54/19
f 1893/107/19 1896/108/19 1889/110/19 1892/109/19
f 1895/48/19 1893/107/19 1892/109/19 1894/51/19
f 1848/50/19 1894/51/19 1891/54/19 1904/53/19
f 1850/37/19 1895/48/19 1894/51/19 1848/50/19
f 1855/46/19 1897/106/19 1893/107/19 1895/48/19
f 1897/106/19 1898/105/19 1896/108/19 1893/107/19
f 1857/45/19 1899/101/19 1897/106/19 1855/46/19
f 1899/101/19 1900/100/19 1898/105/19 1897/106/19
f 1860/44/37 1901/97/37 1899/101/37 1857/45/37
f 1901/97/37 1902/96/37 1900/100/37 1899/101/37
f 1868/95/37 1871/94/37 1902/96/37 1901/97/37
f 1863/104/37 1868/95/37 1901/97/37 1860/44/37
f 1898/102/31 1900/103/31 1902/99/31 1877/98/31
f 1896/129/31 1898/102/31 1877/98/31 1879/127/31
f 1889/128/31 1896/129/31 1879/127/31 1881/126/31
f 1904/53/22 1891/54/22 1903/57/22 1843/56/22
f 1843/56/22 1903/57/22 1905/60/22 1841/59/22
f 1903/57/22 1887/114/22 1885/116/22 1905/60/22
f 1841/59/22 1905/60/22 1906/63/22 1839/62/22
f 1905/60/22 1885/116/22 1908/117/22 1906/63/22
f 1839/62/22 1906/63/22 1907/66/22 1920/65/22
f 1906/63/22 1908/117/22 1909/119/22 1907/66/22
f 1908/117/22 1884/118/22 1911/120/22 1909/119/22
f 1907/66/25 1909/119/25 1910/122/25 1918/68/25
f 1909/119/25 1911/120/25 1912/121/25 1910/122/25
f 1884/118/31 1882/123/31 1912/124/31 1911/120/31
f 1910/122/25 1912/121/25 1913/78/25 1914/77/25
f 1882/123/31 1875/81/31 1913/84/31 1912/124/31
f 1914/77/25 1913/78/25 1874/79/25 1915/75/25
f 1916/70/25 1914/77/25 1915/75/25 1917/72/25
f 1918/68/25 1910/122/25 1914/77/25 1916/70/25
f 1831/16/25 1916/70/25 1917/72/25 1829/10/25
f 1919/18/25 1918/68/25 1916/70/25 1831/16/25
f 1920/65/25 1907/66/25 1918/68/25 1919/18/25
f 1838/137/25 1920/65/25 1919/18/25 1832/17/25
f 1829/10/25 1917/72/25 1866/74/25 1826/11/25
f 1917/72/25 1915/75/25 1869/76/25 1866/74/25
f 1915/75/25 1874/79/25 1872/80/25 1869/76/25
f 1859/30/7 1853/24/7 1921/21/7 1862/31/7
f 1862/31/7 1921/21/7 1828/6/7 1825/5/7
f 1853/24/7 1846/25/7 1834/22/7 1921/21/7
f 2036/262/37 1923/263/37 1922/264/37 1924/265/37 1987/266/37 1986/267/37 1981/268/37 1980/269/37 1979/270/37 1978/271/37 1973/272/37 1988/273/37 1989/274/37 2050/275/37 2049/276/37 2044/277/37 2043/278/37 2042/279/37 2041/280/37 2038/281/37
f 1923/259/92 1927/258/92 1925/260/92 1922/261/92
f 1922/143/703 1925/144/703 1926/145/703 1924/146/703
f 1977/193/22 1982/194/22 1983/195/22 1984/196/22 1985/197/22 1926/198/22 1925/199/22 1927/200/22 1928/201/22 1930/202/22 1931/203/22 1936/204/22 1937/205/22 2031/206/22 2032/207/22 2033/208/22 2035/209/22 2037/210/22 2039/211/22 2040/212/22 2045/213/22 2046/214/22 2047/215/22 2048/216/22 1992/217/22 1991/218/22 1993/219/22 1994/220/22 1995/221/22 2000/222/22 2001/223/22 2002/224/22 2003/225/22 2008/226/22 2009/227/22 2010/228/22 2011/229/22 2016/230/22 2017/231/22 2018/232/22 1944/233/22 1943/234/22 1945/235/22 1950/236/22 1951/237/22 1952/238/22 1953/239/22 1958/240/22 1959/241/22 1960/242/22 1961/243/22 1966/244/22 1967/245/22 1968/246/22 1969/247/22 1974/248/22 1975/249/22 1976/250/22
f 1929/192/734 1928/191/734 1927/258/734 1923/259/734
f 1932/190/93 1930/189/93 1928/191/93 1929/192/93
f 1933/32/705 1931/188/705 1930/189/705 1932/190/705
f 1988/273/37 1973/272/37 1972/282/37 1971/283/37 1970/284/37 1965/285/37 1964/286/37 1963/287/37 1962/288/37 1957/289/37 1956/290/37 1955/291/37 1954/292/37 1949/293/37 1948/294/37 1947/295/37 1946/296/37 1942/297/37 1940/298/37 1935/299/37 1934/300/37 1933/301/37 1932/302/37 1929/303/37 1923/263/37 2036/262/37 2034/304/37 2030/305/37 2029/306/37 2028/307/37 2027/308/37 2022/309/37 2021/310/37 2020/311/37 2019/312/37 2015/313/37 2014/314/37 2013/315/37 2012/316/37 2007/317/37 2006/318/37 2005/319/37 2004/320/37 1999/321/37 1998/322/37 1997/323/37 1996/324/37 1990/325/37
f 1934/187/94 1936/186/94 1931/188/94 1933/32/94
f 1935/27/706 1938/185/706 1936/186/706 1934/187/706
f 1936/204/22 1938/251/22 1939/252/22 1941/253/22 1943/234/22 1944/233/22 2023/254/22 2024/255/22 2025/256/22 2026/257/22 1937/205/22
f 1940/184/95 1939/183/95 1938/185/95 1935/27/95
f 1942/28/707 1941/182/707 1939/183/707 1940/184/707
f 1946/181/96 1943/180/96 1941/182/96 1942/28/96
f 1947/29/708 1945/179/708 1943/180/708 1946/181/708
f 1948/178/97 1950/177/97 1945/179/97 1947/29/97
f 1949/141/709 1951/12/709 1950/177/709 1948/178/709
f 1954/176/98 1952/175/98 1951/12/98 1949/141/98
f 1955/174/710 1953/173/710 1952/175/710 1954/176/710
f 1956/172/99 1958/171/99 1953/173/99 1955/174/99
f 1957/170/711 1959/169/711 1958/171/711 1956/172/711
f 1962/168/100 1960/167/100 1959/169/100 1957/170/100
f 1963/166/712 1961/165/712 1960/167/712 1962/168/712
f 1964/164/101 1966/163/101 1961/165/101 1963/166/101
f 1965/111/713 1967/80/713 1966/163/713 1964/164/713
f 1970/162/102 1968/161/102 1967/80/102 1965/111/102
f 1971/128/714 1969/160/714 1968/161/714 1970/162/714
f 1972/159/103 1974/158/103 1969/160/103 1971/128/103
f 1973/129/715 1975/157/715 1974/158/715 1972/159/715
f 1978/156/104 1976/155/104 1975/157/104 1973/129/104
f 1979/102/722 1977/154/722 1976/155/722 1978/156/722
f 1980/153/105 1982/152/105 1977/154/105 1979/102/105
f 1981/103/723 1983/151/723 1982/152/723 1980/153/723
f 1986/150/106 1984/149/106 1983/151/106 1981/103/106
f 1987/148/724 1985/147/724 1984/149/724 1986/150/724
f 1924/146/107 1926/145/107 1985/147/107 1987/148/107
f 1991/342/716 1992/340/716 1989/341/716 1988/343/716
f 1993/344/717 1991/342/717 1988/343/717 1990/345/717
f 1994/346/95 1993/344/95 1990/345/95 1996/347/95
f 1995/348/81 1994/346/81 1996/347/81 1997/349/81
f 2000/350/94 1995/348/94 1997/349/94 1998/351/94
f 2001/352/79 2000/350/79 1998/351/79 1999/353/79
f 2002/354/93 2001/352/93 1999/353/93 2004/355/93
f 2003/356/77 2002/354/77 2004/355/77 2005/357/77
f 2008/358/721 2003/356/721 2005/357/721 2006/359/721
f 2009/360/720 2008/358/720 2006/359/720 2007/361/720
f 2010/362/107 2009/360/107 2007/361/107 2012/363/107
f 2011/364/73 2010/362/73 2012/363/73 2013/365/73
f 2016/366/106 2011/364/106 2013/365/106 2014/367/106
f 2015/368/71 2017/369/71 2016/366/71 2014/367/71
f 2019/370/105 2018/371/105 2017/369/105 2015/368/105
f 2020/372/69 1944/373/69 2018/371/69 2019/370/69
f 2021/374/104 2023/375/104 1944/373/104 2020/372/104
f 2022/376/67 2024/377/67 2023/375/67 2021/374/67
f 2027/378/103 2025/379/103 2024/377/103 2022/376/103
f 2028/380/65 2026/381/65 2025/379/65 2027/378/65
f 2029/382/102 2031/383/102 1937/384/102 2026/381/102 2028/380/102
f 2030/385/63 2032/386/63 2031/383/63 2029/382/63
f 2034/387/101 2033/388/101 2032/386/101 2030/385/101
f 2036/389/61 2035/390/61 2033/388/61 2034/387/61
f 2038/391/719 2037/392/719 2035/390/719 2036/389/719
f 2041/326/718 2039/327/718 2037/328/718 2038/329/718
f 2042/330/99 2040/331/99 2039/327/99 2041/326/99
f 2043/332/89 2045/333/89 2040/331/89 2042/330/89
f 2044/334/98 2046/335/98 2045/333/98 2043/332/98
f 2047/336/87 2046/335/87 2044/334/87 2049/337/87
f 2048/338/97 2047/336/97 2049/337/97 2050/339/97
f 1992/340/85 2048/338/85 2050/339/85 1989/341/85
f 2051/1/735 2053/2/735 2089/3/735 2052/4/735
f 2052/5/7 2055/6/7 2054/7/7 2051/8/7
f 2054/9/736 2056/10/736 2053/11/736 2051/12/736
f 2055/6/7 2060/13/7 2057/14/7 2054/7/7
f 2057/15/25 2058/16/25 2056/10/25 2054/9/25
f 2059/17/25 2134/18/25 2058/16/25 2057/15/25
f 2060/13/7 2061/19/7 2059/20/7 2057/14/7
f 2062/22/7 2065/23/7 2061/19/7 2060/13/7
f 2063/21/7 2062/22/7 2060/13/7 2055/6/7
f 2148/24/7 2064/25/7 2062/22/7 2063/21/7
f 2064/25/7 2067/26/7 2065/23/7 2062/22/7
f 2067/26/7 2069/140/7 2066/139/7 2065/23/7
f 2065/23/7 2066/139/7 2131/138/7 2061/19/7
f 2077/28/7 2068/29/7 2067/26/7 2064/25/7
f 2068/29/7 2071/141/7 2069/140/7 2067/26/7
f 2069/140/22 2070/56/22 2128/59/22 2066/139/22
f 2071/141/737 2072/53/737 2070/56/737 2069/140/737
f 2068/142/738 2074/50/738 2072/53/738 2071/141/738
f 2072/53/22 2073/54/22 2125/57/22 2070/56/22
f 2074/50/19 2075/51/19 2073/54/19 2072/53/19
f 2077/38/19 2076/37/19 2074/50/19 2068/142/19
f 2076/37/19 2078/48/19 2075/51/19 2074/50/19
f 2080/36/19 2079/35/19 2076/37/19 2077/38/19
f 2079/35/19 2081/46/19 2078/48/19 2076/37/19
f 2083/33/739 2082/34/739 2079/35/739 2080/36/739
f 2082/34/19 2084/45/19 2081/46/19 2079/35/19
f 2086/39/740 2085/40/740 2082/34/740 2083/33/740
f 2085/40/37 2087/44/37 2084/45/37 2082/34/37
f 2090/134/37 2088/133/37 2085/40/37 2086/39/37
f 2088/133/37 2091/104/37 2087/44/37 2085/40/37
f 2052/4/37 2089/3/37 2088/133/37 2090/134/37
f 2089/3/37 2092/131/37 2091/104/37 2088/133/37
f 2092/131/37 2094/93/37 2093/95/37 2091/104/37
f 2091/104/37 2093/95/37 2095/97/37 2087/44/37
f 2094/93/741 2099/92/741 2096/94/741 2093/95/741
f 2093/95/741 2096/94/741 2097/96/741 2095/97/741
f 2123/98/31 2097/99/31 2096/89/31 2098/88/31
f 2098/88/31 2096/89/31 2099/85/31 2101/82/31
f 2141/90/741 2100/91/741 2099/92/741 2094/93/741
f 2101/82/31 2099/85/31 2100/86/31 2102/83/31
f 2103/81/31 2101/82/31 2102/83/31 2105/84/31
f 2106/87/31 2098/88/31 2101/82/31 2103/81/31
f 2108/125/31 2106/87/31 2103/81/31 2104/123/31
f 2104/123/31 2103/81/31 2105/84/31 2143/124/31
f 2107/127/31 2123/98/31 2098/88/31 2106/87/31
f 2110/126/31 2107/127/31 2106/87/31 2108/125/31
f 2109/115/31 2108/125/31 2104/123/31 2147/118/31
f 2112/113/31 2110/126/31 2108/125/31 2109/115/31
f 2111/128/31 2118/129/31 2107/127/31 2110/126/31
f 2114/111/31 2111/128/31 2110/126/31 2112/113/31
f 2113/114/22 2112/113/22 2109/115/22 2124/116/22
f 2115/112/22 2114/111/22 2112/113/22 2113/114/22
f 2116/109/19 2111/110/19 2114/111/19 2115/112/19
f 2073/54/22 2115/112/22 2113/114/22 2125/57/22
f 2075/51/19 2116/109/19 2115/112/19 2073/54/19
f 2117/107/19 2118/108/19 2111/110/19 2116/109/19
f 2078/48/19 2117/107/19 2116/109/19 2075/51/19
f 2119/106/19 2120/105/19 2118/108/19 2117/107/19
f 2081/46/19 2119/106/19 2117/107/19 2078/48/19
f 2084/45/19 2121/101/19 2119/106/19 2081/46/19
f 2121/101/19 2122/100/19 2120/105/19 2119/106/19
f 2087/44/37 2095/97/37 2121/101/37 2084/45/37
f 2095/97/741 2097/96/741 2122/100/741 2121/101/741
f 2120/102/31 2122/103/31 2097/99/31 2123/98/31
f 2118/129/31 2120/102/31 2123/98/31 2107/127/31
f 2125/57/22 2113/114/22 2124/116/22 2126/60/22
f 2070/56/22 2125/57/22 2126/60/22 2128/59/22
f 2126/60/22 2124/116/22 2146/117/22 2127/63/22
f 2128/59/22 2126/60/22 2127/63/22 2129/62/22
f 2066/139/22 2128/59/22 2129/62/22 2131/138/22
f 2131/138/742 2129/62/742 2130/65/742 2132/137/742
f 2129/62/22 2127/63/22 2133/66/22 2130/65/22
f 2061/19/7 2131/138/7 2132/137/7 2059/20/7
f 2132/137/743 2130/65/743 2134/18/743 2059/17/743
f 2130/65/25 2133/66/25 2135/68/25 2134/18/25
f 2134/18/25 2135/68/25 2137/70/25 2058/16/25
f 2133/66/25 2144/119/25 2136/122/25 2135/68/25
f 2135/68/25 2136/122/25 2139/77/25 2137/70/25
f 2058/16/25 2137/70/25 2138/72/25 2056/10/25
f 2137/70/25 2139/77/25 2140/75/25 2138/72/25
f 2139/77/25 2105/78/25 2102/79/25 2140/75/25
f 2136/122/25 2143/121/25 2105/78/25 2139/77/25
f 2140/75/25 2102/79/25 2100/80/25 2141/76/25
f 2138/72/25 2140/75/25 2141/76/25 2142/74/25
f 2142/136/37 2141/90/37 2094/93/37 2092/131/37
f 2056/10/25 2138/72/25 2142/74/25 2053/11/25
f 2053/2/37 2142/136/37 2092/131/37 2089/3/37
f 2144/119/25 2145/120/25 2143/121/25 2136/122/25
f 2127/63/22 2146/117/22 2144/119/22 2133/66/22
f 2146/117/22 2147/118/22 2145/120/22 2144/119/22
f 2124/116/22 2109/115/22 2147/118/22 2146/117/22
f 2147/118/31 2104/123/31 2143/124/31 2145/120/31
f 2086/30/7 2148/24/7 2063/21/7 2090/31/7
f 2090/31/7 2063/21/7 2055/6/7 2052/5/7
f 2083/32/7 2080/27/7 2148/24/7 2086/30/7
f 2080/27/7 2077/28/7 2064/25/7 2148/24/7
f 2150/9/744 2211/1104/744 2151/173/744 2149/12/744
f 2152/5/745 2154/6/745 2150/7/745 2149/8/745
f 2149/1/746 2151/1197/746 2155/1198/746 2152/4/746
f 2153/31/7 2172/21/7 2154/6/7 2152/5/7
f 2152/4/25 2155/1198/25 2157/1199/25 2153/134/25
f 2151/1197/25 2210/1200/25 2156/1201/25 2155/1198/25
f 2155/1198/25 2156/1201/25 2158/1202/25 2157/1199/25
f 2157/1199/25 2158/1202/25 2160/1203/25 2159/1204/25
f 2153/134/25 2157/1199/25 2159/1204/25 2161/39/25
f 2159/1204/25 2160/1203/25 2164/448/25 2162/453/25
f 2161/39/747 2159/1204/747 2162/453/747 2163/33/747
f 2163/33/748 2162/453/748 2165/1205/748 2168/36/748
f 2162/453/37 2164/448/37 2166/1206/37 2165/1205/37
f 2165/1205/37 2166/1206/37 2233/1207/37 2167/1208/37
f 2168/36/37 2165/1205/37 2167/1208/37 2169/38/37
f 2163/32/749 2168/27/749 2170/24/749 2161/30/749
f 2168/27/7 2169/28/7 2171/25/7 2170/24/7
f 2170/24/7 2171/25/7 2173/22/7 2172/21/7
f 2161/30/7 2170/24/7 2172/21/7 2153/31/7
f 2172/21/7 2173/22/7 2175/13/7 2154/6/7
f 2171/25/7 2236/26/7 2174/23/7 2173/22/7
f 2173/22/7 2174/23/7 2177/19/7 2175/13/7
f 2154/6/7 2175/13/7 2176/14/7 2150/7/7
f 2175/13/7 2177/19/7 2179/20/7 2176/14/7
f 2177/19/750 2178/138/750 2180/137/750 2179/20/750
f 2174/23/7 2239/139/7 2178/138/7 2177/19/7
f 2179/17/22 2181/1160/22 2183/1159/22 2176/15/22
f 2180/137/751 2184/419/751 2181/1160/751 2179/17/751
f 2184/419/22 2185/422/22 2182/1156/22 2181/1160/22
f 2181/1160/22 2182/1156/22 2208/1155/22 2183/1159/22
f 2186/1046/19 2188/1052/19 2185/422/19 2184/419/19
f 2178/138/752 2186/1046/752 2184/419/752 2180/137/752
f 2187/1045/19 2189/1051/19 2188/1052/19 2186/1046/19
f 2239/139/19 2187/1045/19 2186/1046/19 2178/138/19
f 2188/1052/19 2190/1058/19 2191/963/19 2185/422/19
f 2189/1051/19 2193/1057/19 2190/1058/19 2188/1052/19
f 2190/1058/753 2192/118/753 2203/120/753 2191/963/753
f 2193/1057/19 2195/115/19 2192/118/19 2190/1058/19
f 2241/1053/19 2194/1059/19 2193/1057/19 2189/1051/19
f 2194/1059/19 2196/113/19 2195/115/19 2193/1057/19
f 2196/113/31 2198/126/31 2197/125/31 2195/115/31
f 2195/115/31 2197/125/31 2200/123/31 2192/118/31
f 2198/126/31 2223/127/31 2199/87/31 2197/125/31
f 2197/125/31 2199/87/31 2201/81/31 2200/123/31
f 2200/123/31 2201/81/31 2204/84/31 2202/124/31
f 2192/118/754 2200/123/754 2202/124/754 2203/120/754
f 2191/963/755 2203/120/755 2202/121/755 2205/1152/755
f 2205/1152/22 2202/121/22 2204/78/22 2206/1151/22
f 2185/422/22 2191/963/22 2205/1152/22 2182/1156/22
f 2182/1156/22 2205/1152/22 2206/1151/22 2208/1155/22
f 2208/1155/22 2206/1151/22 2207/1096/22 2209/1100/22
f 2206/1151/22 2204/78/22 2246/79/22 2207/1096/22
f 2183/1159/22 2208/1155/22 2209/1100/22 2211/1104/22
f 2211/1104/22 2209/1100/22 2210/169/22 2151/173/22
f 2209/1100/22 2207/1096/22 2212/165/22 2210/169/22
f 2176/15/22 2183/1159/22 2211/1104/22 2150/9/22
f 2210/1200/25 2212/1209/25 2214/1210/25 2156/1201/25
f 2207/1096/756 2246/79/756 2213/80/756 2212/165/756
f 2212/1209/757 2213/91/757 2216/92/757 2214/1210/757
f 2156/1201/25 2214/1210/25 2215/1211/25 2158/1202/25
f 2214/1210/25 2216/92/25 2218/94/25 2215/1211/25
f 2217/82/758 2216/85/758 2213/86/758 2246/83/758
f 2220/88/31 2218/89/31 2216/85/31 2217/82/31
f 2221/98/31 2219/99/31 2218/89/31 2220/88/31
f 2215/1211/25 2218/94/25 2219/96/25 2244/1212/25
f 2199/87/31 2220/88/31 2217/82/31 2201/81/31
f 2223/127/31 2221/98/31 2220/88/31 2199/87/31
f 2224/129/31 2222/102/31 2221/98/31 2223/127/31
f 2222/102/759 2245/103/759 2219/99/759 2221/98/759
f 2226/128/31 2224/129/31 2223/127/31 2198/126/31
f 2242/1213/37 2222/105/37 2224/108/37 2225/1214/37
f 2225/1214/37 2224/108/37 2226/110/37 2228/1215/37
f 2228/1215/760 2226/110/760 2227/111/760 2229/166/760
f 2227/111/761 2226/128/761 2198/126/761 2196/113/761
f 2233/1207/37 2225/1214/37 2228/1215/37 2230/1216/37
f 2230/1216/37 2228/1215/37 2229/166/37 2231/170/37
f 2232/1217/37 2230/1216/37 2231/170/37 2234/174/37
f 2167/1208/37 2233/1207/37 2230/1216/37 2232/1217/37
f 2166/1206/37 2242/1213/37 2225/1214/37 2233/1207/37
f 2235/142/762 2232/1217/762 2234/174/762 2237/141/762
f 2169/38/37 2167/1208/37 2232/1217/37 2235/142/37
f 2169/28/7 2235/29/7 2236/26/7 2171/25/7
f 2235/29/763 2237/141/763 2238/140/763 2236/26/763
f 2237/141/764 2234/174/764 2240/1047/764 2238/140/764
f 2238/140/19 2240/1047/19 2187/1045/19 2239/139/19
f 2236/26/7 2238/140/7 2239/139/7 2174/23/7
f 2234/174/19 2231/170/19 2241/1053/19 2240/1047/19
f 2240/1047/19 2241/1053/19 2189/1051/19 2187/1045/19
f 2231/170/19 2229/166/19 2194/1059/19 2241/1053/19
f 2229/166/765 2227/111/765 2196/113/765 2194/1059/765
f 2243/978/766 2245/100/766 2222/105/766 2242/1213/766
f 2164/448/37 2243/978/37 2242/1213/37 2166/1206/37
f 2244/1212/767 2219/96/767 2245/100/767 2243/978/767
f 2160/1203/25 2244/1212/25 2243/978/25 2164/448/25
f 2158/1202/25 2215/1211/25 2244/1212/25 2160/1203/25
f 2201/81/31 2217/82/31 2246/83/31 2204/84/31
