# Blender 4.4.3
# www.blender.org
mtllib Car.mtl
o 車体
v -1.191199 1.167092 3.879007
v -1.500000 1.734501 -0.788602
v -1.500000 3.274501 -0.788602
v -0.846947 2.832908 3.879007
v -2.000000 1.000000 -4.120993
v -1.500000 1.734501 -3.948602
v -2.000000 3.000000 -4.120993
v -1.500000 3.274501 -3.948602
v 1.191199 1.167092 3.879007
v 1.500000 1.734501 -0.788602
v 0.846947 2.832908 3.879007
v 1.500000 3.274501 -0.788602
v 2.000000 1.000000 -4.120993
v 1.500000 1.734501 -3.948602
v 2.000000 3.000000 -4.120993
v 1.500000 3.274501 -3.948602
v -2.000000 1.000000 -0.120993
v -2.000000 3.000000 -0.120993
v 2.000000 1.000000 -0.120993
v 2.000000 3.000000 -0.120993
v -1.179140 1.071850 1.408063
v 1.179140 2.928150 1.408063
v -1.179140 2.928150 1.408063
v 1.179140 1.071850 1.408063
v -2.000000 3.000000 -2.136756
v 2.000000 1.000000 -2.136756
v -2.000000 1.000000 -2.136756
v 2.000000 3.000000 -2.136756
v -2.000000 4.380398 -2.136756
v -2.000000 4.380398 -4.120993
v 2.000000 4.380398 -4.120993
v 2.000000 4.380398 -2.136756
v 2.000000 3.987854 -0.120993
v -2.000000 3.987854 -0.120993
v -1.500000 3.144501 -4.120993
v -1.500000 3.744501 -4.120993
v 1.500000 3.144501 -4.120993
v 1.500000 3.744501 -4.120993
v 1.500000 3.144501 -0.120993
v 1.500000 3.744501 -0.120993
v -1.500000 3.144501 -0.120993
v -1.500000 3.744501 -0.120993
v 2.000000 3.144501 -3.868602
v 2.000000 3.744501 -3.868602
v 2.000000 3.144501 -2.136756
v 2.000000 3.744501 -2.136756
v -2.000000 3.144501 -3.868602
v -2.000000 3.144501 -2.136756
v -2.000000 3.744501 -2.136756
v -2.000000 3.744501 -3.868602
v -2.000000 3.144501 -0.868602
v -2.000000 3.744501 -0.868602
v 2.000000 3.144501 -0.868602
v 2.000000 3.744501 -0.868602
v -1.500000 3.144501 -0.868602
v -1.500000 3.144501 -3.868602
v -1.500000 3.744501 -0.868602
v -1.500000 3.744501 -3.346863
v -1.500000 3.744501 -3.868602
v 1.500000 3.144501 -0.868602
v 1.500000 3.144501 -3.868602
v 1.500000 3.744501 -0.868602
v 1.500000 3.744501 -3.868602
v -1.310707 3.744501 -3.868602
v -0.363511 3.744501 -2.605675
v -1.500000 3.144501 -0.788602
v 1.500000 3.144501 -0.788602
v 1.500000 3.144501 -3.948602
v -1.500000 3.144501 -3.948602
v 1.500000 3.274501 -0.868602
v -1.500000 3.274501 -0.868602
v -1.500000 3.274501 -3.868602
v 1.500000 3.274501 -3.868602
vn -1.0000 -0.0000 -0.0000
vn -0.0000 -0.0000 -1.0000
vn 1.0000 -0.0000 -0.0049
vn -0.0000 -0.0000 1.0000
vn -0.0000 -0.9993 0.0385
vn -0.0000 0.9993 0.0385
vn -0.0000 -1.0000 -0.0000
vn 1.0000 -0.0000 -0.0000
vn -0.8811 -0.0000 0.4730
vn -1.0000 -0.0000 -0.0049
vn -0.0000 0.9989 0.0469
vn -0.0000 -0.9989 0.0469
vn 0.8811 -0.0000 0.4730
vn -0.0000 1.0000 -0.0000
vn -0.0000 0.9816 0.1911
vn 0.9699 0.2004 0.1381
vn -0.9699 0.2004 0.1381
vt 0.625000 0.187993
vt 0.375000 0.250000
vt 0.375000 0.187993
vt 0.625000 0.250000
vt 0.375000 0.500000
vt 0.625000 0.672783
vt 0.375000 0.750000
vt 0.375000 0.672783
vt 0.625000 1.000000
vt 0.375000 1.000000
vt 0.125000 0.750000
vt 0.125000 0.672783
vt 0.875000 0.672783
vt 0.625000 0.750000
vt 0.375000 0.562007
vt 0.125000 0.625000
vt 0.125000 0.562007
vt 0.625000 0.562007
vt 0.375000 0.625000
vt 0.625000 0.077217
vt 0.375000 0.125000
vt 0.375000 0.077217
vt 0.375000 0.000000
vt 0.875000 0.625000
vt 0.625000 0.625000
vt 0.625000 0.500000
vt 0.125000 0.500000
vt 0.625000 0.507887
vt 0.625000 0.125000
vt 0.625000 0.242113
vt 0.875000 0.500000
vt 0.875000 0.562007
vt 0.625000 0.148363
vt 0.625000 0.281250
vt 0.625000 0.281250
vt 0.625000 0.468750
vt 0.625000 0.601637
vt 0.656250 0.625000
vt 0.656250 0.625000
vt 0.843750 0.625000
vt 0.625000 0.239641
vt 0.429167 0.225924
vt 0.429167 0.230272
vt 0.375000 0.230272
vt 0.375000 0.225924
vt 0.625000 0.062880
vt 0.375000 0.022249
vt 0.429167 0.058533
vt 0.429167 0.062880
vt 0.375000 0.058533
vt 0.375000 0.062880
vt 0.375000 0.727751
vt 0.625000 0.687120
vt 0.429167 0.691467
vt 0.375000 0.691467
vt 0.429167 0.687120
vt 0.375000 0.687120
vt 0.625000 0.510359
vt 0.375000 0.519728
vt 0.429167 0.519728
vt 0.375000 0.524076
vt 0.125000 0.727751
vt 0.125000 0.691467
vt 0.375000 0.510359
vt 0.125000 0.519728
vt 0.859226 0.524076
vt 0.875000 0.510359
vt 0.625000 0.524076
vt 0.625000 0.727751
vt 0.875000 0.687120
vt 0.875000 0.552432
vt 0.875000 0.524076
vt 0.780293 0.592713
vt 0.625000 0.000000
vt 0.429167 0.195833
vt 0.429167 0.195833
vt 0.429167 0.695833
vt 0.429167 0.695833
vt 0.375000 0.516304
vt 0.230680 0.516304
vt 0.125000 0.543478
vt 0.125000 0.733696
vt 0.230680 0.733696
vt 0.375000 0.706522
vt 0.668478 0.543478
vt 0.769321 0.516304
vt 0.625000 0.543478
vt 0.625000 0.706522
vt 0.769320 0.733696
vt 0.875000 0.733696
vt 0.603896 0.243671
vt 0.603896 0.006329
vt 0.603896 0.500000
vt 0.603896 0.250000
vt 0.603896 0.506329
vt 0.603896 0.750000
vt 0.875000 0.750000
vt 0.625000 0.562007
vt 0.625000 0.507887
vt 0.625000 0.148363
vt 0.625000 0.468750
vt 0.625000 0.601637
vt 0.843750 0.625000
vt 0.375000 0.239641
vt 0.625000 0.225924
vt 0.625000 0.022249
vt 0.429167 0.524076
vt 0.125000 0.510359
vt 0.875000 0.727751
vt 0.375000 0.543478
vt 0.125000 0.516304
vt 0.125000 0.706522
vt 0.375000 0.733696
vt 0.875000 0.543478
vt 0.875000 0.516304
vt 0.625000 0.516304
vt 0.875000 0.706522
vt 0.625000 0.733696
vt 0.603896 0.000000
vt 0.603896 0.743671
vt 0.603896 1.000000
s 0
f 25/1/1 5/2/1 27/3/1
f 7/4/2 13/5/2 5/2/2
f 22/6/3 9/7/3 24/8/3
f 9/7/4 4/9/4 1/10/4
f 24/8/5 1/11/5 21/12/5
f 23/13/6 11/14/6 22/6/6
f 26/15/7 17/16/7 27/17/7
f 28/18/8 19/19/8 26/15/8
f 23/20/9 17/21/9 21/22/9
f 1/23/10 23/20/10 21/22/10
f 18/24/11 22/6/11 20/25/11
f 19/19/12 21/12/12 17/16/12
f 20/25/13 24/8/13 19/19/13
f 15/26/8 26/15/8 13/5/8
f 13/5/7 27/17/7 5/27/7
f 43/28/8 15/26/8 31/26/8
f 18/29/1 27/3/1 17/21/1
f 30/4/1 7/4/1 50/30/1
f 30/31/14 32/18/14 31/26/14
f 29/32/15 33/25/15 32/18/15
f 51/33/1 18/29/1 34/29/1
f 36/34/2 30/4/2 31/26/2
f 15/26/2 35/35/2 37/36/2
f 54/37/8 33/25/8 20/25/8
f 40/38/4 33/25/4 34/24/4
f 18/24/4 39/39/4 41/40/4
f 36/41/8 72/42/8 8/43/8
f 69/44/8 72/42/8 56/45/8
f 57/46/8 41/47/8 3/48/8
f 71/49/8 66/50/8 55/51/8
f 39/52/1 62/53/1 12/54/1
f 67/55/1 70/56/1 60/57/1
f 38/58/1 68/59/1 16/60/1
f 61/61/1 16/60/1 68/59/1
f 41/62/14 67/55/14 66/63/14
f 37/64/14 69/65/14 68/59/14
f 64/66/7 36/67/7 63/68/7
f 40/69/7 57/70/7 62/53/7
f 64/66/7 58/71/7 59/72/7
f 65/73/7 63/68/7 57/70/7
f 54/74/2 60/2/2 70/75/2
f 57/74/2 71/76/2 51/2/2
f 72/77/4 50/26/4 56/7/4
f 43/7/4 63/26/4 73/78/4
f 47/79/14 48/80/14 55/81/14
f 53/82/14 45/83/14 61/84/14
f 58/85/7 49/86/7 59/87/7
f 63/88/7 46/89/7 54/90/7
f 56/91/8 55/92/8 2/23/8
f 6/2/4 68/93/4 69/94/4
f 61/95/1 14/5/1 10/7/1
f 2/10/2 67/96/2 10/7/2
f 2/11/14 14/5/14 6/27/14
f 25/1/1 7/4/1 5/2/1
f 7/4/2 15/26/2 13/5/2
f 22/6/16 11/14/16 9/7/16
f 9/7/4 11/14/4 4/9/4
f 24/8/5 9/7/5 1/11/5
f 23/13/6 4/97/6 11/14/6
f 26/15/7 19/19/7 17/16/7
f 28/18/8 20/25/8 19/19/8
f 23/20/9 18/29/9 17/21/9
f 1/23/17 4/74/17 23/20/17
f 18/24/11 23/13/11 22/6/11
f 19/19/12 24/8/12 21/12/12
f 20/25/13 22/6/13 24/8/13
f 15/26/8 28/18/8 26/15/8
f 13/5/7 26/15/7 27/17/7
f 43/28/8 45/18/8 28/18/8
f 31/26/8 32/18/8 46/98/8
f 31/26/8 46/98/8 44/99/8
f 43/28/8 28/18/8 15/26/8
f 31/26/8 44/99/8 43/28/8
f 18/29/1 25/1/1 27/3/1
f 50/30/1 49/1/1 29/1/1
f 7/4/1 25/1/1 48/1/1
f 7/4/1 48/1/1 47/30/1
f 50/30/1 29/1/1 30/4/1
f 7/4/1 47/30/1 50/30/1
f 30/31/14 29/32/14 32/18/14
f 29/32/15 34/24/15 33/25/15
f 51/33/1 48/1/1 25/1/1
f 34/29/1 29/1/1 49/1/1
f 34/29/1 49/1/1 52/100/1
f 51/33/1 25/1/1 18/29/1
f 34/29/1 52/100/1 51/33/1
f 36/34/2 35/35/2 7/4/2
f 31/26/2 15/26/2 37/36/2
f 31/26/2 37/36/2 38/101/2
f 36/34/2 7/4/2 30/4/2
f 31/26/2 38/101/2 36/34/2
f 15/26/2 7/4/2 35/35/2
f 54/37/8 46/98/8 32/18/8
f 20/25/8 28/18/8 45/18/8
f 20/25/8 45/18/8 53/102/8
f 54/37/8 32/18/8 33/25/8
f 20/25/8 53/102/8 54/37/8
f 40/38/4 39/39/4 20/25/4
f 34/24/4 18/24/4 41/40/4
f 34/24/4 41/40/4 42/103/4
f 40/38/4 20/25/4 33/25/4
f 34/24/4 42/103/4 40/38/4
f 18/24/4 20/25/4 39/39/4
f 69/44/8 35/104/8 36/41/8
f 36/41/8 59/105/8 72/42/8
f 8/43/8 69/44/8 36/41/8
f 69/44/8 8/43/8 72/42/8
f 3/48/8 71/49/8 57/46/8
f 57/46/8 42/106/8 41/47/8
f 41/47/8 66/50/8 3/48/8
f 71/49/8 3/48/8 66/50/8
f 12/54/1 67/55/1 39/52/1
f 39/52/1 40/69/1 62/53/1
f 62/53/1 70/56/1 12/54/1
f 67/55/1 12/54/1 70/56/1
f 73/107/1 63/68/1 38/58/1
f 38/58/1 37/64/1 68/59/1
f 16/60/1 73/107/1 38/58/1
f 61/61/1 73/107/1 16/60/1
f 41/62/14 39/52/14 67/55/14
f 37/64/14 35/108/14 69/65/14
f 64/66/7 59/72/7 36/67/7
f 36/67/7 38/58/7 63/68/7
f 40/69/7 42/109/7 57/70/7
f 64/66/7 65/73/7 58/71/7
f 65/73/7 64/66/7 63/68/7
f 63/68/7 62/53/7 57/70/7
f 57/70/7 58/71/7 65/73/7
f 70/75/2 62/74/2 54/74/2
f 54/74/2 53/2/2 60/2/2
f 51/2/2 52/74/2 57/74/2
f 71/76/2 55/2/2 51/2/2
f 72/77/4 59/26/4 50/26/4
f 50/26/4 47/7/4 56/7/4
f 73/78/4 61/7/4 43/7/4
f 43/7/4 44/26/4 63/26/4
f 55/81/14 56/110/14 47/79/14
f 48/80/14 51/111/14 55/81/14
f 61/84/14 60/112/14 53/82/14
f 45/83/14 43/113/14 61/84/14
f 58/85/7 57/114/7 52/115/7
f 49/86/7 50/116/7 59/87/7
f 58/85/7 52/115/7 49/86/7
f 54/90/7 62/117/7 63/88/7
f 63/88/7 44/118/7 46/89/7
f 2/23/8 6/2/8 69/94/8
f 2/23/8 69/94/8 56/91/8
f 55/92/8 66/119/8 2/23/8
f 6/2/4 14/5/4 68/93/4
f 10/7/1 67/96/1 60/120/1
f 61/95/1 68/93/1 14/5/1
f 10/7/1 60/120/1 61/95/1
f 2/10/2 66/121/2 67/96/2
f 2/11/14 10/7/14 14/5/14
o 前輪右
v -1.455882 -0.250000 3.000000
v -1.330882 -0.216506 3.000000
v -1.239376 -0.125000 3.000000
v -1.205882 0.000000 3.000000
v -1.239376 0.125000 3.000000
v -1.330882 0.216506 3.000000
v -1.455882 0.250000 3.000000
v -1.580882 0.216506 3.000000
v -1.672389 0.125000 3.000000
v -1.705882 0.000000 3.000000
v -1.672389 -0.125000 3.000000
v -1.580883 -0.216506 3.000000
v -1.455882 -0.239306 2.836842
v -1.330882 -0.206099 2.841214
v -1.239376 -0.115376 2.853158
v -1.205882 0.008555 2.869474
v -1.239376 0.132486 2.885790
v -1.330882 0.223209 2.897734
v -1.455882 0.256416 2.902105
v -1.580882 0.223209 2.897734
v -1.672389 0.132486 2.885790
v -1.705882 0.008555 2.869474
v -1.672389 -0.115376 2.853158
v -1.580883 -0.206099 2.841214
v -1.455882 -0.207407 2.676476
v -1.330882 -0.175055 2.685145
v -1.239376 -0.086667 2.708829
v -1.205882 0.034074 2.741181
v -1.239376 0.154815 2.773533
v -1.330882 0.243203 2.797217
v -1.455882 0.275556 2.805886
v -1.580882 0.243203 2.797217
v -1.672389 0.154815 2.773533
v -1.705882 0.034074 2.741181
v -1.672389 -0.086667 2.708829
v -1.580882 -0.175055 2.685145
v -1.455882 -0.154849 2.521646
v -1.330882 -0.123905 2.534463
v -1.239376 -0.039364 2.569481
v -1.205882 0.076120 2.617317
v -1.239376 0.191605 2.665152
v -1.330882 0.276146 2.700170
v -1.455882 0.307090 2.712987
v -1.580882 0.276146 2.700170
v -1.672389 0.191605 2.665152
v -1.705882 0.076120 2.617317
v -1.672389 -0.039364 2.569481
v -1.580882 -0.123905 2.534463
v -1.455882 -0.082532 2.375000
v -1.330882 -0.053525 2.391747
v -1.239376 0.025721 2.437500
v -1.205882 0.133975 2.500000
v -1.239376 0.242228 2.562500
v -1.330882 0.321475 2.608253
v -1.455882 0.350481 2.625000
v -1.580882 0.321475 2.608253
v -1.672389 0.242228 2.562500
v -1.705882 0.133975 2.500000
v -1.672389 0.025721 2.437500
v -1.580882 -0.053525 2.391747
v -1.455882 0.008308 2.239048
v -1.330882 0.034881 2.259438
v -1.239376 0.107477 2.315144
v -1.205882 0.206647 2.391239
v -1.239376 0.305816 2.467334
v -1.330882 0.378413 2.523039
v -1.455882 0.404985 2.543429
v -1.580882 0.378413 2.523039
v -1.672389 0.305816 2.467334
v -1.705882 0.206647 2.391239
v -1.672389 0.107477 2.315144
v -1.580882 0.034881 2.259438
v -1.455882 0.116117 2.116117
v -1.330882 0.139800 2.139800
v -1.239376 0.204505 2.204505
v -1.205882 0.292893 2.292893
v -1.239376 0.381282 2.381281
v -1.330882 0.445986 2.445986
v -1.455882 0.469670 2.469670
v -1.580882 0.445986 2.445986
v -1.672389 0.381282 2.381281
v -1.705882 0.292893 2.292893
v -1.672389 0.204505 2.204505
v -1.580882 0.139800 2.139800
v -1.455882 0.239048 2.008308
v -1.330882 0.259438 2.034881
v -1.239376 0.315143 2.107478
v -1.205882 0.391238 2.206647
v -1.239376 0.467334 2.305816
v -1.330882 0.523039 2.378413
v -1.455882 0.543429 2.404985
v -1.580882 0.523039 2.378413
v -1.672389 0.467334 2.305816
v -1.705882 0.391238 2.206647
v -1.672389 0.315143 2.107478
v -1.580882 0.259438 2.034881
v -1.455882 0.375000 1.917468
v -1.330882 0.391747 1.946475
v -1.239376 0.437500 2.025721
v -1.205882 0.500000 2.133975
v -1.239376 0.562500 2.242228
v -1.330882 0.608253 2.321475
v -1.455882 0.625000 2.350481
v -1.580882 0.608253 2.321475
v -1.672389 0.562500 2.242228
v -1.705882 0.500000 2.133975
v -1.672389 0.437500 2.025721
v -1.580882 0.391747 1.946475
v -1.455882 0.521645 1.845151
v -1.330882 0.534463 1.876095
v -1.239376 0.569481 1.960636
v -1.205882 0.617316 2.076121
v -1.239376 0.665152 2.191606
v -1.330882 0.700170 2.276146
v -1.455882 0.712987 2.307090
v -1.580882 0.700170 2.276146
v -1.672389 0.665152 2.191606
v -1.705882 0.617316 2.076121
v -1.672389 0.569481 1.960636
v -1.580882 0.534463 1.876095
v -1.455882 0.676476 1.792593
v -1.330882 0.685145 1.824945
v -1.239376 0.708829 1.913333
v -1.205882 0.741181 2.034074
v -1.239376 0.773533 2.154815
v -1.330882 0.797217 2.243203
v -1.455882 0.805886 2.275556
v -1.580882 0.797217 2.243203
v -1.672389 0.773533 2.154815
v -1.705882 0.741181 2.034074
v -1.672389 0.708829 1.913333
v -1.580882 0.685145 1.824945
v -1.455882 0.836842 1.760694
v -1.330882 0.841214 1.793901
v -1.239376 0.853158 1.884624
v -1.205882 0.869474 2.008555
v -1.239376 0.885790 2.132486
v -1.330882 0.897734 2.223209
v -1.455882 0.902106 2.256416
v -1.580882 0.897734 2.223209
v -1.672389 0.885790 2.132486
v -1.705882 0.869474 2.008555
v -1.672389 0.853158 1.884624
v -1.580882 0.841214 1.793901
v -1.455882 1.000000 1.750000
v -1.330882 1.000000 1.783494
v -1.239376 1.000000 1.875000
v -1.205882 1.000000 2.000000
v -1.239376 1.000000 2.125000
v -1.330882 1.000000 2.216506
v -1.455882 1.000000 2.250000
v -1.580882 1.000000 2.216506
v -1.672389 1.000000 2.125000
v -1.705882 1.000000 2.000000
v -1.672389 1.000000 1.875000
v -1.580882 1.000000 1.783494
v -1.455882 1.163158 1.760694
v -1.330882 1.158786 1.793901
v -1.239376 1.146842 1.884625
v -1.205882 1.130526 2.008555
v -1.239376 1.114210 2.132486
v -1.330882 1.102267 2.223209
v -1.455882 1.097895 2.256416
v -1.580882 1.102267 2.223209
v -1.672389 1.114211 2.132486
v -1.705882 1.130526 2.008555
v -1.672389 1.146842 1.884625
v -1.580882 1.158786 1.793901
v -1.455882 1.323524 1.792593
v -1.330882 1.314855 1.824945
v -1.239376 1.291171 1.913333
v -1.205882 1.258819 2.034074
v -1.239376 1.226467 2.154815
v -1.330882 1.202783 2.243203
v -1.455882 1.194114 2.275556
v -1.580882 1.202783 2.243203
v -1.672389 1.226467 2.154815
v -1.705882 1.258819 2.034074
v -1.672389 1.291171 1.913333
v -1.580882 1.314855 1.824945
v -1.455882 1.478354 1.845151
v -1.330882 1.465537 1.876095
v -1.239376 1.430519 1.960636
v -1.205882 1.382684 2.076120
v -1.239376 1.334848 2.191606
v -1.330882 1.299830 2.276146
v -1.455882 1.287013 2.307090
v -1.580882 1.299830 2.276146
v -1.672389 1.334848 2.191606
v -1.705882 1.382684 2.076120
v -1.672389 1.430519 1.960636
v -1.580882 1.465537 1.876095
v -1.455882 1.625000 1.917468
v -1.330882 1.608253 1.946474
v -1.239376 1.562500 2.025721
v -1.205882 1.500000 2.133975
v -1.239376 1.437500 2.242228
v -1.330882 1.391747 2.321475
v -1.455882 1.375000 2.350481
v -1.580882 1.391747 2.321475
v -1.672389 1.437500 2.242228
v -1.705882 1.500000 2.133975
v -1.672389 1.562500 2.025721
v -1.580882 1.608253 1.946474
v -1.455882 1.760952 2.008308
v -1.330882 1.740562 2.034881
v -1.239376 1.684857 2.107478
v -1.205882 1.608761 2.206647
v -1.239376 1.532666 2.305816
v -1.330882 1.476961 2.378413
v -1.455882 1.456571 2.404985
v -1.580882 1.476961 2.378413
v -1.672389 1.532666 2.305816
v -1.705882 1.608761 2.206647
v -1.672389 1.684857 2.107478
v -1.580882 1.740562 2.034881
v -1.455882 1.883884 2.116117
v -1.330882 1.860200 2.139800
v -1.239376 1.795495 2.204505
v -1.205882 1.707107 2.292893
v -1.239376 1.618719 2.381282
v -1.330882 1.554014 2.445987
v -1.455882 1.530330 2.469670
v -1.580882 1.554014 2.445987
v -1.672389 1.618719 2.381282
v -1.705882 1.707107 2.292893
v -1.672389 1.795495 2.204505
v -1.580882 1.860200 2.139800
v -1.455882 1.991692 2.239048
v -1.330882 1.965119 2.259438
v -1.239376 1.892522 2.315143
v -1.205882 1.793353 2.391239
v -1.239376 1.694184 2.467334
v -1.330882 1.621587 2.523039
v -1.455882 1.595015 2.543429
v -1.580882 1.621587 2.523039
v -1.672389 1.694184 2.467334
v -1.705882 1.793353 2.391239
v -1.672389 1.892522 2.315143
v -1.580882 1.965119 2.259438
v -1.455882 2.082531 2.375000
v -1.330882 2.053525 2.391747
v -1.239376 1.974278 2.437500
v -1.205882 1.866025 2.500000
v -1.239376 1.757772 2.562500
v -1.330882 1.678525 2.608253
v -1.455882 1.649519 2.625000
v -1.580882 1.678525 2.608253
v -1.672389 1.757772 2.562500
v -1.705882 1.866025 2.500000
v -1.672389 1.974278 2.437500
v -1.580882 2.053525 2.391747
v -1.455882 2.154850 2.521646
v -1.330882 2.123905 2.534463
v -1.239376 2.039364 2.569481
v -1.205882 1.923880 2.617316
v -1.239376 1.808395 2.665152
v -1.330882 1.723854 2.700170
v -1.455882 1.692910 2.712987
v -1.580882 1.723854 2.700170
v -1.672389 1.808395 2.665152
v -1.705882 1.923880 2.617316
v -1.672389 2.039364 2.569481
v -1.580882 2.123905 2.534463
v -1.455882 2.207407 2.676476
v -1.330882 2.175055 2.685145
v -1.239376 2.086667 2.708829
v -1.205882 1.965926 2.741181
v -1.239376 1.845185 2.773533
v -1.330882 1.756797 2.797217
v -1.455882 1.724444 2.805886
v -1.580882 1.756797 2.797217
v -1.672389 1.845185 2.773533
v -1.705882 1.965926 2.741181
v -1.672389 2.086667 2.708829
v -1.580882 2.175055 2.685145
v -1.455882 2.239306 2.836842
v -1.330882 2.206099 2.841214
v -1.239376 2.115376 2.853158
v -1.205882 1.991445 2.869474
v -1.239376 1.867514 2.885789
v -1.330882 1.776791 2.897733
v -1.455882 1.743584 2.902105
v -1.580882 1.776791 2.897733
v -1.672389 1.867514 2.885789
v -1.705882 1.991445 2.869474
v -1.672389 2.115376 2.853158
v -1.580882 2.206099 2.841214
v -1.455882 2.250000 3.000000
v -1.330882 2.216506 3.000000
v -1.239376 2.125000 3.000000
v -1.205882 2.000000 3.000000
v -1.239376 1.875000 3.000000
v -1.330882 1.783494 3.000000
v -1.455882 1.750000 3.000000
v -1.580882 1.783494 3.000000
v -1.672389 1.875000 3.000000
v -1.705882 2.000000 3.000000
v -1.672389 2.125000 3.000000
v -1.580882 2.216506 3.000000
v -1.455882 2.239306 3.163158
v -1.330882 2.206099 3.158786
v -1.239376 2.115376 3.146842
v -1.205882 1.991445 3.130526
v -1.239376 1.867514 3.114211
v -1.330882 1.776791 3.102267
v -1.455882 1.743584 3.097895
v -1.580882 1.776791 3.102267
v -1.672389 1.867514 3.114211
v -1.705882 1.991445 3.130526
v -1.672389 2.115376 3.146842
v -1.580882 2.206099 3.158786
v -1.455882 2.207407 3.323524
v -1.330882 2.175055 3.314855
v -1.239376 2.086667 3.291171
v -1.205882 1.965926 3.258819
v -1.239376 1.845185 3.226467
v -1.330882 1.756797 3.202783
v -1.455882 1.724444 3.194114
v -1.580882 1.756797 3.202783
v -1.672389 1.845185 3.226467
v -1.705882 1.965926 3.258819
v -1.672389 2.086667 3.291171
v -1.580882 2.175055 3.314855
v -1.455882 2.154850 3.478354
v -1.330882 2.123906 3.465536
v -1.239376 2.039365 3.430518
v -1.205882 1.923880 3.382683
v -1.239376 1.808395 3.334848
v -1.330882 1.723854 3.299830
v -1.455882 1.692910 3.287012
v -1.580882 1.723854 3.299830
v -1.672389 1.808395 3.334848
v -1.705882 1.923880 3.382683
v -1.672389 2.039365 3.430518
v -1.580882 2.123906 3.465536
v -1.455882 2.082532 3.625000
v -1.330882 2.053525 3.608253
v -1.239376 1.974279 3.562500
v -1.205882 1.866025 3.500000
v -1.239376 1.757772 3.437500
v -1.330882 1.678525 3.391747
v -1.455882 1.649519 3.375000
v -1.580882 1.678525 3.391747
v -1.672389 1.757772 3.437500
v -1.705882 1.866025 3.500000
v -1.672389 1.974279 3.562500
v -1.580882 2.053525 3.608253
v -1.455882 1.991692 3.760952
v -1.330882 1.965119 3.740562
v -1.239376 1.892522 3.684857
v -1.205882 1.793353 3.608761
v -1.239376 1.694184 3.532666
v -1.330882 1.621587 3.476961
v -1.455882 1.595015 3.456571
v -1.580882 1.621587 3.476961
v -1.672389 1.694184 3.532666
v -1.705882 1.793353 3.608761
v -1.672389 1.892522 3.684857
v -1.580882 1.965119 3.740562
v -1.455882 1.883884 3.883883
v -1.330882 1.860200 3.860200
v -1.239376 1.795495 3.795495
v -1.205882 1.707107 3.707107
v -1.239376 1.618719 3.618718
v -1.330882 1.554014 3.554013
v -1.455882 1.530330 3.530330
v -1.580882 1.554014 3.554013
v -1.672389 1.618719 3.618718
v -1.705882 1.707107 3.707107
v -1.672389 1.795495 3.795495
v -1.580882 1.860200 3.860200
v -1.455882 1.760952 3.991691
v -1.330882 1.740563 3.965119
v -1.239376 1.684857 3.892522
v -1.205882 1.608762 3.793353
v -1.239376 1.532667 3.694184
v -1.330882 1.476961 3.621587
v -1.455882 1.456571 3.595015
v -1.580882 1.476961 3.621587
v -1.672389 1.532667 3.694184
v -1.705882 1.608762 3.793353
v -1.672389 1.684857 3.892522
v -1.580882 1.740563 3.965119
v -1.455882 1.625000 4.082532
v -1.330882 1.608253 4.053525
v -1.239376 1.562500 3.974279
v -1.205882 1.500000 3.866025
v -1.239376 1.437500 3.757772
v -1.330882 1.391747 3.678525
v -1.455882 1.375000 3.649519
v -1.580882 1.391747 3.678525
v -1.672389 1.437500 3.757772
v -1.705882 1.500000 3.866025
v -1.672389 1.562500 3.974279
v -1.580882 1.608253 4.053525
v -1.455882 1.478354 4.154850
v -1.330882 1.465537 4.123905
v -1.239376 1.430519 4.039364
v -1.205882 1.382684 3.923880
v -1.239376 1.334848 3.808394
v -1.330882 1.299830 3.723854
v -1.455882 1.287013 3.692910
v -1.580882 1.299830 3.723854
v -1.672389 1.334848 3.808394
v -1.705882 1.382684 3.923880
v -1.672389 1.430519 4.039364
v -1.580882 1.465537 4.123905
v -1.455882 1.323524 4.207407
v -1.330882 1.314855 4.175055
v -1.239376 1.291172 4.086667
v -1.205882 1.258819 3.965926
v -1.239376 1.226467 3.845185
v -1.330882 1.202783 3.756797
v -1.455882 1.194115 3.724444
v -1.580882 1.202783 3.756797
v -1.672389 1.226467 3.845185
v -1.705882 1.258819 3.965926
v -1.672389 1.291172 4.086667
v -1.580882 1.314855 4.175055
v -1.455882 1.163159 4.239306
v -1.330882 1.158787 4.206099
v -1.239376 1.146843 4.115376
v -1.205882 1.130527 3.991445
v -1.239376 1.114211 3.867514
v -1.330882 1.102267 3.776791
v -1.455882 1.097895 3.743584
v -1.580882 1.102267 3.776791
v -1.672389 1.114211 3.867514
v -1.705882 1.130527 3.991445
v -1.672389 1.146843 4.115376
v -1.580882 1.158787 4.206099
v -1.455882 1.000000 4.250000
v -1.330882 1.000000 4.216506
v -1.239376 1.000000 4.125000
v -1.205882 1.000000 4.000000
v -1.239376 1.000000 3.875000
v -1.330882 1.000000 3.783494
v -1.455882 1.000000 3.750000
v -1.580882 1.000000 3.783494
v -1.672389 1.000000 3.875000
v -1.705882 1.000000 4.000000
v -1.672389 1.000000 4.125000
v -1.580882 1.000000 4.216506
v -1.455882 0.836842 4.239306
v -1.330882 0.841214 4.206099
v -1.239376 0.853158 4.115376
v -1.205882 0.869474 3.991445
v -1.239376 0.885790 3.867514
v -1.330882 0.897734 3.776791
v -1.455882 0.902106 3.743584
v -1.580882 0.897734 3.776791
v -1.672389 0.885790 3.867514
v -1.705882 0.869474 3.991445
v -1.672389 0.853158 4.115376
v -1.580882 0.841214 4.206099
v -1.455882 0.676477 4.207407
v -1.330882 0.685145 4.175055
v -1.239376 0.708829 4.086667
v -1.205882 0.741181 3.965926
v -1.239376 0.773534 3.845185
v -1.330882 0.797217 3.756797
v -1.455882 0.805886 3.724444
v -1.580882 0.797217 3.756797
v -1.672389 0.773534 3.845185
v -1.705882 0.741181 3.965926
v -1.672389 0.708829 4.086667
v -1.580882 0.685145 4.175055
v -1.455882 0.521645 4.154849
v -1.330882 0.534463 4.123905
v -1.239376 0.569481 4.039364
v -1.205882 0.617316 3.923879
v -1.239376 0.665152 3.808394
v -1.330882 0.700170 3.723854
v -1.455882 0.712987 3.692910
v -1.580882 0.700170 3.723854
v -1.672389 0.665152 3.808394
v -1.705882 0.617316 3.923879
v -1.672389 0.569481 4.039364
v -1.580882 0.534463 4.123905
v -1.455882 0.375000 4.082532
v -1.330882 0.391747 4.053525
v -1.239376 0.437500 3.974279
v -1.205882 0.500000 3.866025
v -1.239376 0.562500 3.757772
v -1.330882 0.608253 3.678525
v -1.455882 0.625000 3.649519
v -1.580882 0.608253 3.678525
v -1.672389 0.562500 3.757772
v -1.705882 0.500000 3.866025
v -1.672389 0.437500 3.974279
v -1.580882 0.391747 4.053525
v -1.455882 0.239048 3.991692
v -1.330882 0.259438 3.965120
v -1.239376 0.315144 3.892523
v -1.205882 0.391239 3.793354
v -1.239376 0.467334 3.694184
v -1.330882 0.523039 3.621587
v -1.455882 0.543429 3.595015
v -1.580882 0.523039 3.621587
v -1.672389 0.467334 3.694184
v -1.705882 0.391239 3.793354
v -1.672389 0.315144 3.892523
v -1.580882 0.259438 3.965120
v -1.455882 0.116117 3.883884
v -1.330882 0.139801 3.860200
v -1.239376 0.204505 3.795496
v -1.205882 0.292894 3.707107
v -1.239376 0.381282 3.618719
v -1.330882 0.445987 3.554014
v -1.455882 0.469670 3.530330
v -1.580882 0.445987 3.554014
v -1.672389 0.381282 3.618719
v -1.705882 0.292894 3.707107
v -1.672389 0.204505 3.795496
v -1.580882 0.139801 3.860200
v -1.455882 0.008308 3.760952
v -1.330882 0.034881 3.740562
v -1.239376 0.107477 3.684856
v -1.205882 0.206647 3.608761
v -1.239376 0.305816 3.532666
v -1.330882 0.378413 3.476961
v -1.455882 0.404985 3.456571
v -1.580882 0.378413 3.476961
v -1.672389 0.305816 3.532666
v -1.705882 0.206647 3.608761
v -1.672389 0.107477 3.684856
v -1.580882 0.034881 3.740562
v -1.455882 -0.082532 3.625000
v -1.330882 -0.053525 3.608253
v -1.239376 0.025721 3.562500
v -1.205882 0.133975 3.500000
v -1.239376 0.242228 3.437500
v -1.330882 0.321475 3.391747
v -1.455882 0.350481 3.375000
v -1.580882 0.321475 3.391747
v -1.672389 0.242228 3.437500
v -1.705882 0.133975 3.500000
v -1.672389 0.025721 3.562500
v -1.580882 -0.053525 3.608253
v -1.455882 -0.154849 3.478355
v -1.330882 -0.123905 3.465537
v -1.239376 -0.039364 3.430519
v -1.205882 0.076121 3.382684
v -1.239376 0.191606 3.334848
v -1.330882 0.276146 3.299830
v -1.455882 0.307090 3.287013
v -1.580882 0.276146 3.299830
v -1.672389 0.191606 3.334848
v -1.705882 0.076121 3.382684
v -1.672389 -0.039364 3.430519
v -1.580882 -0.123905 3.465537
v -1.455882 -0.207407 3.323524
v -1.330882 -0.175055 3.314855
v -1.239376 -0.086667 3.291171
v -1.205882 0.034074 3.258819
v -1.239376 0.154815 3.226466
v -1.330882 0.243203 3.202783
v -1.455882 0.275556 3.194114
v -1.580882 0.243203 3.202783
v -1.672389 0.154815 3.226466
v -1.705882 0.034074 3.258819
v -1.672389 -0.086667 3.291171
v -1.580882 -0.175055 3.314855
v -1.455882 -0.239306 3.163158
v -1.330882 -0.206099 3.158786
v -1.239376 -0.115376 3.146842
v -1.205882 0.008555 3.130526
v -1.239376 0.132486 3.114210
v -1.330882 0.223209 3.102266
v -1.455882 0.256416 3.097895
v -1.580882 0.223209 3.102266
v -1.672389 0.132486 3.114210
v -1.705882 0.008555 3.130526
v -1.672389 -0.115376 3.146842
v -1.580883 -0.206099 3.158786
vn 0.2583 -0.9640 -0.0632
vn 0.7063 -0.7063 -0.0463
vn 0.9658 -0.2588 -0.0170
vn 0.9658 0.2588 0.0170
vn 0.7063 0.7063 0.0463
vn 0.2583 0.9640 0.0632
vn -0.2583 0.9640 0.0632
vn -0.7063 0.7063 0.0463
vn -0.9658 0.2588 0.0170
vn -0.9658 -0.2588 -0.0170
vn -0.7063 -0.7063 -0.0463
vn -0.2583 -0.9640 -0.0632
vn 0.2583 -0.9475 -0.1885
vn 0.7063 -0.6943 -0.1381
vn 0.9658 -0.2544 -0.0506
vn 0.9658 0.2544 0.0506
vn 0.7063 0.6943 0.1381
vn 0.2583 0.9475 0.1885
vn -0.2583 0.9475 0.1885
vn -0.7063 0.6943 0.1381
vn -0.9658 0.2544 0.0506
vn -0.9658 -0.2544 -0.0506
vn -0.7063 -0.6943 -0.1381
vn -0.2583 -0.9475 -0.1885
vn 0.2583 -0.9148 -0.3105
vn 0.7063 -0.6703 -0.2275
vn 0.9658 -0.2456 -0.0834
vn 0.9658 0.2456 0.0834
vn 0.7063 0.6703 0.2275
vn 0.2583 0.9148 0.3105
vn -0.2583 0.9148 0.3105
vn -0.7063 0.6703 0.2275
vn -0.9658 0.2456 0.0834
vn -0.9658 -0.2456 -0.0834
vn -0.7063 -0.6703 -0.2275
vn -0.2583 -0.9148 -0.3105
vn 0.2583 -0.8664 -0.4273
vn 0.7063 -0.6349 -0.3131
vn 0.9658 -0.2326 -0.1147
vn 0.9658 0.2326 0.1147
vn 0.7063 0.6349 0.3131
vn 0.2583 0.8664 0.4273
vn -0.2583 0.8664 0.4273
vn -0.7063 0.6349 0.3131
vn -0.9658 0.2326 0.1147
vn -0.9658 -0.2326 -0.1147
vn -0.7063 -0.6349 -0.3131
vn -0.2583 -0.8664 -0.4273
vn 0.2583 -0.8033 -0.5367
vn 0.7063 -0.5886 -0.3933
vn 0.9658 -0.2156 -0.1441
vn 0.9658 0.2156 0.1441
vn 0.7063 0.5886 0.3933
vn 0.2583 0.8033 0.5367
vn -0.2583 0.8033 0.5367
vn -0.7063 0.5886 0.3933
vn -0.9658 0.2156 0.1441
vn -0.9658 -0.2156 -0.1441
vn -0.7063 -0.5886 -0.3933
vn -0.2583 -0.8033 -0.5367
vn 0.2583 -0.7263 -0.6370
vn 0.7063 -0.5322 -0.4667
vn 0.9658 -0.1950 -0.1710
vn 0.9658 0.1950 0.1710
vn 0.7063 0.5322 0.4667
vn 0.2583 0.7263 0.6370
vn -0.2583 0.7263 0.6370
vn -0.7063 0.5322 0.4667
vn -0.9658 0.1950 0.1710
vn -0.9658 -0.1950 -0.1710
vn -0.7063 -0.5322 -0.4667
vn -0.2583 -0.7263 -0.6370
vn 0.2583 -0.6370 -0.7263
vn 0.7063 -0.4667 -0.5322
vn 0.9658 -0.1710 -0.1950
vn 0.9658 0.1710 0.1950
vn 0.7063 0.4667 0.5322
vn 0.2583 0.6370 0.7263
vn -0.2583 0.6370 0.7263
vn -0.7063 0.4667 0.5322
vn -0.9658 0.1710 0.1950
vn -0.9658 -0.1710 -0.1950
vn -0.7063 -0.4667 -0.5322
vn -0.2583 -0.6370 -0.7263
vn 0.2583 -0.5367 -0.8033
vn 0.7063 -0.3933 -0.5886
vn 0.9658 -0.1441 -0.2156
vn 0.9658 0.1441 0.2156
vn 0.7063 0.3933 0.5886
vn 0.2583 0.5367 0.8033
vn -0.2583 0.5367 0.8033
vn -0.7063 0.3933 0.5886
vn -0.9658 0.1441 0.2156
vn -0.9658 -0.1441 -0.2156
vn -0.7063 -0.3933 -0.5886
vn -0.2583 -0.5367 -0.8033
vn 0.2583 -0.4273 -0.8664
vn 0.7063 -0.3131 -0.6349
vn 0.9658 -0.1147 -0.2326
vn 0.9658 0.1147 0.2326
vn 0.7063 0.3131 0.6349
vn 0.2583 0.4273 0.8664
vn -0.2583 0.4273 0.8664
vn -0.7063 0.3131 0.6349
vn -0.9658 0.1147 0.2326
vn -0.9658 -0.1147 -0.2326
vn -0.7063 -0.3131 -0.6349
vn -0.2583 -0.4273 -0.8664
vn 0.2583 -0.3105 -0.9148
vn 0.7063 -0.2275 -0.6703
vn 0.9658 -0.0834 -0.2456
vn 0.9658 0.0834 0.2456
vn 0.7063 0.2275 0.6703
vn 0.2583 0.3105 0.9148
vn -0.2583 0.3105 0.9148
vn -0.7063 0.2275 0.6703
vn -0.9658 0.0834 0.2456
vn -0.9658 -0.0834 -0.2456
vn -0.7063 -0.2275 -0.6703
vn -0.2583 -0.3105 -0.9148
vn 0.2583 -0.1885 -0.9475
vn 0.7063 -0.1381 -0.6943
vn 0.9658 -0.0506 -0.2544
vn 0.9658 0.0506 0.2544
vn 0.7063 0.1381 0.6943
vn 0.2583 0.1885 0.9475
vn -0.2583 0.1885 0.9475
vn -0.7063 0.1381 0.6943
vn -0.9658 0.0506 0.2544
vn -0.9658 -0.0506 -0.2544
vn -0.7063 -0.1381 -0.6943
vn -0.2583 -0.1885 -0.9475
vn 0.2583 -0.0632 -0.9640
vn 0.7063 -0.0463 -0.7063
vn 0.9658 -0.0170 -0.2588
vn 0.9658 0.0170 0.2588
vn 0.7063 0.0463 0.7063
vn 0.2583 0.0632 0.9640
vn -0.2583 0.0632 0.9640
vn -0.7063 0.0463 0.7063
vn -0.9658 0.0170 0.2588
vn -0.9658 -0.0170 -0.2588
vn -0.7063 -0.0463 -0.7063
vn -0.2583 -0.0632 -0.9640
vn 0.2583 0.0632 -0.9640
vn 0.7063 0.0463 -0.7063
vn 0.9658 0.0170 -0.2588
vn 0.9658 -0.0170 0.2588
vn 0.7063 -0.0463 0.7063
vn 0.2583 -0.0632 0.9640
vn -0.2583 -0.0632 0.9640
vn -0.7063 -0.0463 0.7063
vn -0.9658 -0.0170 0.2588
vn -0.9658 0.0170 -0.2588
vn -0.7063 0.0463 -0.7063
vn -0.2583 0.0632 -0.9640
vn 0.2583 0.1885 -0.9475
vn 0.7063 0.1381 -0.6943
vn 0.9658 0.0506 -0.2544
vn 0.9658 -0.0506 0.2544
vn 0.7063 -0.1381 0.6943
vn 0.2583 -0.1885 0.9475
vn -0.2583 -0.1885 0.9475
vn -0.7063 -0.1381 0.6943
vn -0.9658 -0.0506 0.2544
vn -0.9658 0.0506 -0.2544
vn -0.7063 0.1381 -0.6943
vn -0.2583 0.1885 -0.9475
vn 0.2583 0.3105 -0.9148
vn 0.7063 0.2275 -0.6703
vn 0.9658 0.0834 -0.2456
vn 0.9658 -0.0834 0.2456
vn 0.7063 -0.2275 0.6703
vn 0.2583 -0.3105 0.9148
vn -0.2583 -0.3105 0.9148
vn -0.7063 -0.2275 0.6703
vn -0.9658 -0.0834 0.2456
vn -0.9658 0.0834 -0.2456
vn -0.7063 0.2275 -0.6703
vn -0.2583 0.3105 -0.9148
vn 0.2583 0.4273 -0.8664
vn 0.7063 0.3131 -0.6349
vn 0.9658 0.1147 -0.2326
vn 0.9658 -0.1147 0.2326
vn 0.7063 -0.3131 0.6349
vn 0.2583 -0.4273 0.8664
vn -0.2583 -0.4273 0.8664
vn -0.7063 -0.3131 0.6349
vn -0.9658 -0.1147 0.2326
vn -0.9658 0.1147 -0.2326
vn -0.7063 0.3131 -0.6349
vn -0.2583 0.4273 -0.8664
vn 0.2583 0.5367 -0.8033
vn 0.7063 0.3933 -0.5886
vn 0.9658 0.1441 -0.2156
vn 0.9658 -0.1441 0.2156
vn 0.7063 -0.3933 0.5886
vn 0.2583 -0.5367 0.8033
vn -0.2583 -0.5367 0.8033
vn -0.7063 -0.3933 0.5886
vn -0.9658 -0.1441 0.2156
vn -0.9658 0.1441 -0.2156
vn -0.7063 0.3933 -0.5886
vn -0.2583 0.5367 -0.8033
vn 0.2583 0.6370 -0.7263
vn 0.7063 0.4667 -0.5322
vn 0.9658 0.1710 -0.1950
vn 0.9658 -0.1710 0.1950
vn 0.7063 -0.4667 0.5322
vn 0.2583 -0.6370 0.7263
vn -0.2583 -0.6370 0.7263
vn -0.7063 -0.4667 0.5322
vn -0.9658 -0.1710 0.1950
vn -0.9658 0.1710 -0.1950
vn -0.7063 0.4667 -0.5322
vn -0.2583 0.6370 -0.7263
vn 0.2583 0.7263 -0.6370
vn 0.7063 0.5322 -0.4667
vn 0.9658 0.1950 -0.1710
vn 0.9658 -0.1950 0.1710
vn 0.7063 -0.5322 0.4667
vn 0.2583 -0.7263 0.6370
vn -0.2583 -0.7263 0.6370
vn -0.7063 -0.5322 0.4667
vn -0.9658 -0.1950 0.1710
vn -0.9658 0.1950 -0.1710
vn -0.7063 0.5322 -0.4667
vn -0.2583 0.7263 -0.6370
vn 0.2583 0.8033 -0.5367
vn 0.7063 0.5886 -0.3933
vn 0.9658 0.2156 -0.1441
vn 0.9658 -0.2156 0.1441
vn 0.7063 -0.5886 0.3933
vn 0.2583 -0.8033 0.5367
vn -0.2583 -0.8033 0.5367
vn -0.7063 -0.5886 0.3933
vn -0.9658 -0.2156 0.1441
vn -0.9658 0.2156 -0.1441
vn -0.7063 0.5886 -0.3933
vn -0.2583 0.8033 -0.5367
vn 0.2583 0.8664 -0.4273
vn 0.7063 0.6349 -0.3131
vn 0.9658 0.2326 -0.1147
vn 0.9658 -0.2326 0.1147
vn 0.7063 -0.6349 0.3131
vn 0.2583 -0.8664 0.4273
vn -0.2583 -0.8664 0.4273
vn -0.7063 -0.6349 0.3131
vn -0.9658 -0.2326 0.1147
vn -0.9658 0.2326 -0.1147
vn -0.7063 0.6349 -0.3131
vn -0.2583 0.8664 -0.4273
vn 0.2583 0.9148 -0.3105
vn 0.7063 0.6703 -0.2275
vn 0.9658 0.2456 -0.0834
vn 0.9658 -0.2456 0.0834
vn 0.7063 -0.6703 0.2275
vn 0.2583 -0.9148 0.3105
vn -0.2583 -0.9148 0.3105
vn -0.7063 -0.6703 0.2275
vn -0.9658 -0.2456 0.0834
vn -0.9658 0.2456 -0.0834
vn -0.7063 0.6703 -0.2275
vn -0.2583 0.9148 -0.3105
vn 0.2583 0.9475 -0.1885
vn 0.7063 0.6943 -0.1381
vn 0.9658 0.2544 -0.0506
vn 0.9658 -0.2544 0.0506
vn 0.7063 -0.6943 0.1381
vn 0.2583 -0.9475 0.1885
vn -0.2583 -0.9475 0.1885
vn -0.7063 -0.6943 0.1381
vn -0.9658 -0.2544 0.0506
vn -0.9658 0.2544 -0.0506
vn -0.7063 0.6943 -0.1381
vn -0.2583 0.9475 -0.1885
vn 0.2583 0.9640 -0.0632
vn 0.7063 0.7063 -0.0463
vn 0.9658 0.2588 -0.0170
vn 0.9658 -0.2588 0.0170
vn 0.7063 -0.7063 0.0463
vn 0.2583 -0.9640 0.0632
vn -0.2583 -0.9640 0.0632
vn -0.7063 -0.7063 0.0463
vn -0.9658 -0.2588 0.0170
vn -0.9658 0.2588 -0.0170
vn -0.7063 0.7063 -0.0463
vn -0.2583 0.9640 -0.0632
vt 0.520833 0.500000
vt 0.500000 0.583333
vt 0.500000 0.500000
vt 0.520833 0.666667
vt 0.500000 0.666667
vt 0.500000 0.750000
vt 0.520833 0.750000
vt 0.500000 0.833333
vt 0.520833 0.833333
vt 0.500000 0.916667
vt 0.520833 1.000000
vt 0.500000 1.000000
vt 0.520833 0.000000
vt 0.500000 0.083333
vt 0.500000 0.000000
vt 0.520833 0.083333
vt 0.500000 0.166667
vt 0.520833 0.166667
vt 0.500000 0.250000
vt 0.520833 0.250000
vt 0.500000 0.333333
vt 0.520833 0.333333
vt 0.500000 0.416667
vt 0.520833 0.416667
vt 0.541667 0.500000
vt 0.520833 0.583333
vt 0.541667 0.583333
vt 0.541667 0.666667
vt 0.541667 0.750000
vt 0.541667 0.916667
vt 0.520833 0.916667
vt 0.541667 0.000000
vt 0.541667 0.083333
vt 0.541667 0.250000
vt 0.541667 0.333333
vt 0.541667 0.416667
vt 0.562500 0.583333
vt 0.562500 0.666667
vt 0.562500 0.833333
vt 0.541667 0.833333
vt 0.562500 0.916667
vt 0.562500 1.000000
vt 0.541667 1.000000
vt 0.562500 0.000000
vt 0.562500 0.083333
vt 0.541667 0.166667
vt 0.562500 0.250000
vt 0.562500 0.333333
vt 0.562500 0.416667
vt 0.562500 0.500000
vt 0.583333 0.583333
vt 0.583333 0.666667
vt 0.583333 0.750000
vt 0.562500 0.750000
vt 0.583333 0.916667
vt 0.583333 0.000000
vt 0.583333 0.083333
vt 0.562500 0.166667
vt 0.583333 0.250000
vt 0.583333 0.333333
vt 0.583333 0.416667
vt 0.604167 0.500000
vt 0.583333 0.500000
vt 0.604167 0.666667
vt 0.604167 0.750000
vt 0.583333 0.833333
vt 0.604167 0.916667
vt 0.583333 1.000000
vt 0.604167 0.000000
vt 0.604167 0.083333
vt 0.583333 0.166667
vt 0.604167 0.166667
vt 0.604167 0.250000
vt 0.604167 0.333333
vt 0.625000 0.500000
vt 0.604167 0.583333
vt 0.625000 0.583333
vt 0.625000 0.666667
vt 0.625000 0.750000
vt 0.604167 0.833333
vt 0.625000 0.833333
vt 0.625000 0.916667
vt 0.604167 1.000000
vt 0.625000 0.083333
vt 0.625000 0.166667
vt 0.625000 0.250000
vt 0.625000 0.416667
vt 0.604167 0.416667
vt 0.645833 0.500000
vt 0.645833 0.666667
vt 0.645833 0.750000
vt 0.645833 0.916667
vt 0.625000 1.000000
vt 0.645833 0.000000
vt 0.625000 0.000000
vt 0.645833 0.083333
vt 0.645833 0.250000
vt 0.645833 0.333333
vt 0.625000 0.333333
vt 0.645833 0.416667
vt 0.666667 0.500000
vt 0.645833 0.583333
vt 0.666667 0.666667
vt 0.666667 0.750000
vt 0.645833 0.833333
vt 0.666667 0.916667
vt 0.645833 1.000000
vt 0.666667 0.000000
vt 0.666667 0.083333
vt 0.645833 0.166667
vt 0.666667 0.166667
vt 0.666667 0.250000
vt 0.666667 0.333333
vt 0.666667 0.416667
vt 0.687500 0.583333
vt 0.666667 0.583333
vt 0.687500 0.666667
vt 0.687500 0.750000
vt 0.666667 0.833333
vt 0.687500 0.833333
vt 0.687500 0.916667
vt 0.666667 1.000000
vt 0.687500 0.000000
vt 0.687500 0.083333
vt 0.687500 0.250000
vt 0.687500 0.333333
vt 0.687500 0.416667
vt 0.708333 0.500000
vt 0.687500 0.500000
vt 0.708333 0.583333
vt 0.708333 0.666667
vt 0.708333 0.750000
vt 0.708333 0.916667
vt 0.687500 1.000000
vt 0.708333 0.000000
vt 0.708333 0.083333
vt 0.687500 0.166667
vt 0.708333 0.166667
vt 0.708333 0.250000
vt 0.708333 0.333333
vt 0.708333 0.416667
vt 0.729167 0.500000
vt 0.729167 0.583333
vt 0.729167 0.750000
vt 0.708333 0.833333
vt 0.729167 0.833333
vt 0.729167 0.916667
vt 0.708333 1.000000
vt 0.729167 0.083333
vt 0.729167 0.250000
vt 0.729167 0.333333
vt 0.729167 0.416667
vt 0.750000 0.500000
vt 0.750000 0.583333
vt 0.729167 0.666667
vt 0.750000 0.666667
vt 0.750000 0.833333
vt 0.750000 0.916667
vt 0.729167 1.000000
vt 0.750000 0.000000
vt 0.729167 0.000000
vt 0.750000 0.083333
vt 0.729167 0.166667
vt 0.750000 0.166667
vt 0.750000 0.250000
vt 0.750000 0.333333
vt 0.770833 0.500000
vt 0.770833 0.583333
vt 0.770833 0.666667
vt 0.750000 0.750000
vt 0.770833 0.750000
vt 0.770833 0.833333
vt 0.770833 0.916667
vt 0.750000 1.000000
vt 0.770833 0.083333
vt 0.770833 0.250000
vt 0.770833 0.333333
vt 0.770833 0.416667
vt 0.750000 0.416667
vt 0.791667 0.500000
vt 0.791667 0.666667
vt 0.791667 0.750000
vt 0.791667 0.833333
vt 0.791667 0.916667
vt 0.770833 1.000000
vt 0.791667 0.000000
vt 0.770833 0.000000
vt 0.791667 0.083333
vt 0.770833 0.166667
vt 0.791667 0.166667
vt 0.791667 0.250000
vt 0.791667 0.333333
vt 0.791667 0.416667
vt 0.812500 0.500000
vt 0.791667 0.583333
vt 0.812500 0.583333
vt 0.812500 0.666667
vt 0.812500 0.833333
vt 0.812500 0.916667
vt 0.791667 1.000000
vt 0.812500 0.000000
vt 0.812500 0.083333
vt 0.812500 0.250000
vt 0.812500 0.416667
vt 0.833333 0.500000
vt 0.833333 0.666667
vt 0.812500 0.750000
vt 0.833333 0.750000
vt 0.833333 0.833333
vt 0.833333 0.916667
vt 0.812500 1.000000
vt 0.833333 0.000000
vt 0.833333 0.083333
vt 0.812500 0.166667
vt 0.833333 0.166667
vt 0.833333 0.250000
vt 0.812500 0.333333
vt 0.833333 0.333333
vt 0.833333 0.416667
vt 0.854167 0.500000
vt 0.833333 0.583333
vt 0.854167 0.583333
vt 0.854167 0.666667
vt 0.854167 0.750000
vt 0.854167 0.833333
vt 0.854167 1.000000
vt 0.833333 1.000000
vt 0.854167 0.000000
vt 0.854167 0.166667
vt 0.854167 0.250000
vt 0.854167 0.333333
vt 0.854167 0.416667
vt 0.875000 0.500000
vt 0.875000 0.583333
vt 0.875000 0.750000
vt 0.875000 0.833333
vt 0.854167 0.916667
vt 0.875000 0.916667
vt 0.875000 0.000000
vt 0.854167 0.083333
vt 0.875000 0.166667
vt 0.875000 0.250000
vt 0.875000 0.333333
vt 0.875000 0.416667
vt 0.895833 0.500000
vt 0.895833 0.583333
vt 0.875000 0.666667
vt 0.895833 0.666667
vt 0.895833 0.833333
vt 0.895833 0.916667
vt 0.875000 1.000000
vt 0.895833 0.000000
vt 0.875000 0.083333
vt 0.895833 0.166667
vt 0.895833 0.250000
vt 0.895833 0.416667
vt 0.916667 0.583333
vt 0.916667 0.750000
vt 0.895833 0.750000
vt 0.916667 0.833333
vt 0.916667 0.916667
vt 0.895833 1.000000
vt 0.916667 0.000000
vt 0.895833 0.083333
vt 0.916667 0.083333
vt 0.916667 0.250000
vt 0.895833 0.333333
vt 0.916667 0.333333
vt 0.916667 0.416667
vt 0.937500 0.500000
vt 0.916667 0.500000
vt 0.937500 0.583333
vt 0.916667 0.666667
vt 0.937500 0.666667
vt 0.937500 0.833333
vt 0.937500 0.916667
vt 0.916667 1.000000
vt 0.937500 0.083333
vt 0.916667 0.166667
vt 0.937500 0.166667
vt 0.937500 0.250000
vt 0.937500 0.416667
vt 0.958333 0.583333
vt 0.958333 0.666667
vt 0.937500 0.750000
vt 0.958333 0.833333
vt 0.958333 0.916667
vt 0.937500 1.000000
vt 0.958333 0.000000
vt 0.937500 0.000000
vt 0.958333 0.083333
vt 0.958333 0.166667
vt 0.958333 0.333333
vt 0.937500 0.333333
vt 0.958333 0.416667
vt 0.979167 0.500000
vt 0.958333 0.500000
vt 0.979167 0.583333
vt 0.979167 0.666667
vt 0.958333 0.750000
vt 0.979167 0.750000
vt 0.979167 0.833333
vt 0.979167 0.916667
vt 0.958333 1.000000
vt 0.979167 0.000000
vt 0.979167 0.166667
vt 0.979167 0.250000
vt 0.958333 0.250000
vt 0.979167 0.333333
vt 0.979167 0.416667
vt 1.000000 0.583333
vt 1.000000 0.666667
vt 1.000000 0.750000
vt 1.000000 0.833333
vt 1.000000 0.916667
vt 0.979167 1.000000
vt 1.000000 0.000000
vt 0.979167 0.083333
vt 1.000000 0.166667
vt 1.000000 0.250000
vt 1.000000 0.333333
vt 1.000000 0.416667
vt 0.020833 0.500000
vt 0.000000 0.583333
vt 0.000000 0.500000
vt 0.020833 0.583333
vt 0.000000 0.666667
vt 0.020833 0.666667
vt 0.000000 0.750000
vt 0.020833 0.750000
vt 0.000000 0.833333
vt 0.020833 0.833333
vt 0.000000 0.916667
vt 0.020833 0.916667
vt 0.000000 1.000000
vt 0.000000 0.000000
vt 0.020833 0.083333
vt 0.000000 0.083333
vt 0.000000 0.166667
vt 0.020833 0.250000
vt 0.000000 0.250000
vt 0.020833 0.333333
vt 0.000000 0.333333
vt 0.020833 0.416667
vt 0.000000 0.416667
vt 0.041667 0.583333
vt 0.041667 0.666667
vt 0.041667 0.750000
vt 0.041667 0.833333
vt 0.041667 0.916667
vt 0.020833 1.000000
vt 0.041667 0.000000
vt 0.020833 0.000000
vt 0.041667 0.083333
vt 0.020833 0.166667
vt 0.041667 0.166667
vt 0.041667 0.250000
vt 0.041667 0.333333
vt 0.041667 0.500000
vt 0.062500 0.500000
vt 0.062500 0.583333
vt 0.062500 0.750000
vt 0.062500 0.833333
vt 0.062500 0.916667
vt 0.041667 1.000000
vt 0.062500 0.000000
vt 0.062500 0.166667
vt 0.062500 0.250000
vt 0.062500 0.416667
vt 0.041667 0.416667
vt 0.083333 0.500000
vt 0.083333 0.583333
vt 0.062500 0.666667
vt 0.083333 0.666667
vt 0.083333 0.750000
vt 0.083333 0.833333
vt 0.083333 1.000000
vt 0.062500 1.000000
vt 0.083333 0.000000
vt 0.062500 0.083333
vt 0.083333 0.083333
vt 0.083333 0.166667
vt 0.083333 0.333333
vt 0.062500 0.333333
vt 0.083333 0.416667
vt 0.104167 0.500000
vt 0.104167 0.583333
vt 0.104167 0.666667
vt 0.104167 0.833333
vt 0.083333 0.916667
vt 0.104167 0.916667
vt 0.104167 0.000000
vt 0.104167 0.166667
vt 0.083333 0.250000
vt 0.104167 0.250000
vt 0.104167 0.416667
vt 0.125000 0.500000
vt 0.125000 0.666667
vt 0.104167 0.750000
vt 0.125000 0.750000
vt 0.125000 0.833333
vt 0.125000 0.916667
vt 0.104167 1.000000
vt 0.125000 0.000000
vt 0.104167 0.083333
vt 0.125000 0.083333
vt 0.125000 0.250000
vt 0.104167 0.333333
vt 0.125000 0.333333
vt 0.125000 0.416667
vt 0.145833 0.583333
vt 0.125000 0.583333
vt 0.145833 0.666667
vt 0.145833 0.833333
vt 0.145833 0.916667
vt 0.125000 1.000000
vt 0.145833 0.000000
vt 0.145833 0.083333
vt 0.125000 0.166667
vt 0.145833 0.166667
vt 0.145833 0.250000
vt 0.145833 0.333333
vt 0.145833 0.416667
vt 0.145833 0.500000
vt 0.166667 0.583333
vt 0.166667 0.666667
vt 0.145833 0.750000
vt 0.166667 0.750000
vt 0.166667 0.916667
vt 0.145833 1.000000
vt 0.166667 0.000000
vt 0.166667 0.083333
vt 0.166667 0.166667
vt 0.166667 0.333333
vt 0.166667 0.416667
vt 0.187500 0.500000
vt 0.166667 0.500000
vt 0.187500 0.583333
vt 0.187500 0.666667
vt 0.187500 0.750000
vt 0.166667 0.833333
vt 0.187500 0.833333
vt 0.187500 0.916667
vt 0.166667 1.000000
vt 0.187500 0.000000
vt 0.187500 0.083333
vt 0.187500 0.250000
vt 0.166667 0.250000
vt 0.187500 0.416667
vt 0.208333 0.500000
vt 0.208333 0.583333
vt 0.208333 0.666667
vt 0.208333 0.750000
vt 0.208333 0.916667
vt 0.187500 1.000000
vt 0.208333 0.000000
vt 0.208333 0.083333
vt 0.187500 0.166667
vt 0.208333 0.166667
vt 0.208333 0.250000
vt 0.187500 0.333333
vt 0.208333 0.416667
vt 0.229167 0.500000
vt 0.229167 0.666667
vt 0.229167 0.750000
vt 0.208333 0.833333
vt 0.229167 0.916667
vt 0.208333 1.000000
vt 0.229167 0.000000
vt 0.229167 0.083333
vt 0.229167 0.250000
vt 0.208333 0.333333
vt 0.229167 0.333333
vt 0.229167 0.416667
vt 0.250000 0.500000
vt 0.229167 0.583333
vt 0.250000 0.583333
vt 0.250000 0.750000
vt 0.250000 0.833333
vt 0.229167 0.833333
vt 0.250000 1.000000
vt 0.229167 1.000000
vt 0.250000 0.000000
vt 0.250000 0.083333
vt 0.229167 0.166667
vt 0.250000 0.166667
vt 0.250000 0.250000
vt 0.250000 0.333333
vt 0.250000 0.416667
vt 0.270833 0.583333
vt 0.250000 0.666667
vt 0.270833 0.666667
vt 0.270833 0.750000
vt 0.270833 0.833333
vt 0.250000 0.916667
vt 0.270833 0.916667
vt 0.270833 0.000000
vt 0.270833 0.166667
vt 0.270833 0.250000
vt 0.270833 0.333333
vt 0.270833 0.416667
vt 0.291667 0.500000
vt 0.270833 0.500000
vt 0.291667 0.583333
vt 0.291667 0.666667
vt 0.291667 0.750000
vt 0.291667 0.833333
vt 0.291667 1.000000
vt 0.270833 1.000000
vt 0.291667 0.000000
vt 0.270833 0.083333
vt 0.291667 0.083333
vt 0.291667 0.250000
vt 0.291667 0.333333
vt 0.291667 0.416667
vt 0.312500 0.500000
vt 0.312500 0.583333
vt 0.312500 0.666667
vt 0.312500 0.750000
vt 0.312500 0.833333
vt 0.291667 0.916667
vt 0.312500 0.916667
vt 0.312500 0.000000
vt 0.312500 0.083333
vt 0.291667 0.166667
vt 0.312500 0.166667
vt 0.312500 0.333333
vt 0.312500 0.416667
vt 0.333333 0.500000
vt 0.333333 0.583333
vt 0.333333 0.750000
vt 0.333333 0.833333
vt 0.333333 0.916667
vt 0.312500 1.000000
vt 0.333333 0.000000
vt 0.333333 0.083333
vt 0.333333 0.166667
vt 0.312500 0.250000
vt 0.333333 0.250000
vt 0.333333 0.333333
vt 0.354167 0.583333
vt 0.333333 0.666667
vt 0.354167 0.666667
vt 0.354167 0.750000
vt 0.354167 0.833333
vt 0.354167 0.916667
vt 0.333333 1.000000
vt 0.354167 0.000000
vt 0.354167 0.083333
vt 0.354167 0.166667
vt 0.354167 0.250000
vt 0.354167 0.416667
vt 0.333333 0.416667
vt 0.354167 0.500000
vt 0.375000 0.583333
vt 0.375000 0.750000
vt 0.375000 0.833333
vt 0.375000 0.916667
vt 0.354167 1.000000
vt 0.375000 0.000000
vt 0.375000 0.083333
vt 0.375000 0.166667
vt 0.375000 0.250000
vt 0.354167 0.333333
vt 0.375000 0.416667
vt 0.375000 0.500000
vt 0.395833 0.583333
vt 0.375000 0.666667
vt 0.395833 0.750000
vt 0.395833 0.833333
vt 0.395833 0.916667
vt 0.375000 1.000000
vt 0.395833 0.000000
vt 0.395833 0.166667
vt 0.395833 0.250000
vt 0.375000 0.333333
vt 0.395833 0.333333
vt 0.395833 0.416667
vt 0.416667 0.500000
vt 0.395833 0.500000
vt 0.416667 0.583333
vt 0.395833 0.666667
vt 0.416667 0.666667
vt 0.416667 0.750000
vt 0.416667 0.833333
vt 0.416667 0.916667
vt 0.395833 1.000000
vt 0.416667 0.000000
vt 0.395833 0.083333
vt 0.416667 0.166667
vt 0.416667 0.250000
vt 0.416667 0.416667
vt 0.437500 0.500000
vt 0.437500 0.583333
vt 0.437500 0.750000
vt 0.437500 0.833333
vt 0.437500 0.916667
vt 0.416667 1.000000
vt 0.437500 0.000000
vt 0.416667 0.083333
vt 0.437500 0.083333
vt 0.437500 0.166667
vt 0.437500 0.250000
vt 0.416667 0.333333
vt 0.437500 0.333333
vt 0.437500 0.416667
vt 0.458333 0.500000
vt 0.458333 0.583333
vt 0.437500 0.666667
vt 0.458333 0.666667
vt 0.458333 0.750000
vt 0.458333 0.833333
vt 0.458333 0.916667
vt 0.437500 1.000000
vt 0.458333 0.000000
vt 0.458333 0.166667
vt 0.458333 0.250000
vt 0.458333 0.333333
vt 0.458333 0.416667
vt 0.479167 0.583333
vt 0.479167 0.666667
vt 0.479167 0.750000
vt 0.479167 0.833333
vt 0.479167 1.000000
vt 0.458333 1.000000
vt 0.479167 0.000000
vt 0.458333 0.083333
vt 0.479167 0.083333
vt 0.479167 0.250000
vt 0.479167 0.333333
vt 0.479167 0.416667
vt 0.479167 0.500000
vt 0.479167 0.916667
vt 0.479167 0.166667
vt 1.000000 0.500000
vt 1.000000 1.000000
vt 1.000000 0.083333
s 0
f 86/122/18 75/123/18 74/124/18
f 75/123/19 88/125/19 76/126/19
f 88/125/20 77/127/20 76/126/20
f 89/128/21 78/129/21 77/127/21
f 90/130/22 79/131/22 78/129/22
f 79/131/23 92/132/23 80/133/23
f 92/134/24 81/135/24 80/136/24
f 93/137/25 82/138/25 81/135/25
f 94/139/26 83/140/26 82/138/26
f 95/141/27 84/142/27 83/140/27
f 96/143/28 85/144/28 84/142/28
f 97/145/29 74/124/29 85/144/29
f 98/146/30 87/147/30 86/122/30
f 99/148/31 88/125/31 87/147/31
f 100/149/32 89/128/32 88/125/32
f 101/150/33 90/130/33 89/128/33
f 90/130/34 103/151/34 91/152/34
f 103/151/35 92/132/35 91/152/35
f 104/153/36 93/137/36 92/134/36
f 105/154/37 94/139/37 93/137/37
f 94/139/38 107/155/38 95/141/38
f 95/141/39 108/156/39 96/143/39
f 96/143/40 109/157/40 97/145/40
f 109/157/41 86/122/41 97/145/41
f 98/146/42 111/158/42 99/148/42
f 111/158/43 100/149/43 99/148/43
f 112/159/44 101/150/44 100/149/44
f 101/150/45 114/160/45 102/161/45
f 102/161/46 115/162/46 103/151/46
f 103/151/47 116/163/47 104/164/47
f 116/165/48 105/154/48 104/153/48
f 117/166/49 106/167/49 105/154/49
f 106/167/50 119/168/50 107/155/50
f 107/155/51 120/169/51 108/156/51
f 108/156/52 121/170/52 109/157/52
f 121/170/53 98/146/53 109/157/53
f 110/171/54 123/172/54 111/158/54
f 111/158/55 124/173/55 112/159/55
f 112/159/56 125/174/56 113/175/56
f 125/174/57 114/160/57 113/175/57
f 114/160/58 127/176/58 115/162/58
f 127/176/59 116/163/59 115/162/59
f 128/177/60 117/166/60 116/165/60
f 129/178/61 118/179/61 117/166/61
f 118/179/62 131/180/62 119/168/62
f 131/180/63 120/169/63 119/168/63
f 132/181/64 121/170/64 120/169/64
f 133/182/65 110/171/65 121/170/65
f 134/183/66 123/172/66 122/184/66
f 123/172/67 136/185/67 124/173/67
f 136/185/68 125/174/68 124/173/68
f 137/186/69 126/187/69 125/174/69
f 126/187/70 139/188/70 127/176/70
f 139/188/71 128/189/71 127/176/71
f 140/190/72 129/178/72 128/177/72
f 141/191/73 130/192/73 129/178/73
f 142/193/74 131/180/74 130/192/74
f 143/194/75 132/181/75 131/180/75
f 144/195/76 133/182/76 132/181/76
f 133/182/77 134/183/77 122/184/77
f 146/196/78 135/197/78 134/183/78
f 147/198/79 136/185/79 135/197/79
f 148/199/80 137/186/80 136/185/80
f 149/200/81 138/201/81 137/186/81
f 150/202/82 139/188/82 138/201/82
f 151/203/83 140/204/83 139/188/83
f 140/190/84 153/205/84 141/191/84
f 153/205/85 142/193/85 141/191/85
f 154/206/86 143/194/86 142/193/86
f 155/207/87 144/195/87 143/194/87
f 144/195/88 157/208/88 145/209/88
f 157/208/89 134/183/89 145/209/89
f 158/210/90 147/198/90 146/196/90
f 147/198/91 160/211/91 148/199/91
f 160/211/92 149/200/92 148/199/92
f 161/212/93 150/202/93 149/200/93
f 150/202/94 163/213/94 151/203/94
f 163/213/95 152/214/95 151/203/95
f 164/215/96 153/205/96 152/216/96
f 165/217/97 154/206/97 153/205/97
f 154/206/98 167/218/98 155/207/98
f 155/207/99 168/219/99 156/220/99
f 168/219/100 157/208/100 156/220/100
f 169/221/101 146/196/101 157/208/101
f 170/222/102 159/223/102 158/210/102
f 159/223/103 172/224/103 160/211/103
f 160/211/104 173/225/104 161/212/104
f 173/225/105 162/226/105 161/212/105
f 162/226/106 175/227/106 163/213/106
f 175/227/107 164/228/107 163/213/107
f 176/229/108 165/217/108 164/215/108
f 177/230/109 166/231/109 165/217/109
f 178/232/110 167/218/110 166/231/110
f 179/233/111 168/219/111 167/218/111
f 180/234/112 169/221/112 168/219/112
f 181/235/113 158/210/113 169/221/113
f 170/222/114 183/236/114 171/237/114
f 183/236/115 172/224/115 171/237/115
f 184/238/116 173/225/116 172/224/116
f 185/239/117 174/240/117 173/225/117
f 186/241/118 175/227/118 174/240/118
f 187/242/119 176/243/119 175/227/119
f 188/244/120 177/230/120 176/229/120
f 189/245/121 178/232/121 177/230/121
f 178/232/122 191/246/122 179/233/122
f 179/233/123 192/247/123 180/234/123
f 192/247/124 181/235/124 180/234/124
f 193/248/125 170/222/125 181/235/125
f 194/249/126 183/236/126 182/250/126
f 195/251/127 184/238/127 183/236/127
f 196/252/128 185/239/128 184/238/128
f 197/253/129 186/241/129 185/239/129
f 186/241/130 199/254/130 187/242/130
f 199/254/131 188/255/131 187/242/131
f 200/256/132 189/245/132 188/244/132
f 201/257/133 190/258/133 189/245/133
f 202/259/134 191/246/134 190/258/134
f 203/260/135 192/247/135 191/246/135
f 204/261/136 193/248/136 192/247/136
f 205/262/137 182/250/137 193/248/137
f 206/263/138 195/251/138 194/249/138
f 207/264/139 196/252/139 195/251/139
f 196/252/140 209/265/140 197/253/140
f 209/265/141 198/266/141 197/253/141
f 210/267/142 199/254/142 198/266/142
f 211/268/143 200/269/143 199/254/143
f 200/256/144 213/270/144 201/257/144
f 213/270/145 202/259/145 201/257/145
f 202/259/146 215/271/146 203/260/146
f 215/271/147 204/261/147 203/260/147
f 216/272/148 205/262/148 204/261/148
f 217/273/149 194/249/149 205/262/149
f 218/274/150 207/264/150 206/263/150
f 219/275/151 208/276/151 207/264/151
f 220/277/152 209/265/152 208/276/152
f 209/265/153 222/278/153 210/267/153
f 210/267/154 223/279/154 211/268/154
f 223/279/155 212/280/155 211/268/155
f 224/281/156 213/270/156 212/282/156
f 225/283/157 214/284/157 213/270/157
f 226/285/158 215/271/158 214/284/158
f 227/286/159 216/272/159 215/271/159
f 228/287/160 217/273/160 216/272/160
f 217/273/161 218/274/161 206/263/161
f 230/288/162 219/275/162 218/274/162
f 231/289/163 220/277/163 219/275/163
f 232/290/164 221/291/164 220/277/164
f 233/292/165 222/278/165 221/291/165
f 234/293/166 223/279/166 222/278/166
f 235/294/167 224/295/167 223/279/167
f 224/281/168 237/296/168 225/283/168
f 237/296/169 226/285/169 225/283/169
f 226/285/170 239/297/170 227/286/170
f 227/286/171 240/298/171 228/287/171
f 228/287/172 241/299/172 229/300/172
f 229/300/173 230/288/173 218/274/173
f 242/301/174 231/289/174 230/288/174
f 231/289/175 244/302/175 232/290/175
f 232/290/176 245/303/176 233/292/176
f 245/303/177 234/293/177 233/292/177
f 246/304/178 235/294/178 234/293/178
f 247/305/179 236/306/179 235/294/179
f 248/307/180 237/296/180 236/308/180
f 249/309/181 238/310/181 237/296/181
f 250/311/182 239/297/182 238/310/182
f 251/312/183 240/298/183 239/297/183
f 252/313/184 241/299/184 240/298/184
f 253/314/185 230/288/185 241/299/185
f 254/315/186 243/316/186 242/301/186
f 255/317/187 244/302/187 243/316/187
f 256/318/188 245/303/188 244/302/188
f 245/303/189 258/319/189 246/304/189
f 258/319/190 247/305/190 246/304/190
f 259/320/191 248/321/191 247/305/191
f 260/322/192 249/309/192 248/307/192
f 261/323/193 250/311/193 249/309/193
f 250/311/194 263/324/194 251/312/194
f 263/324/195 252/313/195 251/312/195
f 252/313/196 265/325/196 253/314/196
f 265/325/197 242/301/197 253/314/197
f 266/326/198 255/317/198 254/315/198
f 255/317/199 268/327/199 256/318/199
f 268/327/200 257/328/200 256/318/200
f 269/329/201 258/319/201 257/328/201
f 270/330/202 259/320/202 258/319/202
f 271/331/203 260/332/203 259/320/203
f 272/333/204 261/323/204 260/322/204
f 273/334/205 262/335/205 261/323/205
f 274/336/206 263/324/206 262/335/206
f 275/337/207 264/338/207 263/324/207
f 276/339/208 265/325/208 264/338/208
f 277/340/209 254/315/209 265/325/209
f 278/341/210 267/342/210 266/326/210
f 279/343/211 268/327/211 267/342/211
f 280/344/212 269/329/212 268/327/212
f 281/345/213 270/330/213 269/329/213
f 282/346/214 271/331/214 270/330/214
f 271/331/215 284/347/215 272/348/215
f 284/349/216 273/334/216 272/333/216
f 273/334/217 286/350/217 274/336/217
f 274/336/218 287/351/218 275/337/218
f 275/337/219 288/352/219 276/339/219
f 276/339/220 289/353/220 277/340/220
f 289/353/221 266/326/221 277/340/221
f 290/354/222 279/343/222 278/341/222
f 291/355/223 280/344/223 279/343/223
f 280/344/224 293/356/224 281/345/224
f 293/356/225 282/346/225 281/345/225
f 294/357/226 283/358/226 282/346/226
f 295/359/227 284/347/227 283/358/227
f 296/360/228 285/361/228 284/349/228
f 285/361/229 298/362/229 286/350/229
f 298/362/230 287/351/230 286/350/230
f 299/363/231 288/352/231 287/351/231
f 300/364/232 289/353/232 288/352/232
f 301/365/233 278/341/233 289/353/233
f 302/366/234 291/355/234 290/354/234
f 303/367/235 292/368/235 291/355/235
f 304/369/236 293/356/236 292/368/236
f 293/356/237 306/370/237 294/357/237
f 306/370/238 295/359/238 294/357/238
f 307/371/239 296/372/239 295/359/239
f 308/373/240 297/374/240 296/360/240
f 297/374/241 310/375/241 298/362/241
f 310/375/242 299/363/242 298/362/242
f 311/376/243 300/364/243 299/363/243
f 300/364/244 313/377/244 301/365/244
f 313/377/245 290/354/245 301/365/245
f 302/366/246 315/378/246 303/367/246
f 315/378/247 304/369/247 303/367/247
f 304/369/248 317/379/248 305/380/248
f 317/379/249 306/370/249 305/380/249
f 318/381/250 307/371/250 306/370/250
f 319/382/251 308/383/251 307/371/251
f 320/384/252 309/385/252 308/373/252
f 321/386/253 310/375/253 309/385/253
f 310/375/254 323/387/254 311/376/254
f 323/387/255 312/388/255 311/376/255
f 324/389/256 313/377/256 312/388/256
f 325/390/257 302/366/257 313/377/257
f 326/391/258 315/378/258 314/392/258
f 327/393/259 316/394/259 315/378/259
f 328/395/260 317/379/260 316/394/260
f 317/379/261 330/396/261 318/381/261
f 330/396/262 319/382/262 318/381/262
f 331/397/263 320/398/263 319/382/263
f 320/384/264 333/399/264 321/386/264
f 333/399/265 322/400/265 321/386/265
f 334/401/266 323/387/266 322/400/266
f 335/402/267 324/389/267 323/387/267
f 324/389/268 337/403/268 325/390/268
f 337/403/269 314/392/269 325/390/269
f 326/391/270 339/404/270 327/393/270
f 339/404/271 328/395/271 327/393/271
f 340/405/272 329/406/272 328/395/272
f 329/406/273 342/407/273 330/396/273
f 342/407/274 331/397/274 330/396/274
f 343/408/275 332/409/275 331/397/275
f 344/410/276 333/399/276 332/411/276
f 345/412/277 334/401/277 333/399/277
f 346/413/278 335/402/278 334/401/278
f 335/402/279 348/414/279 336/415/279
f 348/414/280 337/403/280 336/415/280
f 349/416/281 326/391/281 337/403/281
f 350/417/282 339/404/282 338/418/282
f 351/419/283 340/405/283 339/404/283
f 352/420/284 341/421/284 340/405/284
f 353/422/285 342/407/285 341/421/285
f 354/423/286 343/408/286 342/407/286
f 355/424/287 344/425/287 343/408/287
f 356/426/288 345/412/288 344/410/288
f 345/412/289 358/427/289 346/413/289
f 346/413/290 359/428/290 347/429/290
f 347/429/291 360/430/291 348/414/291
f 348/414/292 361/431/292 349/416/292
f 349/416/293 350/417/293 338/418/293
f 350/417/294 363/432/294 351/419/294
f 363/432/295 352/420/295 351/419/295
f 364/433/296 353/422/296 352/420/296
f 365/434/297 354/423/297 353/422/297
f 366/435/298 355/424/298 354/423/298
f 367/436/299 356/437/299 355/424/299
f 368/438/300 357/439/300 356/426/300
f 357/439/301 370/440/301 358/427/301
f 370/440/302 359/428/302 358/427/302
f 371/441/303 360/430/303 359/428/303
f 372/442/304 361/431/304 360/430/304
f 373/443/305 350/417/305 361/431/305
f 374/444/23 363/445/23 362/446/23
f 375/447/22 364/448/22 363/445/22
f 376/449/21 365/450/21 364/448/21
f 377/451/20 366/452/20 365/450/20
f 378/453/19 367/454/19 366/452/19
f 379/455/18 368/456/18 367/454/18
f 368/457/29 381/458/29 369/459/29
f 381/458/28 370/460/28 369/459/28
f 370/460/27 383/461/27 371/462/27
f 371/462/26 384/463/26 372/464/26
f 372/464/25 385/465/25 373/466/25
f 373/466/24 374/444/24 362/446/24
f 374/444/35 387/467/35 375/447/35
f 375/447/34 388/468/34 376/449/34
f 376/449/33 389/469/33 377/451/33
f 377/451/32 390/470/32 378/453/32
f 378/453/31 391/471/31 379/455/31
f 391/471/30 380/472/30 379/455/30
f 392/473/41 381/458/41 380/474/41
f 393/475/40 382/476/40 381/458/40
f 394/477/39 383/461/39 382/476/39
f 395/478/38 384/463/38 383/461/38
f 396/479/37 385/465/37 384/463/37
f 385/465/36 386/480/36 374/444/36
f 398/481/47 387/467/47 386/480/47
f 399/482/46 388/468/46 387/467/46
f 388/468/45 401/483/45 389/469/45
f 401/483/44 390/470/44 389/469/44
f 402/484/43 391/471/43 390/470/43
f 403/485/42 392/486/42 391/471/42
f 404/487/53 393/475/53 392/473/53
f 393/475/52 406/488/52 394/477/52
f 406/488/51 395/478/51 394/477/51
f 407/489/50 396/479/50 395/478/50
f 396/479/49 409/490/49 397/491/49
f 397/491/48 398/481/48 386/480/48
f 410/492/59 399/482/59 398/481/59
f 411/493/58 400/494/58 399/482/58
f 412/495/57 401/483/57 400/494/57
f 413/496/56 402/484/56 401/483/56
f 414/497/55 403/485/55 402/484/55
f 403/485/54 416/498/54 404/499/54
f 416/500/65 405/501/65 404/487/65
f 417/502/64 406/488/64 405/501/64
f 418/503/63 407/489/63 406/488/63
f 407/489/62 420/504/62 408/505/62
f 408/505/61 421/506/61 409/490/61
f 421/506/60 398/481/60 409/490/60
f 422/507/71 411/493/71 410/492/71
f 423/508/70 412/495/70 411/493/70
f 424/509/69 413/496/69 412/495/69
f 413/496/68 426/510/68 414/497/68
f 426/510/67 415/511/67 414/497/67
f 427/512/66 416/498/66 415/511/66
f 428/513/77 417/502/77 416/500/77
f 417/502/76 430/514/76 418/503/76
f 430/514/75 419/515/75 418/503/75
f 431/516/74 420/504/74 419/515/74
f 420/504/73 433/517/73 421/506/73
f 433/517/72 410/492/72 421/506/72
f 434/518/83 423/508/83 422/507/83
f 423/508/82 436/519/82 424/509/82
f 436/519/81 425/520/81 424/509/81
f 437/521/80 426/510/80 425/520/80
f 438/522/79 427/512/79 426/510/79
f 439/523/78 428/524/78 427/512/78
f 440/525/89 429/526/89 428/513/89
f 441/527/88 430/514/88 429/526/88
f 430/514/87 443/528/87 431/516/87
f 443/528/86 432/529/86 431/516/86
f 444/530/85 433/517/85 432/529/85
f 445/531/84 422/507/84 433/517/84
f 434/518/95 447/532/95 435/533/95
f 435/533/94 448/534/94 436/519/94
f 448/534/93 437/521/93 436/519/93
f 437/521/92 450/535/92 438/522/92
f 450/535/91 439/523/91 438/522/91
f 451/536/90 440/537/90 439/523/90
f 452/538/101 441/527/101 440/525/101
f 453/539/100 442/540/100 441/527/100
f 454/541/99 443/528/99 442/540/99
f 455/542/98 444/530/98 443/528/98
f 456/543/97 445/531/97 444/530/97
f 457/544/96 434/518/96 445/531/96
f 446/545/107 459/546/107 447/532/107
f 459/546/106 448/534/106 447/532/106
f 460/547/105 449/548/105 448/534/105
f 461/549/104 450/535/104 449/548/104
f 450/535/103 463/550/103 451/536/103
f 463/550/102 452/551/102 451/536/102
f 464/552/113 453/539/113 452/538/113
f 465/553/112 454/541/112 453/539/112
f 466/554/111 455/542/111 454/541/111
f 455/542/110 468/555/110 456/543/110
f 456/543/109 469/556/109 457/544/109
f 469/556/108 446/545/108 457/544/108
f 470/557/119 459/546/119 458/558/119
f 471/559/118 460/547/118 459/546/118
f 472/560/117 461/549/117 460/547/117
f 473/561/116 462/562/116 461/549/116
f 474/563/115 463/550/115 462/562/115
f 475/564/114 464/565/114 463/550/114
f 476/566/125 465/553/125 464/552/125
f 477/567/124 466/554/124 465/553/124
f 466/554/123 479/568/123 467/569/123
f 479/568/122 468/555/122 467/569/122
f 468/555/121 481/570/121 469/556/121
f 481/570/120 458/558/120 469/556/120
f 482/571/131 471/559/131 470/557/131
f 483/572/130 472/560/130 471/559/130
f 484/573/129 473/561/129 472/560/129
f 485/574/128 474/563/128 473/561/128
f 474/563/127 487/575/127 475/564/127
f 487/575/126 476/576/126 475/564/126
f 488/577/137 477/567/137 476/566/137
f 489/578/136 478/579/136 477/567/136
f 490/580/135 479/568/135 478/579/135
f 491/581/134 480/582/134 479/568/134
f 480/582/133 493/583/133 481/570/133
f 493/583/132 470/557/132 481/570/132
f 494/584/143 483/572/143 482/571/143
f 483/572/142 496/585/142 484/573/142
f 496/585/141 485/574/141 484/573/141
f 497/586/140 486/587/140 485/574/140
f 486/587/139 499/588/139 487/575/139
f 499/588/138 488/589/138 487/575/138
f 500/590/149 489/578/149 488/577/149
f 501/591/148 490/580/148 489/578/148
f 490/580/147 503/592/147 491/581/147
f 503/592/146 492/593/146 491/581/146
f 504/594/145 493/583/145 492/593/145
f 505/595/144 482/571/144 493/583/144
f 506/596/155 495/597/155 494/584/155
f 507/598/154 496/585/154 495/597/154
f 496/585/153 509/599/153 497/586/153
f 497/586/152 510/600/152 498/601/152
f 510/600/151 499/588/151 498/601/151
f 499/588/150 512/602/150 500/603/150
f 512/604/161 501/591/161 500/590/161
f 513/605/160 502/606/160 501/591/160
f 514/607/159 503/592/159 502/606/159
f 515/608/158 504/594/158 503/592/158
f 516/609/157 505/595/157 504/594/157
f 517/610/156 494/584/156 505/595/156
f 506/596/167 519/611/167 507/598/167
f 519/611/166 508/612/166 507/598/166
f 520/613/165 509/599/165 508/612/165
f 521/614/164 510/600/164 509/599/164
f 522/615/163 511/616/163 510/600/163
f 523/617/162 512/602/162 511/616/162
f 524/618/173 513/605/173 512/604/173
f 513/605/172 526/619/172 514/607/172
f 514/607/171 527/620/171 515/608/171
f 527/620/170 516/609/170 515/608/170
f 528/621/169 517/610/169 516/609/169
f 529/622/168 506/596/168 517/610/168
f 530/623/179 519/611/179 518/624/179
f 531/625/178 520/613/178 519/611/178
f 532/626/177 521/614/177 520/613/177
f 533/627/176 522/615/176 521/614/176
f 534/628/175 523/617/175 522/615/175
f 523/617/174 536/629/174 524/630/174
f 536/631/185 525/632/185 524/618/185
f 537/633/184 526/619/184 525/632/184
f 526/619/183 539/634/183 527/620/183
f 527/620/182 540/635/182 528/621/182
f 540/635/181 529/622/181 528/621/181
f 541/636/180 518/624/180 529/622/180
f 542/637/191 531/625/191 530/623/191
f 543/638/190 532/626/190 531/625/190
f 544/639/189 533/627/189 532/626/189
f 545/640/188 534/628/188 533/627/188
f 546/641/187 535/642/187 534/628/187
f 547/643/186 536/629/186 535/642/186
f 548/644/197 537/633/197 536/631/197
f 549/645/196 538/646/196 537/633/196
f 550/647/195 539/634/195 538/646/195
f 539/634/194 552/648/194 540/635/194
f 540/635/193 553/649/193 541/636/193
f 553/649/192 530/623/192 541/636/192
f 554/650/203 543/638/203 542/637/203
f 555/651/202 544/639/202 543/638/202
f 544/639/201 557/652/201 545/640/201
f 545/640/200 558/653/200 546/641/200
f 558/653/199 547/643/199 546/641/199
f 559/654/198 548/655/198 547/643/198
f 560/656/209 549/645/209 548/644/209
f 561/657/208 550/647/208 549/645/208
f 562/658/207 551/659/207 550/647/207
f 563/660/206 552/648/206 551/659/206
f 564/661/205 553/649/205 552/648/205
f 553/649/204 554/650/204 542/637/204
f 554/650/215 567/662/215 555/651/215
f 567/662/214 556/663/214 555/651/214
f 568/664/213 557/652/213 556/663/213
f 569/665/212 558/653/212 557/652/212
f 570/666/211 559/654/211 558/653/211
f 571/667/210 560/668/210 559/654/210
f 572/669/221 561/657/221 560/656/221
f 573/670/220 562/658/220 561/657/220
f 574/671/219 563/660/219 562/658/219
f 575/672/218 564/661/218 563/660/218
f 564/661/217 577/673/217 565/674/217
f 577/673/216 554/650/216 565/674/216
f 566/675/227 579/676/227 567/662/227
f 579/676/226 568/664/226 567/662/226
f 568/664/225 581/677/225 569/665/225
f 569/665/224 582/678/224 570/666/224
f 570/666/223 583/679/223 571/667/223
f 583/679/222 572/680/222 571/667/222
f 584/681/233 573/670/233 572/669/233
f 585/682/232 574/671/232 573/670/232
f 586/683/231 575/672/231 574/671/231
f 587/684/230 576/685/230 575/672/230
f 576/685/229 589/686/229 577/673/229
f 589/686/228 566/675/228 577/673/228
f 578/687/239 591/688/239 579/676/239
f 591/688/238 580/689/238 579/676/238
f 580/689/237 593/690/237 581/677/237
f 593/690/236 582/678/236 581/677/236
f 594/691/235 583/679/235 582/678/235
f 595/692/234 584/693/234 583/679/234
f 596/694/245 585/682/245 584/681/245
f 585/682/244 598/695/244 586/683/244
f 586/683/243 599/696/243 587/684/243
f 599/696/242 588/697/242 587/684/242
f 600/698/241 589/686/241 588/697/241
f 601/699/240 578/687/240 589/686/240
f 602/700/251 591/688/251 590/701/251
f 603/702/250 592/703/250 591/688/250
f 604/704/249 593/690/249 592/703/249
f 605/705/248 594/691/248 593/690/248
f 606/706/247 595/692/247 594/691/247
f 607/707/246 596/708/246 595/692/246
f 608/709/257 597/710/257 596/694/257
f 597/710/256 610/711/256 598/695/256
f 610/711/255 599/696/255 598/695/255
f 611/712/254 600/698/254 599/696/254
f 600/698/253 613/713/253 601/699/253
f 613/713/252 590/701/252 601/699/252
f 614/714/263 603/702/263 602/700/263
f 615/715/262 604/704/262 603/702/262
f 604/704/261 617/716/261 605/705/261
f 617/716/260 606/706/260 605/705/260
f 618/717/259 607/707/259 606/706/259
f 619/718/258 608/719/258 607/707/258
f 620/720/269 609/721/269 608/709/269
f 621/722/268 610/711/268 609/721/268
f 622/723/267 611/712/267 610/711/267
f 623/724/266 612/725/266 611/712/266
f 624/726/265 613/713/265 612/725/265
f 625/727/264 602/700/264 613/713/264
f 626/728/275 615/715/275 614/714/275
f 627/729/274 616/730/274 615/715/274
f 628/731/273 617/716/273 616/730/273
f 629/732/272 618/717/272 617/716/272
f 630/733/271 619/718/271 618/717/271
f 631/734/270 620/735/270 619/718/270
f 632/736/281 621/722/281 620/720/281
f 621/722/280 634/737/280 622/723/280
f 634/737/279 623/724/279 622/723/279
f 635/738/278 624/726/278 623/724/278
f 636/739/277 625/727/277 624/726/277
f 637/740/276 614/714/276 625/727/276
f 626/728/287 639/741/287 627/729/287
f 627/729/286 640/742/286 628/731/286
f 628/731/285 641/743/285 629/732/285
f 641/743/284 630/733/284 629/732/284
f 642/744/283 631/734/283 630/733/283
f 631/734/282 644/745/282 632/746/282
f 644/747/293 633/748/293 632/736/293
f 645/749/292 634/737/292 633/748/292
f 634/737/291 647/750/291 635/738/291
f 647/750/290 636/739/290 635/738/290
f 648/751/289 637/740/289 636/739/289
f 649/752/288 626/728/288 637/740/288
f 74/124/299 639/741/299 638/753/299
f 75/123/298 640/742/298 639/741/298
f 76/126/297 641/743/297 640/742/297
f 77/127/296 642/744/296 641/743/296
f 78/129/295 643/754/295 642/744/295
f 79/131/294 644/745/294 643/754/294
f 644/747/305 81/135/305 645/749/305
f 81/135/304 646/755/304 645/749/304
f 82/138/303 647/750/303 646/755/303
f 83/140/302 648/751/302 647/750/302
f 648/751/301 85/144/301 649/752/301
f 649/752/300 74/124/300 638/753/300
f 86/122/18 87/147/18 75/123/18
f 75/123/19 87/147/19 88/125/19
f 88/125/20 89/128/20 77/127/20
f 89/128/21 90/130/21 78/129/21
f 90/130/22 91/152/22 79/131/22
f 79/131/23 91/152/23 92/132/23
f 92/134/24 93/137/24 81/135/24
f 93/137/25 94/139/25 82/138/25
f 94/139/26 95/141/26 83/140/26
f 95/141/27 96/143/27 84/142/27
f 96/143/28 97/145/28 85/144/28
f 97/145/29 86/122/29 74/124/29
f 98/146/30 99/148/30 87/147/30
f 99/148/31 100/149/31 88/125/31
f 100/149/32 101/150/32 89/128/32
f 101/150/33 102/161/33 90/130/33
f 90/130/34 102/161/34 103/151/34
f 103/151/35 104/164/35 92/132/35
f 104/153/36 105/154/36 93/137/36
f 105/154/37 106/167/37 94/139/37
f 94/139/38 106/167/38 107/155/38
f 95/141/39 107/155/39 108/156/39
f 96/143/40 108/156/40 109/157/40
f 109/157/41 98/146/41 86/122/41
f 98/146/42 110/171/42 111/158/42
f 111/158/43 112/159/43 100/149/43
f 112/159/44 113/175/44 101/150/44
f 101/150/45 113/175/45 114/160/45
f 102/161/46 114/160/46 115/162/46
f 103/151/47 115/162/47 116/163/47
f 116/165/48 117/166/48 105/154/48
f 117/166/49 118/179/49 106/167/49
f 106/167/50 118/179/50 119/168/50
f 107/155/51 119/168/51 120/169/51
f 108/156/52 120/169/52 121/170/52
f 121/170/53 110/171/53 98/146/53
f 110/171/54 122/184/54 123/172/54
f 111/158/55 123/172/55 124/173/55
f 112/159/56 124/173/56 125/174/56
f 125/174/57 126/187/57 114/160/57
f 114/160/58 126/187/58 127/176/58
f 127/176/59 128/189/59 116/163/59
f 128/177/60 129/178/60 117/166/60
f 129/178/61 130/192/61 118/179/61
f 118/179/62 130/192/62 131/180/62
f 131/180/63 132/181/63 120/169/63
f 132/181/64 133/182/64 121/170/64
f 133/182/65 122/184/65 110/171/65
f 134/183/66 135/197/66 123/172/66
f 123/172/67 135/197/67 136/185/67
f 136/185/68 137/186/68 125/174/68
f 137/186/69 138/201/69 126/187/69
f 126/187/70 138/201/70 139/188/70
f 139/188/71 140/204/71 128/189/71
f 140/190/72 141/191/72 129/178/72
f 141/191/73 142/193/73 130/192/73
f 142/193/74 143/194/74 131/180/74
f 143/194/75 144/195/75 132/181/75
f 144/195/76 145/209/76 133/182/76
f 133/182/77 145/209/77 134/183/77
f 146/196/78 147/198/78 135/197/78
f 147/198/79 148/199/79 136/185/79
f 148/199/80 149/200/80 137/186/80
f 149/200/81 150/202/81 138/201/81
f 150/202/82 151/203/82 139/188/82
f 151/203/83 152/214/83 140/204/83
f 140/190/84 152/216/84 153/205/84
f 153/205/85 154/206/85 142/193/85
f 154/206/86 155/207/86 143/194/86
f 155/207/87 156/220/87 144/195/87
f 144/195/88 156/220/88 157/208/88
f 157/208/89 146/196/89 134/183/89
f 158/210/90 159/223/90 147/198/90
f 147/198/91 159/223/91 160/211/91
f 160/211/92 161/212/92 149/200/92
f 161/212/93 162/226/93 150/202/93
f 150/202/94 162/226/94 163/213/94
f 163/213/95 164/228/95 152/214/95
f 164/215/96 165/217/96 153/205/96
f 165/217/97 166/231/97 154/206/97
f 154/206/98 166/231/98 167/218/98
f 155/207/99 167/218/99 168/219/99
f 168/219/100 169/221/100 157/208/100
f 169/221/101 158/210/101 146/196/101
f 170/222/102 171/237/102 159/223/102
f 159/223/103 171/237/103 172/224/103
f 160/211/104 172/224/104 173/225/104
f 173/225/105 174/240/105 162/226/105
f 162/226/106 174/240/106 175/227/106
f 175/227/107 176/243/107 164/228/107
f 176/229/108 177/230/108 165/217/108
f 177/230/109 178/232/109 166/231/109
f 178/232/110 179/233/110 167/218/110
f 179/233/111 180/234/111 168/219/111
f 180/234/112 181/235/112 169/221/112
f 181/235/113 170/222/113 158/210/113
f 170/222/114 182/250/114 183/236/114
f 183/236/115 184/238/115 172/224/115
f 184/238/116 185/239/116 173/225/116
f 185/239/117 186/241/117 174/240/117
f 186/241/118 187/242/118 175/227/118
f 187/242/119 188/255/119 176/243/119
f 188/244/120 189/245/120 177/230/120
f 189/245/121 190/258/121 178/232/121
f 178/232/122 190/258/122 191/246/122
f 179/233/123 191/246/123 192/247/123
f 192/247/124 193/248/124 181/235/124
f 193/248/125 182/250/125 170/222/125
f 194/249/126 195/251/126 183/236/126
f 195/251/127 196/252/127 184/238/127
f 196/252/128 197/253/128 185/239/128
f 197/253/129 198/266/129 186/241/129
f 186/241/130 198/266/130 199/254/130
f 199/254/131 200/269/131 188/255/131
f 200/256/132 201/257/132 189/245/132
f 201/257/133 202/259/133 190/258/133
f 202/259/134 203/260/134 191/246/134
f 203/260/135 204/261/135 192/247/135
f 204/261/136 205/262/136 193/248/136
f 205/262/137 194/249/137 182/250/137
f 206/263/138 207/264/138 195/251/138
f 207/264/139 208/276/139 196/252/139
f 196/252/140 208/276/140 209/265/140
f 209/265/141 210/267/141 198/266/141
f 210/267/142 211/268/142 199/254/142
f 211/268/143 212/280/143 200/269/143
f 200/256/144 212/282/144 213/270/144
f 213/270/145 214/284/145 202/259/145
f 202/259/146 214/284/146 215/271/146
f 215/271/147 216/272/147 204/261/147
f 216/272/148 217/273/148 205/262/148
f 217/273/149 206/263/149 194/249/149
f 218/274/150 219/275/150 207/264/150
f 219/275/151 220/277/151 208/276/151
f 220/277/152 221/291/152 209/265/152
f 209/265/153 221/291/153 222/278/153
f 210/267/154 222/278/154 223/279/154
f 223/279/155 224/295/155 212/280/155
f 224/281/156 225/283/156 213/270/156
f 225/283/157 226/285/157 214/284/157
f 226/285/158 227/286/158 215/271/158
f 227/286/159 228/287/159 216/272/159
f 228/287/160 229/300/160 217/273/160
f 217/273/161 229/300/161 218/274/161
f 230/288/162 231/289/162 219/275/162
f 231/289/163 232/290/163 220/277/163
f 232/290/164 233/292/164 221/291/164
f 233/292/165 234/293/165 222/278/165
f 234/293/166 235/294/166 223/279/166
f 235/294/167 236/306/167 224/295/167
f 224/281/168 236/308/168 237/296/168
f 237/296/169 238/310/169 226/285/169
f 226/285/170 238/310/170 239/297/170
f 227/286/171 239/297/171 240/298/171
f 228/287/172 240/298/172 241/299/172
f 229/300/173 241/299/173 230/288/173
f 242/301/174 243/316/174 231/289/174
f 231/289/175 243/316/175 244/302/175
f 232/290/176 244/302/176 245/303/176
f 245/303/177 246/304/177 234/293/177
f 246/304/178 247/305/178 235/294/178
f 247/305/179 248/321/179 236/306/179
f 248/307/180 249/309/180 237/296/180
f 249/309/181 250/311/181 238/310/181
f 250/311/182 251/312/182 239/297/182
f 251/312/183 252/313/183 240/298/183
f 252/313/184 253/314/184 241/299/184
f 253/314/185 242/301/185 230/288/185
f 254/315/186 255/317/186 243/316/186
f 255/317/187 256/318/187 244/302/187
f 256/318/188 257/328/188 245/303/188
f 245/303/189 257/328/189 258/319/189
f 258/319/190 259/320/190 247/305/190
f 259/320/191 260/332/191 248/321/191
f 260/322/192 261/323/192 249/309/192
f 261/323/193 262/335/193 250/311/193
f 250/311/194 262/335/194 263/324/194
f 263/324/195 264/338/195 252/313/195
f 252/313/196 264/338/196 265/325/196
f 265/325/197 254/315/197 242/301/197
f 266/326/198 267/342/198 255/317/198
f 255/317/199 267/342/199 268/327/199
f 268/327/200 269/329/200 257/328/200
f 269/329/201 270/330/201 258/319/201
f 270/330/202 271/331/202 259/320/202
f 271/331/203 272/348/203 260/332/203
f 272/333/204 273/334/204 261/323/204
f 273/334/205 274/336/205 262/335/205
f 274/336/206 275/337/206 263/324/206
f 275/337/207 276/339/207 264/338/207
f 276/339/208 277/340/208 265/325/208
f 277/340/209 266/326/209 254/315/209
f 278/341/210 279/343/210 267/342/210
f 279/343/211 280/344/211 268/327/211
f 280/344/212 281/345/212 269/329/212
f 281/345/213 282/346/213 270/330/213
f 282/346/214 283/358/214 271/331/214
f 271/331/215 283/358/215 284/347/215
f 284/349/216 285/361/216 273/334/216
f 273/334/217 285/361/217 286/350/217
f 274/336/218 286/350/218 287/351/218
f 275/337/219 287/351/219 288/352/219
f 276/339/220 288/352/220 289/353/220
f 289/353/221 278/341/221 266/326/221
f 290/354/222 291/355/222 279/343/222
f 291/355/223 292/368/223 280/344/223
f 280/344/224 292/368/224 293/356/224
f 293/356/225 294/357/225 282/346/225
f 294/357/226 295/359/226 283/358/226
f 295/359/227 296/372/227 284/347/227
f 296/360/228 297/374/228 285/361/228
f 285/361/229 297/374/229 298/362/229
f 298/362/230 299/363/230 287/351/230
f 299/363/231 300/364/231 288/352/231
f 300/364/232 301/365/232 289/353/232
f 301/365/233 290/354/233 278/341/233
f 302/366/234 303/367/234 291/355/234
f 303/367/235 304/369/235 292/368/235
f 304/369/236 305/380/236 293/356/236
f 293/356/237 305/380/237 306/370/237
f 306/370/238 307/371/238 295/359/238
f 307/371/239 308/383/239 296/372/239
f 308/373/240 309/385/240 297/374/240
f 297/374/241 309/385/241 310/375/241
f 310/375/242 311/376/242 299/363/242
f 311/376/243 312/388/243 300/364/243
f 300/364/244 312/388/244 313/377/244
f 313/377/245 302/366/245 290/354/245
f 302/366/246 314/392/246 315/378/246
f 315/378/247 316/394/247 304/369/247
f 304/369/248 316/394/248 317/379/248
f 317/379/249 318/381/249 306/370/249
f 318/381/250 319/382/250 307/371/250
f 319/382/251 320/398/251 308/383/251
f 320/384/252 321/386/252 309/385/252
f 321/386/253 322/400/253 310/375/253
f 310/375/254 322/400/254 323/387/254
f 323/387/255 324/389/255 312/388/255
f 324/389/256 325/390/256 313/377/256
f 325/390/257 314/392/257 302/366/257
f 326/391/258 327/393/258 315/378/258
f 327/393/259 328/395/259 316/394/259
f 328/395/260 329/406/260 317/379/260
f 317/379/261 329/406/261 330/396/261
f 330/396/262 331/397/262 319/382/262
f 331/397/263 332/409/263 320/398/263
f 320/384/264 332/411/264 333/399/264
f 333/399/265 334/401/265 322/400/265
f 334/401/266 335/402/266 323/387/266
f 335/402/267 336/415/267 324/389/267
f 324/389/268 336/415/268 337/403/268
f 337/403/269 326/391/269 314/392/269
f 326/391/270 338/418/270 339/404/270
f 339/404/271 340/405/271 328/395/271
f 340/405/272 341/421/272 329/406/272
f 329/406/273 341/421/273 342/407/273
f 342/407/274 343/408/274 331/397/274
f 343/408/275 344/425/275 332/409/275
f 344/410/276 345/412/276 333/399/276
f 345/412/277 346/413/277 334/401/277
f 346/413/278 347/429/278 335/402/278
f 335/402/279 347/429/279 348/414/279
f 348/414/280 349/416/280 337/403/280
f 349/416/281 338/418/281 326/391/281
f 350/417/282 351/419/282 339/404/282
f 351/419/283 352/420/283 340/405/283
f 352/420/284 353/422/284 341/421/284
f 353/422/285 354/423/285 342/407/285
f 354/423/286 355/424/286 343/408/286
f 355/424/287 356/437/287 344/425/287
f 356/426/288 357/439/288 345/412/288
f 345/412/289 357/439/289 358/427/289
f 346/413/290 358/427/290 359/428/290
f 347/429/291 359/428/291 360/430/291
f 348/414/292 360/430/292 361/431/292
f 349/416/293 361/431/293 350/417/293
f 350/417/294 362/756/294 363/432/294
f 363/432/295 364/433/295 352/420/295
f 364/433/296 365/434/296 353/422/296
f 365/434/297 366/435/297 354/423/297
f 366/435/298 367/436/298 355/424/298
f 367/436/299 368/757/299 356/437/299
f 368/438/300 369/758/300 357/439/300
f 357/439/301 369/758/301 370/440/301
f 370/440/302 371/441/302 359/428/302
f 371/441/303 372/442/303 360/430/303
f 372/442/304 373/443/304 361/431/304
f 373/443/305 362/756/305 350/417/305
f 374/444/23 375/447/23 363/445/23
f 375/447/22 376/449/22 364/448/22
f 376/449/21 377/451/21 365/450/21
f 377/451/20 378/453/20 366/452/20
f 378/453/19 379/455/19 367/454/19
f 379/455/18 380/472/18 368/456/18
f 368/457/29 380/474/29 381/458/29
f 381/458/28 382/476/28 370/460/28
f 370/460/27 382/476/27 383/461/27
f 371/462/26 383/461/26 384/463/26
f 372/464/25 384/463/25 385/465/25
f 373/466/24 385/465/24 374/444/24
f 374/444/35 386/480/35 387/467/35
f 375/447/34 387/467/34 388/468/34
f 376/449/33 388/468/33 389/469/33
f 377/451/32 389/469/32 390/470/32
f 378/453/31 390/470/31 391/471/31
f 391/471/30 392/486/30 380/472/30
f 392/473/41 393/475/41 381/458/41
f 393/475/40 394/477/40 382/476/40
f 394/477/39 395/478/39 383/461/39
f 395/478/38 396/479/38 384/463/38
f 396/479/37 397/491/37 385/465/37
f 385/465/36 397/491/36 386/480/36
f 398/481/47 399/482/47 387/467/47
f 399/482/46 400/494/46 388/468/46
f 388/468/45 400/494/45 401/483/45
f 401/483/44 402/484/44 390/470/44
f 402/484/43 403/485/43 391/471/43
f 403/485/42 404/499/42 392/486/42
f 404/487/53 405/501/53 393/475/53
f 393/475/52 405/501/52 406/488/52
f 406/488/51 407/489/51 395/478/51
f 407/489/50 408/505/50 396/479/50
f 396/479/49 408/505/49 409/490/49
f 397/491/48 409/490/48 398/481/48
f 410/492/59 411/493/59 399/482/59
f 411/493/58 412/495/58 400/494/58
f 412/495/57 413/496/57 401/483/57
f 413/496/56 414/497/56 402/484/56
f 414/497/55 415/511/55 403/485/55
f 403/485/54 415/511/54 416/498/54
f 416/500/65 417/502/65 405/501/65
f 417/502/64 418/503/64 406/488/64
f 418/503/63 419/515/63 407/489/63
f 407/489/62 419/515/62 420/504/62
f 408/505/61 420/504/61 421/506/61
f 421/506/60 410/492/60 398/481/60
f 422/507/71 423/508/71 411/493/71
f 423/508/70 424/509/70 412/495/70
f 424/509/69 425/520/69 413/496/69
f 413/496/68 425/520/68 426/510/68
f 426/510/67 427/512/67 415/511/67
f 427/512/66 428/524/66 416/498/66
f 428/513/77 429/526/77 417/502/77
f 417/502/76 429/526/76 430/514/76
f 430/514/75 431/516/75 419/515/75
f 431/516/74 432/529/74 420/504/74
f 420/504/73 432/529/73 433/517/73
f 433/517/72 422/507/72 410/492/72
f 434/518/83 435/533/83 423/508/83
f 423/508/82 435/533/82 436/519/82
f 436/519/81 437/521/81 425/520/81
f 437/521/80 438/522/80 426/510/80
f 438/522/79 439/523/79 427/512/79
f 439/523/78 440/537/78 428/524/78
f 440/525/89 441/527/89 429/526/89
f 441/527/88 442/540/88 430/514/88
f 430/514/87 442/540/87 443/528/87
f 443/528/86 444/530/86 432/529/86
f 444/530/85 445/531/85 433/517/85
f 445/531/84 434/518/84 422/507/84
f 434/518/95 446/545/95 447/532/95
f 435/533/94 447/532/94 448/534/94
f 448/534/93 449/548/93 437/521/93
f 437/521/92 449/548/92 450/535/92
f 450/535/91 451/536/91 439/523/91
f 451/536/90 452/551/90 440/537/90
f 452/538/101 453/539/101 441/527/101
f 453/539/100 454/541/100 442/540/100
f 454/541/99 455/542/99 443/528/99
f 455/542/98 456/543/98 444/530/98
f 456/543/97 457/544/97 445/531/97
f 457/544/96 446/545/96 434/518/96
f 446/545/107 458/558/107 459/546/107
f 459/546/106 460/547/106 448/534/106
f 460/547/105 461/549/105 449/548/105
f 461/549/104 462/562/104 450/535/104
f 450/535/103 462/562/103 463/550/103
f 463/550/102 464/565/102 452/551/102
f 464/552/113 465/553/113 453/539/113
f 465/553/112 466/554/112 454/541/112
f 466/554/111 467/569/111 455/542/111
f 455/542/110 467/569/110 468/555/110
f 456/543/109 468/555/109 469/556/109
f 469/556/108 458/558/108 446/545/108
f 470/557/119 471/559/119 459/546/119
f 471/559/118 472/560/118 460/547/118
f 472/560/117 473/561/117 461/549/117
f 473/561/116 474/563/116 462/562/116
f 474/563/115 475/564/115 463/550/115
f 475/564/114 476/576/114 464/565/114
f 476/566/125 477/567/125 465/553/125
f 477/567/124 478/579/124 466/554/124
f 466/554/123 478/579/123 479/568/123
f 479/568/122 480/582/122 468/555/122
f 468/555/121 480/582/121 481/570/121
f 481/570/120 470/557/120 458/558/120
f 482/571/131 483/572/131 471/559/131
f 483/572/130 484/573/130 472/560/130
f 484/573/129 485/574/129 473/561/129
f 485/574/128 486/587/128 474/563/128
f 474/563/127 486/587/127 487/575/127
f 487/575/126 488/589/126 476/576/126
f 488/577/137 489/578/137 477/567/137
f 489/578/136 490/580/136 478/579/136
f 490/580/135 491/581/135 479/568/135
f 491/581/134 492/593/134 480/582/134
f 480/582/133 492/593/133 493/583/133
f 493/583/132 482/571/132 470/557/132
f 494/584/143 495/597/143 483/572/143
f 483/572/142 495/597/142 496/585/142
f 496/585/141 497/586/141 485/574/141
f 497/586/140 498/601/140 486/587/140
f 486/587/139 498/601/139 499/588/139
f 499/588/138 500/603/138 488/589/138
f 500/590/149 501/591/149 489/578/149
f 501/591/148 502/606/148 490/580/148
f 490/580/147 502/606/147 503/592/147
f 503/592/146 504/594/146 492/593/146
f 504/594/145 505/595/145 493/583/145
f 505/595/144 494/584/144 482/571/144
f 506/596/155 507/598/155 495/597/155
f 507/598/154 508/612/154 496/585/154
f 496/585/153 508/612/153 509/599/153
f 497/586/152 509/599/152 510/600/152
f 510/600/151 511/616/151 499/588/151
f 499/588/150 511/616/150 512/602/150
f 512/604/161 513/605/161 501/591/161
f 513/605/160 514/607/160 502/606/160
f 514/607/159 515/608/159 503/592/159
f 515/608/158 516/609/158 504/594/158
f 516/609/157 517/610/157 505/595/157
f 517/610/156 506/596/156 494/584/156
f 506/596/167 518/624/167 519/611/167
f 519/611/166 520/613/166 508/612/166
f 520/613/165 521/614/165 509/599/165
f 521/614/164 522/615/164 510/600/164
f 522/615/163 523/617/163 511/616/163
f 523/617/162 524/630/162 512/602/162
f 524/618/173 525/632/173 513/605/173
f 513/605/172 525/632/172 526/619/172
f 514/607/171 526/619/171 527/620/171
f 527/620/170 528/621/170 516/609/170
f 528/621/169 529/622/169 517/610/169
f 529/622/168 518/624/168 506/596/168
f 530/623/179 531/625/179 519/611/179
f 531/625/178 532/626/178 520/613/178
f 532/626/177 533/627/177 521/614/177
f 533/627/176 534/628/176 522/615/176
f 534/628/175 535/642/175 523/617/175
f 523/617/174 535/642/174 536/629/174
f 536/631/185 537/633/185 525/632/185
f 537/633/184 538/646/184 526/619/184
f 526/619/183 538/646/183 539/634/183
f 527/620/182 539/634/182 540/635/182
f 540/635/181 541/636/181 529/622/181
f 541/636/180 530/623/180 518/624/180
f 542/637/191 543/638/191 531/625/191
f 543/638/190 544/639/190 532/626/190
f 544/639/189 545/640/189 533/627/189
f 545/640/188 546/641/188 534/628/188
f 546/641/187 547/643/187 535/642/187
f 547/643/186 548/655/186 536/629/186
f 548/644/197 549/645/197 537/633/197
f 549/645/196 550/647/196 538/646/196
f 550/647/195 551/659/195 539/634/195
f 539/634/194 551/659/194 552/648/194
f 540/635/193 552/648/193 553/649/193
f 553/649/192 542/637/192 530/623/192
f 554/650/203 555/651/203 543/638/203
f 555/651/202 556/663/202 544/639/202
f 544/639/201 556/663/201 557/652/201
f 545/640/200 557/652/200 558/653/200
f 558/653/199 559/654/199 547/643/199
f 559/654/198 560/668/198 548/655/198
f 560/656/209 561/657/209 549/645/209
f 561/657/208 562/658/208 550/647/208
f 562/658/207 563/660/207 551/659/207
f 563/660/206 564/661/206 552/648/206
f 564/661/205 565/674/205 553/649/205
f 553/649/204 565/674/204 554/650/204
f 554/650/215 566/675/215 567/662/215
f 567/662/214 568/664/214 556/663/214
f 568/664/213 569/665/213 557/652/213
f 569/665/212 570/666/212 558/653/212
f 570/666/211 571/667/211 559/654/211
f 571/667/210 572/680/210 560/668/210
f 572/669/221 573/670/221 561/657/221
f 573/670/220 574/671/220 562/658/220
f 574/671/219 575/672/219 563/660/219
f 575/672/218 576/685/218 564/661/218
f 564/661/217 576/685/217 577/673/217
f 577/673/216 566/675/216 554/650/216
f 566/675/227 578/687/227 579/676/227
f 579/676/226 580/689/226 568/664/226
f 568/664/225 580/689/225 581/677/225
f 569/665/224 581/677/224 582/678/224
f 570/666/223 582/678/223 583/679/223
f 583/679/222 584/693/222 572/680/222
f 584/681/233 585/682/233 573/670/233
f 585/682/232 586/683/232 574/671/232
f 586/683/231 587/684/231 575/672/231
f 587/684/230 588/697/230 576/685/230
f 576/685/229 588/697/229 589/686/229
f 589/686/228 578/687/228 566/675/228
f 578/687/239 590/701/239 591/688/239
f 591/688/238 592/703/238 580/689/238
f 580/689/237 592/703/237 593/690/237
f 593/690/236 594/691/236 582/678/236
f 594/691/235 595/692/235 583/679/235
f 595/692/234 596/708/234 584/693/234
f 596/694/245 597/710/245 585/682/245
f 585/682/244 597/710/244 598/695/244
f 586/683/243 598/695/243 599/696/243
f 599/696/242 600/698/242 588/697/242
f 600/698/241 601/699/241 589/686/241
f 601/699/240 590/701/240 578/687/240
f 602/700/251 603/702/251 591/688/251
f 603/702/250 604/704/250 592/703/250
f 604/704/249 605/705/249 593/690/249
f 605/705/248 606/706/248 594/691/248
f 606/706/247 607/707/247 595/692/247
f 607/707/246 608/719/246 596/708/246
f 608/709/257 609/721/257 597/710/257
f 597/710/256 609/721/256 610/711/256
f 610/711/255 611/712/255 599/696/255
f 611/712/254 612/725/254 600/698/254
f 600/698/253 612/725/253 613/713/253
f 613/713/252 602/700/252 590/701/252
f 614/714/263 615/715/263 603/702/263
f 615/715/262 616/730/262 604/704/262
f 604/704/261 616/730/261 617/716/261
f 617/716/260 618/717/260 606/706/260
f 618/717/259 619/718/259 607/707/259
f 619/718/258 620/735/258 608/719/258
f 620/720/269 621/722/269 609/721/269
f 621/722/268 622/723/268 610/711/268
f 622/723/267 623/724/267 611/712/267
f 623/724/266 624/726/266 612/725/266
f 624/726/265 625/727/265 613/713/265
f 625/727/264 614/714/264 602/700/264
f 626/728/275 627/729/275 615/715/275
f 627/729/274 628/731/274 616/730/274
f 628/731/273 629/732/273 617/716/273
f 629/732/272 630/733/272 618/717/272
f 630/733/271 631/734/271 619/718/271
f 631/734/270 632/746/270 620/735/270
f 632/736/281 633/748/281 621/722/281
f 621/722/280 633/748/280 634/737/280
f 634/737/279 635/738/279 623/724/279
f 635/738/278 636/739/278 624/726/278
f 636/739/277 637/740/277 625/727/277
f 637/740/276 626/728/276 614/714/276
f 626/728/287 638/753/287 639/741/287
f 627/729/286 639/741/286 640/742/286
f 628/731/285 640/742/285 641/743/285
f 641/743/284 642/744/284 630/733/284
f 642/744/283 643/754/283 631/734/283
f 631/734/282 643/754/282 644/745/282
f 644/747/293 645/749/293 633/748/293
f 645/749/292 646/755/292 634/737/292
f 634/737/291 646/755/291 647/750/291
f 647/750/290 648/751/290 636/739/290
f 648/751/289 649/752/289 637/740/289
f 649/752/288 638/753/288 626/728/288
f 74/124/299 75/123/299 639/741/299
f 75/123/298 76/126/298 640/742/298
f 76/126/297 77/127/297 641/743/297
f 77/127/296 78/129/296 642/744/296
f 78/129/295 79/131/295 643/754/295
f 79/131/294 80/133/294 644/745/294
f 644/747/305 80/136/305 81/135/305
f 81/135/304 82/138/304 646/755/304
f 82/138/303 83/140/303 647/750/303
f 83/140/302 84/142/302 648/751/302
f 648/751/301 84/142/301 85/144/301
f 649/752/300 85/144/300 74/124/300
o 前輪左
v 1.455882 -0.250000 3.000000
v 1.577206 -0.216506 3.000000
v 1.666021 -0.125000 3.000000
v 1.698529 0.000000 3.000000
v 1.666021 0.125000 3.000000
v 1.577206 0.216506 3.000000
v 1.455882 0.250000 3.000000
v 1.334559 0.216506 3.000000
v 1.245744 0.125000 3.000000
v 1.213235 0.000000 3.000000
v 1.245744 -0.125000 3.000000
v 1.334559 -0.216506 3.000000
v 1.455882 -0.239306 2.836842
v 1.577206 -0.206099 2.841214
v 1.666021 -0.115376 2.853158
v 1.698529 0.008555 2.869474
v 1.666021 0.132486 2.885790
v 1.577206 0.223209 2.897734
v 1.455882 0.256416 2.902105
v 1.334559 0.223209 2.897734
v 1.245744 0.132486 2.885790
v 1.213235 0.008555 2.869474
v 1.245744 -0.115376 2.853158
v 1.334559 -0.206099 2.841214
v 1.455882 -0.207407 2.676476
v 1.577206 -0.175055 2.685145
v 1.666021 -0.086667 2.708829
v 1.698529 0.034074 2.741181
v 1.666021 0.154815 2.773533
v 1.577206 0.243203 2.797217
v 1.455882 0.275556 2.805886
v 1.334559 0.243203 2.797217
v 1.245744 0.154815 2.773533
v 1.213235 0.034074 2.741181
v 1.245744 -0.086667 2.708829
v 1.334559 -0.175055 2.685145
v 1.455882 -0.154849 2.521646
v 1.577206 -0.123905 2.534463
v 1.666021 -0.039364 2.569481
v 1.698529 0.076120 2.617317
v 1.666021 0.191605 2.665152
v 1.577206 0.276146 2.700170
v 1.455882 0.307090 2.712987
v 1.334559 0.276146 2.700170
v 1.245744 0.191605 2.665152
v 1.213235 0.076120 2.617317
v 1.245744 -0.039364 2.569481
v 1.334559 -0.123905 2.534463
v 1.455882 -0.082532 2.375000
v 1.577206 -0.053525 2.391747
v 1.666021 0.025721 2.437500
v 1.698529 0.133975 2.500000
v 1.666021 0.242228 2.562500
v 1.577206 0.321475 2.608253
v 1.455882 0.350481 2.625000
v 1.334559 0.321475 2.608253
v 1.245744 0.242228 2.562500
v 1.213235 0.133975 2.500000
v 1.245744 0.025721 2.437500
v 1.334559 -0.053525 2.391747
v 1.455882 0.008308 2.239048
v 1.577206 0.034881 2.259438
v 1.666021 0.107477 2.315144
v 1.698529 0.206647 2.391239
v 1.666021 0.305816 2.467334
v 1.577206 0.378413 2.523039
v 1.455882 0.404985 2.543429
v 1.334559 0.378413 2.523039
v 1.245744 0.305816 2.467334
v 1.213235 0.206647 2.391239
v 1.245744 0.107477 2.315144
v 1.334559 0.034881 2.259438
v 1.455882 0.116117 2.116117
v 1.577206 0.139800 2.139800
v 1.666021 0.204505 2.204505
v 1.698529 0.292893 2.292893
v 1.666021 0.381282 2.381281
v 1.577206 0.445986 2.445986
v 1.455882 0.469670 2.469670
v 1.334559 0.445986 2.445986
v 1.245744 0.381282 2.381281
v 1.213235 0.292893 2.292893
v 1.245744 0.204505 2.204505
v 1.334559 0.139800 2.139800
v 1.455882 0.239048 2.008308
v 1.577206 0.259438 2.034881
v 1.666021 0.315143 2.107478
v 1.698529 0.391238 2.206647
v 1.666021 0.467334 2.305816
v 1.577206 0.523039 2.378413
v 1.455882 0.543429 2.404985
v 1.334559 0.523039 2.378413
v 1.245744 0.467334 2.305816
v 1.213235 0.391238 2.206647
v 1.245744 0.315143 2.107478
v 1.334559 0.259438 2.034881
v 1.455882 0.375000 1.917468
v 1.577206 0.391747 1.946475
v 1.666021 0.437500 2.025721
v 1.698529 0.500000 2.133975
v 1.666021 0.562500 2.242228
v 1.577206 0.608253 2.321475
v 1.455882 0.625000 2.350481
v 1.334559 0.608253 2.321475
v 1.245744 0.562500 2.242228
v 1.213235 0.500000 2.133975
v 1.245744 0.437500 2.025721
v 1.334559 0.391747 1.946475
v 1.455882 0.521645 1.845151
v 1.577206 0.534463 1.876095
v 1.666021 0.569481 1.960636
v 1.698529 0.617316 2.076121
v 1.666021 0.665152 2.191606
v 1.577206 0.700170 2.276146
v 1.455882 0.712987 2.307090
v 1.334559 0.700170 2.276146
v 1.245744 0.665152 2.191606
v 1.213235 0.617316 2.076121
v 1.245744 0.569481 1.960636
v 1.334559 0.534463 1.876095
v 1.455882 0.676476 1.792593
v 1.577206 0.685145 1.824945
v 1.666021 0.708829 1.913333
v 1.698529 0.741181 2.034074
v 1.666021 0.773533 2.154815
v 1.577206 0.797217 2.243203
v 1.455882 0.805886 2.275556
v 1.334559 0.797217 2.243203
v 1.245744 0.773533 2.154815
v 1.213235 0.741181 2.034074
v 1.245744 0.708829 1.913333
v 1.334559 0.685145 1.824945
v 1.455882 0.836842 1.760694
v 1.577206 0.841214 1.793901
v 1.666021 0.853158 1.884624
v 1.698529 0.869474 2.008555
v 1.666021 0.885790 2.132486
v 1.577206 0.897734 2.223209
v 1.455882 0.902106 2.256416
v 1.334559 0.897734 2.223209
v 1.245744 0.885790 2.132486
v 1.213235 0.869474 2.008555
v 1.245744 0.853158 1.884624
v 1.334559 0.841214 1.793901
v 1.455882 1.000000 1.750000
v 1.577206 1.000000 1.783494
v 1.666021 1.000000 1.875000
v 1.698529 1.000000 2.000000
v 1.666021 1.000000 2.125000
v 1.577206 1.000000 2.216506
v 1.455882 1.000000 2.250000
v 1.334559 1.000000 2.216506
v 1.245744 1.000000 2.125000
v 1.213235 1.000000 2.000000
v 1.245744 1.000000 1.875000
v 1.334559 1.000000 1.783494
v 1.455882 1.163158 1.760694
v 1.577206 1.158786 1.793901
v 1.666021 1.146842 1.884625
v 1.698529 1.130526 2.008555
v 1.666021 1.114210 2.132486
v 1.577206 1.102267 2.223209
v 1.455882 1.097895 2.256416
v 1.334559 1.102267 2.223209
v 1.245744 1.114211 2.132486
v 1.213235 1.130526 2.008555
v 1.245744 1.146842 1.884625
v 1.334559 1.158786 1.793901
v 1.455882 1.323524 1.792593
v 1.577206 1.314855 1.824945
v 1.666021 1.291171 1.913333
v 1.698529 1.258819 2.034074
v 1.666021 1.226467 2.154815
v 1.577206 1.202783 2.243203
v 1.455882 1.194114 2.275556
v 1.334559 1.202783 2.243203
v 1.245744 1.226467 2.154815
v 1.213235 1.258819 2.034074
v 1.245744 1.291171 1.913333
v 1.334559 1.314855 1.824945
v 1.455882 1.478354 1.845151
v 1.577206 1.465537 1.876095
v 1.666021 1.430519 1.960636
v 1.698529 1.382684 2.076120
v 1.666021 1.334848 2.191606
v 1.577206 1.299830 2.276146
v 1.455882 1.287013 2.307090
v 1.334559 1.299830 2.276146
v 1.245744 1.334848 2.191606
v 1.213235 1.382684 2.076120
v 1.245744 1.430519 1.960636
v 1.334559 1.465537 1.876095
v 1.455882 1.625000 1.917468
v 1.577206 1.608253 1.946474
v 1.666021 1.562500 2.025721
v 1.698529 1.500000 2.133975
v 1.666021 1.437500 2.242228
v 1.577206 1.391747 2.321475
v 1.455882 1.375000 2.350481
v 1.334559 1.391747 2.321475
v 1.245744 1.437500 2.242228
v 1.213235 1.500000 2.133975
v 1.245744 1.562500 2.025721
v 1.334559 1.608253 1.946474
v 1.455882 1.760952 2.008308
v 1.577206 1.740562 2.034881
v 1.666021 1.684857 2.107478
v 1.698529 1.608761 2.206647
v 1.666021 1.532666 2.305816
v 1.577206 1.476961 2.378413
v 1.455882 1.456571 2.404985
v 1.334559 1.476961 2.378413
v 1.245744 1.532666 2.305816
v 1.213235 1.608761 2.206647
v 1.245744 1.684857 2.107478
v 1.334559 1.740562 2.034881
v 1.455882 1.883884 2.116117
v 1.577206 1.860200 2.139800
v 1.666021 1.795495 2.204505
v 1.698529 1.707107 2.292893
v 1.666021 1.618719 2.381282
v 1.577206 1.554014 2.445987
v 1.455882 1.530330 2.469670
v 1.334559 1.554014 2.445987
v 1.245744 1.618719 2.381282
v 1.213235 1.707107 2.292893
v 1.245744 1.795495 2.204505
v 1.334559 1.860200 2.139800
v 1.455882 1.991692 2.239048
v 1.577206 1.965119 2.259438
v 1.666021 1.892522 2.315143
v 1.698529 1.793353 2.391239
v 1.666021 1.694184 2.467334
v 1.577206 1.621587 2.523039
v 1.455882 1.595015 2.543429
v 1.334559 1.621587 2.523039
v 1.245744 1.694184 2.467334
v 1.213235 1.793353 2.391239
v 1.245744 1.892522 2.315143
v 1.334559 1.965119 2.259438
v 1.455882 2.082531 2.375000
v 1.577206 2.053525 2.391747
v 1.666021 1.974278 2.437500
v 1.698529 1.866025 2.500000
v 1.666021 1.757772 2.562500
v 1.577206 1.678525 2.608253
v 1.455882 1.649519 2.625000
v 1.334559 1.678525 2.608253
v 1.245744 1.757772 2.562500
v 1.213235 1.866025 2.500000
v 1.245744 1.974278 2.437500
v 1.334559 2.053525 2.391747
v 1.455882 2.154850 2.521646
v 1.577206 2.123905 2.534463
v 1.666021 2.039364 2.569481
v 1.698529 1.923880 2.617316
v 1.666021 1.808395 2.665152
v 1.577206 1.723854 2.700170
v 1.455882 1.692910 2.712987
v 1.334559 1.723854 2.700170
v 1.245744 1.808395 2.665152
v 1.213235 1.923880 2.617316
v 1.245744 2.039364 2.569481
v 1.334559 2.123905 2.534463
v 1.455882 2.207407 2.676476
v 1.577206 2.175055 2.685145
v 1.666021 2.086667 2.708829
v 1.698529 1.965926 2.741181
v 1.666021 1.845185 2.773533
v 1.577206 1.756797 2.797217
v 1.455882 1.724444 2.805886
v 1.334559 1.756797 2.797217
v 1.245744 1.845185 2.773533
v 1.213235 1.965926 2.741181
v 1.245744 2.086667 2.708829
v 1.334559 2.175055 2.685145
v 1.455882 2.239306 2.836842
v 1.577206 2.206099 2.841214
v 1.666021 2.115376 2.853158
v 1.698529 1.991445 2.869474
v 1.666021 1.867514 2.885789
v 1.577206 1.776791 2.897733
v 1.455882 1.743584 2.902105
v 1.334559 1.776791 2.897733
v 1.245744 1.867514 2.885789
v 1.213235 1.991445 2.869474
v 1.245744 2.115376 2.853158
v 1.334559 2.206099 2.841214
v 1.455882 2.250000 3.000000
v 1.577206 2.216506 3.000000
v 1.666021 2.125000 3.000000
v 1.698529 2.000000 3.000000
v 1.666021 1.875000 3.000000
v 1.577206 1.783494 3.000000
v 1.455882 1.750000 3.000000
v 1.334559 1.783494 3.000000
v 1.245744 1.875000 3.000000
v 1.213235 2.000000 3.000000
v 1.245744 2.125000 3.000000
v 1.334559 2.216506 3.000000
v 1.455882 2.239306 3.163158
v 1.577206 2.206099 3.158786
v 1.666021 2.115376 3.146842
v 1.698529 1.991445 3.130526
v 1.666021 1.867514 3.114211
v 1.577206 1.776791 3.102267
v 1.455882 1.743584 3.097895
v 1.334559 1.776791 3.102267
v 1.245744 1.867514 3.114211
v 1.213235 1.991445 3.130526
v 1.245744 2.115376 3.146842
v 1.334559 2.206099 3.158786
v 1.455882 2.207407 3.323524
v 1.577206 2.175055 3.314855
v 1.666021 2.086667 3.291171
v 1.698529 1.965926 3.258819
v 1.666021 1.845185 3.226467
v 1.577206 1.756797 3.202783
v 1.455882 1.724444 3.194114
v 1.334559 1.756797 3.202783
v 1.245744 1.845185 3.226467
v 1.213235 1.965926 3.258819
v 1.245744 2.086667 3.291171
v 1.334559 2.175055 3.314855
v 1.455882 2.154850 3.478354
v 1.577206 2.123906 3.465536
v 1.666021 2.039365 3.430518
v 1.698529 1.923880 3.382683
v 1.666021 1.808395 3.334848
v 1.577206 1.723854 3.299830
v 1.455882 1.692910 3.287012
v 1.334559 1.723854 3.299830
v 1.245744 1.808395 3.334848
v 1.213235 1.923880 3.382683
v 1.245744 2.039365 3.430518
v 1.334559 2.123906 3.465536
v 1.455882 2.082532 3.625000
v 1.577206 2.053525 3.608253
v 1.666021 1.974279 3.562500
v 1.698529 1.866025 3.500000
v 1.666021 1.757772 3.437500
v 1.577206 1.678525 3.391747
v 1.455882 1.649519 3.375000
v 1.334559 1.678525 3.391747
v 1.245744 1.757772 3.437500
v 1.213235 1.866025 3.500000
v 1.245744 1.974279 3.562500
v 1.334559 2.053525 3.608253
v 1.455882 1.991692 3.760952
v 1.577206 1.965119 3.740562
v 1.666021 1.892522 3.684857
v 1.698529 1.793353 3.608761
v 1.666021 1.694184 3.532666
v 1.577206 1.621587 3.476961
v 1.455882 1.595015 3.456571
v 1.334559 1.621587 3.476961
v 1.245744 1.694184 3.532666
v 1.213235 1.793353 3.608761
v 1.245744 1.892522 3.684857
v 1.334559 1.965119 3.740562
v 1.455882 1.883884 3.883883
v 1.577206 1.860200 3.860200
v 1.666021 1.795495 3.795495
v 1.698529 1.707107 3.707107
v 1.666021 1.618719 3.618718
v 1.577206 1.554014 3.554013
v 1.455882 1.530330 3.530330
v 1.334559 1.554014 3.554013
v 1.245744 1.618719 3.618718
v 1.213235 1.707107 3.707107
v 1.245744 1.795495 3.795495
v 1.334559 1.860200 3.860200
v 1.455882 1.760952 3.991691
v 1.577206 1.740563 3.965119
v 1.666021 1.684857 3.892522
v 1.698529 1.608762 3.793353
v 1.666021 1.532667 3.694184
v 1.577206 1.476961 3.621587
v 1.455882 1.456571 3.595015
v 1.334559 1.476961 3.621587
v 1.245744 1.532667 3.694184
v 1.213235 1.608762 3.793353
v 1.245744 1.684857 3.892522
v 1.334559 1.740563 3.965119
v 1.455882 1.625000 4.082532
v 1.577206 1.608253 4.053525
v 1.666021 1.562500 3.974279
v 1.698529 1.500000 3.866025
v 1.666021 1.437500 3.757772
v 1.577206 1.391747 3.678525
v 1.455882 1.375000 3.649519
v 1.334559 1.391747 3.678525
v 1.245744 1.437500 3.757772
v 1.213235 1.500000 3.866025
v 1.245744 1.562500 3.974279
v 1.334559 1.608253 4.053525
v 1.455882 1.478354 4.154850
v 1.577206 1.465537 4.123905
v 1.666021 1.430519 4.039364
v 1.698529 1.382684 3.923880
v 1.666021 1.334848 3.808394
v 1.577206 1.299830 3.723854
v 1.455882 1.287013 3.692910
v 1.334559 1.299830 3.723854
v 1.245744 1.334848 3.808394
v 1.213235 1.382684 3.923880
v 1.245744 1.430519 4.039364
v 1.334559 1.465537 4.123905
v 1.455882 1.323524 4.207407
v 1.577206 1.314855 4.175055
v 1.666021 1.291172 4.086667
v 1.698529 1.258819 3.965926
v 1.666021 1.226467 3.845185
v 1.577206 1.202783 3.756797
v 1.455882 1.194115 3.724444
v 1.334559 1.202783 3.756797
v 1.245744 1.226467 3.845185
v 1.213235 1.258819 3.965926
v 1.245744 1.291172 4.086667
v 1.334559 1.314855 4.175055
v 1.455882 1.163159 4.239306
v 1.577206 1.158787 4.206099
v 1.666021 1.146843 4.115376
v 1.698529 1.130527 3.991445
v 1.666021 1.114211 3.867514
v 1.577206 1.102267 3.776791
v 1.455882 1.097895 3.743584
v 1.334559 1.102267 3.776791
v 1.245744 1.114211 3.867514
v 1.213235 1.130527 3.991445
v 1.245744 1.146843 4.115376
v 1.334559 1.158787 4.206099
v 1.455882 1.000000 4.250000
v 1.577206 1.000000 4.216506
v 1.666021 1.000000 4.125000
v 1.698529 1.000000 4.000000
v 1.666021 1.000000 3.875000
v 1.577206 1.000000 3.783494
v 1.455882 1.000000 3.750000
v 1.334559 1.000000 3.783494
v 1.245744 1.000000 3.875000
v 1.213235 1.000000 4.000000
v 1.245744 1.000000 4.125000
v 1.334559 1.000000 4.216506
v 1.455882 0.836842 4.239306
v 1.577206 0.841214 4.206099
v 1.666021 0.853158 4.115376
v 1.698529 0.869474 3.991445
v 1.666021 0.885790 3.867514
v 1.577206 0.897734 3.776791
v 1.455882 0.902106 3.743584
v 1.334559 0.897734 3.776791
v 1.245744 0.885790 3.867514
v 1.213235 0.869474 3.991445
v 1.245744 0.853158 4.115376
v 1.334559 0.841214 4.206099
v 1.455882 0.676477 4.207407
v 1.577206 0.685145 4.175055
v 1.666021 0.708829 4.086667
v 1.698529 0.741181 3.965926
v 1.666021 0.773534 3.845185
v 1.577206 0.797217 3.756797
v 1.455882 0.805886 3.724444
v 1.334559 0.797217 3.756797
v 1.245744 0.773534 3.845185
v 1.213235 0.741181 3.965926
v 1.245744 0.708829 4.086667
v 1.334559 0.685145 4.175055
v 1.455882 0.521645 4.154849
v 1.577206 0.534463 4.123905
v 1.666021 0.569481 4.039364
v 1.698529 0.617316 3.923879
v 1.666021 0.665152 3.808394
v 1.577206 0.700170 3.723854
v 1.455882 0.712987 3.692910
v 1.334559 0.700170 3.723854
v 1.245744 0.665152 3.808394
v 1.213235 0.617316 3.923879
v 1.245744 0.569481 4.039364
v 1.334559 0.534463 4.123905
v 1.455882 0.375000 4.082532
v 1.577206 0.391747 4.053525
v 1.666021 0.437500 3.974279
v 1.698529 0.500000 3.866025
v 1.666021 0.562500 3.757772
v 1.577206 0.608253 3.678525
v 1.455882 0.625000 3.649519
v 1.334559 0.608253 3.678525
v 1.245744 0.562500 3.757772
v 1.213235 0.500000 3.866025
v 1.245744 0.437500 3.974279
v 1.334559 0.391747 4.053525
v 1.455882 0.239048 3.991692
v 1.577206 0.259438 3.965120
v 1.666021 0.315144 3.892523
v 1.698529 0.391239 3.793354
v 1.666021 0.467334 3.694184
v 1.577206 0.523039 3.621587
v 1.455882 0.543429 3.595015
v 1.334559 0.523039 3.621587
v 1.245744 0.467334 3.694184
v 1.213235 0.391239 3.793354
v 1.245744 0.315144 3.892523
v 1.334559 0.259438 3.965120
v 1.455882 0.116117 3.883884
v 1.577206 0.139801 3.860200
v 1.666021 0.204505 3.795496
v 1.698529 0.292894 3.707107
v 1.666021 0.381282 3.618719
v 1.577206 0.445987 3.554014
v 1.455882 0.469670 3.530330
v 1.334559 0.445987 3.554014
v 1.245744 0.381282 3.618719
v 1.213235 0.292894 3.707107
v 1.245744 0.204505 3.795496
v 1.334559 0.139801 3.860200
v 1.455882 0.008308 3.760952
v 1.577206 0.034881 3.740562
v 1.666021 0.107477 3.684856
v 1.698529 0.206647 3.608761
v 1.666021 0.305816 3.532666
v 1.577206 0.378413 3.476961
v 1.455882 0.404985 3.456571
v 1.334559 0.378413 3.476961
v 1.245744 0.305816 3.532666
v 1.213235 0.206647 3.608761
v 1.245744 0.107477 3.684856
v 1.334559 0.034881 3.740562
v 1.455882 -0.082532 3.625000
v 1.577206 -0.053525 3.608253
v 1.666021 0.025721 3.562500
v 1.698529 0.133975 3.500000
v 1.666021 0.242228 3.437500
v 1.577206 0.321475 3.391747
v 1.455882 0.350481 3.375000
v 1.334559 0.321475 3.391747
v 1.245744 0.242228 3.437500
v 1.213235 0.133975 3.500000
v 1.245744 0.025721 3.562500
v 1.334559 -0.053525 3.608253
v 1.455882 -0.154849 3.478355
v 1.577206 -0.123905 3.465537
v 1.666021 -0.039364 3.430519
v 1.698529 0.076121 3.382684
v 1.666021 0.191606 3.334848
v 1.577206 0.276146 3.299830
v 1.455882 0.307090 3.287013
v 1.334559 0.276146 3.299830
v 1.245744 0.191606 3.334848
v 1.213235 0.076121 3.382684
v 1.245744 -0.039364 3.430519
v 1.334559 -0.123905 3.465537
v 1.455882 -0.207407 3.323524
v 1.577206 -0.175055 3.314855
v 1.666021 -0.086667 3.291171
v 1.698529 0.034074 3.258819
v 1.666021 0.154815 3.226466
v 1.577206 0.243203 3.202783
v 1.455882 0.275556 3.194114
v 1.334559 0.243203 3.202783
v 1.245744 0.154815 3.226466
v 1.213235 0.034074 3.258819
v 1.245744 -0.086667 3.291171
v 1.334559 -0.175055 3.314855
v 1.455882 -0.239306 3.163158
v 1.577206 -0.206099 3.158786
v 1.666021 -0.115376 3.146842
v 1.698529 0.008555 3.130526
v 1.666021 0.132486 3.114210
v 1.577206 0.223209 3.102266
v 1.455882 0.256416 3.097895
v 1.334559 0.223209 3.102266
v 1.245744 0.132486 3.114210
v 1.213235 0.008555 3.130526
v 1.245744 -0.115376 3.146842
v 1.334559 -0.206099 3.158786
vn 0.2656 -0.9620 -0.0631
vn 0.7168 -0.6958 -0.0456
vn 0.9677 -0.2517 -0.0165
vn 0.9677 0.2517 0.0165
vn 0.7168 0.6958 0.0456
vn 0.2656 0.9620 0.0631
vn -0.2656 0.9620 0.0631
vn -0.7168 0.6958 0.0456
vn -0.9677 0.2517 0.0165
vn -0.9677 -0.2517 -0.0165
vn -0.7168 -0.6958 -0.0456
vn -0.2656 -0.9620 -0.0631
vn 0.2656 -0.9456 -0.1881
vn 0.7168 -0.6838 -0.1360
vn 0.9677 -0.2474 -0.0492
vn 0.9677 0.2474 0.0492
vn 0.7168 0.6838 0.1360
vn 0.2656 0.9456 0.1881
vn -0.2656 0.9456 0.1881
vn -0.7168 0.6838 0.1360
vn -0.9677 0.2474 0.0492
vn -0.9677 -0.2474 -0.0492
vn -0.7168 -0.6838 -0.1360
vn -0.2656 -0.9456 -0.1881
vn 0.2656 -0.9129 -0.3099
vn 0.7168 -0.6602 -0.2241
vn 0.9677 -0.2388 -0.0811
vn 0.9677 0.2388 0.0811
vn 0.7168 0.6602 0.2241
vn 0.2656 0.9129 0.3099
vn -0.2656 0.9129 0.3099
vn -0.7168 0.6602 0.2241
vn -0.9677 0.2388 0.0811
vn -0.9677 -0.2388 -0.0811
vn -0.7168 -0.6602 -0.2241
vn -0.2656 -0.9129 -0.3099
vn 0.2656 -0.8647 -0.4264
vn 0.7168 -0.6253 -0.3084
vn 0.9677 -0.2262 -0.1115
vn 0.9677 0.2262 0.1115
vn 0.7168 0.6253 0.3084
vn 0.2656 0.8647 0.4264
vn -0.2656 0.8647 0.4264
vn -0.7168 0.6253 0.3084
vn -0.9677 0.2262 0.1115
vn -0.9677 -0.2262 -0.1115
vn -0.7168 -0.6253 -0.3084
vn -0.2656 -0.8647 -0.4264
vn 0.2656 -0.8016 -0.5356
vn 0.7168 -0.5797 -0.3874
vn 0.9677 -0.2097 -0.1401
vn 0.9677 0.2097 0.1401
vn 0.7168 0.5797 0.3874
vn 0.2656 0.8016 0.5356
vn -0.2656 0.8016 0.5356
vn -0.7168 0.5797 0.3874
vn -0.9677 0.2097 0.1401
vn -0.9677 -0.2097 -0.1401
vn -0.7168 -0.5797 -0.3874
vn -0.2656 -0.8016 -0.5356
vn 0.2656 -0.7248 -0.6357
vn 0.7168 -0.5242 -0.4597
vn 0.9677 -0.1896 -0.1663
vn 0.9677 0.1896 0.1663
vn 0.7168 0.5242 0.4597
vn 0.2656 0.7248 0.6357
vn -0.2656 0.7248 0.6357
vn -0.7168 0.5242 0.4597
vn -0.9677 0.1896 0.1663
vn -0.9677 -0.1896 -0.1663
vn -0.7168 -0.5242 -0.4597
vn -0.2656 -0.7248 -0.6357
vn 0.2656 -0.6357 -0.7248
vn 0.7168 -0.4597 -0.5242
vn 0.9677 -0.1663 -0.1896
vn 0.9677 0.1663 0.1896
vn 0.7168 0.4597 0.5242
vn 0.2656 0.6357 0.7248
vn -0.2656 0.6357 0.7248
vn -0.7168 0.4597 0.5242
vn -0.9677 0.1663 0.1896
vn -0.9677 -0.1663 -0.1896
vn -0.7168 -0.4597 -0.5242
vn -0.2656 -0.6357 -0.7248
vn 0.2656 -0.5356 -0.8016
vn 0.7168 -0.3874 -0.5797
vn 0.9677 -0.1401 -0.2097
vn 0.9677 0.1401 0.2097
vn 0.7168 0.3874 0.5797
vn 0.2656 0.5356 0.8016
vn -0.2656 0.5356 0.8016
vn -0.7168 0.3874 0.5797
vn -0.9677 0.1401 0.2097
vn -0.9677 -0.1401 -0.2097
vn -0.7168 -0.3874 -0.5797
vn -0.2656 -0.5356 -0.8016
vn 0.2656 -0.4264 -0.8647
vn 0.7168 -0.3084 -0.6253
vn 0.9677 -0.1115 -0.2262
vn 0.9677 0.1115 0.2262
vn 0.7168 0.3084 0.6253
vn 0.2656 0.4264 0.8647
vn -0.2656 0.4264 0.8647
vn -0.7168 0.3084 0.6253
vn -0.9677 0.1115 0.2262
vn -0.9677 -0.1115 -0.2262
vn -0.7168 -0.3084 -0.6253
vn -0.2656 -0.4264 -0.8647
vn 0.2656 -0.3099 -0.9129
vn 0.7168 -0.2241 -0.6602
vn 0.9677 -0.0811 -0.2388
vn 0.9677 0.0811 0.2388
vn 0.7168 0.2241 0.6602
vn 0.2656 0.3099 0.9129
vn -0.2656 0.3099 0.9129
vn -0.7168 0.2241 0.6602
vn -0.9677 0.0811 0.2388
vn -0.9677 -0.0811 -0.2388
vn -0.7168 -0.2241 -0.6602
vn -0.2656 -0.3099 -0.9129
vn 0.2656 -0.1881 -0.9456
vn 0.7168 -0.1360 -0.6838
vn 0.9677 -0.0492 -0.2474
vn 0.9677 0.0492 0.2474
vn 0.7168 0.1360 0.6838
vn 0.2656 0.1881 0.9456
vn -0.2656 0.1881 0.9456
vn -0.7168 0.1360 0.6838
vn -0.9677 0.0492 0.2474
vn -0.9677 -0.0492 -0.2474
vn -0.7168 -0.1360 -0.6838
vn -0.2656 -0.1881 -0.9456
vn 0.2656 -0.0631 -0.9620
vn 0.7168 -0.0456 -0.6958
vn 0.9677 -0.0165 -0.2517
vn 0.9677 0.0165 0.2517
vn 0.7168 0.0456 0.6958
vn 0.2656 0.0631 0.9620
vn -0.2656 0.0631 0.9620
vn -0.7168 0.0456 0.6958
vn -0.9677 0.0165 0.2517
vn -0.9677 -0.0165 -0.2517
vn -0.7168 -0.0456 -0.6958
vn -0.2656 -0.0631 -0.9620
vn 0.2656 0.0631 -0.9620
vn 0.7168 0.0456 -0.6958
vn 0.9677 0.0165 -0.2517
vn 0.9677 -0.0165 0.2517
vn 0.7168 -0.0456 0.6958
vn 0.2656 -0.0631 0.9620
vn -0.2656 -0.0631 0.9620
vn -0.7168 -0.0456 0.6958
vn -0.9677 -0.0165 0.2517
vn -0.9677 0.0165 -0.2517
vn -0.7168 0.0456 -0.6958
vn -0.2656 0.0631 -0.9620
vn 0.2656 0.1881 -0.9456
vn 0.7168 0.1360 -0.6838
vn 0.9677 0.0492 -0.2474
vn 0.9677 -0.0492 0.2474
vn 0.7168 -0.1360 0.6838
vn 0.2656 -0.1881 0.9456
vn -0.2656 -0.1881 0.9456
vn -0.7168 -0.1360 0.6838
vn -0.9677 -0.0492 0.2474
vn -0.9677 0.0492 -0.2474
vn -0.7168 0.1360 -0.6838
vn -0.2656 0.1881 -0.9456
vn 0.2656 0.3099 -0.9129
vn 0.7168 0.2241 -0.6602
vn 0.9677 0.0811 -0.2388
vn 0.9677 -0.0811 0.2388
vn 0.7168 -0.2241 0.6602
vn 0.2656 -0.3099 0.9129
vn -0.2656 -0.3099 0.9129
vn -0.7168 -0.2241 0.6602
vn -0.9677 -0.0811 0.2388
vn -0.9677 0.0811 -0.2388
vn -0.7168 0.2241 -0.6602
vn -0.2656 0.3099 -0.9129
vn 0.2656 0.4264 -0.8647
vn 0.7168 0.3084 -0.6253
vn 0.9677 0.1115 -0.2262
vn 0.9677 -0.1115 0.2262
vn 0.7168 -0.3084 0.6253
vn 0.2656 -0.4264 0.8647
vn -0.2656 -0.4264 0.8647
vn -0.7168 -0.3084 0.6253
vn -0.9677 -0.1115 0.2262
vn -0.9677 0.1115 -0.2262
vn -0.7168 0.3084 -0.6253
vn -0.2656 0.4264 -0.8647
vn 0.2656 0.5356 -0.8016
vn 0.7168 0.3874 -0.5797
vn 0.9677 0.1401 -0.2097
vn 0.9677 -0.1401 0.2097
vn 0.7168 -0.3874 0.5797
vn 0.2656 -0.5356 0.8016
vn -0.2656 -0.5356 0.8016
vn -0.7168 -0.3874 0.5797
vn -0.9677 -0.1401 0.2097
vn -0.9677 0.1401 -0.2097
vn -0.7168 0.3874 -0.5797
vn -0.2656 0.5356 -0.8016
vn 0.2656 0.6357 -0.7248
vn 0.7168 0.4597 -0.5242
vn 0.9677 0.1663 -0.1896
vn 0.9677 -0.1663 0.1896
vn 0.7168 -0.4597 0.5242
vn 0.2656 -0.6357 0.7248
vn -0.2656 -0.6357 0.7248
vn -0.7168 -0.4597 0.5242
vn -0.9677 -0.1663 0.1896
vn -0.9677 0.1663 -0.1896
vn -0.7168 0.4597 -0.5242
vn -0.2656 0.6357 -0.7248
vn 0.2656 0.7248 -0.6357
vn 0.7168 0.5242 -0.4597
vn 0.9677 0.1896 -0.1663
vn 0.9677 -0.1896 0.1663
vn 0.7168 -0.5242 0.4597
vn 0.2656 -0.7248 0.6357
vn -0.2656 -0.7248 0.6357
vn -0.7168 -0.5242 0.4597
vn -0.9677 -0.1896 0.1663
vn -0.9677 0.1896 -0.1663
vn -0.7168 0.5242 -0.4597
vn -0.2656 0.7248 -0.6357
vn 0.2656 0.8016 -0.5356
vn 0.7168 0.5797 -0.3874
vn 0.9677 0.2097 -0.1401
vn 0.9677 -0.2097 0.1401
vn 0.7168 -0.5797 0.3874
vn 0.2656 -0.8016 0.5356
vn -0.2656 -0.8016 0.5356
vn -0.7168 -0.5797 0.3874
vn -0.9677 -0.2097 0.1401
vn -0.9677 0.2097 -0.1401
vn -0.7168 0.5797 -0.3874
vn -0.2656 0.8016 -0.5356
vn 0.2656 0.8647 -0.4264
vn 0.7168 0.6253 -0.3084
vn 0.9677 0.2262 -0.1115
vn 0.9677 -0.2262 0.1115
vn 0.7168 -0.6253 0.3084
vn 0.2656 -0.8647 0.4264
vn -0.2656 -0.8647 0.4264
vn -0.7168 -0.6253 0.3084
vn -0.9677 -0.2262 0.1115
vn -0.9677 0.2262 -0.1115
vn -0.7168 0.6253 -0.3084
vn -0.2656 0.8647 -0.4264
vn 0.2656 0.9129 -0.3099
vn 0.7168 0.6602 -0.2241
vn 0.9677 0.2388 -0.0811
vn 0.9677 -0.2388 0.0811
vn 0.7168 -0.6602 0.2241
vn 0.2656 -0.9129 0.3099
vn -0.2656 -0.9129 0.3099
vn -0.7168 -0.6602 0.2241
vn -0.9677 -0.2388 0.0811
vn -0.9677 0.2388 -0.0811
vn -0.7168 0.6602 -0.2241
vn -0.2656 0.9129 -0.3099
vn 0.2656 0.9456 -0.1881
vn 0.7168 0.6838 -0.1360
vn 0.9677 0.2474 -0.0492
vn 0.9677 -0.2474 0.0492
vn 0.7168 -0.6838 0.1360
vn 0.2656 -0.9456 0.1881
vn -0.2656 -0.9456 0.1881
vn -0.7168 -0.6838 0.1360
vn -0.9677 -0.2474 0.0492
vn -0.9677 0.2474 -0.0492
vn -0.7168 0.6838 -0.1360
vn -0.2656 0.9456 -0.1881
vn 0.2656 0.9620 -0.0631
vn 0.7168 0.6958 -0.0456
vn 0.9677 0.2517 -0.0165
vn 0.9677 -0.2517 0.0165
vn 0.7168 -0.6958 0.0456
vn 0.2656 -0.9620 0.0631
vn -0.2656 -0.9620 0.0631
vn -0.7168 -0.6958 0.0456
vn -0.9677 -0.2517 0.0165
vn -0.9677 0.2517 -0.0165
vn -0.7168 0.6958 -0.0456
vn -0.2656 0.9620 -0.0631
vn 0.7168 -0.0456 0.6957
vn -0.7168 -0.0456 -0.6957
vt 0.520833 0.500000
vt 0.500000 0.583333
vt 0.500000 0.500000
vt 0.520833 0.666667
vt 0.500000 0.666667
vt 0.500000 0.750000
vt 0.520833 0.750000
vt 0.500000 0.833333
vt 0.520833 0.833333
vt 0.500000 0.916667
vt 0.520833 1.000000
vt 0.500000 1.000000
vt 0.520833 0.000000
vt 0.500000 0.083333
vt 0.500000 0.000000
vt 0.520833 0.083333
vt 0.500000 0.166667
vt 0.520833 0.166667
vt 0.500000 0.250000
vt 0.520833 0.250000
vt 0.500000 0.333333
vt 0.520833 0.333333
vt 0.500000 0.416667
vt 0.520833 0.416667
vt 0.541667 0.500000
vt 0.520833 0.583333
vt 0.541667 0.583333
vt 0.541667 0.666667
vt 0.541667 0.750000
vt 0.541667 0.916667
vt 0.520833 0.916667
vt 0.541667 0.000000
vt 0.541667 0.083333
vt 0.541667 0.250000
vt 0.541667 0.333333
vt 0.541667 0.416667
vt 0.562500 0.583333
vt 0.562500 0.666667
vt 0.562500 0.833333
vt 0.541667 0.833333
vt 0.562500 0.916667
vt 0.562500 1.000000
vt 0.541667 1.000000
vt 0.562500 0.000000
vt 0.562500 0.083333
vt 0.541667 0.166667
vt 0.562500 0.250000
vt 0.562500 0.333333
vt 0.562500 0.416667
vt 0.562500 0.500000
vt 0.583333 0.583333
vt 0.583333 0.666667
vt 0.583333 0.750000
vt 0.562500 0.750000
vt 0.583333 0.916667
vt 0.583333 0.000000
vt 0.583333 0.083333
vt 0.562500 0.166667
vt 0.583333 0.250000
vt 0.583333 0.333333
vt 0.583333 0.416667
vt 0.604167 0.500000
vt 0.583333 0.500000
vt 0.604167 0.666667
vt 0.604167 0.750000
vt 0.583333 0.833333
vt 0.604167 0.916667
vt 0.583333 1.000000
vt 0.604167 0.000000
vt 0.604167 0.083333
vt 0.583333 0.166667
vt 0.604167 0.166667
vt 0.604167 0.250000
vt 0.604167 0.333333
vt 0.625000 0.500000
vt 0.604167 0.583333
vt 0.625000 0.583333
vt 0.625000 0.666667
vt 0.625000 0.750000
vt 0.604167 0.833333
vt 0.625000 0.833333
vt 0.625000 0.916667
vt 0.604167 1.000000
vt 0.625000 0.083333
vt 0.625000 0.166667
vt 0.625000 0.250000
vt 0.625000 0.416667
vt 0.604167 0.416667
vt 0.645833 0.500000
vt 0.645833 0.666667
vt 0.645833 0.750000
vt 0.645833 0.916667
vt 0.625000 1.000000
vt 0.645833 0.000000
vt 0.625000 0.000000
vt 0.645833 0.083333
vt 0.645833 0.250000
vt 0.645833 0.333333
vt 0.625000 0.333333
vt 0.645833 0.416667
vt 0.666667 0.500000
vt 0.645833 0.583333
vt 0.666667 0.666667
vt 0.666667 0.750000
vt 0.645833 0.833333
vt 0.666667 0.916667
vt 0.645833 1.000000
vt 0.666667 0.000000
vt 0.666667 0.083333
vt 0.645833 0.166667
vt 0.666667 0.166667
vt 0.666667 0.250000
vt 0.666667 0.333333
vt 0.666667 0.416667
vt 0.687500 0.583333
vt 0.666667 0.583333
vt 0.687500 0.666667
vt 0.687500 0.750000
vt 0.666667 0.833333
vt 0.687500 0.833333
vt 0.687500 0.916667
vt 0.666667 1.000000
vt 0.687500 0.000000
vt 0.687500 0.083333
vt 0.687500 0.250000
vt 0.687500 0.333333
vt 0.687500 0.416667
vt 0.708333 0.500000
vt 0.687500 0.500000
vt 0.708333 0.583333
vt 0.708333 0.666667
vt 0.708333 0.750000
vt 0.708333 0.916667
vt 0.687500 1.000000
vt 0.708333 0.000000
vt 0.708333 0.083333
vt 0.687500 0.166667
vt 0.708333 0.166667
vt 0.708333 0.250000
vt 0.708333 0.333333
vt 0.708333 0.416667
vt 0.729167 0.500000
vt 0.729167 0.583333
vt 0.729167 0.750000
vt 0.708333 0.833333
vt 0.729167 0.833333
vt 0.729167 0.916667
vt 0.708333 1.000000
vt 0.729167 0.083333
vt 0.729167 0.250000
vt 0.729167 0.333333
vt 0.729167 0.416667
vt 0.750000 0.500000
vt 0.750000 0.583333
vt 0.729167 0.666667
vt 0.750000 0.666667
vt 0.750000 0.833333
vt 0.750000 0.916667
vt 0.729167 1.000000
vt 0.750000 0.000000
vt 0.729167 0.000000
vt 0.750000 0.083333
vt 0.729167 0.166667
vt 0.750000 0.166667
vt 0.750000 0.250000
vt 0.750000 0.333333
vt 0.770833 0.500000
vt 0.770833 0.583333
vt 0.770833 0.666667
vt 0.750000 0.750000
vt 0.770833 0.750000
vt 0.770833 0.833333
vt 0.770833 0.916667
vt 0.750000 1.000000
vt 0.770833 0.083333
vt 0.770833 0.250000
vt 0.770833 0.333333
vt 0.770833 0.416667
vt 0.750000 0.416667
vt 0.791667 0.500000
vt 0.791667 0.666667
vt 0.791667 0.750000
vt 0.791667 0.833333
vt 0.791667 0.916667
vt 0.770833 1.000000
vt 0.791667 0.000000
vt 0.770833 0.000000
vt 0.791667 0.083333
vt 0.770833 0.166667
vt 0.791667 0.166667
vt 0.791667 0.250000
vt 0.791667 0.333333
vt 0.791667 0.416667
vt 0.812500 0.500000
vt 0.791667 0.583333
vt 0.812500 0.583333
vt 0.812500 0.666667
vt 0.812500 0.833333
vt 0.812500 0.916667
vt 0.791667 1.000000
vt 0.812500 0.000000
vt 0.812500 0.083333
vt 0.812500 0.250000
vt 0.812500 0.416667
vt 0.833333 0.500000
vt 0.833333 0.666667
vt 0.812500 0.750000
vt 0.833333 0.750000
vt 0.833333 0.833333
vt 0.833333 0.916667
vt 0.812500 1.000000
vt 0.833333 0.000000
vt 0.833333 0.083333
vt 0.812500 0.166667
vt 0.833333 0.166667
vt 0.833333 0.250000
vt 0.812500 0.333333
vt 0.833333 0.333333
vt 0.833333 0.416667
vt 0.854167 0.500000
vt 0.833333 0.583333
vt 0.854167 0.583333
vt 0.854167 0.666667
vt 0.854167 0.750000
vt 0.854167 0.833333
vt 0.854167 1.000000
vt 0.833333 1.000000
vt 0.854167 0.000000
vt 0.854167 0.166667
vt 0.854167 0.250000
vt 0.854167 0.333333
vt 0.854167 0.416667
vt 0.875000 0.500000
vt 0.875000 0.583333
vt 0.875000 0.750000
vt 0.875000 0.833333
vt 0.854167 0.916667
vt 0.875000 0.916667
vt 0.875000 0.000000
vt 0.854167 0.083333
vt 0.875000 0.166667
vt 0.875000 0.250000
vt 0.875000 0.333333
vt 0.875000 0.416667
vt 0.895833 0.500000
vt 0.895833 0.583333
vt 0.875000 0.666667
vt 0.895833 0.666667
vt 0.895833 0.833333
vt 0.895833 0.916667
vt 0.875000 1.000000
vt 0.895833 0.000000
vt 0.875000 0.083333
vt 0.895833 0.166667
vt 0.895833 0.250000
vt 0.895833 0.416667
vt 0.916667 0.583333
vt 0.916667 0.750000
vt 0.895833 0.750000
vt 0.916667 0.833333
vt 0.916667 0.916667
vt 0.895833 1.000000
vt 0.916667 0.000000
vt 0.895833 0.083333
vt 0.916667 0.083333
vt 0.916667 0.250000
vt 0.895833 0.333333
vt 0.916667 0.333333
vt 0.916667 0.416667
vt 0.937500 0.500000
vt 0.916667 0.500000
vt 0.937500 0.583333
vt 0.916667 0.666667
vt 0.937500 0.666667
vt 0.937500 0.833333
vt 0.937500 0.916667
vt 0.916667 1.000000
vt 0.937500 0.083333
vt 0.916667 0.166667
vt 0.937500 0.166667
vt 0.937500 0.250000
vt 0.937500 0.416667
vt 0.958333 0.583333
vt 0.958333 0.666667
vt 0.937500 0.750000
vt 0.958333 0.833333
vt 0.958333 0.916667
vt 0.937500 1.000000
vt 0.958333 0.000000
vt 0.937500 0.000000
vt 0.958333 0.083333
vt 0.958333 0.166667
vt 0.958333 0.333333
vt 0.937500 0.333333
vt 0.958333 0.416667
vt 0.979167 0.500000
vt 0.958333 0.500000
vt 0.979167 0.583333
vt 0.979167 0.666667
vt 0.958333 0.750000
vt 0.979167 0.750000
vt 0.979167 0.833333
vt 0.979167 0.916667
vt 0.958333 1.000000
vt 0.979167 0.000000
vt 0.979167 0.166667
vt 0.979167 0.250000
vt 0.958333 0.250000
vt 0.979167 0.333333
vt 0.979167 0.416667
vt 1.000000 0.583333
vt 1.000000 0.666667
vt 1.000000 0.750000
vt 1.000000 0.833333
vt 1.000000 0.916667
vt 0.979167 1.000000
vt 1.000000 0.000000
vt 0.979167 0.083333
vt 1.000000 0.166667
vt 1.000000 0.250000
vt 1.000000 0.333333
vt 1.000000 0.416667
vt 0.020833 0.500000
vt 0.000000 0.583333
vt 0.000000 0.500000
vt 0.020833 0.583333
vt 0.000000 0.666667
vt 0.020833 0.666667
vt 0.000000 0.750000
vt 0.020833 0.750000
vt 0.000000 0.833333
vt 0.020833 0.833333
vt 0.000000 0.916667
vt 0.020833 0.916667
vt 0.000000 1.000000
vt 0.000000 0.000000
vt 0.020833 0.083333
vt 0.000000 0.083333
vt 0.000000 0.166667
vt 0.020833 0.250000
vt 0.000000 0.250000
vt 0.020833 0.333333
vt 0.000000 0.333333
vt 0.020833 0.416667
vt 0.000000 0.416667
vt 0.041667 0.583333
vt 0.041667 0.666667
vt 0.041667 0.750000
vt 0.041667 0.833333
vt 0.041667 0.916667
vt 0.020833 1.000000
vt 0.041667 0.000000
vt 0.020833 0.000000
vt 0.041667 0.083333
vt 0.020833 0.166667
vt 0.041667 0.166667
vt 0.041667 0.250000
vt 0.041667 0.333333
vt 0.041667 0.500000
vt 0.062500 0.500000
vt 0.062500 0.583333
vt 0.062500 0.750000
vt 0.062500 0.833333
vt 0.062500 0.916667
vt 0.041667 1.000000
vt 0.062500 0.000000
vt 0.062500 0.166667
vt 0.062500 0.250000
vt 0.062500 0.416667
vt 0.041667 0.416667
vt 0.083333 0.500000
vt 0.083333 0.583333
vt 0.062500 0.666667
vt 0.083333 0.666667
vt 0.083333 0.750000
vt 0.083333 0.833333
vt 0.083333 1.000000
vt 0.062500 1.000000
vt 0.083333 0.000000
vt 0.062500 0.083333
vt 0.083333 0.083333
vt 0.083333 0.166667
vt 0.083333 0.333333
vt 0.062500 0.333333
vt 0.083333 0.416667
vt 0.104167 0.500000
vt 0.104167 0.583333
vt 0.104167 0.666667
vt 0.104167 0.833333
vt 0.083333 0.916667
vt 0.104167 0.916667
vt 0.104167 0.000000
vt 0.104167 0.166667
vt 0.083333 0.250000
vt 0.104167 0.250000
vt 0.104167 0.416667
vt 0.125000 0.500000
vt 0.125000 0.666667
vt 0.104167 0.750000
vt 0.125000 0.750000
vt 0.125000 0.833333
vt 0.125000 0.916667
vt 0.104167 1.000000
vt 0.125000 0.000000
vt 0.104167 0.083333
vt 0.125000 0.083333
vt 0.125000 0.250000
vt 0.104167 0.333333
vt 0.125000 0.333333
vt 0.125000 0.416667
vt 0.145833 0.583333
vt 0.125000 0.583333
vt 0.145833 0.666667
vt 0.145833 0.833333
vt 0.145833 0.916667
vt 0.125000 1.000000
vt 0.145833 0.000000
vt 0.145833 0.083333
vt 0.125000 0.166667
vt 0.145833 0.166667
vt 0.145833 0.250000
vt 0.145833 0.333333
vt 0.145833 0.416667
vt 0.145833 0.500000
vt 0.166667 0.583333
vt 0.166667 0.666667
vt 0.145833 0.750000
vt 0.166667 0.750000
vt 0.166667 0.916667
vt 0.145833 1.000000
vt 0.166667 0.000000
vt 0.166667 0.083333
vt 0.166667 0.166667
vt 0.166667 0.333333
vt 0.166667 0.416667
vt 0.187500 0.500000
vt 0.166667 0.500000
vt 0.187500 0.583333
vt 0.187500 0.666667
vt 0.187500 0.750000
vt 0.166667 0.833333
vt 0.187500 0.833333
vt 0.187500 0.916667
vt 0.166667 1.000000
vt 0.187500 0.000000
vt 0.187500 0.083333
vt 0.187500 0.250000
vt 0.166667 0.250000
vt 0.187500 0.416667
vt 0.208333 0.500000
vt 0.208333 0.583333
vt 0.208333 0.666667
vt 0.208333 0.750000
vt 0.208333 0.916667
vt 0.187500 1.000000
vt 0.208333 0.000000
vt 0.208333 0.083333
vt 0.187500 0.166667
vt 0.208333 0.166667
vt 0.208333 0.250000
vt 0.187500 0.333333
vt 0.208333 0.416667
vt 0.229167 0.500000
vt 0.229167 0.666667
vt 0.229167 0.750000
vt 0.208333 0.833333
vt 0.229167 0.916667
vt 0.208333 1.000000
vt 0.229167 0.000000
vt 0.229167 0.083333
vt 0.229167 0.250000
vt 0.208333 0.333333
vt 0.229167 0.333333
vt 0.229167 0.416667
vt 0.250000 0.500000
vt 0.229167 0.583333
vt 0.250000 0.583333
vt 0.250000 0.750000
vt 0.250000 0.833333
vt 0.229167 0.833333
vt 0.250000 1.000000
vt 0.229167 1.000000
vt 0.250000 0.000000
vt 0.250000 0.083333
vt 0.229167 0.166667
vt 0.250000 0.166667
vt 0.250000 0.250000
vt 0.250000 0.333333
vt 0.250000 0.416667
vt 0.270833 0.583333
vt 0.250000 0.666667
vt 0.270833 0.666667
vt 0.270833 0.750000
vt 0.270833 0.833333
vt 0.250000 0.916667
vt 0.270833 0.916667
vt 0.270833 0.000000
vt 0.270833 0.166667
vt 0.270833 0.250000
vt 0.270833 0.333333
vt 0.270833 0.416667
vt 0.291667 0.500000
vt 0.270833 0.500000
vt 0.291667 0.583333
vt 0.291667 0.666667
vt 0.291667 0.750000
vt 0.291667 0.833333
vt 0.291667 1.000000
vt 0.270833 1.000000
vt 0.291667 0.000000
vt 0.270833 0.083333
vt 0.291667 0.083333
vt 0.291667 0.250000
vt 0.291667 0.333333
vt 0.291667 0.416667
vt 0.312500 0.500000
vt 0.312500 0.583333
vt 0.312500 0.666667
vt 0.312500 0.750000
vt 0.312500 0.833333
vt 0.291667 0.916667
vt 0.312500 0.916667
vt 0.312500 0.000000
vt 0.312500 0.083333
vt 0.291667 0.166667
vt 0.312500 0.166667
vt 0.312500 0.333333
vt 0.312500 0.416667
vt 0.333333 0.500000
vt 0.333333 0.583333
vt 0.333333 0.750000
vt 0.333333 0.833333
vt 0.333333 0.916667
vt 0.312500 1.000000
vt 0.333333 0.000000
vt 0.333333 0.083333
vt 0.333333 0.166667
vt 0.312500 0.250000
vt 0.333333 0.250000
vt 0.333333 0.333333
vt 0.354167 0.583333
vt 0.333333 0.666667
vt 0.354167 0.666667
vt 0.354167 0.750000
vt 0.354167 0.833333
vt 0.354167 0.916667
vt 0.333333 1.000000
vt 0.354167 0.000000
vt 0.354167 0.083333
vt 0.354167 0.166667
vt 0.354167 0.250000
vt 0.354167 0.416667
vt 0.333333 0.416667
vt 0.354167 0.500000
vt 0.375000 0.583333
vt 0.375000 0.750000
vt 0.375000 0.833333
vt 0.375000 0.916667
vt 0.354167 1.000000
vt 0.375000 0.000000
vt 0.375000 0.083333
vt 0.375000 0.166667
vt 0.375000 0.250000
vt 0.354167 0.333333
vt 0.375000 0.416667
vt 0.375000 0.500000
vt 0.395833 0.583333
vt 0.375000 0.666667
vt 0.395833 0.750000
vt 0.395833 0.833333
vt 0.395833 0.916667
vt 0.375000 1.000000
vt 0.395833 0.000000
vt 0.395833 0.166667
vt 0.395833 0.250000
vt 0.375000 0.333333
vt 0.395833 0.333333
vt 0.395833 0.416667
vt 0.416667 0.500000
vt 0.395833 0.500000
vt 0.416667 0.583333
vt 0.395833 0.666667
vt 0.416667 0.666667
vt 0.416667 0.750000
vt 0.416667 0.833333
vt 0.416667 0.916667
vt 0.395833 1.000000
vt 0.416667 0.000000
vt 0.395833 0.083333
vt 0.416667 0.166667
vt 0.416667 0.250000
vt 0.416667 0.416667
vt 0.437500 0.500000
vt 0.437500 0.583333
vt 0.437500 0.750000
vt 0.437500 0.833333
vt 0.437500 0.916667
vt 0.416667 1.000000
vt 0.437500 0.000000
vt 0.416667 0.083333
vt 0.437500 0.083333
vt 0.437500 0.166667
vt 0.437500 0.250000
vt 0.416667 0.333333
vt 0.437500 0.333333
vt 0.437500 0.416667
vt 0.458333 0.500000
vt 0.458333 0.583333
vt 0.437500 0.666667
vt 0.458333 0.666667
vt 0.458333 0.750000
vt 0.458333 0.833333
vt 0.458333 0.916667
vt 0.437500 1.000000
vt 0.458333 0.000000
vt 0.458333 0.166667
vt 0.458333 0.250000
vt 0.458333 0.333333
vt 0.458333 0.416667
vt 0.479167 0.583333
vt 0.479167 0.666667
vt 0.479167 0.750000
vt 0.479167 0.833333
vt 0.479167 1.000000
vt 0.458333 1.000000
vt 0.479167 0.000000
vt 0.458333 0.083333
vt 0.479167 0.083333
vt 0.479167 0.250000
vt 0.479167 0.333333
vt 0.479167 0.416667
vt 0.479167 0.500000
vt 0.479167 0.916667
vt 0.479167 0.166667
vt 1.000000 0.500000
vt 1.000000 1.000000
vt 1.000000 0.083333
s 0
f 662/759/306 651/760/306 650/761/306
f 651/760/307 664/762/307 652/763/307
f 664/762/308 653/764/308 652/763/308
f 665/765/309 654/766/309 653/764/309
f 666/767/310 655/768/310 654/766/310
f 655/768/311 668/769/311 656/770/311
f 668/771/312 657/772/312 656/773/312
f 669/774/313 658/775/313 657/772/313
f 670/776/314 659/777/314 658/775/314
f 671/778/315 660/779/315 659/777/315
f 672/780/316 661/781/316 660/779/316
f 673/782/317 650/761/317 661/781/317
f 674/783/318 663/784/318 662/759/318
f 675/785/319 664/762/319 663/784/319
f 676/786/320 665/765/320 664/762/320
f 677/787/321 666/767/321 665/765/321
f 666/767/322 679/788/322 667/789/322
f 679/788/323 668/769/323 667/789/323
f 680/790/324 669/774/324 668/771/324
f 681/791/325 670/776/325 669/774/325
f 670/776/326 683/792/326 671/778/326
f 671/778/327 684/793/327 672/780/327
f 672/780/328 685/794/328 673/782/328
f 685/794/329 662/759/329 673/782/329
f 674/783/330 687/795/330 675/785/330
f 687/795/331 676/786/331 675/785/331
f 688/796/332 677/787/332 676/786/332
f 677/787/333 690/797/333 678/798/333
f 678/798/334 691/799/334 679/788/334
f 679/788/335 692/800/335 680/801/335
f 692/802/336 681/791/336 680/790/336
f 693/803/337 682/804/337 681/791/337
f 682/804/338 695/805/338 683/792/338
f 683/792/339 696/806/339 684/793/339
f 684/793/340 697/807/340 685/794/340
f 697/807/341 674/783/341 685/794/341
f 686/808/342 699/809/342 687/795/342
f 687/795/343 700/810/343 688/796/343
f 688/796/344 701/811/344 689/812/344
f 701/811/345 690/797/345 689/812/345
f 690/797/346 703/813/346 691/799/346
f 703/813/347 692/800/347 691/799/347
f 704/814/348 693/803/348 692/802/348
f 705/815/349 694/816/349 693/803/349
f 694/816/350 707/817/350 695/805/350
f 707/817/351 696/806/351 695/805/351
f 708/818/352 697/807/352 696/806/352
f 709/819/353 686/808/353 697/807/353
f 710/820/354 699/809/354 698/821/354
f 699/809/355 712/822/355 700/810/355
f 712/822/356 701/811/356 700/810/356
f 713/823/357 702/824/357 701/811/357
f 702/824/358 715/825/358 703/813/358
f 715/825/359 704/826/359 703/813/359
f 716/827/360 705/815/360 704/814/360
f 717/828/361 706/829/361 705/815/361
f 718/830/362 707/817/362 706/829/362
f 719/831/363 708/818/363 707/817/363
f 720/832/364 709/819/364 708/818/364
f 709/819/365 710/820/365 698/821/365
f 722/833/366 711/834/366 710/820/366
f 723/835/367 712/822/367 711/834/367
f 724/836/368 713/823/368 712/822/368
f 725/837/369 714/838/369 713/823/369
f 726/839/370 715/825/370 714/838/370
f 727/840/371 716/841/371 715/825/371
f 716/827/372 729/842/372 717/828/372
f 729/842/373 718/830/373 717/828/373
f 730/843/374 719/831/374 718/830/374
f 731/844/375 720/832/375 719/831/375
f 720/832/376 733/845/376 721/846/376
f 733/845/377 710/820/377 721/846/377
f 734/847/378 723/835/378 722/833/378
f 723/835/379 736/848/379 724/836/379
f 736/848/380 725/837/380 724/836/380
f 737/849/381 726/839/381 725/837/381
f 726/839/382 739/850/382 727/840/382
f 739/850/383 728/851/383 727/840/383
f 740/852/384 729/842/384 728/853/384
f 741/854/385 730/843/385 729/842/385
f 730/843/386 743/855/386 731/844/386
f 731/844/387 744/856/387 732/857/387
f 744/856/388 733/845/388 732/857/388
f 745/858/389 722/833/389 733/845/389
f 746/859/390 735/860/390 734/847/390
f 735/860/391 748/861/391 736/848/391
f 736/848/392 749/862/392 737/849/392
f 749/862/393 738/863/393 737/849/393
f 738/863/394 751/864/394 739/850/394
f 751/864/395 740/865/395 739/850/395
f 752/866/396 741/854/396 740/852/396
f 753/867/397 742/868/397 741/854/397
f 754/869/398 743/855/398 742/868/398
f 755/870/399 744/856/399 743/855/399
f 756/871/400 745/858/400 744/856/400
f 757/872/401 734/847/401 745/858/401
f 746/859/402 759/873/402 747/874/402
f 759/873/403 748/861/403 747/874/403
f 760/875/404 749/862/404 748/861/404
f 761/876/405 750/877/405 749/862/405
f 762/878/406 751/864/406 750/877/406
f 763/879/407 752/880/407 751/864/407
f 764/881/408 753/867/408 752/866/408
f 765/882/409 754/869/409 753/867/409
f 754/869/410 767/883/410 755/870/410
f 755/870/411 768/884/411 756/871/411
f 768/884/412 757/872/412 756/871/412
f 769/885/413 746/859/413 757/872/413
f 770/886/414 759/873/414 758/887/414
f 771/888/415 760/875/415 759/873/415
f 772/889/416 761/876/416 760/875/416
f 773/890/417 762/878/417 761/876/417
f 762/878/418 775/891/418 763/879/418
f 775/891/419 764/892/419 763/879/419
f 776/893/420 765/882/420 764/881/420
f 777/894/421 766/895/421 765/882/421
f 778/896/422 767/883/422 766/895/422
f 779/897/423 768/884/423 767/883/423
f 780/898/424 769/885/424 768/884/424
f 781/899/425 758/887/425 769/885/425
f 782/900/426 771/888/426 770/886/426
f 783/901/427 772/889/427 771/888/427
f 772/889/428 785/902/428 773/890/428
f 785/902/429 774/903/429 773/890/429
f 786/904/430 775/891/430 774/903/430
f 787/905/431 776/906/431 775/891/431
f 776/893/432 789/907/432 777/894/432
f 789/907/433 778/896/433 777/894/433
f 778/896/434 791/908/434 779/897/434
f 791/908/435 780/898/435 779/897/435
f 792/909/436 781/899/436 780/898/436
f 793/910/437 770/886/437 781/899/437
f 794/911/438 783/901/438 782/900/438
f 795/912/439 784/913/439 783/901/439
f 796/914/440 785/902/440 784/913/440
f 785/902/441 798/915/441 786/904/441
f 786/904/442 799/916/442 787/905/442
f 799/916/443 788/917/443 787/905/443
f 800/918/444 789/907/444 788/919/444
f 801/920/445 790/921/445 789/907/445
f 802/922/446 791/908/446 790/921/446
f 803/923/447 792/909/447 791/908/447
f 804/924/448 793/910/448 792/909/448
f 793/910/449 794/911/449 782/900/449
f 806/925/450 795/912/450 794/911/450
f 807/926/451 796/914/451 795/912/451
f 808/927/452 797/928/452 796/914/452
f 809/929/453 798/915/453 797/928/453
f 810/930/454 799/916/454 798/915/454
f 811/931/455 800/932/455 799/916/455
f 800/918/456 813/933/456 801/920/456
f 813/933/457 802/922/457 801/920/457
f 802/922/458 815/934/458 803/923/458
f 803/923/459 816/935/459 804/924/459
f 804/924/460 817/936/460 805/937/460
f 805/937/461 806/925/461 794/911/461
f 818/938/462 807/926/462 806/925/462
f 807/926/463 820/939/463 808/927/463
f 808/927/464 821/940/464 809/929/464
f 821/940/465 810/930/465 809/929/465
f 822/941/466 811/931/466 810/930/466
f 823/942/467 812/943/467 811/931/467
f 824/944/468 813/933/468 812/945/468
f 825/946/469 814/947/469 813/933/469
f 826/948/470 815/934/470 814/947/470
f 827/949/471 816/935/471 815/934/471
f 828/950/472 817/936/472 816/935/472
f 829/951/473 806/925/473 817/936/473
f 830/952/474 819/953/474 818/938/474
f 831/954/475 820/939/475 819/953/475
f 832/955/476 821/940/476 820/939/476
f 821/940/477 834/956/477 822/941/477
f 834/956/478 823/942/478 822/941/478
f 835/957/479 824/958/479 823/942/479
f 836/959/480 825/946/480 824/944/480
f 837/960/481 826/948/481 825/946/481
f 826/948/482 839/961/482 827/949/482
f 839/961/483 828/950/483 827/949/483
f 828/950/484 841/962/484 829/951/484
f 841/962/485 818/938/485 829/951/485
f 842/963/486 831/954/486 830/952/486
f 831/954/487 844/964/487 832/955/487
f 844/964/488 833/965/488 832/955/488
f 845/966/489 834/956/489 833/965/489
f 846/967/490 835/957/490 834/956/490
f 847/968/491 836/969/491 835/957/491
f 848/970/492 837/960/492 836/959/492
f 849/971/493 838/972/493 837/960/493
f 850/973/494 839/961/494 838/972/494
f 851/974/495 840/975/495 839/961/495
f 852/976/496 841/962/496 840/975/496
f 853/977/497 830/952/497 841/962/497
f 854/978/498 843/979/498 842/963/498
f 855/980/499 844/964/499 843/979/499
f 856/981/500 845/966/500 844/964/500
f 857/982/501 846/967/501 845/966/501
f 858/983/502 847/968/502 846/967/502
f 847/968/503 860/984/503 848/985/503
f 860/986/504 849/971/504 848/970/504
f 849/971/505 862/987/505 850/973/505
f 850/973/506 863/988/506 851/974/506
f 851/974/507 864/989/507 852/976/507
f 852/976/508 865/990/508 853/977/508
f 865/990/509 842/963/509 853/977/509
f 866/991/510 855/980/510 854/978/510
f 867/992/511 856/981/511 855/980/511
f 856/981/512 869/993/512 857/982/512
f 869/993/513 858/983/513 857/982/513
f 870/994/514 859/995/514 858/983/514
f 871/996/515 860/984/515 859/995/515
f 872/997/516 861/998/516 860/986/516
f 861/998/517 874/999/517 862/987/517
f 874/999/518 863/988/518 862/987/518
f 875/1000/519 864/989/519 863/988/519
f 876/1001/520 865/990/520 864/989/520
f 877/1002/521 854/978/521 865/990/521
f 878/1003/522 867/992/522 866/991/522
f 879/1004/523 868/1005/523 867/992/523
f 880/1006/524 869/993/524 868/1005/524
f 869/993/525 882/1007/525 870/994/525
f 882/1007/526 871/996/526 870/994/526
f 883/1008/527 872/1009/527 871/996/527
f 884/1010/528 873/1011/528 872/997/528
f 873/1011/529 886/1012/529 874/999/529
f 886/1012/530 875/1000/530 874/999/530
f 887/1013/531 876/1001/531 875/1000/531
f 876/1001/532 889/1014/532 877/1002/532
f 889/1014/533 866/991/533 877/1002/533
f 878/1003/534 891/1015/534 879/1004/534
f 891/1015/535 880/1006/535 879/1004/535
f 880/1006/536 893/1016/536 881/1017/536
f 893/1016/537 882/1007/537 881/1017/537
f 894/1018/538 883/1008/538 882/1007/538
f 895/1019/539 884/1020/539 883/1008/539
f 896/1021/540 885/1022/540 884/1010/540
f 897/1023/541 886/1012/541 885/1022/541
f 886/1012/542 899/1024/542 887/1013/542
f 899/1024/543 888/1025/543 887/1013/543
f 900/1026/544 889/1014/544 888/1025/544
f 901/1027/545 878/1003/545 889/1014/545
f 902/1028/546 891/1015/546 890/1029/546
f 903/1030/547 892/1031/547 891/1015/547
f 904/1032/548 893/1016/548 892/1031/548
f 893/1016/549 906/1033/549 894/1018/549
f 906/1033/550 895/1019/550 894/1018/550
f 907/1034/551 896/1035/551 895/1019/551
f 896/1021/552 909/1036/552 897/1023/552
f 909/1036/553 898/1037/553 897/1023/553
f 910/1038/554 899/1024/554 898/1037/554
f 911/1039/555 900/1026/555 899/1024/555
f 900/1026/556 913/1040/556 901/1027/556
f 913/1040/557 890/1029/557 901/1027/557
f 902/1028/558 915/1041/558 903/1030/558
f 915/1041/559 904/1032/559 903/1030/559
f 916/1042/560 905/1043/560 904/1032/560
f 905/1043/561 918/1044/561 906/1033/561
f 918/1044/562 907/1034/562 906/1033/562
f 919/1045/563 908/1046/563 907/1034/563
f 920/1047/564 909/1036/564 908/1048/564
f 921/1049/565 910/1038/565 909/1036/565
f 922/1050/566 911/1039/566 910/1038/566
f 911/1039/567 924/1051/567 912/1052/567
f 924/1051/568 913/1040/568 912/1052/568
f 925/1053/569 902/1028/569 913/1040/569
f 926/1054/570 915/1041/570 914/1055/570
f 927/1056/571 916/1042/571 915/1041/571
f 928/1057/572 917/1058/572 916/1042/572
f 929/1059/573 918/1044/573 917/1058/573
f 930/1060/574 919/1045/574 918/1044/574
f 931/1061/575 920/1062/575 919/1045/575
f 932/1063/576 921/1049/576 920/1047/576
f 921/1049/577 934/1064/577 922/1050/577
f 922/1050/578 935/1065/578 923/1066/578
f 923/1066/579 936/1067/579 924/1051/579
f 924/1051/580 937/1068/580 925/1053/580
f 925/1053/581 926/1054/581 914/1055/581
f 926/1054/582 939/1069/582 927/1056/582
f 939/1069/583 928/1057/583 927/1056/583
f 940/1070/584 929/1059/584 928/1057/584
f 941/1071/585 930/1060/585 929/1059/585
f 942/1072/586 931/1061/586 930/1060/586
f 943/1073/587 932/1074/587 931/1061/587
f 944/1075/588 933/1076/588 932/1063/588
f 933/1076/589 946/1077/589 934/1064/589
f 946/1077/590 935/1065/590 934/1064/590
f 947/1078/591 936/1067/591 935/1065/591
f 948/1079/592 937/1068/592 936/1067/592
f 949/1080/593 926/1054/593 937/1068/593
f 950/1081/311 939/1082/311 938/1083/311
f 951/1084/310 940/1085/310 939/1082/310
f 952/1086/309 941/1087/309 940/1085/309
f 953/1088/308 942/1089/308 941/1087/308
f 954/1090/307 943/1091/307 942/1089/307
f 955/1092/306 944/1093/306 943/1091/306
f 944/1094/317 957/1095/317 945/1096/317
f 957/1095/316 946/1097/316 945/1096/316
f 946/1097/315 959/1098/315 947/1099/315
f 947/1099/314 960/1100/314 948/1101/314
f 948/1101/313 961/1102/313 949/1103/313
f 949/1103/312 950/1081/312 938/1083/312
f 950/1081/323 963/1104/323 951/1084/323
f 951/1084/322 964/1105/322 952/1086/322
f 952/1086/321 965/1106/321 953/1088/321
f 953/1088/320 966/1107/320 954/1090/320
f 954/1090/319 967/1108/319 955/1092/319
f 967/1108/318 956/1109/318 955/1092/318
f 968/1110/329 957/1095/329 956/1111/329
f 969/1112/328 958/1113/328 957/1095/328
f 970/1114/327 959/1098/327 958/1113/327
f 971/1115/326 960/1100/326 959/1098/326
f 972/1116/325 961/1102/325 960/1100/325
f 961/1102/324 962/1117/324 950/1081/324
f 974/1118/335 963/1104/335 962/1117/335
f 975/1119/334 964/1105/334 963/1104/334
f 964/1105/333 977/1120/333 965/1106/333
f 977/1120/332 966/1107/332 965/1106/332
f 978/1121/331 967/1108/331 966/1107/331
f 979/1122/330 968/1123/330 967/1108/330
f 980/1124/341 969/1112/341 968/1110/341
f 969/1112/340 982/1125/340 970/1114/340
f 982/1125/339 971/1115/339 970/1114/339
f 983/1126/338 972/1116/338 971/1115/338
f 972/1116/337 985/1127/337 973/1128/337
f 973/1128/336 974/1118/336 962/1117/336
f 986/1129/347 975/1119/347 974/1118/347
f 987/1130/346 976/1131/346 975/1119/346
f 988/1132/345 977/1120/345 976/1131/345
f 989/1133/344 978/1121/344 977/1120/344
f 990/1134/343 979/1122/343 978/1121/343
f 979/1122/342 992/1135/342 980/1136/342
f 992/1137/353 981/1138/353 980/1124/353
f 993/1139/352 982/1125/352 981/1138/352
f 994/1140/351 983/1126/351 982/1125/351
f 983/1126/350 996/1141/350 984/1142/350
f 984/1142/349 997/1143/349 985/1127/349
f 997/1143/348 974/1118/348 985/1127/348
f 998/1144/359 987/1130/359 986/1129/359
f 999/1145/358 988/1132/358 987/1130/358
f 1000/1146/357 989/1133/357 988/1132/357
f 989/1133/356 1002/1147/356 990/1134/356
f 1002/1147/355 991/1148/355 990/1134/355
f 1003/1149/354 992/1135/354 991/1148/354
f 1004/1150/365 993/1139/365 992/1137/365
f 993/1139/364 1006/1151/364 994/1140/364
f 1006/1151/363 995/1152/363 994/1140/363
f 1007/1153/362 996/1141/362 995/1152/362
f 996/1141/361 1009/1154/361 997/1143/361
f 1009/1154/360 986/1129/360 997/1143/360
f 1010/1155/371 999/1145/371 998/1144/371
f 999/1145/370 1012/1156/370 1000/1146/370
f 1012/1156/369 1001/1157/369 1000/1146/369
f 1013/1158/368 1002/1147/368 1001/1157/368
f 1014/1159/367 1003/1149/367 1002/1147/367
f 1015/1160/366 1004/1161/366 1003/1149/366
f 1016/1162/377 1005/1163/377 1004/1150/377
f 1017/1164/376 1006/1151/376 1005/1163/376
f 1006/1151/375 1019/1165/375 1007/1153/375
f 1019/1165/374 1008/1166/374 1007/1153/374
f 1020/1167/373 1009/1154/373 1008/1166/373
f 1021/1168/372 998/1144/372 1009/1154/372
f 1010/1155/383 1023/1169/383 1011/1170/383
f 1011/1170/382 1024/1171/382 1012/1156/382
f 1024/1171/381 1013/1158/381 1012/1156/381
f 1013/1158/380 1026/1172/380 1014/1159/380
f 1026/1172/379 1015/1160/379 1014/1159/379
f 1027/1173/378 1016/1174/378 1015/1160/378
f 1028/1175/389 1017/1164/389 1016/1162/389
f 1029/1176/388 1018/1177/388 1017/1164/388
f 1030/1178/387 1019/1165/387 1018/1177/387
f 1031/1179/386 1020/1167/386 1019/1165/386
f 1032/1180/385 1021/1168/385 1020/1167/385
f 1033/1181/384 1010/1155/384 1021/1168/384
f 1022/1182/395 1035/1183/395 1023/1169/395
f 1035/1183/394 1024/1171/394 1023/1169/394
f 1036/1184/393 1025/1185/393 1024/1171/393
f 1037/1186/392 1026/1172/392 1025/1185/392
f 1026/1172/391 1039/1187/391 1027/1173/391
f 1039/1187/390 1028/1188/390 1027/1173/390
f 1040/1189/401 1029/1176/401 1028/1175/401
f 1041/1190/400 1030/1178/400 1029/1176/400
f 1042/1191/399 1031/1179/399 1030/1178/399
f 1031/1179/398 1044/1192/398 1032/1180/398
f 1032/1180/397 1045/1193/397 1033/1181/397
f 1045/1193/396 1022/1182/396 1033/1181/396
f 1046/1194/407 1035/1183/407 1034/1195/407
f 1047/1196/406 1036/1184/406 1035/1183/406
f 1048/1197/405 1037/1186/405 1036/1184/405
f 1049/1198/404 1038/1199/404 1037/1186/404
f 1050/1200/403 1039/1187/403 1038/1199/403
f 1051/1201/402 1040/1202/402 1039/1187/402
f 1052/1203/413 1041/1190/413 1040/1189/413
f 1053/1204/412 1042/1191/412 1041/1190/412
f 1042/1191/411 1055/1205/411 1043/1206/411
f 1055/1205/410 1044/1192/410 1043/1206/410
f 1044/1192/409 1057/1207/409 1045/1193/409
f 1057/1207/408 1034/1195/408 1045/1193/408
f 1058/1208/419 1047/1196/419 1046/1194/419
f 1059/1209/418 1048/1197/418 1047/1196/418
f 1060/1210/417 1049/1198/417 1048/1197/417
f 1061/1211/416 1050/1200/416 1049/1198/416
f 1050/1200/415 1063/1212/415 1051/1201/415
f 1063/1212/414 1052/1213/414 1051/1201/414
f 1064/1214/425 1053/1204/425 1052/1203/425
f 1065/1215/424 1054/1216/424 1053/1204/424
f 1066/1217/423 1055/1205/423 1054/1216/423
f 1067/1218/422 1056/1219/422 1055/1205/422
f 1056/1219/421 1069/1220/421 1057/1207/421
f 1069/1220/420 1046/1194/420 1057/1207/420
f 1070/1221/431 1059/1209/431 1058/1208/431
f 1059/1209/430 1072/1222/430 1060/1210/430
f 1072/1222/429 1061/1211/429 1060/1210/429
f 1073/1223/428 1062/1224/428 1061/1211/428
f 1062/1224/427 1075/1225/427 1063/1212/427
f 1075/1225/426 1064/1226/426 1063/1212/426
f 1076/1227/437 1065/1215/437 1064/1214/437
f 1077/1228/436 1066/1217/436 1065/1215/436
f 1066/1217/435 1079/1229/435 1067/1218/435
f 1079/1229/434 1068/1230/434 1067/1218/434
f 1080/1231/433 1069/1220/433 1068/1230/433
f 1081/1232/432 1058/1208/432 1069/1220/432
f 1082/1233/443 1071/1234/443 1070/1221/443
f 1083/1235/442 1072/1222/442 1071/1234/442
f 1072/1222/441 1085/1236/441 1073/1223/441
f 1073/1223/440 1086/1237/440 1074/1238/440
f 1086/1237/439 1075/1225/439 1074/1238/439
f 1075/1225/438 1088/1239/438 1076/1240/438
f 1088/1241/449 1077/1228/449 1076/1227/449
f 1089/1242/448 1078/1243/448 1077/1228/448
f 1090/1244/447 1079/1229/447 1078/1243/447
f 1091/1245/446 1080/1231/446 1079/1229/446
f 1092/1246/445 1081/1232/445 1080/1231/445
f 1093/1247/444 1070/1221/444 1081/1232/444
f 1082/1233/455 1095/1248/455 1083/1235/455
f 1095/1248/594 1084/1249/594 1083/1235/594
f 1096/1250/453 1085/1236/453 1084/1249/453
f 1097/1251/452 1086/1237/452 1085/1236/452
f 1098/1252/451 1087/1253/451 1086/1237/451
f 1099/1254/450 1088/1239/450 1087/1253/450
f 1100/1255/461 1089/1242/461 1088/1241/461
f 1089/1242/460 1102/1256/460 1090/1244/460
f 1090/1244/459 1103/1257/459 1091/1245/459
f 1103/1257/458 1092/1246/458 1091/1245/458
f 1104/1258/457 1093/1247/457 1092/1246/457
f 1105/1259/456 1082/1233/456 1093/1247/456
f 1106/1260/467 1095/1248/467 1094/1261/467
f 1107/1262/466 1096/1250/466 1095/1248/466
f 1108/1263/465 1097/1251/465 1096/1250/465
f 1109/1264/464 1098/1252/464 1097/1251/464
f 1110/1265/463 1099/1254/463 1098/1252/463
f 1099/1254/462 1112/1266/462 1100/1267/462
f 1112/1268/473 1101/1269/473 1100/1255/473
f 1113/1270/472 1102/1256/472 1101/1269/472
f 1102/1256/471 1115/1271/471 1103/1257/471
f 1103/1257/470 1116/1272/470 1104/1258/470
f 1116/1272/469 1105/1259/469 1104/1258/469
f 1117/1273/468 1094/1261/468 1105/1259/468
f 1118/1274/479 1107/1262/479 1106/1260/479
f 1119/1275/478 1108/1263/478 1107/1262/478
f 1120/1276/477 1109/1264/477 1108/1263/477
f 1121/1277/476 1110/1265/476 1109/1264/476
f 1122/1278/475 1111/1279/475 1110/1265/475
f 1123/1280/474 1112/1266/474 1111/1279/474
f 1124/1281/485 1113/1270/485 1112/1268/485
f 1125/1282/484 1114/1283/484 1113/1270/484
f 1126/1284/483 1115/1271/483 1114/1283/483
f 1115/1271/482 1128/1285/482 1116/1272/482
f 1116/1272/481 1129/1286/481 1117/1273/481
f 1129/1286/480 1106/1260/480 1117/1273/480
f 1130/1287/491 1119/1275/491 1118/1274/491
f 1131/1288/490 1120/1276/490 1119/1275/490
f 1120/1276/489 1133/1289/489 1121/1277/489
f 1121/1277/488 1134/1290/488 1122/1278/488
f 1134/1290/487 1123/1280/487 1122/1278/487
f 1135/1291/486 1124/1292/486 1123/1280/486
f 1136/1293/497 1125/1282/497 1124/1281/497
f 1137/1294/496 1126/1284/496 1125/1282/496
f 1138/1295/495 1127/1296/495 1126/1284/495
f 1139/1297/494 1128/1285/494 1127/1296/494
f 1140/1298/493 1129/1286/493 1128/1285/493
f 1129/1286/492 1130/1287/492 1118/1274/492
f 1130/1287/503 1143/1299/503 1131/1288/503
f 1143/1299/502 1132/1300/502 1131/1288/502
f 1144/1301/501 1133/1289/501 1132/1300/501
f 1145/1302/500 1134/1290/500 1133/1289/500
f 1146/1303/499 1135/1291/499 1134/1290/499
f 1147/1304/498 1136/1305/498 1135/1291/498
f 1148/1306/509 1137/1294/509 1136/1293/509
f 1149/1307/508 1138/1295/508 1137/1294/508
f 1150/1308/507 1139/1297/507 1138/1295/507
f 1151/1309/506 1140/1298/506 1139/1297/506
f 1140/1298/505 1153/1310/505 1141/1311/505
f 1153/1310/504 1130/1287/504 1141/1311/504
f 1142/1312/515 1155/1313/515 1143/1299/515
f 1155/1313/514 1144/1301/514 1143/1299/514
f 1144/1301/513 1157/1314/513 1145/1302/513
f 1145/1302/512 1158/1315/512 1146/1303/512
f 1146/1303/511 1159/1316/511 1147/1304/511
f 1159/1316/510 1148/1317/510 1147/1304/510
f 1160/1318/521 1149/1307/521 1148/1306/521
f 1161/1319/520 1150/1308/520 1149/1307/520
f 1162/1320/519 1151/1309/519 1150/1308/519
f 1163/1321/518 1152/1322/518 1151/1309/518
f 1152/1322/517 1165/1323/517 1153/1310/517
f 1165/1323/516 1142/1312/516 1153/1310/516
f 1154/1324/527 1167/1325/527 1155/1313/527
f 1167/1325/526 1156/1326/526 1155/1313/526
f 1156/1326/525 1169/1327/525 1157/1314/525
f 1169/1327/524 1158/1315/524 1157/1314/524
f 1170/1328/523 1159/1316/523 1158/1315/523
f 1171/1329/522 1160/1330/522 1159/1316/522
f 1172/1331/533 1161/1319/533 1160/1318/533
f 1161/1319/532 1174/1332/532 1162/1320/532
f 1162/1320/531 1175/1333/531 1163/1321/531
f 1175/1333/530 1164/1334/530 1163/1321/530
f 1176/1335/529 1165/1323/529 1164/1334/529
f 1177/1336/528 1154/1324/528 1165/1323/528
f 1178/1337/539 1167/1325/539 1166/1338/539
f 1179/1339/538 1168/1340/538 1167/1325/538
f 1180/1341/537 1169/1327/537 1168/1340/537
f 1181/1342/536 1170/1328/536 1169/1327/536
f 1182/1343/535 1171/1329/535 1170/1328/535
f 1183/1344/534 1172/1345/534 1171/1329/534
f 1184/1346/545 1173/1347/545 1172/1331/545
f 1173/1347/544 1186/1348/544 1174/1332/544
f 1186/1348/543 1175/1333/543 1174/1332/543
f 1187/1349/542 1176/1335/542 1175/1333/542
f 1176/1335/541 1189/1350/541 1177/1336/541
f 1189/1350/540 1166/1338/540 1177/1336/540
f 1190/1351/551 1179/1339/551 1178/1337/551
f 1191/1352/550 1180/1341/550 1179/1339/550
f 1180/1341/549 1193/1353/549 1181/1342/549
f 1193/1353/548 1182/1343/548 1181/1342/548
f 1194/1354/547 1183/1344/547 1182/1343/547
f 1195/1355/546 1184/1356/546 1183/1344/546
f 1196/1357/557 1185/1358/557 1184/1346/557
f 1197/1359/556 1186/1348/556 1185/1358/556
f 1198/1360/555 1187/1349/555 1186/1348/555
f 1199/1361/554 1188/1362/554 1187/1349/554
f 1200/1363/553 1189/1350/553 1188/1362/553
f 1201/1364/552 1178/1337/552 1189/1350/552
f 1202/1365/563 1191/1352/563 1190/1351/563
f 1203/1366/562 1192/1367/562 1191/1352/562
f 1204/1368/561 1193/1353/561 1192/1367/561
f 1205/1369/560 1194/1354/560 1193/1353/560
f 1206/1370/559 1195/1355/559 1194/1354/559
f 1207/1371/558 1196/1372/558 1195/1355/558
f 1208/1373/569 1197/1359/569 1196/1357/569
f 1197/1359/568 1210/1374/568 1198/1360/568
f 1210/1374/567 1199/1361/567 1198/1360/567
f 1211/1375/566 1200/1363/566 1199/1361/566
f 1212/1376/565 1201/1364/565 1200/1363/565
f 1213/1377/564 1190/1351/564 1201/1364/564
f 1202/1365/575 1215/1378/575 1203/1366/575
f 1203/1366/574 1216/1379/574 1204/1368/574
f 1204/1368/573 1217/1380/573 1205/1369/573
f 1217/1380/572 1206/1370/572 1205/1369/572
f 1218/1381/571 1207/1371/571 1206/1370/571
f 1207/1371/570 1220/1382/570 1208/1383/570
f 1220/1384/581 1209/1385/581 1208/1373/581
f 1221/1386/580 1210/1374/580 1209/1385/580
f 1210/1374/579 1223/1387/579 1211/1375/579
f 1223/1387/578 1212/1376/578 1211/1375/578
f 1224/1388/577 1213/1377/577 1212/1376/577
f 1225/1389/576 1202/1365/576 1213/1377/576
f 650/761/587 1215/1378/587 1214/1390/587
f 651/760/586 1216/1379/586 1215/1378/586
f 652/763/585 1217/1380/585 1216/1379/585
f 653/764/584 1218/1381/584 1217/1380/584
f 654/766/583 1219/1391/583 1218/1381/583
f 655/768/582 1220/1382/582 1219/1391/582
f 1220/1384/593 657/772/593 1221/1386/593
f 657/772/592 1222/1392/592 1221/1386/592
f 658/775/591 1223/1387/591 1222/1392/591
f 659/777/590 1224/1388/590 1223/1387/590
f 1224/1388/589 661/781/589 1225/1389/589
f 1225/1389/588 650/761/588 1214/1390/588
f 662/759/306 663/784/306 651/760/306
f 651/760/307 663/784/307 664/762/307
f 664/762/308 665/765/308 653/764/308
f 665/765/309 666/767/309 654/766/309
f 666/767/310 667/789/310 655/768/310
f 655/768/311 667/789/311 668/769/311
f 668/771/312 669/774/312 657/772/312
f 669/774/313 670/776/313 658/775/313
f 670/776/314 671/778/314 659/777/314
f 671/778/315 672/780/315 660/779/315
f 672/780/316 673/782/316 661/781/316
f 673/782/317 662/759/317 650/761/317
f 674/783/318 675/785/318 663/784/318
f 675/785/319 676/786/319 664/762/319
f 676/786/320 677/787/320 665/765/320
f 677/787/321 678/798/321 666/767/321
f 666/767/322 678/798/322 679/788/322
f 679/788/323 680/801/323 668/769/323
f 680/790/324 681/791/324 669/774/324
f 681/791/325 682/804/325 670/776/325
f 670/776/326 682/804/326 683/792/326
f 671/778/327 683/792/327 684/793/327
f 672/780/328 684/793/328 685/794/328
f 685/794/329 674/783/329 662/759/329
f 674/783/330 686/808/330 687/795/330
f 687/795/331 688/796/331 676/786/331
f 688/796/332 689/812/332 677/787/332
f 677/787/333 689/812/333 690/797/333
f 678/798/334 690/797/334 691/799/334
f 679/788/335 691/799/335 692/800/335
f 692/802/336 693/803/336 681/791/336
f 693/803/337 694/816/337 682/804/337
f 682/804/338 694/816/338 695/805/338
f 683/792/339 695/805/339 696/806/339
f 684/793/340 696/806/340 697/807/340
f 697/807/341 686/808/341 674/783/341
f 686/808/342 698/821/342 699/809/342
f 687/795/343 699/809/343 700/810/343
f 688/796/344 700/810/344 701/811/344
f 701/811/345 702/824/345 690/797/345
f 690/797/346 702/824/346 703/813/346
f 703/813/347 704/826/347 692/800/347
f 704/814/348 705/815/348 693/803/348
f 705/815/349 706/829/349 694/816/349
f 694/816/350 706/829/350 707/817/350
f 707/817/351 708/818/351 696/806/351
f 708/818/352 709/819/352 697/807/352
f 709/819/353 698/821/353 686/808/353
f 710/820/354 711/834/354 699/809/354
f 699/809/355 711/834/355 712/822/355
f 712/822/356 713/823/356 701/811/356
f 713/823/357 714/838/357 702/824/357
f 702/824/358 714/838/358 715/825/358
f 715/825/359 716/841/359 704/826/359
f 716/827/360 717/828/360 705/815/360
f 717/828/361 718/830/361 706/829/361
f 718/830/362 719/831/362 707/817/362
f 719/831/363 720/832/363 708/818/363
f 720/832/364 721/846/364 709/819/364
f 709/819/365 721/846/365 710/820/365
f 722/833/366 723/835/366 711/834/366
f 723/835/367 724/836/367 712/822/367
f 724/836/368 725/837/368 713/823/368
f 725/837/369 726/839/369 714/838/369
f 726/839/370 727/840/370 715/825/370
f 727/840/371 728/851/371 716/841/371
f 716/827/372 728/853/372 729/842/372
f 729/842/373 730/843/373 718/830/373
f 730/843/374 731/844/374 719/831/374
f 731/844/375 732/857/375 720/832/375
f 720/832/376 732/857/376 733/845/376
f 733/845/377 722/833/377 710/820/377
f 734/847/378 735/860/378 723/835/378
f 723/835/379 735/860/379 736/848/379
f 736/848/380 737/849/380 725/837/380
f 737/849/381 738/863/381 726/839/381
f 726/839/382 738/863/382 739/850/382
f 739/850/383 740/865/383 728/851/383
f 740/852/384 741/854/384 729/842/384
f 741/854/385 742/868/385 730/843/385
f 730/843/386 742/868/386 743/855/386
f 731/844/387 743/855/387 744/856/387
f 744/856/388 745/858/388 733/845/388
f 745/858/389 734/847/389 722/833/389
f 746/859/390 747/874/390 735/860/390
f 735/860/391 747/874/391 748/861/391
f 736/848/392 748/861/392 749/862/392
f 749/862/393 750/877/393 738/863/393
f 738/863/394 750/877/394 751/864/394
f 751/864/395 752/880/395 740/865/395
f 752/866/396 753/867/396 741/854/396
f 753/867/397 754/869/397 742/868/397
f 754/869/398 755/870/398 743/855/398
f 755/870/399 756/871/399 744/856/399
f 756/871/400 757/872/400 745/858/400
f 757/872/401 746/859/401 734/847/401
f 746/859/402 758/887/402 759/873/402
f 759/873/403 760/875/403 748/861/403
f 760/875/404 761/876/404 749/862/404
f 761/876/405 762/878/405 750/877/405
f 762/878/406 763/879/406 751/864/406
f 763/879/407 764/892/407 752/880/407
f 764/881/408 765/882/408 753/867/408
f 765/882/409 766/895/409 754/869/409
f 754/869/410 766/895/410 767/883/410
f 755/870/411 767/883/411 768/884/411
f 768/884/412 769/885/412 757/872/412
f 769/885/413 758/887/413 746/859/413
f 770/886/414 771/888/414 759/873/414
f 771/888/415 772/889/415 760/875/415
f 772/889/416 773/890/416 761/876/416
f 773/890/417 774/903/417 762/878/417
f 762/878/418 774/903/418 775/891/418
f 775/891/419 776/906/419 764/892/419
f 776/893/420 777/894/420 765/882/420
f 777/894/421 778/896/421 766/895/421
f 778/896/422 779/897/422 767/883/422
f 779/897/423 780/898/423 768/884/423
f 780/898/424 781/899/424 769/885/424
f 781/899/425 770/886/425 758/887/425
f 782/900/426 783/901/426 771/888/426
f 783/901/427 784/913/427 772/889/427
f 772/889/428 784/913/428 785/902/428
f 785/902/429 786/904/429 774/903/429
f 786/904/430 787/905/430 775/891/430
f 787/905/431 788/917/431 776/906/431
f 776/893/432 788/919/432 789/907/432
f 789/907/433 790/921/433 778/896/433
f 778/896/434 790/921/434 791/908/434
f 791/908/435 792/909/435 780/898/435
f 792/909/436 793/910/436 781/899/436
f 793/910/437 782/900/437 770/886/437
f 794/911/438 795/912/438 783/901/438
f 795/912/439 796/914/439 784/913/439
f 796/914/440 797/928/440 785/902/440
f 785/902/441 797/928/441 798/915/441
f 786/904/442 798/915/442 799/916/442
f 799/916/443 800/932/443 788/917/443
f 800/918/444 801/920/444 789/907/444
f 801/920/445 802/922/445 790/921/445
f 802/922/446 803/923/446 791/908/446
f 803/923/447 804/924/447 792/909/447
f 804/924/595 805/937/595 793/910/595
f 793/910/449 805/937/449 794/911/449
f 806/925/450 807/926/450 795/912/450
f 807/926/451 808/927/451 796/914/451
f 808/927/452 809/929/452 797/928/452
f 809/929/453 810/930/453 798/915/453
f 810/930/454 811/931/454 799/916/454
f 811/931/455 812/943/455 800/932/455
f 800/918/456 812/945/456 813/933/456
f 813/933/457 814/947/457 802/922/457
f 802/922/458 814/947/458 815/934/458
f 803/923/459 815/934/459 816/935/459
f 804/924/460 816/935/460 817/936/460
f 805/937/461 817/936/461 806/925/461
f 818/938/462 819/953/462 807/926/462
f 807/926/463 819/953/463 820/939/463
f 808/927/464 820/939/464 821/940/464
f 821/940/465 822/941/465 810/930/465
f 822/941/466 823/942/466 811/931/466
f 823/942/467 824/958/467 812/943/467
f 824/944/468 825/946/468 813/933/468
f 825/946/469 826/948/469 814/947/469
f 826/948/470 827/949/470 815/934/470
f 827/949/471 828/950/471 816/935/471
f 828/950/472 829/951/472 817/936/472
f 829/951/473 818/938/473 806/925/473
f 830/952/474 831/954/474 819/953/474
f 831/954/475 832/955/475 820/939/475
f 832/955/476 833/965/476 821/940/476
f 821/940/477 833/965/477 834/956/477
f 834/956/478 835/957/478 823/942/478
f 835/957/479 836/969/479 824/958/479
f 836/959/480 837/960/480 825/946/480
f 837/960/481 838/972/481 826/948/481
f 826/948/482 838/972/482 839/961/482
f 839/961/483 840/975/483 828/950/483
f 828/950/484 840/975/484 841/962/484
f 841/962/485 830/952/485 818/938/485
f 842/963/486 843/979/486 831/954/486
f 831/954/487 843/979/487 844/964/487
f 844/964/488 845/966/488 833/965/488
f 845/966/489 846/967/489 834/956/489
f 846/967/490 847/968/490 835/957/490
f 847/968/491 848/985/491 836/969/491
f 848/970/492 849/971/492 837/960/492
f 849/971/493 850/973/493 838/972/493
f 850/973/494 851/974/494 839/961/494
f 851/974/495 852/976/495 840/975/495
f 852/976/496 853/977/496 841/962/496
f 853/977/497 842/963/497 830/952/497
f 854/978/498 855/980/498 843/979/498
f 855/980/499 856/981/499 844/964/499
f 856/981/500 857/982/500 845/966/500
f 857/982/501 858/983/501 846/967/501
f 858/983/502 859/995/502 847/968/502
f 847/968/503 859/995/503 860/984/503
f 860/986/504 861/998/504 849/971/504
f 849/971/505 861/998/505 862/987/505
f 850/973/506 862/987/506 863/988/506
f 851/974/507 863/988/507 864/989/507
f 852/976/508 864/989/508 865/990/508
f 865/990/509 854/978/509 842/963/509
f 866/991/510 867/992/510 855/980/510
f 867/992/511 868/1005/511 856/981/511
f 856/981/512 868/1005/512 869/993/512
f 869/993/513 870/994/513 858/983/513
f 870/994/514 871/996/514 859/995/514
f 871/996/515 872/1009/515 860/984/515
f 872/997/516 873/1011/516 861/998/516
f 861/998/517 873/1011/517 874/999/517
f 874/999/518 875/1000/518 863/988/518
f 875/1000/519 876/1001/519 864/989/519
f 876/1001/520 877/1002/520 865/990/520
f 877/1002/521 866/991/521 854/978/521
f 878/1003/522 879/1004/522 867/992/522
f 879/1004/523 880/1006/523 868/1005/523
f 880/1006/524 881/1017/524 869/993/524
f 869/993/525 881/1017/525 882/1007/525
f 882/1007/526 883/1008/526 871/996/526
f 883/1008/527 884/1020/527 872/1009/527
f 884/1010/528 885/1022/528 873/1011/528
f 873/1011/529 885/1022/529 886/1012/529
f 886/1012/530 887/1013/530 875/1000/530
f 887/1013/531 888/1025/531 876/1001/531
f 876/1001/532 888/1025/532 889/1014/532
f 889/1014/533 878/1003/533 866/991/533
f 878/1003/534 890/1029/534 891/1015/534
f 891/1015/535 892/1031/535 880/1006/535
f 880/1006/536 892/1031/536 893/1016/536
f 893/1016/537 894/1018/537 882/1007/537
f 894/1018/538 895/1019/538 883/1008/538
f 895/1019/539 896/1035/539 884/1020/539
f 896/1021/540 897/1023/540 885/1022/540
f 897/1023/541 898/1037/541 886/1012/541
f 886/1012/542 898/1037/542 899/1024/542
f 899/1024/543 900/1026/543 888/1025/543
f 900/1026/544 901/1027/544 889/1014/544
f 901/1027/545 890/1029/545 878/1003/545
f 902/1028/546 903/1030/546 891/1015/546
f 903/1030/547 904/1032/547 892/1031/547
f 904/1032/548 905/1043/548 893/1016/548
f 893/1016/549 905/1043/549 906/1033/549
f 906/1033/550 907/1034/550 895/1019/550
f 907/1034/551 908/1046/551 896/1035/551
f 896/1021/552 908/1048/552 909/1036/552
f 909/1036/553 910/1038/553 898/1037/553
f 910/1038/554 911/1039/554 899/1024/554
f 911/1039/555 912/1052/555 900/1026/555
f 900/1026/556 912/1052/556 913/1040/556
f 913/1040/557 902/1028/557 890/1029/557
f 902/1028/558 914/1055/558 915/1041/558
f 915/1041/559 916/1042/559 904/1032/559
f 916/1042/560 917/1058/560 905/1043/560
f 905/1043/561 917/1058/561 918/1044/561
f 918/1044/562 919/1045/562 907/1034/562
f 919/1045/563 920/1062/563 908/1046/563
f 920/1047/564 921/1049/564 909/1036/564
f 921/1049/565 922/1050/565 910/1038/565
f 922/1050/566 923/1066/566 911/1039/566
f 911/1039/567 923/1066/567 924/1051/567
f 924/1051/568 925/1053/568 913/1040/568
f 925/1053/569 914/1055/569 902/1028/569
f 926/1054/570 927/1056/570 915/1041/570
f 927/1056/571 928/1057/571 916/1042/571
f 928/1057/572 929/1059/572 917/1058/572
f 929/1059/573 930/1060/573 918/1044/573
f 930/1060/574 931/1061/574 919/1045/574
f 931/1061/575 932/1074/575 920/1062/575
f 932/1063/576 933/1076/576 921/1049/576
f 921/1049/577 933/1076/577 934/1064/577
f 922/1050/578 934/1064/578 935/1065/578
f 923/1066/579 935/1065/579 936/1067/579
f 924/1051/580 936/1067/580 937/1068/580
f 925/1053/581 937/1068/581 926/1054/581
f 926/1054/582 938/1393/582 939/1069/582
f 939/1069/583 940/1070/583 928/1057/583
f 940/1070/584 941/1071/584 929/1059/584
f 941/1071/585 942/1072/585 930/1060/585
f 942/1072/586 943/1073/586 931/1061/586
f 943/1073/587 944/1394/587 932/1074/587
f 944/1075/588 945/1395/588 933/1076/588
f 933/1076/589 945/1395/589 946/1077/589
f 946/1077/590 947/1078/590 935/1065/590
f 947/1078/591 948/1079/591 936/1067/591
f 948/1079/592 949/1080/592 937/1068/592
f 949/1080/593 938/1393/593 926/1054/593
f 950/1081/311 951/1084/311 939/1082/311
f 951/1084/310 952/1086/310 940/1085/310
f 952/1086/309 953/1088/309 941/1087/309
f 953/1088/308 954/1090/308 942/1089/308
f 954/1090/307 955/1092/307 943/1091/307
f 955/1092/306 956/1109/306 944/1093/306
f 944/1094/317 956/1111/317 957/1095/317
f 957/1095/316 958/1113/316 946/1097/316
f 946/1097/315 958/1113/315 959/1098/315
f 947/1099/314 959/1098/314 960/1100/314
f 948/1101/313 960/1100/313 961/1102/313
f 949/1103/312 961/1102/312 950/1081/312
f 950/1081/323 962/1117/323 963/1104/323
f 951/1084/322 963/1104/322 964/1105/322
f 952/1086/321 964/1105/321 965/1106/321
f 953/1088/320 965/1106/320 966/1107/320
f 954/1090/319 966/1107/319 967/1108/319
f 967/1108/318 968/1123/318 956/1109/318
f 968/1110/329 969/1112/329 957/1095/329
f 969/1112/328 970/1114/328 958/1113/328
f 970/1114/327 971/1115/327 959/1098/327
f 971/1115/326 972/1116/326 960/1100/326
f 972/1116/325 973/1128/325 961/1102/325
f 961/1102/324 973/1128/324 962/1117/324
f 974/1118/335 975/1119/335 963/1104/335
f 975/1119/334 976/1131/334 964/1105/334
f 964/1105/333 976/1131/333 977/1120/333
f 977/1120/332 978/1121/332 966/1107/332
f 978/1121/331 979/1122/331 967/1108/331
f 979/1122/330 980/1136/330 968/1123/330
f 980/1124/341 981/1138/341 969/1112/341
f 969/1112/340 981/1138/340 982/1125/340
f 982/1125/339 983/1126/339 971/1115/339
f 983/1126/338 984/1142/338 972/1116/338
f 972/1116/337 984/1142/337 985/1127/337
f 973/1128/336 985/1127/336 974/1118/336
f 986/1129/347 987/1130/347 975/1119/347
f 987/1130/346 988/1132/346 976/1131/346
f 988/1132/345 989/1133/345 977/1120/345
f 989/1133/344 990/1134/344 978/1121/344
f 990/1134/343 991/1148/343 979/1122/343
f 979/1122/342 991/1148/342 992/1135/342
f 992/1137/353 993/1139/353 981/1138/353
f 993/1139/352 994/1140/352 982/1125/352
f 994/1140/351 995/1152/351 983/1126/351
f 983/1126/350 995/1152/350 996/1141/350
f 984/1142/349 996/1141/349 997/1143/349
f 997/1143/348 986/1129/348 974/1118/348
f 998/1144/359 999/1145/359 987/1130/359
f 999/1145/358 1000/1146/358 988/1132/358
f 1000/1146/357 1001/1157/357 989/1133/357
f 989/1133/356 1001/1157/356 1002/1147/356
f 1002/1147/355 1003/1149/355 991/1148/355
f 1003/1149/354 1004/1161/354 992/1135/354
f 1004/1150/365 1005/1163/365 993/1139/365
f 993/1139/364 1005/1163/364 1006/1151/364
f 1006/1151/363 1007/1153/363 995/1152/363
f 1007/1153/362 1008/1166/362 996/1141/362
f 996/1141/361 1008/1166/361 1009/1154/361
f 1009/1154/360 998/1144/360 986/1129/360
f 1010/1155/371 1011/1170/371 999/1145/371
f 999/1145/370 1011/1170/370 1012/1156/370
f 1012/1156/369 1013/1158/369 1001/1157/369
f 1013/1158/368 1014/1159/368 1002/1147/368
f 1014/1159/367 1015/1160/367 1003/1149/367
f 1015/1160/366 1016/1174/366 1004/1161/366
f 1016/1162/377 1017/1164/377 1005/1163/377
f 1017/1164/376 1018/1177/376 1006/1151/376
f 1006/1151/375 1018/1177/375 1019/1165/375
f 1019/1165/374 1020/1167/374 1008/1166/374
f 1020/1167/373 1021/1168/373 1009/1154/373
f 1021/1168/372 1010/1155/372 998/1144/372
f 1010/1155/383 1022/1182/383 1023/1169/383
f 1011/1170/382 1023/1169/382 1024/1171/382
f 1024/1171/381 1025/1185/381 1013/1158/381
f 1013/1158/380 1025/1185/380 1026/1172/380
f 1026/1172/379 1027/1173/379 1015/1160/379
f 1027/1173/378 1028/1188/378 1016/1174/378
f 1028/1175/389 1029/1176/389 1017/1164/389
f 1029/1176/388 1030/1178/388 1018/1177/388
f 1030/1178/387 1031/1179/387 1019/1165/387
f 1031/1179/386 1032/1180/386 1020/1167/386
f 1032/1180/385 1033/1181/385 1021/1168/385
f 1033/1181/384 1022/1182/384 1010/1155/384
f 1022/1182/395 1034/1195/395 1035/1183/395
f 1035/1183/394 1036/1184/394 1024/1171/394
f 1036/1184/393 1037/1186/393 1025/1185/393
f 1037/1186/392 1038/1199/392 1026/1172/392
f 1026/1172/391 1038/1199/391 1039/1187/391
f 1039/1187/390 1040/1202/390 1028/1188/390
f 1040/1189/401 1041/1190/401 1029/1176/401
f 1041/1190/400 1042/1191/400 1030/1178/400
f 1042/1191/399 1043/1206/399 1031/1179/399
f 1031/1179/398 1043/1206/398 1044/1192/398
f 1032/1180/397 1044/1192/397 1045/1193/397
f 1045/1193/396 1034/1195/396 1022/1182/396
f 1046/1194/407 1047/1196/407 1035/1183/407
f 1047/1196/406 1048/1197/406 1036/1184/406
f 1048/1197/405 1049/1198/405 1037/1186/405
f 1049/1198/404 1050/1200/404 1038/1199/404
f 1050/1200/403 1051/1201/403 1039/1187/403
f 1051/1201/402 1052/1213/402 1040/1202/402
f 1052/1203/413 1053/1204/413 1041/1190/413
f 1053/1204/412 1054/1216/412 1042/1191/412
f 1042/1191/411 1054/1216/411 1055/1205/411
f 1055/1205/410 1056/1219/410 1044/1192/410
f 1044/1192/409 1056/1219/409 1057/1207/409
f 1057/1207/408 1046/1194/408 1034/1195/408
f 1058/1208/419 1059/1209/419 1047/1196/419
f 1059/1209/418 1060/1210/418 1048/1197/418
f 1060/1210/417 1061/1211/417 1049/1198/417
f 1061/1211/416 1062/1224/416 1050/1200/416
f 1050/1200/415 1062/1224/415 1063/1212/415
f 1063/1212/414 1064/1226/414 1052/1213/414
f 1064/1214/425 1065/1215/425 1053/1204/425
f 1065/1215/424 1066/1217/424 1054/1216/424
f 1066/1217/423 1067/1218/423 1055/1205/423
f 1067/1218/422 1068/1230/422 1056/1219/422
f 1056/1219/421 1068/1230/421 1069/1220/421
f 1069/1220/420 1058/1208/420 1046/1194/420
f 1070/1221/431 1071/1234/431 1059/1209/431
f 1059/1209/430 1071/1234/430 1072/1222/430
f 1072/1222/429 1073/1223/429 1061/1211/429
f 1073/1223/428 1074/1238/428 1062/1224/428
f 1062/1224/427 1074/1238/427 1075/1225/427
f 1075/1225/426 1076/1240/426 1064/1226/426
f 1076/1227/437 1077/1228/437 1065/1215/437
f 1077/1228/436 1078/1243/436 1066/1217/436
f 1066/1217/435 1078/1243/435 1079/1229/435
f 1079/1229/434 1080/1231/434 1068/1230/434
f 1080/1231/433 1081/1232/433 1069/1220/433
f 1081/1232/432 1070/1221/432 1058/1208/432
f 1082/1233/443 1083/1235/443 1071/1234/443
f 1083/1235/442 1084/1249/442 1072/1222/442
f 1072/1222/441 1084/1249/441 1085/1236/441
f 1073/1223/440 1085/1236/440 1086/1237/440
f 1086/1237/439 1087/1253/439 1075/1225/439
f 1075/1225/438 1087/1253/438 1088/1239/438
f 1088/1241/449 1089/1242/449 1077/1228/449
f 1089/1242/448 1090/1244/448 1078/1243/448
f 1090/1244/447 1091/1245/447 1079/1229/447
f 1091/1245/446 1092/1246/446 1080/1231/446
f 1092/1246/445 1093/1247/445 1081/1232/445
f 1093/1247/444 1082/1233/444 1070/1221/444
f 1082/1233/455 1094/1261/455 1095/1248/455
f 1095/1248/454 1096/1250/454 1084/1249/454
f 1096/1250/453 1097/1251/453 1085/1236/453
f 1097/1251/452 1098/1252/452 1086/1237/452
f 1098/1252/451 1099/1254/451 1087/1253/451
f 1099/1254/450 1100/1267/450 1088/1239/450
f 1100/1255/461 1101/1269/461 1089/1242/461
f 1089/1242/460 1101/1269/460 1102/1256/460
f 1090/1244/459 1102/1256/459 1103/1257/459
f 1103/1257/458 1104/1258/458 1092/1246/458
f 1104/1258/457 1105/1259/457 1093/1247/457
f 1105/1259/456 1094/1261/456 1082/1233/456
f 1106/1260/467 1107/1262/467 1095/1248/467
f 1107/1262/466 1108/1263/466 1096/1250/466
f 1108/1263/465 1109/1264/465 1097/1251/465
f 1109/1264/464 1110/1265/464 1098/1252/464
f 1110/1265/463 1111/1279/463 1099/1254/463
f 1099/1254/462 1111/1279/462 1112/1266/462
f 1112/1268/473 1113/1270/473 1101/1269/473
f 1113/1270/472 1114/1283/472 1102/1256/472
f 1102/1256/471 1114/1283/471 1115/1271/471
f 1103/1257/470 1115/1271/470 1116/1272/470
f 1116/1272/469 1117/1273/469 1105/1259/469
f 1117/1273/468 1106/1260/468 1094/1261/468
f 1118/1274/479 1119/1275/479 1107/1262/479
f 1119/1275/478 1120/1276/478 1108/1263/478
f 1120/1276/477 1121/1277/477 1109/1264/477
f 1121/1277/476 1122/1278/476 1110/1265/476
f 1122/1278/475 1123/1280/475 1111/1279/475
f 1123/1280/474 1124/1292/474 1112/1266/474
f 1124/1281/485 1125/1282/485 1113/1270/485
f 1125/1282/484 1126/1284/484 1114/1283/484
f 1126/1284/483 1127/1296/483 1115/1271/483
f 1115/1271/482 1127/1296/482 1128/1285/482
f 1116/1272/481 1128/1285/481 1129/1286/481
f 1129/1286/480 1118/1274/480 1106/1260/480
f 1130/1287/491 1131/1288/491 1119/1275/491
f 1131/1288/490 1132/1300/490 1120/1276/490
f 1120/1276/489 1132/1300/489 1133/1289/489
f 1121/1277/488 1133/1289/488 1134/1290/488
f 1134/1290/487 1135/1291/487 1123/1280/487
f 1135/1291/486 1136/1305/486 1124/1292/486
f 1136/1293/497 1137/1294/497 1125/1282/497
f 1137/1294/496 1138/1295/496 1126/1284/496
f 1138/1295/495 1139/1297/495 1127/1296/495
f 1139/1297/494 1140/1298/494 1128/1285/494
f 1140/1298/493 1141/1311/493 1129/1286/493
f 1129/1286/492 1141/1311/492 1130/1287/492
f 1130/1287/503 1142/1312/503 1143/1299/503
f 1143/1299/502 1144/1301/502 1132/1300/502
f 1144/1301/501 1145/1302/501 1133/1289/501
f 1145/1302/500 1146/1303/500 1134/1290/500
f 1146/1303/499 1147/1304/499 1135/1291/499
f 1147/1304/498 1148/1317/498 1136/1305/498
f 1148/1306/509 1149/1307/509 1137/1294/509
f 1149/1307/508 1150/1308/508 1138/1295/508
f 1150/1308/507 1151/1309/507 1139/1297/507
f 1151/1309/506 1152/1322/506 1140/1298/506
f 1140/1298/505 1152/1322/505 1153/1310/505
f 1153/1310/504 1142/1312/504 1130/1287/504
f 1142/1312/515 1154/1324/515 1155/1313/515
f 1155/1313/514 1156/1326/514 1144/1301/514
f 1144/1301/513 1156/1326/513 1157/1314/513
f 1145/1302/512 1157/1314/512 1158/1315/512
f 1146/1303/511 1158/1315/511 1159/1316/511
f 1159/1316/510 1160/1330/510 1148/1317/510
f 1160/1318/521 1161/1319/521 1149/1307/521
f 1161/1319/520 1162/1320/520 1150/1308/520
f 1162/1320/519 1163/1321/519 1151/1309/519
f 1163/1321/518 1164/1334/518 1152/1322/518
f 1152/1322/517 1164/1334/517 1165/1323/517
f 1165/1323/516 1154/1324/516 1142/1312/516
f 1154/1324/527 1166/1338/527 1167/1325/527
f 1167/1325/526 1168/1340/526 1156/1326/526
f 1156/1326/525 1168/1340/525 1169/1327/525
f 1169/1327/524 1170/1328/524 1158/1315/524
f 1170/1328/523 1171/1329/523 1159/1316/523
f 1171/1329/522 1172/1345/522 1160/1330/522
f 1172/1331/533 1173/1347/533 1161/1319/533
f 1161/1319/532 1173/1347/532 1174/1332/532
f 1162/1320/531 1174/1332/531 1175/1333/531
f 1175/1333/530 1176/1335/530 1164/1334/530
f 1176/1335/529 1177/1336/529 1165/1323/529
f 1177/1336/528 1166/1338/528 1154/1324/528
f 1178/1337/539 1179/1339/539 1167/1325/539
f 1179/1339/538 1180/1341/538 1168/1340/538
f 1180/1341/537 1181/1342/537 1169/1327/537
f 1181/1342/536 1182/1343/536 1170/1328/536
f 1182/1343/535 1183/1344/535 1171/1329/535
f 1183/1344/534 1184/1356/534 1172/1345/534
f 1184/1346/545 1185/1358/545 1173/1347/545
f 1173/1347/544 1185/1358/544 1186/1348/544
f 1186/1348/543 1187/1349/543 1175/1333/543
f 1187/1349/542 1188/1362/542 1176/1335/542
f 1176/1335/541 1188/1362/541 1189/1350/541
f 1189/1350/540 1178/1337/540 1166/1338/540
f 1190/1351/551 1191/1352/551 1179/1339/551
f 1191/1352/550 1192/1367/550 1180/1341/550
f 1180/1341/549 1192/1367/549 1193/1353/549
f 1193/1353/548 1194/1354/548 1182/1343/548
f 1194/1354/547 1195/1355/547 1183/1344/547
f 1195/1355/546 1196/1372/546 1184/1356/546
f 1196/1357/557 1197/1359/557 1185/1358/557
f 1197/1359/556 1198/1360/556 1186/1348/556
f 1198/1360/555 1199/1361/555 1187/1349/555
f 1199/1361/554 1200/1363/554 1188/1362/554
f 1200/1363/553 1201/1364/553 1189/1350/553
f 1201/1364/552 1190/1351/552 1178/1337/552
f 1202/1365/563 1203/1366/563 1191/1352/563
f 1203/1366/562 1204/1368/562 1192/1367/562
f 1204/1368/561 1205/1369/561 1193/1353/561
f 1205/1369/560 1206/1370/560 1194/1354/560
f 1206/1370/559 1207/1371/559 1195/1355/559
f 1207/1371/558 1208/1383/558 1196/1372/558
f 1208/1373/569 1209/1385/569 1197/1359/569
f 1197/1359/568 1209/1385/568 1210/1374/568
f 1210/1374/567 1211/1375/567 1199/1361/567
f 1211/1375/566 1212/1376/566 1200/1363/566
f 1212/1376/565 1213/1377/565 1201/1364/565
f 1213/1377/564 1202/1365/564 1190/1351/564
f 1202/1365/575 1214/1390/575 1215/1378/575
f 1203/1366/574 1215/1378/574 1216/1379/574
f 1204/1368/573 1216/1379/573 1217/1380/573
f 1217/1380/572 1218/1381/572 1206/1370/572
f 1218/1381/571 1219/1391/571 1207/1371/571
f 1207/1371/570 1219/1391/570 1220/1382/570
f 1220/1384/581 1221/1386/581 1209/1385/581
f 1221/1386/580 1222/1392/580 1210/1374/580
f 1210/1374/579 1222/1392/579 1223/1387/579
f 1223/1387/578 1224/1388/578 1212/1376/578
f 1224/1388/577 1225/1389/577 1213/1377/577
f 1225/1389/576 1214/1390/576 1202/1365/576
f 650/761/587 651/760/587 1215/1378/587
f 651/760/586 652/763/586 1216/1379/586
f 652/763/585 653/764/585 1217/1380/585
f 653/764/584 654/766/584 1218/1381/584
f 654/766/583 655/768/583 1219/1391/583
f 655/768/582 656/770/582 1220/1382/582
f 1220/1384/593 656/773/593 657/772/593
f 657/772/592 658/775/592 1222/1392/592
f 658/775/591 659/777/591 1223/1387/591
f 659/777/590 660/779/590 1224/1388/590
f 1224/1388/589 660/779/589 661/781/589
f 1225/1389/588 661/781/588 650/761/588
o 後輪左
v 2.466419 -0.250000 -2.666742
v 2.671954 -0.216506 -2.666742
v 2.822416 -0.125000 -2.666742
v 2.877489 0.000000 -2.666742
v 2.822416 0.125000 -2.666742
v 2.671954 0.216506 -2.666742
v 2.466419 0.250000 -2.666742
v 2.260884 0.216506 -2.666742
v 2.110422 0.125000 -2.666742
v 2.055349 0.000000 -2.666742
v 2.110422 -0.125000 -2.666742
v 2.260884 -0.216506 -2.666742
v 2.466419 -0.239306 -2.829900
v 2.671954 -0.206099 -2.825528
v 2.822416 -0.115376 -2.813584
v 2.877489 0.008555 -2.797268
v 2.822416 0.132486 -2.780952
v 2.671954 0.223209 -2.769008
v 2.466419 0.256416 -2.764637
v 2.260884 0.223209 -2.769008
v 2.110422 0.132486 -2.780952
v 2.055349 0.008555 -2.797268
v 2.110422 -0.115376 -2.813584
v 2.260884 -0.206099 -2.825528
v 2.466419 -0.207407 -2.990266
v 2.671954 -0.175055 -2.981597
v 2.822416 -0.086667 -2.957913
v 2.877489 0.034074 -2.925561
v 2.822416 0.154815 -2.893209
v 2.671954 0.243203 -2.869525
v 2.466419 0.275556 -2.860856
v 2.260884 0.243203 -2.869525
v 2.110422 0.154815 -2.893209
v 2.055349 0.034074 -2.925561
v 2.110422 -0.086667 -2.957913
v 2.260884 -0.175055 -2.981597
v 2.466419 -0.154849 -3.145096
v 2.671954 -0.123905 -3.132279
v 2.822416 -0.039364 -3.097261
v 2.877489 0.076120 -3.049425
v 2.822416 0.191605 -3.001590
v 2.671954 0.276146 -2.966572
v 2.466419 0.307090 -2.953754
v 2.260884 0.276146 -2.966572
v 2.110422 0.191605 -3.001590
v 2.055349 0.076120 -3.049425
v 2.110422 -0.039364 -3.097261
v 2.260884 -0.123905 -3.132279
v 2.466419 -0.082532 -3.291742
v 2.671954 -0.053525 -3.274995
v 2.822416 0.025721 -3.229242
v 2.877489 0.133975 -3.166742
v 2.822416 0.242228 -3.104242
v 2.671954 0.321475 -3.058489
v 2.466419 0.350481 -3.041742
v 2.260884 0.321475 -3.058489
v 2.110422 0.242228 -3.104242
v 2.055349 0.133975 -3.166742
v 2.110422 0.025721 -3.229242
v 2.260884 -0.053525 -3.274995
v 2.466419 0.008308 -3.427693
v 2.671954 0.034881 -3.407304
v 2.822416 0.107477 -3.351598
v 2.877489 0.206647 -3.275503
v 2.822416 0.305816 -3.199408
v 2.671954 0.378413 -3.143703
v 2.466419 0.404985 -3.123313
v 2.260884 0.378413 -3.143703
v 2.110422 0.305816 -3.199408
v 2.055349 0.206647 -3.275503
v 2.110422 0.107477 -3.351598
v 2.260884 0.034881 -3.407304
v 2.466419 0.116117 -3.550625
v 2.671954 0.139800 -3.526942
v 2.822416 0.204505 -3.462237
v 2.877489 0.292893 -3.373849
v 2.822416 0.381282 -3.285460
v 2.671954 0.445986 -3.220756
v 2.466419 0.469670 -3.197072
v 2.260884 0.445986 -3.220756
v 2.110422 0.381282 -3.285460
v 2.055349 0.292893 -3.373849
v 2.110422 0.204505 -3.462237
v 2.260884 0.139800 -3.526942
v 2.466419 0.239048 -3.658433
v 2.671954 0.259438 -3.631861
v 2.822416 0.315143 -3.559264
v 2.877489 0.391238 -3.460095
v 2.822416 0.467334 -3.360926
v 2.671954 0.523039 -3.288329
v 2.466419 0.543429 -3.261757
v 2.260884 0.523039 -3.288329
v 2.110422 0.467334 -3.360926
v 2.055349 0.391238 -3.460095
v 2.110422 0.315143 -3.559264
v 2.260884 0.259438 -3.631861
v 2.466419 0.375000 -3.749274
v 2.671954 0.391747 -3.720267
v 2.822416 0.437500 -3.641021
v 2.877489 0.500000 -3.532767
v 2.822416 0.562500 -3.424514
v 2.671954 0.608253 -3.345267
v 2.466419 0.625000 -3.316261
v 2.260884 0.608253 -3.345267
v 2.110422 0.562500 -3.424514
v 2.055349 0.500000 -3.532767
v 2.110422 0.437500 -3.641021
v 2.260884 0.391747 -3.720267
v 2.466419 0.521645 -3.821591
v 2.671954 0.534463 -3.790647
v 2.822416 0.569481 -3.706106
v 2.877489 0.617316 -3.590621
v 2.822416 0.665152 -3.475136
v 2.671954 0.700170 -3.390595
v 2.466419 0.712987 -3.359652
v 2.260884 0.700170 -3.390595
v 2.110422 0.665152 -3.475136
v 2.055349 0.617316 -3.590621
v 2.110422 0.569481 -3.706106
v 2.260884 0.534463 -3.790647
v 2.466419 0.676476 -3.874149
v 2.671954 0.685145 -3.841797
v 2.822416 0.708829 -3.753408
v 2.877489 0.741181 -3.632668
v 2.822416 0.773533 -3.511927
v 2.671954 0.797217 -3.423539
v 2.466419 0.805886 -3.391186
v 2.260884 0.797217 -3.423539
v 2.110422 0.773533 -3.511927
v 2.055349 0.741181 -3.632668
v 2.110422 0.708829 -3.753408
v 2.260884 0.685145 -3.841797
v 2.466419 0.836842 -3.906048
v 2.671954 0.841214 -3.872841
v 2.822416 0.853158 -3.782117
v 2.877489 0.869474 -3.658187
v 2.822416 0.885790 -3.534256
v 2.671954 0.897734 -3.443532
v 2.466419 0.902106 -3.410326
v 2.260884 0.897734 -3.443532
v 2.110422 0.885790 -3.534256
v 2.055349 0.869474 -3.658187
v 2.110422 0.853158 -3.782117
v 2.260884 0.841214 -3.872841
v 2.466419 1.000000 -3.916742
v 2.671954 1.000000 -3.883248
v 2.822416 1.000000 -3.791742
v 2.877489 1.000000 -3.666742
v 2.822416 1.000000 -3.541742
v 2.671954 1.000000 -3.450235
v 2.466419 1.000000 -3.416742
v 2.260884 1.000000 -3.450235
v 2.110422 1.000000 -3.541742
v 2.055349 1.000000 -3.666742
v 2.110422 1.000000 -3.791742
v 2.260884 1.000000 -3.883248
v 2.466419 1.163158 -3.906048
v 2.671954 1.158786 -3.872841
v 2.822416 1.146842 -3.782117
v 2.877489 1.130526 -3.658187
v 2.822416 1.114210 -3.534256
v 2.671954 1.102267 -3.443532
v 2.466419 1.097895 -3.410326
v 2.260884 1.102267 -3.443532
v 2.110422 1.114211 -3.534256
v 2.055349 1.130526 -3.658187
v 2.110422 1.146842 -3.782117
v 2.260884 1.158786 -3.872841
v 2.466419 1.323524 -3.874149
v 2.671954 1.314855 -3.841797
v 2.822416 1.291171 -3.753408
v 2.877489 1.258819 -3.632668
v 2.822416 1.226467 -3.511927
v 2.671954 1.202783 -3.423539
v 2.466419 1.194114 -3.391186
v 2.260884 1.202783 -3.423539
v 2.110422 1.226467 -3.511927
v 2.055349 1.258819 -3.632668
v 2.110422 1.291171 -3.753408
v 2.260884 1.314855 -3.841797
v 2.466419 1.478354 -3.821591
v 2.671954 1.465537 -3.790647
v 2.822416 1.430519 -3.706106
v 2.877489 1.382684 -3.590621
v 2.822416 1.334848 -3.475136
v 2.671954 1.299830 -3.390595
v 2.466419 1.287013 -3.359652
v 2.260884 1.299830 -3.390595
v 2.110422 1.334848 -3.475136
v 2.055349 1.382684 -3.590621
v 2.110422 1.430519 -3.706106
v 2.260884 1.465537 -3.790647
v 2.466419 1.625000 -3.749274
v 2.671954 1.608253 -3.720267
v 2.822416 1.562500 -3.641021
v 2.877489 1.500000 -3.532767
v 2.822416 1.437500 -3.424514
v 2.671954 1.391747 -3.345267
v 2.466419 1.375000 -3.316261
v 2.260884 1.391747 -3.345267
v 2.110422 1.437500 -3.424514
v 2.055349 1.500000 -3.532767
v 2.110422 1.562500 -3.641021
v 2.260884 1.608253 -3.720267
v 2.466419 1.760952 -3.658433
v 2.671954 1.740562 -3.631861
v 2.822416 1.684857 -3.559264
v 2.877489 1.608761 -3.460095
v 2.822416 1.532666 -3.360926
v 2.671954 1.476961 -3.288329
v 2.466419 1.456571 -3.261757
v 2.260884 1.476961 -3.288329
v 2.110422 1.532666 -3.360926
v 2.055349 1.608761 -3.460095
v 2.110422 1.684857 -3.559264
v 2.260884 1.740562 -3.631861
v 2.466419 1.883884 -3.550625
v 2.671954 1.860200 -3.526942
v 2.822416 1.795495 -3.462237
v 2.877489 1.707107 -3.373848
v 2.822416 1.618719 -3.285460
v 2.671954 1.554014 -3.220755
v 2.466419 1.530330 -3.197072
v 2.260884 1.554014 -3.220755
v 2.110422 1.618719 -3.285460
v 2.055349 1.707107 -3.373848
v 2.110422 1.795495 -3.462237
v 2.260884 1.860200 -3.526942
v 2.466419 1.991692 -3.427694
v 2.671954 1.965119 -3.407304
v 2.822416 1.892522 -3.351599
v 2.877489 1.793353 -3.275503
v 2.822416 1.694184 -3.199408
v 2.671954 1.621587 -3.143703
v 2.466419 1.595015 -3.123313
v 2.260884 1.621587 -3.143703
v 2.110422 1.694184 -3.199408
v 2.055349 1.793353 -3.275503
v 2.110422 1.892522 -3.351599
v 2.260884 1.965119 -3.407304
v 2.466419 2.082531 -3.291742
v 2.671954 2.053525 -3.274995
v 2.822416 1.974278 -3.229242
v 2.877489 1.866025 -3.166742
v 2.822416 1.757772 -3.104242
v 2.671954 1.678525 -3.058489
v 2.466419 1.649519 -3.041742
v 2.260884 1.678525 -3.058489
v 2.110422 1.757772 -3.104242
v 2.055349 1.866025 -3.166742
v 2.110422 1.974278 -3.229242
v 2.260884 2.053525 -3.274995
v 2.466419 2.154850 -3.145096
v 2.671954 2.123905 -3.132279
v 2.822416 2.039364 -3.097261
v 2.877489 1.923880 -3.049425
v 2.822416 1.808395 -3.001590
v 2.671954 1.723854 -2.966572
v 2.466419 1.692910 -2.953754
v 2.260884 1.723854 -2.966572
v 2.110422 1.808395 -3.001590
v 2.055349 1.923880 -3.049425
v 2.110422 2.039364 -3.097261
v 2.260884 2.123905 -3.132279
v 2.466419 2.207407 -2.990265
v 2.671954 2.175055 -2.981597
v 2.822416 2.086667 -2.957913
v 2.877489 1.965926 -2.925561
v 2.822416 1.845185 -2.893209
v 2.671954 1.756797 -2.869525
v 2.466419 1.724444 -2.860856
v 2.260884 1.756797 -2.869525
v 2.110422 1.845185 -2.893209
v 2.055349 1.965926 -2.925561
v 2.110422 2.086667 -2.957913
v 2.260884 2.175055 -2.981597
v 2.466419 2.239306 -2.829900
v 2.671954 2.206099 -2.825528
v 2.822416 2.115376 -2.813584
v 2.877489 1.991445 -2.797268
v 2.822416 1.867514 -2.780952
v 2.671954 1.776791 -2.769008
v 2.466419 1.743584 -2.764637
v 2.260884 1.776791 -2.769008
v 2.110422 1.867514 -2.780952
v 2.055349 1.991445 -2.797268
v 2.110422 2.115376 -2.813584
v 2.260884 2.206099 -2.825528
v 2.466419 2.250000 -2.666742
v 2.671954 2.216506 -2.666742
v 2.822416 2.125000 -2.666742
v 2.877489 2.000000 -2.666742
v 2.822416 1.875000 -2.666742
v 2.671954 1.783494 -2.666742
v 2.466419 1.750000 -2.666742
v 2.260884 1.783494 -2.666742
v 2.110422 1.875000 -2.666742
v 2.055349 2.000000 -2.666742
v 2.110422 2.125000 -2.666742
v 2.260884 2.216506 -2.666742
v 2.466419 2.239306 -2.503584
v 2.671954 2.206099 -2.507956
v 2.822416 2.115376 -2.519900
v 2.877489 1.991445 -2.536216
v 2.822416 1.867514 -2.552531
v 2.671954 1.776791 -2.564475
v 2.466419 1.743584 -2.568847
v 2.260884 1.776791 -2.564475
v 2.110422 1.867514 -2.552531
v 2.055349 1.991445 -2.536216
v 2.110422 2.115376 -2.519900
v 2.260884 2.206099 -2.507956
v 2.466419 2.207407 -2.343218
v 2.671954 2.175055 -2.351887
v 2.822416 2.086667 -2.375571
v 2.877489 1.965926 -2.407923
v 2.822416 1.845185 -2.440275
v 2.671954 1.756797 -2.463959
v 2.466419 1.724444 -2.472628
v 2.260884 1.756797 -2.463959
v 2.110422 1.845185 -2.440275
v 2.055349 1.965926 -2.407923
v 2.110422 2.086667 -2.375571
v 2.260884 2.175055 -2.351887
v 2.466419 2.154850 -2.188388
v 2.671954 2.123906 -2.201205
v 2.822416 2.039365 -2.236223
v 2.877489 1.923880 -2.284059
v 2.822416 1.808395 -2.331894
v 2.671954 1.723854 -2.366912
v 2.466419 1.692910 -2.379730
v 2.260884 1.723854 -2.366912
v 2.110422 1.808395 -2.331894
v 2.055349 1.923880 -2.284059
v 2.110422 2.039365 -2.236223
v 2.260884 2.123906 -2.201205
v 2.466419 2.082532 -2.041742
v 2.671954 2.053525 -2.058489
v 2.822416 1.974279 -2.104242
v 2.877489 1.866025 -2.166742
v 2.822416 1.757772 -2.229242
v 2.671954 1.678525 -2.274995
v 2.466419 1.649519 -2.291742
v 2.260884 1.678525 -2.274995
v 2.110422 1.757772 -2.229242
v 2.055349 1.866025 -2.166742
v 2.110422 1.974279 -2.104242
v 2.260884 2.053525 -2.058489
v 2.466419 1.991692 -1.905790
v 2.671954 1.965119 -1.926180
v 2.822416 1.892522 -1.981885
v 2.877489 1.793353 -2.057981
v 2.822416 1.694184 -2.134076
v 2.671954 1.621587 -2.189781
v 2.466419 1.595015 -2.210171
v 2.260884 1.621587 -2.189781
v 2.110422 1.694184 -2.134076
v 2.055349 1.793353 -2.057981
v 2.110422 1.892522 -1.981885
v 2.260884 1.965119 -1.926180
v 2.466419 1.883884 -1.782859
v 2.671954 1.860200 -1.806542
v 2.822416 1.795495 -1.871247
v 2.877489 1.707107 -1.959635
v 2.822416 1.618719 -2.048024
v 2.671954 1.554014 -2.112728
v 2.466419 1.530330 -2.136412
v 2.260884 1.554014 -2.112728
v 2.110422 1.618719 -2.048024
v 2.055349 1.707107 -1.959635
v 2.110422 1.795495 -1.871247
v 2.260884 1.860200 -1.806542
v 2.466419 1.760952 -1.675050
v 2.671954 1.740563 -1.701623
v 2.822416 1.684857 -1.774220
v 2.877489 1.608762 -1.873389
v 2.822416 1.532667 -1.972558
v 2.671954 1.476961 -2.045155
v 2.466419 1.456571 -2.071727
v 2.260884 1.476961 -2.045155
v 2.110422 1.532667 -1.972558
v 2.055349 1.608762 -1.873389
v 2.110422 1.684857 -1.774220
v 2.260884 1.740563 -1.701623
v 2.466419 1.625000 -1.584210
v 2.671954 1.608253 -1.613216
v 2.822416 1.562500 -1.692463
v 2.877489 1.500000 -1.800716
v 2.822416 1.437500 -1.908970
v 2.671954 1.391747 -1.988216
v 2.466419 1.375000 -2.017223
v 2.260884 1.391747 -1.988216
v 2.110422 1.437500 -1.908970
v 2.055349 1.500000 -1.800716
v 2.110422 1.562500 -1.692463
v 2.260884 1.608253 -1.613216
v 2.466419 1.478354 -1.511892
v 2.671954 1.465537 -1.542837
v 2.822416 1.430519 -1.627377
v 2.877489 1.382684 -1.742862
v 2.822416 1.334848 -1.858347
v 2.671954 1.299830 -1.942888
v 2.466419 1.287013 -1.973832
v 2.260884 1.299830 -1.942888
v 2.110422 1.334848 -1.858347
v 2.055349 1.382684 -1.742862
v 2.110422 1.430519 -1.627377
v 2.260884 1.465537 -1.542837
v 2.466419 1.323524 -1.459335
v 2.671954 1.314855 -1.491687
v 2.822416 1.291172 -1.580075
v 2.877489 1.258819 -1.700816
v 2.822416 1.226467 -1.821557
v 2.671954 1.202783 -1.909945
v 2.466419 1.194115 -1.942297
v 2.260884 1.202783 -1.909945
v 2.110422 1.226467 -1.821557
v 2.055349 1.258819 -1.700816
v 2.110422 1.291172 -1.580075
v 2.260884 1.314855 -1.491687
v 2.466419 1.163159 -1.427436
v 2.671954 1.158787 -1.460643
v 2.822416 1.146843 -1.551366
v 2.877489 1.130527 -1.675297
v 2.822416 1.114211 -1.799228
v 2.671954 1.102267 -1.889951
v 2.466419 1.097895 -1.923158
v 2.260884 1.102267 -1.889951
v 2.110422 1.114211 -1.799228
v 2.055349 1.130527 -1.675297
v 2.110422 1.146843 -1.551366
v 2.260884 1.158787 -1.460643
v 2.466419 1.000000 -1.416742
v 2.671954 1.000000 -1.450235
v 2.822416 1.000000 -1.541742
v 2.877489 1.000000 -1.666742
v 2.822416 1.000000 -1.791742
v 2.671954 1.000000 -1.883248
v 2.466419 1.000000 -1.916742
v 2.260884 1.000000 -1.883248
v 2.110422 1.000000 -1.791742
v 2.055349 1.000000 -1.666742
v 2.110422 1.000000 -1.541742
v 2.260884 1.000000 -1.450235
v 2.466419 0.836842 -1.427436
v 2.671954 0.841214 -1.460643
v 2.822416 0.853158 -1.551366
v 2.877489 0.869474 -1.675297
v 2.822416 0.885790 -1.799228
v 2.671954 0.897734 -1.889951
v 2.466419 0.902106 -1.923158
v 2.260884 0.897734 -1.889951
v 2.110422 0.885790 -1.799228
v 2.055349 0.869474 -1.675297
v 2.110422 0.853158 -1.551366
v 2.260884 0.841214 -1.460643
v 2.466419 0.676477 -1.459334
v 2.671954 0.685145 -1.491687
v 2.822416 0.708829 -1.580075
v 2.877489 0.741181 -1.700816
v 2.822416 0.773534 -1.821557
v 2.671954 0.797217 -1.909945
v 2.466419 0.805886 -1.942297
v 2.260884 0.797217 -1.909945
v 2.110422 0.773534 -1.821557
v 2.055349 0.741181 -1.700816
v 2.110422 0.708829 -1.580075
v 2.260884 0.685145 -1.491687
v 2.466419 0.521645 -1.511893
v 2.671954 0.534463 -1.542837
v 2.822416 0.569481 -1.627378
v 2.877489 0.617316 -1.742862
v 2.822416 0.665152 -1.858347
v 2.671954 0.700170 -1.942888
v 2.466419 0.712987 -1.973832
v 2.260884 0.700170 -1.942888
v 2.110422 0.665152 -1.858347
v 2.055349 0.617316 -1.742862
v 2.110422 0.569481 -1.627378
v 2.260884 0.534463 -1.542837
v 2.466419 0.375000 -1.584210
v 2.671954 0.391747 -1.613216
v 2.822416 0.437500 -1.692463
v 2.877489 0.500000 -1.800716
v 2.822416 0.562500 -1.908970
v 2.671954 0.608253 -1.988216
v 2.466419 0.625000 -2.017223
v 2.260884 0.608253 -1.988216
v 2.110422 0.562500 -1.908970
v 2.055349 0.500000 -1.800716
v 2.110422 0.437500 -1.692463
v 2.260884 0.391747 -1.613216
v 2.466419 0.239048 -1.675050
v 2.671954 0.259438 -1.701622
v 2.822416 0.315144 -1.774219
v 2.877489 0.391239 -1.873388
v 2.822416 0.467334 -1.972558
v 2.671954 0.523039 -2.045155
v 2.466419 0.543429 -2.071727
v 2.260884 0.523039 -2.045155
v 2.110422 0.467334 -1.972558
v 2.055349 0.391239 -1.873388
v 2.110422 0.315144 -1.774219
v 2.260884 0.259438 -1.701622
v 2.466419 0.116117 -1.782858
v 2.671954 0.139801 -1.806541
v 2.822416 0.204505 -1.871246
v 2.877489 0.292894 -1.959635
v 2.822416 0.381282 -2.048023
v 2.671954 0.445987 -2.112728
v 2.466419 0.469670 -2.136411
v 2.260884 0.445987 -2.112728
v 2.110422 0.381282 -2.048023
v 2.055349 0.292894 -1.959635
v 2.110422 0.204505 -1.871246
v 2.260884 0.139801 -1.806541
v 2.466419 0.008308 -1.905790
v 2.671954 0.034881 -1.926180
v 2.822416 0.107477 -1.981885
v 2.877489 0.206647 -2.057981
v 2.822416 0.305816 -2.134076
v 2.671954 0.378413 -2.189781
v 2.466419 0.404985 -2.210171
v 2.260884 0.378413 -2.189781
v 2.110422 0.305816 -2.134076
v 2.055349 0.206647 -2.057981
v 2.110422 0.107477 -1.981885
v 2.260884 0.034881 -1.926180
v 2.466419 -0.082532 -2.041742
v 2.671954 -0.053525 -2.058489
v 2.822416 0.025721 -2.104242
v 2.877489 0.133975 -2.166742
v 2.822416 0.242228 -2.229242
v 2.671954 0.321475 -2.274995
v 2.466419 0.350481 -2.291742
v 2.260884 0.321475 -2.274995
v 2.110422 0.242228 -2.229242
v 2.055349 0.133975 -2.166742
v 2.110422 0.025721 -2.104242
v 2.260884 -0.053525 -2.058489
v 2.466419 -0.154849 -2.188387
v 2.671954 -0.123905 -2.201205
v 2.822416 -0.039364 -2.236223
v 2.877489 0.076121 -2.284058
v 2.822416 0.191606 -2.331893
v 2.671954 0.276146 -2.366911
v 2.466419 0.307090 -2.379729
v 2.260884 0.276146 -2.366911
v 2.110422 0.191606 -2.331893
v 2.055349 0.076121 -2.284058
v 2.110422 -0.039364 -2.236223
v 2.260884 -0.123905 -2.201205
v 2.466419 -0.207407 -2.343218
v 2.671954 -0.175055 -2.351887
v 2.822416 -0.086667 -2.375571
v 2.877489 0.034074 -2.407923
v 2.822416 0.154815 -2.440275
v 2.671954 0.243203 -2.463959
v 2.466419 0.275556 -2.472628
v 2.260884 0.243203 -2.463959
v 2.110422 0.154815 -2.440275
v 2.055349 0.034074 -2.407923
v 2.110422 -0.086667 -2.375571
v 2.260884 -0.175055 -2.351887
v 2.466419 -0.239306 -2.503584
v 2.671954 -0.206099 -2.507956
v 2.822416 -0.115376 -2.519900
v 2.877489 0.008555 -2.536216
v 2.822416 0.132486 -2.552531
v 2.671954 0.223209 -2.564476
v 2.466419 0.256416 -2.568847
v 2.260884 0.223209 -2.564476
v 2.110422 0.132486 -2.552531
v 2.055349 0.008555 -2.536216
v 2.110422 -0.115376 -2.519900
v 2.260884 -0.206099 -2.507956
vn 0.1605 -0.9849 -0.0646
vn 0.5188 -0.8531 -0.0559
vn 0.9148 -0.4030 -0.0264
vn 0.9148 0.4030 0.0264
vn 0.5188 0.8531 0.0559
vn 0.1605 0.9849 0.0646
vn -0.1605 0.9849 0.0646
vn -0.5188 0.8531 0.0559
vn -0.9148 0.4030 0.0264
vn -0.9148 -0.4030 -0.0264
vn -0.5188 -0.8531 -0.0559
vn -0.1605 -0.9849 -0.0646
vn 0.1605 -0.9681 -0.1926
vn 0.5188 -0.8385 -0.1668
vn 0.9148 -0.3961 -0.0788
vn 0.9148 0.3961 0.0788
vn 0.5188 0.8385 0.1668
vn 0.1605 0.9681 0.1926
vn -0.1605 0.9681 0.1926
vn -0.5188 0.8385 0.1668
vn -0.9148 0.3961 0.0788
vn -0.9148 -0.3961 -0.0788
vn -0.5188 -0.8385 -0.1668
vn -0.1605 -0.9681 -0.1926
vn 0.1605 -0.9347 -0.3173
vn 0.5188 -0.8095 -0.2748
vn 0.9148 -0.3825 -0.1298
vn 0.9148 0.3825 0.1298
vn 0.5188 0.8095 0.2748
vn 0.1605 0.9347 0.3173
vn -0.1605 0.9347 0.3173
vn -0.5188 0.8095 0.2748
vn -0.9148 0.3825 0.1298
vn -0.9148 -0.3825 -0.1298
vn -0.5188 -0.8095 -0.2748
vn -0.1605 -0.9347 -0.3173
vn 0.1605 -0.8852 -0.4366
vn 0.5188 -0.7667 -0.3781
vn 0.9148 -0.3623 -0.1786
vn 0.9148 0.3623 0.1786
vn 0.5188 0.7667 0.3781
vn 0.1605 0.8852 0.4366
vn -0.1605 0.8852 0.4366
vn -0.5188 0.7667 0.3781
vn -0.9148 0.3623 0.1786
vn -0.9148 -0.3623 -0.1786
vn -0.5188 -0.7667 -0.3781
vn -0.1605 -0.8852 -0.4366
vn 0.1605 -0.8207 -0.5484
vn 0.5188 -0.7108 -0.4750
vn 0.9148 -0.3358 -0.2244
vn 0.9148 0.3358 0.2244
vn 0.5188 0.7108 0.4750
vn 0.1605 0.8207 0.5484
vn -0.1605 0.8207 0.5484
vn -0.5188 0.7108 0.4750
vn -0.9148 0.3358 0.2244
vn -0.9148 -0.3358 -0.2244
vn -0.5188 -0.7108 -0.4750
vn -0.1605 -0.8207 -0.5484
vn 0.1605 -0.7421 -0.6508
vn 0.5188 -0.6427 -0.5637
vn 0.9148 -0.3037 -0.2663
vn 0.9148 0.3037 0.2663
vn 0.5188 0.6427 0.5637
vn 0.1605 0.7421 0.6508
vn -0.1605 0.7421 0.6508
vn -0.5188 0.6427 0.5637
vn -0.9148 0.3037 0.2663
vn -0.9148 -0.3037 -0.2663
vn -0.5188 -0.6427 -0.5637
vn -0.1605 -0.7421 -0.6508
vn 0.1605 -0.6508 -0.7421
vn 0.5188 -0.5637 -0.6427
vn 0.9148 -0.2663 -0.3037
vn 0.9148 0.2663 0.3037
vn 0.5188 0.5637 0.6427
vn 0.1605 0.6508 0.7421
vn -0.1605 0.6508 0.7421
vn -0.5188 0.5637 0.6427
vn -0.9148 0.2663 0.3037
vn -0.9148 -0.2663 -0.3037
vn -0.5188 -0.5637 -0.6427
vn -0.1605 -0.6508 -0.7421
vn 0.1605 -0.5484 -0.8207
vn 0.5188 -0.4750 -0.7108
vn 0.9148 -0.2244 -0.3358
vn 0.9148 0.2244 0.3358
vn 0.5188 0.4750 0.7108
vn 0.1605 0.5484 0.8207
vn -0.1605 0.5484 0.8207
vn -0.5188 0.4750 0.7108
vn -0.9148 0.2244 0.3358
vn -0.9148 -0.2244 -0.3358
vn -0.5188 -0.4750 -0.7108
vn -0.1605 -0.5484 -0.8207
vn 0.1605 -0.4366 -0.8852
vn 0.5188 -0.3781 -0.7667
vn 0.9148 -0.1786 -0.3623
vn 0.9148 0.1786 0.3623
vn 0.5188 0.3781 0.7667
vn 0.1605 0.4366 0.8852
vn -0.1605 0.4366 0.8852
vn -0.5188 0.3781 0.7667
vn -0.9148 0.1786 0.3623
vn -0.9148 -0.1786 -0.3623
vn -0.5188 -0.3781 -0.7667
vn -0.1605 -0.4366 -0.8852
vn 0.1605 -0.3173 -0.9347
vn 0.5188 -0.2748 -0.8095
vn 0.9148 -0.1298 -0.3825
vn 0.9148 0.1298 0.3825
vn 0.5188 0.2748 0.8095
vn 0.1605 0.3173 0.9347
vn -0.1605 0.3173 0.9347
vn -0.5188 0.2748 0.8095
vn -0.9148 0.1298 0.3825
vn -0.9148 -0.1298 -0.3825
vn -0.5188 -0.2748 -0.8095
vn -0.1605 -0.3173 -0.9347
vn 0.1605 -0.1926 -0.9681
vn 0.5188 -0.1668 -0.8385
vn 0.9148 -0.0788 -0.3961
vn 0.9148 0.0788 0.3961
vn 0.5188 0.1668 0.8385
vn 0.1605 0.1926 0.9681
vn -0.1605 0.1926 0.9681
vn -0.5188 0.1668 0.8385
vn -0.9148 0.0788 0.3961
vn -0.9148 -0.0788 -0.3961
vn -0.5188 -0.1668 -0.8385
vn -0.1605 -0.1926 -0.9681
vn 0.1605 -0.0646 -0.9849
vn 0.5188 -0.0559 -0.8531
vn 0.9148 -0.0264 -0.4030
vn 0.9148 0.0264 0.4030
vn 0.5188 0.0559 0.8531
vn 0.1605 0.0646 0.9849
vn -0.1605 0.0646 0.9849
vn -0.5188 0.0559 0.8531
vn -0.9148 0.0264 0.4030
vn -0.9148 -0.0264 -0.4030
vn -0.5188 -0.0559 -0.8531
vn -0.1605 -0.0646 -0.9849
vn 0.1605 0.0646 -0.9849
vn 0.5188 0.0559 -0.8531
vn 0.9148 0.0264 -0.4030
vn 0.9148 -0.0264 0.4030
vn 0.5188 -0.0559 0.8531
vn 0.1605 -0.0646 0.9849
vn -0.1605 -0.0646 0.9849
vn -0.5188 -0.0559 0.8531
vn -0.9148 -0.0264 0.4030
vn -0.9148 0.0264 -0.4030
vn -0.5188 0.0559 -0.8531
vn -0.1605 0.0646 -0.9849
vn 0.1605 0.1926 -0.9681
vn 0.5188 0.1668 -0.8385
vn 0.9148 0.0788 -0.3961
vn 0.9148 -0.0788 0.3961
vn 0.5188 -0.1668 0.8385
vn 0.1605 -0.1926 0.9681
vn -0.1605 -0.1926 0.9681
vn -0.5188 -0.1668 0.8385
vn -0.9148 -0.0788 0.3961
vn -0.9148 0.0788 -0.3961
vn -0.5188 0.1668 -0.8385
vn -0.1605 0.1926 -0.9681
vn 0.1605 0.3173 -0.9347
vn 0.5188 0.2748 -0.8095
vn 0.9148 0.1298 -0.3825
vn 0.9148 -0.1298 0.3825
vn 0.5188 -0.2748 0.8095
vn 0.1605 -0.3173 0.9347
vn -0.1605 -0.3173 0.9347
vn -0.5188 -0.2748 0.8095
vn -0.9148 -0.1298 0.3825
vn -0.9148 0.1298 -0.3825
vn -0.5188 0.2748 -0.8095
vn -0.1605 0.3173 -0.9347
vn 0.1605 0.4366 -0.8852
vn 0.5188 0.3781 -0.7667
vn 0.9148 0.1786 -0.3623
vn 0.9148 -0.1786 0.3623
vn 0.5188 -0.3781 0.7667
vn 0.1605 -0.4366 0.8852
vn -0.1605 -0.4366 0.8852
vn -0.5188 -0.3781 0.7667
vn -0.9148 -0.1786 0.3623
vn -0.9148 0.1786 -0.3623
vn -0.5188 0.3781 -0.7667
vn -0.1605 0.4366 -0.8852
vn 0.1605 0.5484 -0.8207
vn 0.5188 0.4750 -0.7108
vn 0.9148 0.2244 -0.3358
vn 0.9148 -0.2244 0.3358
vn 0.5188 -0.4750 0.7108
vn 0.1605 -0.5484 0.8207
vn -0.1605 -0.5484 0.8207
vn -0.5188 -0.4750 0.7108
vn -0.9148 -0.2244 0.3358
vn -0.9148 0.2244 -0.3358
vn -0.5188 0.4750 -0.7108
vn -0.1605 0.5484 -0.8207
vn 0.1605 0.6508 -0.7421
vn 0.5188 0.5637 -0.6427
vn 0.9148 0.2663 -0.3037
vn 0.9148 -0.2663 0.3037
vn 0.5188 -0.5637 0.6427
vn 0.1605 -0.6508 0.7421
vn -0.1605 -0.6508 0.7421
vn -0.5188 -0.5637 0.6427
vn -0.9148 -0.2663 0.3037
vn -0.9148 0.2663 -0.3037
vn -0.5188 0.5637 -0.6427
vn -0.1605 0.6508 -0.7421
vn 0.1605 0.7421 -0.6508
vn 0.5188 0.6427 -0.5637
vn 0.9148 0.3037 -0.2663
vn 0.9148 -0.3037 0.2663
vn 0.5188 -0.6427 0.5637
vn 0.1605 -0.7421 0.6508
vn -0.1605 -0.7421 0.6508
vn -0.5188 -0.6427 0.5637
vn -0.9148 -0.3037 0.2663
vn -0.9148 0.3037 -0.2663
vn -0.5188 0.6427 -0.5637
vn -0.1605 0.7421 -0.6508
vn 0.1605 0.8207 -0.5484
vn 0.5188 0.7108 -0.4750
vn 0.9148 0.3358 -0.2244
vn 0.9148 -0.3358 0.2244
vn 0.5188 -0.7108 0.4750
vn 0.1605 -0.8207 0.5484
vn -0.1605 -0.8207 0.5484
vn -0.5188 -0.7108 0.4750
vn -0.9148 -0.3358 0.2244
vn -0.9148 0.3358 -0.2244
vn -0.5188 0.7108 -0.4750
vn -0.1605 0.8207 -0.5484
vn 0.1605 0.8852 -0.4366
vn 0.5188 0.7667 -0.3781
vn 0.9148 0.3623 -0.1786
vn 0.9148 -0.3623 0.1786
vn 0.5188 -0.7667 0.3781
vn 0.1605 -0.8852 0.4366
vn -0.1605 -0.8852 0.4366
vn -0.5188 -0.7667 0.3781
vn -0.9148 -0.3623 0.1786
vn -0.9148 0.3623 -0.1786
vn -0.5188 0.7667 -0.3781
vn -0.1605 0.8852 -0.4366
vn 0.1605 0.9347 -0.3173
vn 0.5188 0.8095 -0.2748
vn 0.9148 0.3825 -0.1298
vn 0.9148 -0.3825 0.1298
vn 0.5188 -0.8095 0.2748
vn 0.1605 -0.9347 0.3173
vn -0.1605 -0.9347 0.3173
vn -0.5188 -0.8095 0.2748
vn -0.9148 -0.3825 0.1298
vn -0.9148 0.3825 -0.1298
vn -0.5188 0.8095 -0.2748
vn -0.1605 0.9347 -0.3173
vn 0.1605 0.9681 -0.1926
vn 0.5188 0.8385 -0.1668
vn 0.9148 0.3961 -0.0788
vn 0.9148 -0.3961 0.0788
vn 0.5188 -0.8385 0.1668
vn 0.1605 -0.9681 0.1926
vn -0.1605 -0.9681 0.1926
vn -0.5188 -0.8385 0.1668
vn -0.9148 -0.3961 0.0788
vn -0.9148 0.3961 -0.0788
vn -0.5188 0.8385 -0.1668
vn -0.1605 0.9681 -0.1926
vn 0.1605 0.9849 -0.0646
vn 0.5188 0.8531 -0.0559
vn 0.9148 0.4030 -0.0264
vn 0.9148 -0.4030 0.0264
vn 0.5188 -0.8531 0.0559
vn 0.1605 -0.9849 0.0646
vn -0.1605 -0.9849 0.0646
vn -0.5188 -0.8531 0.0559
vn -0.9148 -0.4030 0.0264
vn -0.9148 0.4030 -0.0264
vn -0.5188 0.8531 -0.0559
vn -0.1605 0.9849 -0.0646
vt 0.520833 0.500000
vt 0.500000 0.583333
vt 0.500000 0.500000
vt 0.520833 0.666667
vt 0.500000 0.666667
vt 0.500000 0.750000
vt 0.520833 0.750000
vt 0.500000 0.833333
vt 0.520833 0.833333
vt 0.500000 0.916667
vt 0.520833 1.000000
vt 0.500000 1.000000
vt 0.520833 0.000000
vt 0.500000 0.083333
vt 0.500000 0.000000
vt 0.520833 0.083333
vt 0.500000 0.166667
vt 0.520833 0.166667
vt 0.500000 0.250000
vt 0.520833 0.250000
vt 0.500000 0.333333
vt 0.520833 0.333333
vt 0.500000 0.416667
vt 0.520833 0.416667
vt 0.541667 0.500000
vt 0.520833 0.583333
vt 0.541667 0.583333
vt 0.541667 0.666667
vt 0.541667 0.750000
vt 0.541667 0.916667
vt 0.520833 0.916667
vt 0.541667 0.000000
vt 0.541667 0.083333
vt 0.541667 0.250000
vt 0.541667 0.333333
vt 0.541667 0.416667
vt 0.562500 0.583333
vt 0.562500 0.666667
vt 0.562500 0.833333
vt 0.541667 0.833333
vt 0.562500 0.916667
vt 0.562500 1.000000
vt 0.541667 1.000000
vt 0.562500 0.000000
vt 0.562500 0.083333
vt 0.541667 0.166667
vt 0.562500 0.250000
vt 0.562500 0.333333
vt 0.562500 0.416667
vt 0.562500 0.500000
vt 0.583333 0.583333
vt 0.583333 0.666667
vt 0.583333 0.750000
vt 0.562500 0.750000
vt 0.583333 0.916667
vt 0.583333 0.000000
vt 0.583333 0.083333
vt 0.562500 0.166667
vt 0.583333 0.250000
vt 0.583333 0.333333
vt 0.583333 0.416667
vt 0.604167 0.500000
vt 0.583333 0.500000
vt 0.604167 0.666667
vt 0.604167 0.750000
vt 0.583333 0.833333
vt 0.604167 0.916667
vt 0.583333 1.000000
vt 0.604167 0.000000
vt 0.604167 0.083333
vt 0.583333 0.166667
vt 0.604167 0.166667
vt 0.604167 0.250000
vt 0.604167 0.333333
vt 0.625000 0.500000
vt 0.604167 0.583333
vt 0.625000 0.583333
vt 0.625000 0.666667
vt 0.625000 0.750000
vt 0.604167 0.833333
vt 0.625000 0.833333
vt 0.625000 0.916667
vt 0.604167 1.000000
vt 0.625000 0.083333
vt 0.625000 0.166667
vt 0.625000 0.250000
vt 0.625000 0.416667
vt 0.604167 0.416667
vt 0.645833 0.500000
vt 0.645833 0.666667
vt 0.645833 0.750000
vt 0.645833 0.916667
vt 0.625000 1.000000
vt 0.645833 0.000000
vt 0.625000 0.000000
vt 0.645833 0.083333
vt 0.645833 0.250000
vt 0.645833 0.333333
vt 0.625000 0.333333
vt 0.645833 0.416667
vt 0.666667 0.500000
vt 0.645833 0.583333
vt 0.666667 0.666667
vt 0.666667 0.750000
vt 0.645833 0.833333
vt 0.666667 0.916667
vt 0.645833 1.000000
vt 0.666667 0.000000
vt 0.666667 0.083333
vt 0.645833 0.166667
vt 0.666667 0.166667
vt 0.666667 0.250000
vt 0.666667 0.333333
vt 0.666667 0.416667
vt 0.687500 0.583333
vt 0.666667 0.583333
vt 0.687500 0.666667
vt 0.687500 0.750000
vt 0.666667 0.833333
vt 0.687500 0.833333
vt 0.687500 0.916667
vt 0.666667 1.000000
vt 0.687500 0.000000
vt 0.687500 0.083333
vt 0.687500 0.250000
vt 0.687500 0.333333
vt 0.687500 0.416667
vt 0.708333 0.500000
vt 0.687500 0.500000
vt 0.708333 0.583333
vt 0.708333 0.666667
vt 0.708333 0.750000
vt 0.708333 0.916667
vt 0.687500 1.000000
vt 0.708333 0.000000
vt 0.708333 0.083333
vt 0.687500 0.166667
vt 0.708333 0.166667
vt 0.708333 0.250000
vt 0.708333 0.333333
vt 0.708333 0.416667
vt 0.729167 0.500000
vt 0.729167 0.583333
vt 0.729167 0.750000
vt 0.708333 0.833333
vt 0.729167 0.833333
vt 0.729167 0.916667
vt 0.708333 1.000000
vt 0.729167 0.083333
vt 0.729167 0.250000
vt 0.729167 0.333333
vt 0.729167 0.416667
vt 0.750000 0.500000
vt 0.750000 0.583333
vt 0.729167 0.666667
vt 0.750000 0.666667
vt 0.750000 0.833333
vt 0.750000 0.916667
vt 0.729167 1.000000
vt 0.750000 0.000000
vt 0.729167 0.000000
vt 0.750000 0.083333
vt 0.729167 0.166667
vt 0.750000 0.166667
vt 0.750000 0.250000
vt 0.750000 0.333333
vt 0.770833 0.500000
vt 0.770833 0.583333
vt 0.770833 0.666667
vt 0.750000 0.750000
vt 0.770833 0.750000
vt 0.770833 0.833333
vt 0.770833 0.916667
vt 0.750000 1.000000
vt 0.770833 0.083333
vt 0.770833 0.250000
vt 0.770833 0.333333
vt 0.770833 0.416667
vt 0.750000 0.416667
vt 0.791667 0.500000
vt 0.791667 0.666667
vt 0.791667 0.750000
vt 0.791667 0.833333
vt 0.791667 0.916667
vt 0.770833 1.000000
vt 0.791667 0.000000
vt 0.770833 0.000000
vt 0.791667 0.083333
vt 0.770833 0.166667
vt 0.791667 0.166667
vt 0.791667 0.250000
vt 0.791667 0.333333
vt 0.791667 0.416667
vt 0.812500 0.500000
vt 0.791667 0.583333
vt 0.812500 0.583333
vt 0.812500 0.666667
vt 0.812500 0.833333
vt 0.812500 0.916667
vt 0.791667 1.000000
vt 0.812500 0.000000
vt 0.812500 0.083333
vt 0.812500 0.250000
vt 0.812500 0.416667
vt 0.833333 0.500000
vt 0.833333 0.666667
vt 0.812500 0.750000
vt 0.833333 0.750000
vt 0.833333 0.833333
vt 0.833333 0.916667
vt 0.812500 1.000000
vt 0.833333 0.000000
vt 0.833333 0.083333
vt 0.812500 0.166667
vt 0.833333 0.166667
vt 0.833333 0.250000
vt 0.812500 0.333333
vt 0.833333 0.333333
vt 0.833333 0.416667
vt 0.854167 0.500000
vt 0.833333 0.583333
vt 0.854167 0.583333
vt 0.854167 0.666667
vt 0.854167 0.750000
vt 0.854167 0.833333
vt 0.854167 1.000000
vt 0.833333 1.000000
vt 0.854167 0.000000
vt 0.854167 0.166667
vt 0.854167 0.250000
vt 0.854167 0.333333
vt 0.854167 0.416667
vt 0.875000 0.500000
vt 0.875000 0.583333
vt 0.875000 0.750000
vt 0.875000 0.833333
vt 0.854167 0.916667
vt 0.875000 0.916667
vt 0.875000 0.000000
vt 0.854167 0.083333
vt 0.875000 0.166667
vt 0.875000 0.250000
vt 0.875000 0.333333
vt 0.875000 0.416667
vt 0.895833 0.500000
vt 0.895833 0.583333
vt 0.875000 0.666667
vt 0.895833 0.666667
vt 0.895833 0.833333
vt 0.895833 0.916667
vt 0.875000 1.000000
vt 0.895833 0.000000
vt 0.875000 0.083333
vt 0.895833 0.166667
vt 0.895833 0.250000
vt 0.895833 0.416667
vt 0.916667 0.583333
vt 0.916667 0.750000
vt 0.895833 0.750000
vt 0.916667 0.833333
vt 0.916667 0.916667
vt 0.895833 1.000000
vt 0.916667 0.000000
vt 0.895833 0.083333
vt 0.916667 0.083333
vt 0.916667 0.250000
vt 0.895833 0.333333
vt 0.916667 0.333333
vt 0.916667 0.416667
vt 0.937500 0.500000
vt 0.916667 0.500000
vt 0.937500 0.583333
vt 0.916667 0.666667
vt 0.937500 0.666667
vt 0.937500 0.833333
vt 0.937500 0.916667
vt 0.916667 1.000000
vt 0.937500 0.083333
vt 0.916667 0.166667
vt 0.937500 0.166667
vt 0.937500 0.250000
vt 0.937500 0.416667
vt 0.958333 0.583333
vt 0.958333 0.666667
vt 0.937500 0.750000
vt 0.958333 0.833333
vt 0.958333 0.916667
vt 0.937500 1.000000
vt 0.958333 0.000000
vt 0.937500 0.000000
vt 0.958333 0.083333
vt 0.958333 0.166667
vt 0.958333 0.333333
vt 0.937500 0.333333
vt 0.958333 0.416667
vt 0.979167 0.500000
vt 0.958333 0.500000
vt 0.979167 0.583333
vt 0.979167 0.666667
vt 0.958333 0.750000
vt 0.979167 0.750000
vt 0.979167 0.833333
vt 0.979167 0.916667
vt 0.958333 1.000000
vt 0.979167 0.000000
vt 0.979167 0.166667
vt 0.979167 0.250000
vt 0.958333 0.250000
vt 0.979167 0.333333
vt 0.979167 0.416667
vt 1.000000 0.583333
vt 1.000000 0.666667
vt 1.000000 0.750000
vt 1.000000 0.833333
vt 1.000000 0.916667
vt 0.979167 1.000000
vt 1.000000 0.000000
vt 0.979167 0.083333
vt 1.000000 0.166667
vt 1.000000 0.250000
vt 1.000000 0.333333
vt 1.000000 0.416667
vt 0.020833 0.500000
vt 0.000000 0.583333
vt 0.000000 0.500000
vt 0.020833 0.583333
vt 0.000000 0.666667
vt 0.020833 0.666667
vt 0.000000 0.750000
vt 0.020833 0.750000
vt 0.000000 0.833333
vt 0.020833 0.833333
vt 0.000000 0.916667
vt 0.020833 0.916667
vt 0.000000 1.000000
vt 0.000000 0.000000
vt 0.020833 0.083333
vt 0.000000 0.083333
vt 0.000000 0.166667
vt 0.020833 0.250000
vt 0.000000 0.250000
vt 0.020833 0.333333
vt 0.000000 0.333333
vt 0.020833 0.416667
vt 0.000000 0.416667
vt 0.041667 0.583333
vt 0.041667 0.666667
vt 0.041667 0.750000
vt 0.041667 0.833333
vt 0.041667 0.916667
vt 0.020833 1.000000
vt 0.041667 0.000000
vt 0.020833 0.000000
vt 0.041667 0.083333
vt 0.020833 0.166667
vt 0.041667 0.166667
vt 0.041667 0.250000
vt 0.041667 0.333333
vt 0.041667 0.500000
vt 0.062500 0.500000
vt 0.062500 0.583333
vt 0.062500 0.750000
vt 0.062500 0.833333
vt 0.062500 0.916667
vt 0.041667 1.000000
vt 0.062500 0.000000
vt 0.062500 0.166667
vt 0.062500 0.250000
vt 0.062500 0.416667
vt 0.041667 0.416667
vt 0.083333 0.500000
vt 0.083333 0.583333
vt 0.062500 0.666667
vt 0.083333 0.666667
vt 0.083333 0.750000
vt 0.083333 0.833333
vt 0.083333 1.000000
vt 0.062500 1.000000
vt 0.083333 0.000000
vt 0.062500 0.083333
vt 0.083333 0.083333
vt 0.083333 0.166667
vt 0.083333 0.333333
vt 0.062500 0.333333
vt 0.083333 0.416667
vt 0.104167 0.500000
vt 0.104167 0.583333
vt 0.104167 0.666667
vt 0.104167 0.833333
vt 0.083333 0.916667
vt 0.104167 0.916667
vt 0.104167 0.000000
vt 0.104167 0.166667
vt 0.083333 0.250000
vt 0.104167 0.250000
vt 0.104167 0.416667
vt 0.125000 0.500000
vt 0.125000 0.666667
vt 0.104167 0.750000
vt 0.125000 0.750000
vt 0.125000 0.833333
vt 0.125000 0.916667
vt 0.104167 1.000000
vt 0.125000 0.000000
vt 0.104167 0.083333
vt 0.125000 0.083333
vt 0.125000 0.250000
vt 0.104167 0.333333
vt 0.125000 0.333333
vt 0.125000 0.416667
vt 0.145833 0.583333
vt 0.125000 0.583333
vt 0.145833 0.666667
vt 0.145833 0.833333
vt 0.145833 0.916667
vt 0.125000 1.000000
vt 0.145833 0.000000
vt 0.145833 0.083333
vt 0.125000 0.166667
vt 0.145833 0.166667
vt 0.145833 0.250000
vt 0.145833 0.333333
vt 0.145833 0.416667
vt 0.145833 0.500000
vt 0.166667 0.583333
vt 0.166667 0.666667
vt 0.145833 0.750000
vt 0.166667 0.750000
vt 0.166667 0.916667
vt 0.145833 1.000000
vt 0.166667 0.000000
vt 0.166667 0.083333
vt 0.166667 0.166667
vt 0.166667 0.333333
vt 0.166667 0.416667
vt 0.187500 0.500000
vt 0.166667 0.500000
vt 0.187500 0.583333
vt 0.187500 0.666667
vt 0.187500 0.750000
vt 0.166667 0.833333
vt 0.187500 0.833333
vt 0.187500 0.916667
vt 0.166667 1.000000
vt 0.187500 0.000000
vt 0.187500 0.083333
vt 0.187500 0.250000
vt 0.166667 0.250000
vt 0.187500 0.416667
vt 0.208333 0.500000
vt 0.208333 0.583333
vt 0.208333 0.666667
vt 0.208333 0.750000
vt 0.208333 0.916667
vt 0.187500 1.000000
vt 0.208333 0.000000
vt 0.208333 0.083333
vt 0.187500 0.166667
vt 0.208333 0.166667
vt 0.208333 0.250000
vt 0.187500 0.333333
vt 0.208333 0.416667
vt 0.229167 0.500000
vt 0.229167 0.666667
vt 0.229167 0.750000
vt 0.208333 0.833333
vt 0.229167 0.916667
vt 0.208333 1.000000
vt 0.229167 0.000000
vt 0.229167 0.083333
vt 0.229167 0.250000
vt 0.208333 0.333333
vt 0.229167 0.333333
vt 0.229167 0.416667
vt 0.250000 0.500000
vt 0.229167 0.583333
vt 0.250000 0.583333
vt 0.250000 0.750000
vt 0.250000 0.833333
vt 0.229167 0.833333
vt 0.250000 1.000000
vt 0.229167 1.000000
vt 0.250000 0.000000
vt 0.250000 0.083333
vt 0.229167 0.166667
vt 0.250000 0.166667
vt 0.250000 0.250000
vt 0.250000 0.333333
vt 0.250000 0.416667
vt 0.270833 0.583333
vt 0.250000 0.666667
vt 0.270833 0.666667
vt 0.270833 0.750000
vt 0.270833 0.833333
vt 0.250000 0.916667
vt 0.270833 0.916667
vt 0.270833 0.000000
vt 0.270833 0.166667
vt 0.270833 0.250000
vt 0.270833 0.333333
vt 0.270833 0.416667
vt 0.291667 0.500000
vt 0.270833 0.500000
vt 0.291667 0.583333
vt 0.291667 0.666667
vt 0.291667 0.750000
vt 0.291667 0.833333
vt 0.291667 1.000000
vt 0.270833 1.000000
vt 0.291667 0.000000
vt 0.270833 0.083333
vt 0.291667 0.083333
vt 0.291667 0.250000
vt 0.291667 0.333333
vt 0.291667 0.416667
vt 0.312500 0.500000
vt 0.312500 0.583333
vt 0.312500 0.666667
vt 0.312500 0.750000
vt 0.312500 0.833333
vt 0.291667 0.916667
vt 0.312500 0.916667
vt 0.312500 0.000000
vt 0.312500 0.083333
vt 0.291667 0.166667
vt 0.312500 0.166667
vt 0.312500 0.333333
vt 0.312500 0.416667
vt 0.333333 0.500000
vt 0.333333 0.583333
vt 0.333333 0.750000
vt 0.333333 0.833333
vt 0.333333 0.916667
vt 0.312500 1.000000
vt 0.333333 0.000000
vt 0.333333 0.083333
vt 0.333333 0.166667
vt 0.312500 0.250000
vt 0.333333 0.250000
vt 0.333333 0.333333
vt 0.354167 0.583333
vt 0.333333 0.666667
vt 0.354167 0.666667
vt 0.354167 0.750000
vt 0.354167 0.833333
vt 0.354167 0.916667
vt 0.333333 1.000000
vt 0.354167 0.000000
vt 0.354167 0.083333
vt 0.354167 0.166667
vt 0.354167 0.250000
vt 0.354167 0.416667
vt 0.333333 0.416667
vt 0.354167 0.500000
vt 0.375000 0.583333
vt 0.375000 0.750000
vt 0.375000 0.833333
vt 0.375000 0.916667
vt 0.354167 1.000000
vt 0.375000 0.000000
vt 0.375000 0.083333
vt 0.375000 0.166667
vt 0.375000 0.250000
vt 0.354167 0.333333
vt 0.375000 0.416667
vt 0.375000 0.500000
vt 0.395833 0.583333
vt 0.375000 0.666667
vt 0.395833 0.750000
vt 0.395833 0.833333
vt 0.395833 0.916667
vt 0.375000 1.000000
vt 0.395833 0.000000
vt 0.395833 0.166667
vt 0.395833 0.250000
vt 0.375000 0.333333
vt 0.395833 0.333333
vt 0.395833 0.416667
vt 0.416667 0.500000
vt 0.395833 0.500000
vt 0.416667 0.583333
vt 0.395833 0.666667
vt 0.416667 0.666667
vt 0.416667 0.750000
vt 0.416667 0.833333
vt 0.416667 0.916667
vt 0.395833 1.000000
vt 0.416667 0.000000
vt 0.395833 0.083333
vt 0.416667 0.166667
vt 0.416667 0.250000
vt 0.416667 0.416667
vt 0.437500 0.500000
vt 0.437500 0.583333
vt 0.437500 0.750000
vt 0.437500 0.833333
vt 0.437500 0.916667
vt 0.416667 1.000000
vt 0.437500 0.000000
vt 0.416667 0.083333
vt 0.437500 0.083333
vt 0.437500 0.166667
vt 0.437500 0.250000
vt 0.416667 0.333333
vt 0.437500 0.333333
vt 0.437500 0.416667
vt 0.458333 0.500000
vt 0.458333 0.583333
vt 0.437500 0.666667
vt 0.458333 0.666667
vt 0.458333 0.750000
vt 0.458333 0.833333
vt 0.458333 0.916667
vt 0.437500 1.000000
vt 0.458333 0.000000
vt 0.458333 0.166667
vt 0.458333 0.250000
vt 0.458333 0.333333
vt 0.458333 0.416667
vt 0.479167 0.583333
vt 0.479167 0.666667
vt 0.479167 0.750000
vt 0.479167 0.833333
vt 0.479167 1.000000
vt 0.458333 1.000000
vt 0.479167 0.000000
vt 0.458333 0.083333
vt 0.479167 0.083333
vt 0.479167 0.250000
vt 0.479167 0.333333
vt 0.479167 0.416667
vt 0.479167 0.500000
vt 0.479167 0.916667
vt 0.479167 0.166667
vt 1.000000 0.500000
vt 1.000000 1.000000
vt 1.000000 0.083333
s 0
f 1238/1396/596 1227/1397/596 1226/1398/596
f 1227/1397/597 1240/1399/597 1228/1400/597
f 1240/1399/598 1229/1401/598 1228/1400/598
f 1241/1402/599 1230/1403/599 1229/1401/599
f 1242/1404/600 1231/1405/600 1230/1403/600
f 1231/1405/601 1244/1406/601 1232/1407/601
f 1244/1408/602 1233/1409/602 1232/1410/602
f 1245/1411/603 1234/1412/603 1233/1409/603
f 1246/1413/604 1235/1414/604 1234/1412/604
f 1247/1415/605 1236/1416/605 1235/1414/605
f 1248/1417/606 1237/1418/606 1236/1416/606
f 1249/1419/607 1226/1398/607 1237/1418/607
f 1250/1420/608 1239/1421/608 1238/1396/608
f 1251/1422/609 1240/1399/609 1239/1421/609
f 1252/1423/610 1241/1402/610 1240/1399/610
f 1253/1424/611 1242/1404/611 1241/1402/611
f 1242/1404/612 1255/1425/612 1243/1426/612
f 1255/1425/613 1244/1406/613 1243/1426/613
f 1256/1427/614 1245/1411/614 1244/1408/614
f 1257/1428/615 1246/1413/615 1245/1411/615
f 1246/1413/616 1259/1429/616 1247/1415/616
f 1247/1415/617 1260/1430/617 1248/1417/617
f 1248/1417/618 1261/1431/618 1249/1419/618
f 1261/1431/619 1238/1396/619 1249/1419/619
f 1250/1420/620 1263/1432/620 1251/1422/620
f 1263/1432/621 1252/1423/621 1251/1422/621
f 1264/1433/622 1253/1424/622 1252/1423/622
f 1253/1424/623 1266/1434/623 1254/1435/623
f 1254/1435/624 1267/1436/624 1255/1425/624
f 1255/1425/625 1268/1437/625 1256/1438/625
f 1268/1439/626 1257/1428/626 1256/1427/626
f 1269/1440/627 1258/1441/627 1257/1428/627
f 1258/1441/628 1271/1442/628 1259/1429/628
f 1259/1429/629 1272/1443/629 1260/1430/629
f 1260/1430/630 1273/1444/630 1261/1431/630
f 1273/1444/631 1250/1420/631 1261/1431/631
f 1262/1445/632 1275/1446/632 1263/1432/632
f 1263/1432/633 1276/1447/633 1264/1433/633
f 1264/1433/634 1277/1448/634 1265/1449/634
f 1277/1448/635 1266/1434/635 1265/1449/635
f 1266/1434/636 1279/1450/636 1267/1436/636
f 1279/1450/637 1268/1437/637 1267/1436/637
f 1280/1451/638 1269/1440/638 1268/1439/638
f 1281/1452/639 1270/1453/639 1269/1440/639
f 1270/1453/640 1283/1454/640 1271/1442/640
f 1283/1454/641 1272/1443/641 1271/1442/641
f 1284/1455/642 1273/1444/642 1272/1443/642
f 1285/1456/643 1262/1445/643 1273/1444/643
f 1286/1457/644 1275/1446/644 1274/1458/644
f 1275/1446/645 1288/1459/645 1276/1447/645
f 1288/1459/646 1277/1448/646 1276/1447/646
f 1289/1460/647 1278/1461/647 1277/1448/647
f 1278/1461/648 1291/1462/648 1279/1450/648
f 1291/1462/649 1280/1463/649 1279/1450/649
f 1292/1464/650 1281/1452/650 1280/1451/650
f 1293/1465/651 1282/1466/651 1281/1452/651
f 1294/1467/652 1283/1454/652 1282/1466/652
f 1295/1468/653 1284/1455/653 1283/1454/653
f 1296/1469/654 1285/1456/654 1284/1455/654
f 1285/1456/655 1286/1457/655 1274/1458/655
f 1298/1470/656 1287/1471/656 1286/1457/656
f 1299/1472/657 1288/1459/657 1287/1471/657
f 1300/1473/658 1289/1460/658 1288/1459/658
f 1301/1474/659 1290/1475/659 1289/1460/659
f 1302/1476/660 1291/1462/660 1290/1475/660
f 1303/1477/661 1292/1478/661 1291/1462/661
f 1292/1464/662 1305/1479/662 1293/1465/662
f 1305/1479/663 1294/1467/663 1293/1465/663
f 1306/1480/664 1295/1468/664 1294/1467/664
f 1307/1481/665 1296/1469/665 1295/1468/665
f 1296/1469/666 1309/1482/666 1297/1483/666
f 1309/1482/667 1286/1457/667 1297/1483/667
f 1310/1484/668 1299/1472/668 1298/1470/668
f 1299/1472/669 1312/1485/669 1300/1473/669
f 1312/1485/670 1301/1474/670 1300/1473/670
f 1313/1486/671 1302/1476/671 1301/1474/671
f 1302/1476/672 1315/1487/672 1303/1477/672
f 1315/1487/673 1304/1488/673 1303/1477/673
f 1316/1489/674 1305/1479/674 1304/1490/674
f 1317/1491/675 1306/1480/675 1305/1479/675
f 1306/1480/676 1319/1492/676 1307/1481/676
f 1307/1481/677 1320/1493/677 1308/1494/677
f 1320/1493/678 1309/1482/678 1308/1494/678
f 1321/1495/679 1298/1470/679 1309/1482/679
f 1322/1496/680 1311/1497/680 1310/1484/680
f 1311/1497/681 1324/1498/681 1312/1485/681
f 1312/1485/682 1325/1499/682 1313/1486/682
f 1325/1499/683 1314/1500/683 1313/1486/683
f 1314/1500/684 1327/1501/684 1315/1487/684
f 1327/1501/685 1316/1502/685 1315/1487/685
f 1328/1503/686 1317/1491/686 1316/1489/686
f 1329/1504/687 1318/1505/687 1317/1491/687
f 1330/1506/688 1319/1492/688 1318/1505/688
f 1331/1507/689 1320/1493/689 1319/1492/689
f 1332/1508/690 1321/1495/690 1320/1493/690
f 1333/1509/691 1310/1484/691 1321/1495/691
f 1322/1496/692 1335/1510/692 1323/1511/692
f 1335/1510/693 1324/1498/693 1323/1511/693
f 1336/1512/694 1325/1499/694 1324/1498/694
f 1337/1513/695 1326/1514/695 1325/1499/695
f 1338/1515/696 1327/1501/696 1326/1514/696
f 1339/1516/697 1328/1517/697 1327/1501/697
f 1340/1518/698 1329/1504/698 1328/1503/698
f 1341/1519/699 1330/1506/699 1329/1504/699
f 1330/1506/700 1343/1520/700 1331/1507/700
f 1331/1507/701 1344/1521/701 1332/1508/701
f 1344/1521/702 1333/1509/702 1332/1508/702
f 1345/1522/703 1322/1496/703 1333/1509/703
f 1346/1523/704 1335/1510/704 1334/1524/704
f 1347/1525/705 1336/1512/705 1335/1510/705
f 1348/1526/706 1337/1513/706 1336/1512/706
f 1349/1527/707 1338/1515/707 1337/1513/707
f 1338/1515/708 1351/1528/708 1339/1516/708
f 1351/1528/709 1340/1529/709 1339/1516/709
f 1352/1530/710 1341/1519/710 1340/1518/710
f 1353/1531/711 1342/1532/711 1341/1519/711
f 1354/1533/712 1343/1520/712 1342/1532/712
f 1355/1534/713 1344/1521/713 1343/1520/713
f 1356/1535/714 1345/1522/714 1344/1521/714
f 1357/1536/715 1334/1524/715 1345/1522/715
f 1358/1537/716 1347/1525/716 1346/1523/716
f 1359/1538/717 1348/1526/717 1347/1525/717
f 1348/1526/718 1361/1539/718 1349/1527/718
f 1361/1539/719 1350/1540/719 1349/1527/719
f 1362/1541/720 1351/1528/720 1350/1540/720
f 1363/1542/721 1352/1543/721 1351/1528/721
f 1352/1530/722 1365/1544/722 1353/1531/722
f 1365/1544/723 1354/1533/723 1353/1531/723
f 1354/1533/724 1367/1545/724 1355/1534/724
f 1367/1545/725 1356/1535/725 1355/1534/725
f 1368/1546/726 1357/1536/726 1356/1535/726
f 1369/1547/727 1346/1523/727 1357/1536/727
f 1370/1548/728 1359/1538/728 1358/1537/728
f 1371/1549/729 1360/1550/729 1359/1538/729
f 1372/1551/730 1361/1539/730 1360/1550/730
f 1361/1539/731 1374/1552/731 1362/1541/731
f 1362/1541/732 1375/1553/732 1363/1542/732
f 1375/1553/733 1364/1554/733 1363/1542/733
f 1376/1555/734 1365/1544/734 1364/1556/734
f 1377/1557/735 1366/1558/735 1365/1544/735
f 1378/1559/736 1367/1545/736 1366/1558/736
f 1379/1560/737 1368/1546/737 1367/1545/737
f 1380/1561/738 1369/1547/738 1368/1546/738
f 1369/1547/739 1370/1548/739 1358/1537/739
f 1382/1562/740 1371/1549/740 1370/1548/740
f 1383/1563/741 1372/1551/741 1371/1549/741
f 1384/1564/742 1373/1565/742 1372/1551/742
f 1385/1566/743 1374/1552/743 1373/1565/743
f 1386/1567/744 1375/1553/744 1374/1552/744
f 1387/1568/745 1376/1569/745 1375/1553/745
f 1376/1555/746 1389/1570/746 1377/1557/746
f 1389/1570/747 1378/1559/747 1377/1557/747
f 1378/1559/748 1391/1571/748 1379/1560/748
f 1379/1560/749 1392/1572/749 1380/1561/749
f 1380/1561/750 1393/1573/750 1381/1574/750
f 1381/1574/751 1382/1562/751 1370/1548/751
f 1394/1575/752 1383/1563/752 1382/1562/752
f 1383/1563/753 1396/1576/753 1384/1564/753
f 1384/1564/754 1397/1577/754 1385/1566/754
f 1397/1577/755 1386/1567/755 1385/1566/755
f 1398/1578/756 1387/1568/756 1386/1567/756
f 1399/1579/757 1388/1580/757 1387/1568/757
f 1400/1581/758 1389/1570/758 1388/1582/758
f 1401/1583/759 1390/1584/759 1389/1570/759
f 1402/1585/760 1391/1571/760 1390/1584/760
f 1403/1586/761 1392/1572/761 1391/1571/761
f 1404/1587/762 1393/1573/762 1392/1572/762
f 1405/1588/763 1382/1562/763 1393/1573/763
f 1406/1589/764 1395/1590/764 1394/1575/764
f 1407/1591/765 1396/1576/765 1395/1590/765
f 1408/1592/766 1397/1577/766 1396/1576/766
f 1397/1577/767 1410/1593/767 1398/1578/767
f 1410/1593/768 1399/1579/768 1398/1578/768
f 1411/1594/769 1400/1595/769 1399/1579/769
f 1412/1596/770 1401/1583/770 1400/1581/770
f 1413/1597/771 1402/1585/771 1401/1583/771
f 1402/1585/772 1415/1598/772 1403/1586/772
f 1415/1598/773 1404/1587/773 1403/1586/773
f 1404/1587/774 1417/1599/774 1405/1588/774
f 1417/1599/775 1394/1575/775 1405/1588/775
f 1418/1600/776 1407/1591/776 1406/1589/776
f 1407/1591/777 1420/1601/777 1408/1592/777
f 1420/1601/778 1409/1602/778 1408/1592/778
f 1421/1603/779 1410/1593/779 1409/1602/779
f 1422/1604/780 1411/1594/780 1410/1593/780
f 1423/1605/781 1412/1606/781 1411/1594/781
f 1424/1607/782 1413/1597/782 1412/1596/782
f 1425/1608/783 1414/1609/783 1413/1597/783
f 1426/1610/784 1415/1598/784 1414/1609/784
f 1427/1611/785 1416/1612/785 1415/1598/785
f 1428/1613/786 1417/1599/786 1416/1612/786
f 1429/1614/787 1406/1589/787 1417/1599/787
f 1430/1615/788 1419/1616/788 1418/1600/788
f 1431/1617/789 1420/1601/789 1419/1616/789
f 1432/1618/790 1421/1603/790 1420/1601/790
f 1433/1619/791 1422/1604/791 1421/1603/791
f 1434/1620/792 1423/1605/792 1422/1604/792
f 1423/1605/793 1436/1621/793 1424/1622/793
f 1436/1623/794 1425/1608/794 1424/1607/794
f 1425/1608/795 1438/1624/795 1426/1610/795
f 1426/1610/796 1439/1625/796 1427/1611/796
f 1427/1611/797 1440/1626/797 1428/1613/797
f 1428/1613/798 1441/1627/798 1429/1614/798
f 1441/1627/799 1418/1600/799 1429/1614/799
f 1442/1628/800 1431/1617/800 1430/1615/800
f 1443/1629/801 1432/1618/801 1431/1617/801
f 1432/1618/802 1445/1630/802 1433/1619/802
f 1445/1630/803 1434/1620/803 1433/1619/803
f 1446/1631/804 1435/1632/804 1434/1620/804
f 1447/1633/805 1436/1621/805 1435/1632/805
f 1448/1634/806 1437/1635/806 1436/1623/806
f 1437/1635/807 1450/1636/807 1438/1624/807
f 1450/1636/808 1439/1625/808 1438/1624/808
f 1451/1637/809 1440/1626/809 1439/1625/809
f 1452/1638/810 1441/1627/810 1440/1626/810
f 1453/1639/811 1430/1615/811 1441/1627/811
f 1454/1640/812 1443/1629/812 1442/1628/812
f 1455/1641/813 1444/1642/813 1443/1629/813
f 1456/1643/814 1445/1630/814 1444/1642/814
f 1445/1630/815 1458/1644/815 1446/1631/815
f 1458/1644/816 1447/1633/816 1446/1631/816
f 1459/1645/817 1448/1646/817 1447/1633/817
f 1460/1647/818 1449/1648/818 1448/1634/818
f 1449/1648/819 1462/1649/819 1450/1636/819
f 1462/1649/820 1451/1637/820 1450/1636/820
f 1463/1650/821 1452/1638/821 1451/1637/821
f 1452/1638/822 1465/1651/822 1453/1639/822
f 1465/1651/823 1442/1628/823 1453/1639/823
f 1454/1640/824 1467/1652/824 1455/1641/824
f 1467/1652/825 1456/1643/825 1455/1641/825
f 1456/1643/826 1469/1653/826 1457/1654/826
f 1469/1653/827 1458/1644/827 1457/1654/827
f 1470/1655/828 1459/1645/828 1458/1644/828
f 1471/1656/829 1460/1657/829 1459/1645/829
f 1472/1658/830 1461/1659/830 1460/1647/830
f 1473/1660/831 1462/1649/831 1461/1659/831
f 1462/1649/832 1475/1661/832 1463/1650/832
f 1475/1661/833 1464/1662/833 1463/1650/833
f 1476/1663/834 1465/1651/834 1464/1662/834
f 1477/1664/835 1454/1640/835 1465/1651/835
f 1478/1665/836 1467/1652/836 1466/1666/836
f 1479/1667/837 1468/1668/837 1467/1652/837
f 1480/1669/838 1469/1653/838 1468/1668/838
f 1469/1653/839 1482/1670/839 1470/1655/839
f 1482/1670/840 1471/1656/840 1470/1655/840
f 1483/1671/841 1472/1672/841 1471/1656/841
f 1472/1658/842 1485/1673/842 1473/1660/842
f 1485/1673/843 1474/1674/843 1473/1660/843
f 1486/1675/844 1475/1661/844 1474/1674/844
f 1487/1676/845 1476/1663/845 1475/1661/845
f 1476/1663/846 1489/1677/846 1477/1664/846
f 1489/1677/847 1466/1666/847 1477/1664/847
f 1478/1665/848 1491/1678/848 1479/1667/848
f 1491/1678/849 1480/1669/849 1479/1667/849
f 1492/1679/850 1481/1680/850 1480/1669/850
f 1481/1680/851 1494/1681/851 1482/1670/851
f 1494/1681/852 1483/1671/852 1482/1670/852
f 1495/1682/853 1484/1683/853 1483/1671/853
f 1496/1684/854 1485/1673/854 1484/1685/854
f 1497/1686/855 1486/1675/855 1485/1673/855
f 1498/1687/856 1487/1676/856 1486/1675/856
f 1487/1676/857 1500/1688/857 1488/1689/857
f 1500/1688/858 1489/1677/858 1488/1689/858
f 1501/1690/859 1478/1665/859 1489/1677/859
f 1502/1691/860 1491/1678/860 1490/1692/860
f 1503/1693/861 1492/1679/861 1491/1678/861
f 1504/1694/862 1493/1695/862 1492/1679/862
f 1505/1696/863 1494/1681/863 1493/1695/863
f 1506/1697/864 1495/1682/864 1494/1681/864
f 1507/1698/865 1496/1699/865 1495/1682/865
f 1508/1700/866 1497/1686/866 1496/1684/866
f 1497/1686/867 1510/1701/867 1498/1687/867
f 1498/1687/868 1511/1702/868 1499/1703/868
f 1499/1703/869 1512/1704/869 1500/1688/869
f 1500/1688/870 1513/1705/870 1501/1690/870
f 1501/1690/871 1502/1691/871 1490/1692/871
f 1502/1691/872 1515/1706/872 1503/1693/872
f 1515/1706/873 1504/1694/873 1503/1693/873
f 1516/1707/874 1505/1696/874 1504/1694/874
f 1517/1708/875 1506/1697/875 1505/1696/875
f 1518/1709/876 1507/1698/876 1506/1697/876
f 1519/1710/877 1508/1711/877 1507/1698/877
f 1520/1712/878 1509/1713/878 1508/1700/878
f 1509/1713/879 1522/1714/879 1510/1701/879
f 1522/1714/880 1511/1702/880 1510/1701/880
f 1523/1715/881 1512/1704/881 1511/1702/881
f 1524/1716/882 1513/1705/882 1512/1704/882
f 1525/1717/883 1502/1691/883 1513/1705/883
f 1526/1718/601 1515/1719/601 1514/1720/601
f 1527/1721/600 1516/1722/600 1515/1719/600
f 1528/1723/599 1517/1724/599 1516/1722/599
f 1529/1725/598 1518/1726/598 1517/1724/598
f 1530/1727/597 1519/1728/597 1518/1726/597
f 1531/1729/596 1520/1730/596 1519/1728/596
f 1520/1731/607 1533/1732/607 1521/1733/607
f 1533/1732/606 1522/1734/606 1521/1733/606
f 1522/1734/605 1535/1735/605 1523/1736/605
f 1523/1736/604 1536/1737/604 1524/1738/604
f 1524/1738/603 1537/1739/603 1525/1740/603
f 1525/1740/602 1526/1718/602 1514/1720/602
f 1526/1718/613 1539/1741/613 1527/1721/613
f 1527/1721/612 1540/1742/612 1528/1723/612
f 1528/1723/611 1541/1743/611 1529/1725/611
f 1529/1725/610 1542/1744/610 1530/1727/610
f 1530/1727/609 1543/1745/609 1531/1729/609
f 1543/1745/608 1532/1746/608 1531/1729/608
f 1544/1747/619 1533/1732/619 1532/1748/619
f 1545/1749/618 1534/1750/618 1533/1732/618
f 1546/1751/617 1535/1735/617 1534/1750/617
f 1547/1752/616 1536/1737/616 1535/1735/616
f 1548/1753/615 1537/1739/615 1536/1737/615
f 1537/1739/614 1538/1754/614 1526/1718/614
f 1550/1755/625 1539/1741/625 1538/1754/625
f 1551/1756/624 1540/1742/624 1539/1741/624
f 1540/1742/623 1553/1757/623 1541/1743/623
f 1553/1757/622 1542/1744/622 1541/1743/622
f 1554/1758/621 1543/1745/621 1542/1744/621
f 1555/1759/620 1544/1760/620 1543/1745/620
f 1556/1761/631 1545/1749/631 1544/1747/631
f 1545/1749/630 1558/1762/630 1546/1751/630
f 1558/1762/629 1547/1752/629 1546/1751/629
f 1559/1763/628 1548/1753/628 1547/1752/628
f 1548/1753/627 1561/1764/627 1549/1765/627
f 1549/1765/626 1550/1755/626 1538/1754/626
f 1562/1766/637 1551/1756/637 1550/1755/637
f 1563/1767/636 1552/1768/636 1551/1756/636
f 1564/1769/635 1553/1757/635 1552/1768/635
f 1565/1770/634 1554/1758/634 1553/1757/634
f 1566/1771/633 1555/1759/633 1554/1758/633
f 1555/1759/632 1568/1772/632 1556/1773/632
f 1568/1774/643 1557/1775/643 1556/1761/643
f 1569/1776/642 1558/1762/642 1557/1775/642
f 1570/1777/641 1559/1763/641 1558/1762/641
f 1559/1763/640 1572/1778/640 1560/1779/640
f 1560/1779/639 1573/1780/639 1561/1764/639
f 1573/1780/638 1550/1755/638 1561/1764/638
f 1574/1781/649 1563/1767/649 1562/1766/649
f 1575/1782/648 1564/1769/648 1563/1767/648
f 1576/1783/647 1565/1770/647 1564/1769/647
f 1565/1770/646 1578/1784/646 1566/1771/646
f 1578/1784/645 1567/1785/645 1566/1771/645
f 1579/1786/644 1568/1772/644 1567/1785/644
f 1580/1787/655 1569/1776/655 1568/1774/655
f 1569/1776/654 1582/1788/654 1570/1777/654
f 1582/1788/653 1571/1789/653 1570/1777/653
f 1583/1790/652 1572/1778/652 1571/1789/652
f 1572/1778/651 1585/1791/651 1573/1780/651
f 1585/1791/650 1562/1766/650 1573/1780/650
f 1586/1792/661 1575/1782/661 1574/1781/661
f 1575/1782/660 1588/1793/660 1576/1783/660
f 1588/1793/659 1577/1794/659 1576/1783/659
f 1589/1795/658 1578/1784/658 1577/1794/658
f 1590/1796/657 1579/1786/657 1578/1784/657
f 1591/1797/656 1580/1798/656 1579/1786/656
f 1592/1799/667 1581/1800/667 1580/1787/667
f 1593/1801/666 1582/1788/666 1581/1800/666
f 1582/1788/665 1595/1802/665 1583/1790/665
f 1595/1802/664 1584/1803/664 1583/1790/664
f 1596/1804/663 1585/1791/663 1584/1803/663
f 1597/1805/662 1574/1781/662 1585/1791/662
f 1586/1792/673 1599/1806/673 1587/1807/673
f 1587/1807/672 1600/1808/672 1588/1793/672
f 1600/1808/671 1589/1795/671 1588/1793/671
f 1589/1795/670 1602/1809/670 1590/1796/670
f 1602/1809/669 1591/1797/669 1590/1796/669
f 1603/1810/668 1592/1811/668 1591/1797/668
f 1604/1812/679 1593/1801/679 1592/1799/679
f 1605/1813/678 1594/1814/678 1593/1801/678
f 1606/1815/677 1595/1802/677 1594/1814/677
f 1607/1816/676 1596/1804/676 1595/1802/676
f 1608/1817/675 1597/1805/675 1596/1804/675
f 1609/1818/674 1586/1792/674 1597/1805/674
f 1598/1819/685 1611/1820/685 1599/1806/685
f 1611/1820/684 1600/1808/684 1599/1806/684
f 1612/1821/683 1601/1822/683 1600/1808/683
f 1613/1823/682 1602/1809/682 1601/1822/682
f 1602/1809/681 1615/1824/681 1603/1810/681
f 1615/1824/680 1604/1825/680 1603/1810/680
f 1616/1826/691 1605/1813/691 1604/1812/691
f 1617/1827/690 1606/1815/690 1605/1813/690
f 1618/1828/689 1607/1816/689 1606/1815/689
f 1607/1816/688 1620/1829/688 1608/1817/688
f 1608/1817/687 1621/1830/687 1609/1818/687
f 1621/1830/686 1598/1819/686 1609/1818/686
f 1622/1831/697 1611/1820/697 1610/1832/697
f 1623/1833/696 1612/1821/696 1611/1820/696
f 1624/1834/695 1613/1823/695 1612/1821/695
f 1625/1835/694 1614/1836/694 1613/1823/694
f 1626/1837/693 1615/1824/693 1614/1836/693
f 1627/1838/692 1616/1839/692 1615/1824/692
f 1628/1840/703 1617/1827/703 1616/1826/703
f 1629/1841/702 1618/1828/702 1617/1827/702
f 1618/1828/701 1631/1842/701 1619/1843/701
f 1631/1842/700 1620/1829/700 1619/1843/700
f 1620/1829/699 1633/1844/699 1621/1830/699
f 1633/1844/698 1610/1832/698 1621/1830/698
f 1634/1845/709 1623/1833/709 1622/1831/709
f 1635/1846/708 1624/1834/708 1623/1833/708
f 1636/1847/707 1625/1835/707 1624/1834/707
f 1637/1848/706 1626/1837/706 1625/1835/706
f 1626/1837/705 1639/1849/705 1627/1838/705
f 1639/1849/704 1628/1850/704 1627/1838/704
f 1640/1851/715 1629/1841/715 1628/1840/715
f 1641/1852/714 1630/1853/714 1629/1841/714
f 1642/1854/713 1631/1842/713 1630/1853/713
f 1643/1855/712 1632/1856/712 1631/1842/712
f 1632/1856/711 1645/1857/711 1633/1844/711
f 1645/1857/710 1622/1831/710 1633/1844/710
f 1646/1858/721 1635/1846/721 1634/1845/721
f 1635/1846/720 1648/1859/720 1636/1847/720
f 1648/1859/719 1637/1848/719 1636/1847/719
f 1649/1860/718 1638/1861/718 1637/1848/718
f 1638/1861/717 1651/1862/717 1639/1849/717
f 1651/1862/716 1640/1863/716 1639/1849/716
f 1652/1864/727 1641/1852/727 1640/1851/727
f 1653/1865/726 1642/1854/726 1641/1852/726
f 1642/1854/725 1655/1866/725 1643/1855/725
f 1655/1866/724 1644/1867/724 1643/1855/724
f 1656/1868/723 1645/1857/723 1644/1867/723
f 1657/1869/722 1634/1845/722 1645/1857/722
f 1658/1870/733 1647/1871/733 1646/1858/733
f 1659/1872/732 1648/1859/732 1647/1871/732
f 1648/1859/731 1661/1873/731 1649/1860/731
f 1649/1860/730 1662/1874/730 1650/1875/730
f 1662/1874/729 1651/1862/729 1650/1875/729
f 1651/1862/728 1664/1876/728 1652/1877/728
f 1664/1878/739 1653/1865/739 1652/1864/739
f 1665/1879/738 1654/1880/738 1653/1865/738
f 1666/1881/737 1655/1866/737 1654/1880/737
f 1667/1882/736 1656/1868/736 1655/1866/736
f 1668/1883/735 1657/1869/735 1656/1868/735
f 1669/1884/734 1646/1858/734 1657/1869/734
f 1658/1870/745 1671/1885/745 1659/1872/745
f 1671/1885/744 1660/1886/744 1659/1872/744
f 1672/1887/743 1661/1873/743 1660/1886/743
f 1673/1888/742 1662/1874/742 1661/1873/742
f 1674/1889/741 1663/1890/741 1662/1874/741
f 1675/1891/740 1664/1876/740 1663/1890/740
f 1676/1892/751 1665/1879/751 1664/1878/751
f 1665/1879/750 1678/1893/750 1666/1881/750
f 1666/1881/749 1679/1894/749 1667/1882/749
f 1679/1894/748 1668/1883/748 1667/1882/748
f 1680/1895/747 1669/1884/747 1668/1883/747
f 1681/1896/746 1658/1870/746 1669/1884/746
f 1682/1897/757 1671/1885/757 1670/1898/757
f 1683/1899/756 1672/1887/756 1671/1885/756
f 1684/1900/755 1673/1888/755 1672/1887/755
f 1685/1901/754 1674/1889/754 1673/1888/754
f 1686/1902/753 1675/1891/753 1674/1889/753
f 1675/1891/752 1688/1903/752 1676/1904/752
f 1688/1905/763 1677/1906/763 1676/1892/763
f 1689/1907/762 1678/1893/762 1677/1906/762
f 1678/1893/761 1691/1908/761 1679/1894/761
f 1679/1894/760 1692/1909/760 1680/1895/760
f 1692/1909/759 1681/1896/759 1680/1895/759
f 1693/1910/758 1670/1898/758 1681/1896/758
f 1694/1911/769 1683/1899/769 1682/1897/769
f 1695/1912/768 1684/1900/768 1683/1899/768
f 1696/1913/767 1685/1901/767 1684/1900/767
f 1697/1914/766 1686/1902/766 1685/1901/766
f 1698/1915/765 1687/1916/765 1686/1902/765
f 1699/1917/764 1688/1903/764 1687/1916/764
f 1700/1918/775 1689/1907/775 1688/1905/775
f 1701/1919/774 1690/1920/774 1689/1907/774
f 1702/1921/773 1691/1908/773 1690/1920/773
f 1691/1908/772 1704/1922/772 1692/1909/772
f 1692/1909/771 1705/1923/771 1693/1910/771
f 1705/1923/770 1682/1897/770 1693/1910/770
f 1706/1924/781 1695/1912/781 1694/1911/781
f 1707/1925/780 1696/1913/780 1695/1912/780
f 1696/1913/779 1709/1926/779 1697/1914/779
f 1697/1914/778 1710/1927/778 1698/1915/778
f 1710/1927/777 1699/1917/777 1698/1915/777
f 1711/1928/776 1700/1929/776 1699/1917/776
f 1712/1930/787 1701/1919/787 1700/1918/787
f 1713/1931/786 1702/1921/786 1701/1919/786
f 1714/1932/785 1703/1933/785 1702/1921/785
f 1715/1934/784 1704/1922/784 1703/1933/784
f 1716/1935/783 1705/1923/783 1704/1922/783
f 1705/1923/782 1706/1924/782 1694/1911/782
f 1706/1924/793 1719/1936/793 1707/1925/793
f 1719/1936/792 1708/1937/792 1707/1925/792
f 1720/1938/791 1709/1926/791 1708/1937/791
f 1721/1939/790 1710/1927/790 1709/1926/790
f 1722/1940/789 1711/1928/789 1710/1927/789
f 1723/1941/788 1712/1942/788 1711/1928/788
f 1724/1943/799 1713/1931/799 1712/1930/799
f 1725/1944/798 1714/1932/798 1713/1931/798
f 1726/1945/797 1715/1934/797 1714/1932/797
f 1727/1946/796 1716/1935/796 1715/1934/796
f 1716/1935/795 1729/1947/795 1717/1948/795
f 1729/1947/794 1706/1924/794 1717/1948/794
f 1718/1949/805 1731/1950/805 1719/1936/805
f 1731/1950/804 1720/1938/804 1719/1936/804
f 1720/1938/803 1733/1951/803 1721/1939/803
f 1721/1939/802 1734/1952/802 1722/1940/802
f 1722/1940/801 1735/1953/801 1723/1941/801
f 1735/1953/800 1724/1954/800 1723/1941/800
f 1736/1955/811 1725/1944/811 1724/1943/811
f 1737/1956/810 1726/1945/810 1725/1944/810
f 1738/1957/809 1727/1946/809 1726/1945/809
f 1739/1958/808 1728/1959/808 1727/1946/808
f 1728/1959/807 1741/1960/807 1729/1947/807
f 1741/1960/806 1718/1949/806 1729/1947/806
f 1730/1961/817 1743/1962/817 1731/1950/817
f 1743/1962/816 1732/1963/816 1731/1950/816
f 1732/1963/815 1745/1964/815 1733/1951/815
f 1745/1964/814 1734/1952/814 1733/1951/814
f 1746/1965/813 1735/1953/813 1734/1952/813
f 1747/1966/812 1736/1967/812 1735/1953/812
f 1748/1968/823 1737/1956/823 1736/1955/823
f 1737/1956/822 1750/1969/822 1738/1957/822
f 1738/1957/821 1751/1970/821 1739/1958/821
f 1751/1970/820 1740/1971/820 1739/1958/820
f 1752/1972/819 1741/1960/819 1740/1971/819
f 1753/1973/818 1730/1961/818 1741/1960/818
f 1754/1974/829 1743/1962/829 1742/1975/829
f 1755/1976/828 1744/1977/828 1743/1962/828
f 1756/1978/827 1745/1964/827 1744/1977/827
f 1757/1979/826 1746/1965/826 1745/1964/826
f 1758/1980/825 1747/1966/825 1746/1965/825
f 1759/1981/824 1748/1982/824 1747/1966/824
f 1760/1983/835 1749/1984/835 1748/1968/835
f 1749/1984/834 1762/1985/834 1750/1969/834
f 1762/1985/833 1751/1970/833 1750/1969/833
f 1763/1986/832 1752/1972/832 1751/1970/832
f 1752/1972/831 1765/1987/831 1753/1973/831
f 1765/1987/830 1742/1975/830 1753/1973/830
f 1766/1988/841 1755/1976/841 1754/1974/841
f 1767/1989/840 1756/1978/840 1755/1976/840
f 1756/1978/839 1769/1990/839 1757/1979/839
f 1769/1990/838 1758/1980/838 1757/1979/838
f 1770/1991/837 1759/1981/837 1758/1980/837
f 1771/1992/836 1760/1993/836 1759/1981/836
f 1772/1994/847 1761/1995/847 1760/1983/847
f 1773/1996/846 1762/1985/846 1761/1995/846
f 1774/1997/845 1763/1986/845 1762/1985/845
f 1775/1998/844 1764/1999/844 1763/1986/844
f 1776/2000/843 1765/1987/843 1764/1999/843
f 1777/2001/842 1754/1974/842 1765/1987/842
f 1778/2002/853 1767/1989/853 1766/1988/853
f 1779/2003/852 1768/2004/852 1767/1989/852
f 1780/2005/851 1769/1990/851 1768/2004/851
f 1781/2006/850 1770/1991/850 1769/1990/850
f 1782/2007/849 1771/1992/849 1770/1991/849
f 1783/2008/848 1772/2009/848 1771/1992/848
f 1784/2010/859 1773/1996/859 1772/1994/859
f 1773/1996/858 1786/2011/858 1774/1997/858
f 1786/2011/857 1775/1998/857 1774/1997/857
f 1787/2012/856 1776/2000/856 1775/1998/856
f 1788/2013/855 1777/2001/855 1776/2000/855
f 1789/2014/854 1766/1988/854 1777/2001/854
f 1778/2002/865 1791/2015/865 1779/2003/865
f 1779/2003/864 1792/2016/864 1780/2005/864
f 1780/2005/863 1793/2017/863 1781/2006/863
f 1793/2017/862 1782/2007/862 1781/2006/862
f 1794/2018/861 1783/2008/861 1782/2007/861
f 1783/2008/860 1796/2019/860 1784/2020/860
f 1796/2021/871 1785/2022/871 1784/2010/871
f 1797/2023/870 1786/2011/870 1785/2022/870
f 1786/2011/869 1799/2024/869 1787/2012/869
f 1799/2024/868 1788/2013/868 1787/2012/868
f 1800/2025/867 1789/2014/867 1788/2013/867
f 1801/2026/866 1778/2002/866 1789/2014/866
f 1226/1398/877 1791/2015/877 1790/2027/877
f 1227/1397/876 1792/2016/876 1791/2015/876
f 1228/1400/875 1793/2017/875 1792/2016/875
f 1229/1401/874 1794/2018/874 1793/2017/874
f 1230/1403/873 1795/2028/873 1794/2018/873
f 1231/1405/872 1796/2019/872 1795/2028/872
f 1796/2021/883 1233/1409/883 1797/2023/883
f 1233/1409/882 1798/2029/882 1797/2023/882
f 1234/1412/881 1799/2024/881 1798/2029/881
f 1235/1414/880 1800/2025/880 1799/2024/880
f 1800/2025/879 1237/1418/879 1801/2026/879
f 1801/2026/878 1226/1398/878 1790/2027/878
f 1238/1396/596 1239/1421/596 1227/1397/596
f 1227/1397/597 1239/1421/597 1240/1399/597
f 1240/1399/598 1241/1402/598 1229/1401/598
f 1241/1402/599 1242/1404/599 1230/1403/599
f 1242/1404/600 1243/1426/600 1231/1405/600
f 1231/1405/601 1243/1426/601 1244/1406/601
f 1244/1408/602 1245/1411/602 1233/1409/602
f 1245/1411/603 1246/1413/603 1234/1412/603
f 1246/1413/604 1247/1415/604 1235/1414/604
f 1247/1415/605 1248/1417/605 1236/1416/605
f 1248/1417/606 1249/1419/606 1237/1418/606
f 1249/1419/607 1238/1396/607 1226/1398/607
f 1250/1420/608 1251/1422/608 1239/1421/608
f 1251/1422/609 1252/1423/609 1240/1399/609
f 1252/1423/610 1253/1424/610 1241/1402/610
f 1253/1424/611 1254/1435/611 1242/1404/611
f 1242/1404/612 1254/1435/612 1255/1425/612
f 1255/1425/613 1256/1438/613 1244/1406/613
f 1256/1427/614 1257/1428/614 1245/1411/614
f 1257/1428/615 1258/1441/615 1246/1413/615
f 1246/1413/616 1258/1441/616 1259/1429/616
f 1247/1415/617 1259/1429/617 1260/1430/617
f 1248/1417/618 1260/1430/618 1261/1431/618
f 1261/1431/619 1250/1420/619 1238/1396/619
f 1250/1420/620 1262/1445/620 1263/1432/620
f 1263/1432/621 1264/1433/621 1252/1423/621
f 1264/1433/622 1265/1449/622 1253/1424/622
f 1253/1424/623 1265/1449/623 1266/1434/623
f 1254/1435/624 1266/1434/624 1267/1436/624
f 1255/1425/625 1267/1436/625 1268/1437/625
f 1268/1439/626 1269/1440/626 1257/1428/626
f 1269/1440/627 1270/1453/627 1258/1441/627
f 1258/1441/628 1270/1453/628 1271/1442/628
f 1259/1429/629 1271/1442/629 1272/1443/629
f 1260/1430/630 1272/1443/630 1273/1444/630
f 1273/1444/631 1262/1445/631 1250/1420/631
f 1262/1445/632 1274/1458/632 1275/1446/632
f 1263/1432/633 1275/1446/633 1276/1447/633
f 1264/1433/634 1276/1447/634 1277/1448/634
f 1277/1448/635 1278/1461/635 1266/1434/635
f 1266/1434/636 1278/1461/636 1279/1450/636
f 1279/1450/637 1280/1463/637 1268/1437/637
f 1280/1451/638 1281/1452/638 1269/1440/638
f 1281/1452/639 1282/1466/639 1270/1453/639
f 1270/1453/640 1282/1466/640 1283/1454/640
f 1283/1454/641 1284/1455/641 1272/1443/641
f 1284/1455/642 1285/1456/642 1273/1444/642
f 1285/1456/643 1274/1458/643 1262/1445/643
f 1286/1457/644 1287/1471/644 1275/1446/644
f 1275/1446/645 1287/1471/645 1288/1459/645
f 1288/1459/646 1289/1460/646 1277/1448/646
f 1289/1460/647 1290/1475/647 1278/1461/647
f 1278/1461/648 1290/1475/648 1291/1462/648
f 1291/1462/649 1292/1478/649 1280/1463/649
f 1292/1464/650 1293/1465/650 1281/1452/650
f 1293/1465/651 1294/1467/651 1282/1466/651
f 1294/1467/652 1295/1468/652 1283/1454/652
f 1295/1468/653 1296/1469/653 1284/1455/653
f 1296/1469/654 1297/1483/654 1285/1456/654
f 1285/1456/655 1297/1483/655 1286/1457/655
f 1298/1470/656 1299/1472/656 1287/1471/656
f 1299/1472/657 1300/1473/657 1288/1459/657
f 1300/1473/658 1301/1474/658 1289/1460/658
f 1301/1474/659 1302/1476/659 1290/1475/659
f 1302/1476/660 1303/1477/660 1291/1462/660
f 1303/1477/661 1304/1488/661 1292/1478/661
f 1292/1464/662 1304/1490/662 1305/1479/662
f 1305/1479/663 1306/1480/663 1294/1467/663
f 1306/1480/664 1307/1481/664 1295/1468/664
f 1307/1481/665 1308/1494/665 1296/1469/665
f 1296/1469/666 1308/1494/666 1309/1482/666
f 1309/1482/667 1298/1470/667 1286/1457/667
f 1310/1484/668 1311/1497/668 1299/1472/668
f 1299/1472/669 1311/1497/669 1312/1485/669
f 1312/1485/670 1313/1486/670 1301/1474/670
f 1313/1486/671 1314/1500/671 1302/1476/671
f 1302/1476/672 1314/1500/672 1315/1487/672
f 1315/1487/673 1316/1502/673 1304/1488/673
f 1316/1489/674 1317/1491/674 1305/1479/674
f 1317/1491/675 1318/1505/675 1306/1480/675
f 1306/1480/676 1318/1505/676 1319/1492/676
f 1307/1481/677 1319/1492/677 1320/1493/677
f 1320/1493/678 1321/1495/678 1309/1482/678
f 1321/1495/679 1310/1484/679 1298/1470/679
f 1322/1496/680 1323/1511/680 1311/1497/680
f 1311/1497/681 1323/1511/681 1324/1498/681
f 1312/1485/682 1324/1498/682 1325/1499/682
f 1325/1499/683 1326/1514/683 1314/1500/683
f 1314/1500/684 1326/1514/684 1327/1501/684
f 1327/1501/685 1328/1517/685 1316/1502/685
f 1328/1503/686 1329/1504/686 1317/1491/686
f 1329/1504/687 1330/1506/687 1318/1505/687
f 1330/1506/688 1331/1507/688 1319/1492/688
f 1331/1507/689 1332/1508/689 1320/1493/689
f 1332/1508/690 1333/1509/690 1321/1495/690
f 1333/1509/691 1322/1496/691 1310/1484/691
f 1322/1496/692 1334/1524/692 1335/1510/692
f 1335/1510/693 1336/1512/693 1324/1498/693
f 1336/1512/694 1337/1513/694 1325/1499/694
f 1337/1513/695 1338/1515/695 1326/1514/695
f 1338/1515/696 1339/1516/696 1327/1501/696
f 1339/1516/697 1340/1529/697 1328/1517/697
f 1340/1518/698 1341/1519/698 1329/1504/698
f 1341/1519/699 1342/1532/699 1330/1506/699
f 1330/1506/700 1342/1532/700 1343/1520/700
f 1331/1507/701 1343/1520/701 1344/1521/701
f 1344/1521/702 1345/1522/702 1333/1509/702
f 1345/1522/703 1334/1524/703 1322/1496/703
f 1346/1523/704 1347/1525/704 1335/1510/704
f 1347/1525/705 1348/1526/705 1336/1512/705
f 1348/1526/706 1349/1527/706 1337/1513/706
f 1349/1527/707 1350/1540/707 1338/1515/707
f 1338/1515/708 1350/1540/708 1351/1528/708
f 1351/1528/709 1352/1543/709 1340/1529/709
f 1352/1530/710 1353/1531/710 1341/1519/710
f 1353/1531/711 1354/1533/711 1342/1532/711
f 1354/1533/712 1355/1534/712 1343/1520/712
f 1355/1534/713 1356/1535/713 1344/1521/713
f 1356/1535/714 1357/1536/714 1345/1522/714
f 1357/1536/715 1346/1523/715 1334/1524/715
f 1358/1537/716 1359/1538/716 1347/1525/716
f 1359/1538/717 1360/1550/717 1348/1526/717
f 1348/1526/718 1360/1550/718 1361/1539/718
f 1361/1539/719 1362/1541/719 1350/1540/719
f 1362/1541/720 1363/1542/720 1351/1528/720
f 1363/1542/721 1364/1554/721 1352/1543/721
f 1352/1530/722 1364/1556/722 1365/1544/722
f 1365/1544/723 1366/1558/723 1354/1533/723
f 1354/1533/724 1366/1558/724 1367/1545/724
f 1367/1545/725 1368/1546/725 1356/1535/725
f 1368/1546/726 1369/1547/726 1357/1536/726
f 1369/1547/727 1358/1537/727 1346/1523/727
f 1370/1548/728 1371/1549/728 1359/1538/728
f 1371/1549/729 1372/1551/729 1360/1550/729
f 1372/1551/730 1373/1565/730 1361/1539/730
f 1361/1539/731 1373/1565/731 1374/1552/731
f 1362/1541/732 1374/1552/732 1375/1553/732
f 1375/1553/733 1376/1569/733 1364/1554/733
f 1376/1555/734 1377/1557/734 1365/1544/734
f 1377/1557/735 1378/1559/735 1366/1558/735
f 1378/1559/736 1379/1560/736 1367/1545/736
f 1379/1560/737 1380/1561/737 1368/1546/737
f 1380/1561/738 1381/1574/738 1369/1547/738
f 1369/1547/739 1381/1574/739 1370/1548/739
f 1382/1562/740 1383/1563/740 1371/1549/740
f 1383/1563/741 1384/1564/741 1372/1551/741
f 1384/1564/742 1385/1566/742 1373/1565/742
f 1385/1566/743 1386/1567/743 1374/1552/743
f 1386/1567/744 1387/1568/744 1375/1553/744
f 1387/1568/745 1388/1580/745 1376/1569/745
f 1376/1555/746 1388/1582/746 1389/1570/746
f 1389/1570/747 1390/1584/747 1378/1559/747
f 1378/1559/748 1390/1584/748 1391/1571/748
f 1379/1560/749 1391/1571/749 1392/1572/749
f 1380/1561/750 1392/1572/750 1393/1573/750
f 1381/1574/751 1393/1573/751 1382/1562/751
f 1394/1575/752 1395/1590/752 1383/1563/752
f 1383/1563/753 1395/1590/753 1396/1576/753
f 1384/1564/754 1396/1576/754 1397/1577/754
f 1397/1577/755 1398/1578/755 1386/1567/755
f 1398/1578/756 1399/1579/756 1387/1568/756
f 1399/1579/757 1400/1595/757 1388/1580/757
f 1400/1581/758 1401/1583/758 1389/1570/758
f 1401/1583/759 1402/1585/759 1390/1584/759
f 1402/1585/760 1403/1586/760 1391/1571/760
f 1403/1586/761 1404/1587/761 1392/1572/761
f 1404/1587/762 1405/1588/762 1393/1573/762
f 1405/1588/763 1394/1575/763 1382/1562/763
f 1406/1589/764 1407/1591/764 1395/1590/764
f 1407/1591/765 1408/1592/765 1396/1576/765
f 1408/1592/766 1409/1602/766 1397/1577/766
f 1397/1577/767 1409/1602/767 1410/1593/767
f 1410/1593/768 1411/1594/768 1399/1579/768
f 1411/1594/769 1412/1606/769 1400/1595/769
f 1412/1596/770 1413/1597/770 1401/1583/770
f 1413/1597/771 1414/1609/771 1402/1585/771
f 1402/1585/772 1414/1609/772 1415/1598/772
f 1415/1598/773 1416/1612/773 1404/1587/773
f 1404/1587/774 1416/1612/774 1417/1599/774
f 1417/1599/775 1406/1589/775 1394/1575/775
f 1418/1600/776 1419/1616/776 1407/1591/776
f 1407/1591/777 1419/1616/777 1420/1601/777
f 1420/1601/778 1421/1603/778 1409/1602/778
f 1421/1603/779 1422/1604/779 1410/1593/779
f 1422/1604/780 1423/1605/780 1411/1594/780
f 1423/1605/781 1424/1622/781 1412/1606/781
f 1424/1607/782 1425/1608/782 1413/1597/782
f 1425/1608/783 1426/1610/783 1414/1609/783
f 1426/1610/784 1427/1611/784 1415/1598/784
f 1427/1611/785 1428/1613/785 1416/1612/785
f 1428/1613/786 1429/1614/786 1417/1599/786
f 1429/1614/787 1418/1600/787 1406/1589/787
f 1430/1615/788 1431/1617/788 1419/1616/788
f 1431/1617/789 1432/1618/789 1420/1601/789
f 1432/1618/790 1433/1619/790 1421/1603/790
f 1433/1619/791 1434/1620/791 1422/1604/791
f 1434/1620/792 1435/1632/792 1423/1605/792
f 1423/1605/793 1435/1632/793 1436/1621/793
f 1436/1623/794 1437/1635/794 1425/1608/794
f 1425/1608/795 1437/1635/795 1438/1624/795
f 1426/1610/796 1438/1624/796 1439/1625/796
f 1427/1611/797 1439/1625/797 1440/1626/797
f 1428/1613/798 1440/1626/798 1441/1627/798
f 1441/1627/799 1430/1615/799 1418/1600/799
f 1442/1628/800 1443/1629/800 1431/1617/800
f 1443/1629/801 1444/1642/801 1432/1618/801
f 1432/1618/802 1444/1642/802 1445/1630/802
f 1445/1630/803 1446/1631/803 1434/1620/803
f 1446/1631/804 1447/1633/804 1435/1632/804
f 1447/1633/805 1448/1646/805 1436/1621/805
f 1448/1634/806 1449/1648/806 1437/1635/806
f 1437/1635/807 1449/1648/807 1450/1636/807
f 1450/1636/808 1451/1637/808 1439/1625/808
f 1451/1637/809 1452/1638/809 1440/1626/809
f 1452/1638/810 1453/1639/810 1441/1627/810
f 1453/1639/811 1442/1628/811 1430/1615/811
f 1454/1640/812 1455/1641/812 1443/1629/812
f 1455/1641/813 1456/1643/813 1444/1642/813
f 1456/1643/814 1457/1654/814 1445/1630/814
f 1445/1630/815 1457/1654/815 1458/1644/815
f 1458/1644/816 1459/1645/816 1447/1633/816
f 1459/1645/817 1460/1657/817 1448/1646/817
f 1460/1647/818 1461/1659/818 1449/1648/818
f 1449/1648/819 1461/1659/819 1462/1649/819
f 1462/1649/820 1463/1650/820 1451/1637/820
f 1463/1650/821 1464/1662/821 1452/1638/821
f 1452/1638/822 1464/1662/822 1465/1651/822
f 1465/1651/823 1454/1640/823 1442/1628/823
f 1454/1640/824 1466/1666/824 1467/1652/824
f 1467/1652/825 1468/1668/825 1456/1643/825
f 1456/1643/826 1468/1668/826 1469/1653/826
f 1469/1653/827 1470/1655/827 1458/1644/827
f 1470/1655/828 1471/1656/828 1459/1645/828
f 1471/1656/829 1472/1672/829 1460/1657/829
f 1472/1658/830 1473/1660/830 1461/1659/830
f 1473/1660/831 1474/1674/831 1462/1649/831
f 1462/1649/832 1474/1674/832 1475/1661/832
f 1475/1661/833 1476/1663/833 1464/1662/833
f 1476/1663/834 1477/1664/834 1465/1651/834
f 1477/1664/835 1466/1666/835 1454/1640/835
f 1478/1665/836 1479/1667/836 1467/1652/836
f 1479/1667/837 1480/1669/837 1468/1668/837
f 1480/1669/838 1481/1680/838 1469/1653/838
f 1469/1653/839 1481/1680/839 1482/1670/839
f 1482/1670/840 1483/1671/840 1471/1656/840
f 1483/1671/841 1484/1683/841 1472/1672/841
f 1472/1658/842 1484/1685/842 1485/1673/842
f 1485/1673/843 1486/1675/843 1474/1674/843
f 1486/1675/844 1487/1676/844 1475/1661/844
f 1487/1676/845 1488/1689/845 1476/1663/845
f 1476/1663/846 1488/1689/846 1489/1677/846
f 1489/1677/847 1478/1665/847 1466/1666/847
f 1478/1665/848 1490/1692/848 1491/1678/848
f 1491/1678/849 1492/1679/849 1480/1669/849
f 1492/1679/850 1493/1695/850 1481/1680/850
f 1481/1680/851 1493/1695/851 1494/1681/851
f 1494/1681/852 1495/1682/852 1483/1671/852
f 1495/1682/853 1496/1699/853 1484/1683/853
f 1496/1684/854 1497/1686/854 1485/1673/854
f 1497/1686/855 1498/1687/855 1486/1675/855
f 1498/1687/856 1499/1703/856 1487/1676/856
f 1487/1676/857 1499/1703/857 1500/1688/857
f 1500/1688/858 1501/1690/858 1489/1677/858
f 1501/1690/859 1490/1692/859 1478/1665/859
f 1502/1691/860 1503/1693/860 1491/1678/860
f 1503/1693/861 1504/1694/861 1492/1679/861
f 1504/1694/862 1505/1696/862 1493/1695/862
f 1505/1696/863 1506/1697/863 1494/1681/863
f 1506/1697/864 1507/1698/864 1495/1682/864
f 1507/1698/865 1508/1711/865 1496/1699/865
f 1508/1700/866 1509/1713/866 1497/1686/866
f 1497/1686/867 1509/1713/867 1510/1701/867
f 1498/1687/868 1510/1701/868 1511/1702/868
f 1499/1703/869 1511/1702/869 1512/1704/869
f 1500/1688/870 1512/1704/870 1513/1705/870
f 1501/1690/871 1513/1705/871 1502/1691/871
f 1502/1691/872 1514/2030/872 1515/1706/872
f 1515/1706/873 1516/1707/873 1504/1694/873
f 1516/1707/874 1517/1708/874 1505/1696/874
f 1517/1708/875 1518/1709/875 1506/1697/875
f 1518/1709/876 1519/1710/876 1507/1698/876
f 1519/1710/877 1520/2031/877 1508/1711/877
f 1520/1712/878 1521/2032/878 1509/1713/878
f 1509/1713/879 1521/2032/879 1522/1714/879
f 1522/1714/880 1523/1715/880 1511/1702/880
f 1523/1715/881 1524/1716/881 1512/1704/881
f 1524/1716/882 1525/1717/882 1513/1705/882
f 1525/1717/883 1514/2030/883 1502/1691/883
f 1526/1718/601 1527/1721/601 1515/1719/601
f 1527/1721/600 1528/1723/600 1516/1722/600
f 1528/1723/599 1529/1725/599 1517/1724/599
f 1529/1725/598 1530/1727/598 1518/1726/598
f 1530/1727/597 1531/1729/597 1519/1728/597
f 1531/1729/596 1532/1746/596 1520/1730/596
f 1520/1731/607 1532/1748/607 1533/1732/607
f 1533/1732/606 1534/1750/606 1522/1734/606
f 1522/1734/605 1534/1750/605 1535/1735/605
f 1523/1736/604 1535/1735/604 1536/1737/604
f 1524/1738/603 1536/1737/603 1537/1739/603
f 1525/1740/602 1537/1739/602 1526/1718/602
f 1526/1718/613 1538/1754/613 1539/1741/613
f 1527/1721/612 1539/1741/612 1540/1742/612
f 1528/1723/611 1540/1742/611 1541/1743/611
f 1529/1725/610 1541/1743/610 1542/1744/610
f 1530/1727/609 1542/1744/609 1543/1745/609
f 1543/1745/608 1544/1760/608 1532/1746/608
f 1544/1747/619 1545/1749/619 1533/1732/619
f 1545/1749/618 1546/1751/618 1534/1750/618
f 1546/1751/617 1547/1752/617 1535/1735/617
f 1547/1752/616 1548/1753/616 1536/1737/616
f 1548/1753/615 1549/1765/615 1537/1739/615
f 1537/1739/614 1549/1765/614 1538/1754/614
f 1550/1755/625 1551/1756/625 1539/1741/625
f 1551/1756/624 1552/1768/624 1540/1742/624
f 1540/1742/623 1552/1768/623 1553/1757/623
f 1553/1757/622 1554/1758/622 1542/1744/622
f 1554/1758/621 1555/1759/621 1543/1745/621
f 1555/1759/620 1556/1773/620 1544/1760/620
f 1556/1761/631 1557/1775/631 1545/1749/631
f 1545/1749/630 1557/1775/630 1558/1762/630
f 1558/1762/629 1559/1763/629 1547/1752/629
f 1559/1763/628 1560/1779/628 1548/1753/628
f 1548/1753/627 1560/1779/627 1561/1764/627
f 1549/1765/626 1561/1764/626 1550/1755/626
f 1562/1766/637 1563/1767/637 1551/1756/637
f 1563/1767/636 1564/1769/636 1552/1768/636
f 1564/1769/635 1565/1770/635 1553/1757/635
f 1565/1770/634 1566/1771/634 1554/1758/634
f 1566/1771/633 1567/1785/633 1555/1759/633
f 1555/1759/632 1567/1785/632 1568/1772/632
f 1568/1774/643 1569/1776/643 1557/1775/643
f 1569/1776/642 1570/1777/642 1558/1762/642
f 1570/1777/641 1571/1789/641 1559/1763/641
f 1559/1763/640 1571/1789/640 1572/1778/640
f 1560/1779/639 1572/1778/639 1573/1780/639
f 1573/1780/638 1562/1766/638 1550/1755/638
f 1574/1781/649 1575/1782/649 1563/1767/649
f 1575/1782/648 1576/1783/648 1564/1769/648
f 1576/1783/647 1577/1794/647 1565/1770/647
f 1565/1770/646 1577/1794/646 1578/1784/646
f 1578/1784/645 1579/1786/645 1567/1785/645
f 1579/1786/644 1580/1798/644 1568/1772/644
f 1580/1787/655 1581/1800/655 1569/1776/655
f 1569/1776/654 1581/1800/654 1582/1788/654
f 1582/1788/653 1583/1790/653 1571/1789/653
f 1583/1790/652 1584/1803/652 1572/1778/652
f 1572/1778/651 1584/1803/651 1585/1791/651
f 1585/1791/650 1574/1781/650 1562/1766/650
f 1586/1792/661 1587/1807/661 1575/1782/661
f 1575/1782/660 1587/1807/660 1588/1793/660
f 1588/1793/659 1589/1795/659 1577/1794/659
f 1589/1795/658 1590/1796/658 1578/1784/658
f 1590/1796/657 1591/1797/657 1579/1786/657
f 1591/1797/656 1592/1811/656 1580/1798/656
f 1592/1799/667 1593/1801/667 1581/1800/667
f 1593/1801/666 1594/1814/666 1582/1788/666
f 1582/1788/665 1594/1814/665 1595/1802/665
f 1595/1802/664 1596/1804/664 1584/1803/664
f 1596/1804/663 1597/1805/663 1585/1791/663
f 1597/1805/662 1586/1792/662 1574/1781/662
f 1586/1792/673 1598/1819/673 1599/1806/673
f 1587/1807/672 1599/1806/672 1600/1808/672
f 1600/1808/671 1601/1822/671 1589/1795/671
f 1589/1795/670 1601/1822/670 1602/1809/670
f 1602/1809/669 1603/1810/669 1591/1797/669
f 1603/1810/668 1604/1825/668 1592/1811/668
f 1604/1812/679 1605/1813/679 1593/1801/679
f 1605/1813/678 1606/1815/678 1594/1814/678
f 1606/1815/677 1607/1816/677 1595/1802/677
f 1607/1816/676 1608/1817/676 1596/1804/676
f 1608/1817/675 1609/1818/675 1597/1805/675
f 1609/1818/674 1598/1819/674 1586/1792/674
f 1598/1819/685 1610/1832/685 1611/1820/685
f 1611/1820/684 1612/1821/684 1600/1808/684
f 1612/1821/683 1613/1823/683 1601/1822/683
f 1613/1823/682 1614/1836/682 1602/1809/682
f 1602/1809/681 1614/1836/681 1615/1824/681
f 1615/1824/680 1616/1839/680 1604/1825/680
f 1616/1826/691 1617/1827/691 1605/1813/691
f 1617/1827/690 1618/1828/690 1606/1815/690
f 1618/1828/689 1619/1843/689 1607/1816/689
f 1607/1816/688 1619/1843/688 1620/1829/688
f 1608/1817/687 1620/1829/687 1621/1830/687
f 1621/1830/686 1610/1832/686 1598/1819/686
f 1622/1831/697 1623/1833/697 1611/1820/697
f 1623/1833/696 1624/1834/696 1612/1821/696
f 1624/1834/695 1625/1835/695 1613/1823/695
f 1625/1835/694 1626/1837/694 1614/1836/694
f 1626/1837/693 1627/1838/693 1615/1824/693
f 1627/1838/692 1628/1850/692 1616/1839/692
f 1628/1840/703 1629/1841/703 1617/1827/703
f 1629/1841/702 1630/1853/702 1618/1828/702
f 1618/1828/701 1630/1853/701 1631/1842/701
f 1631/1842/700 1632/1856/700 1620/1829/700
f 1620/1829/699 1632/1856/699 1633/1844/699
f 1633/1844/698 1622/1831/698 1610/1832/698
f 1634/1845/709 1635/1846/709 1623/1833/709
f 1635/1846/708 1636/1847/708 1624/1834/708
f 1636/1847/707 1637/1848/707 1625/1835/707
f 1637/1848/706 1638/1861/706 1626/1837/706
f 1626/1837/705 1638/1861/705 1639/1849/705
f 1639/1849/704 1640/1863/704 1628/1850/704
f 1640/1851/715 1641/1852/715 1629/1841/715
f 1641/1852/714 1642/1854/714 1630/1853/714
f 1642/1854/713 1643/1855/713 1631/1842/713
f 1643/1855/712 1644/1867/712 1632/1856/712
f 1632/1856/711 1644/1867/711 1645/1857/711
f 1645/1857/710 1634/1845/710 1622/1831/710
f 1646/1858/721 1647/1871/721 1635/1846/721
f 1635/1846/720 1647/1871/720 1648/1859/720
f 1648/1859/719 1649/1860/719 1637/1848/719
f 1649/1860/718 1650/1875/718 1638/1861/718
f 1638/1861/717 1650/1875/717 1651/1862/717
f 1651/1862/716 1652/1877/716 1640/1863/716
f 1652/1864/727 1653/1865/727 1641/1852/727
f 1653/1865/726 1654/1880/726 1642/1854/726
f 1642/1854/725 1654/1880/725 1655/1866/725
f 1655/1866/724 1656/1868/724 1644/1867/724
f 1656/1868/723 1657/1869/723 1645/1857/723
f 1657/1869/722 1646/1858/722 1634/1845/722
f 1658/1870/733 1659/1872/733 1647/1871/733
f 1659/1872/732 1660/1886/732 1648/1859/732
f 1648/1859/731 1660/1886/731 1661/1873/731
f 1649/1860/730 1661/1873/730 1662/1874/730
f 1662/1874/729 1663/1890/729 1651/1862/729
f 1651/1862/728 1663/1890/728 1664/1876/728
f 1664/1878/739 1665/1879/739 1653/1865/739
f 1665/1879/738 1666/1881/738 1654/1880/738
f 1666/1881/737 1667/1882/737 1655/1866/737
f 1667/1882/736 1668/1883/736 1656/1868/736
f 1668/1883/735 1669/1884/735 1657/1869/735
f 1669/1884/734 1658/1870/734 1646/1858/734
f 1658/1870/745 1670/1898/745 1671/1885/745
f 1671/1885/744 1672/1887/744 1660/1886/744
f 1672/1887/743 1673/1888/743 1661/1873/743
f 1673/1888/742 1674/1889/742 1662/1874/742
f 1674/1889/741 1675/1891/741 1663/1890/741
f 1675/1891/740 1676/1904/740 1664/1876/740
f 1676/1892/751 1677/1906/751 1665/1879/751
f 1665/1879/750 1677/1906/750 1678/1893/750
f 1666/1881/749 1678/1893/749 1679/1894/749
f 1679/1894/748 1680/1895/748 1668/1883/748
f 1680/1895/747 1681/1896/747 1669/1884/747
f 1681/1896/746 1670/1898/746 1658/1870/746
f 1682/1897/757 1683/1899/757 1671/1885/757
f 1683/1899/756 1684/1900/756 1672/1887/756
f 1684/1900/755 1685/1901/755 1673/1888/755
f 1685/1901/754 1686/1902/754 1674/1889/754
f 1686/1902/753 1687/1916/753 1675/1891/753
f 1675/1891/752 1687/1916/752 1688/1903/752
f 1688/1905/763 1689/1907/763 1677/1906/763
f 1689/1907/762 1690/1920/762 1678/1893/762
f 1678/1893/761 1690/1920/761 1691/1908/761
f 1679/1894/760 1691/1908/760 1692/1909/760
f 1692/1909/759 1693/1910/759 1681/1896/759
f 1693/1910/758 1682/1897/758 1670/1898/758
f 1694/1911/769 1695/1912/769 1683/1899/769
f 1695/1912/768 1696/1913/768 1684/1900/768
f 1696/1913/767 1697/1914/767 1685/1901/767
f 1697/1914/766 1698/1915/766 1686/1902/766
f 1698/1915/765 1699/1917/765 1687/1916/765
f 1699/1917/764 1700/1929/764 1688/1903/764
f 1700/1918/775 1701/1919/775 1689/1907/775
f 1701/1919/774 1702/1921/774 1690/1920/774
f 1702/1921/773 1703/1933/773 1691/1908/773
f 1691/1908/772 1703/1933/772 1704/1922/772
f 1692/1909/771 1704/1922/771 1705/1923/771
f 1705/1923/770 1694/1911/770 1682/1897/770
f 1706/1924/781 1707/1925/781 1695/1912/781
f 1707/1925/780 1708/1937/780 1696/1913/780
f 1696/1913/779 1708/1937/779 1709/1926/779
f 1697/1914/778 1709/1926/778 1710/1927/778
f 1710/1927/777 1711/1928/777 1699/1917/777
f 1711/1928/776 1712/1942/776 1700/1929/776
f 1712/1930/787 1713/1931/787 1701/1919/787
f 1713/1931/786 1714/1932/786 1702/1921/786
f 1714/1932/785 1715/1934/785 1703/1933/785
f 1715/1934/784 1716/1935/784 1704/1922/784
f 1716/1935/783 1717/1948/783 1705/1923/783
f 1705/1923/782 1717/1948/782 1706/1924/782
f 1706/1924/793 1718/1949/793 1719/1936/793
f 1719/1936/792 1720/1938/792 1708/1937/792
f 1720/1938/791 1721/1939/791 1709/1926/791
f 1721/1939/790 1722/1940/790 1710/1927/790
f 1722/1940/789 1723/1941/789 1711/1928/789
f 1723/1941/788 1724/1954/788 1712/1942/788
f 1724/1943/799 1725/1944/799 1713/1931/799
f 1725/1944/798 1726/1945/798 1714/1932/798
f 1726/1945/797 1727/1946/797 1715/1934/797
f 1727/1946/796 1728/1959/796 1716/1935/796
f 1716/1935/795 1728/1959/795 1729/1947/795
f 1729/1947/794 1718/1949/794 1706/1924/794
f 1718/1949/805 1730/1961/805 1731/1950/805
f 1731/1950/804 1732/1963/804 1720/1938/804
f 1720/1938/803 1732/1963/803 1733/1951/803
f 1721/1939/802 1733/1951/802 1734/1952/802
f 1722/1940/801 1734/1952/801 1735/1953/801
f 1735/1953/800 1736/1967/800 1724/1954/800
f 1736/1955/811 1737/1956/811 1725/1944/811
f 1737/1956/810 1738/1957/810 1726/1945/810
f 1738/1957/809 1739/1958/809 1727/1946/809
f 1739/1958/808 1740/1971/808 1728/1959/808
f 1728/1959/807 1740/1971/807 1741/1960/807
f 1741/1960/806 1730/1961/806 1718/1949/806
f 1730/1961/817 1742/1975/817 1743/1962/817
f 1743/1962/816 1744/1977/816 1732/1963/816
f 1732/1963/815 1744/1977/815 1745/1964/815
f 1745/1964/814 1746/1965/814 1734/1952/814
f 1746/1965/813 1747/1966/813 1735/1953/813
f 1747/1966/812 1748/1982/812 1736/1967/812
f 1748/1968/823 1749/1984/823 1737/1956/823
f 1737/1956/822 1749/1984/822 1750/1969/822
f 1738/1957/821 1750/1969/821 1751/1970/821
f 1751/1970/820 1752/1972/820 1740/1971/820
f 1752/1972/819 1753/1973/819 1741/1960/819
f 1753/1973/818 1742/1975/818 1730/1961/818
f 1754/1974/829 1755/1976/829 1743/1962/829
f 1755/1976/828 1756/1978/828 1744/1977/828
f 1756/1978/827 1757/1979/827 1745/1964/827
f 1757/1979/826 1758/1980/826 1746/1965/826
f 1758/1980/825 1759/1981/825 1747/1966/825
f 1759/1981/824 1760/1993/824 1748/1982/824
f 1760/1983/835 1761/1995/835 1749/1984/835
f 1749/1984/834 1761/1995/834 1762/1985/834
f 1762/1985/833 1763/1986/833 1751/1970/833
f 1763/1986/832 1764/1999/832 1752/1972/832
f 1752/1972/831 1764/1999/831 1765/1987/831
f 1765/1987/830 1754/1974/830 1742/1975/830
f 1766/1988/841 1767/1989/841 1755/1976/841
f 1767/1989/840 1768/2004/840 1756/1978/840
f 1756/1978/839 1768/2004/839 1769/1990/839
f 1769/1990/838 1770/1991/838 1758/1980/838
f 1770/1991/837 1771/1992/837 1759/1981/837
f 1771/1992/836 1772/2009/836 1760/1993/836
f 1772/1994/847 1773/1996/847 1761/1995/847
f 1773/1996/846 1774/1997/846 1762/1985/846
f 1774/1997/845 1775/1998/845 1763/1986/845
f 1775/1998/844 1776/2000/844 1764/1999/844
f 1776/2000/843 1777/2001/843 1765/1987/843
f 1777/2001/842 1766/1988/842 1754/1974/842
f 1778/2002/853 1779/2003/853 1767/1989/853
f 1779/2003/852 1780/2005/852 1768/2004/852
f 1780/2005/851 1781/2006/851 1769/1990/851
f 1781/2006/850 1782/2007/850 1770/1991/850
f 1782/2007/849 1783/2008/849 1771/1992/849
f 1783/2008/848 1784/2020/848 1772/2009/848
f 1784/2010/859 1785/2022/859 1773/1996/859
f 1773/1996/858 1785/2022/858 1786/2011/858
f 1786/2011/857 1787/2012/857 1775/1998/857
f 1787/2012/856 1788/2013/856 1776/2000/856
f 1788/2013/855 1789/2014/855 1777/2001/855
f 1789/2014/854 1778/2002/854 1766/1988/854
f 1778/2002/865 1790/2027/865 1791/2015/865
f 1779/2003/864 1791/2015/864 1792/2016/864
f 1780/2005/863 1792/2016/863 1793/2017/863
f 1793/2017/862 1794/2018/862 1782/2007/862
f 1794/2018/861 1795/2028/861 1783/2008/861
f 1783/2008/860 1795/2028/860 1796/2019/860
f 1796/2021/871 1797/2023/871 1785/2022/871
f 1797/2023/870 1798/2029/870 1786/2011/870
f 1786/2011/869 1798/2029/869 1799/2024/869
f 1799/2024/868 1800/2025/868 1788/2013/868
f 1800/2025/867 1801/2026/867 1789/2014/867
f 1801/2026/866 1790/2027/866 1778/2002/866
f 1226/1398/877 1227/1397/877 1791/2015/877
f 1227/1397/876 1228/1400/876 1792/2016/876
f 1228/1400/875 1229/1401/875 1793/2017/875
f 1229/1401/874 1230/1403/874 1794/2018/874
f 1230/1403/873 1231/1405/873 1795/2028/873
f 1231/1405/872 1232/1407/872 1796/2019/872
f 1796/2021/883 1232/1410/883 1233/1409/883
f 1233/1409/882 1234/1412/882 1798/2029/882
f 1234/1412/881 1235/1414/881 1799/2024/881
f 1235/1414/880 1236/1416/880 1800/2025/880
f 1800/2025/879 1236/1416/879 1237/1418/879
f 1801/2026/878 1237/1418/878 1226/1398/878
o 後輪右
v -2.466419 -0.250000 -2.666742
v -2.260884 -0.216506 -2.666742
v -2.110422 -0.125000 -2.666742
v -2.055349 0.000000 -2.666742
v -2.110422 0.125000 -2.666742
v -2.260884 0.216506 -2.666742
v -2.466419 0.250000 -2.666742
v -2.671954 0.216506 -2.666742
v -2.822416 0.125000 -2.666742
v -2.877489 0.000000 -2.666742
v -2.822416 -0.125000 -2.666742
v -2.671954 -0.216506 -2.666742
v -2.466419 -0.239306 -2.829900
v -2.260884 -0.206099 -2.825528
v -2.110422 -0.115376 -2.813584
v -2.055349 0.008555 -2.797268
v -2.110422 0.132486 -2.780952
v -2.260884 0.223209 -2.769008
v -2.466419 0.256416 -2.764637
v -2.671954 0.223209 -2.769008
v -2.822416 0.132486 -2.780952
v -2.877489 0.008555 -2.797268
v -2.822416 -0.115376 -2.813584
v -2.671954 -0.206099 -2.825528
v -2.466419 -0.207407 -2.990266
v -2.260884 -0.175055 -2.981597
v -2.110422 -0.086667 -2.957913
v -2.055349 0.034074 -2.925561
v -2.110422 0.154815 -2.893209
v -2.260884 0.243203 -2.869525
v -2.466419 0.275556 -2.860856
v -2.671954 0.243203 -2.869525
v -2.822416 0.154815 -2.893209
v -2.877489 0.034074 -2.925561
v -2.822416 -0.086667 -2.957913
v -2.671954 -0.175055 -2.981597
v -2.466419 -0.154849 -3.145096
v -2.260884 -0.123905 -3.132279
v -2.110422 -0.039364 -3.097261
v -2.055349 0.076120 -3.049425
v -2.110422 0.191605 -3.001590
v -2.260884 0.276146 -2.966572
v -2.466419 0.307090 -2.953754
v -2.671954 0.276146 -2.966572
v -2.822416 0.191605 -3.001590
v -2.877489 0.076120 -3.049425
v -2.822416 -0.039364 -3.097261
v -2.671954 -0.123905 -3.132279
v -2.466419 -0.082532 -3.291742
v -2.260884 -0.053525 -3.274995
v -2.110422 0.025721 -3.229242
v -2.055349 0.133975 -3.166742
v -2.110422 0.242228 -3.104242
v -2.260884 0.321475 -3.058489
v -2.466419 0.350481 -3.041742
v -2.671954 0.321475 -3.058489
v -2.822416 0.242228 -3.104242
v -2.877489 0.133975 -3.166742
v -2.822416 0.025721 -3.229242
v -2.671954 -0.053525 -3.274995
v -2.466419 0.008308 -3.427693
v -2.260884 0.034881 -3.407304
v -2.110422 0.107477 -3.351598
v -2.055349 0.206647 -3.275503
v -2.110422 0.305816 -3.199408
v -2.260884 0.378413 -3.143703
v -2.466419 0.404985 -3.123313
v -2.671954 0.378413 -3.143703
v -2.822416 0.305816 -3.199408
v -2.877489 0.206647 -3.275503
v -2.822416 0.107477 -3.351598
v -2.671954 0.034881 -3.407304
v -2.466419 0.116117 -3.550625
v -2.260884 0.139800 -3.526942
v -2.110422 0.204505 -3.462237
v -2.055349 0.292893 -3.373849
v -2.110422 0.381282 -3.285460
v -2.260884 0.445986 -3.220756
v -2.466419 0.469670 -3.197072
v -2.671954 0.445986 -3.220756
v -2.822416 0.381282 -3.285460
v -2.877489 0.292893 -3.373849
v -2.822416 0.204505 -3.462237
v -2.671954 0.139800 -3.526942
v -2.466419 0.239048 -3.658433
v -2.260884 0.259438 -3.631861
v -2.110422 0.315143 -3.559264
v -2.055349 0.391238 -3.460095
v -2.110422 0.467334 -3.360926
v -2.260884 0.523039 -3.288329
v -2.466419 0.543429 -3.261757
v -2.671954 0.523039 -3.288329
v -2.822416 0.467334 -3.360926
v -2.877489 0.391238 -3.460095
v -2.822416 0.315143 -3.559264
v -2.671954 0.259438 -3.631861
v -2.466419 0.375000 -3.749274
v -2.260884 0.391747 -3.720267
v -2.110422 0.437500 -3.641021
v -2.055349 0.500000 -3.532767
v -2.110422 0.562500 -3.424514
v -2.260884 0.608253 -3.345267
v -2.466419 0.625000 -3.316261
v -2.671954 0.608253 -3.345267
v -2.822416 0.562500 -3.424514
v -2.877489 0.500000 -3.532767
v -2.822416 0.437500 -3.641021
v -2.671954 0.391747 -3.720267
v -2.466419 0.521645 -3.821591
v -2.260884 0.534463 -3.790647
v -2.110422 0.569481 -3.706106
v -2.055349 0.617316 -3.590621
v -2.110422 0.665152 -3.475136
v -2.260884 0.700170 -3.390595
v -2.466419 0.712987 -3.359652
v -2.671954 0.700170 -3.390595
v -2.822416 0.665152 -3.475136
v -2.877489 0.617316 -3.590621
v -2.822416 0.569481 -3.706106
v -2.671954 0.534463 -3.790647
v -2.466419 0.676476 -3.874149
v -2.260884 0.685145 -3.841797
v -2.110422 0.708829 -3.753408
v -2.055349 0.741181 -3.632668
v -2.110422 0.773533 -3.511927
v -2.260884 0.797217 -3.423539
v -2.466419 0.805886 -3.391186
v -2.671954 0.797217 -3.423539
v -2.822416 0.773533 -3.511927
v -2.877489 0.741181 -3.632668
v -2.822416 0.708829 -3.753408
v -2.671954 0.685145 -3.841797
v -2.466419 0.836842 -3.906048
v -2.260884 0.841214 -3.872841
v -2.110422 0.853158 -3.782117
v -2.055349 0.869474 -3.658187
v -2.110422 0.885790 -3.534256
v -2.260884 0.897734 -3.443532
v -2.466419 0.902106 -3.410326
v -2.671954 0.897734 -3.443532
v -2.822416 0.885790 -3.534256
v -2.877489 0.869474 -3.658187
v -2.822416 0.853158 -3.782117
v -2.671954 0.841214 -3.872841
v -2.466419 1.000000 -3.916742
v -2.260884 1.000000 -3.883248
v -2.110422 1.000000 -3.791742
v -2.055349 1.000000 -3.666742
v -2.110422 1.000000 -3.541742
v -2.260884 1.000000 -3.450235
v -2.466419 1.000000 -3.416742
v -2.671954 1.000000 -3.450235
v -2.822416 1.000000 -3.541742
v -2.877489 1.000000 -3.666742
v -2.822416 1.000000 -3.791742
v -2.671954 1.000000 -3.883248
v -2.466419 1.163158 -3.906048
v -2.260884 1.158786 -3.872841
v -2.110422 1.146842 -3.782117
v -2.055349 1.130526 -3.658187
v -2.110422 1.114210 -3.534256
v -2.260884 1.102267 -3.443532
v -2.466419 1.097895 -3.410326
v -2.671954 1.102267 -3.443532
v -2.822416 1.114211 -3.534256
v -2.877489 1.130526 -3.658187
v -2.822416 1.146842 -3.782117
v -2.671954 1.158786 -3.872841
v -2.466419 1.323524 -3.874149
v -2.260884 1.314855 -3.841797
v -2.110422 1.291171 -3.753408
v -2.055349 1.258819 -3.632668
v -2.110422 1.226467 -3.511927
v -2.260884 1.202783 -3.423539
v -2.466419 1.194114 -3.391186
v -2.671954 1.202783 -3.423539
v -2.822416 1.226467 -3.511927
v -2.877489 1.258819 -3.632668
v -2.822416 1.291171 -3.753408
v -2.671954 1.314855 -3.841797
v -2.466419 1.478354 -3.821591
v -2.260884 1.465537 -3.790647
v -2.110422 1.430519 -3.706106
v -2.055349 1.382684 -3.590621
v -2.110422 1.334848 -3.475136
v -2.260884 1.299830 -3.390595
v -2.466419 1.287013 -3.359652
v -2.671954 1.299830 -3.390595
v -2.822416 1.334848 -3.475136
v -2.877489 1.382684 -3.590621
v -2.822416 1.430519 -3.706106
v -2.671954 1.465537 -3.790647
v -2.466419 1.625000 -3.749274
v -2.260884 1.608253 -3.720267
v -2.110422 1.562500 -3.641021
v -2.055349 1.500000 -3.532767
v -2.110422 1.437500 -3.424514
v -2.260884 1.391747 -3.345267
v -2.466419 1.375000 -3.316261
v -2.671954 1.391747 -3.345267
v -2.822416 1.437500 -3.424514
v -2.877489 1.500000 -3.532767
v -2.822416 1.562500 -3.641021
v -2.671954 1.608253 -3.720267
v -2.466419 1.760952 -3.658433
v -2.260884 1.740562 -3.631861
v -2.110422 1.684857 -3.559264
v -2.055349 1.608761 -3.460095
v -2.110422 1.532666 -3.360926
v -2.260884 1.476961 -3.288329
v -2.466419 1.456571 -3.261757
v -2.671954 1.476961 -3.288329
v -2.822416 1.532666 -3.360926
v -2.877489 1.608761 -3.460095
v -2.822416 1.684857 -3.559264
v -2.671954 1.740562 -3.631861
v -2.466419 1.883884 -3.550625
v -2.260884 1.860200 -3.526942
v -2.110422 1.795495 -3.462237
v -2.055349 1.707107 -3.373848
v -2.110422 1.618719 -3.285460
v -2.260884 1.554014 -3.220755
v -2.466419 1.530330 -3.197072
v -2.671954 1.554014 -3.220755
v -2.822416 1.618719 -3.285460
v -2.877489 1.707107 -3.373848
v -2.822416 1.795495 -3.462237
v -2.671954 1.860200 -3.526942
v -2.466419 1.991692 -3.427694
v -2.260884 1.965119 -3.407304
v -2.110422 1.892522 -3.351599
v -2.055349 1.793353 -3.275503
v -2.110422 1.694184 -3.199408
v -2.260884 1.621587 -3.143703
v -2.466419 1.595015 -3.123313
v -2.671954 1.621587 -3.143703
v -2.822416 1.694184 -3.199408
v -2.877489 1.793353 -3.275503
v -2.822416 1.892522 -3.351599
v -2.671954 1.965119 -3.407304
v -2.466419 2.082531 -3.291742
v -2.260884 2.053525 -3.274995
v -2.110422 1.974278 -3.229242
v -2.055349 1.866025 -3.166742
v -2.110422 1.757772 -3.104242
v -2.260884 1.678525 -3.058489
v -2.466419 1.649519 -3.041742
v -2.671954 1.678525 -3.058489
v -2.822416 1.757772 -3.104242
v -2.877489 1.866025 -3.166742
v -2.822416 1.974278 -3.229242
v -2.671954 2.053525 -3.274995
v -2.466419 2.154850 -3.145096
v -2.260884 2.123905 -3.132279
v -2.110422 2.039364 -3.097261
v -2.055349 1.923880 -3.049425
v -2.110422 1.808395 -3.001590
v -2.260884 1.723854 -2.966572
v -2.466419 1.692910 -2.953754
v -2.671954 1.723854 -2.966572
v -2.822416 1.808395 -3.001590
v -2.877489 1.923880 -3.049425
v -2.822416 2.039364 -3.097261
v -2.671954 2.123905 -3.132279
v -2.466419 2.207407 -2.990265
v -2.260884 2.175055 -2.981597
v -2.110422 2.086667 -2.957913
v -2.055349 1.965926 -2.925561
v -2.110422 1.845185 -2.893209
v -2.260884 1.756797 -2.869525
v -2.466419 1.724444 -2.860856
v -2.671954 1.756797 -2.869525
v -2.822416 1.845185 -2.893209
v -2.877489 1.965926 -2.925561
v -2.822416 2.086667 -2.957913
v -2.671954 2.175055 -2.981597
v -2.466419 2.239306 -2.829900
v -2.260884 2.206099 -2.825528
v -2.110422 2.115376 -2.813584
v -2.055349 1.991445 -2.797268
v -2.110422 1.867514 -2.780952
v -2.260884 1.776791 -2.769008
v -2.466419 1.743584 -2.764637
v -2.671954 1.776791 -2.769008
v -2.822416 1.867514 -2.780952
v -2.877489 1.991445 -2.797268
v -2.822416 2.115376 -2.813584
v -2.671954 2.206099 -2.825528
v -2.466419 2.250000 -2.666742
v -2.260884 2.216506 -2.666742
v -2.110422 2.125000 -2.666742
v -2.055349 2.000000 -2.666742
v -2.110422 1.875000 -2.666742
v -2.260884 1.783494 -2.666742
v -2.466419 1.750000 -2.666742
v -2.671954 1.783494 -2.666742
v -2.822416 1.875000 -2.666742
v -2.877489 2.000000 -2.666742
v -2.822416 2.125000 -2.666742
v -2.671954 2.216506 -2.666742
v -2.466419 2.239306 -2.503584
v -2.260884 2.206099 -2.507956
v -2.110422 2.115376 -2.519900
v -2.055349 1.991445 -2.536216
v -2.110422 1.867514 -2.552531
v -2.260884 1.776791 -2.564475
v -2.466419 1.743584 -2.568847
v -2.671954 1.776791 -2.564475
v -2.822416 1.867514 -2.552531
v -2.877489 1.991445 -2.536216
v -2.822416 2.115376 -2.519900
v -2.671954 2.206099 -2.507956
v -2.466419 2.207407 -2.343218
v -2.260884 2.175055 -2.351887
v -2.110422 2.086667 -2.375571
v -2.055349 1.965926 -2.407923
v -2.110422 1.845185 -2.440275
v -2.260884 1.756797 -2.463959
v -2.466419 1.724444 -2.472628
v -2.671954 1.756797 -2.463959
v -2.822416 1.845185 -2.440275
v -2.877489 1.965926 -2.407923
v -2.822416 2.086667 -2.375571
v -2.671954 2.175055 -2.351887
v -2.466419 2.154850 -2.188388
v -2.260884 2.123906 -2.201205
v -2.110422 2.039365 -2.236223
v -2.055349 1.923880 -2.284059
v -2.110422 1.808395 -2.331894
v -2.260884 1.723854 -2.366912
v -2.466419 1.692910 -2.379730
v -2.671954 1.723854 -2.366912
v -2.822416 1.808395 -2.331894
v -2.877489 1.923880 -2.284059
v -2.822416 2.039365 -2.236223
v -2.671954 2.123906 -2.201205
v -2.466419 2.082532 -2.041742
v -2.260884 2.053525 -2.058489
v -2.110422 1.974279 -2.104242
v -2.055349 1.866025 -2.166742
v -2.110422 1.757772 -2.229242
v -2.260884 1.678525 -2.274995
v -2.466419 1.649519 -2.291742
v -2.671954 1.678525 -2.274995
v -2.822416 1.757772 -2.229242
v -2.877489 1.866025 -2.166742
v -2.822416 1.974279 -2.104242
v -2.671954 2.053525 -2.058489
v -2.466419 1.991692 -1.905790
v -2.260884 1.965119 -1.926180
v -2.110422 1.892522 -1.981885
v -2.055349 1.793353 -2.057981
v -2.110422 1.694184 -2.134076
v -2.260884 1.621587 -2.189781
v -2.466419 1.595015 -2.210171
v -2.671954 1.621587 -2.189781
v -2.822416 1.694184 -2.134076
v -2.877489 1.793353 -2.057981
v -2.822416 1.892522 -1.981885
v -2.671954 1.965119 -1.926180
v -2.466419 1.883884 -1.782859
v -2.260884 1.860200 -1.806542
v -2.110422 1.795495 -1.871247
v -2.055349 1.707107 -1.959635
v -2.110422 1.618719 -2.048024
v -2.260884 1.554014 -2.112728
v -2.466419 1.530330 -2.136412
v -2.671954 1.554014 -2.112728
v -2.822416 1.618719 -2.048024
v -2.877489 1.707107 -1.959635
v -2.822416 1.795495 -1.871247
v -2.671954 1.860200 -1.806542
v -2.466419 1.760952 -1.675050
v -2.260884 1.740563 -1.701623
v -2.110422 1.684857 -1.774220
v -2.055349 1.608762 -1.873389
v -2.110422 1.532667 -1.972558
v -2.260884 1.476961 -2.045155
v -2.466419 1.456571 -2.071727
v -2.671954 1.476961 -2.045155
v -2.822416 1.532667 -1.972558
v -2.877489 1.608762 -1.873389
v -2.822416 1.684857 -1.774220
v -2.671954 1.740563 -1.701623
v -2.466419 1.625000 -1.584210
v -2.260884 1.608253 -1.613216
v -2.110422 1.562500 -1.692463
v -2.055349 1.500000 -1.800716
v -2.110422 1.437500 -1.908970
v -2.260884 1.391747 -1.988216
v -2.466419 1.375000 -2.017223
v -2.671954 1.391747 -1.988216
v -2.822416 1.437500 -1.908970
v -2.877489 1.500000 -1.800716
v -2.822416 1.562500 -1.692463
v -2.671954 1.608253 -1.613216
v -2.466419 1.478354 -1.511892
v -2.260884 1.465537 -1.542837
v -2.110422 1.430519 -1.627377
v -2.055349 1.382684 -1.742862
v -2.110422 1.334848 -1.858347
v -2.260884 1.299830 -1.942888
v -2.466419 1.287013 -1.973832
v -2.671954 1.299830 -1.942888
v -2.822416 1.334848 -1.858347
v -2.877489 1.382684 -1.742862
v -2.822416 1.430519 -1.627377
v -2.671954 1.465537 -1.542837
v -2.466419 1.323524 -1.459335
v -2.260884 1.314855 -1.491687
v -2.110422 1.291172 -1.580075
v -2.055349 1.258819 -1.700816
v -2.110422 1.226467 -1.821557
v -2.260884 1.202783 -1.909945
v -2.466419 1.194115 -1.942297
v -2.671954 1.202783 -1.909945
v -2.822416 1.226467 -1.821557
v -2.877489 1.258819 -1.700816
v -2.822416 1.291172 -1.580075
v -2.671954 1.314855 -1.491687
v -2.466419 1.163159 -1.427436
v -2.260884 1.158787 -1.460643
v -2.110422 1.146843 -1.551366
v -2.055349 1.130527 -1.675297
v -2.110422 1.114211 -1.799228
v -2.260884 1.102267 -1.889951
v -2.466419 1.097895 -1.923158
v -2.671954 1.102267 -1.889951
v -2.822416 1.114211 -1.799228
v -2.877489 1.130527 -1.675297
v -2.822416 1.146843 -1.551366
v -2.671954 1.158787 -1.460643
v -2.466419 1.000000 -1.416742
v -2.260884 1.000000 -1.450235
v -2.110422 1.000000 -1.541742
v -2.055349 1.000000 -1.666742
v -2.110422 1.000000 -1.791742
v -2.260884 1.000000 -1.883248
v -2.466419 1.000000 -1.916742
v -2.671954 1.000000 -1.883248
v -2.822416 1.000000 -1.791742
v -2.877489 1.000000 -1.666742
v -2.822416 1.000000 -1.541742
v -2.671954 1.000000 -1.450235
v -2.466419 0.836842 -1.427436
v -2.260884 0.841214 -1.460643
v -2.110422 0.853158 -1.551366
v -2.055349 0.869474 -1.675297
v -2.110422 0.885790 -1.799228
v -2.260884 0.897734 -1.889951
v -2.466419 0.902106 -1.923158
v -2.671954 0.897734 -1.889951
v -2.822416 0.885790 -1.799228
v -2.877489 0.869474 -1.675297
v -2.822416 0.853158 -1.551366
v -2.671954 0.841214 -1.460643
v -2.466419 0.676477 -1.459334
v -2.260884 0.685145 -1.491687
v -2.110422 0.708829 -1.580075
v -2.055349 0.741181 -1.700816
v -2.110422 0.773534 -1.821557
v -2.260884 0.797217 -1.909945
v -2.466419 0.805886 -1.942297
v -2.671954 0.797217 -1.909945
v -2.822416 0.773534 -1.821557
v -2.877489 0.741181 -1.700816
v -2.822416 0.708829 -1.580075
v -2.671954 0.685145 -1.491687
v -2.466419 0.521645 -1.511893
v -2.260884 0.534463 -1.542837
v -2.110422 0.569481 -1.627378
v -2.055349 0.617316 -1.742862
v -2.110422 0.665152 -1.858347
v -2.260884 0.700170 -1.942888
v -2.466419 0.712987 -1.973832
v -2.671954 0.700170 -1.942888
v -2.822416 0.665152 -1.858347
v -2.877489 0.617316 -1.742862
v -2.822416 0.569481 -1.627378
v -2.671954 0.534463 -1.542837
v -2.466419 0.375000 -1.584210
v -2.260884 0.391747 -1.613216
v -2.110422 0.437500 -1.692463
v -2.055349 0.500000 -1.800716
v -2.110422 0.562500 -1.908970
v -2.260884 0.608253 -1.988216
v -2.466419 0.625000 -2.017223
v -2.671954 0.608253 -1.988216
v -2.822416 0.562500 -1.908970
v -2.877489 0.500000 -1.800716
v -2.822416 0.437500 -1.692463
v -2.671954 0.391747 -1.613216
v -2.466419 0.239048 -1.675050
v -2.260884 0.259438 -1.701622
v -2.110422 0.315144 -1.774219
v -2.055349 0.391239 -1.873388
v -2.110422 0.467334 -1.972558
v -2.260884 0.523039 -2.045155
v -2.466419 0.543429 -2.071727
v -2.671954 0.523039 -2.045155
v -2.822416 0.467334 -1.972558
v -2.877489 0.391239 -1.873388
v -2.822416 0.315144 -1.774219
v -2.671954 0.259438 -1.701622
v -2.466419 0.116117 -1.782858
v -2.260884 0.139801 -1.806541
v -2.110422 0.204505 -1.871246
v -2.055349 0.292894 -1.959635
v -2.110422 0.381282 -2.048023
v -2.260884 0.445987 -2.112728
v -2.466419 0.469670 -2.136411
v -2.671954 0.445987 -2.112728
v -2.822416 0.381282 -2.048023
v -2.877489 0.292894 -1.959635
v -2.822416 0.204505 -1.871246
v -2.671954 0.139801 -1.806541
v -2.466419 0.008308 -1.905790
v -2.260884 0.034881 -1.926180
v -2.110422 0.107477 -1.981885
v -2.055349 0.206647 -2.057981
v -2.110422 0.305816 -2.134076
v -2.260884 0.378413 -2.189781
v -2.466419 0.404985 -2.210171
v -2.671954 0.378413 -2.189781
v -2.822416 0.305816 -2.134076
v -2.877489 0.206647 -2.057981
v -2.822416 0.107477 -1.981885
v -2.671954 0.034881 -1.926180
v -2.466419 -0.082532 -2.041742
v -2.260884 -0.053525 -2.058489
v -2.110422 0.025721 -2.104242
v -2.055349 0.133975 -2.166742
v -2.110422 0.242228 -2.229242
v -2.260884 0.321475 -2.274995
v -2.466419 0.350481 -2.291742
v -2.671954 0.321475 -2.274995
v -2.822416 0.242228 -2.229242
v -2.877489 0.133975 -2.166742
v -2.822416 0.025721 -2.104242
v -2.671954 -0.053525 -2.058489
v -2.466419 -0.154849 -2.188387
v -2.260884 -0.123905 -2.201205
v -2.110422 -0.039364 -2.236223
v -2.055349 0.076121 -2.284058
v -2.110422 0.191606 -2.331893
v -2.260884 0.276146 -2.366911
v -2.466419 0.307090 -2.379729
v -2.671954 0.276146 -2.366911
v -2.822416 0.191606 -2.331893
v -2.877489 0.076121 -2.284058
v -2.822416 -0.039364 -2.236223
v -2.671954 -0.123905 -2.201205
v -2.466419 -0.207407 -2.343218
v -2.260884 -0.175055 -2.351887
v -2.110422 -0.086667 -2.375571
v -2.055349 0.034074 -2.407923
v -2.110422 0.154815 -2.440275
v -2.260884 0.243203 -2.463959
v -2.466419 0.275556 -2.472628
v -2.671954 0.243203 -2.463959
v -2.822416 0.154815 -2.440275
v -2.877489 0.034074 -2.407923
v -2.822416 -0.086667 -2.375571
v -2.671954 -0.175055 -2.351887
v -2.466419 -0.239306 -2.503584
v -2.260884 -0.206099 -2.507956
v -2.110422 -0.115376 -2.519900
v -2.055349 0.008555 -2.536216
v -2.110422 0.132486 -2.552531
v -2.260884 0.223209 -2.564476
v -2.466419 0.256416 -2.568847
v -2.671954 0.223209 -2.564476
v -2.822416 0.132486 -2.552531
v -2.877489 0.008555 -2.536216
v -2.822416 -0.115376 -2.519900
v -2.671954 -0.206099 -2.507956
vn 0.1605 -0.9849 -0.0646
vn 0.5188 -0.8531 -0.0559
vn 0.9148 -0.4030 -0.0264
vn 0.9148 0.4030 0.0264
vn 0.5188 0.8531 0.0559
vn 0.1605 0.9849 0.0646
vn -0.1605 0.9849 0.0646
vn -0.5188 0.8531 0.0559
vn -0.9148 0.4030 0.0264
vn -0.9148 -0.4030 -0.0264
vn -0.5188 -0.8531 -0.0559
vn -0.1605 -0.9849 -0.0646
vn 0.1605 -0.9681 -0.1926
vn 0.5188 -0.8385 -0.1668
vn 0.9148 -0.3961 -0.0788
vn 0.9148 0.3961 0.0788
vn 0.5188 0.8385 0.1668
vn 0.1605 0.9681 0.1926
vn -0.1605 0.9681 0.1926
vn -0.5188 0.8385 0.1668
vn -0.9148 0.3961 0.0788
vn -0.9148 -0.3961 -0.0788
vn -0.5188 -0.8385 -0.1668
vn -0.1605 -0.9681 -0.1926
vn 0.1605 -0.9347 -0.3173
vn 0.5188 -0.8095 -0.2748
vn 0.9148 -0.3825 -0.1298
vn 0.9148 0.3825 0.1298
vn 0.5188 0.8095 0.2748
vn 0.1605 0.9347 0.3173
vn -0.1605 0.9347 0.3173
vn -0.5188 0.8095 0.2748
vn -0.9148 0.3825 0.1298
vn -0.9148 -0.3825 -0.1298
vn -0.5188 -0.8095 -0.2748
vn -0.1605 -0.9347 -0.3173
vn 0.1605 -0.8852 -0.4366
vn 0.5188 -0.7667 -0.3781
vn 0.9148 -0.3623 -0.1786
vn 0.9148 0.3623 0.1786
vn 0.5188 0.7667 0.3781
vn 0.1605 0.8852 0.4366
vn -0.1605 0.8852 0.4366
vn -0.5188 0.7667 0.3781
vn -0.9148 0.3623 0.1786
vn -0.9148 -0.3623 -0.1786
vn -0.5188 -0.7667 -0.3781
vn -0.1605 -0.8852 -0.4366
vn 0.1605 -0.8207 -0.5484
vn 0.5188 -0.7108 -0.4750
vn 0.9148 -0.3358 -0.2244
vn 0.9148 0.3358 0.2244
vn 0.5188 0.7108 0.4750
vn 0.1605 0.8207 0.5484
vn -0.1605 0.8207 0.5484
vn -0.5188 0.7108 0.4750
vn -0.9148 0.3358 0.2244
vn -0.9148 -0.3358 -0.2244
vn -0.5188 -0.7108 -0.4750
vn -0.1605 -0.8207 -0.5484
vn 0.1605 -0.7421 -0.6508
vn 0.5188 -0.6427 -0.5637
vn 0.9148 -0.3037 -0.2663
vn 0.9148 0.3037 0.2663
vn 0.5188 0.6427 0.5637
vn 0.1605 0.7421 0.6508
vn -0.1605 0.7421 0.6508
vn -0.5188 0.6427 0.5637
vn -0.9148 0.3037 0.2663
vn -0.9148 -0.3037 -0.2663
vn -0.5188 -0.6427 -0.5637
vn -0.1605 -0.7421 -0.6508
vn 0.1605 -0.6508 -0.7421
vn 0.5188 -0.5637 -0.6427
vn 0.9148 -0.2663 -0.3037
vn 0.9148 0.2663 0.3037
vn 0.5188 0.5637 0.6427
vn 0.1605 0.6508 0.7421
vn -0.1605 0.6508 0.7421
vn -0.5188 0.5637 0.6427
vn -0.9148 0.2663 0.3037
vn -0.9148 -0.2663 -0.3037
vn -0.5188 -0.5637 -0.6427
vn -0.1605 -0.6508 -0.7421
vn 0.1605 -0.5484 -0.8207
vn 0.5188 -0.4750 -0.7108
vn 0.9148 -0.2244 -0.3358
vn 0.9148 0.2244 0.3358
vn 0.5188 0.4750 0.7108
vn 0.1605 0.5484 0.8207
vn -0.1605 0.5484 0.8207
vn -0.5188 0.4750 0.7108
vn -0.9148 0.2244 0.3358
vn -0.9148 -0.2244 -0.3358
vn -0.5188 -0.4750 -0.7108
vn -0.1605 -0.5484 -0.8207
vn 0.1605 -0.4366 -0.8852
vn 0.5188 -0.3781 -0.7667
vn 0.9148 -0.1786 -0.3623
vn 0.9148 0.1786 0.3623
vn 0.5188 0.3781 0.7667
vn 0.1605 0.4366 0.8852
vn -0.1605 0.4366 0.8852
vn -0.5188 0.3781 0.7667
vn -0.9148 0.1786 0.3623
vn -0.9148 -0.1786 -0.3623
vn -0.5188 -0.3781 -0.7667
vn -0.1605 -0.4366 -0.8852
vn 0.1605 -0.3173 -0.9347
vn 0.5188 -0.2748 -0.8095
vn 0.9148 -0.1298 -0.3825
vn 0.9148 0.1298 0.3825
vn 0.5188 0.2748 0.8095
vn 0.1605 0.3173 0.9347
vn -0.1605 0.3173 0.9347
vn -0.5188 0.2748 0.8095
vn -0.9148 0.1298 0.3825
vn -0.9148 -0.1298 -0.3825
vn -0.5188 -0.2748 -0.8095
vn -0.1605 -0.3173 -0.9347
vn 0.1605 -0.1926 -0.9681
vn 0.5188 -0.1668 -0.8385
vn 0.9148 -0.0788 -0.3961
vn 0.9148 0.0788 0.3961
vn 0.5188 0.1668 0.8385
vn 0.1605 0.1926 0.9681
vn -0.1605 0.1926 0.9681
vn -0.5188 0.1668 0.8385
vn -0.9148 0.0788 0.3961
vn -0.9148 -0.0788 -0.3961
vn -0.5188 -0.1668 -0.8385
vn -0.1605 -0.1926 -0.9681
vn 0.1605 -0.0646 -0.9849
vn 0.5188 -0.0559 -0.8531
vn 0.9148 -0.0264 -0.4030
vn 0.9148 0.0264 0.4030
vn 0.5188 0.0559 0.8531
vn 0.1605 0.0646 0.9849
vn -0.1605 0.0646 0.9849
vn -0.5188 0.0559 0.8531
vn -0.9148 0.0264 0.4030
vn -0.9148 -0.0264 -0.4030
vn -0.5188 -0.0559 -0.8531
vn -0.1605 -0.0646 -0.9849
vn 0.1605 0.0646 -0.9849
vn 0.5188 0.0559 -0.8531
vn 0.9148 0.0264 -0.4030
vn 0.9148 -0.0264 0.4030
vn 0.5188 -0.0559 0.8531
vn 0.1605 -0.0646 0.9849
vn -0.1605 -0.0646 0.9849
vn -0.5188 -0.0559 0.8531
vn -0.9148 -0.0264 0.4030
vn -0.9148 0.0264 -0.4030
vn -0.5188 0.0559 -0.8531
vn -0.1605 0.0646 -0.9849
vn 0.1605 0.1926 -0.9681
vn 0.5188 0.1668 -0.8385
vn 0.9148 0.0788 -0.3961
vn 0.9148 -0.0788 0.3961
vn 0.5188 -0.1668 0.8385
vn 0.1605 -0.1926 0.9681
vn -0.1605 -0.1926 0.9681
vn -0.5188 -0.1668 0.8385
vn -0.9148 -0.0788 0.3961
vn -0.9148 0.0788 -0.3961
vn -0.5188 0.1668 -0.8385
vn -0.1605 0.1926 -0.9681
vn 0.1605 0.3173 -0.9347
vn 0.5188 0.2748 -0.8095
vn 0.9148 0.1298 -0.3825
vn 0.9148 -0.1298 0.3825
vn 0.5188 -0.2748 0.8095
vn 0.1605 -0.3173 0.9347
vn -0.1605 -0.3173 0.9347
vn -0.5188 -0.2748 0.8095
vn -0.9148 -0.1298 0.3825
vn -0.9148 0.1298 -0.3825
vn -0.5188 0.2748 -0.8095
vn -0.1605 0.3173 -0.9347
vn 0.1605 0.4366 -0.8852
vn 0.5188 0.3781 -0.7667
vn 0.9148 0.1786 -0.3623
vn 0.9148 -0.1786 0.3623
vn 0.5188 -0.3781 0.7667
vn 0.1605 -0.4366 0.8852
vn -0.1605 -0.4366 0.8852
vn -0.5188 -0.3781 0.7667
vn -0.9148 -0.1786 0.3623
vn -0.9148 0.1786 -0.3623
vn -0.5188 0.3781 -0.7667
vn -0.1605 0.4366 -0.8852
vn 0.1605 0.5484 -0.8207
vn 0.5188 0.4750 -0.7108
vn 0.9148 0.2244 -0.3358
vn 0.9148 -0.2244 0.3358
vn 0.5188 -0.4750 0.7108
vn 0.1605 -0.5484 0.8207
vn -0.1605 -0.5484 0.8207
vn -0.5188 -0.4750 0.7108
vn -0.9148 -0.2244 0.3358
vn -0.9148 0.2244 -0.3358
vn -0.5188 0.4750 -0.7108
vn -0.1605 0.5484 -0.8207
vn 0.1605 0.6508 -0.7421
vn 0.5188 0.5637 -0.6427
vn 0.9148 0.2663 -0.3037
vn 0.9148 -0.2663 0.3037
vn 0.5188 -0.5637 0.6427
vn 0.1605 -0.6508 0.7421
vn -0.1605 -0.6508 0.7421
vn -0.5188 -0.5637 0.6427
vn -0.9148 -0.2663 0.3037
vn -0.9148 0.2663 -0.3037
vn -0.5188 0.5637 -0.6427
vn -0.1605 0.6508 -0.7421
vn 0.1605 0.7421 -0.6508
vn 0.5188 0.6427 -0.5637
vn 0.9148 0.3037 -0.2663
vn 0.9148 -0.3037 0.2663
vn 0.5188 -0.6427 0.5637
vn 0.1605 -0.7421 0.6508
vn -0.1605 -0.7421 0.6508
vn -0.5188 -0.6427 0.5637
vn -0.9148 -0.3037 0.2663
vn -0.9148 0.3037 -0.2663
vn -0.5188 0.6427 -0.5637
vn -0.1605 0.7421 -0.6508
vn 0.1605 0.8207 -0.5484
vn 0.5188 0.7108 -0.4750
vn 0.9148 0.3358 -0.2244
vn 0.9148 -0.3358 0.2244
vn 0.5188 -0.7108 0.4750
vn 0.1605 -0.8207 0.5484
vn -0.1605 -0.8207 0.5484
vn -0.5188 -0.7108 0.4750
vn -0.9148 -0.3358 0.2244
vn -0.9148 0.3358 -0.2244
vn -0.5188 0.7108 -0.4750
vn -0.1605 0.8207 -0.5484
vn 0.1605 0.8852 -0.4366
vn 0.5188 0.7667 -0.3781
vn 0.9148 0.3623 -0.1786
vn 0.9148 -0.3623 0.1786
vn 0.5188 -0.7667 0.3781
vn 0.1605 -0.8852 0.4366
vn -0.1605 -0.8852 0.4366
vn -0.5188 -0.7667 0.3781
vn -0.9148 -0.3623 0.1786
vn -0.9148 0.3623 -0.1786
vn -0.5188 0.7667 -0.3781
vn -0.1605 0.8852 -0.4366
vn 0.1605 0.9347 -0.3173
vn 0.5188 0.8095 -0.2748
vn 0.9148 0.3825 -0.1298
vn 0.9148 -0.3825 0.1298
vn 0.5188 -0.8095 0.2748
vn 0.1605 -0.9347 0.3173
vn -0.1605 -0.9347 0.3173
vn -0.5188 -0.8095 0.2748
vn -0.9148 -0.3825 0.1298
vn -0.9148 0.3825 -0.1298
vn -0.5188 0.8095 -0.2748
vn -0.1605 0.9347 -0.3173
vn 0.1605 0.9681 -0.1926
vn 0.5188 0.8385 -0.1668
vn 0.9148 0.3961 -0.0788
vn 0.9148 -0.3961 0.0788
vn 0.5188 -0.8385 0.1668
vn 0.1605 -0.9681 0.1926
vn -0.1605 -0.9681 0.1926
vn -0.5188 -0.8385 0.1668
vn -0.9148 -0.3961 0.0788
vn -0.9148 0.3961 -0.0788
vn -0.5188 0.8385 -0.1668
vn -0.1605 0.9681 -0.1926
vn 0.1605 0.9849 -0.0646
vn 0.5188 0.8531 -0.0559
vn 0.9148 0.4030 -0.0264
vn 0.9148 -0.4030 0.0264
vn 0.5188 -0.8531 0.0559
vn 0.1605 -0.9849 0.0646
vn -0.1605 -0.9849 0.0646
vn -0.5188 -0.8531 0.0559
vn -0.9148 -0.4030 0.0264
vn -0.9148 0.4030 -0.0264
vn -0.5188 0.8531 -0.0559
vn -0.1605 0.9849 -0.0646
vt 0.520833 0.500000
vt 0.500000 0.583333
vt 0.500000 0.500000
vt 0.520833 0.666667
vt 0.500000 0.666667
vt 0.500000 0.750000
vt 0.520833 0.750000
vt 0.500000 0.833333
vt 0.520833 0.833333
vt 0.500000 0.916667
vt 0.520833 1.000000
vt 0.500000 1.000000
vt 0.520833 0.000000
vt 0.500000 0.083333
vt 0.500000 0.000000
vt 0.520833 0.083333
vt 0.500000 0.166667
vt 0.520833 0.166667
vt 0.500000 0.250000
vt 0.520833 0.250000
vt 0.500000 0.333333
vt 0.520833 0.333333
vt 0.500000 0.416667
vt 0.520833 0.416667
vt 0.541667 0.500000
vt 0.520833 0.583333
vt 0.541667 0.583333
vt 0.541667 0.666667
vt 0.541667 0.750000
vt 0.541667 0.916667
vt 0.520833 0.916667
vt 0.541667 0.000000
vt 0.541667 0.083333
vt 0.541667 0.250000
vt 0.541667 0.333333
vt 0.541667 0.416667
vt 0.562500 0.583333
vt 0.562500 0.666667
vt 0.562500 0.833333
vt 0.541667 0.833333
vt 0.562500 0.916667
vt 0.562500 1.000000
vt 0.541667 1.000000
vt 0.562500 0.000000
vt 0.562500 0.083333
vt 0.541667 0.166667
vt 0.562500 0.250000
vt 0.562500 0.333333
vt 0.562500 0.416667
vt 0.562500 0.500000
vt 0.583333 0.583333
vt 0.583333 0.666667
vt 0.583333 0.750000
vt 0.562500 0.750000
vt 0.583333 0.916667
vt 0.583333 0.000000
vt 0.583333 0.083333
vt 0.562500 0.166667
vt 0.583333 0.250000
vt 0.583333 0.333333
vt 0.583333 0.416667
vt 0.604167 0.500000
vt 0.583333 0.500000
vt 0.604167 0.666667
vt 0.604167 0.750000
vt 0.583333 0.833333
vt 0.604167 0.916667
vt 0.583333 1.000000
vt 0.604167 0.000000
vt 0.604167 0.083333
vt 0.583333 0.166667
vt 0.604167 0.166667
vt 0.604167 0.250000
vt 0.604167 0.333333
vt 0.625000 0.500000
vt 0.604167 0.583333
vt 0.625000 0.583333
vt 0.625000 0.666667
vt 0.625000 0.750000
vt 0.604167 0.833333
vt 0.625000 0.833333
vt 0.625000 0.916667
vt 0.604167 1.000000
vt 0.625000 0.083333
vt 0.625000 0.166667
vt 0.625000 0.250000
vt 0.625000 0.416667
vt 0.604167 0.416667
vt 0.645833 0.500000
vt 0.645833 0.666667
vt 0.645833 0.750000
vt 0.645833 0.916667
vt 0.625000 1.000000
vt 0.645833 0.000000
vt 0.625000 0.000000
vt 0.645833 0.083333
vt 0.645833 0.250000
vt 0.645833 0.333333
vt 0.625000 0.333333
vt 0.645833 0.416667
vt 0.666667 0.500000
vt 0.645833 0.583333
vt 0.666667 0.666667
vt 0.666667 0.750000
vt 0.645833 0.833333
vt 0.666667 0.916667
vt 0.645833 1.000000
vt 0.666667 0.000000
vt 0.666667 0.083333
vt 0.645833 0.166667
vt 0.666667 0.166667
vt 0.666667 0.250000
vt 0.666667 0.333333
vt 0.666667 0.416667
vt 0.687500 0.583333
vt 0.666667 0.583333
vt 0.687500 0.666667
vt 0.687500 0.750000
vt 0.666667 0.833333
vt 0.687500 0.833333
vt 0.687500 0.916667
vt 0.666667 1.000000
vt 0.687500 0.000000
vt 0.687500 0.083333
vt 0.687500 0.250000
vt 0.687500 0.333333
vt 0.687500 0.416667
vt 0.708333 0.500000
vt 0.687500 0.500000
vt 0.708333 0.583333
vt 0.708333 0.666667
vt 0.708333 0.750000
vt 0.708333 0.916667
vt 0.687500 1.000000
vt 0.708333 0.000000
vt 0.708333 0.083333
vt 0.687500 0.166667
vt 0.708333 0.166667
vt 0.708333 0.250000
vt 0.708333 0.333333
vt 0.708333 0.416667
vt 0.729167 0.500000
vt 0.729167 0.583333
vt 0.729167 0.750000
vt 0.708333 0.833333
vt 0.729167 0.833333
vt 0.729167 0.916667
vt 0.708333 1.000000
vt 0.729167 0.083333
vt 0.729167 0.250000
vt 0.729167 0.333333
vt 0.729167 0.416667
vt 0.750000 0.500000
vt 0.750000 0.583333
vt 0.729167 0.666667
vt 0.750000 0.666667
vt 0.750000 0.833333
vt 0.750000 0.916667
vt 0.729167 1.000000
vt 0.750000 0.000000
vt 0.729167 0.000000
vt 0.750000 0.083333
vt 0.729167 0.166667
vt 0.750000 0.166667
vt 0.750000 0.250000
vt 0.750000 0.333333
vt 0.770833 0.500000
vt 0.770833 0.583333
vt 0.770833 0.666667
vt 0.750000 0.750000
vt 0.770833 0.750000
vt 0.770833 0.833333
vt 0.770833 0.916667
vt 0.750000 1.000000
vt 0.770833 0.083333
vt 0.770833 0.250000
vt 0.770833 0.333333
vt 0.770833 0.416667
vt 0.750000 0.416667
vt 0.791667 0.500000
vt 0.791667 0.666667
vt 0.791667 0.750000
vt 0.791667 0.833333
vt 0.791667 0.916667
vt 0.770833 1.000000
vt 0.791667 0.000000
vt 0.770833 0.000000
vt 0.791667 0.083333
vt 0.770833 0.166667
vt 0.791667 0.166667
vt 0.791667 0.250000
vt 0.791667 0.333333
vt 0.791667 0.416667
vt 0.812500 0.500000
vt 0.791667 0.583333
vt 0.812500 0.583333
vt 0.812500 0.666667
vt 0.812500 0.833333
vt 0.812500 0.916667
vt 0.791667 1.000000
vt 0.812500 0.000000
vt 0.812500 0.083333
vt 0.812500 0.250000
vt 0.812500 0.416667
vt 0.833333 0.500000
vt 0.833333 0.666667
vt 0.812500 0.750000
vt 0.833333 0.750000
vt 0.833333 0.833333
vt 0.833333 0.916667
vt 0.812500 1.000000
vt 0.833333 0.000000
vt 0.833333 0.083333
vt 0.812500 0.166667
vt 0.833333 0.166667
vt 0.833333 0.250000
vt 0.812500 0.333333
vt 0.833333 0.333333
vt 0.833333 0.416667
vt 0.854167 0.500000
vt 0.833333 0.583333
vt 0.854167 0.583333
vt 0.854167 0.666667
vt 0.854167 0.750000
vt 0.854167 0.833333
vt 0.854167 1.000000
vt 0.833333 1.000000
vt 0.854167 0.000000
vt 0.854167 0.166667
vt 0.854167 0.250000
vt 0.854167 0.333333
vt 0.854167 0.416667
vt 0.875000 0.500000
vt 0.875000 0.583333
vt 0.875000 0.750000
vt 0.875000 0.833333
vt 0.854167 0.916667
vt 0.875000 0.916667
vt 0.875000 0.000000
vt 0.854167 0.083333
vt 0.875000 0.166667
vt 0.875000 0.250000
vt 0.875000 0.333333
vt 0.875000 0.416667
vt 0.895833 0.500000
vt 0.895833 0.583333
vt 0.875000 0.666667
vt 0.895833 0.666667
vt 0.895833 0.833333
vt 0.895833 0.916667
vt 0.875000 1.000000
vt 0.895833 0.000000
vt 0.875000 0.083333
vt 0.895833 0.166667
vt 0.895833 0.250000
vt 0.895833 0.416667
vt 0.916667 0.583333
vt 0.916667 0.750000
vt 0.895833 0.750000
vt 0.916667 0.833333
vt 0.916667 0.916667
vt 0.895833 1.000000
vt 0.916667 0.000000
vt 0.895833 0.083333
vt 0.916667 0.083333
vt 0.916667 0.250000
vt 0.895833 0.333333
vt 0.916667 0.333333
vt 0.916667 0.416667
vt 0.937500 0.500000
vt 0.916667 0.500000
vt 0.937500 0.583333
vt 0.916667 0.666667
vt 0.937500 0.666667
vt 0.937500 0.833333
vt 0.937500 0.916667
vt 0.916667 1.000000
vt 0.937500 0.083333
vt 0.916667 0.166667
vt 0.937500 0.166667
vt 0.937500 0.250000
vt 0.937500 0.416667
vt 0.958333 0.583333
vt 0.958333 0.666667
vt 0.937500 0.750000
vt 0.958333 0.833333
vt 0.958333 0.916667
vt 0.937500 1.000000
vt 0.958333 0.000000
vt 0.937500 0.000000
vt 0.958333 0.083333
vt 0.958333 0.166667
vt 0.958333 0.333333
vt 0.937500 0.333333
vt 0.958333 0.416667
vt 0.979167 0.500000
vt 0.958333 0.500000
vt 0.979167 0.583333
vt 0.979167 0.666667
vt 0.958333 0.750000
vt 0.979167 0.750000
vt 0.979167 0.833333
vt 0.979167 0.916667
vt 0.958333 1.000000
vt 0.979167 0.000000
vt 0.979167 0.166667
vt 0.979167 0.250000
vt 0.958333 0.250000
vt 0.979167 0.333333
vt 0.979167 0.416667
vt 1.000000 0.583333
vt 1.000000 0.666667
vt 1.000000 0.750000
vt 1.000000 0.833333
vt 1.000000 0.916667
vt 0.979167 1.000000
vt 1.000000 0.000000
vt 0.979167 0.083333
vt 1.000000 0.166667
vt 1.000000 0.250000
vt 1.000000 0.333333
vt 1.000000 0.416667
vt 0.020833 0.500000
vt 0.000000 0.583333
vt 0.000000 0.500000
vt 0.020833 0.583333
vt 0.000000 0.666667
vt 0.020833 0.666667
vt 0.000000 0.750000
vt 0.020833 0.750000
vt 0.000000 0.833333
vt 0.020833 0.833333
vt 0.000000 0.916667
vt 0.020833 0.916667
vt 0.000000 1.000000
vt 0.000000 0.000000
vt 0.020833 0.083333
vt 0.000000 0.083333
vt 0.000000 0.166667
vt 0.020833 0.250000
vt 0.000000 0.250000
vt 0.020833 0.333333
vt 0.000000 0.333333
vt 0.020833 0.416667
vt 0.000000 0.416667
vt 0.041667 0.583333
vt 0.041667 0.666667
vt 0.041667 0.750000
vt 0.041667 0.833333
vt 0.041667 0.916667
vt 0.020833 1.000000
vt 0.041667 0.000000
vt 0.020833 0.000000
vt 0.041667 0.083333
vt 0.020833 0.166667
vt 0.041667 0.166667
vt 0.041667 0.250000
vt 0.041667 0.333333
vt 0.041667 0.500000
vt 0.062500 0.500000
vt 0.062500 0.583333
vt 0.062500 0.750000
vt 0.062500 0.833333
vt 0.062500 0.916667
vt 0.041667 1.000000
vt 0.062500 0.000000
vt 0.062500 0.166667
vt 0.062500 0.250000
vt 0.062500 0.416667
vt 0.041667 0.416667
vt 0.083333 0.500000
vt 0.083333 0.583333
vt 0.062500 0.666667
vt 0.083333 0.666667
vt 0.083333 0.750000
vt 0.083333 0.833333
vt 0.083333 1.000000
vt 0.062500 1.000000
vt 0.083333 0.000000
vt 0.062500 0.083333
vt 0.083333 0.083333
vt 0.083333 0.166667
vt 0.083333 0.333333
vt 0.062500 0.333333
vt 0.083333 0.416667
vt 0.104167 0.500000
vt 0.104167 0.583333
vt 0.104167 0.666667
vt 0.104167 0.833333
vt 0.083333 0.916667
vt 0.104167 0.916667
vt 0.104167 0.000000
vt 0.104167 0.166667
vt 0.083333 0.250000
vt 0.104167 0.250000
vt 0.104167 0.416667
vt 0.125000 0.500000
vt 0.125000 0.666667
vt 0.104167 0.750000
vt 0.125000 0.750000
vt 0.125000 0.833333
vt 0.125000 0.916667
vt 0.104167 1.000000
vt 0.125000 0.000000
vt 0.104167 0.083333
vt 0.125000 0.083333
vt 0.125000 0.250000
vt 0.104167 0.333333
vt 0.125000 0.333333
vt 0.125000 0.416667
vt 0.145833 0.583333
vt 0.125000 0.583333
vt 0.145833 0.666667
vt 0.145833 0.833333
vt 0.145833 0.916667
vt 0.125000 1.000000
vt 0.145833 0.000000
vt 0.145833 0.083333
vt 0.125000 0.166667
vt 0.145833 0.166667
vt 0.145833 0.250000
vt 0.145833 0.333333
vt 0.145833 0.416667
vt 0.145833 0.500000
vt 0.166667 0.583333
vt 0.166667 0.666667
vt 0.145833 0.750000
vt 0.166667 0.750000
vt 0.166667 0.916667
vt 0.145833 1.000000
vt 0.166667 0.000000
vt 0.166667 0.083333
vt 0.166667 0.166667
vt 0.166667 0.333333
vt 0.166667 0.416667
vt 0.187500 0.500000
vt 0.166667 0.500000
vt 0.187500 0.583333
vt 0.187500 0.666667
vt 0.187500 0.750000
vt 0.166667 0.833333
vt 0.187500 0.833333
vt 0.187500 0.916667
vt 0.166667 1.000000
vt 0.187500 0.000000
vt 0.187500 0.083333
vt 0.187500 0.250000
vt 0.166667 0.250000
vt 0.187500 0.416667
vt 0.208333 0.500000
vt 0.208333 0.583333
vt 0.208333 0.666667
vt 0.208333 0.750000
vt 0.208333 0.916667
vt 0.187500 1.000000
vt 0.208333 0.000000
vt 0.208333 0.083333
vt 0.187500 0.166667
vt 0.208333 0.166667
vt 0.208333 0.250000
vt 0.187500 0.333333
vt 0.208333 0.416667
vt 0.229167 0.500000
vt 0.229167 0.666667
vt 0.229167 0.750000
vt 0.208333 0.833333
vt 0.229167 0.916667
vt 0.208333 1.000000
vt 0.229167 0.000000
vt 0.229167 0.083333
vt 0.229167 0.250000
vt 0.208333 0.333333
vt 0.229167 0.333333
vt 0.229167 0.416667
vt 0.250000 0.500000
vt 0.229167 0.583333
vt 0.250000 0.583333
vt 0.250000 0.750000
vt 0.250000 0.833333
vt 0.229167 0.833333
vt 0.250000 1.000000
vt 0.229167 1.000000
vt 0.250000 0.000000
vt 0.250000 0.083333
vt 0.229167 0.166667
vt 0.250000 0.166667
vt 0.250000 0.250000
vt 0.250000 0.333333
vt 0.250000 0.416667
vt 0.270833 0.583333
vt 0.250000 0.666667
vt 0.270833 0.666667
vt 0.270833 0.750000
vt 0.270833 0.833333
vt 0.250000 0.916667
vt 0.270833 0.916667
vt 0.270833 0.000000
vt 0.270833 0.166667
vt 0.270833 0.250000
vt 0.270833 0.333333
vt 0.270833 0.416667
vt 0.291667 0.500000
vt 0.270833 0.500000
vt 0.291667 0.583333
vt 0.291667 0.666667
vt 0.291667 0.750000
vt 0.291667 0.833333
vt 0.291667 1.000000
vt 0.270833 1.000000
vt 0.291667 0.000000
vt 0.270833 0.083333
vt 0.291667 0.083333
vt 0.291667 0.250000
vt 0.291667 0.333333
vt 0.291667 0.416667
vt 0.312500 0.500000
vt 0.312500 0.583333
vt 0.312500 0.666667
vt 0.312500 0.750000
vt 0.312500 0.833333
vt 0.291667 0.916667
vt 0.312500 0.916667
vt 0.312500 0.000000
vt 0.312500 0.083333
vt 0.291667 0.166667
vt 0.312500 0.166667
vt 0.312500 0.333333
vt 0.312500 0.416667
vt 0.333333 0.500000
vt 0.333333 0.583333
vt 0.333333 0.750000
vt 0.333333 0.833333
vt 0.333333 0.916667
vt 0.312500 1.000000
vt 0.333333 0.000000
vt 0.333333 0.083333
vt 0.333333 0.166667
vt 0.312500 0.250000
vt 0.333333 0.250000
vt 0.333333 0.333333
vt 0.354167 0.583333
vt 0.333333 0.666667
vt 0.354167 0.666667
vt 0.354167 0.750000
vt 0.354167 0.833333
vt 0.354167 0.916667
vt 0.333333 1.000000
vt 0.354167 0.000000
vt 0.354167 0.083333
vt 0.354167 0.166667
vt 0.354167 0.250000
vt 0.354167 0.416667
vt 0.333333 0.416667
vt 0.354167 0.500000
vt 0.375000 0.583333
vt 0.375000 0.750000
vt 0.375000 0.833333
vt 0.375000 0.916667
vt 0.354167 1.000000
vt 0.375000 0.000000
vt 0.375000 0.083333
vt 0.375000 0.166667
vt 0.375000 0.250000
vt 0.354167 0.333333
vt 0.375000 0.416667
vt 0.375000 0.500000
vt 0.395833 0.583333
vt 0.375000 0.666667
vt 0.395833 0.750000
vt 0.395833 0.833333
vt 0.395833 0.916667
vt 0.375000 1.000000
vt 0.395833 0.000000
vt 0.395833 0.166667
vt 0.395833 0.250000
vt 0.375000 0.333333
vt 0.395833 0.333333
vt 0.395833 0.416667
vt 0.416667 0.500000
vt 0.395833 0.500000
vt 0.416667 0.583333
vt 0.395833 0.666667
vt 0.416667 0.666667
vt 0.416667 0.750000
vt 0.416667 0.833333
vt 0.416667 0.916667
vt 0.395833 1.000000
vt 0.416667 0.000000
vt 0.395833 0.083333
vt 0.416667 0.166667
vt 0.416667 0.250000
vt 0.416667 0.416667
vt 0.437500 0.500000
vt 0.437500 0.583333
vt 0.437500 0.750000
vt 0.437500 0.833333
vt 0.437500 0.916667
vt 0.416667 1.000000
vt 0.437500 0.000000
vt 0.416667 0.083333
vt 0.437500 0.083333
vt 0.437500 0.166667
vt 0.437500 0.250000
vt 0.416667 0.333333
vt 0.437500 0.333333
vt 0.437500 0.416667
vt 0.458333 0.500000
vt 0.458333 0.583333
vt 0.437500 0.666667
vt 0.458333 0.666667
vt 0.458333 0.750000
vt 0.458333 0.833333
vt 0.458333 0.916667
vt 0.437500 1.000000
vt 0.458333 0.000000
vt 0.458333 0.166667
vt 0.458333 0.250000
vt 0.458333 0.333333
vt 0.458333 0.416667
vt 0.479167 0.583333
vt 0.479167 0.666667
vt 0.479167 0.750000
vt 0.479167 0.833333
vt 0.479167 1.000000
vt 0.458333 1.000000
vt 0.479167 0.000000
vt 0.458333 0.083333
vt 0.479167 0.083333
vt 0.479167 0.250000
vt 0.479167 0.333333
vt 0.479167 0.416667
vt 0.479167 0.500000
vt 0.479167 0.916667
vt 0.479167 0.166667
vt 1.000000 0.500000
vt 1.000000 1.000000
vt 1.000000 0.083333
s 0
f 1814/2033/884 1803/2034/884 1802/2035/884
f 1803/2034/885 1816/2036/885 1804/2037/885
f 1816/2036/886 1805/2038/886 1804/2037/886
f 1817/2039/887 1806/2040/887 1805/2038/887
f 1818/2041/888 1807/2042/888 1806/2040/888
f 1807/2042/889 1820/2043/889 1808/2044/889
f 1820/2045/890 1809/2046/890 1808/2047/890
f 1821/2048/891 1810/2049/891 1809/2046/891
f 1822/2050/892 1811/2051/892 1810/2049/892
f 1823/2052/893 1812/2053/893 1811/2051/893
f 1824/2054/894 1813/2055/894 1812/2053/894
f 1825/2056/895 1802/2035/895 1813/2055/895
f 1826/2057/896 1815/2058/896 1814/2033/896
f 1827/2059/897 1816/2036/897 1815/2058/897
f 1828/2060/898 1817/2039/898 1816/2036/898
f 1829/2061/899 1818/2041/899 1817/2039/899
f 1818/2041/900 1831/2062/900 1819/2063/900
f 1831/2062/901 1820/2043/901 1819/2063/901
f 1832/2064/902 1821/2048/902 1820/2045/902
f 1833/2065/903 1822/2050/903 1821/2048/903
f 1822/2050/904 1835/2066/904 1823/2052/904
f 1823/2052/905 1836/2067/905 1824/2054/905
f 1824/2054/906 1837/2068/906 1825/2056/906
f 1837/2068/907 1814/2033/907 1825/2056/907
f 1826/2057/908 1839/2069/908 1827/2059/908
f 1839/2069/909 1828/2060/909 1827/2059/909
f 1840/2070/910 1829/2061/910 1828/2060/910
f 1829/2061/911 1842/2071/911 1830/2072/911
f 1830/2072/912 1843/2073/912 1831/2062/912
f 1831/2062/913 1844/2074/913 1832/2075/913
f 1844/2076/914 1833/2065/914 1832/2064/914
f 1845/2077/915 1834/2078/915 1833/2065/915
f 1834/2078/916 1847/2079/916 1835/2066/916
f 1835/2066/917 1848/2080/917 1836/2067/917
f 1836/2067/918 1849/2081/918 1837/2068/918
f 1849/2081/919 1826/2057/919 1837/2068/919
f 1838/2082/920 1851/2083/920 1839/2069/920
f 1839/2069/921 1852/2084/921 1840/2070/921
f 1840/2070/922 1853/2085/922 1841/2086/922
f 1853/2085/923 1842/2071/923 1841/2086/923
f 1842/2071/924 1855/2087/924 1843/2073/924
f 1855/2087/925 1844/2074/925 1843/2073/925
f 1856/2088/926 1845/2077/926 1844/2076/926
f 1857/2089/927 1846/2090/927 1845/2077/927
f 1846/2090/928 1859/2091/928 1847/2079/928
f 1859/2091/929 1848/2080/929 1847/2079/929
f 1860/2092/930 1849/2081/930 1848/2080/930
f 1861/2093/931 1838/2082/931 1849/2081/931
f 1862/2094/932 1851/2083/932 1850/2095/932
f 1851/2083/933 1864/2096/933 1852/2084/933
f 1864/2096/934 1853/2085/934 1852/2084/934
f 1865/2097/935 1854/2098/935 1853/2085/935
f 1854/2098/936 1867/2099/936 1855/2087/936
f 1867/2099/937 1856/2100/937 1855/2087/937
f 1868/2101/938 1857/2089/938 1856/2088/938
f 1869/2102/939 1858/2103/939 1857/2089/939
f 1870/2104/940 1859/2091/940 1858/2103/940
f 1871/2105/941 1860/2092/941 1859/2091/941
f 1872/2106/942 1861/2093/942 1860/2092/942
f 1861/2093/943 1862/2094/943 1850/2095/943
f 1874/2107/944 1863/2108/944 1862/2094/944
f 1875/2109/945 1864/2096/945 1863/2108/945
f 1876/2110/946 1865/2097/946 1864/2096/946
f 1877/2111/947 1866/2112/947 1865/2097/947
f 1878/2113/948 1867/2099/948 1866/2112/948
f 1879/2114/949 1868/2115/949 1867/2099/949
f 1868/2101/950 1881/2116/950 1869/2102/950
f 1881/2116/951 1870/2104/951 1869/2102/951
f 1882/2117/952 1871/2105/952 1870/2104/952
f 1883/2118/953 1872/2106/953 1871/2105/953
f 1872/2106/954 1885/2119/954 1873/2120/954
f 1885/2119/955 1862/2094/955 1873/2120/955
f 1886/2121/956 1875/2109/956 1874/2107/956
f 1875/2109/957 1888/2122/957 1876/2110/957
f 1888/2122/958 1877/2111/958 1876/2110/958
f 1889/2123/959 1878/2113/959 1877/2111/959
f 1878/2113/960 1891/2124/960 1879/2114/960
f 1891/2124/961 1880/2125/961 1879/2114/961
f 1892/2126/962 1881/2116/962 1880/2127/962
f 1893/2128/963 1882/2117/963 1881/2116/963
f 1882/2117/964 1895/2129/964 1883/2118/964
f 1883/2118/965 1896/2130/965 1884/2131/965
f 1896/2130/966 1885/2119/966 1884/2131/966
f 1897/2132/967 1874/2107/967 1885/2119/967
f 1898/2133/968 1887/2134/968 1886/2121/968
f 1887/2134/969 1900/2135/969 1888/2122/969
f 1888/2122/970 1901/2136/970 1889/2123/970
f 1901/2136/971 1890/2137/971 1889/2123/971
f 1890/2137/972 1903/2138/972 1891/2124/972
f 1903/2138/973 1892/2139/973 1891/2124/973
f 1904/2140/974 1893/2128/974 1892/2126/974
f 1905/2141/975 1894/2142/975 1893/2128/975
f 1906/2143/976 1895/2129/976 1894/2142/976
f 1907/2144/977 1896/2130/977 1895/2129/977
f 1908/2145/978 1897/2132/978 1896/2130/978
f 1909/2146/979 1886/2121/979 1897/2132/979
f 1898/2133/980 1911/2147/980 1899/2148/980
f 1911/2147/981 1900/2135/981 1899/2148/981
f 1912/2149/982 1901/2136/982 1900/2135/982
f 1913/2150/983 1902/2151/983 1901/2136/983
f 1914/2152/984 1903/2138/984 1902/2151/984
f 1915/2153/985 1904/2154/985 1903/2138/985
f 1916/2155/986 1905/2141/986 1904/2140/986
f 1917/2156/987 1906/2143/987 1905/2141/987
f 1906/2143/988 1919/2157/988 1907/2144/988
f 1907/2144/989 1920/2158/989 1908/2145/989
f 1920/2158/990 1909/2146/990 1908/2145/990
f 1921/2159/991 1898/2133/991 1909/2146/991
f 1922/2160/992 1911/2147/992 1910/2161/992
f 1923/2162/993 1912/2149/993 1911/2147/993
f 1924/2163/994 1913/2150/994 1912/2149/994
f 1925/2164/995 1914/2152/995 1913/2150/995
f 1914/2152/996 1927/2165/996 1915/2153/996
f 1927/2165/997 1916/2166/997 1915/2153/997
f 1928/2167/998 1917/2156/998 1916/2155/998
f 1929/2168/999 1918/2169/999 1917/2156/999
f 1930/2170/1000 1919/2157/1000 1918/2169/1000
f 1931/2171/1001 1920/2158/1001 1919/2157/1001
f 1932/2172/1002 1921/2159/1002 1920/2158/1002
f 1933/2173/1003 1910/2161/1003 1921/2159/1003
f 1934/2174/1004 1923/2162/1004 1922/2160/1004
f 1935/2175/1005 1924/2163/1005 1923/2162/1005
f 1924/2163/1006 1937/2176/1006 1925/2164/1006
f 1937/2176/1007 1926/2177/1007 1925/2164/1007
f 1938/2178/1008 1927/2165/1008 1926/2177/1008
f 1939/2179/1009 1928/2180/1009 1927/2165/1009
f 1928/2167/1010 1941/2181/1010 1929/2168/1010
f 1941/2181/1011 1930/2170/1011 1929/2168/1011
f 1930/2170/1012 1943/2182/1012 1931/2171/1012
f 1943/2182/1013 1932/2172/1013 1931/2171/1013
f 1944/2183/1014 1933/2173/1014 1932/2172/1014
f 1945/2184/1015 1922/2160/1015 1933/2173/1015
f 1946/2185/1016 1935/2175/1016 1934/2174/1016
f 1947/2186/1017 1936/2187/1017 1935/2175/1017
f 1948/2188/1018 1937/2176/1018 1936/2187/1018
f 1937/2176/1019 1950/2189/1019 1938/2178/1019
f 1938/2178/1020 1951/2190/1020 1939/2179/1020
f 1951/2190/1021 1940/2191/1021 1939/2179/1021
f 1952/2192/1022 1941/2181/1022 1940/2193/1022
f 1953/2194/1023 1942/2195/1023 1941/2181/1023
f 1954/2196/1024 1943/2182/1024 1942/2195/1024
f 1955/2197/1025 1944/2183/1025 1943/2182/1025
f 1956/2198/1026 1945/2184/1026 1944/2183/1026
f 1945/2184/1027 1946/2185/1027 1934/2174/1027
f 1958/2199/1028 1947/2186/1028 1946/2185/1028
f 1959/2200/1029 1948/2188/1029 1947/2186/1029
f 1960/2201/1030 1949/2202/1030 1948/2188/1030
f 1961/2203/1031 1950/2189/1031 1949/2202/1031
f 1962/2204/1032 1951/2190/1032 1950/2189/1032
f 1963/2205/1033 1952/2206/1033 1951/2190/1033
f 1952/2192/1034 1965/2207/1034 1953/2194/1034
f 1965/2207/1035 1954/2196/1035 1953/2194/1035
f 1954/2196/1036 1967/2208/1036 1955/2197/1036
f 1955/2197/1037 1968/2209/1037 1956/2198/1037
f 1956/2198/1038 1969/2210/1038 1957/2211/1038
f 1957/2211/1039 1958/2199/1039 1946/2185/1039
f 1970/2212/1040 1959/2200/1040 1958/2199/1040
f 1959/2200/1041 1972/2213/1041 1960/2201/1041
f 1960/2201/1042 1973/2214/1042 1961/2203/1042
f 1973/2214/1043 1962/2204/1043 1961/2203/1043
f 1974/2215/1044 1963/2205/1044 1962/2204/1044
f 1975/2216/1045 1964/2217/1045 1963/2205/1045
f 1976/2218/1046 1965/2207/1046 1964/2219/1046
f 1977/2220/1047 1966/2221/1047 1965/2207/1047
f 1978/2222/1048 1967/2208/1048 1966/2221/1048
f 1979/2223/1049 1968/2209/1049 1967/2208/1049
f 1980/2224/1050 1969/2210/1050 1968/2209/1050
f 1981/2225/1051 1958/2199/1051 1969/2210/1051
f 1982/2226/1052 1971/2227/1052 1970/2212/1052
f 1983/2228/1053 1972/2213/1053 1971/2227/1053
f 1984/2229/1054 1973/2214/1054 1972/2213/1054
f 1973/2214/1055 1986/2230/1055 1974/2215/1055
f 1986/2230/1056 1975/2216/1056 1974/2215/1056
f 1987/2231/1057 1976/2232/1057 1975/2216/1057
f 1988/2233/1058 1977/2220/1058 1976/2218/1058
f 1989/2234/1059 1978/2222/1059 1977/2220/1059
f 1978/2222/1060 1991/2235/1060 1979/2223/1060
f 1991/2235/1061 1980/2224/1061 1979/2223/1061
f 1980/2224/1062 1993/2236/1062 1981/2225/1062
f 1993/2236/1063 1970/2212/1063 1981/2225/1063
f 1994/2237/1064 1983/2228/1064 1982/2226/1064
f 1983/2228/1065 1996/2238/1065 1984/2229/1065
f 1996/2238/1066 1985/2239/1066 1984/2229/1066
f 1997/2240/1067 1986/2230/1067 1985/2239/1067
f 1998/2241/1068 1987/2231/1068 1986/2230/1068
f 1999/2242/1069 1988/2243/1069 1987/2231/1069
f 2000/2244/1070 1989/2234/1070 1988/2233/1070
f 2001/2245/1071 1990/2246/1071 1989/2234/1071
f 2002/2247/1072 1991/2235/1072 1990/2246/1072
f 2003/2248/1073 1992/2249/1073 1991/2235/1073
f 2004/2250/1074 1993/2236/1074 1992/2249/1074
f 2005/2251/1075 1982/2226/1075 1993/2236/1075
f 2006/2252/1076 1995/2253/1076 1994/2237/1076
f 2007/2254/1077 1996/2238/1077 1995/2253/1077
f 2008/2255/1078 1997/2240/1078 1996/2238/1078
f 2009/2256/1079 1998/2241/1079 1997/2240/1079
f 2010/2257/1080 1999/2242/1080 1998/2241/1080
f 1999/2242/1081 2012/2258/1081 2000/2259/1081
f 2012/2260/1082 2001/2245/1082 2000/2244/1082
f 2001/2245/1083 2014/2261/1083 2002/2247/1083
f 2002/2247/1084 2015/2262/1084 2003/2248/1084
f 2003/2248/1085 2016/2263/1085 2004/2250/1085
f 2004/2250/1086 2017/2264/1086 2005/2251/1086
f 2017/2264/1087 1994/2237/1087 2005/2251/1087
f 2018/2265/1088 2007/2254/1088 2006/2252/1088
f 2019/2266/1089 2008/2255/1089 2007/2254/1089
f 2008/2255/1090 2021/2267/1090 2009/2256/1090
f 2021/2267/1091 2010/2257/1091 2009/2256/1091
f 2022/2268/1092 2011/2269/1092 2010/2257/1092
f 2023/2270/1093 2012/2258/1093 2011/2269/1093
f 2024/2271/1094 2013/2272/1094 2012/2260/1094
f 2013/2272/1095 2026/2273/1095 2014/2261/1095
f 2026/2273/1096 2015/2262/1096 2014/2261/1096
f 2027/2274/1097 2016/2263/1097 2015/2262/1097
f 2028/2275/1098 2017/2264/1098 2016/2263/1098
f 2029/2276/1099 2006/2252/1099 2017/2264/1099
f 2030/2277/1100 2019/2266/1100 2018/2265/1100
f 2031/2278/1101 2020/2279/1101 2019/2266/1101
f 2032/2280/1102 2021/2267/1102 2020/2279/1102
f 2021/2267/1103 2034/2281/1103 2022/2268/1103
f 2034/2281/1104 2023/2270/1104 2022/2268/1104
f 2035/2282/1105 2024/2283/1105 2023/2270/1105
f 2036/2284/1106 2025/2285/1106 2024/2271/1106
f 2025/2285/1107 2038/2286/1107 2026/2273/1107
f 2038/2286/1108 2027/2274/1108 2026/2273/1108
f 2039/2287/1109 2028/2275/1109 2027/2274/1109
f 2028/2275/1110 2041/2288/1110 2029/2276/1110
f 2041/2288/1111 2018/2265/1111 2029/2276/1111
f 2030/2277/1112 2043/2289/1112 2031/2278/1112
f 2043/2289/1113 2032/2280/1113 2031/2278/1113
f 2032/2280/1114 2045/2290/1114 2033/2291/1114
f 2045/2290/1115 2034/2281/1115 2033/2291/1115
f 2046/2292/1116 2035/2282/1116 2034/2281/1116
f 2047/2293/1117 2036/2294/1117 2035/2282/1117
f 2048/2295/1118 2037/2296/1118 2036/2284/1118
f 2049/2297/1119 2038/2286/1119 2037/2296/1119
f 2038/2286/1120 2051/2298/1120 2039/2287/1120
f 2051/2298/1121 2040/2299/1121 2039/2287/1121
f 2052/2300/1122 2041/2288/1122 2040/2299/1122
f 2053/2301/1123 2030/2277/1123 2041/2288/1123
f 2054/2302/1124 2043/2289/1124 2042/2303/1124
f 2055/2304/1125 2044/2305/1125 2043/2289/1125
f 2056/2306/1126 2045/2290/1126 2044/2305/1126
f 2045/2290/1127 2058/2307/1127 2046/2292/1127
f 2058/2307/1128 2047/2293/1128 2046/2292/1128
f 2059/2308/1129 2048/2309/1129 2047/2293/1129
f 2048/2295/1130 2061/2310/1130 2049/2297/1130
f 2061/2310/1131 2050/2311/1131 2049/2297/1131
f 2062/2312/1132 2051/2298/1132 2050/2311/1132
f 2063/2313/1133 2052/2300/1133 2051/2298/1133
f 2052/2300/1134 2065/2314/1134 2053/2301/1134
f 2065/2314/1135 2042/2303/1135 2053/2301/1135
f 2054/2302/1136 2067/2315/1136 2055/2304/1136
f 2067/2315/1137 2056/2306/1137 2055/2304/1137
f 2068/2316/1138 2057/2317/1138 2056/2306/1138
f 2057/2317/1139 2070/2318/1139 2058/2307/1139
f 2070/2318/1140 2059/2308/1140 2058/2307/1140
f 2071/2319/1141 2060/2320/1141 2059/2308/1141
f 2072/2321/1142 2061/2310/1142 2060/2322/1142
f 2073/2323/1143 2062/2312/1143 2061/2310/1143
f 2074/2324/1144 2063/2313/1144 2062/2312/1144
f 2063/2313/1145 2076/2325/1145 2064/2326/1145
f 2076/2325/1146 2065/2314/1146 2064/2326/1146
f 2077/2327/1147 2054/2302/1147 2065/2314/1147
f 2078/2328/1148 2067/2315/1148 2066/2329/1148
f 2079/2330/1149 2068/2316/1149 2067/2315/1149
f 2080/2331/1150 2069/2332/1150 2068/2316/1150
f 2081/2333/1151 2070/2318/1151 2069/2332/1151
f 2082/2334/1152 2071/2319/1152 2070/2318/1152
f 2083/2335/1153 2072/2336/1153 2071/2319/1153
f 2084/2337/1154 2073/2323/1154 2072/2321/1154
f 2073/2323/1155 2086/2338/1155 2074/2324/1155
f 2074/2324/1156 2087/2339/1156 2075/2340/1156
f 2075/2340/1157 2088/2341/1157 2076/2325/1157
f 2076/2325/1158 2089/2342/1158 2077/2327/1158
f 2077/2327/1159 2078/2328/1159 2066/2329/1159
f 2078/2328/1160 2091/2343/1160 2079/2330/1160
f 2091/2343/1161 2080/2331/1161 2079/2330/1161
f 2092/2344/1162 2081/2333/1162 2080/2331/1162
f 2093/2345/1163 2082/2334/1163 2081/2333/1163
f 2094/2346/1164 2083/2335/1164 2082/2334/1164
f 2095/2347/1165 2084/2348/1165 2083/2335/1165
f 2096/2349/1166 2085/2350/1166 2084/2337/1166
f 2085/2350/1167 2098/2351/1167 2086/2338/1167
f 2098/2351/1168 2087/2339/1168 2086/2338/1168
f 2099/2352/1169 2088/2341/1169 2087/2339/1169
f 2100/2353/1170 2089/2342/1170 2088/2341/1170
f 2101/2354/1171 2078/2328/1171 2089/2342/1171
f 2102/2355/889 2091/2356/889 2090/2357/889
f 2103/2358/888 2092/2359/888 2091/2356/888
f 2104/2360/887 2093/2361/887 2092/2359/887
f 2105/2362/886 2094/2363/886 2093/2361/886
f 2106/2364/885 2095/2365/885 2094/2363/885
f 2107/2366/884 2096/2367/884 2095/2365/884
f 2096/2368/895 2109/2369/895 2097/2370/895
f 2109/2369/894 2098/2371/894 2097/2370/894
f 2098/2371/893 2111/2372/893 2099/2373/893
f 2099/2373/892 2112/2374/892 2100/2375/892
f 2100/2375/891 2113/2376/891 2101/2377/891
f 2101/2377/890 2102/2355/890 2090/2357/890
f 2102/2355/901 2115/2378/901 2103/2358/901
f 2103/2358/900 2116/2379/900 2104/2360/900
f 2104/2360/899 2117/2380/899 2105/2362/899
f 2105/2362/898 2118/2381/898 2106/2364/898
f 2106/2364/897 2119/2382/897 2107/2366/897
f 2119/2382/896 2108/2383/896 2107/2366/896
f 2120/2384/907 2109/2369/907 2108/2385/907
f 2121/2386/906 2110/2387/906 2109/2369/906
f 2122/2388/905 2111/2372/905 2110/2387/905
f 2123/2389/904 2112/2374/904 2111/2372/904
f 2124/2390/903 2113/2376/903 2112/2374/903
f 2113/2376/902 2114/2391/902 2102/2355/902
f 2126/2392/913 2115/2378/913 2114/2391/913
f 2127/2393/912 2116/2379/912 2115/2378/912
f 2116/2379/911 2129/2394/911 2117/2380/911
f 2129/2394/910 2118/2381/910 2117/2380/910
f 2130/2395/909 2119/2382/909 2118/2381/909
f 2131/2396/908 2120/2397/908 2119/2382/908
f 2132/2398/919 2121/2386/919 2120/2384/919
f 2121/2386/918 2134/2399/918 2122/2388/918
f 2134/2399/917 2123/2389/917 2122/2388/917
f 2135/2400/916 2124/2390/916 2123/2389/916
f 2124/2390/915 2137/2401/915 2125/2402/915
f 2125/2402/914 2126/2392/914 2114/2391/914
f 2138/2403/925 2127/2393/925 2126/2392/925
f 2139/2404/924 2128/2405/924 2127/2393/924
f 2140/2406/923 2129/2394/923 2128/2405/923
f 2141/2407/922 2130/2395/922 2129/2394/922
f 2142/2408/921 2131/2396/921 2130/2395/921
f 2131/2396/920 2144/2409/920 2132/2410/920
f 2144/2411/931 2133/2412/931 2132/2398/931
f 2145/2413/930 2134/2399/930 2133/2412/930
f 2146/2414/929 2135/2400/929 2134/2399/929
f 2135/2400/928 2148/2415/928 2136/2416/928
f 2136/2416/927 2149/2417/927 2137/2401/927
f 2149/2417/926 2126/2392/926 2137/2401/926
f 2150/2418/937 2139/2404/937 2138/2403/937
f 2151/2419/936 2140/2406/936 2139/2404/936
f 2152/2420/935 2141/2407/935 2140/2406/935
f 2141/2407/934 2154/2421/934 2142/2408/934
f 2154/2421/933 2143/2422/933 2142/2408/933
f 2155/2423/932 2144/2409/932 2143/2422/932
f 2156/2424/943 2145/2413/943 2144/2411/943
f 2145/2413/942 2158/2425/942 2146/2414/942
f 2158/2425/941 2147/2426/941 2146/2414/941
f 2159/2427/940 2148/2415/940 2147/2426/940
f 2148/2415/939 2161/2428/939 2149/2417/939
f 2161/2428/938 2138/2403/938 2149/2417/938
f 2162/2429/949 2151/2419/949 2150/2418/949
f 2151/2419/948 2164/2430/948 2152/2420/948
f 2164/2430/947 2153/2431/947 2152/2420/947
f 2165/2432/946 2154/2421/946 2153/2431/946
f 2166/2433/945 2155/2423/945 2154/2421/945
f 2167/2434/944 2156/2435/944 2155/2423/944
f 2168/2436/955 2157/2437/955 2156/2424/955
f 2169/2438/954 2158/2425/954 2157/2437/954
f 2158/2425/953 2171/2439/953 2159/2427/953
f 2171/2439/952 2160/2440/952 2159/2427/952
f 2172/2441/951 2161/2428/951 2160/2440/951
f 2173/2442/950 2150/2418/950 2161/2428/950
f 2162/2429/961 2175/2443/961 2163/2444/961
f 2163/2444/960 2176/2445/960 2164/2430/960
f 2176/2445/959 2165/2432/959 2164/2430/959
f 2165/2432/958 2178/2446/958 2166/2433/958
f 2178/2446/957 2167/2434/957 2166/2433/957
f 2179/2447/956 2168/2448/956 2167/2434/956
f 2180/2449/967 2169/2438/967 2168/2436/967
f 2181/2450/966 2170/2451/966 2169/2438/966
f 2182/2452/965 2171/2439/965 2170/2451/965
f 2183/2453/964 2172/2441/964 2171/2439/964
f 2184/2454/963 2173/2442/963 2172/2441/963
f 2185/2455/962 2162/2429/962 2173/2442/962
f 2174/2456/973 2187/2457/973 2175/2443/973
f 2187/2457/972 2176/2445/972 2175/2443/972
f 2188/2458/971 2177/2459/971 2176/2445/971
f 2189/2460/970 2178/2446/970 2177/2459/970
f 2178/2446/969 2191/2461/969 2179/2447/969
f 2191/2461/968 2180/2462/968 2179/2447/968
f 2192/2463/979 2181/2450/979 2180/2449/979
f 2193/2464/978 2182/2452/978 2181/2450/978
f 2194/2465/977 2183/2453/977 2182/2452/977
f 2183/2453/976 2196/2466/976 2184/2454/976
f 2184/2454/975 2197/2467/975 2185/2455/975
f 2197/2467/974 2174/2456/974 2185/2455/974
f 2198/2468/985 2187/2457/985 2186/2469/985
f 2199/2470/984 2188/2458/984 2187/2457/984
f 2200/2471/983 2189/2460/983 2188/2458/983
f 2201/2472/982 2190/2473/982 2189/2460/982
f 2202/2474/981 2191/2461/981 2190/2473/981
f 2203/2475/980 2192/2476/980 2191/2461/980
f 2204/2477/991 2193/2464/991 2192/2463/991
f 2205/2478/990 2194/2465/990 2193/2464/990
f 2194/2465/989 2207/2479/989 2195/2480/989
f 2207/2479/988 2196/2466/988 2195/2480/988
f 2196/2466/987 2209/2481/987 2197/2467/987
f 2209/2481/986 2186/2469/986 2197/2467/986
f 2210/2482/997 2199/2470/997 2198/2468/997
f 2211/2483/996 2200/2471/996 2199/2470/996
f 2212/2484/995 2201/2472/995 2200/2471/995
f 2213/2485/994 2202/2474/994 2201/2472/994
f 2202/2474/993 2215/2486/993 2203/2475/993
f 2215/2486/992 2204/2487/992 2203/2475/992
f 2216/2488/1003 2205/2478/1003 2204/2477/1003
f 2217/2489/1002 2206/2490/1002 2205/2478/1002
f 2218/2491/1001 2207/2479/1001 2206/2490/1001
f 2219/2492/1000 2208/2493/1000 2207/2479/1000
f 2208/2493/999 2221/2494/999 2209/2481/999
f 2221/2494/998 2198/2468/998 2209/2481/998
f 2222/2495/1009 2211/2483/1009 2210/2482/1009
f 2211/2483/1008 2224/2496/1008 2212/2484/1008
f 2224/2496/1007 2213/2485/1007 2212/2484/1007
f 2225/2497/1006 2214/2498/1006 2213/2485/1006
f 2214/2498/1005 2227/2499/1005 2215/2486/1005
f 2227/2499/1004 2216/2500/1004 2215/2486/1004
f 2228/2501/1015 2217/2489/1015 2216/2488/1015
f 2229/2502/1014 2218/2491/1014 2217/2489/1014
f 2218/2491/1013 2231/2503/1013 2219/2492/1013
f 2231/2503/1012 2220/2504/1012 2219/2492/1012
f 2232/2505/1011 2221/2494/1011 2220/2504/1011
f 2233/2506/1010 2210/2482/1010 2221/2494/1010
f 2234/2507/1021 2223/2508/1021 2222/2495/1021
f 2235/2509/1020 2224/2496/1020 2223/2508/1020
f 2224/2496/1019 2237/2510/1019 2225/2497/1019
f 2225/2497/1018 2238/2511/1018 2226/2512/1018
f 2238/2511/1017 2227/2499/1017 2226/2512/1017
f 2227/2499/1016 2240/2513/1016 2228/2514/1016
f 2240/2515/1027 2229/2502/1027 2228/2501/1027
f 2241/2516/1026 2230/2517/1026 2229/2502/1026
f 2242/2518/1025 2231/2503/1025 2230/2517/1025
f 2243/2519/1024 2232/2505/1024 2231/2503/1024
f 2244/2520/1023 2233/2506/1023 2232/2505/1023
f 2245/2521/1022 2222/2495/1022 2233/2506/1022
f 2234/2507/1033 2247/2522/1033 2235/2509/1033
f 2247/2522/1032 2236/2523/1032 2235/2509/1032
f 2248/2524/1031 2237/2510/1031 2236/2523/1031
f 2249/2525/1030 2238/2511/1030 2237/2510/1030
f 2250/2526/1029 2239/2527/1029 2238/2511/1029
f 2251/2528/1028 2240/2513/1028 2239/2527/1028
f 2252/2529/1039 2241/2516/1039 2240/2515/1039
f 2241/2516/1038 2254/2530/1038 2242/2518/1038
f 2242/2518/1037 2255/2531/1037 2243/2519/1037
f 2255/2531/1036 2244/2520/1036 2243/2519/1036
f 2256/2532/1035 2245/2521/1035 2244/2520/1035
f 2257/2533/1034 2234/2507/1034 2245/2521/1034
f 2258/2534/1045 2247/2522/1045 2246/2535/1045
f 2259/2536/1044 2248/2524/1044 2247/2522/1044
f 2260/2537/1043 2249/2525/1043 2248/2524/1043
f 2261/2538/1042 2250/2526/1042 2249/2525/1042
f 2262/2539/1041 2251/2528/1041 2250/2526/1041
f 2251/2528/1040 2264/2540/1040 2252/2541/1040
f 2264/2542/1051 2253/2543/1051 2252/2529/1051
f 2265/2544/1050 2254/2530/1050 2253/2543/1050
f 2254/2530/1049 2267/2545/1049 2255/2531/1049
f 2255/2531/1048 2268/2546/1048 2256/2532/1048
f 2268/2546/1047 2257/2533/1047 2256/2532/1047
f 2269/2547/1046 2246/2535/1046 2257/2533/1046
f 2270/2548/1057 2259/2536/1057 2258/2534/1057
f 2271/2549/1056 2260/2537/1056 2259/2536/1056
f 2272/2550/1055 2261/2538/1055 2260/2537/1055
f 2273/2551/1054 2262/2539/1054 2261/2538/1054
f 2274/2552/1053 2263/2553/1053 2262/2539/1053
f 2275/2554/1052 2264/2540/1052 2263/2553/1052
f 2276/2555/1063 2265/2544/1063 2264/2542/1063
f 2277/2556/1062 2266/2557/1062 2265/2544/1062
f 2278/2558/1061 2267/2545/1061 2266/2557/1061
f 2267/2545/1060 2280/2559/1060 2268/2546/1060
f 2268/2546/1059 2281/2560/1059 2269/2547/1059
f 2281/2560/1058 2258/2534/1058 2269/2547/1058
f 2282/2561/1069 2271/2549/1069 2270/2548/1069
f 2283/2562/1068 2272/2550/1068 2271/2549/1068
f 2272/2550/1067 2285/2563/1067 2273/2551/1067
f 2273/2551/1066 2286/2564/1066 2274/2552/1066
f 2286/2564/1065 2275/2554/1065 2274/2552/1065
f 2287/2565/1064 2276/2566/1064 2275/2554/1064
f 2288/2567/1075 2277/2556/1075 2276/2555/1075
f 2289/2568/1074 2278/2558/1074 2277/2556/1074
f 2290/2569/1073 2279/2570/1073 2278/2558/1073
f 2291/2571/1072 2280/2559/1072 2279/2570/1072
f 2292/2572/1071 2281/2560/1071 2280/2559/1071
f 2281/2560/1070 2282/2561/1070 2270/2548/1070
f 2282/2561/1081 2295/2573/1081 2283/2562/1081
f 2295/2573/1080 2284/2574/1080 2283/2562/1080
f 2296/2575/1079 2285/2563/1079 2284/2574/1079
f 2297/2576/1078 2286/2564/1078 2285/2563/1078
f 2298/2577/1077 2287/2565/1077 2286/2564/1077
f 2299/2578/1076 2288/2579/1076 2287/2565/1076
f 2300/2580/1087 2289/2568/1087 2288/2567/1087
f 2301/2581/1086 2290/2569/1086 2289/2568/1086
f 2302/2582/1085 2291/2571/1085 2290/2569/1085
f 2303/2583/1084 2292/2572/1084 2291/2571/1084
f 2292/2572/1083 2305/2584/1083 2293/2585/1083
f 2305/2584/1082 2282/2561/1082 2293/2585/1082
f 2294/2586/1093 2307/2587/1093 2295/2573/1093
f 2307/2587/1092 2296/2575/1092 2295/2573/1092
f 2296/2575/1091 2309/2588/1091 2297/2576/1091
f 2297/2576/1090 2310/2589/1090 2298/2577/1090
f 2298/2577/1089 2311/2590/1089 2299/2578/1089
f 2311/2590/1088 2300/2591/1088 2299/2578/1088
f 2312/2592/1099 2301/2581/1099 2300/2580/1099
f 2313/2593/1098 2302/2582/1098 2301/2581/1098
f 2314/2594/1097 2303/2583/1097 2302/2582/1097
f 2315/2595/1096 2304/2596/1096 2303/2583/1096
f 2304/2596/1095 2317/2597/1095 2305/2584/1095
f 2317/2597/1094 2294/2586/1094 2305/2584/1094
f 2306/2598/1105 2319/2599/1105 2307/2587/1105
f 2319/2599/1104 2308/2600/1104 2307/2587/1104
f 2308/2600/1103 2321/2601/1103 2309/2588/1103
f 2321/2601/1102 2310/2589/1102 2309/2588/1102
f 2322/2602/1101 2311/2590/1101 2310/2589/1101
f 2323/2603/1100 2312/2604/1100 2311/2590/1100
f 2324/2605/1111 2313/2593/1111 2312/2592/1111
f 2313/2593/1110 2326/2606/1110 2314/2594/1110
f 2314/2594/1109 2327/2607/1109 2315/2595/1109
f 2327/2607/1108 2316/2608/1108 2315/2595/1108
f 2328/2609/1107 2317/2597/1107 2316/2608/1107
f 2329/2610/1106 2306/2598/1106 2317/2597/1106
f 2330/2611/1117 2319/2599/1117 2318/2612/1117
f 2331/2613/1116 2320/2614/1116 2319/2599/1116
f 2332/2615/1115 2321/2601/1115 2320/2614/1115
f 2333/2616/1114 2322/2602/1114 2321/2601/1114
f 2334/2617/1113 2323/2603/1113 2322/2602/1113
f 2335/2618/1112 2324/2619/1112 2323/2603/1112
f 2336/2620/1123 2325/2621/1123 2324/2605/1123
f 2325/2621/1122 2338/2622/1122 2326/2606/1122
f 2338/2622/1121 2327/2607/1121 2326/2606/1121
f 2339/2623/1120 2328/2609/1120 2327/2607/1120
f 2328/2609/1119 2341/2624/1119 2329/2610/1119
f 2341/2624/1118 2318/2612/1118 2329/2610/1118
f 2342/2625/1129 2331/2613/1129 2330/2611/1129
f 2343/2626/1128 2332/2615/1128 2331/2613/1128
f 2332/2615/1127 2345/2627/1127 2333/2616/1127
f 2345/2627/1126 2334/2617/1126 2333/2616/1126
f 2346/2628/1125 2335/2618/1125 2334/2617/1125
f 2347/2629/1124 2336/2630/1124 2335/2618/1124
f 2348/2631/1135 2337/2632/1135 2336/2620/1135
f 2349/2633/1134 2338/2622/1134 2337/2632/1134
f 2350/2634/1133 2339/2623/1133 2338/2622/1133
f 2351/2635/1132 2340/2636/1132 2339/2623/1132
f 2352/2637/1131 2341/2624/1131 2340/2636/1131
f 2353/2638/1130 2330/2611/1130 2341/2624/1130
f 2354/2639/1141 2343/2626/1141 2342/2625/1141
f 2355/2640/1140 2344/2641/1140 2343/2626/1140
f 2356/2642/1139 2345/2627/1139 2344/2641/1139
f 2357/2643/1138 2346/2628/1138 2345/2627/1138
f 2358/2644/1137 2347/2629/1137 2346/2628/1137
f 2359/2645/1136 2348/2646/1136 2347/2629/1136
f 2360/2647/1147 2349/2633/1147 2348/2631/1147
f 2349/2633/1146 2362/2648/1146 2350/2634/1146
f 2362/2648/1145 2351/2635/1145 2350/2634/1145
f 2363/2649/1144 2352/2637/1144 2351/2635/1144
f 2364/2650/1143 2353/2638/1143 2352/2637/1143
f 2365/2651/1142 2342/2625/1142 2353/2638/1142
f 2354/2639/1153 2367/2652/1153 2355/2640/1153
f 2355/2640/1152 2368/2653/1152 2356/2642/1152
f 2356/2642/1151 2369/2654/1151 2357/2643/1151
f 2369/2654/1150 2358/2644/1150 2357/2643/1150
f 2370/2655/1149 2359/2645/1149 2358/2644/1149
f 2359/2645/1148 2372/2656/1148 2360/2657/1148
f 2372/2658/1159 2361/2659/1159 2360/2647/1159
f 2373/2660/1158 2362/2648/1158 2361/2659/1158
f 2362/2648/1157 2375/2661/1157 2363/2649/1157
f 2375/2661/1156 2364/2650/1156 2363/2649/1156
f 2376/2662/1155 2365/2651/1155 2364/2650/1155
f 2377/2663/1154 2354/2639/1154 2365/2651/1154
f 1802/2035/1165 2367/2652/1165 2366/2664/1165
f 1803/2034/1164 2368/2653/1164 2367/2652/1164
f 1804/2037/1163 2369/2654/1163 2368/2653/1163
f 1805/2038/1162 2370/2655/1162 2369/2654/1162
f 1806/2040/1161 2371/2665/1161 2370/2655/1161
f 1807/2042/1160 2372/2656/1160 2371/2665/1160
f 2372/2658/1171 1809/2046/1171 2373/2660/1171
f 1809/2046/1170 2374/2666/1170 2373/2660/1170
f 1810/2049/1169 2375/2661/1169 2374/2666/1169
f 1811/2051/1168 2376/2662/1168 2375/2661/1168
f 2376/2662/1167 1813/2055/1167 2377/2663/1167
f 2377/2663/1166 1802/2035/1166 2366/2664/1166
f 1814/2033/884 1815/2058/884 1803/2034/884
f 1803/2034/885 1815/2058/885 1816/2036/885
f 1816/2036/886 1817/2039/886 1805/2038/886
f 1817/2039/887 1818/2041/887 1806/2040/887
f 1818/2041/888 1819/2063/888 1807/2042/888
f 1807/2042/889 1819/2063/889 1820/2043/889
f 1820/2045/890 1821/2048/890 1809/2046/890
f 1821/2048/891 1822/2050/891 1810/2049/891
f 1822/2050/892 1823/2052/892 1811/2051/892
f 1823/2052/893 1824/2054/893 1812/2053/893
f 1824/2054/894 1825/2056/894 1813/2055/894
f 1825/2056/895 1814/2033/895 1802/2035/895
f 1826/2057/896 1827/2059/896 1815/2058/896
f 1827/2059/897 1828/2060/897 1816/2036/897
f 1828/2060/898 1829/2061/898 1817/2039/898
f 1829/2061/899 1830/2072/899 1818/2041/899
f 1818/2041/900 1830/2072/900 1831/2062/900
f 1831/2062/901 1832/2075/901 1820/2043/901
f 1832/2064/902 1833/2065/902 1821/2048/902
f 1833/2065/903 1834/2078/903 1822/2050/903
f 1822/2050/904 1834/2078/904 1835/2066/904
f 1823/2052/905 1835/2066/905 1836/2067/905
f 1824/2054/906 1836/2067/906 1837/2068/906
f 1837/2068/907 1826/2057/907 1814/2033/907
f 1826/2057/908 1838/2082/908 1839/2069/908
f 1839/2069/909 1840/2070/909 1828/2060/909
f 1840/2070/910 1841/2086/910 1829/2061/910
f 1829/2061/911 1841/2086/911 1842/2071/911
f 1830/2072/912 1842/2071/912 1843/2073/912
f 1831/2062/913 1843/2073/913 1844/2074/913
f 1844/2076/914 1845/2077/914 1833/2065/914
f 1845/2077/915 1846/2090/915 1834/2078/915
f 1834/2078/916 1846/2090/916 1847/2079/916
f 1835/2066/917 1847/2079/917 1848/2080/917
f 1836/2067/918 1848/2080/918 1849/2081/918
f 1849/2081/919 1838/2082/919 1826/2057/919
f 1838/2082/920 1850/2095/920 1851/2083/920
f 1839/2069/921 1851/2083/921 1852/2084/921
f 1840/2070/922 1852/2084/922 1853/2085/922
f 1853/2085/923 1854/2098/923 1842/2071/923
f 1842/2071/924 1854/2098/924 1855/2087/924
f 1855/2087/925 1856/2100/925 1844/2074/925
f 1856/2088/926 1857/2089/926 1845/2077/926
f 1857/2089/927 1858/2103/927 1846/2090/927
f 1846/2090/928 1858/2103/928 1859/2091/928
f 1859/2091/929 1860/2092/929 1848/2080/929
f 1860/2092/930 1861/2093/930 1849/2081/930
f 1861/2093/931 1850/2095/931 1838/2082/931
f 1862/2094/932 1863/2108/932 1851/2083/932
f 1851/2083/933 1863/2108/933 1864/2096/933
f 1864/2096/934 1865/2097/934 1853/2085/934
f 1865/2097/935 1866/2112/935 1854/2098/935
f 1854/2098/936 1866/2112/936 1867/2099/936
f 1867/2099/937 1868/2115/937 1856/2100/937
f 1868/2101/938 1869/2102/938 1857/2089/938
f 1869/2102/939 1870/2104/939 1858/2103/939
f 1870/2104/940 1871/2105/940 1859/2091/940
f 1871/2105/941 1872/2106/941 1860/2092/941
f 1872/2106/942 1873/2120/942 1861/2093/942
f 1861/2093/943 1873/2120/943 1862/2094/943
f 1874/2107/944 1875/2109/944 1863/2108/944
f 1875/2109/945 1876/2110/945 1864/2096/945
f 1876/2110/946 1877/2111/946 1865/2097/946
f 1877/2111/947 1878/2113/947 1866/2112/947
f 1878/2113/948 1879/2114/948 1867/2099/948
f 1879/2114/949 1880/2125/949 1868/2115/949
f 1868/2101/950 1880/2127/950 1881/2116/950
f 1881/2116/951 1882/2117/951 1870/2104/951
f 1882/2117/952 1883/2118/952 1871/2105/952
f 1883/2118/953 1884/2131/953 1872/2106/953
f 1872/2106/954 1884/2131/954 1885/2119/954
f 1885/2119/955 1874/2107/955 1862/2094/955
f 1886/2121/956 1887/2134/956 1875/2109/956
f 1875/2109/957 1887/2134/957 1888/2122/957
f 1888/2122/958 1889/2123/958 1877/2111/958
f 1889/2123/959 1890/2137/959 1878/2113/959
f 1878/2113/960 1890/2137/960 1891/2124/960
f 1891/2124/961 1892/2139/961 1880/2125/961
f 1892/2126/962 1893/2128/962 1881/2116/962
f 1893/2128/963 1894/2142/963 1882/2117/963
f 1882/2117/964 1894/2142/964 1895/2129/964
f 1883/2118/965 1895/2129/965 1896/2130/965
f 1896/2130/966 1897/2132/966 1885/2119/966
f 1897/2132/967 1886/2121/967 1874/2107/967
f 1898/2133/968 1899/2148/968 1887/2134/968
f 1887/2134/969 1899/2148/969 1900/2135/969
f 1888/2122/970 1900/2135/970 1901/2136/970
f 1901/2136/971 1902/2151/971 1890/2137/971
f 1890/2137/972 1902/2151/972 1903/2138/972
f 1903/2138/973 1904/2154/973 1892/2139/973
f 1904/2140/974 1905/2141/974 1893/2128/974
f 1905/2141/975 1906/2143/975 1894/2142/975
f 1906/2143/976 1907/2144/976 1895/2129/976
f 1907/2144/977 1908/2145/977 1896/2130/977
f 1908/2145/978 1909/2146/978 1897/2132/978
f 1909/2146/979 1898/2133/979 1886/2121/979
f 1898/2133/980 1910/2161/980 1911/2147/980
f 1911/2147/981 1912/2149/981 1900/2135/981
f 1912/2149/982 1913/2150/982 1901/2136/982
f 1913/2150/983 1914/2152/983 1902/2151/983
f 1914/2152/984 1915/2153/984 1903/2138/984
f 1915/2153/985 1916/2166/985 1904/2154/985
f 1916/2155/986 1917/2156/986 1905/2141/986
f 1917/2156/987 1918/2169/987 1906/2143/987
f 1906/2143/988 1918/2169/988 1919/2157/988
f 1907/2144/989 1919/2157/989 1920/2158/989
f 1920/2158/990 1921/2159/990 1909/2146/990
f 1921/2159/991 1910/2161/991 1898/2133/991
f 1922/2160/992 1923/2162/992 1911/2147/992
f 1923/2162/993 1924/2163/993 1912/2149/993
f 1924/2163/994 1925/2164/994 1913/2150/994
f 1925/2164/995 1926/2177/995 1914/2152/995
f 1914/2152/996 1926/2177/996 1927/2165/996
f 1927/2165/997 1928/2180/997 1916/2166/997
f 1928/2167/998 1929/2168/998 1917/2156/998
f 1929/2168/999 1930/2170/999 1918/2169/999
f 1930/2170/1000 1931/2171/1000 1919/2157/1000
f 1931/2171/1001 1932/2172/1001 1920/2158/1001
f 1932/2172/1002 1933/2173/1002 1921/2159/1002
f 1933/2173/1003 1922/2160/1003 1910/2161/1003
f 1934/2174/1004 1935/2175/1004 1923/2162/1004
f 1935/2175/1005 1936/2187/1005 1924/2163/1005
f 1924/2163/1006 1936/2187/1006 1937/2176/1006
f 1937/2176/1007 1938/2178/1007 1926/2177/1007
f 1938/2178/1008 1939/2179/1008 1927/2165/1008
f 1939/2179/1009 1940/2191/1009 1928/2180/1009
f 1928/2167/1010 1940/2193/1010 1941/2181/1010
f 1941/2181/1011 1942/2195/1011 1930/2170/1011
f 1930/2170/1012 1942/2195/1012 1943/2182/1012
f 1943/2182/1013 1944/2183/1013 1932/2172/1013
f 1944/2183/1014 1945/2184/1014 1933/2173/1014
f 1945/2184/1015 1934/2174/1015 1922/2160/1015
f 1946/2185/1016 1947/2186/1016 1935/2175/1016
f 1947/2186/1017 1948/2188/1017 1936/2187/1017
f 1948/2188/1018 1949/2202/1018 1937/2176/1018
f 1937/2176/1019 1949/2202/1019 1950/2189/1019
f 1938/2178/1020 1950/2189/1020 1951/2190/1020
f 1951/2190/1021 1952/2206/1021 1940/2191/1021
f 1952/2192/1022 1953/2194/1022 1941/2181/1022
f 1953/2194/1023 1954/2196/1023 1942/2195/1023
f 1954/2196/1024 1955/2197/1024 1943/2182/1024
f 1955/2197/1025 1956/2198/1025 1944/2183/1025
f 1956/2198/1026 1957/2211/1026 1945/2184/1026
f 1945/2184/1027 1957/2211/1027 1946/2185/1027
f 1958/2199/1028 1959/2200/1028 1947/2186/1028
f 1959/2200/1029 1960/2201/1029 1948/2188/1029
f 1960/2201/1030 1961/2203/1030 1949/2202/1030
f 1961/2203/1031 1962/2204/1031 1950/2189/1031
f 1962/2204/1032 1963/2205/1032 1951/2190/1032
f 1963/2205/1033 1964/2217/1033 1952/2206/1033
f 1952/2192/1034 1964/2219/1034 1965/2207/1034
f 1965/2207/1035 1966/2221/1035 1954/2196/1035
f 1954/2196/1036 1966/2221/1036 1967/2208/1036
f 1955/2197/1037 1967/2208/1037 1968/2209/1037
f 1956/2198/1038 1968/2209/1038 1969/2210/1038
f 1957/2211/1039 1969/2210/1039 1958/2199/1039
f 1970/2212/1040 1971/2227/1040 1959/2200/1040
f 1959/2200/1041 1971/2227/1041 1972/2213/1041
f 1960/2201/1042 1972/2213/1042 1973/2214/1042
f 1973/2214/1043 1974/2215/1043 1962/2204/1043
f 1974/2215/1044 1975/2216/1044 1963/2205/1044
f 1975/2216/1045 1976/2232/1045 1964/2217/1045
f 1976/2218/1046 1977/2220/1046 1965/2207/1046
f 1977/2220/1047 1978/2222/1047 1966/2221/1047
f 1978/2222/1048 1979/2223/1048 1967/2208/1048
f 1979/2223/1049 1980/2224/1049 1968/2209/1049
f 1980/2224/1050 1981/2225/1050 1969/2210/1050
f 1981/2225/1051 1970/2212/1051 1958/2199/1051
f 1982/2226/1052 1983/2228/1052 1971/2227/1052
f 1983/2228/1053 1984/2229/1053 1972/2213/1053
f 1984/2229/1054 1985/2239/1054 1973/2214/1054
f 1973/2214/1055 1985/2239/1055 1986/2230/1055
f 1986/2230/1056 1987/2231/1056 1975/2216/1056
f 1987/2231/1057 1988/2243/1057 1976/2232/1057
f 1988/2233/1058 1989/2234/1058 1977/2220/1058
f 1989/2234/1059 1990/2246/1059 1978/2222/1059
f 1978/2222/1060 1990/2246/1060 1991/2235/1060
f 1991/2235/1061 1992/2249/1061 1980/2224/1061
f 1980/2224/1062 1992/2249/1062 1993/2236/1062
f 1993/2236/1063 1982/2226/1063 1970/2212/1063
f 1994/2237/1064 1995/2253/1064 1983/2228/1064
f 1983/2228/1065 1995/2253/1065 1996/2238/1065
f 1996/2238/1066 1997/2240/1066 1985/2239/1066
f 1997/2240/1067 1998/2241/1067 1986/2230/1067
f 1998/2241/1068 1999/2242/1068 1987/2231/1068
f 1999/2242/1069 2000/2259/1069 1988/2243/1069
f 2000/2244/1070 2001/2245/1070 1989/2234/1070
f 2001/2245/1071 2002/2247/1071 1990/2246/1071
f 2002/2247/1072 2003/2248/1072 1991/2235/1072
f 2003/2248/1073 2004/2250/1073 1992/2249/1073
f 2004/2250/1074 2005/2251/1074 1993/2236/1074
f 2005/2251/1075 1994/2237/1075 1982/2226/1075
f 2006/2252/1076 2007/2254/1076 1995/2253/1076
f 2007/2254/1077 2008/2255/1077 1996/2238/1077
f 2008/2255/1078 2009/2256/1078 1997/2240/1078
f 2009/2256/1079 2010/2257/1079 1998/2241/1079
f 2010/2257/1080 2011/2269/1080 1999/2242/1080
f 1999/2242/1081 2011/2269/1081 2012/2258/1081
f 2012/2260/1082 2013/2272/1082 2001/2245/1082
f 2001/2245/1083 2013/2272/1083 2014/2261/1083
f 2002/2247/1084 2014/2261/1084 2015/2262/1084
f 2003/2248/1085 2015/2262/1085 2016/2263/1085
f 2004/2250/1086 2016/2263/1086 2017/2264/1086
f 2017/2264/1087 2006/2252/1087 1994/2237/1087
f 2018/2265/1088 2019/2266/1088 2007/2254/1088
f 2019/2266/1089 2020/2279/1089 2008/2255/1089
f 2008/2255/1090 2020/2279/1090 2021/2267/1090
f 2021/2267/1091 2022/2268/1091 2010/2257/1091
f 2022/2268/1092 2023/2270/1092 2011/2269/1092
f 2023/2270/1093 2024/2283/1093 2012/2258/1093
f 2024/2271/1094 2025/2285/1094 2013/2272/1094
f 2013/2272/1095 2025/2285/1095 2026/2273/1095
f 2026/2273/1096 2027/2274/1096 2015/2262/1096
f 2027/2274/1097 2028/2275/1097 2016/2263/1097
f 2028/2275/1098 2029/2276/1098 2017/2264/1098
f 2029/2276/1099 2018/2265/1099 2006/2252/1099
f 2030/2277/1100 2031/2278/1100 2019/2266/1100
f 2031/2278/1101 2032/2280/1101 2020/2279/1101
f 2032/2280/1102 2033/2291/1102 2021/2267/1102
f 2021/2267/1103 2033/2291/1103 2034/2281/1103
f 2034/2281/1104 2035/2282/1104 2023/2270/1104
f 2035/2282/1105 2036/2294/1105 2024/2283/1105
f 2036/2284/1106 2037/2296/1106 2025/2285/1106
f 2025/2285/1107 2037/2296/1107 2038/2286/1107
f 2038/2286/1108 2039/2287/1108 2027/2274/1108
f 2039/2287/1109 2040/2299/1109 2028/2275/1109
f 2028/2275/1110 2040/2299/1110 2041/2288/1110
f 2041/2288/1111 2030/2277/1111 2018/2265/1111
f 2030/2277/1112 2042/2303/1112 2043/2289/1112
f 2043/2289/1113 2044/2305/1113 2032/2280/1113
f 2032/2280/1114 2044/2305/1114 2045/2290/1114
f 2045/2290/1115 2046/2292/1115 2034/2281/1115
f 2046/2292/1116 2047/2293/1116 2035/2282/1116
f 2047/2293/1117 2048/2309/1117 2036/2294/1117
f 2048/2295/1118 2049/2297/1118 2037/2296/1118
f 2049/2297/1119 2050/2311/1119 2038/2286/1119
f 2038/2286/1120 2050/2311/1120 2051/2298/1120
f 2051/2298/1121 2052/2300/1121 2040/2299/1121
f 2052/2300/1122 2053/2301/1122 2041/2288/1122
f 2053/2301/1123 2042/2303/1123 2030/2277/1123
f 2054/2302/1124 2055/2304/1124 2043/2289/1124
f 2055/2304/1125 2056/2306/1125 2044/2305/1125
f 2056/2306/1126 2057/2317/1126 2045/2290/1126
f 2045/2290/1127 2057/2317/1127 2058/2307/1127
f 2058/2307/1128 2059/2308/1128 2047/2293/1128
f 2059/2308/1129 2060/2320/1129 2048/2309/1129
f 2048/2295/1130 2060/2322/1130 2061/2310/1130
f 2061/2310/1131 2062/2312/1131 2050/2311/1131
f 2062/2312/1132 2063/2313/1132 2051/2298/1132
f 2063/2313/1133 2064/2326/1133 2052/2300/1133
f 2052/2300/1134 2064/2326/1134 2065/2314/1134
f 2065/2314/1135 2054/2302/1135 2042/2303/1135
f 2054/2302/1136 2066/2329/1136 2067/2315/1136
f 2067/2315/1137 2068/2316/1137 2056/2306/1137
f 2068/2316/1138 2069/2332/1138 2057/2317/1138
f 2057/2317/1139 2069/2332/1139 2070/2318/1139
f 2070/2318/1140 2071/2319/1140 2059/2308/1140
f 2071/2319/1141 2072/2336/1141 2060/2320/1141
f 2072/2321/1142 2073/2323/1142 2061/2310/1142
f 2073/2323/1143 2074/2324/1143 2062/2312/1143
f 2074/2324/1144 2075/2340/1144 2063/2313/1144
f 2063/2313/1145 2075/2340/1145 2076/2325/1145
f 2076/2325/1146 2077/2327/1146 2065/2314/1146
f 2077/2327/1147 2066/2329/1147 2054/2302/1147
f 2078/2328/1148 2079/2330/1148 2067/2315/1148
f 2079/2330/1149 2080/2331/1149 2068/2316/1149
f 2080/2331/1150 2081/2333/1150 2069/2332/1150
f 2081/2333/1151 2082/2334/1151 2070/2318/1151
f 2082/2334/1152 2083/2335/1152 2071/2319/1152
f 2083/2335/1153 2084/2348/1153 2072/2336/1153
f 2084/2337/1154 2085/2350/1154 2073/2323/1154
f 2073/2323/1155 2085/2350/1155 2086/2338/1155
f 2074/2324/1156 2086/2338/1156 2087/2339/1156
f 2075/2340/1157 2087/2339/1157 2088/2341/1157
f 2076/2325/1158 2088/2341/1158 2089/2342/1158
f 2077/2327/1159 2089/2342/1159 2078/2328/1159
f 2078/2328/1160 2090/2667/1160 2091/2343/1160
f 2091/2343/1161 2092/2344/1161 2080/2331/1161
f 2092/2344/1162 2093/2345/1162 2081/2333/1162
f 2093/2345/1163 2094/2346/1163 2082/2334/1163
f 2094/2346/1164 2095/2347/1164 2083/2335/1164
f 2095/2347/1165 2096/2668/1165 2084/2348/1165
f 2096/2349/1166 2097/2669/1166 2085/2350/1166
f 2085/2350/1167 2097/2669/1167 2098/2351/1167
f 2098/2351/1168 2099/2352/1168 2087/2339/1168
f 2099/2352/1169 2100/2353/1169 2088/2341/1169
f 2100/2353/1170 2101/2354/1170 2089/2342/1170
f 2101/2354/1171 2090/2667/1171 2078/2328/1171
f 2102/2355/889 2103/2358/889 2091/2356/889
f 2103/2358/888 2104/2360/888 2092/2359/888
f 2104/2360/887 2105/2362/887 2093/2361/887
f 2105/2362/886 2106/2364/886 2094/2363/886
f 2106/2364/885 2107/2366/885 2095/2365/885
f 2107/2366/884 2108/2383/884 2096/2367/884
f 2096/2368/895 2108/2385/895 2109/2369/895
f 2109/2369/894 2110/2387/894 2098/2371/894
f 2098/2371/893 2110/2387/893 2111/2372/893
f 2099/2373/892 2111/2372/892 2112/2374/892
f 2100/2375/891 2112/2374/891 2113/2376/891
f 2101/2377/890 2113/2376/890 2102/2355/890
f 2102/2355/901 2114/2391/901 2115/2378/901
f 2103/2358/900 2115/2378/900 2116/2379/900
f 2104/2360/899 2116/2379/899 2117/2380/899
f 2105/2362/898 2117/2380/898 2118/2381/898
f 2106/2364/897 2118/2381/897 2119/2382/897
f 2119/2382/896 2120/2397/896 2108/2383/896
f 2120/2384/907 2121/2386/907 2109/2369/907
f 2121/2386/906 2122/2388/906 2110/2387/906
f 2122/2388/905 2123/2389/905 2111/2372/905
f 2123/2389/904 2124/2390/904 2112/2374/904
f 2124/2390/903 2125/2402/903 2113/2376/903
f 2113/2376/902 2125/2402/902 2114/2391/902
f 2126/2392/913 2127/2393/913 2115/2378/913
f 2127/2393/912 2128/2405/912 2116/2379/912
f 2116/2379/911 2128/2405/911 2129/2394/911
f 2129/2394/910 2130/2395/910 2118/2381/910
f 2130/2395/909 2131/2396/909 2119/2382/909
f 2131/2396/908 2132/2410/908 2120/2397/908
f 2132/2398/919 2133/2412/919 2121/2386/919
f 2121/2386/918 2133/2412/918 2134/2399/918
f 2134/2399/917 2135/2400/917 2123/2389/917
f 2135/2400/916 2136/2416/916 2124/2390/916
f 2124/2390/915 2136/2416/915 2137/2401/915
f 2125/2402/914 2137/2401/914 2126/2392/914
f 2138/2403/925 2139/2404/925 2127/2393/925
f 2139/2404/924 2140/2406/924 2128/2405/924
f 2140/2406/923 2141/2407/923 2129/2394/923
f 2141/2407/922 2142/2408/922 2130/2395/922
f 2142/2408/921 2143/2422/921 2131/2396/921
f 2131/2396/920 2143/2422/920 2144/2409/920
f 2144/2411/931 2145/2413/931 2133/2412/931
f 2145/2413/930 2146/2414/930 2134/2399/930
f 2146/2414/929 2147/2426/929 2135/2400/929
f 2135/2400/928 2147/2426/928 2148/2415/928
f 2136/2416/927 2148/2415/927 2149/2417/927
f 2149/2417/926 2138/2403/926 2126/2392/926
f 2150/2418/937 2151/2419/937 2139/2404/937
f 2151/2419/936 2152/2420/936 2140/2406/936
f 2152/2420/935 2153/2431/935 2141/2407/935
f 2141/2407/934 2153/2431/934 2154/2421/934
f 2154/2421/933 2155/2423/933 2143/2422/933
f 2155/2423/932 2156/2435/932 2144/2409/932
f 2156/2424/943 2157/2437/943 2145/2413/943
f 2145/2413/942 2157/2437/942 2158/2425/942
f 2158/2425/941 2159/2427/941 2147/2426/941
f 2159/2427/940 2160/2440/940 2148/2415/940
f 2148/2415/939 2160/2440/939 2161/2428/939
f 2161/2428/938 2150/2418/938 2138/2403/938
f 2162/2429/949 2163/2444/949 2151/2419/949
f 2151/2419/948 2163/2444/948 2164/2430/948
f 2164/2430/947 2165/2432/947 2153/2431/947
f 2165/2432/946 2166/2433/946 2154/2421/946
f 2166/2433/945 2167/2434/945 2155/2423/945
f 2167/2434/944 2168/2448/944 2156/2435/944
f 2168/2436/955 2169/2438/955 2157/2437/955
f 2169/2438/954 2170/2451/954 2158/2425/954
f 2158/2425/953 2170/2451/953 2171/2439/953
f 2171/2439/952 2172/2441/952 2160/2440/952
f 2172/2441/951 2173/2442/951 2161/2428/951
f 2173/2442/950 2162/2429/950 2150/2418/950
f 2162/2429/961 2174/2456/961 2175/2443/961
f 2163/2444/960 2175/2443/960 2176/2445/960
f 2176/2445/959 2177/2459/959 2165/2432/959
f 2165/2432/958 2177/2459/958 2178/2446/958
f 2178/2446/957 2179/2447/957 2167/2434/957
f 2179/2447/956 2180/2462/956 2168/2448/956
f 2180/2449/967 2181/2450/967 2169/2438/967
f 2181/2450/966 2182/2452/966 2170/2451/966
f 2182/2452/965 2183/2453/965 2171/2439/965
f 2183/2453/964 2184/2454/964 2172/2441/964
f 2184/2454/963 2185/2455/963 2173/2442/963
f 2185/2455/962 2174/2456/962 2162/2429/962
f 2174/2456/973 2186/2469/973 2187/2457/973
f 2187/2457/972 2188/2458/972 2176/2445/972
f 2188/2458/971 2189/2460/971 2177/2459/971
f 2189/2460/970 2190/2473/970 2178/2446/970
f 2178/2446/969 2190/2473/969 2191/2461/969
f 2191/2461/968 2192/2476/968 2180/2462/968
f 2192/2463/979 2193/2464/979 2181/2450/979
f 2193/2464/978 2194/2465/978 2182/2452/978
f 2194/2465/977 2195/2480/977 2183/2453/977
f 2183/2453/976 2195/2480/976 2196/2466/976
f 2184/2454/975 2196/2466/975 2197/2467/975
f 2197/2467/974 2186/2469/974 2174/2456/974
f 2198/2468/985 2199/2470/985 2187/2457/985
f 2199/2470/984 2200/2471/984 2188/2458/984
f 2200/2471/983 2201/2472/983 2189/2460/983
f 2201/2472/982 2202/2474/982 2190/2473/982
f 2202/2474/981 2203/2475/981 2191/2461/981
f 2203/2475/980 2204/2487/980 2192/2476/980
f 2204/2477/991 2205/2478/991 2193/2464/991
f 2205/2478/990 2206/2490/990 2194/2465/990
f 2194/2465/989 2206/2490/989 2207/2479/989
f 2207/2479/988 2208/2493/988 2196/2466/988
f 2196/2466/987 2208/2493/987 2209/2481/987
f 2209/2481/986 2198/2468/986 2186/2469/986
f 2210/2482/997 2211/2483/997 2199/2470/997
f 2211/2483/996 2212/2484/996 2200/2471/996
f 2212/2484/995 2213/2485/995 2201/2472/995
f 2213/2485/994 2214/2498/994 2202/2474/994
f 2202/2474/993 2214/2498/993 2215/2486/993
f 2215/2486/992 2216/2500/992 2204/2487/992
f 2216/2488/1003 2217/2489/1003 2205/2478/1003
f 2217/2489/1002 2218/2491/1002 2206/2490/1002
f 2218/2491/1001 2219/2492/1001 2207/2479/1001
f 2219/2492/1000 2220/2504/1000 2208/2493/1000
f 2208/2493/999 2220/2504/999 2221/2494/999
f 2221/2494/998 2210/2482/998 2198/2468/998
f 2222/2495/1009 2223/2508/1009 2211/2483/1009
f 2211/2483/1008 2223/2508/1008 2224/2496/1008
f 2224/2496/1007 2225/2497/1007 2213/2485/1007
f 2225/2497/1006 2226/2512/1006 2214/2498/1006
f 2214/2498/1005 2226/2512/1005 2227/2499/1005
f 2227/2499/1004 2228/2514/1004 2216/2500/1004
f 2228/2501/1015 2229/2502/1015 2217/2489/1015
f 2229/2502/1014 2230/2517/1014 2218/2491/1014
f 2218/2491/1013 2230/2517/1013 2231/2503/1013
f 2231/2503/1012 2232/2505/1012 2220/2504/1012
f 2232/2505/1011 2233/2506/1011 2221/2494/1011
f 2233/2506/1010 2222/2495/1010 2210/2482/1010
f 2234/2507/1021 2235/2509/1021 2223/2508/1021
f 2235/2509/1020 2236/2523/1020 2224/2496/1020
f 2224/2496/1019 2236/2523/1019 2237/2510/1019
f 2225/2497/1018 2237/2510/1018 2238/2511/1018
f 2238/2511/1017 2239/2527/1017 2227/2499/1017
f 2227/2499/1016 2239/2527/1016 2240/2513/1016
f 2240/2515/1027 2241/2516/1027 2229/2502/1027
f 2241/2516/1026 2242/2518/1026 2230/2517/1026
f 2242/2518/1025 2243/2519/1025 2231/2503/1025
f 2243/2519/1024 2244/2520/1024 2232/2505/1024
f 2244/2520/1023 2245/2521/1023 2233/2506/1023
f 2245/2521/1022 2234/2507/1022 2222/2495/1022
f 2234/2507/1033 2246/2535/1033 2247/2522/1033
f 2247/2522/1032 2248/2524/1032 2236/2523/1032
f 2248/2524/1031 2249/2525/1031 2237/2510/1031
f 2249/2525/1030 2250/2526/1030 2238/2511/1030
f 2250/2526/1029 2251/2528/1029 2239/2527/1029
f 2251/2528/1028 2252/2541/1028 2240/2513/1028
f 2252/2529/1039 2253/2543/1039 2241/2516/1039
f 2241/2516/1038 2253/2543/1038 2254/2530/1038
f 2242/2518/1037 2254/2530/1037 2255/2531/1037
f 2255/2531/1036 2256/2532/1036 2244/2520/1036
f 2256/2532/1035 2257/2533/1035 2245/2521/1035
f 2257/2533/1034 2246/2535/1034 2234/2507/1034
f 2258/2534/1045 2259/2536/1045 2247/2522/1045
f 2259/2536/1044 2260/2537/1044 2248/2524/1044
f 2260/2537/1043 2261/2538/1043 2249/2525/1043
f 2261/2538/1042 2262/2539/1042 2250/2526/1042
f 2262/2539/1041 2263/2553/1041 2251/2528/1041
f 2251/2528/1040 2263/2553/1040 2264/2540/1040
f 2264/2542/1051 2265/2544/1051 2253/2543/1051
f 2265/2544/1050 2266/2557/1050 2254/2530/1050
f 2254/2530/1049 2266/2557/1049 2267/2545/1049
f 2255/2531/1048 2267/2545/1048 2268/2546/1048
f 2268/2546/1047 2269/2547/1047 2257/2533/1047
f 2269/2547/1046 2258/2534/1046 2246/2535/1046
f 2270/2548/1057 2271/2549/1057 2259/2536/1057
f 2271/2549/1056 2272/2550/1056 2260/2537/1056
f 2272/2550/1055 2273/2551/1055 2261/2538/1055
f 2273/2551/1054 2274/2552/1054 2262/2539/1054
f 2274/2552/1053 2275/2554/1053 2263/2553/1053
f 2275/2554/1052 2276/2566/1052 2264/2540/1052
f 2276/2555/1063 2277/2556/1063 2265/2544/1063
f 2277/2556/1062 2278/2558/1062 2266/2557/1062
f 2278/2558/1061 2279/2570/1061 2267/2545/1061
f 2267/2545/1060 2279/2570/1060 2280/2559/1060
f 2268/2546/1059 2280/2559/1059 2281/2560/1059
f 2281/2560/1058 2270/2548/1058 2258/2534/1058
f 2282/2561/1069 2283/2562/1069 2271/2549/1069
f 2283/2562/1068 2284/2574/1068 2272/2550/1068
f 2272/2550/1067 2284/2574/1067 2285/2563/1067
f 2273/2551/1066 2285/2563/1066 2286/2564/1066
f 2286/2564/1065 2287/2565/1065 2275/2554/1065
f 2287/2565/1064 2288/2579/1064 2276/2566/1064
f 2288/2567/1075 2289/2568/1075 2277/2556/1075
f 2289/2568/1074 2290/2569/1074 2278/2558/1074
f 2290/2569/1073 2291/2571/1073 2279/2570/1073
f 2291/2571/1072 2292/2572/1072 2280/2559/1072
f 2292/2572/1071 2293/2585/1071 2281/2560/1071
f 2281/2560/1070 2293/2585/1070 2282/2561/1070
f 2282/2561/1081 2294/2586/1081 2295/2573/1081
f 2295/2573/1080 2296/2575/1080 2284/2574/1080
f 2296/2575/1079 2297/2576/1079 2285/2563/1079
f 2297/2576/1078 2298/2577/1078 2286/2564/1078
f 2298/2577/1077 2299/2578/1077 2287/2565/1077
f 2299/2578/1076 2300/2591/1076 2288/2579/1076
f 2300/2580/1087 2301/2581/1087 2289/2568/1087
f 2301/2581/1086 2302/2582/1086 2290/2569/1086
f 2302/2582/1085 2303/2583/1085 2291/2571/1085
f 2303/2583/1084 2304/2596/1084 2292/2572/1084
f 2292/2572/1083 2304/2596/1083 2305/2584/1083
f 2305/2584/1082 2294/2586/1082 2282/2561/1082
f 2294/2586/1093 2306/2598/1093 2307/2587/1093
f 2307/2587/1092 2308/2600/1092 2296/2575/1092
f 2296/2575/1091 2308/2600/1091 2309/2588/1091
f 2297/2576/1090 2309/2588/1090 2310/2589/1090
f 2298/2577/1089 2310/2589/1089 2311/2590/1089
f 2311/2590/1088 2312/2604/1088 2300/2591/1088
f 2312/2592/1099 2313/2593/1099 2301/2581/1099
f 2313/2593/1098 2314/2594/1098 2302/2582/1098
f 2314/2594/1097 2315/2595/1097 2303/2583/1097
f 2315/2595/1096 2316/2608/1096 2304/2596/1096
f 2304/2596/1095 2316/2608/1095 2317/2597/1095
f 2317/2597/1094 2306/2598/1094 2294/2586/1094
f 2306/2598/1105 2318/2612/1105 2319/2599/1105
f 2319/2599/1104 2320/2614/1104 2308/2600/1104
f 2308/2600/1103 2320/2614/1103 2321/2601/1103
f 2321/2601/1102 2322/2602/1102 2310/2589/1102
f 2322/2602/1101 2323/2603/1101 2311/2590/1101
f 2323/2603/1100 2324/2619/1100 2312/2604/1100
f 2324/2605/1111 2325/2621/1111 2313/2593/1111
f 2313/2593/1110 2325/2621/1110 2326/2606/1110
f 2314/2594/1109 2326/2606/1109 2327/2607/1109
f 2327/2607/1108 2328/2609/1108 2316/2608/1108
f 2328/2609/1107 2329/2610/1107 2317/2597/1107
f 2329/2610/1106 2318/2612/1106 2306/2598/1106
f 2330/2611/1117 2331/2613/1117 2319/2599/1117
f 2331/2613/1116 2332/2615/1116 2320/2614/1116
f 2332/2615/1115 2333/2616/1115 2321/2601/1115
f 2333/2616/1114 2334/2617/1114 2322/2602/1114
f 2334/2617/1113 2335/2618/1113 2323/2603/1113
f 2335/2618/1112 2336/2630/1112 2324/2619/1112
f 2336/2620/1123 2337/2632/1123 2325/2621/1123
f 2325/2621/1122 2337/2632/1122 2338/2622/1122
f 2338/2622/1121 2339/2623/1121 2327/2607/1121
f 2339/2623/1120 2340/2636/1120 2328/2609/1120
f 2328/2609/1119 2340/2636/1119 2341/2624/1119
f 2341/2624/1118 2330/2611/1118 2318/2612/1118
f 2342/2625/1129 2343/2626/1129 2331/2613/1129
f 2343/2626/1128 2344/2641/1128 2332/2615/1128
f 2332/2615/1127 2344/2641/1127 2345/2627/1127
f 2345/2627/1126 2346/2628/1126 2334/2617/1126
f 2346/2628/1125 2347/2629/1125 2335/2618/1125
f 2347/2629/1124 2348/2646/1124 2336/2630/1124
f 2348/2631/1135 2349/2633/1135 2337/2632/1135
f 2349/2633/1134 2350/2634/1134 2338/2622/1134
f 2350/2634/1133 2351/2635/1133 2339/2623/1133
f 2351/2635/1132 2352/2637/1132 2340/2636/1132
f 2352/2637/1131 2353/2638/1131 2341/2624/1131
f 2353/2638/1130 2342/2625/1130 2330/2611/1130
f 2354/2639/1141 2355/2640/1141 2343/2626/1141
f 2355/2640/1140 2356/2642/1140 2344/2641/1140
f 2356/2642/1139 2357/2643/1139 2345/2627/1139
f 2357/2643/1138 2358/2644/1138 2346/2628/1138
f 2358/2644/1137 2359/2645/1137 2347/2629/1137
f 2359/2645/1136 2360/2657/1136 2348/2646/1136
f 2360/2647/1147 2361/2659/1147 2349/2633/1147
f 2349/2633/1146 2361/2659/1146 2362/2648/1146
f 2362/2648/1145 2363/2649/1145 2351/2635/1145
f 2363/2649/1144 2364/2650/1144 2352/2637/1144
f 2364/2650/1143 2365/2651/1143 2353/2638/1143
f 2365/2651/1142 2354/2639/1142 2342/2625/1142
f 2354/2639/1153 2366/2664/1153 2367/2652/1153
f 2355/2640/1152 2367/2652/1152 2368/2653/1152
f 2356/2642/1151 2368/2653/1151 2369/2654/1151
f 2369/2654/1150 2370/2655/1150 2358/2644/1150
f 2370/2655/1149 2371/2665/1149 2359/2645/1149
f 2359/2645/1148 2371/2665/1148 2372/2656/1148
f 2372/2658/1159 2373/2660/1159 2361/2659/1159
f 2373/2660/1158 2374/2666/1158 2362/2648/1158
f 2362/2648/1157 2374/2666/1157 2375/2661/1157
f 2375/2661/1156 2376/2662/1156 2364/2650/1156
f 2376/2662/1155 2377/2663/1155 2365/2651/1155
f 2377/2663/1154 2366/2664/1154 2354/2639/1154
f 1802/2035/1165 1803/2034/1165 2367/2652/1165
f 1803/2034/1164 1804/2037/1164 2368/2653/1164
f 1804/2037/1163 1805/2038/1163 2369/2654/1163
f 1805/2038/1162 1806/2040/1162 2370/2655/1162
f 1806/2040/1161 1807/2042/1161 2371/2665/1161
f 1807/2042/1160 1808/2044/1160 2372/2656/1160
f 2372/2658/1171 1808/2047/1171 1809/2046/1171
f 1809/2046/1170 1810/2049/1170 2374/2666/1170
f 1810/2049/1169 1811/2051/1169 2375/2661/1169
f 1811/2051/1168 1812/2053/1168 2376/2662/1168
f 2376/2662/1167 1812/2053/1167 1813/2055/1167
f 2377/2663/1166 1813/2055/1166 1802/2035/1166
