# Blender 4.4.3
# www.blender.org
mtllib Shop.mtl
o 店
v -2.000000 5.976164 10.000000
v -2.000000 9.996164 10.000000
v -1.500000 8.764778 10.000000
v -2.000000 5.976164 5.000000
v -2.000000 9.996164 7.233072
v -1.500000 8.764778 7.233072
v 18.000000 5.976164 10.000000
v 18.000000 9.996164 10.000000
v 17.500000 8.764778 10.000000
v 18.000000 5.976164 5.000000
v 18.000000 9.996164 7.233072
v 17.500000 8.764778 7.233072
v 17.500000 5.976164 5.684023
v -1.500000 5.976164 10.000000
v -1.500000 5.976164 5.684023
v 17.500000 5.976164 10.000000
v -1.887702 -1.000000 20.000000
v -1.887702 0.000000 20.000000
v -1.887702 -1.000000 -20.000000
v -1.887702 0.000000 -20.000000
v 18.112297 -1.000000 20.000000
v 18.112297 0.000000 20.000000
v 18.112297 -1.000000 -20.000000
v 18.112297 0.000000 -20.000000
v -2.000000 0.000000 19.999998
v 0.500000 0.055612 17.114153
v 0.500000 2.902324 15.999998
v 0.500000 5.055612 17.114153
v -2.000000 10.000000 19.999998
v 0.500000 0.055612 12.114153
v 0.500000 5.902324 15.999998
v 0.500000 5.055612 12.114153
v -2.000000 0.000000 9.999998
v 15.500000 0.055612 17.114153
v -2.000000 10.000000 9.999998
v 15.500000 5.055612 17.114153
v 18.000000 0.000000 19.999998
v 15.500000 0.055612 12.114153
v 15.500000 5.055612 12.114153
v 15.500000 2.902324 15.999998
v 18.000000 10.000000 19.999998
v 15.500000 5.902324 15.999998
v 18.000000 0.000000 9.999998
v 18.000000 10.000000 9.999998
v 0.500000 2.902324 9.999998
v 0.500000 5.902324 9.999998
v 15.500000 5.902324 9.999998
v 15.500000 2.902324 9.999998
v 0.500000 5.055612 15.999998
v 15.500000 5.055612 15.999998
v 0.500000 2.902324 12.114153
v 15.500000 2.902324 12.114153
v 0.500000 4.845246 12.114153
v 0.500000 4.634881 12.534883
v -9.908908 -0.974268 20.000000
v -9.908908 14.025730 20.000000
v -9.908908 -0.974268 -20.000000
v -9.908908 14.025730 -20.000000
v -1.908908 -0.974268 20.000000
v -1.908908 14.025730 20.000000
v -1.908908 -0.974268 -20.000000
v -1.908908 14.025730 -20.000000
vn -1.0000 -0.0000 -0.0000
vn -0.0000 0.4856 -0.8742
vn 1.0000 -0.0000 -0.0000
vn -0.0000 -0.0000 1.0000
vn -0.0000 -1.0000 -0.0000
vn -0.0000 1.0000 -0.0000
vn -0.0000 -0.4856 0.8742
vn -0.0000 -0.0000 -1.0000
vt 0.720115 0.534915
vt 0.665513 0.504699
vt 0.720115 0.480313
vt 0.697849 0.430457
vt 0.643246 0.454843
vt 0.657187 0.394015
vt 0.620745 0.434676
vt 0.580083 0.398234
vt 0.630891 0.421310
vt 0.734291 0.389795
vt 0.727817 0.385826
vt 0.606804 0.495505
vt 0.610802 0.600447
vt 0.613580 0.552074
vt 0.648679 0.583531
vt 0.631955 0.647810
vt 0.669832 0.630894
vt 0.669832 0.678026
vt 0.580083 0.647810
vt 0.631955 0.678026
vt 0.580083 0.678026
vt 0.341345 0.008580
vt 0.327763 0.445398
vt 0.327763 0.008580
vt 0.341345 0.445398
vt 0.327763 0.500000
vt 0.341345 0.500000
vt 0.327763 0.936818
vt 0.341345 0.936818
vt 0.327763 0.991420
vt 0.273161 0.936818
vt 0.273161 0.500000
vt 0.395948 0.500000
vt 0.467709 0.336193
vt 0.603536 0.226989
vt 0.603536 0.336193
vt 0.523367 0.220163
vt 0.467709 0.226989
vt 0.467709 0.172386
vt 0.564115 0.179212
vt 0.603536 0.172386
vt 0.603536 0.063182
vt 0.467709 0.063182
vt 0.603536 0.008580
vt 0.658138 0.063182
vt 0.658138 0.172386
vt 0.413107 0.172386
vt 0.675297 0.008580
vt 0.716045 0.008580
vt 0.704545 0.031667
vt 0.701687 0.031667
vt 0.698830 0.036262
vt 0.704545 0.074102
vt 0.675297 0.031667
vt 0.519581 0.602572
vt 0.496494 0.643320
vt 0.496494 0.614072
vt 0.454059 0.614072
vt 0.454059 0.643320
vt 0.454059 0.602572
vt 0.413107 0.614072
vt 0.413107 0.602572
vt 0.519581 0.643320
vt 0.496494 0.684271
vt 0.454059 0.561620
vt 0.483306 0.365520
vt 0.521972 0.353353
vt 0.483306 0.407955
vt 0.521972 0.407955
vt 0.483306 0.448907
vt 0.483306 0.491342
vt 0.521972 0.448907
vt 0.521972 0.503509
vt 0.521972 0.544461
vt 0.454059 0.503509
vt 0.562924 0.503509
vt 0.562924 0.448907
vt 0.413107 0.503509
vt 0.454059 0.491342
vt 0.234160 0.008580
vt 0.030421 0.445398
vt 0.030421 0.008580
vt 0.234160 0.445398
vt 0.030421 0.467239
vt 0.234160 0.467239
vt 0.030421 0.904057
vt 0.234160 0.904057
vt 0.030421 0.925898
vt 0.008580 0.904057
vt 0.008580 0.467239
vt 0.256001 0.467239
vt 0.665513 0.534915
vt 0.656170 0.393104
vt 0.616525 0.357573
vt 0.617542 0.358484
vt 0.592262 0.386690
vt 0.692718 0.354369
vt 0.693629 0.353353
vt 0.658098 0.392998
vt 0.693197 0.424455
vt 0.584302 0.475338
vt 0.588300 0.580281
vt 0.341345 0.991420
vt 0.395948 0.936818
vt 0.564115 0.220163
vt 0.523367 0.179212
vt 0.467709 0.008580
vt 0.413107 0.063182
vt 0.716045 0.074102
vt 0.675297 0.074102
vt 0.519581 0.684271
vt 0.519581 0.561620
vt 0.454059 0.365520
vt 0.454059 0.353353
vt 0.454059 0.544461
vt 0.413107 0.491342
vt 0.234160 0.925898
vt 0.256001 0.904057
s 0
usemtl マテリアル.002
f 1/1/1 5/2/1 4/3/1
f 5/2/2 10/4/2 4/3/2
f 11/5/3 7/6/3 10/4/3
f 8/7/4 2/8/4 9/9/4
f 4/10/5 10/4/5 15/11/5
f 5/12/6 8/7/6 11/5/6
f 6/13/3 14/14/3 15/15/3
f 12/16/7 15/15/7 13/17/7
f 16/18/1 12/16/1 13/17/1
f 6/19/5 9/20/5 3/21/5
f 18/22/1 19/23/1 17/24/1
f 20/25/8 23/26/8 19/23/8
f 24/27/3 21/28/3 23/26/3
f 22/29/4 17/30/4 21/28/4
f 23/26/5 17/31/5 19/32/5
f 20/33/6 22/29/6 24/27/6
f 29/34/1 33/35/1 25/36/1
f 46/37/8 35/38/8 44/39/8
f 33/35/8 48/40/8 43/41/8
f 44/39/3 37/42/3 43/41/3
f 41/43/4 25/44/4 37/42/4
f 43/41/5 25/45/5 33/46/5
f 35/47/6 41/43/6 44/39/6
f 45/48/3 46/49/3 32/50/3
f 53/51/3 32/50/3 54/52/3
f 49/53/3 51/54/3 54/52/3
f 47/55/1 52/56/1 39/57/1
f 50/58/1 52/56/1 40/59/1
f 42/60/8 49/61/8 31/62/8
f 48/63/6 51/64/6 52/56/6
f 31/65/5 47/55/5 42/60/5
f 27/66/3 26/67/3 51/68/3
f 30/69/4 52/70/4 51/68/4
f 40/71/1 38/72/1 34/73/1
f 26/74/8 36/75/8 34/73/8
f 26/76/6 38/72/6 30/77/6
f 28/78/5 50/79/5 36/75/5
f 56/80/1 57/81/1 55/82/1
f 58/83/8 61/84/8 57/81/8
f 62/85/3 59/86/3 61/84/3
f 60/87/4 55/88/4 59/86/4
f 61/84/5 55/89/5 57/90/5
f 58/91/6 60/87/6 62/85/6
f 1/1/1 2/92/1 5/2/1
f 5/2/2 11/5/2 10/4/2
f 11/5/3 8/7/3 7/6/3
f 16/93/4 7/6/4 8/7/4
f 2/8/4 1/94/4 14/95/4
f 2/8/4 14/95/4 3/96/4
f 9/9/4 16/93/4 8/7/4
f 2/8/4 3/96/4 9/9/4
f 15/11/5 14/97/5 1/98/5
f 10/4/5 7/6/5 16/99/5
f 10/4/5 16/99/5 13/100/5
f 15/11/5 1/98/5 4/10/5
f 10/4/5 13/100/5 15/11/5
f 5/12/6 2/101/6 8/7/6
f 6/13/3 3/102/3 14/14/3
f 12/16/7 6/13/7 15/15/7
f 16/18/1 9/20/1 12/16/1
f 6/19/5 12/16/5 9/20/5
f 18/22/1 20/25/1 19/23/1
f 20/25/8 24/27/8 23/26/8
f 24/27/3 22/29/3 21/28/3
f 22/29/4 18/103/4 17/30/4
f 23/26/5 21/28/5 17/31/5
f 20/33/6 18/104/6 22/29/6
f 29/34/1 35/38/1 33/35/1
f 46/37/8 45/105/8 33/35/8
f 44/39/8 43/41/8 48/40/8
f 44/39/8 48/40/8 47/106/8
f 46/37/8 33/35/8 35/38/8
f 44/39/8 47/106/8 46/37/8
f 33/35/8 45/105/8 48/40/8
f 44/39/3 41/43/3 37/42/3
f 41/43/4 29/107/4 25/44/4
f 43/41/5 37/42/5 25/45/5
f 35/47/6 29/108/6 41/43/6
f 53/51/3 51/54/3 45/48/3
f 46/49/3 31/109/3 49/53/3
f 32/50/3 53/51/3 45/48/3
f 46/49/3 49/53/3 32/50/3
f 54/52/3 32/50/3 49/53/3
f 49/53/3 27/110/3 51/54/3
f 51/54/3 53/51/3 54/52/3
f 50/58/1 42/60/1 47/55/1
f 47/55/1 48/63/1 52/56/1
f 39/57/1 50/58/1 47/55/1
f 50/58/1 39/57/1 52/56/1
f 42/60/8 50/58/8 49/61/8
f 48/63/6 45/111/6 51/64/6
f 31/65/5 46/112/5 47/55/5
f 27/66/3 49/113/3 28/114/3
f 26/67/3 30/69/3 51/68/3
f 27/66/3 28/114/3 26/67/3
f 30/69/4 38/72/4 52/70/4
f 34/73/1 36/75/1 50/79/1
f 40/71/1 52/70/1 38/72/1
f 34/73/1 50/79/1 40/71/1
f 26/74/8 28/115/8 36/75/8
f 26/76/6 34/73/6 38/72/6
f 28/78/5 49/116/5 50/79/5
f 56/80/1 58/83/1 57/81/1
f 58/83/8 62/85/8 61/84/8
f 62/85/3 60/87/3 59/86/3
f 60/87/4 56/117/4 55/88/4
f 61/84/5 59/86/5 55/89/5
f 58/91/6 56/118/6 60/87/6
o 椅子机
v 2.767511 1.000000 3.138712
v 2.767511 1.000000 3.238712
v 2.767511 2.000000 3.138712
v 2.767511 2.000000 3.238712
v 3.767511 1.000000 3.138712
v 3.767511 1.000000 3.238712
v 3.767511 2.000000 3.138712
v 3.767511 2.000000 3.238712
v 3.664254 -0.004759 3.253829
v 3.664254 1.995241 3.253829
v 3.664254 -0.004759 3.153830
v 3.664254 1.995241 3.153830
v 3.764254 -0.004759 3.253829
v 3.764254 1.995241 3.253829
v 3.764254 -0.004759 3.153830
v 3.764254 1.995241 3.153830
v 2.766778 -0.004759 3.248138
v 2.766778 1.995241 3.248138
v 2.766778 -0.004759 3.148138
v 2.766778 1.995241 3.148138
v 2.866778 -0.004759 3.248138
v 2.866778 1.995241 3.248138
v 2.866778 -0.004759 3.148138
v 2.866778 1.995241 3.148138
v 3.667235 0.003054 2.341994
v 3.667235 1.003054 2.341994
v 3.667235 0.003054 2.241994
v 3.667235 1.003054 2.241994
v 3.767235 0.003054 2.341994
v 3.767235 1.003054 2.341994
v 3.767235 0.003054 2.241994
v 3.767235 1.003054 2.241994
v 2.770591 0.008625 2.342729
v 2.770591 1.008625 2.342729
v 2.770591 0.008625 2.242729
v 2.770591 1.008625 2.242729
v 2.870590 0.008625 2.342729
v 2.870590 1.008625 2.342729
v 2.870590 0.008625 2.242729
v 2.870590 1.008625 2.242729
v 2.767511 0.945241 3.243138
v 2.767511 1.045241 3.243138
v 2.767511 0.945241 2.243138
v 2.767511 1.045241 2.243138
v 3.767511 0.945241 3.243138
v 3.767511 1.045241 3.243138
v 3.767511 0.945241 2.243138
v 3.767511 1.045241 2.243138
v 12.696859 1.947652 1.000000
v 12.696859 2.047652 1.000000
v 12.696859 1.947652 -1.000000
v 12.696859 2.047652 -1.000000
v 14.696859 1.947652 1.000000
v 14.696859 2.047652 1.000000
v 14.696859 1.947652 -1.000000
v 14.696859 2.047652 -1.000000
v 13.647810 0.005195 0.050000
v 13.647810 2.005195 0.050000
v 13.647810 0.005195 -0.050000
v 13.647810 2.005195 -0.050000
v 13.747810 0.005195 0.050000
v 13.747810 2.005195 0.050000
v 13.747810 0.005195 -0.050000
v 13.747810 2.005195 -0.050000
v 7.731552 1.947652 1.000000
v 7.731552 2.047652 1.000000
v 7.731552 1.947652 -1.000000
v 7.731552 2.047652 -1.000000
v 9.731552 1.947652 1.000000
v 9.731552 2.047652 1.000000
v 9.731552 1.947652 -1.000000
v 9.731552 2.047652 -1.000000
v 8.682504 0.005195 0.050000
v 8.682504 2.005195 0.050000
v 8.682504 0.005195 -0.050000
v 8.682504 2.005195 -0.050000
v 8.782504 0.005195 0.050000
v 8.782504 2.005195 0.050000
v 8.782504 0.005195 -0.050000
v 8.782504 2.005195 -0.050000
v 2.249027 1.947652 1.000000
v 2.249027 2.047652 1.000000
v 2.249027 1.947652 -1.000000
v 2.249027 2.047652 -1.000000
v 4.249027 1.947652 1.000000
v 4.249027 2.047652 1.000000
v 4.249027 1.947652 -1.000000
v 4.249027 2.047652 -1.000000
v 3.199979 0.005195 0.050000
v 3.199979 2.005195 0.050000
v 3.199979 0.005195 -0.050000
v 3.199979 2.005195 -0.050000
v 3.299979 0.005195 0.050000
v 3.299979 2.005195 0.050000
v 3.299979 0.005195 -0.050000
v 3.299979 2.005195 -0.050000
v 2.249027 1.947652 -8.154786
v 2.249027 2.047652 -8.154786
v 2.249027 1.947652 -10.154786
v 2.249027 2.047652 -10.154786
v 4.249027 1.947652 -8.154786
v 4.249027 2.047652 -8.154786
v 4.249027 1.947652 -10.154786
v 4.249027 2.047652 -10.154786
v 3.199979 0.005195 -9.104786
v 3.199979 2.005195 -9.104786
v 3.199979 0.005195 -9.204786
v 3.199979 2.005195 -9.204786
v 3.299979 0.005195 -9.104786
v 3.299979 2.005195 -9.104786
v 3.299979 0.005195 -9.204786
v 3.299979 2.005195 -9.204786
v 7.731808 1.947652 -8.154786
v 7.731808 2.047652 -8.154786
v 7.731808 1.947652 -10.154786
v 7.731808 2.047652 -10.154786
v 9.731808 1.947652 -8.154786
v 9.731808 2.047652 -8.154786
v 9.731808 1.947652 -10.154786
v 9.731808 2.047652 -10.154786
v 8.682759 0.005195 -9.104786
v 8.682759 2.005195 -9.104786
v 8.682759 0.005195 -9.204786
v 8.682759 2.005195 -9.204786
v 8.782760 0.005195 -9.104786
v 8.782760 2.005195 -9.104786
v 8.782760 0.005195 -9.204786
v 8.782760 2.005195 -9.204786
v 12.645138 1.947652 -8.154786
v 12.645138 2.047652 -8.154786
v 12.645138 1.947652 -10.154786
v 12.645138 2.047652 -10.154786
v 14.645138 1.947652 -8.154786
v 14.645138 2.047652 -8.154786
v 14.645138 1.947652 -10.154786
v 14.645138 2.047652 -10.154786
v 13.596088 0.005195 -9.104786
v 13.596088 2.005195 -9.104786
v 13.596088 0.005195 -9.204786
v 13.596088 2.005195 -9.204786
v 13.696089 0.005195 -9.104786
v 13.696089 2.005195 -9.104786
v 13.696089 0.005195 -9.204786
v 13.696089 2.005195 -9.204786
v 13.102938 1.000000 3.138712
v 13.102938 1.000000 3.238712
v 13.102938 2.000000 3.138712
v 13.102938 2.000000 3.238712
v 14.102938 1.000000 3.138712
v 14.102938 1.000000 3.238712
v 14.102938 2.000000 3.138712
v 14.102938 2.000000 3.238712
v 13.999680 -0.004759 3.253829
v 13.999680 1.995241 3.253829
v 13.999680 -0.004759 3.153830
v 13.999680 1.995241 3.153830
v 14.099680 -0.004759 3.253829
v 14.099680 1.995241 3.253829
v 14.099680 -0.004759 3.153830
v 14.099680 1.995241 3.153830
v 13.102203 -0.004759 3.248138
v 13.102203 1.995241 3.248138
v 13.102203 -0.004759 3.148138
v 13.102203 1.995241 3.148138
v 13.202204 -0.004759 3.248138
v 13.202204 1.995241 3.248138
v 13.202204 -0.004759 3.148138
v 13.202204 1.995241 3.148138
v 14.002661 0.003053 2.341994
v 14.002661 1.003053 2.341994
v 14.002661 0.003053 2.241994
v 14.002661 1.003053 2.241994
v 14.102661 0.003053 2.341994
v 14.102661 1.003053 2.341994
v 14.102661 0.003053 2.241994
v 14.102661 1.003053 2.241994
v 13.106016 0.008625 2.342729
v 13.106016 1.008625 2.342729
v 13.106016 0.008625 2.242729
v 13.106016 1.008625 2.242729
v 13.206017 0.008625 2.342729
v 13.206017 1.008625 2.342729
v 13.206017 0.008625 2.242729
v 13.206017 1.008625 2.242729
v 13.102938 0.945241 3.243138
v 13.102938 1.045241 3.243138
v 13.102938 0.945241 2.243138
v 13.102938 1.045241 2.243138
v 14.102938 0.945241 3.243138
v 14.102938 1.045241 3.243138
v 14.102938 0.945241 2.243138
v 14.102938 1.045241 2.243138
v 14.102938 1.000000 -2.549225
v 14.102938 1.000000 -2.649225
v 14.102938 2.000000 -2.549225
v 14.102938 2.000000 -2.649225
v 13.102938 1.000000 -2.549225
v 13.102938 1.000000 -2.649225
v 13.102938 2.000000 -2.549225
v 13.102938 2.000000 -2.649225
v 13.206194 -0.004759 -2.664342
v 13.206194 1.995241 -2.664342
v 13.206194 -0.004759 -2.564342
v 13.206194 1.995241 -2.564342
v 13.106194 -0.004759 -2.664342
v 13.106194 1.995241 -2.664342
v 13.106194 -0.004759 -2.564342
v 13.106194 1.995241 -2.564342
v 14.103670 -0.004759 -2.658651
v 14.103670 1.995241 -2.658651
v 14.103670 -0.004759 -2.558651
v 14.103670 1.995241 -2.558651
v 14.003670 -0.004759 -2.658651
v 14.003670 1.995241 -2.658651
v 14.003670 -0.004759 -2.558651
v 14.003670 1.995241 -2.558651
v 13.203213 0.003054 -1.752507
v 13.203213 1.003053 -1.752507
v 13.203213 0.003054 -1.652507
v 13.203213 1.003053 -1.652507
v 13.103212 0.003054 -1.752507
v 13.103212 1.003053 -1.752507
v 13.103212 0.003054 -1.652507
v 13.103212 1.003053 -1.652507
v 14.099857 0.008625 -1.753242
v 14.099857 1.008625 -1.753242
v 14.099857 0.008625 -1.653242
v 14.099857 1.008625 -1.653242
v 13.999857 0.008625 -1.753242
v 13.999857 1.008625 -1.753242
v 13.999857 0.008625 -1.653242
v 13.999857 1.008625 -1.653242
v 14.102938 0.945241 -2.653651
v 14.102938 1.045241 -2.653651
v 14.102938 0.945241 -1.653651
v 14.102938 1.045241 -1.653651
v 13.102938 0.945241 -2.653651
v 13.102938 1.045241 -2.653651
v 13.102938 0.945241 -1.653651
v 13.102938 1.045241 -1.653651
v 8.254984 1.000000 3.138712
v 8.254984 1.000000 3.238712
v 8.254984 2.000000 3.138712
v 8.254984 2.000000 3.238712
v 9.254984 1.000000 3.138712
v 9.254984 1.000000 3.238712
v 9.254984 2.000000 3.138712
v 9.254984 2.000000 3.238712
v 9.151727 -0.004759 3.253829
v 9.151727 1.995241 3.253829
v 9.151727 -0.004759 3.153830
v 9.151727 1.995241 3.153830
v 9.251727 -0.004759 3.253829
v 9.251727 1.995241 3.253829
v 9.251727 -0.004759 3.153830
v 9.251727 1.995241 3.153830
v 8.254251 -0.004759 3.248138
v 8.254251 1.995241 3.248138
v 8.254251 -0.004759 3.148138
v 8.254251 1.995241 3.148138
v 8.354251 -0.004759 3.248138
v 8.354251 1.995241 3.248138
v 8.354251 -0.004759 3.148138
v 8.354251 1.995241 3.148138
v 9.154708 0.003053 2.341994
v 9.154708 1.003053 2.341994
v 9.154708 0.003053 2.241994
v 9.154708 1.003053 2.241994
v 9.254708 0.003053 2.341994
v 9.254708 1.003053 2.341994
v 9.254708 0.003053 2.241994
v 9.254708 1.003053 2.241994
v 8.258063 0.008625 2.342729
v 8.258063 1.008625 2.342729
v 8.258063 0.008625 2.242729
v 8.258063 1.008625 2.242729
v 8.358064 0.008625 2.342729
v 8.358064 1.008625 2.342729
v 8.358064 0.008625 2.242729
v 8.358064 1.008625 2.242729
v 8.254984 0.945241 3.243138
v 8.254984 1.045241 3.243138
v 8.254984 0.945241 2.243138
v 8.254984 1.045241 2.243138
v 9.254984 0.945241 3.243138
v 9.254984 1.045241 3.243138
v 9.254984 0.945241 2.243138
v 9.254984 1.045241 2.243138
v 9.254984 1.000000 -2.549225
v 9.254984 1.000000 -2.649225
v 9.254984 2.000000 -2.549225
v 9.254984 2.000000 -2.649225
v 8.254984 1.000000 -2.549225
v 8.254984 1.000000 -2.649225
v 8.254984 2.000000 -2.549225
v 8.254984 2.000000 -2.649225
v 8.358241 -0.004759 -2.664342
v 8.358241 1.995241 -2.664342
v 8.358241 -0.004759 -2.564342
v 8.358241 1.995241 -2.564342
v 8.258241 -0.004759 -2.664342
v 8.258241 1.995241 -2.664342
v 8.258241 -0.004759 -2.564342
v 8.258241 1.995241 -2.564342
v 9.255717 -0.004759 -2.658651
v 9.255717 1.995241 -2.658651
v 9.255717 -0.004759 -2.558651
v 9.255717 1.995241 -2.558651
v 9.155717 -0.004759 -2.658651
v 9.155717 1.995241 -2.658651
v 9.155717 -0.004759 -2.558651
v 9.155717 1.995241 -2.558651
v 8.355260 0.003054 -1.752507
v 8.355260 1.003053 -1.752507
v 8.355260 0.003054 -1.652507
v 8.355260 1.003053 -1.652507
v 8.255260 0.003054 -1.752507
v 8.255260 1.003053 -1.752507
v 8.255260 0.003054 -1.652507
v 8.255260 1.003053 -1.652507
v 9.251904 0.008625 -1.753242
v 9.251904 1.008625 -1.753242
v 9.251904 0.008625 -1.653242
v 9.251904 1.008625 -1.653242
v 9.151905 0.008625 -1.753242
v 9.151905 1.008625 -1.753242
v 9.151905 0.008625 -1.653242
v 9.151905 1.008625 -1.653242
v 9.254984 0.945241 -2.653651
v 9.254984 1.045241 -2.653651
v 9.254984 0.945241 -1.653651
v 9.254984 1.045241 -1.653651
v 8.254984 0.945241 -2.653651
v 8.254984 1.045241 -2.653651
v 8.254984 0.945241 -1.653651
v 8.254984 1.045241 -1.653651
v 3.767511 1.000000 -2.549225
v 3.767511 1.000000 -2.649225
v 3.767511 2.000000 -2.549225
v 3.767511 2.000000 -2.649225
v 2.767511 1.000000 -2.549225
v 2.767511 1.000000 -2.649225
v 2.767511 2.000000 -2.549225
v 2.767511 2.000000 -2.649225
v 2.870768 -0.004759 -2.664342
v 2.870768 1.995241 -2.664342
v 2.870768 -0.004759 -2.564342
v 2.870768 1.995241 -2.564342
v 2.770768 -0.004759 -2.664342
v 2.770768 1.995241 -2.664342
v 2.770768 -0.004759 -2.564342
v 2.770768 1.995241 -2.564342
v 3.768244 -0.004759 -2.658651
v 3.768244 1.995241 -2.658651
v 3.768244 -0.004759 -2.558651
v 3.768244 1.995241 -2.558651
v 3.668244 -0.004759 -2.658651
v 3.668244 1.995241 -2.658651
v 3.668244 -0.004759 -2.558651
v 3.668244 1.995241 -2.558651
v 2.867787 0.003054 -1.752507
v 2.867787 1.003053 -1.752507
v 2.867787 0.003054 -1.652507
v 2.867787 1.003053 -1.652507
v 2.767787 0.003054 -1.752507
v 2.767787 1.003053 -1.752507
v 2.767787 0.003054 -1.652507
v 2.767787 1.003053 -1.652507
v 3.764431 0.008625 -1.753242
v 3.764431 1.008625 -1.753242
v 3.764431 0.008625 -1.653242
v 3.764431 1.008625 -1.653242
v 3.664431 0.008625 -1.753242
v 3.664431 1.008625 -1.753242
v 3.664431 0.008625 -1.653242
v 3.664431 1.008625 -1.653242
v 3.767511 0.945241 -2.653651
v 3.767511 1.045241 -2.653651
v 3.767511 0.945241 -1.653651
v 3.767511 1.045241 -1.653651
v 2.767511 0.945241 -2.653651
v 2.767511 1.045241 -2.653651
v 2.767511 0.945241 -1.653651
v 2.767511 1.045241 -1.653651
v 2.767511 1.000000 -6.339652
v 2.767511 1.000000 -6.239652
v 2.767511 2.000000 -6.339652
v 2.767511 2.000000 -6.239652
v 3.767511 1.000000 -6.339652
v 3.767511 1.000000 -6.239652
v 3.767511 2.000000 -6.339652
v 3.767511 2.000000 -6.239652
v 3.664254 -0.004759 -6.224534
v 3.664254 1.995241 -6.224534
v 3.664254 -0.004759 -6.324534
v 3.664254 1.995241 -6.324534
v 3.764254 -0.004759 -6.224534
v 3.764254 1.995241 -6.224534
v 3.764254 -0.004759 -6.324534
v 3.764254 1.995241 -6.324534
v 2.766778 -0.004759 -6.230226
v 2.766778 1.995241 -6.230226
v 2.766778 -0.004759 -6.330226
v 2.766778 1.995241 -6.330226
v 2.866778 -0.004759 -6.230226
v 2.866778 1.995241 -6.230226
v 2.866778 -0.004759 -6.330226
v 2.866778 1.995241 -6.330226
v 3.667235 0.003054 -7.136370
v 3.667235 1.003053 -7.136370
v 3.667235 0.003054 -7.236370
v 3.667235 1.003053 -7.236370
v 3.767235 0.003054 -7.136370
v 3.767235 1.003053 -7.136370
v 3.767235 0.003054 -7.236370
v 3.767235 1.003053 -7.236370
v 2.770591 0.008625 -7.135635
v 2.770591 1.008625 -7.135635
v 2.770591 0.008625 -7.235635
v 2.770591 1.008625 -7.235635
v 2.870590 0.008625 -7.135635
v 2.870590 1.008625 -7.135635
v 2.870590 0.008625 -7.235635
v 2.870590 1.008625 -7.235635
v 2.767511 0.945241 -6.235226
v 2.767511 1.045241 -6.235226
v 2.767511 0.945241 -7.235226
v 2.767511 1.045241 -7.235226
v 3.767511 0.945241 -6.235226
v 3.767511 1.045241 -6.235226
v 3.767511 0.945241 -7.235226
v 3.767511 1.045241 -7.235226
v 3.767511 1.000000 -12.027589
v 3.767511 1.000000 -12.127589
v 3.767511 2.000000 -12.027589
v 3.767511 2.000000 -12.127589
v 2.767511 1.000000 -12.027589
v 2.767511 1.000000 -12.127589
v 2.767511 2.000000 -12.027589
v 2.767511 2.000000 -12.127589
v 2.870768 -0.004759 -12.142706
v 2.870768 1.995241 -12.142706
v 2.870768 -0.004759 -12.042706
v 2.870768 1.995241 -12.042706
v 2.770768 -0.004759 -12.142706
v 2.770768 1.995241 -12.142706
v 2.770768 -0.004759 -12.042706
v 2.770768 1.995241 -12.042706
v 3.768244 -0.004759 -12.137014
v 3.768244 1.995241 -12.137014
v 3.768244 -0.004759 -12.037014
v 3.768244 1.995241 -12.037014
v 3.668244 -0.004759 -12.137014
v 3.668244 1.995241 -12.137014
v 3.668244 -0.004759 -12.037014
v 3.668244 1.995241 -12.037014
v 2.867787 0.003054 -11.230871
v 2.867787 1.003053 -11.230871
v 2.867787 0.003054 -11.130871
v 2.867787 1.003053 -11.130871
v 2.767787 0.003054 -11.230871
v 2.767787 1.003053 -11.230871
v 2.767787 0.003054 -11.130871
v 2.767787 1.003053 -11.130871
v 3.764431 0.008625 -11.231606
v 3.764431 1.008625 -11.231606
v 3.764431 0.008625 -11.131605
v 3.764431 1.008625 -11.131607
v 3.664431 0.008625 -11.231606
v 3.664431 1.008625 -11.231606
v 3.664431 0.008625 -11.131605
v 3.664431 1.008625 -11.131607
v 3.767511 0.945241 -12.132015
v 3.767511 1.045241 -12.132015
v 3.767511 0.945241 -11.132015
v 3.767511 1.045241 -11.132015
v 2.767511 0.945241 -12.132015
v 2.767511 1.045241 -12.132015
v 2.767511 0.945241 -11.132015
v 2.767511 1.045241 -11.132015
v 9.214086 1.000000 -12.027589
v 9.214086 1.000000 -12.127589
v 9.214086 2.000000 -12.027589
v 9.214086 2.000000 -12.127589
v 8.214086 1.000000 -12.027589
v 8.214086 1.000000 -12.127589
v 8.214086 2.000000 -12.027589
v 8.214086 2.000000 -12.127589
v 8.317343 -0.004759 -12.142706
v 8.317343 1.995241 -12.142706
v 8.317343 -0.004759 -12.042706
v 8.317343 1.995241 -12.042706
v 8.217342 -0.004759 -12.142706
v 8.217342 1.995241 -12.142706
v 8.217342 -0.004759 -12.042706
v 8.217342 1.995241 -12.042706
v 9.214819 -0.004759 -12.137014
v 9.214819 1.995241 -12.137014
v 9.214819 -0.004759 -12.037014
v 9.214819 1.995241 -12.037014
v 9.114819 -0.004759 -12.137014
v 9.114819 1.995241 -12.137014
v 9.114819 -0.004759 -12.037014
v 9.114819 1.995241 -12.037014
v 8.314362 0.003054 -11.230871
v 8.314362 1.003053 -11.230871
v 8.314362 0.003054 -11.130871
v 8.314362 1.003053 -11.130871
v 8.214361 0.003054 -11.230871
v 8.214361 1.003053 -11.230871
v 8.214361 0.003054 -11.130871
v 8.214361 1.003053 -11.130871
v 9.211006 0.008625 -11.231606
v 9.211006 1.008625 -11.231606
v 9.211006 0.008625 -11.131605
v 9.211006 1.008625 -11.131607
v 9.111006 0.008625 -11.231606
v 9.111006 1.008625 -11.231606
v 9.111006 0.008625 -11.131605
v 9.111006 1.008625 -11.131607
v 9.214086 0.945241 -12.132015
v 9.214086 1.045241 -12.132015
v 9.214086 0.945241 -11.132015
v 9.214086 1.045241 -11.132015
v 8.214086 0.945241 -12.132015
v 8.214086 1.045241 -12.132015
v 8.214086 0.945241 -11.132015
v 8.214086 1.045241 -11.132015
v 8.214086 1.000000 -6.339652
v 8.214086 1.000000 -6.239652
v 8.214086 2.000000 -6.339652
v 8.214086 2.000000 -6.239652
v 9.214086 1.000000 -6.339652
v 9.214086 1.000000 -6.239652
v 9.214086 2.000000 -6.339652
v 9.214086 2.000000 -6.239652
v 9.110828 -0.004759 -6.224534
v 9.110828 1.995241 -6.224534
v 9.110828 -0.004759 -6.324534
v 9.110828 1.995241 -6.324534
v 9.210829 -0.004759 -6.224534
v 9.210829 1.995241 -6.224534
v 9.210829 -0.004759 -6.324534
v 9.210829 1.995241 -6.324534
v 8.213352 -0.004759 -6.230226
v 8.213352 1.995241 -6.230226
v 8.213352 -0.004759 -6.330226
v 8.213352 1.995241 -6.330226
v 8.313353 -0.004759 -6.230226
v 8.313353 1.995241 -6.230226
v 8.313353 -0.004759 -6.330226
v 8.313353 1.995241 -6.330226
v 9.113810 0.003054 -7.136370
v 9.113810 1.003053 -7.136370
v 9.113810 0.003054 -7.236370
v 9.113810 1.003053 -7.236370
v 9.213810 0.003054 -7.136370
v 9.213810 1.003053 -7.136370
v 9.213810 0.003054 -7.236370
v 9.213810 1.003053 -7.236370
v 8.217165 0.008625 -7.135635
v 8.217165 1.008625 -7.135635
v 8.217165 0.008625 -7.235635
v 8.217165 1.008625 -7.235635
v 8.317165 0.008625 -7.135635
v 8.317165 1.008625 -7.135635
v 8.317165 0.008625 -7.235635
v 8.317165 1.008625 -7.235635
v 8.214086 0.945241 -6.235226
v 8.214086 1.045241 -6.235226
v 8.214086 0.945241 -7.235226
v 8.214086 1.045241 -7.235226
v 9.214086 0.945241 -6.235226
v 9.214086 1.045241 -6.235226
v 9.214086 0.945241 -7.235226
v 9.214086 1.045241 -7.235226
v 14.130041 1.000000 -12.027589
v 14.130041 1.000000 -12.127589
v 14.130041 2.000000 -12.027589
v 14.130041 2.000000 -12.127589
v 13.130041 1.000000 -12.027589
v 13.130041 1.000000 -12.127589
v 13.130041 2.000000 -12.027589
v 13.130041 2.000000 -12.127589
v 13.233297 -0.004759 -12.142706
v 13.233297 1.995241 -12.142706
v 13.233297 -0.004759 -12.042706
v 13.233297 1.995241 -12.042706
v 13.133297 -0.004759 -12.142706
v 13.133297 1.995241 -12.142706
v 13.133297 -0.004759 -12.042706
v 13.133297 1.995241 -12.042706
v 14.130774 -0.004759 -12.137014
v 14.130774 1.995241 -12.137014
v 14.130774 -0.004759 -12.037014
v 14.130774 1.995241 -12.037014
v 14.030773 -0.004759 -12.137014
v 14.030773 1.995241 -12.137014
v 14.030773 -0.004759 -12.037014
v 14.030773 1.995241 -12.037014
v 13.230316 0.003054 -11.230871
v 13.230316 1.003053 -11.230871
v 13.230316 0.003054 -11.130871
v 13.230316 1.003053 -11.130871
v 13.130316 0.003054 -11.230871
v 13.130316 1.003053 -11.230871
v 13.130316 0.003054 -11.130871
v 13.130316 1.003053 -11.130871
v 14.126961 0.008625 -11.231606
v 14.126961 1.008625 -11.231606
v 14.126961 0.008625 -11.131605
v 14.126961 1.008625 -11.131607
v 14.026960 0.008625 -11.231606
v 14.026960 1.008625 -11.231606
v 14.026960 0.008625 -11.131605
v 14.026960 1.008625 -11.131607
v 14.130041 0.945241 -12.132015
v 14.130041 1.045241 -12.132015
v 14.130041 0.945241 -11.132015
v 14.130041 1.045241 -11.132015
v 13.130041 0.945241 -12.132015
v 13.130041 1.045241 -12.132015
v 13.130041 0.945241 -11.132015
v 13.130041 1.045241 -11.132015
v 13.130041 1.000000 -6.339652
v 13.130041 1.000000 -6.239652
v 13.130041 2.000000 -6.339652
v 13.130041 2.000000 -6.239652
v 14.130041 1.000000 -6.339652
v 14.130041 1.000000 -6.239652
v 14.130041 2.000000 -6.339652
v 14.130041 2.000000 -6.239652
v 14.026783 -0.004759 -6.224534
v 14.026783 1.995241 -6.224534
v 14.026783 -0.004759 -6.324534
v 14.026783 1.995241 -6.324534
v 14.126783 -0.004759 -6.224534
v 14.126783 1.995241 -6.224534
v 14.126783 -0.004759 -6.324534
v 14.126783 1.995241 -6.324534
v 13.129307 -0.004759 -6.230226
v 13.129307 1.995241 -6.230226
v 13.129307 -0.004759 -6.330226
v 13.129307 1.995241 -6.330226
v 13.229307 -0.004759 -6.230226
v 13.229307 1.995241 -6.230226
v 13.229307 -0.004759 -6.330226
v 13.229307 1.995241 -6.330226
v 14.029764 0.003054 -7.136370
v 14.029764 1.003053 -7.136370
v 14.029764 0.003054 -7.236370
v 14.029764 1.003053 -7.236370
v 14.129765 0.003054 -7.136370
v 14.129765 1.003053 -7.136370
v 14.129765 0.003054 -7.236370
v 14.129765 1.003053 -7.236370
v 13.133120 0.008625 -7.135635
v 13.133120 1.008625 -7.135635
v 13.133120 0.008625 -7.235635
v 13.133120 1.008625 -7.235635
v 13.233120 0.008625 -7.135635
v 13.233120 1.008625 -7.135635
v 13.233120 0.008625 -7.235635
v 13.233120 1.008625 -7.235635
v 13.130041 0.945241 -6.235226
v 13.130041 1.045241 -6.235226
v 13.130041 0.945241 -7.235226
v 13.130041 1.045241 -7.235226
v 14.130041 0.945241 -6.235226
v 14.130041 1.045241 -6.235226
v 14.130041 0.945241 -7.235226
v 14.130041 1.045241 -7.235226
vn -1.0000 -0.0000 -0.0000
vn -0.0000 1.0000 -0.0000
vn 1.0000 -0.0000 -0.0000
vn -0.0000 -1.0000 -0.0000
vn -0.0000 -0.0000 -1.0000
vn -0.0000 -0.0000 1.0000
vt 0.180464 0.722455
vt 0.167498 0.735421
vt 0.167498 0.722455
vt 0.180464 0.735421
vt 0.167498 0.748388
vt 0.180464 0.748388
vt 0.167498 0.761354
vt 0.180464 0.761354
vt 0.167498 0.774320
vt 0.154531 0.761354
vt 0.154531 0.748388
vt 0.193430 0.748388
vt 0.874126 0.877551
vt 0.887093 0.903484
vt 0.874126 0.903484
vt 0.887093 0.877551
vt 0.888389 0.903484
vt 0.901355 0.877551
vt 0.901355 0.903484
vt 0.902652 0.903484
vt 0.901355 0.904781
vt 0.888389 0.904781
vt 0.888389 0.876255
vt 0.888389 0.877551
vt 0.320167 0.910134
vt 0.307201 0.884201
vt 0.320167 0.884201
vt 0.307201 0.910134
vt 0.305904 0.884201
vt 0.292938 0.910134
vt 0.292938 0.884201
vt 0.291641 0.884201
vt 0.292938 0.882905
vt 0.305904 0.882905
vt 0.305904 0.911430
vt 0.305904 0.910134
vt 0.446738 0.951460
vt 0.433771 0.964426
vt 0.433771 0.951460
vt 0.446738 0.964426
vt 0.433771 0.965722
vt 0.446738 0.965722
vt 0.433771 0.978689
vt 0.446738 0.978689
vt 0.433771 0.979985
vt 0.432475 0.978689
vt 0.432475 0.965722
vt 0.448034 0.965722
vt 0.391149 0.951460
vt 0.378183 0.964426
vt 0.378183 0.951460
vt 0.391149 0.964426
vt 0.378183 0.965722
vt 0.391149 0.965722
vt 0.378183 0.978689
vt 0.391149 0.978689
vt 0.378183 0.979985
vt 0.376886 0.978689
vt 0.376886 0.965722
vt 0.392446 0.965722
vt 0.726643 0.630560
vt 0.727940 0.500897
vt 0.727940 0.630560
vt 0.726643 0.500897
vt 0.727940 0.487931
vt 0.726643 0.487931
vt 0.727940 0.358268
vt 0.726643 0.358268
vt 0.727940 0.345302
vt 0.740906 0.358268
vt 0.740906 0.487931
vt 0.713677 0.487931
vt 0.045947 0.020015
vt 0.047244 0.279340
vt 0.045947 0.279340
vt 0.045947 0.305273
vt 0.047244 0.305273
vt 0.045947 0.564599
vt 0.047244 0.564599
vt 0.045947 0.590531
vt 0.020015 0.564599
vt 0.020015 0.305273
vt 0.073176 0.305273
vt 0.250315 0.814350
vt 0.224383 0.827316
vt 0.224383 0.814350
vt 0.250315 0.827316
vt 0.224383 0.828613
vt 0.250315 0.841579
vt 0.224383 0.841579
vt 0.224383 0.842875
vt 0.223086 0.841579
vt 0.223086 0.828613
vt 0.251612 0.828613
vt 0.250315 0.828613
vt 0.232329 0.020015
vt 0.233626 0.279340
vt 0.232329 0.279340
vt 0.232329 0.305273
vt 0.233626 0.305273
vt 0.232329 0.564599
vt 0.233626 0.564599
vt 0.232329 0.590531
vt 0.206396 0.564599
vt 0.206396 0.305273
vt 0.259558 0.305273
vt 0.607686 0.858268
vt 0.594720 0.832336
vt 0.607686 0.832336
vt 0.594720 0.858268
vt 0.593423 0.832336
vt 0.580457 0.858268
vt 0.580457 0.832336
vt 0.579160 0.832336
vt 0.580457 0.831039
vt 0.593423 0.831039
vt 0.593423 0.859565
vt 0.593423 0.858268
vt 0.139138 0.020015
vt 0.140435 0.279340
vt 0.139138 0.279340
vt 0.139138 0.305273
vt 0.140435 0.305273
vt 0.139138 0.564599
vt 0.140435 0.564599
vt 0.139138 0.590531
vt 0.113206 0.564599
vt 0.113206 0.305273
vt 0.166367 0.305273
vt 0.524535 0.814349
vt 0.498603 0.827316
vt 0.498603 0.814350
vt 0.524535 0.827316
vt 0.498603 0.828612
vt 0.524535 0.841579
vt 0.498603 0.841579
vt 0.498603 0.842875
vt 0.497306 0.841579
vt 0.497306 0.828612
vt 0.525832 0.828612
vt 0.524535 0.828612
vt 0.325520 0.590531
vt 0.326817 0.331205
vt 0.326817 0.590531
vt 0.325520 0.331205
vt 0.326817 0.305273
vt 0.325520 0.305273
vt 0.326817 0.045947
vt 0.325520 0.045947
vt 0.326817 0.020015
vt 0.352749 0.045947
vt 0.352749 0.305273
vt 0.299587 0.305273
vt 0.805571 0.877552
vt 0.818538 0.903484
vt 0.805571 0.903484
vt 0.818538 0.877552
vt 0.819834 0.903484
vt 0.819834 0.877552
vt 0.832801 0.903484
vt 0.832801 0.877552
vt 0.834097 0.903484
vt 0.832801 0.904781
vt 0.819834 0.904781
vt 0.819834 0.876255
vt 0.513198 0.020015
vt 0.511902 0.279340
vt 0.511902 0.020015
vt 0.513198 0.279340
vt 0.511902 0.305273
vt 0.513198 0.305273
vt 0.511902 0.564599
vt 0.513198 0.564599
vt 0.511902 0.590531
vt 0.485969 0.564599
vt 0.485969 0.305273
vt 0.539131 0.305273
vt 0.455980 0.882904
vt 0.430048 0.895871
vt 0.430048 0.882904
vt 0.455980 0.895871
vt 0.430048 0.897167
vt 0.455980 0.897167
vt 0.430048 0.910134
vt 0.455980 0.910134
vt 0.430048 0.911430
vt 0.428751 0.910134
vt 0.428751 0.897167
vt 0.457277 0.897167
vt 0.418711 0.590531
vt 0.420007 0.331205
vt 0.420007 0.590531
vt 0.418711 0.331205
vt 0.420007 0.305273
vt 0.418711 0.305273
vt 0.420007 0.045947
vt 0.418711 0.045947
vt 0.420007 0.020015
vt 0.445940 0.045947
vt 0.445940 0.305273
vt 0.392778 0.305273
vt 0.524535 0.882904
vt 0.498603 0.895871
vt 0.498603 0.882904
vt 0.524535 0.895871
vt 0.498603 0.897167
vt 0.524535 0.897167
vt 0.498603 0.910134
vt 0.524535 0.910134
vt 0.498603 0.911430
vt 0.497306 0.910134
vt 0.497306 0.897167
vt 0.525832 0.897167
vt 0.405745 0.682425
vt 0.418711 0.669459
vt 0.418711 0.682425
vt 0.405745 0.669459
vt 0.418711 0.656493
vt 0.405745 0.656493
vt 0.418711 0.643526
vt 0.405745 0.643526
vt 0.418711 0.630560
vt 0.431677 0.643526
vt 0.431677 0.656493
vt 0.392778 0.656493
vt 0.676241 0.858268
vt 0.663275 0.832336
vt 0.676241 0.832336
vt 0.663275 0.858268
vt 0.661978 0.832336
vt 0.649012 0.858268
vt 0.649012 0.832336
vt 0.647715 0.832336
vt 0.649012 0.831039
vt 0.661978 0.831039
vt 0.661978 0.859565
vt 0.661978 0.858268
vt 0.737016 0.877552
vt 0.749982 0.903484
vt 0.737016 0.903484
vt 0.749982 0.877552
vt 0.751279 0.903484
vt 0.764245 0.877552
vt 0.764245 0.903484
vt 0.765542 0.903484
vt 0.764245 0.904781
vt 0.751279 0.904781
vt 0.751279 0.876255
vt 0.751279 0.877552
vt 0.929715 0.499900
vt 0.916749 0.512867
vt 0.916749 0.499900
vt 0.929715 0.512867
vt 0.916749 0.514163
vt 0.929715 0.514163
vt 0.916749 0.527130
vt 0.929715 0.527130
vt 0.916749 0.528426
vt 0.915452 0.527130
vt 0.915452 0.514163
vt 0.931011 0.514163
vt 0.929715 0.568455
vt 0.916749 0.581422
vt 0.916749 0.568455
vt 0.929715 0.581422
vt 0.916749 0.582718
vt 0.929715 0.582718
vt 0.916749 0.595685
vt 0.929715 0.595685
vt 0.916749 0.596981
vt 0.915452 0.595685
vt 0.915452 0.582718
vt 0.931011 0.582718
vt 0.592126 0.345302
vt 0.593423 0.474965
vt 0.592126 0.474965
vt 0.592126 0.487931
vt 0.593423 0.487931
vt 0.592126 0.617594
vt 0.593423 0.617594
vt 0.592126 0.630560
vt 0.579160 0.617594
vt 0.579160 0.487931
vt 0.606389 0.487931
vt 0.592126 0.722455
vt 0.605093 0.709488
vt 0.605093 0.722455
vt 0.592126 0.709488
vt 0.605093 0.696522
vt 0.592126 0.696522
vt 0.605093 0.683556
vt 0.592126 0.683556
vt 0.605093 0.670590
vt 0.618059 0.683556
vt 0.618059 0.696522
vt 0.579160 0.696522
vt 0.154531 0.884201
vt 0.167498 0.910134
vt 0.154531 0.910134
vt 0.167498 0.884201
vt 0.168794 0.910134
vt 0.168794 0.884201
vt 0.181761 0.910134
vt 0.181761 0.884201
vt 0.183057 0.910134
vt 0.181761 0.911430
vt 0.168794 0.911430
vt 0.168794 0.882905
vt 0.223086 0.884201
vt 0.236053 0.910134
vt 0.223086 0.910134
vt 0.236053 0.884201
vt 0.237349 0.910134
vt 0.237349 0.884201
vt 0.250316 0.910134
vt 0.250316 0.884201
vt 0.251612 0.910134
vt 0.250316 0.911430
vt 0.237349 0.911430
vt 0.237349 0.882905
vt 0.929715 0.362790
vt 0.916749 0.375757
vt 0.916749 0.362790
vt 0.929715 0.375757
vt 0.916749 0.377053
vt 0.929715 0.377053
vt 0.916749 0.390020
vt 0.929715 0.390020
vt 0.916749 0.391316
vt 0.915452 0.390020
vt 0.915452 0.377053
vt 0.931011 0.377053
vt 0.956944 0.670590
vt 0.943978 0.683556
vt 0.943978 0.670590
vt 0.956944 0.683556
vt 0.943978 0.684852
vt 0.956944 0.684852
vt 0.943978 0.697819
vt 0.956944 0.697819
vt 0.943978 0.699115
vt 0.942681 0.697819
vt 0.942681 0.684852
vt 0.958241 0.684852
vt 0.659385 0.305273
vt 0.660681 0.175610
vt 0.660681 0.305273
vt 0.659385 0.175610
vt 0.660681 0.162644
vt 0.659385 0.162644
vt 0.660681 0.032981
vt 0.659385 0.032981
vt 0.660681 0.020015
vt 0.673648 0.162644
vt 0.673648 0.032981
vt 0.646418 0.162644
vt 0.246426 0.774320
vt 0.259392 0.761354
vt 0.259392 0.774320
vt 0.246426 0.761354
vt 0.259392 0.748388
vt 0.246426 0.748388
vt 0.259392 0.735421
vt 0.246426 0.735421
vt 0.259392 0.722455
vt 0.272358 0.735421
vt 0.272358 0.748388
vt 0.233459 0.748388
vt 0.902652 0.697819
vt 0.889686 0.671886
vt 0.902652 0.671886
vt 0.889686 0.697819
vt 0.888389 0.671886
vt 0.875423 0.697819
vt 0.875423 0.671886
vt 0.874126 0.671886
vt 0.875423 0.670589
vt 0.888389 0.670590
vt 0.888389 0.699115
vt 0.888389 0.697819
vt 0.902652 0.766374
vt 0.889686 0.740441
vt 0.902652 0.740441
vt 0.889686 0.766374
vt 0.888389 0.740441
vt 0.875423 0.766374
vt 0.875423 0.740441
vt 0.874126 0.740441
vt 0.875423 0.739145
vt 0.888389 0.739145
vt 0.888389 0.767671
vt 0.888389 0.766374
vt 0.862457 0.944810
vt 0.849490 0.957776
vt 0.849490 0.944810
vt 0.862457 0.957776
vt 0.849490 0.959073
vt 0.862457 0.959073
vt 0.849490 0.972039
vt 0.862457 0.972039
vt 0.849490 0.973336
vt 0.848194 0.972039
vt 0.848194 0.959073
vt 0.863753 0.959073
vt 0.918045 0.944810
vt 0.905079 0.957776
vt 0.905079 0.944810
vt 0.918045 0.957776
vt 0.905079 0.959073
vt 0.918045 0.959073
vt 0.905079 0.972039
vt 0.918045 0.972039
vt 0.905079 0.973336
vt 0.903782 0.972039
vt 0.903782 0.959073
vt 0.919342 0.959073
vt 0.032981 0.630560
vt 0.034277 0.760223
vt 0.032981 0.760223
vt 0.032981 0.773189
vt 0.034277 0.773189
vt 0.032981 0.902852
vt 0.034277 0.902852
vt 0.032981 0.915819
vt 0.020015 0.902852
vt 0.020015 0.773189
vt 0.047244 0.773189
vt 0.497639 0.630560
vt 0.484673 0.643526
vt 0.484673 0.630560
vt 0.497639 0.643526
vt 0.484673 0.656493
vt 0.497639 0.656493
vt 0.484673 0.669459
vt 0.497639 0.669459
vt 0.484673 0.682425
vt 0.471706 0.669459
vt 0.471706 0.656493
vt 0.510605 0.656493
vt 0.360196 0.884201
vt 0.373162 0.910134
vt 0.360196 0.910134
vt 0.373162 0.884201
vt 0.374459 0.910134
vt 0.374459 0.884201
vt 0.387425 0.910134
vt 0.387425 0.884201
vt 0.388722 0.910134
vt 0.387425 0.911430
vt 0.374459 0.911430
vt 0.374459 0.882905
vt 0.291641 0.815646
vt 0.304607 0.841579
vt 0.291641 0.841579
vt 0.304607 0.815646
vt 0.305904 0.841579
vt 0.305904 0.815646
vt 0.318870 0.841579
vt 0.318870 0.815646
vt 0.320167 0.841579
vt 0.318870 0.842875
vt 0.305904 0.842875
vt 0.305904 0.814350
vt 0.929715 0.431345
vt 0.916749 0.444312
vt 0.916749 0.431345
vt 0.929715 0.444312
vt 0.916749 0.445608
vt 0.929715 0.445608
vt 0.916749 0.458575
vt 0.929715 0.458575
vt 0.916749 0.459871
vt 0.915452 0.458575
vt 0.915452 0.445608
vt 0.931011 0.445608
vt 0.279972 0.951460
vt 0.267005 0.964426
vt 0.267005 0.951460
vt 0.279972 0.964426
vt 0.267005 0.965722
vt 0.279972 0.965722
vt 0.267005 0.978689
vt 0.279972 0.978689
vt 0.267005 0.979985
vt 0.265709 0.978689
vt 0.265709 0.965722
vt 0.281268 0.965722
vt 0.100239 0.915819
vt 0.101536 0.786156
vt 0.101536 0.915819
vt 0.100239 0.786156
vt 0.101536 0.773190
vt 0.100239 0.773190
vt 0.101536 0.643527
vt 0.100239 0.643527
vt 0.101536 0.630560
vt 0.114502 0.773189
vt 0.114502 0.643527
vt 0.087273 0.773189
vt 0.671054 0.722455
vt 0.684021 0.709488
vt 0.684021 0.722455
vt 0.671054 0.709488
vt 0.684021 0.696522
vt 0.671054 0.696522
vt 0.684021 0.683556
vt 0.671054 0.683556
vt 0.684021 0.670590
vt 0.696987 0.683556
vt 0.696987 0.696522
vt 0.658088 0.696522
vt 0.361493 0.842875
vt 0.387425 0.829909
vt 0.387425 0.842875
vt 0.361493 0.829909
vt 0.387425 0.828612
vt 0.361493 0.828612
vt 0.387425 0.815646
vt 0.361493 0.815646
vt 0.387425 0.814349
vt 0.388722 0.815646
vt 0.388722 0.828612
vt 0.360196 0.828612
vt 0.455980 0.814350
vt 0.430048 0.827316
vt 0.430048 0.814350
vt 0.455980 0.827316
vt 0.430048 0.828613
vt 0.455980 0.828613
vt 0.430048 0.841579
vt 0.455980 0.841579
vt 0.430048 0.842875
vt 0.428751 0.841579
vt 0.428751 0.828613
vt 0.457277 0.828613
vt 0.973634 0.944810
vt 0.960668 0.957776
vt 0.960668 0.944810
vt 0.973634 0.957776
vt 0.960668 0.959073
vt 0.973634 0.959073
vt 0.960668 0.972039
vt 0.973634 0.972039
vt 0.960668 0.973336
vt 0.959371 0.972039
vt 0.959371 0.959073
vt 0.974930 0.959073
vt 0.929715 0.294235
vt 0.916749 0.307202
vt 0.916749 0.294235
vt 0.929715 0.307202
vt 0.916749 0.308498
vt 0.929715 0.308498
vt 0.916749 0.321465
vt 0.929715 0.321465
vt 0.916749 0.322761
vt 0.915452 0.321465
vt 0.915452 0.308498
vt 0.931011 0.308498
vt 0.593423 0.020015
vt 0.592126 0.149677
vt 0.592126 0.020015
vt 0.593423 0.149678
vt 0.592126 0.162644
vt 0.593423 0.162644
vt 0.592126 0.292307
vt 0.593423 0.292307
vt 0.592126 0.305273
vt 0.579160 0.162644
vt 0.579160 0.292307
vt 0.606389 0.162644
vt 0.484673 0.774320
vt 0.497639 0.761353
vt 0.497639 0.774320
vt 0.484673 0.761353
vt 0.497639 0.748387
vt 0.484673 0.748387
vt 0.497639 0.735421
vt 0.484673 0.735421
vt 0.497639 0.722454
vt 0.510605 0.735421
vt 0.510605 0.748387
vt 0.471706 0.748387
vt 0.874126 0.808996
vt 0.887092 0.834929
vt 0.874126 0.834929
vt 0.887092 0.808996
vt 0.888389 0.834929
vt 0.888389 0.808996
vt 0.901355 0.834929
vt 0.901355 0.808996
vt 0.902652 0.834929
vt 0.901355 0.836226
vt 0.888389 0.836226
vt 0.888389 0.807700
vt 0.674944 0.762484
vt 0.649012 0.775450
vt 0.649012 0.762484
vt 0.674944 0.775450
vt 0.649012 0.776747
vt 0.674944 0.776747
vt 0.649012 0.789713
vt 0.674944 0.789713
vt 0.649012 0.791010
vt 0.647715 0.789713
vt 0.647715 0.776747
vt 0.676241 0.776747
vt 0.929715 0.225680
vt 0.916748 0.238646
vt 0.916748 0.225680
vt 0.929715 0.238646
vt 0.916748 0.239943
vt 0.929715 0.239943
vt 0.916748 0.252909
vt 0.929715 0.252909
vt 0.916748 0.254206
vt 0.915452 0.252909
vt 0.915452 0.239943
vt 0.931011 0.239943
vt 0.224383 0.951460
vt 0.211417 0.964426
vt 0.211417 0.951460
vt 0.224383 0.964426
vt 0.211417 0.965722
vt 0.224383 0.965722
vt 0.211417 0.978689
vt 0.224383 0.978689
vt 0.211417 0.979985
vt 0.210120 0.978689
vt 0.210120 0.965722
vt 0.225680 0.965722
vt 0.659385 0.345302
vt 0.660681 0.474965
vt 0.659385 0.474965
vt 0.659385 0.487931
vt 0.660681 0.487931
vt 0.659385 0.617594
vt 0.660681 0.617594
vt 0.659385 0.630560
vt 0.646419 0.617594
vt 0.646419 0.487931
vt 0.673648 0.487931
vt 0.418711 0.722454
vt 0.405745 0.735421
vt 0.405745 0.722454
vt 0.418711 0.735421
vt 0.405745 0.748387
vt 0.418711 0.748387
vt 0.405745 0.761353
vt 0.418711 0.761353
vt 0.405745 0.774320
vt 0.392778 0.761353
vt 0.392778 0.748387
vt 0.431677 0.748387
vt 0.805571 0.671886
vt 0.818537 0.697819
vt 0.805571 0.697819
vt 0.818537 0.671886
vt 0.819834 0.697818
vt 0.819834 0.671886
vt 0.832800 0.697819
vt 0.832800 0.671886
vt 0.834097 0.697819
vt 0.832800 0.699115
vt 0.819834 0.699115
vt 0.819834 0.670589
vt 0.737016 0.671886
vt 0.749983 0.697819
vt 0.737016 0.697819
vt 0.749982 0.671886
vt 0.751279 0.697819
vt 0.751279 0.671886
vt 0.764245 0.697819
vt 0.764245 0.671886
vt 0.765542 0.697819
vt 0.764246 0.699116
vt 0.751279 0.699116
vt 0.751279 0.670590
vt 0.322594 0.979985
vt 0.335560 0.967019
vt 0.335560 0.979985
vt 0.322594 0.967019
vt 0.335560 0.965722
vt 0.322594 0.965722
vt 0.335560 0.952756
vt 0.322594 0.952756
vt 0.335560 0.951460
vt 0.336857 0.952756
vt 0.336857 0.965722
vt 0.321297 0.965722
vt 0.916749 0.088570
vt 0.929715 0.101536
vt 0.916749 0.101536
vt 0.916749 0.102833
vt 0.929715 0.102833
vt 0.916749 0.115799
vt 0.929715 0.115799
vt 0.916749 0.117095
vt 0.915452 0.115799
vt 0.915452 0.102833
vt 0.931011 0.102833
vt 0.727940 0.020015
vt 0.726643 0.149677
vt 0.726643 0.020015
vt 0.727940 0.149677
vt 0.726643 0.162644
vt 0.727940 0.162644
vt 0.726643 0.292307
vt 0.727940 0.292307
vt 0.726643 0.305273
vt 0.713677 0.292307
vt 0.713677 0.162644
vt 0.740906 0.162644
vt 0.338320 0.630560
vt 0.325354 0.643527
vt 0.325354 0.630560
vt 0.338320 0.643527
vt 0.325354 0.656493
vt 0.338320 0.656493
vt 0.325354 0.669459
vt 0.338320 0.669459
vt 0.325354 0.682426
vt 0.312388 0.669459
vt 0.312388 0.656493
vt 0.351287 0.656493
vt 0.764245 0.739145
vt 0.738313 0.752111
vt 0.738313 0.739145
vt 0.764245 0.752111
vt 0.738313 0.753408
vt 0.764245 0.753408
vt 0.738313 0.766374
vt 0.764245 0.766374
vt 0.738313 0.767671
vt 0.737016 0.766374
vt 0.737016 0.753408
vt 0.765542 0.753408
vt 0.805571 0.808996
vt 0.818537 0.834929
vt 0.805571 0.834929
vt 0.818537 0.808997
vt 0.819834 0.834929
vt 0.819834 0.808997
vt 0.832800 0.834929
vt 0.832800 0.808996
vt 0.834097 0.834929
vt 0.832800 0.836226
vt 0.819834 0.836226
vt 0.819834 0.807700
vt 0.168794 0.951460
vt 0.155828 0.964426
vt 0.155828 0.951460
vt 0.168794 0.964426
vt 0.155828 0.965722
vt 0.168794 0.965722
vt 0.155828 0.978689
vt 0.168794 0.978689
vt 0.155828 0.979985
vt 0.154531 0.978689
vt 0.154531 0.965722
vt 0.170091 0.965722
vt 0.916749 0.157125
vt 0.929715 0.170092
vt 0.916749 0.170091
vt 0.916749 0.171388
vt 0.929715 0.171388
vt 0.916749 0.184354
vt 0.929715 0.184354
vt 0.916749 0.185651
vt 0.915452 0.184354
vt 0.915452 0.171388
vt 0.931011 0.171388
vt 0.795198 0.020015
vt 0.793902 0.149677
vt 0.793902 0.020015
vt 0.795198 0.149677
vt 0.793902 0.162644
vt 0.795198 0.162644
vt 0.793902 0.292307
vt 0.795198 0.292307
vt 0.793902 0.305273
vt 0.780935 0.292307
vt 0.780935 0.162644
vt 0.808164 0.162644
vt 0.246426 0.682426
vt 0.259392 0.669460
vt 0.259392 0.682426
vt 0.246426 0.669459
vt 0.259392 0.656493
vt 0.246426 0.656493
vt 0.259392 0.643527
vt 0.246426 0.643527
vt 0.259392 0.630560
vt 0.272358 0.643527
vt 0.272358 0.656493
vt 0.233460 0.656493
vt 0.832800 0.739145
vt 0.806868 0.752111
vt 0.806868 0.739145
vt 0.832800 0.752111
vt 0.806868 0.753408
vt 0.832800 0.753408
vt 0.806868 0.766374
vt 0.832800 0.766374
vt 0.806868 0.767671
vt 0.805571 0.766374
vt 0.805571 0.753408
vt 0.834097 0.753408
vt 0.606389 0.899594
vt 0.580457 0.912560
vt 0.580457 0.899594
vt 0.606389 0.912560
vt 0.580457 0.913857
vt 0.606389 0.913857
vt 0.580457 0.926823
vt 0.606389 0.926823
vt 0.580457 0.928120
vt 0.579160 0.926823
vt 0.579160 0.913857
vt 0.607686 0.913857
vt 0.956944 0.739145
vt 0.943978 0.752111
vt 0.943978 0.739145
vt 0.956944 0.752111
vt 0.943978 0.753408
vt 0.956944 0.753408
vt 0.943978 0.766374
vt 0.956944 0.766374
vt 0.943978 0.767671
vt 0.942681 0.766374
vt 0.942681 0.753408
vt 0.958241 0.753408
vt 0.956944 0.807700
vt 0.943977 0.820666
vt 0.943977 0.807700
vt 0.956944 0.820666
vt 0.943977 0.821963
vt 0.956944 0.821963
vt 0.943977 0.834929
vt 0.956944 0.834929
vt 0.943977 0.836226
vt 0.942681 0.834929
vt 0.942681 0.821963
vt 0.958240 0.821963
vt 0.795198 0.630560
vt 0.793902 0.500897
vt 0.795198 0.500897
vt 0.795198 0.487931
vt 0.793902 0.487931
vt 0.795198 0.358268
vt 0.793902 0.358268
vt 0.795198 0.345302
vt 0.808164 0.358268
vt 0.808164 0.487931
vt 0.780935 0.487931
vt 0.180464 0.630561
vt 0.167498 0.643526
vt 0.167498 0.630560
vt 0.180464 0.643526
vt 0.167498 0.656493
vt 0.180464 0.656493
vt 0.167498 0.669459
vt 0.180464 0.669459
vt 0.167498 0.682426
vt 0.154532 0.669459
vt 0.154531 0.656493
vt 0.193430 0.656493
vt 0.606389 0.762484
vt 0.580457 0.775450
vt 0.580457 0.762484
vt 0.606389 0.775450
vt 0.580457 0.776747
vt 0.606389 0.776747
vt 0.580457 0.789713
vt 0.606389 0.789713
vt 0.580457 0.791010
vt 0.579160 0.789713
vt 0.579160 0.776747
vt 0.607686 0.776747
vt 0.154531 0.815646
vt 0.167497 0.841579
vt 0.154531 0.841579
vt 0.167497 0.815646
vt 0.168794 0.841579
vt 0.168794 0.815646
vt 0.181760 0.841579
vt 0.181760 0.815646
vt 0.183057 0.841579
vt 0.181760 0.842875
vt 0.168794 0.842875
vt 0.168794 0.814350
vt 0.806868 0.944810
vt 0.793902 0.957776
vt 0.793902 0.944810
vt 0.806868 0.957776
vt 0.793902 0.959073
vt 0.806868 0.959073
vt 0.793902 0.972039
vt 0.806868 0.972039
vt 0.793902 0.973336
vt 0.792605 0.972039
vt 0.792605 0.959073
vt 0.808164 0.959073
vt 0.916749 0.020015
vt 0.929715 0.032981
vt 0.916749 0.032981
vt 0.916749 0.034278
vt 0.929715 0.034278
vt 0.916749 0.047244
vt 0.929715 0.047244
vt 0.916749 0.048541
vt 0.915452 0.047244
vt 0.915452 0.034278
vt 0.931011 0.034278
vt 0.862457 0.020015
vt 0.861160 0.149677
vt 0.861160 0.020015
vt 0.862457 0.149677
vt 0.861160 0.162644
vt 0.862457 0.162644
vt 0.861160 0.292307
vt 0.862457 0.292307
vt 0.861160 0.305273
vt 0.848194 0.292307
vt 0.848194 0.162644
vt 0.875423 0.162644
vt 0.325354 0.774320
vt 0.338320 0.761354
vt 0.338320 0.774320
vt 0.325354 0.761353
vt 0.338320 0.748387
vt 0.325354 0.748387
vt 0.338320 0.735421
vt 0.325354 0.735421
vt 0.338320 0.722455
vt 0.351287 0.735421
vt 0.351287 0.748387
vt 0.312388 0.748387
vt 0.764245 0.807700
vt 0.738313 0.820666
vt 0.738313 0.807700
vt 0.764245 0.820666
vt 0.738313 0.821963
vt 0.764245 0.821963
vt 0.738313 0.834929
vt 0.764245 0.834929
vt 0.738313 0.836226
vt 0.737016 0.834929
vt 0.737016 0.821963
vt 0.765542 0.821963
vt 0.674944 0.899594
vt 0.649012 0.912560
vt 0.649012 0.899594
vt 0.674944 0.912560
vt 0.649012 0.913857
vt 0.674944 0.913857
vt 0.649012 0.926823
vt 0.674944 0.926823
vt 0.649012 0.928120
vt 0.647715 0.926823
vt 0.647715 0.913857
vt 0.676241 0.913857
vt 0.956944 0.876255
vt 0.943978 0.889221
vt 0.943978 0.876255
vt 0.956944 0.889221
vt 0.943978 0.890518
vt 0.956944 0.890518
vt 0.943978 0.903484
vt 0.956944 0.903484
vt 0.943978 0.904781
vt 0.942681 0.903484
vt 0.942681 0.890518
vt 0.958241 0.890518
vt 0.751279 0.944810
vt 0.738313 0.957776
vt 0.738313 0.944810
vt 0.751279 0.957776
vt 0.738313 0.959073
vt 0.751279 0.959073
vt 0.738313 0.972039
vt 0.751279 0.972039
vt 0.738313 0.973336
vt 0.737016 0.972039
vt 0.737016 0.959073
vt 0.752576 0.959073
vt 0.862456 0.630560
vt 0.861160 0.500897
vt 0.862456 0.500897
vt 0.862456 0.487931
vt 0.861160 0.487931
vt 0.862456 0.358268
vt 0.861160 0.358268
vt 0.862456 0.345302
vt 0.875423 0.358268
vt 0.875423 0.487931
vt 0.848194 0.487931
vt 0.180464 0.774320
vt 0.193430 0.761354
vt 0.902652 0.877551
vt 0.901355 0.876255
vt 0.291641 0.910134
vt 0.292938 0.911430
vt 0.446738 0.979985
vt 0.448034 0.978689
vt 0.391149 0.979985
vt 0.392446 0.978689
vt 0.726643 0.345302
vt 0.713677 0.358268
vt 0.047244 0.020015
vt 0.047244 0.590531
vt 0.073176 0.564599
vt 0.250315 0.842875
vt 0.251612 0.841579
vt 0.233626 0.020015
vt 0.233626 0.590531
vt 0.259558 0.564599
vt 0.579160 0.858268
vt 0.580457 0.859565
vt 0.140435 0.020015
vt 0.140435 0.590531
vt 0.166367 0.564599
vt 0.524535 0.842875
vt 0.525832 0.841579
vt 0.325520 0.020015
vt 0.299587 0.045947
vt 0.834097 0.877552
vt 0.832801 0.876255
vt 0.513198 0.590531
vt 0.539131 0.564599
vt 0.455980 0.911430
vt 0.457277 0.910134
vt 0.418711 0.020015
vt 0.392778 0.045947
vt 0.524535 0.911430
vt 0.525832 0.910134
vt 0.405745 0.630560
vt 0.392778 0.643526
vt 0.647715 0.858268
vt 0.649012 0.859565
vt 0.765542 0.877552
vt 0.764245 0.876255
vt 0.929715 0.528426
vt 0.931011 0.527130
vt 0.929715 0.596981
vt 0.931011 0.595685
vt 0.593423 0.345302
vt 0.593423 0.630560
vt 0.606389 0.617594
vt 0.592126 0.670590
vt 0.579160 0.683556
vt 0.183057 0.884201
vt 0.181761 0.882905
vt 0.251612 0.884201
vt 0.250316 0.882905
vt 0.929715 0.391316
vt 0.931011 0.390020
vt 0.956944 0.699115
vt 0.958241 0.697819
vt 0.659385 0.020015
vt 0.646418 0.032981
vt 0.246426 0.722455
vt 0.233459 0.735421
vt 0.874126 0.697819
vt 0.875423 0.699115
vt 0.874126 0.766374
vt 0.875423 0.767671
vt 0.862457 0.973336
vt 0.863753 0.972039
vt 0.918045 0.973336
vt 0.919342 0.972039
vt 0.034277 0.630560
vt 0.034277 0.915819
vt 0.047244 0.902852
vt 0.497639 0.682425
vt 0.510605 0.669459
vt 0.388722 0.884201
vt 0.387425 0.882905
vt 0.320167 0.815646
vt 0.318870 0.814349
vt 0.929715 0.459871
vt 0.931011 0.458575
vt 0.279972 0.979985
vt 0.281268 0.978689
vt 0.100239 0.630560
vt 0.087273 0.643527
vt 0.671054 0.670590
vt 0.658088 0.683556
vt 0.361493 0.814350
vt 0.360196 0.815646
vt 0.455980 0.842875
vt 0.457277 0.841579
vt 0.973634 0.973336
vt 0.974930 0.972039
vt 0.929715 0.322761
vt 0.931011 0.321465
vt 0.593423 0.305273
vt 0.606389 0.292307
vt 0.484673 0.722454
vt 0.471706 0.735421
vt 0.902652 0.808996
vt 0.901355 0.807700
vt 0.674944 0.791010
vt 0.676241 0.789713
vt 0.929715 0.254206
vt 0.931011 0.252909
vt 0.224383 0.979985
vt 0.225680 0.978689
vt 0.660681 0.345302
vt 0.660681 0.630560
vt 0.673648 0.617594
vt 0.418711 0.774320
vt 0.431677 0.761353
vt 0.834097 0.671886
vt 0.832800 0.670589
vt 0.765542 0.671886
vt 0.764245 0.670590
vt 0.322594 0.951460
vt 0.321297 0.952756
vt 0.929715 0.088570
vt 0.929715 0.117096
vt 0.931011 0.115799
vt 0.727940 0.305273
vt 0.740906 0.292307
vt 0.338320 0.682426
vt 0.351287 0.669459
vt 0.764245 0.767671
vt 0.765542 0.766374
vt 0.834097 0.808996
vt 0.832800 0.807700
vt 0.168794 0.979985
vt 0.170091 0.978689
vt 0.929715 0.157125
vt 0.929715 0.185651
vt 0.931011 0.184354
vt 0.795198 0.305273
vt 0.808164 0.292307
vt 0.246426 0.630561
vt 0.233460 0.643527
vt 0.832800 0.767671
vt 0.834097 0.766374
vt 0.606389 0.928120
vt 0.607686 0.926823
vt 0.956944 0.767671
vt 0.958241 0.766374
vt 0.956944 0.836226
vt 0.958240 0.834929
vt 0.793902 0.630560
vt 0.793902 0.345302
vt 0.780935 0.358268
vt 0.180464 0.682426
vt 0.193430 0.669459
vt 0.606389 0.791010
vt 0.607686 0.789713
vt 0.183057 0.815646
vt 0.181760 0.814349
vt 0.806868 0.973336
vt 0.808164 0.972039
vt 0.929715 0.020015
vt 0.929715 0.048541
vt 0.931011 0.047244
vt 0.862457 0.305273
vt 0.875423 0.292307
vt 0.325354 0.722455
vt 0.312388 0.735421
vt 0.764245 0.836226
vt 0.765542 0.834929
vt 0.674944 0.928120
vt 0.676241 0.926823
vt 0.956944 0.904781
vt 0.958241 0.903484
vt 0.751279 0.973336
vt 0.752576 0.972039
vt 0.861160 0.630560
vt 0.861160 0.345302
vt 0.848194 0.358268
s 0
usemtl マテリアル.001
f 64/119/9 65/120/9 63/121/9
f 66/122/10 69/123/10 65/120/10
f 70/124/11 67/125/11 69/123/11
f 68/126/12 63/127/12 67/125/12
f 69/123/13 63/128/13 65/129/13
f 66/130/14 68/126/14 70/124/14
f 72/131/9 73/132/9 71/133/9
f 74/134/13 77/135/13 73/132/13
f 77/135/11 76/136/11 75/137/11
f 76/136/14 71/138/14 75/137/14
f 77/135/12 71/139/12 73/140/12
f 74/141/10 76/136/10 78/142/10
f 80/143/9 81/144/9 79/145/9
f 82/146/13 85/147/13 81/144/13
f 85/147/11 84/148/11 83/149/11
f 84/148/14 79/150/14 83/149/14
f 85/147/12 79/151/12 81/152/12
f 82/153/10 84/148/10 86/154/10
f 88/155/9 89/156/9 87/157/9
f 90/158/13 93/159/13 89/156/13
f 94/160/11 91/161/11 93/159/11
f 92/162/14 87/163/14 91/161/14
f 93/159/12 87/164/12 89/165/12
f 90/166/10 92/162/10 94/160/10
f 96/167/9 97/168/9 95/169/9
f 98/170/13 101/171/13 97/168/13
f 102/172/11 99/173/11 101/171/11
f 100/174/14 95/175/14 99/173/14
f 101/171/12 95/176/12 97/177/12
f 98/178/10 100/174/10 102/172/10
f 104/179/9 105/180/9 103/181/9
f 106/182/13 109/183/13 105/180/13
f 110/184/11 107/185/11 109/183/11
f 108/186/14 103/187/14 107/185/14
f 109/183/12 103/188/12 105/189/12
f 106/190/10 108/186/10 110/184/10
f 111/191/9 114/192/9 113/193/9
f 114/192/13 117/194/13 113/193/13
f 118/195/11 115/196/11 117/194/11
f 116/197/14 111/198/14 115/196/14
f 117/194/12 111/199/12 113/200/12
f 114/201/10 116/197/10 118/195/10
f 120/202/9 121/203/9 119/204/9
f 122/205/13 125/206/13 121/203/13
f 125/206/11 124/207/11 123/208/11
f 124/207/14 119/209/14 123/208/14
f 125/206/12 119/210/12 121/211/12
f 122/212/10 124/207/10 126/213/10
f 127/214/9 130/215/9 129/216/9
f 130/215/13 133/217/13 129/216/13
f 134/218/11 131/219/11 133/217/11
f 132/220/14 127/221/14 131/219/14
f 133/217/12 127/222/12 129/223/12
f 130/224/10 132/220/10 134/218/10
f 136/225/9 137/226/9 135/227/9
f 138/228/13 141/229/13 137/226/13
f 141/229/11 140/230/11 139/231/11
f 140/230/14 135/232/14 139/231/14
f 141/229/12 135/233/12 137/234/12
f 138/235/10 140/230/10 142/236/10
f 143/237/9 146/238/9 145/239/9
f 146/238/13 149/240/13 145/239/13
f 150/241/11 147/242/11 149/240/11
f 148/243/14 143/244/14 147/242/14
f 149/240/12 143/245/12 145/246/12
f 146/247/10 148/243/10 150/241/10
f 152/248/9 153/249/9 151/250/9
f 154/251/13 157/252/13 153/249/13
f 157/252/11 156/253/11 155/254/11
f 156/253/14 151/255/14 155/254/14
f 157/252/12 151/256/12 153/257/12
f 154/258/10 156/253/10 158/259/10
f 160/260/9 161/261/9 159/262/9
f 162/263/13 165/264/13 161/261/13
f 166/265/11 163/266/11 165/264/11
f 164/267/14 159/268/14 163/266/14
f 165/264/12 159/269/12 161/270/12
f 162/271/10 164/267/10 166/265/10
f 168/272/9 169/273/9 167/274/9
f 170/275/13 173/276/13 169/273/13
f 174/277/11 171/278/11 173/276/11
f 172/279/14 167/280/14 171/278/14
f 173/276/12 167/281/12 169/282/12
f 170/283/10 172/279/10 174/277/10
f 176/284/9 177/285/9 175/286/9
f 178/287/13 181/288/13 177/285/13
f 182/289/11 179/290/11 181/288/11
f 180/291/14 175/292/14 179/290/14
f 181/288/12 175/293/12 177/294/12
f 178/295/10 180/291/10 182/289/10
f 184/296/9 185/297/9 183/298/9
f 186/299/13 189/300/13 185/297/13
f 190/301/11 187/302/11 189/300/11
f 188/303/14 183/304/14 187/302/14
f 189/300/12 183/305/12 185/306/12
f 186/307/10 188/303/10 190/301/10
f 192/308/9 193/309/9 191/310/9
f 194/311/13 197/312/13 193/309/13
f 198/313/11 195/314/11 197/312/11
f 196/315/14 191/316/14 195/314/14
f 197/312/12 191/317/12 193/318/12
f 194/319/10 196/315/10 198/313/10
f 200/320/9 201/321/9 199/322/9
f 202/323/13 205/324/13 201/321/13
f 206/325/11 203/326/11 205/324/11
f 204/327/14 199/328/14 203/326/14
f 205/324/12 199/329/12 201/330/12
f 202/331/10 204/327/10 206/325/10
f 208/332/9 209/333/9 207/334/9
f 210/335/10 213/336/10 209/333/10
f 214/337/11 211/338/11 213/336/11
f 212/339/12 207/340/12 211/338/12
f 213/336/13 207/341/13 209/342/13
f 210/343/14 212/339/14 214/337/14
f 216/344/9 217/345/9 215/346/9
f 218/347/13 221/348/13 217/345/13
f 221/348/11 220/349/11 219/350/11
f 220/349/14 215/351/14 219/350/14
f 221/348/12 215/352/12 217/353/12
f 218/354/10 220/349/10 222/355/10
f 224/356/9 225/357/9 223/358/9
f 226/359/13 229/360/13 225/357/13
f 229/360/11 228/361/11 227/362/11
f 228/361/14 223/363/14 227/362/14
f 229/360/12 223/364/12 225/365/12
f 226/366/10 228/361/10 230/367/10
f 232/368/9 233/369/9 231/370/9
f 234/371/13 237/372/13 233/369/13
f 238/373/11 235/374/11 237/372/11
f 236/375/14 231/376/14 235/374/14
f 237/372/12 231/377/12 233/378/12
f 234/379/10 236/375/10 238/373/10
f 240/380/9 241/381/9 239/382/9
f 242/383/13 245/384/13 241/381/13
f 246/385/11 243/386/11 245/384/11
f 244/387/14 239/388/14 243/386/14
f 245/384/12 239/389/12 241/390/12
f 242/391/10 244/387/10 246/385/10
f 247/392/9 250/393/9 249/394/9
f 250/393/13 253/395/13 249/394/13
f 254/396/11 251/397/11 253/395/11
f 252/398/14 247/399/14 251/397/14
f 253/395/12 247/400/12 249/401/12
f 250/402/10 252/398/10 254/396/10
f 256/403/11 257/404/11 255/405/11
f 258/406/10 261/407/10 257/404/10
f 262/408/9 259/409/9 261/407/9
f 260/410/12 255/411/12 259/409/12
f 261/407/14 255/412/14 257/413/14
f 258/414/13 260/410/13 262/408/13
f 264/415/11 265/416/11 263/417/11
f 266/418/14 269/419/14 265/416/14
f 270/420/9 267/421/9 269/419/9
f 268/422/13 263/423/13 267/421/13
f 269/419/12 263/424/12 265/425/12
f 266/426/10 268/422/10 270/420/10
f 272/427/11 273/428/11 271/429/11
f 274/430/14 277/431/14 273/428/14
f 278/432/9 275/433/9 277/431/9
f 276/434/13 271/435/13 275/433/13
f 277/431/12 271/436/12 273/437/12
f 274/438/10 276/434/10 278/432/10
f 280/439/11 281/440/11 279/441/11
f 282/442/14 285/443/14 281/440/14
f 286/444/9 283/445/9 285/443/9
f 284/446/13 279/447/13 283/445/13
f 285/443/12 279/448/12 281/449/12
f 282/450/10 284/446/10 286/444/10
f 288/451/11 289/452/11 287/453/11
f 290/454/14 293/455/14 289/452/14
f 294/456/9 291/457/9 293/455/9
f 292/458/13 287/459/13 291/457/13
f 293/455/12 287/460/12 289/461/12
f 290/462/10 292/458/10 294/456/10
f 296/463/11 297/464/11 295/465/11
f 298/466/14 301/467/14 297/464/14
f 302/468/9 299/469/9 301/467/9
f 300/470/13 295/471/13 299/469/13
f 297/472/12 299/469/12 295/473/12
f 298/474/10 300/470/10 302/468/10
f 304/475/9 305/476/9 303/477/9
f 306/478/10 309/479/10 305/476/10
f 310/480/11 307/481/11 309/479/11
f 308/482/12 303/483/12 307/481/12
f 309/479/13 303/484/13 305/485/13
f 306/486/14 308/482/14 310/480/14
f 312/487/9 313/488/9 311/489/9
f 314/490/13 317/491/13 313/488/13
f 317/491/11 316/492/11 315/493/11
f 316/492/14 311/494/14 315/493/14
f 317/491/12 311/495/12 313/496/12
f 314/497/10 316/492/10 318/498/10
f 320/499/9 321/500/9 319/501/9
f 322/502/13 325/503/13 321/500/13
f 325/503/11 324/504/11 323/505/11
f 324/504/14 319/506/14 323/505/14
f 325/503/12 319/507/12 321/508/12
f 322/509/10 324/504/10 326/510/10
f 328/511/9 329/512/9 327/513/9
f 330/514/13 333/515/13 329/512/13
f 334/516/11 331/517/11 333/515/11
f 332/518/14 327/519/14 331/517/14
f 333/515/12 327/520/12 329/521/12
f 330/522/10 332/518/10 334/516/10
f 336/523/9 337/524/9 335/525/9
f 338/526/13 341/527/13 337/524/13
f 342/528/11 339/529/11 341/527/11
f 340/530/14 335/531/14 339/529/14
f 341/527/12 335/532/12 337/533/12
f 338/534/10 340/530/10 342/528/10
f 343/535/9 346/536/9 345/537/9
f 346/536/13 349/538/13 345/537/13
f 350/539/11 347/540/11 349/538/11
f 348/541/14 343/542/14 347/540/14
f 349/538/12 343/543/12 345/544/12
f 346/545/10 348/541/10 350/539/10
f 352/546/11 353/547/11 351/548/11
f 354/549/10 357/550/10 353/547/10
f 358/551/9 355/552/9 357/550/9
f 356/553/12 351/554/12 355/552/12
f 357/550/14 351/555/14 353/556/14
f 354/557/13 356/553/13 358/551/13
f 360/558/11 361/559/11 359/560/11
f 362/561/14 365/562/14 361/559/14
f 366/563/9 363/564/9 365/562/9
f 364/565/13 359/566/13 363/564/13
f 365/562/12 359/567/12 361/568/12
f 362/569/10 364/565/10 366/563/10
f 368/570/11 369/571/11 367/572/11
f 370/573/14 373/574/14 369/571/14
f 374/575/9 371/576/9 373/574/9
f 372/577/13 367/578/13 371/576/13
f 373/574/12 367/579/12 369/580/12
f 370/581/10 372/577/10 374/575/10
f 376/582/11 377/583/11 375/584/11
f 378/585/14 381/586/14 377/583/14
f 382/587/9 379/588/9 381/586/9
f 380/589/13 375/590/13 379/588/13
f 381/586/12 375/591/12 377/592/12
f 378/593/10 380/589/10 382/587/10
f 384/594/11 385/595/11 383/596/11
f 386/597/14 389/598/14 385/595/14
f 390/599/9 387/600/9 389/598/9
f 388/601/13 383/602/13 387/600/13
f 389/598/12 383/603/12 385/604/12
f 386/605/10 388/601/10 390/599/10
f 392/606/11 393/607/11 391/608/11
f 394/609/14 397/610/14 393/607/14
f 398/611/9 395/612/9 397/610/9
f 396/613/13 391/614/13 395/612/13
f 393/615/12 395/612/12 391/616/12
f 394/617/10 396/613/10 398/611/10
f 400/618/11 401/619/11 399/620/11
f 402/621/10 405/622/10 401/619/10
f 406/623/9 403/624/9 405/622/9
f 404/625/12 399/626/12 403/624/12
f 405/622/14 399/627/14 401/628/14
f 402/629/13 404/625/13 406/623/13
f 408/630/11 409/631/11 407/632/11
f 410/633/14 413/634/14 409/631/14
f 414/635/9 411/636/9 413/634/9
f 412/637/13 407/638/13 411/636/13
f 413/634/12 407/639/12 409/640/12
f 410/641/10 412/637/10 414/635/10
f 416/642/11 417/643/11 415/644/11
f 418/645/14 421/646/14 417/643/14
f 422/647/9 419/648/9 421/646/9
f 420/649/13 415/650/13 419/648/13
f 421/646/12 415/651/12 417/652/12
f 418/653/10 420/649/10 422/647/10
f 424/654/11 425/655/11 423/656/11
f 426/657/14 429/658/14 425/655/14
f 430/659/9 427/660/9 429/658/9
f 428/661/13 423/662/13 427/660/13
f 429/658/12 423/663/12 425/664/12
f 426/665/10 428/661/10 430/659/10
f 432/666/11 433/667/11 431/668/11
f 434/669/14 437/670/14 433/667/14
f 438/671/9 435/672/9 437/670/9
f 436/673/13 431/674/13 435/672/13
f 437/670/12 431/675/12 433/676/12
f 434/677/10 436/673/10 438/671/10
f 440/678/11 441/679/11 439/680/11
f 442/681/14 445/682/14 441/679/14
f 446/683/9 443/684/9 445/682/9
f 444/685/13 439/686/13 443/684/13
f 441/687/12 443/684/12 439/688/12
f 442/689/10 444/685/10 446/683/10
f 448/690/9 449/691/9 447/692/9
f 450/693/10 453/694/10 449/691/10
f 454/695/11 451/696/11 453/694/11
f 452/697/12 447/698/12 451/696/12
f 453/694/13 447/699/13 449/700/13
f 450/701/14 452/697/14 454/695/14
f 456/702/9 457/703/9 455/704/9
f 458/705/13 461/706/13 457/703/13
f 462/707/11 459/708/11 461/706/11
f 460/709/14 455/710/14 459/708/14
f 461/706/12 455/711/12 457/712/12
f 458/713/10 460/709/10 462/707/10
f 464/714/9 465/715/9 463/716/9
f 466/717/13 469/718/13 465/715/13
f 470/719/11 467/720/11 469/718/11
f 468/721/14 463/722/14 467/720/14
f 469/718/12 463/723/12 465/724/12
f 466/725/10 468/721/10 470/719/10
f 472/726/9 473/727/9 471/728/9
f 474/729/13 477/730/13 473/727/13
f 478/731/11 475/732/11 477/730/11
f 476/733/14 471/734/14 475/732/14
f 477/730/12 471/735/12 473/736/12
f 474/737/10 476/733/10 478/731/10
f 480/738/9 481/739/9 479/740/9
f 482/741/13 485/742/13 481/739/13
f 486/743/11 483/744/11 485/742/11
f 484/745/14 479/746/14 483/744/14
f 485/742/12 479/747/12 481/748/12
f 482/749/10 484/745/10 486/743/10
f 487/750/9 490/751/9 489/752/9
f 490/751/13 493/753/13 489/752/13
f 494/754/11 491/755/11 493/753/11
f 492/756/14 487/757/14 491/755/14
f 493/753/12 487/758/12 489/759/12
f 490/760/10 492/756/10 494/754/10
f 496/761/11 497/762/11 495/763/11
f 498/764/10 501/765/10 497/762/10
f 502/766/9 499/767/9 501/765/9
f 500/768/12 495/769/12 499/767/12
f 501/765/14 495/770/14 497/771/14
f 498/772/13 500/768/13 502/766/13
f 504/773/11 505/774/11 503/775/11
f 506/776/14 509/777/14 505/774/14
f 510/778/9 507/779/9 509/777/9
f 508/780/13 503/781/13 507/779/13
f 509/777/12 503/782/12 505/783/12
f 506/784/10 508/780/10 510/778/10
f 512/785/11 513/786/11 511/787/11
f 514/788/14 517/789/14 513/786/14
f 518/790/9 515/791/9 517/789/9
f 516/792/13 511/793/13 515/791/13
f 517/789/12 511/794/12 513/795/12
f 514/796/10 516/792/10 518/790/10
f 520/797/11 521/798/11 519/799/11
f 522/800/14 525/801/14 521/798/14
f 526/802/9 523/803/9 525/801/9
f 524/804/13 519/805/13 523/803/13
f 525/801/12 519/806/12 521/807/12
f 522/808/10 524/804/10 526/802/10
f 527/809/11 530/810/11 529/811/11
f 530/810/14 533/812/14 529/811/14
f 534/813/9 531/814/9 533/812/9
f 532/815/13 527/816/13 531/814/13
f 533/812/12 527/817/12 529/818/12
f 530/819/10 532/815/10 534/813/10
f 536/820/11 537/821/11 535/822/11
f 538/823/14 541/824/14 537/821/14
f 542/825/9 539/826/9 541/824/9
f 540/827/13 535/828/13 539/826/13
f 541/824/12 535/829/12 537/830/12
f 538/831/10 540/827/10 542/825/10
f 544/832/11 545/833/11 543/834/11
f 546/835/10 549/836/10 545/833/10
f 550/837/9 547/838/9 549/836/9
f 548/839/12 543/840/12 547/838/12
f 549/836/14 543/841/14 545/842/14
f 546/843/13 548/839/13 550/837/13
f 552/844/11 553/845/11 551/846/11
f 554/847/14 557/848/14 553/845/14
f 558/849/9 555/850/9 557/848/9
f 556/851/13 551/852/13 555/850/13
f 557/848/12 551/853/12 553/854/12
f 554/855/10 556/851/10 558/849/10
f 560/856/11 561/857/11 559/858/11
f 562/859/14 565/860/14 561/857/14
f 566/861/9 563/862/9 565/860/9
f 564/863/13 559/864/13 563/862/13
f 565/860/12 559/865/12 561/866/12
f 562/867/10 564/863/10 566/861/10
f 568/868/11 569/869/11 567/870/11
f 570/871/14 573/872/14 569/869/14
f 574/873/9 571/874/9 573/872/9
f 572/875/13 567/876/13 571/874/13
f 573/872/12 567/877/12 569/878/12
f 570/879/10 572/875/10 574/873/10
f 575/880/11 578/881/11 577/882/11
f 578/881/14 581/883/14 577/882/14
f 582/884/9 579/885/9 581/883/9
f 580/886/13 575/887/13 579/885/13
f 581/883/12 575/888/12 577/889/12
f 578/890/10 580/886/10 582/884/10
f 584/891/11 585/892/11 583/893/11
f 586/894/14 589/895/14 585/892/14
f 590/896/9 587/897/9 589/895/9
f 588/898/13 583/899/13 587/897/13
f 589/895/12 583/900/12 585/901/12
f 586/902/10 588/898/10 590/896/10
f 592/903/9 593/904/9 591/905/9
f 594/906/10 597/907/10 593/904/10
f 598/908/11 595/909/11 597/907/11
f 596/910/12 591/911/12 595/909/12
f 597/907/13 591/912/13 593/913/13
f 594/914/14 596/910/14 598/908/14
f 600/915/9 601/916/9 599/917/9
f 602/918/13 605/919/13 601/916/13
f 606/920/11 603/921/11 605/919/11
f 604/922/14 599/923/14 603/921/14
f 605/919/12 599/924/12 601/925/12
f 602/926/10 604/922/10 606/920/10
f 608/927/9 609/928/9 607/929/9
f 610/930/13 613/931/13 609/928/13
f 614/932/11 611/933/11 613/931/11
f 612/934/14 607/935/14 611/933/14
f 613/931/12 607/936/12 609/937/12
f 610/938/10 612/934/10 614/932/10
f 616/939/9 617/940/9 615/941/9
f 618/942/13 621/943/13 617/940/13
f 622/944/11 619/945/11 621/943/11
f 620/946/14 615/947/14 619/945/14
f 621/943/12 615/948/12 617/949/12
f 618/950/10 620/946/10 622/944/10
f 624/951/9 625/952/9 623/953/9
f 626/954/13 629/955/13 625/952/13
f 630/956/11 627/957/11 629/955/11
f 628/958/14 623/959/14 627/957/14
f 629/955/12 623/960/12 625/961/12
f 626/962/10 628/958/10 630/956/10
f 631/963/9 634/964/9 633/965/9
f 634/964/13 637/966/13 633/965/13
f 638/967/11 635/968/11 637/966/11
f 636/969/14 631/970/14 635/968/14
f 637/966/12 631/971/12 633/972/12
f 634/973/10 636/969/10 638/967/10
f 640/974/11 641/975/11 639/976/11
f 642/977/10 645/978/10 641/975/10
f 646/979/9 643/980/9 645/978/9
f 644/981/12 639/982/12 643/980/12
f 645/978/14 639/983/14 641/984/14
f 642/985/13 644/981/13 646/979/13
f 648/986/11 649/987/11 647/988/11
f 650/989/14 653/990/14 649/987/14
f 654/991/9 651/992/9 653/990/9
f 652/993/13 647/994/13 651/992/13
f 653/990/12 647/995/12 649/996/12
f 650/997/10 652/993/10 654/991/10
f 656/998/11 657/999/11 655/1000/11
f 658/1001/14 661/1002/14 657/999/14
f 662/1003/9 659/1004/9 661/1002/9
f 660/1005/13 655/1006/13 659/1004/13
f 661/1002/12 655/1007/12 657/1008/12
f 658/1009/10 660/1005/10 662/1003/10
f 664/1010/11 665/1011/11 663/1012/11
f 666/1013/14 669/1014/14 665/1011/14
f 670/1015/9 667/1016/9 669/1014/9
f 668/1017/13 663/1018/13 667/1016/13
f 669/1014/12 663/1019/12 665/1020/12
f 666/1021/10 668/1017/10 670/1015/10
f 671/1022/11 674/1023/11 673/1024/11
f 674/1023/14 677/1025/14 673/1024/14
f 678/1026/9 675/1027/9 677/1025/9
f 676/1028/13 671/1029/13 675/1027/13
f 677/1025/12 671/1030/12 673/1031/12
f 674/1032/10 676/1028/10 678/1026/10
f 680/1033/11 681/1034/11 679/1035/11
f 682/1036/14 685/1037/14 681/1034/14
f 686/1038/9 683/1039/9 685/1037/9
f 684/1040/13 679/1041/13 683/1039/13
f 685/1037/12 679/1042/12 681/1043/12
f 682/1044/10 684/1040/10 686/1038/10
f 688/1045/9 689/1046/9 687/1047/9
f 690/1048/10 693/1049/10 689/1046/10
f 694/1050/11 691/1051/11 693/1049/11
f 692/1052/12 687/1053/12 691/1051/12
f 693/1049/13 687/1054/13 689/1055/13
f 690/1056/14 692/1052/14 694/1050/14
f 696/1057/9 697/1058/9 695/1059/9
f 698/1060/13 701/1061/13 697/1058/13
f 702/1062/11 699/1063/11 701/1061/11
f 700/1064/14 695/1065/14 699/1063/14
f 701/1061/12 695/1066/12 697/1067/12
f 698/1068/10 700/1064/10 702/1062/10
f 704/1069/9 705/1070/9 703/1071/9
f 706/1072/13 709/1073/13 705/1070/13
f 710/1074/11 707/1075/11 709/1073/11
f 708/1076/14 703/1077/14 707/1075/14
f 709/1073/12 703/1078/12 705/1079/12
f 706/1080/10 708/1076/10 710/1074/10
f 712/1081/9 713/1082/9 711/1083/9
f 714/1084/13 717/1085/13 713/1082/13
f 718/1086/11 715/1087/11 717/1085/11
f 716/1088/14 711/1089/14 715/1087/14
f 717/1085/12 711/1090/12 713/1091/12
f 714/1092/10 716/1088/10 718/1086/10
f 720/1093/9 721/1094/9 719/1095/9
f 722/1096/13 725/1097/13 721/1094/13
f 726/1098/11 723/1099/11 725/1097/11
f 724/1100/14 719/1101/14 723/1099/14
f 725/1097/12 719/1102/12 721/1103/12
f 722/1104/10 724/1100/10 726/1098/10
f 727/1105/9 730/1106/9 729/1107/9
f 730/1106/13 733/1108/13 729/1107/13
f 734/1109/11 731/1110/11 733/1108/11
f 732/1111/14 727/1112/14 731/1110/14
f 733/1108/12 727/1113/12 729/1114/12
f 730/1115/10 732/1111/10 734/1109/10
f 64/119/9 66/122/9 65/120/9
f 66/122/10 70/124/10 69/123/10
f 70/124/11 68/126/11 67/125/11
f 68/126/12 64/1116/12 63/127/12
f 69/123/13 67/125/13 63/128/13
f 66/130/14 64/1117/14 68/126/14
f 72/131/9 74/134/9 73/132/9
f 74/134/13 78/142/13 77/135/13
f 77/135/11 78/142/11 76/136/11
f 76/136/14 72/1118/14 71/138/14
f 77/135/12 75/137/12 71/139/12
f 74/141/10 72/1119/10 76/136/10
f 80/143/9 82/146/9 81/144/9
f 82/146/13 86/154/13 85/147/13
f 85/147/11 86/154/11 84/148/11
f 84/148/14 80/1120/14 79/150/14
f 85/147/12 83/149/12 79/151/12
f 82/153/10 80/1121/10 84/148/10
f 88/155/9 90/158/9 89/156/9
f 90/158/13 94/160/13 93/159/13
f 94/160/11 92/162/11 91/161/11
f 92/162/14 88/1122/14 87/163/14
f 93/159/12 91/161/12 87/164/12
f 90/166/10 88/1123/10 92/162/10
f 96/167/9 98/170/9 97/168/9
f 98/170/13 102/172/13 101/171/13
f 102/172/11 100/174/11 99/173/11
f 100/174/14 96/1124/14 95/175/14
f 101/171/12 99/173/12 95/176/12
f 98/178/10 96/1125/10 100/174/10
f 104/179/9 106/182/9 105/180/9
f 106/182/13 110/184/13 109/183/13
f 110/184/11 108/186/11 107/185/11
f 108/186/14 104/1126/14 103/187/14
f 109/183/12 107/185/12 103/188/12
f 106/190/10 104/1127/10 108/186/10
f 111/191/9 112/1128/9 114/192/9
f 114/192/13 118/195/13 117/194/13
f 118/195/11 116/197/11 115/196/11
f 116/197/14 112/1129/14 111/198/14
f 117/194/12 115/196/12 111/199/12
f 114/201/10 112/1130/10 116/197/10
f 120/202/9 122/205/9 121/203/9
f 122/205/13 126/213/13 125/206/13
f 125/206/11 126/213/11 124/207/11
f 124/207/14 120/1131/14 119/209/14
f 125/206/12 123/208/12 119/210/12
f 122/212/10 120/1132/10 124/207/10
f 127/214/9 128/1133/9 130/215/9
f 130/215/13 134/218/13 133/217/13
f 134/218/11 132/220/11 131/219/11
f 132/220/14 128/1134/14 127/221/14
f 133/217/12 131/219/12 127/222/12
f 130/224/10 128/1135/10 132/220/10
f 136/225/9 138/228/9 137/226/9
f 138/228/13 142/236/13 141/229/13
f 141/229/11 142/236/11 140/230/11
f 140/230/14 136/1136/14 135/232/14
f 141/229/12 139/231/12 135/233/12
f 138/235/10 136/1137/10 140/230/10
f 143/237/9 144/1138/9 146/238/9
f 146/238/13 150/241/13 149/240/13
f 150/241/11 148/243/11 147/242/11
f 148/243/14 144/1139/14 143/244/14
f 149/240/12 147/242/12 143/245/12
f 146/247/10 144/1140/10 148/243/10
f 152/248/9 154/251/9 153/249/9
f 154/251/13 158/259/13 157/252/13
f 157/252/11 158/259/11 156/253/11
f 156/253/14 152/1141/14 151/255/14
f 157/252/12 155/254/12 151/256/12
f 154/258/10 152/1142/10 156/253/10
f 160/260/9 162/263/9 161/261/9
f 162/263/13 166/265/13 165/264/13
f 166/265/11 164/267/11 163/266/11
f 164/267/14 160/1143/14 159/268/14
f 165/264/12 163/266/12 159/269/12
f 162/271/10 160/1144/10 164/267/10
f 168/272/9 170/275/9 169/273/9
f 170/275/13 174/277/13 173/276/13
f 174/277/11 172/279/11 171/278/11
f 172/279/14 168/1145/14 167/280/14
f 173/276/12 171/278/12 167/281/12
f 170/283/10 168/1146/10 172/279/10
f 176/284/9 178/287/9 177/285/9
f 178/287/13 182/289/13 181/288/13
f 182/289/11 180/291/11 179/290/11
f 180/291/14 176/1147/14 175/292/14
f 181/288/12 179/290/12 175/293/12
f 178/295/10 176/1148/10 180/291/10
f 184/296/9 186/299/9 185/297/9
f 186/299/13 190/301/13 189/300/13
f 190/301/11 188/303/11 187/302/11
f 188/303/14 184/1149/14 183/304/14
f 189/300/12 187/302/12 183/305/12
f 186/307/10 184/1150/10 188/303/10
f 192/308/9 194/311/9 193/309/9
f 194/311/13 198/313/13 197/312/13
f 198/313/11 196/315/11 195/314/11
f 196/315/14 192/1151/14 191/316/14
f 197/312/12 195/314/12 191/317/12
f 194/319/10 192/1152/10 196/315/10
f 200/320/9 202/323/9 201/321/9
f 202/323/13 206/325/13 205/324/13
f 206/325/11 204/327/11 203/326/11
f 204/327/14 200/1153/14 199/328/14
f 205/324/12 203/326/12 199/329/12
f 202/331/10 200/1154/10 204/327/10
f 208/332/9 210/335/9 209/333/9
f 210/335/10 214/337/10 213/336/10
f 214/337/11 212/339/11 211/338/11
f 212/339/12 208/1155/12 207/340/12
f 213/336/13 211/338/13 207/341/13
f 210/343/14 208/1156/14 212/339/14
f 216/344/9 218/347/9 217/345/9
f 218/347/13 222/355/13 221/348/13
f 221/348/11 222/355/11 220/349/11
f 220/349/14 216/1157/14 215/351/14
f 221/348/12 219/350/12 215/352/12
f 218/354/10 216/1158/10 220/349/10
f 224/356/9 226/359/9 225/357/9
f 226/359/13 230/367/13 229/360/13
f 229/360/11 230/367/11 228/361/11
f 228/361/14 224/1159/14 223/363/14
f 229/360/12 227/362/12 223/364/12
f 226/366/10 224/1160/10 228/361/10
f 232/368/9 234/371/9 233/369/9
f 234/371/13 238/373/13 237/372/13
f 238/373/11 236/375/11 235/374/11
f 236/375/14 232/1161/14 231/376/14
f 237/372/12 235/374/12 231/377/12
f 234/379/10 232/1162/10 236/375/10
f 240/380/9 242/383/9 241/381/9
f 242/383/13 246/385/13 245/384/13
f 246/385/11 244/387/11 243/386/11
f 244/387/14 240/1163/14 239/388/14
f 245/384/12 243/386/12 239/389/12
f 242/391/10 240/1164/10 244/387/10
f 247/392/9 248/1165/9 250/393/9
f 250/393/13 254/396/13 253/395/13
f 254/396/11 252/398/11 251/397/11
f 252/398/14 248/1166/14 247/399/14
f 253/395/12 251/397/12 247/400/12
f 250/402/10 248/1167/10 252/398/10
f 256/403/11 258/406/11 257/404/11
f 258/406/10 262/408/10 261/407/10
f 262/408/9 260/410/9 259/409/9
f 260/410/12 256/1168/12 255/411/12
f 261/407/14 259/409/14 255/412/14
f 258/414/13 256/1169/13 260/410/13
f 264/415/11 266/418/11 265/416/11
f 266/418/14 270/420/14 269/419/14
f 270/420/9 268/422/9 267/421/9
f 268/422/13 264/1170/13 263/423/13
f 269/419/12 267/421/12 263/424/12
f 266/426/10 264/1171/10 268/422/10
f 272/427/11 274/430/11 273/428/11
f 274/430/14 278/432/14 277/431/14
f 278/432/9 276/434/9 275/433/9
f 276/434/13 272/1172/13 271/435/13
f 277/431/12 275/433/12 271/436/12
f 274/438/10 272/1173/10 276/434/10
f 280/439/11 282/442/11 281/440/11
f 282/442/14 286/444/14 285/443/14
f 286/444/9 284/446/9 283/445/9
f 284/446/13 280/1174/13 279/447/13
f 285/443/12 283/445/12 279/448/12
f 282/450/10 280/1175/10 284/446/10
f 288/451/11 290/454/11 289/452/11
f 290/454/14 294/456/14 293/455/14
f 294/456/9 292/458/9 291/457/9
f 292/458/13 288/1176/13 287/459/13
f 293/455/12 291/457/12 287/460/12
f 290/462/10 288/1177/10 292/458/10
f 296/463/11 298/466/11 297/464/11
f 298/466/14 302/468/14 301/467/14
f 302/468/9 300/470/9 299/469/9
f 300/470/13 296/1178/13 295/471/13
f 297/472/12 301/467/12 299/469/12
f 298/474/10 296/1179/10 300/470/10
f 304/475/9 306/478/9 305/476/9
f 306/478/10 310/480/10 309/479/10
f 310/480/11 308/482/11 307/481/11
f 308/482/12 304/1180/12 303/483/12
f 309/479/13 307/481/13 303/484/13
f 306/486/14 304/1181/14 308/482/14
f 312/487/9 314/490/9 313/488/9
f 314/490/13 318/498/13 317/491/13
f 317/491/11 318/498/11 316/492/11
f 316/492/14 312/1182/14 311/494/14
f 317/491/12 315/493/12 311/495/12
f 314/497/10 312/1183/10 316/492/10
f 320/499/9 322/502/9 321/500/9
f 322/502/13 326/510/13 325/503/13
f 325/503/11 326/510/11 324/504/11
f 324/504/14 320/1184/14 319/506/14
f 325/503/12 323/505/12 319/507/12
f 322/509/10 320/1185/10 324/504/10
f 328/511/9 330/514/9 329/512/9
f 330/514/13 334/516/13 333/515/13
f 334/516/11 332/518/11 331/517/11
f 332/518/14 328/1186/14 327/519/14
f 333/515/12 331/517/12 327/520/12
f 330/522/10 328/1187/10 332/518/10
f 336/523/9 338/526/9 337/524/9
f 338/526/13 342/528/13 341/527/13
f 342/528/11 340/530/11 339/529/11
f 340/530/14 336/1188/14 335/531/14
f 341/527/12 339/529/12 335/532/12
f 338/534/10 336/1189/10 340/530/10
f 343/535/9 344/1190/9 346/536/9
f 346/536/13 350/539/13 349/538/13
f 350/539/11 348/541/11 347/540/11
f 348/541/14 344/1191/14 343/542/14
f 349/538/12 347/540/12 343/543/12
f 346/545/10 344/1192/10 348/541/10
f 352/546/11 354/549/11 353/547/11
f 354/549/10 358/551/10 357/550/10
f 358/551/9 356/553/9 355/552/9
f 356/553/12 352/1193/12 351/554/12
f 357/550/14 355/552/14 351/555/14
f 354/557/13 352/1194/13 356/553/13
f 360/558/11 362/561/11 361/559/11
f 362/561/14 366/563/14 365/562/14
f 366/563/9 364/565/9 363/564/9
f 364/565/13 360/1195/13 359/566/13
f 365/562/12 363/564/12 359/567/12
f 362/569/10 360/1196/10 364/565/10
f 368/570/11 370/573/11 369/571/11
f 370/573/14 374/575/14 373/574/14
f 374/575/9 372/577/9 371/576/9
f 372/577/13 368/1197/13 367/578/13
f 373/574/12 371/576/12 367/579/12
f 370/581/10 368/1198/10 372/577/10
f 376/582/11 378/585/11 377/583/11
f 378/585/14 382/587/14 381/586/14
f 382/587/9 380/589/9 379/588/9
f 380/589/13 376/1199/13 375/590/13
f 381/586/12 379/588/12 375/591/12
f 378/593/10 376/1200/10 380/589/10
f 384/594/11 386/597/11 385/595/11
f 386/597/14 390/599/14 389/598/14
f 390/599/9 388/601/9 387/600/9
f 388/601/13 384/1201/13 383/602/13
f 389/598/12 387/600/12 383/603/12
f 386/605/10 384/1202/10 388/601/10
f 392/606/11 394/609/11 393/607/11
f 394/609/14 398/611/14 397/610/14
f 398/611/9 396/613/9 395/612/9
f 396/613/13 392/1203/13 391/614/13
f 393/615/12 397/610/12 395/612/12
f 394/617/10 392/1204/10 396/613/10
f 400/618/11 402/621/11 401/619/11
f 402/621/10 406/623/10 405/622/10
f 406/623/9 404/625/9 403/624/9
f 404/625/12 400/1205/12 399/626/12
f 405/622/14 403/624/14 399/627/14
f 402/629/13 400/1206/13 404/625/13
f 408/630/11 410/633/11 409/631/11
f 410/633/14 414/635/14 413/634/14
f 414/635/9 412/637/9 411/636/9
f 412/637/13 408/1207/13 407/638/13
f 413/634/12 411/636/12 407/639/12
f 410/641/10 408/1208/10 412/637/10
f 416/642/11 418/645/11 417/643/11
f 418/645/14 422/647/14 421/646/14
f 422/647/9 420/649/9 419/648/9
f 420/649/13 416/1209/13 415/650/13
f 421/646/12 419/648/12 415/651/12
f 418/653/10 416/1210/10 420/649/10
f 424/654/11 426/657/11 425/655/11
f 426/657/14 430/659/14 429/658/14
f 430/659/9 428/661/9 427/660/9
f 428/661/13 424/1211/13 423/662/13
f 429/658/12 427/660/12 423/663/12
f 426/665/10 424/1212/10 428/661/10
f 432/666/11 434/669/11 433/667/11
f 434/669/14 438/671/14 437/670/14
f 438/671/9 436/673/9 435/672/9
f 436/673/13 432/1213/13 431/674/13
f 437/670/12 435/672/12 431/675/12
f 434/677/10 432/1214/10 436/673/10
f 440/678/11 442/681/11 441/679/11
f 442/681/14 446/683/14 445/682/14
f 446/683/9 444/685/9 443/684/9
f 444/685/13 440/1215/13 439/686/13
f 441/687/12 445/682/12 443/684/12
f 442/689/10 440/1216/10 444/685/10
f 448/690/9 450/693/9 449/691/9
f 450/693/10 454/695/10 453/694/10
f 454/695/11 452/697/11 451/696/11
f 452/697/12 448/1217/12 447/698/12
f 453/694/13 451/696/13 447/699/13
f 450/701/14 448/1218/14 452/697/14
f 456/702/9 458/705/9 457/703/9
f 458/705/13 462/707/13 461/706/13
f 462/707/11 460/709/11 459/708/11
f 460/709/14 456/1219/14 455/710/14
f 461/706/12 459/708/12 455/711/12
f 458/713/10 456/1220/10 460/709/10
f 464/714/9 466/717/9 465/715/9
f 466/717/13 470/719/13 469/718/13
f 470/719/11 468/721/11 467/720/11
f 468/721/14 464/1221/14 463/722/14
f 469/718/12 467/720/12 463/723/12
f 466/725/10 464/1222/10 468/721/10
f 472/726/9 474/729/9 473/727/9
f 474/729/13 478/731/13 477/730/13
f 478/731/11 476/733/11 475/732/11
f 476/733/14 472/1223/14 471/734/14
f 477/730/12 475/732/12 471/735/12
f 474/737/10 472/1224/10 476/733/10
f 480/738/9 482/741/9 481/739/9
f 482/741/13 486/743/13 485/742/13
f 486/743/11 484/745/11 483/744/11
f 484/745/14 480/1225/14 479/746/14
f 485/742/12 483/744/12 479/747/12
f 482/749/10 480/1226/10 484/745/10
f 487/750/9 488/1227/9 490/751/9
f 490/751/13 494/754/13 493/753/13
f 494/754/11 492/756/11 491/755/11
f 492/756/14 488/1228/14 487/757/14
f 493/753/12 491/755/12 487/758/12
f 490/760/10 488/1229/10 492/756/10
f 496/761/11 498/764/11 497/762/11
f 498/764/10 502/766/10 501/765/10
f 502/766/9 500/768/9 499/767/9
f 500/768/12 496/1230/12 495/769/12
f 501/765/14 499/767/14 495/770/14
f 498/772/13 496/1231/13 500/768/13
f 504/773/11 506/776/11 505/774/11
f 506/776/14 510/778/14 509/777/14
f 510/778/9 508/780/9 507/779/9
f 508/780/13 504/1232/13 503/781/13
f 509/777/12 507/779/12 503/782/12
f 506/784/10 504/1233/10 508/780/10
f 512/785/11 514/788/11 513/786/11
f 514/788/14 518/790/14 517/789/14
f 518/790/9 516/792/9 515/791/9
f 516/792/13 512/1234/13 511/793/13
f 517/789/12 515/791/12 511/794/12
f 514/796/10 512/1235/10 516/792/10
f 520/797/11 522/800/11 521/798/11
f 522/800/14 526/802/14 525/801/14
f 526/802/9 524/804/9 523/803/9
f 524/804/13 520/1236/13 519/805/13
f 525/801/12 523/803/12 519/806/12
f 522/808/10 520/1237/10 524/804/10
f 527/809/11 528/1238/11 530/810/11
f 530/810/14 534/813/14 533/812/14
f 534/813/9 532/815/9 531/814/9
f 532/815/13 528/1239/13 527/816/13
f 533/812/12 531/814/12 527/817/12
f 530/819/10 528/1240/10 532/815/10
f 536/820/11 538/823/11 537/821/11
f 538/823/14 542/825/14 541/824/14
f 542/825/9 540/827/9 539/826/9
f 540/827/13 536/1241/13 535/828/13
f 541/824/12 539/826/12 535/829/12
f 538/831/10 536/1242/10 540/827/10
f 544/832/11 546/835/11 545/833/11
f 546/835/10 550/837/10 549/836/10
f 550/837/9 548/839/9 547/838/9
f 548/839/12 544/1243/12 543/840/12
f 549/836/14 547/838/14 543/841/14
f 546/843/13 544/1244/13 548/839/13
f 552/844/11 554/847/11 553/845/11
f 554/847/14 558/849/14 557/848/14
f 558/849/9 556/851/9 555/850/9
f 556/851/13 552/1245/13 551/852/13
f 557/848/12 555/850/12 551/853/12
f 554/855/10 552/1246/10 556/851/10
f 560/856/11 562/859/11 561/857/11
f 562/859/14 566/861/14 565/860/14
f 566/861/9 564/863/9 563/862/9
f 564/863/13 560/1247/13 559/864/13
f 565/860/12 563/862/12 559/865/12
f 562/867/10 560/1248/10 564/863/10
f 568/868/11 570/871/11 569/869/11
f 570/871/14 574/873/14 573/872/14
f 574/873/9 572/875/9 571/874/9
f 572/875/13 568/1249/13 567/876/13
f 573/872/12 571/874/12 567/877/12
f 570/879/10 568/1250/10 572/875/10
f 575/880/11 576/1251/11 578/881/11
f 578/881/14 582/884/14 581/883/14
f 582/884/9 580/886/9 579/885/9
f 580/886/13 576/1252/13 575/887/13
f 581/883/12 579/885/12 575/888/12
f 578/890/10 576/1253/10 580/886/10
f 584/891/11 586/894/11 585/892/11
f 586/894/14 590/896/14 589/895/14
f 590/896/9 588/898/9 587/897/9
f 588/898/13 584/1254/13 583/899/13
f 589/895/12 587/897/12 583/900/12
f 586/902/10 584/1255/10 588/898/10
f 592/903/9 594/906/9 593/904/9
f 594/906/10 598/908/10 597/907/10
f 598/908/11 596/910/11 595/909/11
f 596/910/12 592/1256/12 591/911/12
f 597/907/13 595/909/13 591/912/13
f 594/914/14 592/1257/14 596/910/14
f 600/915/9 602/918/9 601/916/9
f 602/918/13 606/920/13 605/919/13
f 606/920/11 604/922/11 603/921/11
f 604/922/14 600/1258/14 599/923/14
f 605/919/12 603/921/12 599/924/12
f 602/926/10 600/1259/10 604/922/10
f 608/927/9 610/930/9 609/928/9
f 610/930/13 614/932/13 613/931/13
f 614/932/11 612/934/11 611/933/11
f 612/934/14 608/1260/14 607/935/14
f 613/931/12 611/933/12 607/936/12
f 610/938/10 608/1261/10 612/934/10
f 616/939/9 618/942/9 617/940/9
f 618/942/13 622/944/13 621/943/13
f 622/944/11 620/946/11 619/945/11
f 620/946/14 616/1262/14 615/947/14
f 621/943/12 619/945/12 615/948/12
f 618/950/10 616/1263/10 620/946/10
f 624/951/9 626/954/9 625/952/9
f 626/954/13 630/956/13 629/955/13
f 630/956/11 628/958/11 627/957/11
f 628/958/14 624/1264/14 623/959/14
f 629/955/12 627/957/12 623/960/12
f 626/962/10 624/1265/10 628/958/10
f 631/963/9 632/1266/9 634/964/9
f 634/964/13 638/967/13 637/966/13
f 638/967/11 636/969/11 635/968/11
f 636/969/14 632/1267/14 631/970/14
f 637/966/12 635/968/12 631/971/12
f 634/973/10 632/1268/10 636/969/10
f 640/974/11 642/977/11 641/975/11
f 642/977/10 646/979/10 645/978/10
f 646/979/9 644/981/9 643/980/9
f 644/981/12 640/1269/12 639/982/12
f 645/978/14 643/980/14 639/983/14
f 642/985/13 640/1270/13 644/981/13
f 648/986/11 650/989/11 649/987/11
f 650/989/14 654/991/14 653/990/14
f 654/991/9 652/993/9 651/992/9
f 652/993/13 648/1271/13 647/994/13
f 653/990/12 651/992/12 647/995/12
f 650/997/10 648/1272/10 652/993/10
f 656/998/11 658/1001/11 657/999/11
f 658/1001/14 662/1003/14 661/1002/14
f 662/1003/9 660/1005/9 659/1004/9
f 660/1005/13 656/1273/13 655/1006/13
f 661/1002/12 659/1004/12 655/1007/12
f 658/1009/10 656/1274/10 660/1005/10
f 664/1010/11 666/1013/11 665/1011/11
f 666/1013/14 670/1015/14 669/1014/14
f 670/1015/9 668/1017/9 667/1016/9
f 668/1017/13 664/1275/13 663/1018/13
f 669/1014/12 667/1016/12 663/1019/12
f 666/1021/10 664/1276/10 668/1017/10
f 671/1022/11 672/1277/11 674/1023/11
f 674/1023/14 678/1026/14 677/1025/14
f 678/1026/9 676/1028/9 675/1027/9
f 676/1028/13 672/1278/13 671/1029/13
f 677/1025/12 675/1027/12 671/1030/12
f 674/1032/10 672/1279/10 676/1028/10
f 680/1033/11 682/1036/11 681/1034/11
f 682/1036/14 686/1038/14 685/1037/14
f 686/1038/9 684/1040/9 683/1039/9
f 684/1040/13 680/1280/13 679/1041/13
f 685/1037/12 683/1039/12 679/1042/12
f 682/1044/10 680/1281/10 684/1040/10
f 688/1045/9 690/1048/9 689/1046/9
f 690/1048/10 694/1050/10 693/1049/10
f 694/1050/11 692/1052/11 691/1051/11
f 692/1052/12 688/1282/12 687/1053/12
f 693/1049/13 691/1051/13 687/1054/13
f 690/1056/14 688/1283/14 692/1052/14
f 696/1057/9 698/1060/9 697/1058/9
f 698/1060/13 702/1062/13 701/1061/13
f 702/1062/11 700/1064/11 699/1063/11
f 700/1064/14 696/1284/14 695/1065/14
f 701/1061/12 699/1063/12 695/1066/12
f 698/1068/10 696/1285/10 700/1064/10
f 704/1069/9 706/1072/9 705/1070/9
f 706/1072/13 710/1074/13 709/1073/13
f 710/1074/11 708/1076/11 707/1075/11
f 708/1076/14 704/1286/14 703/1077/14
f 709/1073/12 707/1075/12 703/1078/12
f 706/1080/10 704/1287/10 708/1076/10
f 712/1081/9 714/1084/9 713/1082/9
f 714/1084/13 718/1086/13 717/1085/13
f 718/1086/11 716/1088/11 715/1087/11
f 716/1088/14 712/1288/14 711/1089/14
f 717/1085/12 715/1087/12 711/1090/12
f 714/1092/10 712/1289/10 716/1088/10
f 720/1093/9 722/1096/9 721/1094/9
f 722/1096/13 726/1098/13 725/1097/13
f 726/1098/11 724/1100/11 723/1099/11
f 724/1100/14 720/1290/14 719/1101/14
f 725/1097/12 723/1099/12 719/1102/12
f 722/1104/10 720/1291/10 724/1100/10
f 727/1105/9 728/1292/9 730/1106/9
f 730/1106/13 734/1109/13 733/1108/13
f 734/1109/11 732/1111/11 731/1110/11
f 732/1111/14 728/1293/14 727/1112/14
f 733/1108/12 731/1110/12 727/1113/12
f 730/1115/10 728/1294/10 732/1111/10
o ゴミ箱
v 8.782741 -0.113723 -17.689257
v 8.782742 0.193186 -17.439257
v 8.782741 0.024446 -17.439257
v 8.782741 1.886277 -17.689257
v 8.974083 0.193186 -17.401196
v 8.880286 0.024446 -17.429649
v 9.069754 -0.113723 -17.632166
v 8.974083 0.024446 -17.401196
v 9.069754 1.886277 -17.632166
v 9.136294 0.193186 -17.292810
v 9.060526 0.024446 -17.354992
v 9.313071 -0.113723 -17.469587
v 9.244681 0.193186 -17.130598
v 9.136294 0.024446 -17.292810
v 9.313071 1.886277 -17.469587
v 9.198476 0.024446 -17.217041
v 9.282742 0.193186 -16.939257
v 9.475651 -0.113723 -17.226269
v 9.244680 0.024446 -17.130598
v 9.244681 0.193186 -16.747915
v 9.475651 1.886277 -17.226269
v 9.273133 0.024446 -17.036802
v 9.532741 -0.113723 -16.939257
v 9.136294 0.193186 -16.585703
v 9.282741 0.024446 -16.939257
v 9.532741 1.886277 -16.939257
v 9.273133 0.024446 -16.841711
v 8.974083 0.193186 -16.477318
v 9.244680 0.024446 -16.747915
v 9.475651 -0.113723 -16.652245
v 9.475651 1.886277 -16.652245
v 8.782742 0.193186 -16.439257
v 9.198476 0.024446 -16.661472
v 9.313071 -0.113723 -16.408926
v 9.136294 0.024446 -16.585703
v 9.313071 1.886277 -16.408926
v 9.060526 0.024446 -16.523521
v 9.069754 -0.113723 -16.246347
v 8.974083 0.024446 -16.477318
v 9.069754 1.886277 -16.246347
v 8.880286 0.024446 -16.448864
v 8.782741 -0.113723 -16.189257
v 8.782741 0.024446 -16.439257
v 8.782741 1.886277 -16.189257
v 8.495728 -0.113723 -16.246347
v 8.591399 0.024446 -16.477318
v 8.495728 1.886277 -16.246347
v 8.252411 -0.113723 -16.408926
v 8.429188 0.024446 -16.585703
v 8.252411 1.886277 -16.408926
v 8.089831 -0.113723 -16.652245
v 8.320801 0.024446 -16.747915
v 8.089831 1.886277 -16.652245
v 8.032741 -0.113723 -16.939257
v 8.282741 0.024446 -16.939257
v 8.032741 1.886277 -16.939257
v 8.089831 -0.113723 -17.226269
v 8.320801 0.024446 -17.130598
v 8.089831 1.886277 -17.226269
v 8.252411 -0.113723 -17.469587
v 8.429188 0.024446 -17.292810
v 8.252411 1.886277 -17.469587
v 8.495728 -0.113723 -17.632166
v 8.591399 0.024446 -17.401196
v 8.495728 1.886277 -17.632166
v 8.282741 1.886277 -16.939257
v 8.320801 1.886277 -16.747915
v 8.320801 1.886277 -17.130598
v 8.429188 1.886277 -17.292810
v 8.782741 1.886277 -17.439257
v 8.591399 1.886277 -17.401196
v 8.429188 1.886277 -16.585703
v 8.591399 1.886277 -16.477318
v 8.782741 1.886277 -16.439257
v 8.974083 1.886277 -17.401197
v 8.782741 1.886277 -17.439257
v 8.782742 1.886277 -17.439257
v 8.974083 1.886277 -17.401196
v 8.782742 1.886277 -16.439257
v 8.782741 1.886277 -16.439257
v 9.136294 1.886277 -17.292810
v 8.974083 1.886277 -16.477318
v 9.244681 1.886277 -17.130598
v 9.136294 1.886277 -16.585703
v 9.282742 1.886277 -16.939257
v 9.244681 1.886277 -16.747915
v 8.782741 0.193186 -17.439257
v 8.880286 0.193186 -17.429649
v 8.974083 0.193186 -17.401196
v 9.060526 0.193186 -17.354992
v 9.136294 0.193186 -17.292810
v 9.198476 0.193186 -17.217041
v 9.244680 0.193186 -17.130598
v 9.273133 0.193186 -17.036802
v 9.282741 0.193186 -16.939257
v 9.273133 0.193186 -16.841711
v 9.244680 0.193186 -16.747915
v 9.198476 0.193186 -16.661472
v 9.136294 0.193186 -16.585703
v 9.060526 0.193186 -16.523521
v 8.974083 0.193186 -16.477318
v 8.880286 0.193186 -16.448864
v 8.782741 0.193186 -16.439257
v 10.323160 -0.113723 -17.689257
v 10.323161 0.193185 -17.439257
v 10.323160 0.024446 -17.439257
v 10.323160 1.886277 -17.689257
v 10.514503 0.193185 -17.401196
v 10.420706 0.024446 -17.429649
v 10.610173 -0.113723 -17.632166
v 10.514503 0.024446 -17.401196
v 10.610173 1.886277 -17.632166
v 10.676714 0.193185 -17.292810
v 10.600945 0.024446 -17.354992
v 10.853491 -0.113723 -17.469587
v 10.785101 0.193185 -17.130598
v 10.676714 0.024446 -17.292810
v 10.853491 1.886277 -17.469587
v 10.738895 0.024446 -17.217041
v 10.823161 0.193185 -16.939257
v 11.016070 -0.113723 -17.226269
v 10.785101 0.024446 -17.130598
v 10.785101 0.193185 -16.747915
v 11.016070 1.886277 -17.226269
v 10.813553 0.024446 -17.036802
v 11.073160 -0.113723 -16.939257
v 10.676714 0.193185 -16.585703
v 10.823160 0.024446 -16.939257
v 11.073160 1.886277 -16.939257
v 10.813553 0.024446 -16.841711
v 10.514503 0.193185 -16.477318
v 10.785101 0.024446 -16.747915
v 11.016070 -0.113723 -16.652245
v 11.016070 1.886277 -16.652245
v 10.323161 0.193185 -16.439257
v 10.738895 0.024446 -16.661472
v 10.853491 -0.113723 -16.408926
v 10.676714 0.024446 -16.585703
v 10.853491 1.886277 -16.408926
v 10.600945 0.024446 -16.523521
v 10.610173 -0.113723 -16.246347
v 10.514503 0.024446 -16.477318
v 10.610173 1.886277 -16.246347
v 10.420706 0.024446 -16.448864
v 10.323160 -0.113723 -16.189257
v 10.323160 0.024446 -16.439257
v 10.323160 1.886277 -16.189257
v 10.036148 -0.113723 -16.246347
v 10.131819 0.024446 -16.477318
v 10.036148 1.886277 -16.246347
v 9.792830 -0.113723 -16.408926
v 9.969607 0.024446 -16.585703
v 9.792830 1.886277 -16.408926
v 9.630251 -0.113723 -16.652245
v 9.861221 0.024446 -16.747915
v 9.630251 1.886277 -16.652245
v 9.573160 -0.113723 -16.939257
v 9.823160 0.024446 -16.939257
v 9.573160 1.886277 -16.939257
v 9.630251 -0.113723 -17.226269
v 9.861221 0.024446 -17.130598
v 9.630251 1.886277 -17.226269
v 9.792830 -0.113723 -17.469587
v 9.969607 0.024446 -17.292810
v 9.792830 1.886277 -17.469587
v 10.036148 -0.113723 -17.632166
v 10.131819 0.024446 -17.401196
v 10.036148 1.886277 -17.632166
v 9.823160 1.886277 -16.939257
v 9.861221 1.886277 -16.747915
v 9.861221 1.886277 -17.130598
v 9.969607 1.886277 -17.292810
v 10.323160 1.886277 -17.439257
v 10.131819 1.886277 -17.401196
v 9.969607 1.886277 -16.585703
v 10.131819 1.886277 -16.477318
v 10.323160 1.886277 -16.439257
v 10.514503 1.886277 -17.401197
v 10.323161 1.886277 -17.439257
v 10.323161 1.886277 -17.439257
v 10.514503 1.886277 -17.401196
v 10.323161 1.886277 -16.439257
v 10.323161 1.886277 -16.439257
v 10.676714 1.886277 -17.292810
v 10.514503 1.886277 -16.477318
v 10.785101 1.886277 -17.130598
v 10.676714 1.886277 -16.585703
v 10.823161 1.886277 -16.939257
v 10.785101 1.886277 -16.747915
v 10.323161 0.193185 -17.439257
v 10.420706 0.193185 -17.429649
v 10.514503 0.193185 -17.401196
v 10.600945 0.193185 -17.354992
v 10.676714 0.193185 -17.292810
v 10.738895 0.193185 -17.217041
v 10.785101 0.193185 -17.130598
v 10.813553 0.193185 -17.036802
v 10.823160 0.193185 -16.939257
v 10.813553 0.193185 -16.841711
v 10.785101 0.193185 -16.747915
v 10.738895 0.193185 -16.661472
v 10.676714 0.193185 -16.585703
v 10.600945 0.193185 -16.523521
v 10.514503 0.193185 -16.477318
v 10.420706 0.193185 -16.448864
v 10.323161 0.193185 -16.439257
vn 0.5556 -0.0000 -0.8315
vn 0.8315 -0.0000 -0.5556
vn 0.9808 -0.0000 -0.1951
vn 0.9808 -0.0000 0.1951
vn 0.8315 -0.0000 0.5556
vn 0.5556 -0.0000 0.8315
vn 0.1951 -0.0000 0.9808
vn -0.1951 -0.0000 0.9808
vn -0.5556 -0.0000 0.8315
vn -0.8315 -0.0000 0.5556
vn -0.9808 -0.0000 0.1951
vn -0.9808 -0.0000 -0.1951
vn -0.8315 -0.0000 -0.5556
vn -0.5556 -0.0000 -0.8315
vn -0.1951 -0.0000 -0.9808
vn -0.0000 1.0000 -0.0000
vn 0.1951 -0.0000 -0.9808
vn -0.0000 -1.0000 -0.0000
vn -0.0980 -0.0000 0.9952
vn -0.2903 -0.0000 0.9569
vn -0.4714 -0.0000 0.8819
vn -0.6344 -0.0000 0.7730
vn -0.7730 -0.0000 0.6344
vn -0.8819 -0.0000 0.4714
vn -0.9569 -0.0000 0.2903
vn -0.9952 -0.0000 0.0980
vn -0.9952 -0.0000 -0.0980
vn -0.9569 -0.0000 -0.2903
vn -0.8819 -0.0000 -0.4714
vn -0.7730 -0.0000 -0.6344
vn -0.6344 -0.0000 -0.7730
vn -0.4714 -0.0000 -0.8819
vn -0.2903 -0.0000 -0.9569
vn -0.0000 -0.0000 -1.0000
vn -0.0000 -0.0000 1.0000
vn -0.0980 -0.0000 -0.9952
vn -0.2716 -0.0000 0.9624
vn -1.0000 -0.0000 -0.0000
vt 0.421089 0.087965
vt 0.231575 0.050993
vt 0.421089 0.050993
vt 0.421089 0.124937
vt 0.231575 0.087965
vt 0.421089 0.161910
vt 0.231575 0.124937
vt 0.421089 0.198882
vt 0.231575 0.161910
vt 0.421089 0.235855
vt 0.231575 0.198882
vt 0.421089 0.272827
vt 0.231575 0.235855
vt 0.421089 0.309799
vt 0.231575 0.272827
vt 0.421089 0.346772
vt 0.231575 0.309799
vt 0.421089 0.383744
vt 0.231575 0.346772
vt 0.421089 0.420717
vt 0.231575 0.383744
vt 0.421089 0.457689
vt 0.231575 0.420717
vt 0.421089 0.494662
vt 0.231575 0.457689
vt 0.421089 0.531634
vt 0.231575 0.494662
vt 0.421089 0.568606
vt 0.231575 0.531634
vt 0.231575 0.605579
vt 0.421089 0.605579
vt 0.265214 0.650501
vt 0.283107 0.675327
vt 0.266859 0.692804
vt 0.374319 0.804003
vt 0.356585 0.778796
vt 0.373117 0.761428
vt 0.450501 0.187794
vt 0.626948 0.211017
vt 0.450697 0.212419
vt 0.620854 0.813617
vt 0.489422 0.839760
vt 0.463278 0.708328
vt 0.449130 0.410377
vt 0.465202 0.398131
vt 0.465104 0.410504
vt 0.449227 0.398005
vt 0.465300 0.385759
vt 0.449325 0.385632
vt 0.465398 0.373386
vt 0.449423 0.373260
vt 0.465496 0.361014
vt 0.449619 0.348515
vt 0.449521 0.360888
vt 0.449717 0.336143
vt 0.465594 0.348642
vt 0.449815 0.323770
vt 0.465692 0.336269
vt 0.465888 0.311524
vt 0.465790 0.323897
vt 0.450011 0.299025
vt 0.449913 0.311398
vt 0.450109 0.286653
vt 0.465986 0.299152
vt 0.450207 0.274281
vt 0.466083 0.286779
vt 0.466279 0.262035
vt 0.466181 0.274407
vt 0.450403 0.249536
vt 0.450305 0.261908
vt 0.450501 0.237163
vt 0.466377 0.249662
vt 0.450599 0.224791
vt 0.466475 0.237290
vt 0.626950 0.211177
vt 0.466671 0.212545
vt 0.450305 0.163169
vt 0.626753 0.186392
vt 0.450109 0.138545
vt 0.626557 0.161767
vt 0.449913 0.113920
vt 0.626361 0.137143
vt 0.449717 0.089296
vt 0.626165 0.112518
vt 0.449521 0.064671
vt 0.625969 0.087894
vt 0.449325 0.040047
vt 0.625773 0.063269
vt 0.449130 0.015422
vt 0.625577 0.038645
vt 0.449151 0.615222
vt 0.609486 0.615363
vt 0.609464 0.639996
vt 0.984766 0.063654
vt 0.935133 0.137935
vt 0.860851 0.088302
vt 0.449148 0.590589
vt 0.609486 0.615202
vt 0.449145 0.565956
vt 0.609483 0.590569
vt 0.449142 0.541322
vt 0.609480 0.565936
vt 0.449139 0.516689
vt 0.609477 0.541303
vt 0.449136 0.492056
vt 0.609474 0.516669
vt 0.449133 0.467423
vt 0.609471 0.492036
vt 0.449130 0.442789
vt 0.609467 0.467403
vt 0.609464 0.442609
vt 0.609464 0.442769
vt 0.825925 0.595798
vt 0.825923 0.597701
vt 0.825923 0.595798
vt 0.227211 0.922415
vt 0.301437 0.848190
vt 0.301560 0.848215
vt 0.231575 0.014020
vt 0.421089 0.014020
vt 0.203534 0.087965
vt 0.014020 0.050993
vt 0.203534 0.050993
vt 0.203534 0.124937
vt 0.014020 0.087965
vt 0.203534 0.161910
vt 0.014020 0.124937
vt 0.203535 0.198882
vt 0.014020 0.161910
vt 0.203535 0.235855
vt 0.014020 0.198882
vt 0.203535 0.272827
vt 0.014020 0.235855
vt 0.203535 0.309799
vt 0.014020 0.272827
vt 0.203535 0.346772
vt 0.014020 0.309800
vt 0.203535 0.383744
vt 0.014020 0.346772
vt 0.203535 0.420717
vt 0.014020 0.383744
vt 0.203535 0.457689
vt 0.014020 0.420717
vt 0.203535 0.494662
vt 0.014020 0.457689
vt 0.203535 0.531634
vt 0.014020 0.494662
vt 0.203535 0.568606
vt 0.014020 0.531634
vt 0.014020 0.605579
vt 0.203535 0.605579
vt 0.030917 0.782393
vt 0.056221 0.764300
vt 0.073940 0.780989
vt 0.184351 0.674659
vt 0.158889 0.691747
vt 0.141958 0.674888
vt 0.656361 0.187794
vt 0.832809 0.211017
vt 0.656557 0.212419
vt 0.737493 0.853909
vt 0.663043 0.742486
vt 0.774465 0.668036
vt 0.654990 0.410377
vt 0.671063 0.398131
vt 0.670965 0.410504
vt 0.655088 0.398005
vt 0.671161 0.385759
vt 0.655186 0.385632
vt 0.671259 0.373386
vt 0.655284 0.373260
vt 0.671357 0.361014
vt 0.655480 0.348515
vt 0.655382 0.360887
vt 0.655578 0.336143
vt 0.671454 0.348642
vt 0.655676 0.323770
vt 0.671552 0.336269
vt 0.671748 0.311524
vt 0.671650 0.323897
vt 0.655872 0.299025
vt 0.655774 0.311398
vt 0.655970 0.286653
vt 0.671846 0.299152
vt 0.656068 0.274281
vt 0.671944 0.286779
vt 0.672140 0.262035
vt 0.672042 0.274407
vt 0.656263 0.249536
vt 0.656165 0.261908
vt 0.656361 0.237163
vt 0.672238 0.249662
vt 0.656459 0.224791
vt 0.672336 0.237290
vt 0.832811 0.211177
vt 0.672532 0.212545
vt 0.656165 0.163169
vt 0.832613 0.186392
vt 0.655970 0.138545
vt 0.832417 0.161767
vt 0.655774 0.113920
vt 0.832221 0.137143
vt 0.655578 0.089296
vt 0.832026 0.112518
vt 0.655382 0.064671
vt 0.831830 0.087894
vt 0.655186 0.040047
vt 0.831634 0.063269
vt 0.654990 0.015422
vt 0.831438 0.038645
vt 0.637548 0.615222
vt 0.797882 0.615363
vt 0.797861 0.639996
vt 0.063654 0.850195
vt 0.137935 0.899828
vt 0.088302 0.974110
vt 0.637545 0.590589
vt 0.797882 0.615202
vt 0.637542 0.565956
vt 0.797879 0.590569
vt 0.637539 0.541322
vt 0.797876 0.565936
vt 0.637535 0.516689
vt 0.797873 0.541303
vt 0.637532 0.492056
vt 0.797870 0.516669
vt 0.637529 0.467423
vt 0.797867 0.492036
vt 0.637526 0.442789
vt 0.797864 0.467403
vt 0.797861 0.442609
vt 0.797861 0.442769
vt 0.825925 0.625742
vt 0.825923 0.627646
vt 0.825923 0.625742
vt 0.876822 0.442609
vt 0.951022 0.516809
vt 0.950997 0.516932
vt 0.014020 0.014020
vt 0.203534 0.014020
vt 0.231575 0.568606
vt 0.259567 0.740193
vt 0.269113 0.762338
vt 0.241570 0.784024
vt 0.227211 0.747150
vt 0.227326 0.709817
vt 0.240721 0.676379
vt 0.297504 0.635588
vt 0.333174 0.633619
vt 0.367874 0.645084
vt 0.397165 0.669151
vt 0.370027 0.689972
vt 0.351680 0.672925
vt 0.328780 0.664519
vt 0.259549 0.740098
vt 0.259534 0.739995
vt 0.304775 0.665415
vt 0.258418 0.715393
vt 0.380642 0.714193
vt 0.413034 0.706668
vt 0.413034 0.744481
vt 0.399301 0.778173
vt 0.341612 0.818619
vt 0.305689 0.820149
vt 0.270914 0.808207
vt 0.269132 0.762372
vt 0.287527 0.780201
vt 0.380661 0.714296
vt 0.380680 0.714400
vt 0.310485 0.789094
vt 0.381768 0.738865
vt 0.334664 0.788504
vt 0.489422 0.682185
vt 0.523580 0.668036
vt 0.560552 0.668036
vt 0.594710 0.682185
vt 0.620854 0.708328
vt 0.635002 0.742486
vt 0.635002 0.779459
vt 0.594710 0.839760
vt 0.560552 0.853909
vt 0.523580 0.853909
vt 0.463278 0.813617
vt 0.449130 0.779459
vt 0.449129 0.742486
vt 0.625332 0.414409
vt 0.625328 0.414569
vt 0.466573 0.224917
vt 0.625381 0.014020
vt 0.449129 0.639855
vt 0.860851 0.063654
vt 0.870283 0.040882
vt 0.887712 0.023453
vt 0.910484 0.014020
vt 0.935133 0.014020
vt 0.957905 0.023453
vt 0.975334 0.040882
vt 0.985980 0.075978
vt 0.984766 0.088302
vt 0.981171 0.100152
vt 0.975334 0.111074
vt 0.967478 0.120647
vt 0.957905 0.128503
vt 0.946983 0.134341
vt 0.922809 0.139149
vt 0.910484 0.137935
vt 0.898634 0.134341
vt 0.887712 0.128503
vt 0.878140 0.120647
vt 0.870283 0.111074
vt 0.864446 0.100152
vt 0.449129 0.442629
vt 0.825925 0.597701
vt 0.313406 0.851821
vt 0.324321 0.857669
vt 0.333885 0.865534
vt 0.341731 0.875114
vt 0.347557 0.886040
vt 0.351140 0.897893
vt 0.352341 0.910218
vt 0.351115 0.922539
vt 0.347509 0.934385
vt 0.341661 0.945300
vt 0.333796 0.954864
vt 0.324216 0.962710
vt 0.313289 0.968536
vt 0.301436 0.972119
vt 0.289112 0.973320
vt 0.276790 0.972094
vt 0.254068 0.857612
vt 0.276815 0.848190
vt 0.276781 0.972117
vt 0.236658 0.875022
vt 0.254030 0.962640
vt 0.227236 0.897769
vt 0.236620 0.945195
vt 0.014020 0.568606
vt 0.121735 0.788964
vt 0.141375 0.780256
vt 0.164104 0.806903
vt 0.128294 0.820941
vt 0.091102 0.820941
vt 0.057185 0.807406
vt 0.015895 0.749522
vt 0.014020 0.713352
vt 0.025706 0.678403
vt 0.050071 0.649087
vt 0.070807 0.676424
vt 0.053679 0.694742
vt 0.045257 0.717834
vt 0.121648 0.788982
vt 0.121561 0.788999
vt 0.046193 0.742186
vt 0.096856 0.789737
vt 0.095240 0.666093
vt 0.088358 0.633619
vt 0.126101 0.634666
vt 0.159275 0.649219
vt 0.198181 0.707443
vt 0.199171 0.743041
vt 0.187300 0.777507
vt 0.141406 0.780228
vt 0.159113 0.761113
vt 0.095344 0.666075
vt 0.095449 0.666057
vt 0.168168 0.737996
vt 0.119692 0.665708
vt 0.168096 0.713812
vt 0.808623 0.682185
vt 0.834767 0.708328
vt 0.848916 0.742486
vt 0.848916 0.779459
vt 0.834767 0.813617
vt 0.808623 0.839760
vt 0.774465 0.853909
vt 0.703335 0.839760
vt 0.677191 0.813617
vt 0.663043 0.779459
vt 0.677191 0.708328
vt 0.703335 0.682185
vt 0.737493 0.668036
vt 0.831193 0.414409
vt 0.831189 0.414569
vt 0.672434 0.224917
vt 0.831242 0.014020
vt 0.637526 0.639855
vt 0.063654 0.974110
vt 0.040882 0.964678
vt 0.023453 0.947249
vt 0.014020 0.924477
vt 0.014020 0.899828
vt 0.023453 0.877056
vt 0.040882 0.859627
vt 0.075978 0.848981
vt 0.088302 0.850195
vt 0.100152 0.853790
vt 0.111074 0.859627
vt 0.120647 0.867483
vt 0.128503 0.877056
vt 0.134341 0.887978
vt 0.139149 0.912152
vt 0.137935 0.924477
vt 0.134341 0.936327
vt 0.128503 0.947249
vt 0.120647 0.956821
vt 0.111074 0.964678
vt 0.100152 0.970515
vt 0.637526 0.442629
vt 0.825925 0.627646
vt 0.947404 0.528778
vt 0.941569 0.539694
vt 0.933716 0.549263
vt 0.924147 0.557116
vt 0.913231 0.562951
vt 0.901385 0.566544
vt 0.889067 0.567757
vt 0.876748 0.566544
vt 0.864902 0.562951
vt 0.853986 0.557116
vt 0.844417 0.549263
vt 0.836564 0.539694
vt 0.830729 0.528778
vt 0.827136 0.516932
vt 0.825923 0.504614
vt 0.827136 0.492295
vt 0.941600 0.469441
vt 0.951022 0.492188
vt 0.827161 0.492171
vt 0.924190 0.452031
vt 0.836612 0.469419
vt 0.901443 0.442609
vt 0.854051 0.452015
s 0
usemtl マテリアル
f 749/1295/15 741/1296/15 743/1297/15
f 755/1298/16 746/1299/16 749/1295/16
f 760/1300/17 752/1301/17 755/1298/17
f 765/1302/18 757/1303/18 760/1300/18
f 770/1304/19 764/1305/19 765/1302/19
f 774/1306/20 768/1307/20 770/1304/20
f 778/1308/21 772/1309/21 774/1306/21
f 781/1310/22 776/1311/22 778/1308/22
f 784/1312/23 779/1313/23 781/1310/23
f 787/1314/24 782/1315/24 784/1312/24
f 790/1316/25 785/1317/25 787/1314/25
f 793/1318/26 788/1319/26 790/1316/26
f 796/1320/27 791/1321/27 793/1318/27
f 799/1322/28 794/1323/28 796/1320/28
f 735/1324/29 799/1322/29 738/1325/29
f 793/1326/30 802/1327/30 803/1328/30
f 765/1329/30 820/1330/30 818/1331/30
f 780/1332/31 808/1333/31 777/1334/31
f 768/1335/32 782/1336/32 794/1337/32
f 737/1338/33 822/1339/33 821/1340/33
f 740/1341/34 823/1342/34 822/1339/34
f 742/1343/35 824/1344/35 823/1342/35
f 745/1345/36 825/1346/36 824/1344/36
f 750/1347/37 825/1346/37 748/1348/37
f 753/1349/38 826/1350/38 750/1347/38
f 756/1351/39 827/1352/39 753/1349/39
f 756/1351/40 829/1353/40 828/1354/40
f 761/1355/41 829/1353/41 759/1356/41
f 763/1357/42 830/1358/42 761/1355/42
f 767/1359/43 831/1360/43 763/1357/43
f 767/1359/44 833/1361/44 832/1362/44
f 771/1363/45 833/1361/45 769/1364/45
f 773/1365/46 834/1366/46 771/1363/46
f 775/1367/47 835/1368/47 773/1365/47
f 777/1334/48 814/1369/48 837/1370/48
f 783/1371/15 807/1372/15 780/1332/15
f 786/1373/16 806/1374/16 783/1371/16
f 789/1375/17 801/1376/17 786/1373/17
f 792/1377/18 800/1378/18 789/1375/18
f 795/1379/19 802/1380/19 792/1377/19
f 798/1381/20 803/1382/20 795/1379/20
f 737/1383/21 805/1384/21 798/1381/21
f 739/1385/22 809/1386/22 811/1387/22
f 777/1388/30 759/1389/30 737/1390/30
f 744/1391/23 812/1392/23 739/1385/23
f 747/1393/24 815/1394/24 744/1391/24
f 751/1395/25 817/1396/25 747/1393/25
f 754/1397/26 819/1398/26 751/1395/26
f 758/1399/27 820/1400/27 754/1397/27
f 762/1401/28 818/1402/28 758/1399/28
f 766/1403/29 816/1404/29 762/1401/29
f 766/1403/48 814/1405/48 813/1406/48
f 736/1407/49 810/1408/49 821/1409/49
f 754/1410/30 736/1411/30 821/1412/30
f 743/1297/31 735/1413/31 738/1414/31
f 852/1415/15 844/1416/15 846/1417/15
f 858/1418/16 849/1419/16 852/1415/16
f 863/1420/17 855/1421/17 858/1418/17
f 868/1422/18 860/1423/18 863/1420/18
f 873/1424/19 867/1425/19 868/1422/19
f 877/1426/20 871/1427/20 873/1424/20
f 881/1428/21 875/1429/21 877/1426/21
f 884/1430/22 879/1431/22 881/1428/22
f 887/1432/23 882/1433/23 884/1430/23
f 890/1434/24 885/1435/24 887/1432/24
f 893/1436/25 888/1437/25 890/1434/25
f 896/1438/26 891/1439/26 893/1436/26
f 899/1440/27 894/1441/27 896/1438/27
f 902/1442/28 897/1443/28 899/1440/28
f 838/1444/29 902/1442/29 841/1445/29
f 896/1446/30 905/1447/30 906/1448/30
f 868/1449/30 923/1450/30 921/1451/30
f 883/1452/31 911/1453/31 880/1454/31
f 871/1455/32 885/1456/32 897/1457/32
f 840/1458/33 925/1459/33 924/1460/33
f 843/1461/34 926/1462/34 925/1459/34
f 845/1463/35 927/1464/35 926/1462/35
f 848/1465/36 928/1466/36 927/1464/36
f 853/1467/37 928/1466/37 851/1468/37
f 856/1469/38 929/1470/38 853/1467/38
f 859/1471/39 930/1472/39 856/1469/39
f 859/1471/40 932/1473/40 931/1474/40
f 864/1475/41 932/1473/41 862/1476/41
f 866/1477/42 933/1478/42 864/1475/42
f 870/1479/43 934/1480/43 866/1477/43
f 870/1479/44 936/1481/44 935/1482/44
f 874/1483/45 936/1481/45 872/1484/45
f 876/1485/46 937/1486/46 874/1483/46
f 878/1487/47 938/1488/47 876/1485/47
f 880/1454/48 917/1489/48 940/1490/48
f 886/1491/15 910/1492/15 883/1452/15
f 889/1493/16 909/1494/16 886/1491/16
f 892/1495/17 904/1496/17 889/1493/17
f 895/1497/18 903/1498/18 892/1495/18
f 898/1499/19 905/1500/19 895/1497/19
f 901/1501/20 906/1502/20 898/1499/20
f 840/1503/21 908/1504/21 901/1501/21
f 842/1505/22 912/1506/22 914/1507/22
f 880/1508/30 862/1509/30 840/1510/30
f 847/1511/23 915/1512/23 842/1505/23
f 850/1513/24 918/1514/24 847/1511/24
f 854/1515/25 920/1516/25 850/1513/25
f 857/1517/26 922/1518/26 854/1515/26
f 861/1519/27 923/1520/27 857/1517/27
f 865/1521/28 921/1522/28 861/1519/28
f 869/1523/29 919/1524/29 865/1521/29
f 869/1523/30 917/1525/30 916/1526/30
f 839/1527/49 913/1528/49 924/1529/49
f 857/1530/30 839/1531/30 924/1532/30
f 846/1417/31 838/1533/31 841/1534/31
f 749/1295/15 746/1299/15 741/1296/15
f 755/1298/16 752/1301/16 746/1299/16
f 760/1300/17 757/1303/17 752/1301/17
f 765/1302/18 764/1305/18 757/1303/18
f 770/1304/19 768/1307/19 764/1305/19
f 774/1306/20 772/1309/20 768/1307/20
f 778/1308/21 776/1311/21 772/1309/21
f 781/1310/22 779/1313/22 776/1311/22
f 784/1312/23 782/1315/23 779/1313/23
f 787/1314/24 785/1317/24 782/1315/24
f 790/1316/25 788/1319/25 785/1317/25
f 793/1318/26 791/1321/26 788/1319/26
f 796/1320/27 794/1323/27 791/1321/27
f 799/1322/28 797/1535/28 794/1323/28
f 735/1324/29 797/1535/29 799/1322/29
f 811/1536/30 809/1537/30 743/1538/30
f 743/1538/30 738/1539/30 799/1540/30
f 799/1540/30 796/1541/30 793/1326/30
f 793/1326/30 790/1542/30 787/1543/30
f 787/1543/30 784/1544/30 781/1545/30
f 781/1545/30 807/1546/30 806/1547/30
f 781/1545/30 806/1547/30 801/1548/30
f 793/1326/30 787/1543/30 781/1545/30
f 743/1538/30 799/1540/30 793/1326/30
f 810/1549/30 811/1536/30 743/1538/30
f 804/1550/30 810/1549/30 743/1538/30
f 793/1326/30 781/1545/30 801/1548/30
f 793/1326/30 801/1548/30 800/1551/30
f 805/1552/30 804/1550/30 743/1538/30
f 805/1552/30 743/1538/30 793/1326/30
f 793/1326/30 800/1551/30 802/1327/30
f 803/1328/30 805/1552/30 793/1326/30
f 808/1553/30 807/1546/30 781/1545/30
f 781/1545/30 778/1554/30 774/1555/30
f 774/1555/30 770/1556/30 765/1329/30
f 765/1329/30 760/1557/30 755/1558/30
f 755/1558/30 749/1559/30 743/1538/30
f 743/1538/30 809/1537/30 812/1560/30
f 743/1538/30 812/1560/30 815/1561/30
f 765/1329/30 755/1558/30 743/1538/30
f 781/1545/30 774/1555/30 765/1329/30
f 814/1562/30 808/1553/30 781/1545/30
f 813/1563/30 814/1562/30 781/1545/30
f 743/1538/30 815/1561/30 817/1564/30
f 765/1329/30 743/1538/30 817/1564/30
f 816/1565/30 813/1563/30 781/1545/30
f 816/1565/30 781/1545/30 765/1329/30
f 765/1329/30 817/1564/30 819/1566/30
f 765/1329/30 819/1566/30 820/1330/30
f 818/1331/30 816/1565/30 765/1329/30
f 780/1332/31 807/1372/31 808/1333/31
f 794/1337/32 797/1567/32 735/1568/32
f 735/1568/32 741/1569/32 746/1570/32
f 746/1570/32 752/1571/32 757/1572/32
f 757/1572/32 764/1573/32 768/1335/32
f 768/1335/32 772/1574/32 776/1575/32
f 776/1575/32 779/1576/32 782/1336/32
f 782/1336/32 785/1577/32 788/1578/32
f 788/1578/32 791/1579/32 794/1337/32
f 794/1337/32 735/1568/32 746/1570/32
f 746/1570/32 757/1572/32 768/1335/32
f 768/1335/32 776/1575/32 782/1336/32
f 782/1336/32 788/1578/32 794/1337/32
f 794/1337/32 746/1570/32 768/1335/32
f 810/1580/49 804/1581/49 737/1338/49
f 737/1338/33 740/1341/33 822/1339/33
f 821/1340/49 810/1580/49 737/1338/49
f 740/1341/34 742/1343/34 823/1342/34
f 742/1343/35 745/1345/35 824/1344/35
f 745/1345/36 748/1348/36 825/1346/36
f 750/1347/37 826/1350/37 825/1346/37
f 753/1349/38 827/1352/38 826/1350/38
f 756/1351/39 828/1354/39 827/1352/39
f 756/1351/40 759/1356/40 829/1353/40
f 761/1355/41 830/1358/41 829/1353/41
f 763/1357/42 831/1360/42 830/1358/42
f 767/1359/43 832/1362/43 831/1360/43
f 767/1359/44 769/1364/44 833/1361/44
f 771/1363/45 834/1366/45 833/1361/45
f 773/1365/46 835/1368/46 834/1366/46
f 775/1367/47 836/1582/47 835/1368/47
f 837/1370/50 836/1582/50 775/1367/50
f 777/1334/48 808/1333/48 814/1369/48
f 837/1370/50 775/1367/50 777/1334/50
f 783/1371/15 806/1374/15 807/1372/15
f 786/1373/16 801/1376/16 806/1374/16
f 789/1375/17 800/1378/17 801/1376/17
f 792/1377/18 802/1380/18 800/1378/18
f 795/1379/19 803/1382/19 802/1380/19
f 798/1381/20 805/1384/20 803/1382/20
f 737/1383/21 804/1583/21 805/1384/21
f 811/1387/22 736/1584/22 739/1385/22
f 739/1385/51 812/1392/51 809/1386/51
f 737/1390/30 798/1585/30 795/1586/30
f 795/1586/30 792/1587/30 789/1588/30
f 789/1588/30 786/1589/30 783/1590/30
f 783/1590/30 780/1591/30 777/1388/30
f 777/1388/30 775/1592/30 773/1593/30
f 773/1593/30 771/1594/30 769/1595/30
f 769/1595/30 767/1596/30 763/1597/30
f 763/1597/30 761/1598/30 759/1389/30
f 759/1389/30 756/1599/30 753/1600/30
f 753/1600/30 750/1601/30 748/1602/30
f 748/1602/30 745/1603/30 742/1604/30
f 742/1604/30 740/1605/30 737/1390/30
f 737/1390/30 795/1586/30 789/1588/30
f 789/1588/30 783/1590/30 777/1388/30
f 777/1388/30 773/1593/30 769/1595/30
f 769/1595/30 763/1597/30 759/1389/30
f 759/1389/30 753/1600/30 748/1602/30
f 748/1602/30 742/1604/30 737/1390/30
f 737/1390/30 789/1588/30 777/1388/30
f 777/1388/30 769/1595/30 759/1389/30
f 759/1389/30 748/1602/30 737/1390/30
f 744/1391/23 815/1394/23 812/1392/23
f 747/1393/24 817/1396/24 815/1394/24
f 751/1395/25 819/1398/25 817/1396/25
f 754/1397/26 820/1400/26 819/1398/26
f 758/1399/27 818/1402/27 820/1400/27
f 762/1401/28 816/1404/28 818/1402/28
f 766/1403/29 813/1406/29 816/1404/29
f 766/1403/48 837/1606/48 814/1405/48
f 736/1407/49 811/1607/49 810/1408/49
f 821/1412/32 822/1608/32 823/1609/32
f 823/1609/32 824/1610/32 825/1611/32
f 825/1611/32 826/1612/32 827/1613/32
f 827/1613/32 828/1614/32 829/1615/32
f 829/1615/32 830/1616/32 831/1617/32
f 831/1617/32 832/1618/32 833/1619/32
f 833/1619/32 834/1620/32 835/1621/32
f 835/1621/32 836/1622/32 837/1623/32
f 833/1619/32 835/1621/32 837/1623/32
f 829/1615/32 831/1617/32 833/1619/32
f 825/1611/32 827/1613/32 829/1615/32
f 821/1412/32 823/1609/32 825/1611/32
f 821/1412/32 825/1611/32 829/1615/32
f 829/1615/32 833/1619/32 837/1623/32
f 821/1412/32 829/1615/32 837/1623/32
f 744/1624/30 739/1625/30 736/1411/30
f 821/1412/30 837/1623/30 766/1626/30
f 747/1627/30 744/1624/30 736/1411/30
f 821/1412/30 766/1626/30 762/1628/30
f 751/1629/30 747/1627/30 736/1411/30
f 821/1412/30 762/1628/30 758/1630/30
f 754/1410/30 751/1629/30 736/1411/30
f 821/1412/30 758/1630/30 754/1410/30
f 743/1297/31 741/1296/31 735/1413/31
f 852/1415/15 849/1419/15 844/1416/15
f 858/1418/16 855/1421/16 849/1419/16
f 863/1420/17 860/1423/17 855/1421/17
f 868/1422/18 867/1425/18 860/1423/18
f 873/1424/19 871/1427/19 867/1425/19
f 877/1426/20 875/1429/20 871/1427/20
f 881/1428/21 879/1431/21 875/1429/21
f 884/1430/22 882/1433/22 879/1431/22
f 887/1432/23 885/1435/23 882/1433/23
f 890/1434/24 888/1437/24 885/1435/24
f 893/1436/25 891/1439/25 888/1437/25
f 896/1438/26 894/1441/26 891/1439/26
f 899/1440/27 897/1443/27 894/1441/27
f 902/1442/28 900/1631/28 897/1443/28
f 838/1444/29 900/1631/29 902/1442/29
f 914/1632/30 912/1633/30 846/1634/30
f 846/1634/30 841/1635/30 902/1636/30
f 902/1636/30 899/1637/30 896/1446/30
f 896/1446/30 893/1638/30 890/1639/30
f 890/1639/30 887/1640/30 884/1641/30
f 884/1641/30 910/1642/30 909/1643/30
f 884/1641/30 909/1643/30 904/1644/30
f 896/1446/30 890/1639/30 884/1641/30
f 846/1634/30 902/1636/30 896/1446/30
f 913/1645/30 914/1632/30 846/1634/30
f 907/1646/30 913/1645/30 846/1634/30
f 896/1446/30 884/1641/30 904/1644/30
f 896/1446/30 904/1644/30 903/1647/30
f 908/1648/30 907/1646/30 846/1634/30
f 908/1648/30 846/1634/30 896/1446/30
f 896/1446/30 903/1647/30 905/1447/30
f 906/1448/30 908/1648/30 896/1446/30
f 911/1649/30 910/1642/30 884/1641/30
f 884/1641/30 881/1650/30 877/1651/30
f 877/1651/30 873/1652/30 868/1449/30
f 868/1449/30 863/1653/30 858/1654/30
f 858/1654/30 852/1655/30 846/1634/30
f 846/1634/30 912/1633/30 915/1656/30
f 846/1634/30 915/1656/30 918/1657/30
f 868/1449/30 858/1654/30 846/1634/30
f 884/1641/30 877/1651/30 868/1449/30
f 917/1658/30 911/1649/30 884/1641/30
f 916/1659/30 917/1658/30 884/1641/30
f 846/1634/30 918/1657/30 920/1660/30
f 868/1449/30 846/1634/30 920/1660/30
f 919/1661/30 916/1659/30 884/1641/30
f 919/1661/30 884/1641/30 868/1449/30
f 868/1449/30 920/1660/30 922/1662/30
f 868/1449/30 922/1662/30 923/1450/30
f 921/1451/30 919/1661/30 868/1449/30
f 883/1452/31 910/1492/31 911/1453/31
f 897/1457/32 900/1663/32 838/1664/32
f 838/1664/32 844/1665/32 849/1666/32
f 849/1666/32 855/1667/32 860/1668/32
f 860/1668/32 867/1669/32 871/1455/32
f 871/1455/32 875/1670/32 879/1671/32
f 879/1671/32 882/1672/32 885/1456/32
f 885/1456/32 888/1673/32 891/1674/32
f 891/1674/32 894/1675/32 897/1457/32
f 897/1457/32 838/1664/32 849/1666/32
f 849/1666/32 860/1668/32 871/1455/32
f 871/1455/32 879/1671/32 885/1456/32
f 885/1456/32 891/1674/32 897/1457/32
f 897/1457/32 849/1666/32 871/1455/32
f 913/1676/30 907/1677/30 840/1458/30
f 840/1458/33 843/1461/33 925/1459/33
f 924/1460/49 913/1676/49 840/1458/49
f 843/1461/34 845/1463/34 926/1462/34
f 845/1463/35 848/1465/35 927/1464/35
f 848/1465/36 851/1468/36 928/1466/36
f 853/1467/37 929/1470/37 928/1466/37
f 856/1469/38 930/1472/38 929/1470/38
f 859/1471/39 931/1474/39 930/1472/39
f 859/1471/40 862/1476/40 932/1473/40
f 864/1475/41 933/1478/41 932/1473/41
f 866/1477/42 934/1480/42 933/1478/42
f 870/1479/43 935/1482/43 934/1480/43
f 870/1479/44 872/1484/44 936/1481/44
f 874/1483/45 937/1486/45 936/1481/45
f 876/1485/46 938/1488/46 937/1486/46
f 878/1487/47 939/1678/47 938/1488/47
f 940/1490/50 939/1678/50 878/1487/50
f 880/1454/30 911/1453/30 917/1489/30
f 940/1490/50 878/1487/50 880/1454/50
f 886/1491/15 909/1494/15 910/1492/15
f 889/1493/16 904/1496/16 909/1494/16
f 892/1495/17 903/1498/17 904/1496/17
f 895/1497/18 905/1500/18 903/1498/18
f 898/1499/19 906/1502/19 905/1500/19
f 901/1501/20 908/1504/20 906/1502/20
f 840/1503/21 907/1679/21 908/1504/21
f 914/1507/22 839/1680/22 842/1505/22
f 842/1505/52 915/1512/52 912/1506/52
f 840/1510/30 901/1681/30 898/1682/30
f 898/1682/30 895/1683/30 892/1684/30
f 892/1684/30 889/1685/30 886/1686/30
f 886/1686/30 883/1687/30 880/1508/30
f 880/1508/30 878/1688/30 876/1689/30
f 876/1689/30 874/1690/30 872/1691/30
f 872/1691/30 870/1692/30 866/1693/30
f 866/1693/30 864/1694/30 862/1509/30
f 862/1509/30 859/1695/30 856/1696/30
f 856/1696/30 853/1697/30 851/1698/30
f 851/1698/30 848/1699/30 845/1700/30
f 845/1700/30 843/1701/30 840/1510/30
f 840/1510/30 898/1682/30 892/1684/30
f 892/1684/30 886/1686/30 880/1508/30
f 880/1508/30 876/1689/30 872/1691/30
f 872/1691/30 866/1693/30 862/1509/30
f 862/1509/30 856/1696/30 851/1698/30
f 851/1698/30 845/1700/30 840/1510/30
f 840/1510/30 892/1684/30 880/1508/30
f 880/1508/30 872/1691/30 862/1509/30
f 862/1509/30 851/1698/30 840/1510/30
f 847/1511/23 918/1514/23 915/1512/23
f 850/1513/24 920/1516/24 918/1514/24
f 854/1515/25 922/1518/25 920/1516/25
f 857/1517/26 923/1520/26 922/1518/26
f 861/1519/27 921/1522/27 923/1520/27
f 865/1521/28 919/1524/28 921/1522/28
f 869/1523/29 916/1526/29 919/1524/29
f 869/1523/48 940/1702/48 917/1525/48
f 839/1527/30 914/1703/30 913/1528/30
f 924/1532/32 925/1704/32 926/1705/32
f 926/1705/32 927/1706/32 928/1707/32
f 928/1707/32 929/1708/32 930/1709/32
f 930/1709/32 931/1710/32 932/1711/32
f 932/1711/32 933/1712/32 934/1713/32
f 934/1713/32 935/1714/32 936/1715/32
f 936/1715/32 937/1716/32 938/1717/32
f 938/1717/32 939/1718/32 940/1719/32
f 936/1715/32 938/1717/32 940/1719/32
f 932/1711/32 934/1713/32 936/1715/32
f 928/1707/32 930/1709/32 932/1711/32
f 924/1532/32 926/1705/32 928/1707/32
f 924/1532/32 928/1707/32 932/1711/32
f 932/1711/32 936/1715/32 940/1719/32
f 924/1532/32 932/1711/32 940/1719/32
f 847/1720/30 842/1721/30 839/1531/30
f 924/1532/30 940/1719/30 869/1722/30
f 850/1723/30 847/1720/30 839/1531/30
f 924/1532/30 869/1722/30 865/1724/30
f 854/1725/30 850/1723/30 839/1531/30
f 924/1532/30 865/1724/30 861/1726/30
f 857/1530/30 854/1725/30 839/1531/30
f 924/1532/30 861/1726/30 857/1530/30
f 846/1417/31 844/1416/31 838/1533/31
