# Blender 4.4.1
# www.blender.org
mtllib ken.mtl
o Cylinder
v 0.000000 1.000784 -0.036264
v -0.000000 1.152249 -0.099570
v 0.007075 1.000784 -0.035567
v 0.019425 1.152249 -0.097657
v 0.013877 1.000784 -0.033503
v 0.038104 1.152249 -0.091991
v 0.020147 1.000784 -0.030152
v 0.055318 1.152249 -0.082790
v 0.025642 1.000784 -0.025642
v 0.070407 1.152249 -0.070407
v 0.030152 1.000784 -0.020147
v 0.082790 1.152249 -0.055318
v 0.033503 1.000784 -0.013877
v 0.091991 1.152249 -0.038104
v 0.035567 1.000784 -0.007075
v 0.097657 1.152249 -0.019425
v 0.036264 1.000784 0.000000
v 0.099570 1.152249 -0.000000
v 0.035567 1.000784 0.007075
v 0.097657 1.152249 0.019425
v 0.033503 1.000784 0.013877
v 0.091991 1.152249 0.038104
v 0.030152 1.000784 0.020147
v 0.082790 1.152249 0.055318
v 0.025642 1.000784 0.025642
v 0.070407 1.152249 0.070407
v 0.020147 1.000784 0.030152
v 0.055318 1.152249 0.082790
v 0.013877 1.000784 0.033503
v 0.038104 1.152249 0.091991
v 0.007075 1.000784 0.035567
v 0.019425 1.152249 0.097657
v 0.000000 1.000784 0.036264
v -0.000000 1.152249 0.099570
v -0.007075 1.000784 0.035567
v -0.019425 1.152249 0.097657
v -0.013877 1.000784 0.033503
v -0.038104 1.152249 0.091991
v -0.020147 1.000784 0.030152
v -0.055318 1.152249 0.082790
v -0.025642 1.000784 0.025642
v -0.070407 1.152249 0.070407
v -0.030152 1.000784 0.020147
v -0.082790 1.152249 0.055318
v -0.033503 1.000784 0.013877
v -0.091991 1.152249 0.038104
v -0.035567 1.000784 0.007075
v -0.097657 1.152249 0.019425
v -0.036264 1.000784 0.000000
v -0.099570 1.152249 -0.000000
v -0.035567 1.000784 -0.007075
v -0.097657 1.152249 -0.019425
v -0.033503 1.000784 -0.013877
v -0.091991 1.152249 -0.038104
v -0.030152 1.000784 -0.020147
v -0.082790 1.152249 -0.055318
v -0.025642 1.000784 -0.025642
v -0.070407 1.152249 -0.070407
v -0.020147 1.000784 -0.030152
v -0.055318 1.152249 -0.082790
v -0.013877 1.000784 -0.033503
v -0.038104 1.152249 -0.091991
v -0.007075 1.000784 -0.035567
v -0.019425 1.152249 -0.097657
v -0.000000 0.103945 -0.040405
v -0.000000 1.064639 -0.040405
v 0.007883 0.103945 -0.039629
v 0.007883 1.064639 -0.039629
v 0.015462 0.103945 -0.037329
v 0.015462 1.064639 -0.037329
v 0.022448 0.103945 -0.033596
v 0.022448 1.064639 -0.033596
v 0.028571 0.103945 -0.028571
v 0.028571 1.064639 -0.028571
v 0.033596 0.103945 -0.022448
v 0.033596 1.064639 -0.022448
v 0.037329 0.103945 -0.015462
v 0.037329 1.064639 -0.015462
v 0.039629 0.103945 -0.007883
v 0.039629 1.064639 -0.007883
v 0.040405 0.103945 -0.000000
v 0.040405 1.064639 -0.000000
v 0.039629 0.103945 0.007883
v 0.039629 1.064639 0.007883
v 0.037329 0.103945 0.015462
v 0.037329 1.064639 0.015462
v 0.033596 0.103945 0.022448
v 0.033596 1.064639 0.022448
v 0.028571 0.103945 0.028571
v 0.028571 1.064639 0.028571
v 0.022448 0.103945 0.033596
v 0.022448 1.064639 0.033596
v 0.015462 0.103945 0.037329
v 0.015462 1.064639 0.037329
v 0.007883 0.103945 0.039629
v 0.007883 1.064639 0.039629
v -0.000000 0.103945 0.040405
v -0.000000 1.064639 0.040405
v -0.007883 0.103945 0.039629
v -0.007883 1.064639 0.039629
v -0.015462 0.103945 0.037329
v -0.015462 1.064639 0.037329
v -0.022448 0.103945 0.033596
v -0.022448 1.064639 0.033596
v -0.028571 0.103945 0.028571
v -0.028571 1.064639 0.028571
v -0.033596 0.103945 0.022448
v -0.033596 1.064639 0.022448
v -0.037329 0.103945 0.015462
v -0.037329 1.064639 0.015462
v -0.039629 0.103945 0.007883
v -0.039629 1.064639 0.007883
v -0.040405 0.103945 -0.000000
v -0.040405 1.064639 -0.000000
v -0.039629 0.103945 -0.007883
v -0.039629 1.064639 -0.007883
v -0.037329 0.103945 -0.015462
v -0.037329 1.064639 -0.015462
v -0.033596 0.103945 -0.022448
v -0.033596 1.064639 -0.022448
v -0.028571 0.103945 -0.028571
v -0.028571 1.064639 -0.028571
v -0.022448 0.103945 -0.033596
v -0.022448 1.064639 -0.033596
v -0.015462 0.103945 -0.037329
v -0.015462 1.064639 -0.037329
v -0.007883 0.103945 -0.039629
v -0.007883 1.064639 -0.039629
v -0.000000 0.102828 -0.070356
v -0.000000 0.130205 -0.070356
v 0.013726 0.102828 -0.069004
v 0.013726 0.130205 -0.069004
v 0.026924 0.102828 -0.065000
v 0.026924 0.130205 -0.065000
v 0.039088 0.102828 -0.058499
v 0.039088 0.130205 -0.058499
v 0.049749 0.102828 -0.049749
v 0.049749 0.130205 -0.049749
v 0.058499 0.102828 -0.039088
v 0.058499 0.130205 -0.039088
v 0.065000 0.102828 -0.026924
v 0.065000 0.130205 -0.026924
v 0.069004 0.102828 -0.013726
v 0.069004 0.130205 -0.013726
v 0.070356 0.102828 -0.000000
v 0.070356 0.130205 -0.000000
v 0.069004 0.102828 0.013726
v 0.069004 0.130205 0.013726
v 0.065000 0.102828 0.026924
v 0.065000 0.130205 0.026924
v 0.058499 0.102828 0.039088
v 0.058499 0.130205 0.039088
v 0.049749 0.102828 0.049749
v 0.049749 0.130205 0.049749
v 0.039088 0.102828 0.058499
v 0.039088 0.130205 0.058499
v 0.026924 0.102828 0.065000
v 0.026924 0.130205 0.065000
v 0.013726 0.102828 0.069004
v 0.013726 0.130205 0.069004
v -0.000000 0.102828 0.070356
v -0.000000 0.130205 0.070356
v -0.013726 0.102828 0.069004
v -0.013726 0.130205 0.069004
v -0.026924 0.102828 0.065000
v -0.026924 0.130205 0.065000
v -0.039088 0.102828 0.058499
v -0.039088 0.130205 0.058499
v -0.049749 0.102828 0.049749
v -0.049749 0.130205 0.049749
v -0.058499 0.102828 0.039088
v -0.058499 0.130205 0.039088
v -0.065000 0.102828 0.026924
v -0.065000 0.130205 0.026924
v -0.069004 0.102828 0.013726
v -0.069004 0.130205 0.013726
v -0.070356 0.102828 -0.000000
v -0.070356 0.130205 -0.000000
v -0.069004 0.102828 -0.013726
v -0.069004 0.130205 -0.013726
v -0.065000 0.102828 -0.026924
v -0.065000 0.130205 -0.026924
v -0.058499 0.102828 -0.039088
v -0.058499 0.130205 -0.039088
v -0.049749 0.102828 -0.049749
v -0.049749 0.130205 -0.049749
v -0.039088 0.102828 -0.058499
v -0.039088 0.130205 -0.058499
v -0.026924 0.102828 -0.065000
v -0.026924 0.130205 -0.065000
v -0.013726 0.102828 -0.069004
v -0.013726 0.130205 -0.069004
v 0.000000 1.145291 -0.398627
v 0.000000 1.207742 -0.398627
v 0.020949 1.145291 -0.390967
v 0.020949 1.207742 -0.390967
v 0.041093 1.145291 -0.368283
v 0.041093 1.207742 -0.368283
v 0.059657 1.145291 -0.331446
v 0.059657 1.207742 -0.331446
v 0.075929 1.145291 -0.281872
v 0.075929 1.207742 -0.281872
v 0.089283 1.145291 -0.221465
v 0.089283 1.207742 -0.221465
v 0.099206 1.145291 -0.152548
v 0.099206 1.207742 -0.152548
v 0.105317 1.145291 -0.077768
v 0.105317 1.207742 -0.077768
v 0.107380 1.145291 0.000000
v 0.107380 1.207742 0.000000
v 0.105317 1.145291 0.077768
v 0.105317 1.207742 0.077768
v 0.099206 1.145291 0.152548
v 0.099206 1.207742 0.152548
v 0.089283 1.145291 0.221465
v 0.089283 1.207742 0.221465
v 0.075929 1.145291 0.281872
v 0.075929 1.207742 0.281872
v 0.059657 1.145291 0.331446
v 0.059657 1.207742 0.331446
v 0.041093 1.145291 0.368283
v 0.041093 1.207742 0.368283
v 0.020949 1.145291 0.390967
v 0.020949 1.207742 0.390967
v 0.000000 1.145291 0.398627
v 0.000000 1.207742 0.398627
v -0.020949 1.145291 0.390967
v -0.020949 1.207742 0.390967
v -0.041093 1.145291 0.368283
v -0.041093 1.207742 0.368283
v -0.059657 1.145291 0.331446
v -0.059657 1.207742 0.331446
v -0.075929 1.145291 0.281872
v -0.075929 1.207742 0.281872
v -0.089283 1.145291 0.221465
v -0.089283 1.207742 0.221465
v -0.099206 1.145291 0.152548
v -0.099206 1.207742 0.152548
v -0.105317 1.145291 0.077768
v -0.105317 1.207742 0.077768
v -0.107380 1.145291 0.000000
v -0.107380 1.207742 0.000000
v -0.105317 1.145291 -0.077768
v -0.105317 1.207742 -0.077768
v -0.099206 1.145291 -0.152548
v -0.099206 1.207742 -0.152548
v -0.089283 1.145291 -0.221465
v -0.089283 1.207742 -0.221465
v -0.075929 1.145291 -0.281872
v -0.075929 1.207742 -0.281872
v -0.059657 1.145291 -0.331446
v -0.059657 1.207742 -0.331446
v -0.041093 1.145291 -0.368283
v -0.041093 1.207742 -0.368283
v -0.020949 1.145291 -0.390967
v -0.020949 1.207742 -0.390967
v -0.094334 2.160146 0.375131
v 0.000000 4.489986 0.000000
v -0.094334 2.160146 -0.375131
v 0.094334 2.160146 0.375131
v 0.094334 2.160146 -0.375131
v 0.000000 2.060146 0.375131
v 0.000000 2.060146 -0.375131
v 0.000000 3.325066 0.375131
v -0.066033 3.412435 0.262592
v 0.000000 3.325066 -0.375131
v 0.066033 3.412435 0.262592
v 0.066033 3.412435 -0.262592
v -0.066033 3.412435 -0.262592
v 0.066033 3.820157 0.262592
v 0.000000 3.907526 0.375131
v -0.066033 3.820157 0.262592
v 0.066033 3.820157 -0.262592
v 0.000000 3.907526 -0.375131
v -0.066033 3.820157 -0.262592
v 0.000000 1.960146 0.000000
v -0.038051 1.186663 0.151013
v 0.000035 2.125323 -0.000443
v -0.038051 1.186663 -0.151898
v 0.038121 1.186663 0.151013
v 0.038121 1.186663 -0.151898
v 0.000035 1.186663 0.151013
v 0.000035 1.186663 -0.151898
v 0.000035 1.818782 0.151013
v -0.026626 1.866190 0.105576
v 0.000035 1.818782 -0.151898
v 0.026695 1.866190 0.105576
v 0.026695 1.866190 -0.106461
v -0.026626 1.866190 -0.106461
v 0.026695 2.087432 0.105576
v 0.000035 2.134841 0.151013
v -0.026626 2.087431 0.105576
v 0.026695 2.087432 -0.106461
v 0.000035 2.134840 -0.151898
v -0.026626 2.087432 -0.106461
v 0.002099 1.381721 0.143707
v 0.002099 1.852323 0.143707
v 0.024063 1.381721 0.145871
v 0.024063 1.852323 0.145871
v 0.045183 1.381721 0.152277
v 0.045183 1.852323 0.152277
v 0.064648 1.381721 0.162681
v 0.064648 1.852323 0.162681
v 0.081708 1.381721 0.176682
v 0.081708 1.852323 0.176682
v 0.095710 1.381721 0.193743
v 0.095710 1.852323 0.193743
v 0.106113 1.381721 0.213207
v 0.106113 1.852323 0.213207
v 0.112520 1.381721 0.234327
v 0.112520 1.852323 0.234327
v 0.114683 1.381721 0.256291
v 0.114683 1.852323 0.256291
v 0.112520 1.381721 0.278255
v 0.112520 1.852323 0.278255
v 0.106113 1.381721 0.299375
v 0.106113 1.852323 0.299375
v 0.095710 1.381721 0.318840
v 0.095710 1.852323 0.318840
v 0.081708 1.381721 0.335900
v 0.081708 1.852323 0.335900
v 0.064648 1.381721 0.349901
v 0.064648 1.852323 0.349901
v 0.045183 1.381721 0.360305
v 0.045183 1.852323 0.360305
v 0.024063 1.381721 0.366712
v 0.024063 1.852323 0.366712
v 0.002099 1.381721 0.368875
v 0.002099 1.852323 0.368875
v -0.019865 1.381721 0.366712
v -0.019865 1.852323 0.366712
v -0.040985 1.381721 0.360305
v -0.040985 1.852323 0.360305
v -0.060449 1.381721 0.349901
v -0.060449 1.852323 0.349901
v -0.077510 1.381721 0.335900
v -0.077510 1.852323 0.335900
v -0.091511 1.381721 0.318840
v -0.091511 1.852323 0.318840
v -0.101915 1.381721 0.299375
v -0.101915 1.852323 0.299375
v -0.108321 1.381721 0.278255
v -0.108321 1.852323 0.278255
v -0.110485 1.381721 0.256291
v -0.110485 1.852323 0.256291
v -0.108321 1.381721 0.234327
v -0.108321 1.852323 0.234327
v -0.101915 1.381721 0.213207
v -0.101915 1.852323 0.213207
v -0.091511 1.381721 0.193743
v -0.091511 1.852323 0.193743
v -0.077510 1.381721 0.176682
v -0.077510 1.852323 0.176682
v -0.060449 1.381721 0.162681
v -0.060449 1.852323 0.162681
v -0.040985 1.381721 0.152277
v -0.040985 1.852323 0.152277
v -0.019865 1.381721 0.145871
v -0.019865 1.852323 0.145871
v 0.021080 1.904119 0.160870
v 0.002099 1.904119 0.159000
v 0.039331 1.904119 0.166406
v 0.056152 1.904119 0.175397
v 0.070895 1.904119 0.187496
v 0.082994 1.904119 0.202239
v 0.091985 1.904119 0.219060
v 0.097521 1.904119 0.237311
v 0.099391 1.904119 0.256291
v 0.097521 1.904119 0.275272
v 0.091985 1.904119 0.293523
v 0.082994 1.904119 0.310343
v 0.070895 1.904119 0.325087
v 0.056152 1.904119 0.337186
v 0.039331 1.904119 0.346177
v 0.021080 1.904119 0.351713
v 0.002099 1.904119 0.353583
v -0.016881 1.904119 0.351713
v -0.035132 1.904119 0.346177
v -0.051953 1.904119 0.337186
v -0.066696 1.904119 0.325087
v -0.078795 1.904119 0.310343
v -0.087786 1.904119 0.293523
v -0.093322 1.904119 0.275272
v -0.095192 1.904119 0.256291
v -0.093322 1.904119 0.237311
v -0.087786 1.904119 0.219060
v -0.078795 1.904119 0.202239
v -0.066696 1.904119 0.187496
v -0.051953 1.904119 0.175397
v -0.035132 1.904119 0.166406
v -0.016881 1.904119 0.160870
v 0.021080 1.904119 0.160870
v 0.002099 1.904119 0.159000
v 0.039331 1.904119 0.166406
v 0.056152 1.904119 0.175397
v 0.070895 1.904119 0.187496
v 0.082994 1.904119 0.202239
v 0.091985 1.904119 0.219060
v 0.097521 1.904119 0.237311
v 0.099391 1.904119 0.256291
v 0.097521 1.904119 0.275272
v 0.091985 1.904119 0.293523
v 0.082994 1.904119 0.310343
v 0.070895 1.904119 0.325087
v 0.056152 1.904119 0.337186
v 0.039331 1.904119 0.346177
v 0.021080 1.904119 0.351713
v 0.002099 1.904119 0.353583
v -0.016881 1.904119 0.351713
v -0.035132 1.904119 0.346177
v -0.051953 1.904119 0.337186
v -0.066696 1.904119 0.325087
v -0.078795 1.904119 0.310343
v -0.087786 1.904119 0.293523
v -0.093322 1.904119 0.275272
v -0.095192 1.904119 0.256291
v -0.093322 1.904119 0.237311
v -0.087786 1.904119 0.219060
v -0.078795 1.904119 0.202239
v -0.066696 1.904119 0.187496
v -0.051953 1.904119 0.175397
v -0.035132 1.904119 0.166406
v -0.016881 1.904119 0.160870
v 0.015040 1.967689 0.191232
v 0.002099 1.967689 0.189958
v 0.027484 1.967689 0.195007
v 0.038952 1.967689 0.201137
v 0.049004 1.967689 0.209386
v 0.057254 1.967689 0.219438
v 0.063384 1.967689 0.230906
v 0.067159 1.967689 0.243350
v 0.068433 1.967689 0.256291
v 0.067159 1.967689 0.269232
v 0.063384 1.967689 0.281676
v 0.057254 1.967689 0.293144
v 0.049004 1.967689 0.303196
v 0.038952 1.967689 0.311446
v 0.027484 1.967689 0.317576
v 0.015040 1.967689 0.321351
v 0.002099 1.967689 0.322625
v -0.010842 1.967689 0.321351
v -0.023285 1.967689 0.317576
v -0.034754 1.967689 0.311446
v -0.044806 1.967689 0.303196
v -0.053055 1.967689 0.293144
v -0.059185 1.967689 0.281676
v -0.062960 1.967689 0.269232
v -0.064234 1.967689 0.256291
v -0.062960 1.967689 0.243350
v -0.059185 1.967689 0.230906
v -0.053055 1.967689 0.219438
v -0.044806 1.967689 0.209386
v -0.034754 1.967689 0.201137
v -0.023285 1.967689 0.195007
v -0.010842 1.967689 0.191232
v 0.002099 1.995904 0.256291
v 0.002099 1.319021 0.160460
v 0.020795 1.319021 0.162301
v 0.038773 1.319021 0.167755
v 0.055341 1.319021 0.176610
v 0.069863 1.319021 0.188528
v 0.081780 1.319021 0.203050
v 0.090636 1.319021 0.219618
v 0.096090 1.319021 0.237596
v 0.097931 1.319021 0.256291
v 0.096090 1.319021 0.274987
v 0.090636 1.319021 0.292964
v 0.081780 1.319021 0.309532
v 0.069863 1.319021 0.324054
v 0.055341 1.319021 0.335972
v 0.038773 1.319021 0.344828
v 0.020795 1.319021 0.350281
v 0.002099 1.319021 0.352123
v -0.016596 1.319021 0.350281
v -0.034574 1.319021 0.344828
v -0.051142 1.319021 0.335972
v -0.065664 1.319021 0.324054
v -0.077582 1.319021 0.309532
v -0.086437 1.319021 0.292964
v -0.091891 1.319021 0.274987
v -0.093732 1.319021 0.256291
v -0.091891 1.319021 0.237596
v -0.086437 1.319021 0.219618
v -0.077582 1.319021 0.203050
v -0.065664 1.319021 0.188528
v -0.051142 1.319021 0.176610
v -0.034574 1.319021 0.167755
v -0.016596 1.319021 0.162301
v 0.002099 1.256321 0.200149
v 0.013052 1.256321 0.201228
v 0.023584 1.256321 0.204422
v 0.033291 1.256321 0.209610
v 0.041798 1.256321 0.216593
v 0.048780 1.256321 0.225100
v 0.053968 1.256321 0.234806
v 0.057163 1.256321 0.245338
v 0.058242 1.256321 0.256291
v 0.057163 1.256321 0.267244
v 0.053968 1.256321 0.277776
v 0.048780 1.256321 0.287482
v 0.041798 1.256321 0.295990
v 0.033291 1.256321 0.302972
v 0.023584 1.256321 0.308160
v 0.013052 1.256321 0.311355
v 0.002099 1.256321 0.312434
v -0.008853 1.256321 0.311355
v -0.019385 1.256321 0.308160
v -0.029092 1.256321 0.302972
v -0.037599 1.256321 0.295990
v -0.044581 1.256321 0.287482
v -0.049770 1.256321 0.277776
v -0.052964 1.256321 0.267244
v -0.054043 1.256321 0.256291
v -0.052964 1.256321 0.245338
v -0.049770 1.256321 0.234806
v -0.044581 1.256321 0.225100
v -0.037599 1.256321 0.216593
v -0.029092 1.256321 0.209610
v -0.019385 1.256321 0.204422
v -0.008853 1.256321 0.201228
v 0.002099 1.236521 0.256291
v 0.002099 1.381721 -0.356293
v 0.002099 1.852323 -0.356293
v 0.024063 1.381721 -0.354129
v 0.024063 1.852323 -0.354129
v 0.045183 1.381721 -0.347723
v 0.045183 1.852323 -0.347723
v 0.064648 1.381721 -0.337319
v 0.064648 1.852323 -0.337319
v 0.081708 1.381721 -0.323318
v 0.081708 1.852323 -0.323318
v 0.095710 1.381721 -0.306257
v 0.095710 1.852323 -0.306257
v 0.106113 1.381721 -0.286793
v 0.106113 1.852323 -0.286793
v 0.112520 1.381721 -0.265673
v 0.112520 1.852323 -0.265673
v 0.114683 1.381721 -0.243709
v 0.114683 1.852323 -0.243709
v 0.112520 1.381721 -0.221745
v 0.112520 1.852323 -0.221745
v 0.106113 1.381721 -0.200625
v 0.106113 1.852323 -0.200625
v 0.095710 1.381721 -0.181160
v 0.095710 1.852323 -0.181160
v 0.081708 1.381721 -0.164100
v 0.081708 1.852323 -0.164100
v 0.064648 1.381721 -0.150098
v 0.064648 1.852323 -0.150098
v 0.045183 1.381721 -0.139695
v 0.045183 1.852323 -0.139695
v 0.024063 1.381721 -0.133288
v 0.024063 1.852323 -0.133288
v 0.002099 1.381721 -0.131125
v 0.002099 1.852323 -0.131125
v -0.019865 1.381721 -0.133288
v -0.019865 1.852323 -0.133288
v -0.040985 1.381721 -0.139695
v -0.040985 1.852323 -0.139695
v -0.060449 1.381721 -0.150098
v -0.060449 1.852323 -0.150098
v -0.077510 1.381721 -0.164100
v -0.077510 1.852323 -0.164100
v -0.091511 1.381721 -0.181160
v -0.091511 1.852323 -0.181160
v -0.101915 1.381721 -0.200625
v -0.101915 1.852323 -0.200625
v -0.108321 1.381721 -0.221745
v -0.108321 1.852323 -0.221745
v -0.110485 1.381721 -0.243709
v -0.110485 1.852323 -0.243709
v -0.108321 1.381721 -0.265673
v -0.108321 1.852323 -0.265673
v -0.101915 1.381721 -0.286793
v -0.101915 1.852323 -0.286793
v -0.091511 1.381721 -0.306257
v -0.091511 1.852323 -0.306257
v -0.077510 1.381721 -0.323318
v -0.077510 1.852323 -0.323318
v -0.060449 1.381721 -0.337319
v -0.060449 1.852323 -0.337319
v -0.040985 1.381721 -0.347723
v -0.040985 1.852323 -0.347723
v -0.019865 1.381721 -0.354129
v -0.019865 1.852323 -0.354129
v 0.021080 1.904119 -0.339130
v 0.002099 1.904119 -0.341000
v 0.039331 1.904119 -0.333594
v 0.056152 1.904119 -0.324603
v 0.070895 1.904119 -0.312504
v 0.082994 1.904119 -0.297761
v 0.091985 1.904119 -0.280940
v 0.097521 1.904119 -0.262689
v 0.099391 1.904119 -0.243709
v 0.097521 1.904119 -0.224728
v 0.091985 1.904119 -0.206477
v 0.082994 1.904119 -0.189657
v 0.070895 1.904119 -0.174913
v 0.056152 1.904119 -0.162814
v 0.039331 1.904119 -0.153823
v 0.021080 1.904119 -0.148287
v 0.002099 1.904119 -0.146417
v -0.016881 1.904119 -0.148287
v -0.035132 1.904119 -0.153823
v -0.051953 1.904119 -0.162814
v -0.066696 1.904119 -0.174913
v -0.078795 1.904119 -0.189657
v -0.087786 1.904119 -0.206477
v -0.093322 1.904119 -0.224728
v -0.095192 1.904119 -0.243709
v -0.093322 1.904119 -0.262689
v -0.087786 1.904119 -0.280940
v -0.078795 1.904119 -0.297761
v -0.066696 1.904119 -0.312504
v -0.051953 1.904119 -0.324603
v -0.035132 1.904119 -0.333594
v -0.016881 1.904119 -0.339130
v 0.021080 1.904119 -0.339130
v 0.002099 1.904119 -0.341000
v 0.039331 1.904119 -0.333594
v 0.056152 1.904119 -0.324603
v 0.070895 1.904119 -0.312504
v 0.082994 1.904119 -0.297761
v 0.091985 1.904119 -0.280940
v 0.097521 1.904119 -0.262689
v 0.099391 1.904119 -0.243709
v 0.097521 1.904119 -0.224728
v 0.091985 1.904119 -0.206477
v 0.082994 1.904119 -0.189657
v 0.070895 1.904119 -0.174913
v 0.056152 1.904119 -0.162814
v 0.039331 1.904119 -0.153823
v 0.021080 1.904119 -0.148287
v 0.002099 1.904119 -0.146417
v -0.016881 1.904119 -0.148287
v -0.035132 1.904119 -0.153823
v -0.051953 1.904119 -0.162814
v -0.066696 1.904119 -0.174913
v -0.078795 1.904119 -0.189657
v -0.087786 1.904119 -0.206477
v -0.093322 1.904119 -0.224728
v -0.095192 1.904119 -0.243709
v -0.093322 1.904119 -0.262689
v -0.087786 1.904119 -0.280940
v -0.078795 1.904119 -0.297761
v -0.066696 1.904119 -0.312504
v -0.051953 1.904119 -0.324603
v -0.035132 1.904119 -0.333594
v -0.016881 1.904119 -0.339130
v 0.015040 1.967689 -0.308768
v 0.002099 1.967689 -0.310042
v 0.027484 1.967689 -0.304993
v 0.038952 1.967689 -0.298863
v 0.049004 1.967689 -0.290614
v 0.057254 1.967689 -0.280562
v 0.063384 1.967689 -0.269093
v 0.067159 1.967689 -0.256650
v 0.068433 1.967689 -0.243709
v 0.067159 1.967689 -0.230768
v 0.063384 1.967689 -0.218324
v 0.057254 1.967689 -0.206856
v 0.049004 1.967689 -0.196804
v 0.038952 1.967689 -0.188554
v 0.027484 1.967689 -0.182424
v 0.015040 1.967689 -0.178649
v 0.002099 1.967689 -0.177375
v -0.010842 1.967689 -0.178649
v -0.023285 1.967689 -0.182424
v -0.034754 1.967689 -0.188554
v -0.044806 1.967689 -0.196804
v -0.053055 1.967689 -0.206856
v -0.059185 1.967689 -0.218324
v -0.062960 1.967689 -0.230768
v -0.064234 1.967689 -0.243709
v -0.062960 1.967689 -0.256650
v -0.059185 1.967689 -0.269093
v -0.053055 1.967689 -0.280562
v -0.044806 1.967689 -0.290614
v -0.034754 1.967689 -0.298863
v -0.023285 1.967689 -0.304993
v -0.010842 1.967689 -0.308768
v 0.002099 1.995904 -0.243709
v 0.002099 1.319021 -0.339540
v 0.020795 1.319021 -0.337699
v 0.038773 1.319021 -0.332245
v 0.055341 1.319021 -0.323390
v 0.069863 1.319021 -0.311472
v 0.081780 1.319021 -0.296950
v 0.090636 1.319021 -0.280382
v 0.096090 1.319021 -0.262404
v 0.097931 1.319021 -0.243709
v 0.096090 1.319021 -0.225013
v 0.090636 1.319021 -0.207035
v 0.081780 1.319021 -0.190467
v 0.069863 1.319021 -0.175946
v 0.055341 1.319021 -0.164028
v 0.038773 1.319021 -0.155172
v 0.020795 1.319021 -0.149718
v 0.002099 1.319021 -0.147877
v -0.016596 1.319021 -0.149718
v -0.034574 1.319021 -0.155172
v -0.051142 1.319021 -0.164028
v -0.065664 1.319021 -0.175946
v -0.077582 1.319021 -0.190467
v -0.086437 1.319021 -0.207035
v -0.091891 1.319021 -0.225013
v -0.093732 1.319021 -0.243709
v -0.091891 1.319021 -0.262404
v -0.086437 1.319021 -0.280382
v -0.077582 1.319021 -0.296950
v -0.065664 1.319021 -0.311472
v -0.051142 1.319021 -0.323390
v -0.034574 1.319021 -0.332245
v -0.016596 1.319021 -0.337699
v 0.002099 1.256321 -0.299851
v 0.013052 1.256321 -0.298772
v 0.023584 1.256321 -0.295578
v 0.033291 1.256321 -0.290389
v 0.041798 1.256321 -0.283407
v 0.048780 1.256321 -0.274900
v 0.053968 1.256321 -0.265193
v 0.057163 1.256321 -0.254662
v 0.058242 1.256321 -0.243709
v 0.057163 1.256321 -0.232756
v 0.053968 1.256321 -0.222224
v 0.048780 1.256321 -0.212517
v 0.041798 1.256321 -0.204010
v 0.033291 1.256321 -0.197028
v 0.023584 1.256321 -0.191840
v 0.013052 1.256321 -0.188645
v 0.002099 1.256321 -0.187566
v -0.008853 1.256321 -0.188645
v -0.019385 1.256321 -0.191840
v -0.029092 1.256321 -0.197028
v -0.037599 1.256321 -0.204010
v -0.044581 1.256321 -0.212517
v -0.049770 1.256321 -0.222224
v -0.052964 1.256321 -0.232756
v -0.054043 1.256321 -0.243709
v -0.052964 1.256321 -0.254662
v -0.049770 1.256321 -0.265193
v -0.044581 1.256321 -0.274900
v -0.037599 1.256321 -0.283407
v -0.029092 1.256321 -0.290389
v -0.019385 1.256321 -0.295578
v -0.008853 1.256321 -0.298772
v 0.002099 1.236521 -0.243709
v 0.024758 1.962455 0.237042
v 0.112463 2.148712 0.237042
v 0.028924 1.960493 0.237416
v 0.116628 2.146751 0.237416
v 0.032930 1.958607 0.238523
v 0.120634 2.144865 0.238523
v 0.036621 1.956869 0.240322
v 0.124326 2.143126 0.240322
v 0.039857 1.955345 0.242742
v 0.127561 2.141603 0.242742
v 0.042513 1.954095 0.245691
v 0.130217 2.140352 0.245691
v 0.044486 1.953165 0.249056
v 0.132190 2.139423 0.249056
v 0.045701 1.952593 0.252706
v 0.133405 2.138851 0.252706
v 0.046111 1.952400 0.256503
v 0.133815 2.138658 0.256503
v 0.045701 1.952593 0.260300
v 0.133405 2.138851 0.260300
v 0.044486 1.953165 0.263950
v 0.132190 2.139423 0.263950
v 0.042513 1.954095 0.267315
v 0.130217 2.140352 0.267315
v 0.039857 1.955345 0.270264
v 0.127561 2.141603 0.270264
v 0.036621 1.956869 0.272684
v 0.124326 2.143126 0.272684
v 0.032930 1.958607 0.274483
v 0.120634 2.144865 0.274483
v 0.028924 1.960493 0.275590
v 0.116628 2.146751 0.275590
v 0.024758 1.962455 0.275964
v 0.112463 2.148712 0.275964
v 0.020593 1.964416 0.275590
v 0.108297 2.150674 0.275590
v 0.016587 1.966302 0.274483
v 0.104291 2.152560 0.274483
v 0.012895 1.968040 0.272684
v 0.100600 2.154298 0.272684
v 0.009660 1.969564 0.270264
v 0.097364 2.155822 0.270264
v 0.007004 1.970814 0.267315
v 0.094708 2.157072 0.267315
v 0.005031 1.971744 0.263950
v 0.092735 2.158001 0.263950
v 0.003816 1.972316 0.260300
v 0.091520 2.158574 0.260300
v 0.003406 1.972509 0.256503
v 0.091110 2.158767 0.256503
v 0.003816 1.972316 0.252706
v 0.091520 2.158574 0.252706
v 0.005031 1.971744 0.249056
v 0.092735 2.158001 0.249056
v 0.007004 1.970814 0.245691
v 0.094708 2.157072 0.245691
v 0.009660 1.969564 0.242742
v 0.097364 2.155822 0.242742
v 0.012895 1.968040 0.240322
v 0.100600 2.154298 0.240322
v 0.016587 1.966302 0.238523
v 0.104291 2.152560 0.238523
v 0.020593 1.964416 0.237416
v 0.108297 2.150674 0.237416
v 0.115730 2.242999 0.237416
v 0.111565 2.244961 0.237042
v 0.119736 2.241113 0.238523
v 0.123428 2.239375 0.240322
v 0.126663 2.237851 0.242742
v 0.129319 2.236601 0.245691
v 0.131292 2.235672 0.249056
v 0.132507 2.235099 0.252706
v 0.132917 2.234906 0.256503
v 0.132507 2.235099 0.260300
v 0.131292 2.235672 0.263950
v 0.129319 2.236601 0.267315
v 0.126663 2.237851 0.270264
v 0.123428 2.239375 0.272684
v 0.119736 2.241113 0.274483
v 0.115730 2.242999 0.275590
v 0.111565 2.244961 0.275964
v 0.107399 2.246922 0.275590
v 0.103393 2.248808 0.274483
v 0.099702 2.250546 0.272684
v 0.096466 2.252070 0.270264
v 0.093810 2.253321 0.267315
v 0.091837 2.254250 0.263950
v 0.090622 2.254822 0.260300
v 0.090212 2.255015 0.256503
v 0.090622 2.254822 0.252706
v 0.091837 2.254250 0.249056
v 0.093810 2.253321 0.245691
v 0.096466 2.252070 0.242742
v 0.099702 2.250546 0.240322
v 0.103393 2.248808 0.238523
v 0.107399 2.246922 0.237416
v 0.113647 2.243980 0.237229
v 0.117733 2.242056 0.237970
v 0.121582 2.240244 0.239423
v 0.125045 2.238613 0.241532
v 0.127991 2.237226 0.244217
v 0.130305 2.236136 0.247373
v 0.131900 2.235385 0.250881
v 0.132712 2.235003 0.254605
v 0.132712 2.235003 0.258401
v 0.131900 2.235385 0.262125
v 0.130305 2.236136 0.265633
v 0.127991 2.237226 0.268789
v 0.125045 2.238613 0.271474
v 0.121582 2.240244 0.273583
v 0.117733 2.242056 0.275036
v 0.113647 2.243980 0.275777
v 0.109482 2.245941 0.275777
v 0.105396 2.247865 0.275036
v 0.101547 2.249677 0.273583
v 0.098084 2.251308 0.271474
v 0.095138 2.252696 0.268789
v 0.092824 2.253785 0.265633
v 0.091230 2.254536 0.262125
v 0.090417 2.254919 0.258401
v 0.090417 2.254919 0.254605
v 0.091230 2.254536 0.250881
v 0.092824 2.253785 0.247373
v 0.095138 2.252696 0.244217
v 0.098084 2.251308 0.241532
v 0.101547 2.249677 0.239423
v 0.105396 2.247865 0.237970
v 0.109482 2.245941 0.237229
v 0.115630 2.319039 0.237416
v 0.111465 2.321001 0.237042
v 0.119636 2.317153 0.238523
v 0.123328 2.315415 0.240322
v 0.126563 2.313891 0.242742
v 0.129219 2.312641 0.245691
v 0.131192 2.311712 0.249056
v 0.132407 2.311139 0.252706
v 0.132818 2.310946 0.256503
v 0.132407 2.311139 0.260300
v 0.131192 2.311712 0.263950
v 0.129219 2.312641 0.267315
v 0.126563 2.313891 0.270264
v 0.123328 2.315415 0.272684
v 0.119636 2.317153 0.274483
v 0.115630 2.319039 0.275590
v 0.111465 2.321001 0.275964
v 0.107299 2.322962 0.275590
v 0.103293 2.324848 0.274483
v 0.099602 2.326587 0.272684
v 0.096366 2.328110 0.270264
v 0.093711 2.329361 0.267315
v 0.091737 2.330290 0.263950
v 0.090522 2.330862 0.260300
v 0.090112 2.331055 0.256503
v 0.090522 2.330862 0.252706
v 0.091737 2.330290 0.249056
v 0.093711 2.329361 0.245691
v 0.096366 2.328110 0.242742
v 0.099602 2.326587 0.240322
v 0.103293 2.324848 0.238523
v 0.107299 2.322962 0.237416
v 0.113548 2.320020 0.237229
v 0.117633 2.318096 0.237970
v 0.121482 2.316284 0.239423
v 0.124946 2.314653 0.241532
v 0.127891 2.313266 0.244217
v 0.130206 2.312176 0.247373
v 0.131800 2.311425 0.250881
v 0.132612 2.311043 0.254605
v 0.132612 2.311043 0.258401
v 0.131800 2.311425 0.262125
v 0.130206 2.312176 0.265633
v 0.127891 2.313266 0.268789
v 0.124946 2.314653 0.271474
v 0.121482 2.316284 0.273583
v 0.117633 2.318096 0.275036
v 0.113548 2.320020 0.275777
v 0.109382 2.321981 0.275777
v 0.105296 2.323905 0.275036
v 0.101448 2.325717 0.273583
v 0.097984 2.327348 0.271474
v 0.095038 2.328735 0.268789
v 0.092724 2.329825 0.265633
v 0.091130 2.330576 0.262125
v 0.090317 2.330959 0.258401
v 0.090317 2.330959 0.254605
v 0.091130 2.330576 0.250881
v 0.092724 2.329825 0.247373
v 0.095038 2.328735 0.244217
v 0.097984 2.327348 0.241532
v 0.101448 2.325717 0.239423
v 0.105296 2.323905 0.237970
v 0.109382 2.321981 0.237229
v 0.115630 2.319039 0.237416
v 0.111465 2.321001 0.237042
v 0.119636 2.317153 0.238523
v 0.123328 2.315415 0.240322
v 0.126563 2.313891 0.242742
v 0.129219 2.312641 0.245691
v 0.131192 2.311712 0.249056
v 0.132407 2.311139 0.252706
v 0.132818 2.310946 0.256503
v 0.132407 2.311139 0.260300
v 0.131192 2.311712 0.263950
v 0.129219 2.312641 0.267315
v 0.126563 2.313891 0.270264
v 0.123328 2.315415 0.272684
v 0.119636 2.317153 0.274483
v 0.115630 2.319039 0.275590
v 0.111465 2.321001 0.275964
v 0.107299 2.322962 0.275590
v 0.103293 2.324848 0.274483
v 0.099602 2.326587 0.272684
v 0.096366 2.328110 0.270264
v 0.093711 2.329361 0.267315
v 0.091737 2.330290 0.263950
v 0.090522 2.330862 0.260300
v 0.090112 2.331055 0.256503
v 0.090522 2.330862 0.252706
v 0.091737 2.330290 0.249056
v 0.093711 2.329361 0.245691
v 0.096366 2.328110 0.242742
v 0.099602 2.326587 0.240322
v 0.103293 2.324848 0.238523
v 0.107299 2.322962 0.237416
v 0.113548 2.320020 0.237229
v 0.117633 2.318096 0.237970
v 0.121482 2.316284 0.239423
v 0.124946 2.314653 0.241532
v 0.127891 2.313266 0.244217
v 0.130206 2.312176 0.247373
v 0.131800 2.311425 0.250881
v 0.132612 2.311043 0.254605
v 0.132612 2.311043 0.258401
v 0.131800 2.311425 0.262125
v 0.130206 2.312176 0.265633
v 0.127891 2.313266 0.268789
v 0.124946 2.314653 0.271474
v 0.121482 2.316284 0.273583
v 0.117633 2.318096 0.275036
v 0.113548 2.320020 0.275777
v 0.109382 2.321981 0.275777
v 0.105296 2.323905 0.275036
v 0.101448 2.325717 0.273583
v 0.097984 2.327348 0.271474
v 0.095038 2.328735 0.268789
v 0.092724 2.329825 0.265633
v 0.091130 2.330576 0.262125
v 0.090317 2.330959 0.258401
v 0.090317 2.330959 0.254605
v 0.091130 2.330576 0.250881
v 0.092724 2.329825 0.247373
v 0.095038 2.328735 0.244217
v 0.097984 2.327348 0.241532
v 0.101448 2.325717 0.239423
v 0.105296 2.323905 0.237970
v 0.109382 2.321981 0.237229
v 0.115630 2.319039 0.237416
v 0.111465 2.321001 0.237042
v 0.119636 2.317153 0.238523
v 0.123328 2.315415 0.240322
v 0.126563 2.313891 0.242742
v 0.129219 2.312641 0.245691
v 0.131192 2.311712 0.249056
v 0.132407 2.311139 0.252706
v 0.132818 2.310946 0.256503
v 0.132407 2.311139 0.260300
v 0.131192 2.311712 0.263950
v 0.129219 2.312641 0.267315
v 0.126563 2.313891 0.270264
v 0.123328 2.315415 0.272684
v 0.119636 2.317153 0.274483
v 0.115630 2.319039 0.275590
v 0.111465 2.321001 0.275964
v 0.107299 2.322962 0.275590
v 0.103293 2.324848 0.274483
v 0.099602 2.326587 0.272684
v 0.096366 2.328110 0.270264
v 0.093711 2.329361 0.267315
v 0.091737 2.330290 0.263950
v 0.090522 2.330862 0.260300
v 0.090112 2.331055 0.256503
v 0.090522 2.330862 0.252706
v 0.091737 2.330290 0.249056
v 0.093711 2.329361 0.245691
v 0.096366 2.328110 0.242742
v 0.099602 2.326587 0.240322
v 0.103293 2.324848 0.238523
v 0.107299 2.322962 0.237416
v 0.113548 2.320020 0.237229
v 0.117633 2.318096 0.237970
v 0.121482 2.316284 0.239423
v 0.124946 2.314653 0.241532
v 0.127891 2.313266 0.244217
v 0.130206 2.312176 0.247373
v 0.131800 2.311425 0.250881
v 0.132612 2.311043 0.254605
v 0.132612 2.311043 0.258401
v 0.131800 2.311425 0.262125
v 0.130206 2.312176 0.265633
v 0.127891 2.313266 0.268789
v 0.124946 2.314653 0.271474
v 0.121482 2.316284 0.273583
v 0.117633 2.318096 0.275036
v 0.113548 2.320020 0.275777
v 0.109382 2.321981 0.275777
v 0.105296 2.323905 0.275036
v 0.101448 2.325717 0.273583
v 0.097984 2.327348 0.271474
v 0.095038 2.328735 0.268789
v 0.092724 2.329825 0.265633
v 0.091130 2.330576 0.262125
v 0.090317 2.330959 0.258401
v 0.090317 2.330959 0.254605
v 0.091130 2.330576 0.250881
v 0.092724 2.329825 0.247373
v 0.095038 2.328735 0.244217
v 0.097984 2.327348 0.241532
v 0.101448 2.325717 0.239423
v 0.105296 2.323905 0.237970
v 0.109382 2.321981 0.237229
v 0.100020 2.842523 0.137415
v 0.095855 2.842299 0.137116
v 0.104026 2.843186 0.138302
v 0.107718 2.844263 0.139742
v 0.110953 2.845713 0.141680
v 0.113609 2.847479 0.144041
v 0.115582 2.849495 0.146735
v 0.116797 2.851682 0.149659
v 0.117207 2.853956 0.152699
v 0.116797 2.856230 0.155739
v 0.115582 2.858418 0.158662
v 0.113609 2.860433 0.161356
v 0.110953 2.862199 0.163718
v 0.107718 2.863649 0.165655
v 0.104026 2.864727 0.167096
v 0.100020 2.865390 0.167982
v 0.095855 2.865614 0.168282
v 0.091689 2.865390 0.167982
v 0.087683 2.864727 0.167096
v 0.083992 2.863649 0.165655
v 0.080756 2.862199 0.163718
v 0.078100 2.860433 0.161356
v 0.076127 2.858418 0.158662
v 0.074912 2.856230 0.155739
v 0.074502 2.853956 0.152699
v 0.074912 2.851682 0.149659
v 0.076127 2.849495 0.146735
v 0.078100 2.847479 0.144041
v 0.080756 2.845713 0.141680
v 0.083992 2.844263 0.139742
v 0.087683 2.843186 0.138302
v 0.091689 2.842523 0.137415
v 0.097938 2.842410 0.137265
v 0.102023 2.842854 0.137859
v 0.105872 2.843724 0.139022
v 0.109336 2.844988 0.140711
v 0.112281 2.846596 0.142861
v 0.114595 2.848487 0.145388
v 0.116190 2.850588 0.148197
v 0.117002 2.852819 0.151179
v 0.117002 2.855093 0.154219
v 0.116190 2.857324 0.157200
v 0.114596 2.859425 0.160009
v 0.112281 2.861316 0.162537
v 0.109336 2.862924 0.164687
v 0.105872 2.864188 0.166375
v 0.102023 2.865058 0.167539
v 0.097938 2.865502 0.168132
v 0.093772 2.865502 0.168132
v 0.089686 2.865058 0.167539
v 0.085837 2.864188 0.166375
v 0.082374 2.862924 0.164687
v 0.079428 2.861316 0.162537
v 0.077114 2.859425 0.160009
v 0.075520 2.857324 0.157200
v 0.074707 2.855093 0.154219
v 0.074707 2.852819 0.151179
v 0.075520 2.850588 0.148197
v 0.077114 2.848487 0.145388
v 0.079428 2.846596 0.142861
v 0.082374 2.844988 0.140711
v 0.085837 2.843724 0.139022
v 0.089686 2.842854 0.137859
v 0.093772 2.842411 0.137265
v 0.093772 2.828977 -0.116727
v 0.089686 2.829366 -0.117357
v 0.085837 2.830131 -0.118593
v 0.082374 2.831241 -0.120387
v 0.079428 2.832653 -0.122670
v 0.077114 2.834314 -0.125354
v 0.075520 2.836159 -0.128337
v 0.074707 2.838119 -0.131504
v 0.074707 2.840116 -0.134732
v 0.075520 2.842075 -0.137899
v 0.077114 2.843921 -0.140882
v 0.079428 2.845582 -0.143567
v 0.082374 2.846994 -0.145850
v 0.085837 2.848104 -0.147643
v 0.089686 2.848868 -0.148879
v 0.093772 2.849258 -0.149509
v 0.097938 2.849258 -0.149509
v 0.102023 2.848868 -0.148879
v 0.105872 2.848104 -0.147643
v 0.109336 2.846994 -0.145850
v 0.112281 2.845582 -0.143566
v 0.114596 2.843921 -0.140882
v 0.116190 2.842075 -0.137899
v 0.117002 2.840116 -0.134732
v 0.117002 2.838119 -0.131504
v 0.116190 2.836159 -0.128337
v 0.114596 2.834314 -0.125354
v 0.112281 2.832653 -0.122670
v 0.109336 2.831241 -0.120387
v 0.105872 2.830131 -0.118593
v 0.102023 2.829366 -0.117357
v 0.097937 2.828977 -0.116727
v 0.091689 2.829075 -0.116886
v 0.087683 2.829658 -0.117828
v 0.083992 2.830604 -0.119357
v 0.080756 2.831877 -0.121416
v 0.078100 2.833429 -0.123923
v 0.076127 2.835199 -0.126785
v 0.074912 2.837120 -0.129889
v 0.074502 2.839118 -0.133118
v 0.074912 2.841115 -0.136347
v 0.076127 2.843036 -0.139451
v 0.078100 2.844806 -0.142313
v 0.080756 2.846357 -0.144821
v 0.083992 2.847631 -0.146879
v 0.087683 2.848577 -0.148408
v 0.091689 2.849160 -0.149350
v 0.095855 2.849356 -0.149668
v 0.100020 2.849160 -0.149350
v 0.104026 2.848577 -0.148408
v 0.107718 2.847631 -0.146879
v 0.110953 2.846357 -0.144820
v 0.113609 2.844806 -0.142313
v 0.115582 2.843036 -0.139451
v 0.116797 2.841115 -0.136347
v 0.117207 2.839118 -0.133118
v 0.116797 2.837120 -0.129889
v 0.115582 2.835199 -0.126785
v 0.113609 2.833429 -0.123924
v 0.110953 2.831877 -0.121416
v 0.107718 2.830604 -0.119358
v 0.104026 2.829658 -0.117828
v 0.095855 2.828878 -0.116568
v 0.100020 2.829075 -0.116886
v 0.100020 2.842523 0.137415
v 0.095855 2.842299 0.137116
v 0.104026 2.843186 0.138302
v 0.107718 2.844263 0.139742
v 0.110953 2.845713 0.141680
v 0.113609 2.847479 0.144041
v 0.115582 2.849495 0.146735
v 0.116797 2.851682 0.149659
v 0.117207 2.853956 0.152699
v 0.116797 2.856230 0.155739
v 0.115582 2.858418 0.158662
v 0.113609 2.860433 0.161356
v 0.110953 2.862199 0.163718
v 0.107718 2.863649 0.165655
v 0.104026 2.864727 0.167096
v 0.100020 2.865390 0.167982
v 0.095855 2.865614 0.168282
v 0.091689 2.865390 0.167982
v 0.087683 2.864727 0.167096
v 0.083992 2.863649 0.165655
v 0.080756 2.862199 0.163718
v 0.078100 2.860433 0.161356
v 0.076127 2.858418 0.158662
v 0.074912 2.856230 0.155739
v 0.074502 2.853956 0.152699
v 0.074912 2.851682 0.149659
v 0.076127 2.849495 0.146735
v 0.078100 2.847479 0.144041
v 0.080756 2.845713 0.141680
v 0.083992 2.844263 0.139742
v 0.087683 2.843186 0.138302
v 0.091689 2.842523 0.137415
v 0.097938 2.842410 0.137265
v 0.102023 2.842854 0.137859
v 0.105872 2.843724 0.139022
v 0.109336 2.844988 0.140711
v 0.112281 2.846596 0.142861
v 0.114595 2.848487 0.145388
v 0.116190 2.850588 0.148197
v 0.117002 2.852819 0.151179
v 0.117002 2.855093 0.154219
v 0.116190 2.857324 0.157200
v 0.114596 2.859425 0.160009
v 0.112281 2.861316 0.162537
v 0.109336 2.862924 0.164687
v 0.105872 2.864188 0.166375
v 0.102023 2.865058 0.167539
v 0.097938 2.865502 0.168132
v 0.093772 2.865502 0.168132
v 0.089686 2.865058 0.167539
v 0.085837 2.864188 0.166375
v 0.082374 2.862924 0.164687
v 0.079428 2.861316 0.162537
v 0.077114 2.859425 0.160009
v 0.075520 2.857324 0.157200
v 0.074707 2.855093 0.154219
v 0.074707 2.852819 0.151179
v 0.075520 2.850588 0.148197
v 0.077114 2.848487 0.145388
v 0.079428 2.846596 0.142861
v 0.082374 2.844988 0.140711
v 0.085837 2.843724 0.139022
v 0.089686 2.842854 0.137859
v 0.093772 2.842411 0.137265
v 0.100020 2.870483 0.097872
v 0.095855 2.870109 0.097856
v 0.104026 2.871589 0.097922
v 0.107718 2.873386 0.098001
v 0.110953 2.875803 0.098109
v 0.113609 2.878750 0.098240
v 0.115582 2.882111 0.098389
v 0.116797 2.885758 0.098551
v 0.117207 2.889551 0.098720
v 0.116797 2.893344 0.098888
v 0.115582 2.896991 0.099050
v 0.113609 2.900352 0.099199
v 0.110953 2.903298 0.099330
v 0.107718 2.905716 0.099438
v 0.104026 2.907513 0.099517
v 0.100020 2.908619 0.099567
v 0.095855 2.908993 0.099583
v 0.091689 2.908619 0.099567
v 0.087683 2.907513 0.099518
v 0.083992 2.905716 0.099438
v 0.080756 2.903298 0.099330
v 0.078100 2.900352 0.099199
v 0.076127 2.896991 0.099050
v 0.074912 2.893344 0.098888
v 0.074502 2.889551 0.098720
v 0.074912 2.885758 0.098551
v 0.076127 2.882111 0.098389
v 0.078100 2.878750 0.098240
v 0.080756 2.875803 0.098109
v 0.083992 2.873385 0.098001
v 0.087683 2.871589 0.097922
v 0.091689 2.870483 0.097872
v 0.097938 2.870296 0.097864
v 0.102023 2.871036 0.097897
v 0.105872 2.872488 0.097962
v 0.109336 2.874595 0.098055
v 0.112281 2.877276 0.098174
v 0.114596 2.880430 0.098314
v 0.116190 2.883934 0.098470
v 0.117002 2.887655 0.098635
v 0.117002 2.891448 0.098804
v 0.116190 2.895167 0.098969
v 0.114596 2.898672 0.099125
v 0.112281 2.901825 0.099265
v 0.109335 2.904507 0.099384
v 0.105872 2.906615 0.099478
v 0.102023 2.908066 0.099542
v 0.097938 2.908806 0.099575
v 0.093772 2.908806 0.099575
v 0.089686 2.908066 0.099542
v 0.085837 2.906615 0.099478
v 0.082374 2.904507 0.099384
v 0.079428 2.901825 0.099265
v 0.077114 2.898672 0.099125
v 0.075520 2.895167 0.098969
v 0.074707 2.891448 0.098804
v 0.074707 2.887655 0.098635
v 0.075520 2.883934 0.098470
v 0.077114 2.880430 0.098314
v 0.079428 2.877276 0.098174
v 0.082374 2.874595 0.098055
v 0.085837 2.872488 0.097962
v 0.089686 2.871036 0.097897
v 0.093772 2.870296 0.097864
v 0.100020 2.870483 0.097872
v 0.095855 2.870109 0.097856
v 0.104026 2.871589 0.097922
v 0.107718 2.873386 0.098001
v 0.110953 2.875803 0.098109
v 0.113609 2.878750 0.098240
v 0.115582 2.882111 0.098389
v 0.116797 2.885758 0.098551
v 0.117207 2.889551 0.098720
v 0.116797 2.893344 0.098888
v 0.115582 2.896991 0.099050
v 0.113609 2.900352 0.099199
v 0.110953 2.903298 0.099330
v 0.107718 2.905716 0.099438
v 0.104026 2.907513 0.099517
v 0.100020 2.908619 0.099567
v 0.095855 2.908993 0.099583
v 0.091689 2.908619 0.099567
v 0.087683 2.907513 0.099518
v 0.083992 2.905716 0.099438
v 0.080756 2.903298 0.099330
v 0.078100 2.900352 0.099199
v 0.076127 2.896991 0.099050
v 0.074912 2.893344 0.098888
v 0.074502 2.889551 0.098720
v 0.074912 2.885758 0.098551
v 0.076127 2.882111 0.098389
v 0.078100 2.878750 0.098240
v 0.080756 2.875803 0.098109
v 0.083992 2.873385 0.098001
v 0.087683 2.871589 0.097922
v 0.091689 2.870483 0.097872
v 0.097938 2.870296 0.097864
v 0.102023 2.871036 0.097897
v 0.105872 2.872488 0.097962
v 0.109336 2.874595 0.098055
v 0.112281 2.877276 0.098174
v 0.114596 2.880430 0.098314
v 0.116190 2.883934 0.098470
v 0.117002 2.887655 0.098635
v 0.117002 2.891448 0.098804
v 0.116190 2.895167 0.098969
v 0.114596 2.898672 0.099125
v 0.112281 2.901825 0.099265
v 0.109335 2.904507 0.099384
v 0.105872 2.906615 0.099478
v 0.102023 2.908066 0.099542
v 0.097938 2.908806 0.099575
v 0.093772 2.908806 0.099575
v 0.089686 2.908066 0.099542
v 0.085837 2.906615 0.099478
v 0.082374 2.904507 0.099384
v 0.079428 2.901825 0.099265
v 0.077114 2.898672 0.099125
v 0.075520 2.895167 0.098969
v 0.074707 2.891448 0.098804
v 0.074707 2.887655 0.098635
v 0.075520 2.883934 0.098470
v 0.077114 2.880430 0.098314
v 0.079428 2.877276 0.098174
v 0.082374 2.874595 0.098055
v 0.085837 2.872488 0.097962
v 0.089686 2.871036 0.097897
v 0.093772 2.870296 0.097864
v 0.093772 2.828977 -0.116727
v 0.089686 2.829366 -0.117357
v 0.085837 2.830131 -0.118593
v 0.082374 2.831241 -0.120387
v 0.079428 2.832653 -0.122670
v 0.077114 2.834314 -0.125354
v 0.075520 2.836159 -0.128337
v 0.074707 2.838119 -0.131504
v 0.074707 2.840116 -0.134732
v 0.075520 2.842075 -0.137899
v 0.077114 2.843921 -0.140882
v 0.079428 2.845582 -0.143567
v 0.082374 2.846994 -0.145850
v 0.085837 2.848104 -0.147643
v 0.089686 2.848868 -0.148879
v 0.093772 2.849258 -0.149509
v 0.097938 2.849258 -0.149509
v 0.102023 2.848868 -0.148879
v 0.105872 2.848104 -0.147643
v 0.109336 2.846994 -0.145850
v 0.112281 2.845582 -0.143566
v 0.114596 2.843921 -0.140882
v 0.116190 2.842075 -0.137899
v 0.117002 2.840116 -0.134732
v 0.117002 2.838119 -0.131504
v 0.116190 2.836159 -0.128337
v 0.114596 2.834314 -0.125354
v 0.112281 2.832653 -0.122670
v 0.109336 2.831241 -0.120387
v 0.105872 2.830131 -0.118593
v 0.102023 2.829366 -0.117357
v 0.097937 2.828977 -0.116727
v 0.091689 2.829075 -0.116886
v 0.087683 2.829658 -0.117828
v 0.083992 2.830604 -0.119357
v 0.080756 2.831877 -0.121416
v 0.078100 2.833429 -0.123923
v 0.076127 2.835199 -0.126785
v 0.074912 2.837120 -0.129889
v 0.074502 2.839118 -0.133118
v 0.074912 2.841115 -0.136347
v 0.076127 2.843036 -0.139451
v 0.078100 2.844806 -0.142313
v 0.080756 2.846357 -0.144821
v 0.083992 2.847631 -0.146879
v 0.087683 2.848577 -0.148408
v 0.091689 2.849160 -0.149350
v 0.095855 2.849356 -0.149668
v 0.100020 2.849160 -0.149350
v 0.104026 2.848577 -0.148408
v 0.107718 2.847631 -0.146879
v 0.110953 2.846357 -0.144820
v 0.113609 2.844806 -0.142313
v 0.115582 2.843036 -0.139451
v 0.116797 2.841115 -0.136347
v 0.117207 2.839118 -0.133118
v 0.116797 2.837120 -0.129889
v 0.115582 2.835199 -0.126785
v 0.113609 2.833429 -0.123924
v 0.110953 2.831877 -0.121416
v 0.107718 2.830604 -0.119358
v 0.104026 2.829658 -0.117828
v 0.095855 2.828878 -0.116568
v 0.100020 2.829075 -0.116886
v 0.100020 2.869262 -0.063485
v 0.095855 2.868913 -0.063352
v 0.104026 2.870297 -0.063878
v 0.107718 2.871979 -0.064516
v 0.110953 2.874242 -0.065375
v 0.113609 2.876999 -0.066421
v 0.115582 2.880144 -0.067615
v 0.116797 2.883557 -0.068911
v 0.117207 2.887107 -0.070258
v 0.116797 2.890656 -0.071606
v 0.115582 2.894070 -0.072902
v 0.113609 2.897215 -0.074096
v 0.110953 2.899972 -0.075142
v 0.107718 2.902235 -0.076001
v 0.104026 2.903916 -0.076639
v 0.100020 2.904952 -0.077032
v 0.095855 2.905301 -0.077165
v 0.091689 2.904952 -0.077032
v 0.087683 2.903916 -0.076639
v 0.083992 2.902235 -0.076001
v 0.080756 2.899972 -0.075142
v 0.078100 2.897215 -0.074096
v 0.076127 2.894070 -0.072902
v 0.074912 2.890656 -0.071606
v 0.074502 2.887107 -0.070259
v 0.074912 2.883557 -0.068911
v 0.076127 2.880144 -0.067616
v 0.078100 2.876999 -0.066421
v 0.080756 2.874242 -0.065375
v 0.083992 2.871979 -0.064516
v 0.087683 2.870297 -0.063878
v 0.091689 2.869262 -0.063485
v 0.097938 2.869087 -0.063418
v 0.102023 2.869780 -0.063681
v 0.105872 2.871138 -0.064197
v 0.109336 2.873110 -0.064945
v 0.112281 2.875620 -0.065898
v 0.114596 2.878572 -0.067018
v 0.116190 2.881851 -0.068263
v 0.117002 2.885332 -0.069585
v 0.117002 2.888882 -0.070932
v 0.116190 2.892363 -0.072254
v 0.114596 2.895642 -0.073499
v 0.112281 2.898594 -0.074619
v 0.109335 2.901103 -0.075572
v 0.105872 2.903075 -0.076320
v 0.102023 2.904434 -0.076836
v 0.097938 2.905126 -0.077099
v 0.093772 2.905126 -0.077099
v 0.089686 2.904434 -0.076836
v 0.085837 2.903075 -0.076320
v 0.082374 2.901103 -0.075572
v 0.079428 2.898593 -0.074619
v 0.077114 2.895642 -0.073499
v 0.075520 2.892363 -0.072254
v 0.074707 2.888882 -0.070932
v 0.074707 2.885332 -0.069585
v 0.075520 2.881851 -0.068263
v 0.077114 2.878572 -0.067018
v 0.079428 2.875620 -0.065898
v 0.082374 2.873110 -0.064945
v 0.085837 2.871138 -0.064197
v 0.089686 2.869780 -0.063681
v 0.093772 2.869087 -0.063418
v 0.100020 2.869262 -0.063485
v 0.095855 2.868913 -0.063352
v 0.104026 2.870297 -0.063878
v 0.107718 2.871979 -0.064516
v 0.110953 2.874242 -0.065375
v 0.113609 2.876999 -0.066421
v 0.115582 2.880144 -0.067615
v 0.116797 2.883557 -0.068911
v 0.117207 2.887107 -0.070258
v 0.116797 2.890656 -0.071606
v 0.115582 2.894070 -0.072902
v 0.113609 2.897215 -0.074096
v 0.110953 2.899972 -0.075142
v 0.107718 2.902235 -0.076001
v 0.104026 2.903916 -0.076639
v 0.100020 2.904952 -0.077032
v 0.095855 2.905301 -0.077165
v 0.091689 2.904952 -0.077032
v 0.087683 2.903916 -0.076639
v 0.083992 2.902235 -0.076001
v 0.080756 2.899972 -0.075142
v 0.078100 2.897215 -0.074096
v 0.076127 2.894070 -0.072902
v 0.074912 2.890656 -0.071606
v 0.074502 2.887107 -0.070259
v 0.074912 2.883557 -0.068911
v 0.076127 2.880144 -0.067616
v 0.078100 2.876999 -0.066421
v 0.080756 2.874242 -0.065375
v 0.083992 2.871979 -0.064516
v 0.087683 2.870297 -0.063878
v 0.091689 2.869262 -0.063485
v 0.097938 2.869087 -0.063418
v 0.102023 2.869780 -0.063681
v 0.105872 2.871138 -0.064197
v 0.109336 2.873110 -0.064945
v 0.112281 2.875620 -0.065898
v 0.114596 2.878572 -0.067018
v 0.116190 2.881851 -0.068263
v 0.117002 2.885332 -0.069585
v 0.117002 2.888882 -0.070932
v 0.116190 2.892363 -0.072254
v 0.114596 2.895642 -0.073499
v 0.112281 2.898594 -0.074619
v 0.109335 2.901103 -0.075572
v 0.105872 2.903075 -0.076320
v 0.102023 2.904434 -0.076836
v 0.097938 2.905126 -0.077099
v 0.093772 2.905126 -0.077099
v 0.089686 2.904434 -0.076836
v 0.085837 2.903075 -0.076320
v 0.082374 2.901103 -0.075572
v 0.079428 2.898593 -0.074619
v 0.077114 2.895642 -0.073499
v 0.075520 2.892363 -0.072254
v 0.074707 2.888882 -0.070932
v 0.074707 2.885332 -0.069585
v 0.075520 2.881851 -0.068263
v 0.077114 2.878572 -0.067018
v 0.079428 2.875620 -0.065898
v 0.082374 2.873110 -0.064945
v 0.085837 2.871138 -0.064197
v 0.089686 2.869780 -0.063681
v 0.093772 2.869087 -0.063418
v 0.113955 2.160559 -0.211182
v 0.109870 2.160559 -0.211812
v 0.106021 2.160559 -0.213047
v 0.102557 2.160559 -0.214841
v 0.099612 2.160559 -0.217124
v 0.097297 2.160559 -0.219809
v 0.095703 2.160559 -0.222792
v 0.094890 2.160559 -0.225958
v 0.094890 2.160559 -0.229187
v 0.095703 2.160559 -0.232354
v 0.097297 2.160559 -0.235337
v 0.099612 2.160559 -0.238021
v 0.102557 2.160559 -0.240304
v 0.106021 2.160559 -0.242098
v 0.109870 2.160559 -0.243334
v 0.113955 2.160559 -0.243963
v 0.118121 2.160559 -0.243963
v 0.122207 2.160559 -0.243334
v 0.126055 2.160559 -0.242098
v 0.129519 2.160559 -0.240304
v 0.132465 2.160559 -0.238021
v 0.134779 2.160559 -0.235337
v 0.136373 2.160559 -0.232354
v 0.137186 2.160559 -0.229187
v 0.137186 2.160559 -0.225958
v 0.136373 2.160559 -0.222792
v 0.134779 2.160559 -0.219809
v 0.132465 2.160559 -0.217124
v 0.129519 2.160559 -0.214841
v 0.126055 2.160559 -0.213047
v 0.122207 2.160559 -0.211812
v 0.118121 2.160559 -0.211182
v 0.111872 2.160559 -0.211341
v 0.107867 2.160559 -0.212283
v 0.104175 2.160559 -0.213812
v 0.100939 2.160559 -0.215870
v 0.098284 2.160559 -0.218378
v 0.096311 2.160559 -0.221239
v 0.095096 2.160559 -0.224344
v 0.094685 2.160559 -0.227573
v 0.095096 2.160559 -0.230801
v 0.096311 2.160559 -0.233906
v 0.098284 2.160559 -0.236767
v 0.100939 2.160559 -0.239275
v 0.104175 2.160559 -0.241333
v 0.107867 2.160559 -0.242863
v 0.111872 2.160559 -0.243804
v 0.116038 2.160559 -0.244122
v 0.120204 2.160559 -0.243804
v 0.124209 2.160559 -0.242863
v 0.127901 2.160559 -0.241333
v 0.131137 2.160559 -0.239275
v 0.133792 2.160559 -0.236767
v 0.135766 2.160559 -0.233906
v 0.136981 2.160559 -0.230801
v 0.137391 2.160559 -0.227573
v 0.136981 2.160559 -0.224344
v 0.135766 2.160559 -0.221239
v 0.133792 2.160559 -0.218378
v 0.131137 2.160559 -0.215870
v 0.127901 2.160559 -0.213812
v 0.124210 2.160559 -0.212283
v 0.116038 2.160559 -0.211023
v 0.120204 2.160559 -0.211341
v 0.113955 2.160559 -0.211182
v 0.109870 2.160559 -0.211812
v 0.106021 2.160559 -0.213047
v 0.102557 2.160559 -0.214841
v 0.099612 2.160559 -0.217124
v 0.097297 2.160559 -0.219809
v 0.095703 2.160559 -0.222792
v 0.094890 2.160559 -0.225958
v 0.094890 2.160559 -0.229187
v 0.095703 2.160559 -0.232354
v 0.097297 2.160559 -0.235337
v 0.099612 2.160559 -0.238021
v 0.102557 2.160559 -0.240304
v 0.106021 2.160559 -0.242098
v 0.109870 2.160559 -0.243334
v 0.113955 2.160559 -0.243963
v 0.118121 2.160559 -0.243963
v 0.122207 2.160559 -0.243334
v 0.126055 2.160559 -0.242098
v 0.129519 2.160559 -0.240304
v 0.132465 2.160559 -0.238021
v 0.134779 2.160559 -0.235337
v 0.136373 2.160559 -0.232354
v 0.137186 2.160559 -0.229187
v 0.137186 2.160559 -0.225958
v 0.136373 2.160559 -0.222792
v 0.134779 2.160559 -0.219809
v 0.132465 2.160559 -0.217124
v 0.129519 2.160559 -0.214841
v 0.126055 2.160559 -0.213047
v 0.122207 2.160559 -0.211812
v 0.118121 2.160559 -0.211182
v 0.111872 2.160559 -0.211341
v 0.107867 2.160559 -0.212283
v 0.104175 2.160559 -0.213812
v 0.100939 2.160559 -0.215870
v 0.098284 2.160559 -0.218378
v 0.096311 2.160559 -0.221239
v 0.095096 2.160559 -0.224344
v 0.094685 2.160559 -0.227573
v 0.095096 2.160559 -0.230801
v 0.096311 2.160559 -0.233906
v 0.098284 2.160559 -0.236767
v 0.100939 2.160559 -0.239275
v 0.104175 2.160559 -0.241333
v 0.107867 2.160559 -0.242863
v 0.111872 2.160559 -0.243804
v 0.116038 2.160559 -0.244122
v 0.120204 2.160559 -0.243804
v 0.124209 2.160559 -0.242863
v 0.127901 2.160559 -0.241333
v 0.131137 2.160559 -0.239275
v 0.133792 2.160559 -0.236767
v 0.135766 2.160559 -0.233906
v 0.136981 2.160559 -0.230801
v 0.137391 2.160559 -0.227573
v 0.136981 2.160559 -0.224344
v 0.135766 2.160559 -0.221239
v 0.133792 2.160559 -0.218378
v 0.131137 2.160559 -0.215870
v 0.127901 2.160559 -0.213812
v 0.124210 2.160559 -0.212283
v 0.116038 2.160559 -0.211023
v 0.120204 2.160559 -0.211341
v -0.085785 3.718289 0.204336
v -0.084821 3.718289 0.201671
v -0.084498 3.718289 0.199011
v -0.084827 3.718289 0.196458
v -0.085797 3.718289 0.194110
v -0.087369 3.718289 0.192058
v -0.089484 3.718289 0.190380
v -0.092060 3.718289 0.189141
v -0.094998 3.718289 0.188389
v -0.098185 3.718289 0.188151
v -0.101500 3.718289 0.188438
v -0.104813 3.718289 0.189239
v -0.107999 3.718289 0.190522
v -0.110934 3.718289 0.192238
v -0.113506 3.718289 0.194322
v -0.115616 3.718289 0.196693
v -0.117183 3.718289 0.199261
v -0.118147 3.718289 0.201926
v -0.118470 3.718289 0.204586
v -0.118141 3.718289 0.207139
v -0.117171 3.718289 0.209486
v -0.115599 3.718289 0.211538
v -0.113484 3.718289 0.213216
v -0.110908 3.718289 0.214455
v -0.107970 3.718289 0.215208
v -0.104782 3.718289 0.215445
v -0.101468 3.718289 0.215158
v -0.098155 3.718289 0.214358
v -0.094969 3.718289 0.213075
v -0.092034 3.718289 0.211358
v -0.089462 3.718289 0.209274
v -0.087352 3.718289 0.206903
v -0.085146 3.718289 0.203015
v -0.084496 3.718289 0.200327
v -0.084499 3.718289 0.197695
v -0.085155 3.718289 0.195221
v -0.086439 3.718289 0.193000
v -0.088300 3.718289 0.191117
v -0.090668 3.718289 0.189644
v -0.093452 3.718289 0.188638
v -0.096545 3.718289 0.188139
v -0.099827 3.718289 0.188164
v -0.103173 3.718289 0.188713
v -0.106454 3.718289 0.189765
v -0.109544 3.718289 0.191279
v -0.112324 3.718289 0.193198
v -0.114688 3.718289 0.195447
v -0.116544 3.718289 0.197940
v -0.117822 3.718289 0.200582
v -0.118472 3.718289 0.203270
v -0.118469 3.718289 0.205901
v -0.117813 3.718289 0.208376
v -0.116530 3.718289 0.210597
v -0.114668 3.718289 0.212480
v -0.112300 3.718289 0.213953
v -0.109516 3.718289 0.214958
v -0.106424 3.718289 0.215458
v -0.103142 3.718289 0.215433
v -0.099795 3.718289 0.214884
v -0.096514 3.718289 0.213832
v -0.093424 3.718289 0.212317
v -0.090644 3.718289 0.210399
v -0.086424 3.718289 0.205656
v -0.088280 3.718289 0.208150
v 0.065735 1.949653 -0.235749
v 0.062835 1.952642 -0.235431
v 0.068525 1.946778 -0.236691
v 0.071096 1.944129 -0.238220
v 0.073349 1.941807 -0.240278
v 0.075198 1.939901 -0.242786
v 0.076572 1.938485 -0.245647
v 0.077418 1.937613 -0.248752
v 0.077704 1.937318 -0.251981
v 0.077418 1.937613 -0.255209
v 0.076572 1.938485 -0.258314
v 0.075198 1.939901 -0.261175
v 0.073349 1.941807 -0.263683
v 0.071096 1.944129 -0.265741
v 0.068525 1.946778 -0.267271
v 0.065735 1.949653 -0.268212
v 0.062834 1.952643 -0.268530
v 0.059934 1.955632 -0.268212
v 0.057144 1.958507 -0.267271
v 0.054573 1.961156 -0.265741
v 0.052320 1.963479 -0.263683
v 0.050471 1.965384 -0.261175
v 0.049097 1.966800 -0.258314
v 0.048251 1.967672 -0.255209
v 0.047965 1.967967 -0.251981
v 0.048251 1.967672 -0.248752
v 0.049097 1.966800 -0.245647
v 0.050471 1.965384 -0.242786
v 0.052320 1.963479 -0.240278
v 0.054573 1.961156 -0.238220
v 0.057144 1.958507 -0.236691
v 0.059933 1.955632 -0.235749
v 0.064285 1.951148 -0.235590
v 0.067130 1.948216 -0.236220
v 0.069810 1.945454 -0.237455
v 0.072222 1.942968 -0.239249
v 0.074274 1.940854 -0.241532
v 0.075885 1.939193 -0.244217
v 0.076995 1.938049 -0.247200
v 0.077561 1.937465 -0.250366
v 0.077561 1.937465 -0.253595
v 0.076995 1.938049 -0.256762
v 0.075885 1.939193 -0.259745
v 0.074274 1.940854 -0.262429
v 0.072222 1.942968 -0.264712
v 0.069810 1.945454 -0.266506
v 0.067130 1.948216 -0.267741
v 0.064285 1.951148 -0.268371
v 0.061384 1.954137 -0.268371
v 0.058539 1.957070 -0.267741
v 0.055859 1.959832 -0.266506
v 0.053447 1.962317 -0.264712
v 0.051395 1.964431 -0.262429
v 0.049784 1.966092 -0.259745
v 0.048674 1.967237 -0.256762
v 0.048108 1.967820 -0.253595
v 0.048108 1.967820 -0.250366
v 0.048674 1.967237 -0.247200
v 0.049784 1.966092 -0.244217
v 0.051395 1.964432 -0.241532
v 0.053447 1.962317 -0.239249
v 0.055859 1.959832 -0.237455
v 0.058539 1.957070 -0.236220
v 0.061384 1.954137 -0.235590
v 0.065735 1.949653 -0.235749
v 0.062835 1.952642 -0.235431
v 0.068525 1.946778 -0.236691
v 0.071096 1.944129 -0.238220
v 0.073349 1.941807 -0.240278
v 0.075198 1.939901 -0.242786
v 0.076572 1.938485 -0.245647
v 0.077418 1.937613 -0.248752
v 0.077704 1.937318 -0.251981
v 0.077418 1.937613 -0.255209
v 0.076572 1.938485 -0.258314
v 0.075198 1.939901 -0.261175
v 0.073349 1.941807 -0.263683
v 0.071096 1.944129 -0.265741
v 0.068525 1.946778 -0.267271
v 0.065735 1.949653 -0.268212
v 0.062834 1.952643 -0.268530
v 0.059934 1.955632 -0.268212
v 0.057144 1.958507 -0.267271
v 0.054573 1.961156 -0.265741
v 0.052320 1.963479 -0.263683
v 0.050471 1.965384 -0.261175
v 0.049097 1.966800 -0.258314
v 0.048251 1.967672 -0.255209
v 0.047965 1.967967 -0.251981
v 0.048251 1.967672 -0.248752
v 0.049097 1.966800 -0.245647
v 0.050471 1.965384 -0.242786
v 0.052320 1.963479 -0.240278
v 0.054573 1.961156 -0.238220
v 0.057144 1.958507 -0.236691
v 0.059933 1.955632 -0.235749
v 0.064285 1.951148 -0.235590
v 0.067130 1.948216 -0.236220
v 0.069810 1.945454 -0.237455
v 0.072222 1.942968 -0.239249
v 0.074274 1.940854 -0.241532
v 0.075885 1.939193 -0.244217
v 0.076995 1.938049 -0.247200
v 0.077561 1.937465 -0.250366
v 0.077561 1.937465 -0.253595
v 0.076995 1.938049 -0.256762
v 0.075885 1.939193 -0.259745
v 0.074274 1.940854 -0.262429
v 0.072222 1.942968 -0.264712
v 0.069810 1.945454 -0.266506
v 0.067130 1.948216 -0.267741
v 0.064285 1.951148 -0.268371
v 0.061384 1.954137 -0.268371
v 0.058539 1.957070 -0.267741
v 0.055859 1.959832 -0.266506
v 0.053447 1.962317 -0.264712
v 0.051395 1.964431 -0.262429
v 0.049784 1.966092 -0.259745
v 0.048674 1.967237 -0.256762
v 0.048108 1.967820 -0.253595
v 0.048108 1.967820 -0.250366
v 0.048674 1.967237 -0.247200
v 0.049784 1.966092 -0.244217
v 0.051395 1.964432 -0.241532
v 0.053447 1.962317 -0.239249
v 0.055859 1.959832 -0.237455
v 0.058539 1.957070 -0.236220
v 0.061384 1.954137 -0.235590
v 0.061384 1.954137 -0.235590
v 0.058539 1.957070 -0.236220
v 0.055859 1.959832 -0.237455
v 0.053447 1.962317 -0.239249
v 0.051395 1.964432 -0.241532
v 0.049784 1.966092 -0.244217
v 0.048674 1.967237 -0.247200
v 0.048108 1.967820 -0.250366
v 0.048108 1.967820 -0.253595
v 0.048674 1.967237 -0.256762
v 0.049784 1.966092 -0.259745
v 0.051395 1.964431 -0.262429
v 0.053447 1.962317 -0.264712
v 0.055859 1.959832 -0.266506
v 0.058539 1.957070 -0.267741
v 0.061384 1.954137 -0.268371
v 0.064285 1.951148 -0.268371
v 0.067130 1.948216 -0.267741
v 0.069810 1.945454 -0.266506
v 0.072222 1.942968 -0.264712
v 0.074274 1.940854 -0.262429
v 0.075885 1.939193 -0.259745
v 0.076995 1.938049 -0.256762
v 0.077561 1.937465 -0.253595
v 0.077561 1.937465 -0.250366
v 0.076995 1.938049 -0.247200
v 0.075885 1.939193 -0.244217
v 0.074274 1.940854 -0.241532
v 0.072222 1.942968 -0.239249
v 0.069810 1.945454 -0.237455
v 0.067130 1.948216 -0.236220
v 0.064285 1.951148 -0.235590
v 0.059933 1.955632 -0.235749
v 0.057144 1.958507 -0.236691
v 0.054573 1.961156 -0.238220
v 0.052320 1.963479 -0.240278
v 0.050471 1.965384 -0.242786
v 0.049097 1.966800 -0.245647
v 0.048251 1.967672 -0.248752
v 0.047965 1.967967 -0.251981
v 0.048251 1.967672 -0.255209
v 0.049097 1.966800 -0.258314
v 0.050471 1.965384 -0.261175
v 0.052320 1.963479 -0.263683
v 0.054573 1.961156 -0.265741
v 0.057144 1.958507 -0.267271
v 0.059934 1.955632 -0.268212
v 0.062834 1.952643 -0.268530
v 0.065735 1.949653 -0.268212
v 0.068525 1.946778 -0.267271
v 0.071096 1.944129 -0.265741
v 0.073349 1.941807 -0.263683
v 0.075198 1.939901 -0.261175
v 0.076572 1.938485 -0.258314
v 0.077418 1.937613 -0.255209
v 0.077704 1.937318 -0.251981
v 0.077418 1.937613 -0.248752
v 0.076572 1.938485 -0.245647
v 0.075198 1.939901 -0.242786
v 0.073349 1.941807 -0.240278
v 0.071096 1.944129 -0.238220
v 0.068525 1.946778 -0.236691
v 0.062835 1.952642 -0.235431
v 0.065735 1.949653 -0.235749
v 0.061384 1.954137 -0.235590
v 0.058539 1.957070 -0.236220
v 0.055859 1.959832 -0.237455
v 0.053447 1.962317 -0.239249
v 0.051395 1.964432 -0.241532
v 0.049784 1.966092 -0.244217
v 0.048674 1.967237 -0.247200
v 0.048108 1.967820 -0.250366
v 0.048108 1.967820 -0.253595
v 0.048674 1.967237 -0.256762
v 0.049784 1.966092 -0.259745
v 0.051395 1.964431 -0.262429
v 0.053447 1.962317 -0.264712
v 0.055859 1.959832 -0.266506
v 0.058539 1.957070 -0.267741
v 0.061384 1.954137 -0.268371
v 0.064285 1.951148 -0.268371
v 0.067130 1.948216 -0.267741
v 0.069810 1.945454 -0.266506
v 0.072222 1.942968 -0.264712
v 0.074274 1.940854 -0.262429
v 0.075885 1.939193 -0.259745
v 0.076995 1.938049 -0.256762
v 0.077561 1.937465 -0.253595
v 0.077561 1.937465 -0.250366
v 0.076995 1.938049 -0.247200
v 0.075885 1.939193 -0.244217
v 0.074274 1.940854 -0.241532
v 0.072222 1.942968 -0.239249
v 0.069810 1.945454 -0.237455
v 0.067130 1.948216 -0.236220
v 0.064285 1.951148 -0.235590
v 0.059933 1.955632 -0.235749
v 0.057144 1.958507 -0.236691
v 0.054573 1.961156 -0.238220
v 0.052320 1.963479 -0.240278
v 0.050471 1.965384 -0.242786
v 0.049097 1.966800 -0.245647
v 0.048251 1.967672 -0.248752
v 0.047965 1.967967 -0.251981
v 0.048251 1.967672 -0.255209
v 0.049097 1.966800 -0.258314
v 0.050471 1.965384 -0.261175
v 0.052320 1.963479 -0.263683
v 0.054573 1.961156 -0.265741
v 0.057144 1.958507 -0.267271
v 0.059934 1.955632 -0.268212
v 0.062834 1.952643 -0.268530
v 0.065735 1.949653 -0.268212
v 0.068525 1.946778 -0.267271
v 0.071096 1.944129 -0.265741
v 0.073349 1.941807 -0.263683
v 0.075198 1.939901 -0.261175
v 0.076572 1.938485 -0.258314
v 0.077418 1.937613 -0.255209
v 0.077704 1.937318 -0.251981
v 0.077418 1.937613 -0.248752
v 0.076572 1.938485 -0.245647
v 0.075198 1.939901 -0.242786
v 0.073349 1.941807 -0.240278
v 0.071096 1.944129 -0.238220
v 0.068525 1.946778 -0.236691
v 0.062835 1.952642 -0.235431
v 0.065735 1.949653 -0.235749
v 0.014424 1.930377 -0.235590
v 0.014923 1.934432 -0.236220
v 0.015393 1.938251 -0.237455
v 0.015815 1.941689 -0.239249
v 0.016175 1.944613 -0.241532
v 0.016458 1.946910 -0.244217
v 0.016652 1.948492 -0.247200
v 0.016751 1.949299 -0.250366
v 0.016751 1.949299 -0.253595
v 0.016652 1.948492 -0.256762
v 0.016458 1.946910 -0.259745
v 0.016175 1.944613 -0.262429
v 0.015815 1.941689 -0.264712
v 0.015393 1.938251 -0.266506
v 0.014923 1.934432 -0.267741
v 0.014424 1.930377 -0.268371
v 0.013915 1.926242 -0.268371
v 0.013417 1.922187 -0.267741
v 0.012947 1.918367 -0.266506
v 0.012524 1.914929 -0.264712
v 0.012164 1.912006 -0.262429
v 0.011882 1.909709 -0.259745
v 0.011687 1.908126 -0.256762
v 0.011588 1.907320 -0.253595
v 0.011588 1.907320 -0.250366
v 0.011687 1.908126 -0.247200
v 0.011882 1.909709 -0.244217
v 0.012164 1.912006 -0.241532
v 0.012524 1.914929 -0.239249
v 0.012947 1.918367 -0.237455
v 0.013417 1.922187 -0.236220
v 0.013915 1.926242 -0.235590
v 0.014678 1.932444 -0.235749
v 0.015167 1.936420 -0.236691
v 0.015618 1.940084 -0.238220
v 0.016013 1.943295 -0.240278
v 0.016337 1.945931 -0.242786
v 0.016578 1.947889 -0.245647
v 0.016726 1.949095 -0.248752
v 0.016776 1.949502 -0.251981
v 0.016726 1.949095 -0.255209
v 0.016578 1.947889 -0.258314
v 0.016337 1.945931 -0.261175
v 0.016013 1.943295 -0.263683
v 0.015618 1.940084 -0.265741
v 0.015167 1.936420 -0.267271
v 0.014678 1.932444 -0.268212
v 0.014170 1.928309 -0.268530
v 0.013661 1.924175 -0.268212
v 0.013172 1.920199 -0.267271
v 0.012721 1.916535 -0.265741
v 0.012326 1.913324 -0.263683
v 0.012002 1.910688 -0.261175
v 0.011761 1.908729 -0.258314
v 0.011613 1.907523 -0.255209
v 0.011563 1.907116 -0.251981
v 0.011613 1.907523 -0.248752
v 0.011761 1.908729 -0.245647
v 0.012002 1.910688 -0.242786
v 0.012327 1.913324 -0.240278
v 0.012721 1.916535 -0.238220
v 0.013172 1.920199 -0.236691
v 0.014170 1.928309 -0.235431
v 0.013661 1.924175 -0.235749
v 0.014424 1.930377 -0.235590
v 0.014923 1.934432 -0.236220
v 0.015393 1.938251 -0.237455
v 0.015815 1.941689 -0.239249
v 0.016175 1.944613 -0.241532
v 0.016458 1.946910 -0.244217
v 0.016652 1.948492 -0.247200
v 0.016751 1.949299 -0.250366
v 0.016751 1.949299 -0.253595
v 0.016652 1.948492 -0.256762
v 0.016458 1.946910 -0.259745
v 0.016175 1.944613 -0.262429
v 0.015815 1.941689 -0.264712
v 0.015393 1.938251 -0.266506
v 0.014923 1.934432 -0.267741
v 0.014424 1.930377 -0.268371
v 0.013915 1.926242 -0.268371
v 0.013417 1.922187 -0.267741
v 0.012947 1.918367 -0.266506
v 0.012524 1.914929 -0.264712
v 0.012164 1.912006 -0.262429
v 0.011882 1.909709 -0.259745
v 0.011687 1.908126 -0.256762
v 0.011588 1.907320 -0.253595
v 0.011588 1.907320 -0.250366
v 0.011687 1.908126 -0.247200
v 0.011882 1.909709 -0.244217
v 0.012164 1.912006 -0.241532
v 0.012524 1.914929 -0.239249
v 0.012947 1.918367 -0.237455
v 0.013417 1.922187 -0.236220
v 0.013915 1.926242 -0.235590
v 0.014678 1.932444 -0.235749
v 0.015167 1.936420 -0.236691
v 0.015618 1.940084 -0.238220
v 0.016013 1.943295 -0.240278
v 0.016337 1.945931 -0.242786
v 0.016578 1.947889 -0.245647
v 0.016726 1.949095 -0.248752
v 0.016776 1.949502 -0.251981
v 0.016726 1.949095 -0.255209
v 0.016578 1.947889 -0.258314
v 0.016337 1.945931 -0.261175
v 0.016013 1.943295 -0.263683
v 0.015618 1.940084 -0.265741
v 0.015167 1.936420 -0.267271
v 0.014678 1.932444 -0.268212
v 0.014170 1.928309 -0.268530
v 0.013661 1.924175 -0.268212
v 0.013172 1.920199 -0.267271
v 0.012721 1.916535 -0.265741
v 0.012326 1.913324 -0.263683
v 0.012002 1.910688 -0.261175
v 0.011761 1.908729 -0.258314
v 0.011613 1.907523 -0.255209
v 0.011563 1.907116 -0.251981
v 0.011613 1.907523 -0.248752
v 0.011761 1.908729 -0.245647
v 0.012002 1.910688 -0.242786
v 0.012327 1.913324 -0.240278
v 0.012721 1.916535 -0.238220
v 0.013172 1.920199 -0.236691
v 0.014170 1.928309 -0.235431
v 0.013661 1.924175 -0.235749
v -0.031945 3.306348 -0.235590
v -0.028162 3.306348 -0.236220
v -0.024599 3.306348 -0.237455
v -0.021393 3.306348 -0.239249
v -0.018666 3.306348 -0.241532
v -0.016523 3.306348 -0.244217
v -0.015048 3.306348 -0.247200
v -0.014295 3.306348 -0.250366
v -0.014295 3.306348 -0.253595
v -0.015048 3.306348 -0.256762
v -0.016523 3.306348 -0.259745
v -0.018666 3.306348 -0.262429
v -0.021393 3.306348 -0.264712
v -0.024599 3.306348 -0.266506
v -0.028162 3.306348 -0.267742
v -0.031945 3.306348 -0.268371
v -0.035801 3.306348 -0.268372
v -0.039583 3.306348 -0.267742
v -0.043146 3.306348 -0.266506
v -0.046353 3.306348 -0.264712
v -0.049080 3.306348 -0.262429
v -0.051222 3.306348 -0.259745
v -0.052698 3.306348 -0.256762
v -0.053450 3.306348 -0.253595
v -0.053450 3.306348 -0.250366
v -0.052698 3.306348 -0.247200
v -0.051222 3.306348 -0.244217
v -0.049080 3.306348 -0.241532
v -0.046353 3.306348 -0.239249
v -0.043146 3.306348 -0.237455
v -0.039583 3.306348 -0.236220
v -0.035801 3.306348 -0.235590
v -0.030016 3.306348 -0.235749
v -0.026308 3.306348 -0.236691
v -0.022891 3.306348 -0.238220
v -0.019895 3.306348 -0.240278
v -0.017437 3.306348 -0.242786
v -0.015610 3.306348 -0.245647
v -0.014485 3.306348 -0.248752
v -0.014105 3.306348 -0.251981
v -0.014485 3.306348 -0.255209
v -0.015610 3.306348 -0.258314
v -0.017437 3.306348 -0.261175
v -0.019895 3.306348 -0.263683
v -0.022891 3.306348 -0.265741
v -0.026308 3.306348 -0.267271
v -0.030016 3.306348 -0.268212
v -0.033873 3.306348 -0.268530
v -0.037729 3.306348 -0.268212
v -0.041437 3.306348 -0.267271
v -0.044855 3.306348 -0.265741
v -0.047850 3.306348 -0.263683
v -0.050309 3.306348 -0.261175
v -0.052136 3.306348 -0.258314
v -0.053260 3.306348 -0.255209
v -0.053640 3.306348 -0.251981
v -0.053260 3.306348 -0.248752
v -0.052136 3.306348 -0.245647
v -0.050309 3.306348 -0.242786
v -0.047850 3.306348 -0.240278
v -0.044855 3.306348 -0.238220
v -0.041438 3.306348 -0.236691
v -0.033873 3.306348 -0.235431
v -0.037729 3.306348 -0.235749
v -0.044374 1.963766 -0.235749
v -0.040579 1.965485 -0.235431
v -0.048023 1.962114 -0.236691
v -0.051386 1.960591 -0.238220
v -0.054334 1.959256 -0.240278
v -0.056753 1.958161 -0.242786
v -0.058550 1.957347 -0.245647
v -0.059657 1.956846 -0.248752
v -0.060031 1.956676 -0.251981
v -0.059657 1.956846 -0.255209
v -0.058550 1.957347 -0.258314
v -0.056753 1.958161 -0.261175
v -0.054333 1.959256 -0.263683
v -0.051386 1.960591 -0.265741
v -0.048023 1.962114 -0.267271
v -0.044374 1.963766 -0.268212
v -0.040579 1.965485 -0.268530
v -0.036784 1.967203 -0.268212
v -0.033135 1.968855 -0.267271
v -0.029772 1.970378 -0.265741
v -0.026825 1.971713 -0.263683
v -0.024406 1.972808 -0.261175
v -0.022608 1.973622 -0.258314
v -0.021501 1.974123 -0.255209
v -0.021128 1.974293 -0.251981
v -0.021502 1.974123 -0.248752
v -0.022608 1.973622 -0.245647
v -0.024406 1.972808 -0.242786
v -0.026825 1.971713 -0.240278
v -0.029773 1.970378 -0.238220
v -0.033135 1.968855 -0.236691
v -0.036784 1.967203 -0.235749
v -0.042477 1.964625 -0.235590
v -0.046199 1.962940 -0.236220
v -0.049704 1.961352 -0.237455
v -0.052860 1.959924 -0.239249
v -0.055543 1.958709 -0.241532
v -0.057651 1.957754 -0.244217
v -0.059104 1.957096 -0.247200
v -0.059844 1.956761 -0.250366
v -0.059844 1.956761 -0.253595
v -0.059103 1.957096 -0.256762
v -0.057651 1.957754 -0.259745
v -0.055543 1.958709 -0.262429
v -0.052860 1.959924 -0.264712
v -0.049704 1.961352 -0.266506
v -0.046198 1.962940 -0.267741
v -0.042477 1.964625 -0.268371
v -0.038682 1.966344 -0.268371
v -0.034960 1.968029 -0.267741
v -0.031454 1.969617 -0.266506
v -0.028299 1.971045 -0.264712
v -0.025615 1.972260 -0.262429
v -0.023507 1.973215 -0.259745
v -0.022055 1.973873 -0.256762
v -0.021315 1.974208 -0.253595
v -0.021315 1.974208 -0.250366
v -0.022055 1.973873 -0.247200
v -0.023507 1.973215 -0.244217
v -0.025615 1.972260 -0.241532
v -0.028299 1.971045 -0.239249
v -0.031454 1.969617 -0.237455
v -0.034960 1.968029 -0.236220
v -0.038682 1.966344 -0.235590
v -0.044374 1.963766 -0.235749
v -0.040579 1.965485 -0.235431
v -0.048023 1.962114 -0.236691
v -0.051386 1.960591 -0.238220
v -0.054334 1.959256 -0.240278
v -0.056753 1.958161 -0.242786
v -0.058550 1.957347 -0.245647
v -0.059657 1.956846 -0.248752
v -0.060031 1.956676 -0.251981
v -0.059657 1.956846 -0.255209
v -0.058550 1.957347 -0.258314
v -0.056753 1.958161 -0.261175
v -0.054333 1.959256 -0.263683
v -0.051386 1.960591 -0.265741
v -0.048023 1.962114 -0.267271
v -0.044374 1.963766 -0.268212
v -0.040579 1.965485 -0.268530
v -0.036784 1.967203 -0.268212
v -0.033135 1.968855 -0.267271
v -0.029772 1.970378 -0.265741
v -0.026825 1.971713 -0.263683
v -0.024406 1.972808 -0.261175
v -0.022608 1.973622 -0.258314
v -0.021501 1.974123 -0.255209
v -0.021128 1.974293 -0.251981
v -0.021502 1.974123 -0.248752
v -0.022608 1.973622 -0.245647
v -0.024406 1.972808 -0.242786
v -0.026825 1.971713 -0.240278
v -0.029773 1.970378 -0.238220
v -0.033135 1.968855 -0.236691
v -0.036784 1.967203 -0.235749
v -0.042477 1.964625 -0.235590
v -0.046199 1.962940 -0.236220
v -0.049704 1.961352 -0.237455
v -0.052860 1.959924 -0.239249
v -0.055543 1.958709 -0.241532
v -0.057651 1.957754 -0.244217
v -0.059104 1.957096 -0.247200
v -0.059844 1.956761 -0.250366
v -0.059844 1.956761 -0.253595
v -0.059103 1.957096 -0.256762
v -0.057651 1.957754 -0.259745
v -0.055543 1.958709 -0.262429
v -0.052860 1.959924 -0.264712
v -0.049704 1.961352 -0.266506
v -0.046198 1.962940 -0.267741
v -0.042477 1.964625 -0.268371
v -0.038682 1.966344 -0.268371
v -0.034960 1.968029 -0.267741
v -0.031454 1.969617 -0.266506
v -0.028299 1.971045 -0.264712
v -0.025615 1.972260 -0.262429
v -0.023507 1.973215 -0.259745
v -0.022055 1.973873 -0.256762
v -0.021315 1.974208 -0.253595
v -0.021315 1.974208 -0.250366
v -0.022055 1.973873 -0.247200
v -0.023507 1.973215 -0.244217
v -0.025615 1.972260 -0.241532
v -0.028299 1.971045 -0.239249
v -0.031454 1.969617 -0.237455
v -0.034960 1.968029 -0.236220
v -0.038682 1.966344 -0.235590
v -0.031945 3.306348 -0.235590
v -0.028162 3.306348 -0.236220
v -0.024599 3.306348 -0.237455
v -0.021393 3.306348 -0.239249
v -0.018666 3.306348 -0.241532
v -0.016523 3.306348 -0.244217
v -0.015048 3.306348 -0.247200
v -0.014295 3.306348 -0.250366
v -0.014295 3.306348 -0.253595
v -0.015048 3.306348 -0.256762
v -0.016523 3.306348 -0.259745
v -0.018666 3.306348 -0.262429
v -0.021393 3.306348 -0.264712
v -0.024599 3.306348 -0.266506
v -0.028162 3.306348 -0.267742
v -0.031945 3.306348 -0.268371
v -0.035801 3.306348 -0.268372
v -0.039583 3.306348 -0.267742
v -0.043146 3.306348 -0.266506
v -0.046353 3.306348 -0.264712
v -0.049080 3.306348 -0.262429
v -0.051222 3.306348 -0.259745
v -0.052698 3.306348 -0.256762
v -0.053450 3.306348 -0.253595
v -0.053450 3.306348 -0.250366
v -0.052698 3.306348 -0.247200
v -0.051222 3.306348 -0.244217
v -0.049080 3.306348 -0.241532
v -0.046353 3.306348 -0.239249
v -0.043146 3.306348 -0.237455
v -0.039583 3.306348 -0.236220
v -0.035801 3.306348 -0.235590
v -0.030016 3.306348 -0.235749
v -0.026308 3.306348 -0.236691
v -0.022891 3.306348 -0.238220
v -0.019895 3.306348 -0.240278
v -0.017437 3.306348 -0.242786
v -0.015610 3.306348 -0.245647
v -0.014485 3.306348 -0.248752
v -0.014105 3.306348 -0.251981
v -0.014485 3.306348 -0.255209
v -0.015610 3.306348 -0.258314
v -0.017437 3.306348 -0.261175
v -0.019895 3.306348 -0.263683
v -0.022891 3.306348 -0.265741
v -0.026308 3.306348 -0.267271
v -0.030016 3.306348 -0.268212
v -0.033873 3.306348 -0.268530
v -0.037729 3.306348 -0.268212
v -0.041437 3.306348 -0.267271
v -0.044855 3.306348 -0.265741
v -0.047850 3.306348 -0.263683
v -0.050309 3.306348 -0.261175
v -0.052136 3.306348 -0.258314
v -0.053260 3.306348 -0.255209
v -0.053640 3.306348 -0.251981
v -0.053260 3.306348 -0.248752
v -0.052136 3.306348 -0.245647
v -0.050309 3.306348 -0.242786
v -0.047850 3.306348 -0.240278
v -0.044855 3.306348 -0.238220
v -0.041438 3.306348 -0.236691
v -0.033873 3.306348 -0.235431
v -0.037729 3.306348 -0.235749
v -0.090145 3.383352 -0.222436
v -0.089701 3.387128 -0.222938
v -0.089692 3.390775 -0.223897
v -0.090118 3.394153 -0.225277
v -0.090963 3.397133 -0.227025
v -0.092194 3.399600 -0.229073
v -0.093764 3.401459 -0.231344
v -0.095612 3.402639 -0.233749
v -0.097669 3.403094 -0.236196
v -0.099853 3.402807 -0.238592
v -0.102083 3.401790 -0.240843
v -0.104271 3.400079 -0.242865
v -0.106334 3.397744 -0.244578
v -0.108193 3.394871 -0.245917
v -0.109776 3.391573 -0.246831
v -0.111022 3.387975 -0.247284
v -0.111883 3.384216 -0.247260
v -0.112327 3.380441 -0.246758
v -0.112336 3.376794 -0.245799
v -0.111910 3.373415 -0.244419
v -0.111065 3.370435 -0.242671
v -0.109834 3.367968 -0.240623
v -0.108264 3.366109 -0.238353
v -0.106416 3.364929 -0.235947
v -0.104360 3.364474 -0.233500
v -0.102175 3.364761 -0.231105
v -0.099945 3.365779 -0.228853
v -0.097757 3.367488 -0.226832
v -0.095694 3.369824 -0.225119
v -0.093835 3.372697 -0.223779
v -0.092253 3.375995 -0.222865
v -0.091006 3.379593 -0.222412
v -0.089816 3.385254 -0.222569
v -0.089587 3.389001 -0.223307
v -0.089797 3.392548 -0.224488
v -0.090439 3.395758 -0.226067
v -0.091487 3.398508 -0.227983
v -0.092901 3.400692 -0.230164
v -0.094627 3.402226 -0.232524
v -0.096598 3.403051 -0.234974
v -0.098739 3.403136 -0.237419
v -0.100968 3.402478 -0.239765
v -0.103198 3.401101 -0.241922
v -0.105344 3.399059 -0.243807
v -0.107324 3.396429 -0.245348
v -0.109061 3.393314 -0.246486
v -0.110490 3.389832 -0.247176
v -0.111554 3.386118 -0.247393
v -0.112213 3.382314 -0.247127
v -0.112441 3.378567 -0.246390
v -0.112231 3.375020 -0.245209
v -0.111589 3.371810 -0.243630
v -0.110541 3.369060 -0.241713
v -0.109127 3.366876 -0.239533
v -0.107401 3.365342 -0.237172
v -0.105430 3.364517 -0.234723
v -0.103289 3.364432 -0.232278
v -0.101061 3.365090 -0.229932
v -0.098830 3.366467 -0.227774
v -0.096684 3.368510 -0.225889
v -0.094704 3.371139 -0.224348
v -0.092967 3.374254 -0.223210
v -0.090474 3.381450 -0.222304
v -0.091539 3.377736 -0.222520
v -0.084055 3.374750 -0.231561
v -0.082581 3.378196 -0.230599
v -0.085463 3.371548 -0.233111
v -0.086750 3.368714 -0.235191
v -0.087867 3.366355 -0.237720
v -0.088770 3.364563 -0.240602
v -0.089426 3.363406 -0.243725
v -0.089808 3.362929 -0.246970
v -0.089903 3.363151 -0.250212
v -0.089706 3.364062 -0.253327
v -0.089226 3.365629 -0.256194
v -0.088480 3.367790 -0.258703
v -0.087497 3.370462 -0.260759
v -0.086315 3.373543 -0.262281
v -0.084980 3.376915 -0.263212
v -0.083542 3.380448 -0.263516
v -0.082057 3.384005 -0.263181
v -0.080583 3.387451 -0.262220
v -0.079175 3.390653 -0.260670
v -0.077888 3.393488 -0.258590
v -0.076771 3.395847 -0.256061
v -0.075868 3.397639 -0.253179
v -0.075212 3.398796 -0.250055
v -0.074830 3.399272 -0.246810
v -0.074735 3.399051 -0.243568
v -0.074932 3.398139 -0.240454
v -0.075412 3.396573 -0.237587
v -0.076158 3.394412 -0.235078
v -0.077141 3.391740 -0.233022
v -0.078323 3.388658 -0.231499
v -0.079658 3.385287 -0.230568
v -0.081096 3.381754 -0.230264
v -0.083318 3.376474 -0.231080
v -0.084759 3.373149 -0.232336
v -0.086106 3.370131 -0.234151
v -0.087308 3.367534 -0.236455
v -0.088318 3.365458 -0.239161
v -0.089098 3.363984 -0.242163
v -0.089617 3.363168 -0.245348
v -0.089856 3.363040 -0.248591
v -0.089805 3.363607 -0.251769
v -0.089466 3.364846 -0.254760
v -0.088853 3.366709 -0.257448
v -0.087988 3.369126 -0.259731
v -0.086906 3.372003 -0.261520
v -0.085647 3.375229 -0.262747
v -0.084261 3.378681 -0.263364
v -0.082800 3.382226 -0.263349
v -0.081320 3.385728 -0.262701
v -0.079879 3.389052 -0.261445
v -0.078532 3.392071 -0.259630
v -0.077330 3.394668 -0.257325
v -0.076320 3.396743 -0.254620
v -0.075540 3.398218 -0.251617
v -0.075021 3.399034 -0.248433
v -0.074782 3.399162 -0.245189
v -0.074833 3.398595 -0.242011
v -0.075172 3.397356 -0.239020
v -0.075785 3.395492 -0.236332
v -0.076650 3.393076 -0.234050
v -0.077732 3.390199 -0.232261
v -0.078991 3.386972 -0.231034
v -0.080377 3.383520 -0.230416
v -0.081838 3.379975 -0.230432
v -0.084055 3.374750 -0.231561
v -0.082581 3.378196 -0.230599
v -0.085463 3.371548 -0.233111
v -0.086750 3.368714 -0.235191
v -0.087867 3.366355 -0.237720
v -0.088770 3.364563 -0.240602
v -0.089426 3.363406 -0.243725
v -0.089808 3.362929 -0.246970
v -0.089903 3.363151 -0.250212
v -0.089706 3.364062 -0.253327
v -0.089226 3.365629 -0.256194
v -0.088480 3.367790 -0.258703
v -0.087497 3.370462 -0.260759
v -0.086315 3.373543 -0.262281
v -0.084980 3.376915 -0.263212
v -0.083542 3.380448 -0.263516
v -0.082057 3.384005 -0.263181
v -0.080583 3.387451 -0.262220
v -0.079175 3.390653 -0.260670
v -0.077888 3.393488 -0.258590
v -0.076771 3.395847 -0.256061
v -0.075868 3.397639 -0.253179
v -0.075212 3.398796 -0.250055
v -0.074830 3.399272 -0.246810
v -0.074735 3.399051 -0.243568
v -0.074932 3.398139 -0.240454
v -0.075412 3.396573 -0.237587
v -0.076158 3.394412 -0.235078
v -0.077141 3.391740 -0.233022
v -0.078323 3.388658 -0.231499
v -0.079658 3.385287 -0.230568
v -0.081096 3.381754 -0.230264
v -0.083318 3.376474 -0.231080
v -0.084759 3.373149 -0.232336
v -0.086106 3.370131 -0.234151
v -0.087308 3.367534 -0.236455
v -0.088318 3.365458 -0.239161
v -0.089098 3.363984 -0.242163
v -0.089617 3.363168 -0.245348
v -0.089856 3.363040 -0.248591
v -0.089805 3.363607 -0.251769
v -0.089466 3.364846 -0.254760
v -0.088853 3.366709 -0.257448
v -0.087988 3.369126 -0.259731
v -0.086906 3.372003 -0.261520
v -0.085647 3.375229 -0.262747
v -0.084261 3.378681 -0.263364
v -0.082800 3.382226 -0.263349
v -0.081320 3.385728 -0.262701
v -0.079879 3.389052 -0.261445
v -0.078532 3.392071 -0.259630
v -0.077330 3.394668 -0.257325
v -0.076320 3.396743 -0.254620
v -0.075540 3.398218 -0.251617
v -0.075021 3.399034 -0.248433
v -0.074782 3.399162 -0.245189
v -0.074833 3.398595 -0.242011
v -0.075172 3.397356 -0.239020
v -0.075785 3.395492 -0.236332
v -0.076650 3.393076 -0.234050
v -0.077732 3.390199 -0.232261
v -0.078991 3.386972 -0.231034
v -0.080377 3.383520 -0.230416
v -0.081838 3.379975 -0.230432
v -0.090145 3.383352 -0.222436
v -0.089701 3.387128 -0.222938
v -0.089692 3.390775 -0.223897
v -0.090118 3.394153 -0.225277
v -0.090963 3.397133 -0.227025
v -0.092194 3.399600 -0.229073
v -0.093764 3.401459 -0.231344
v -0.095612 3.402639 -0.233749
v -0.097669 3.403094 -0.236196
v -0.099853 3.402807 -0.238592
v -0.102083 3.401790 -0.240843
v -0.104271 3.400079 -0.242865
v -0.106334 3.397744 -0.244578
v -0.108193 3.394871 -0.245917
v -0.109776 3.391573 -0.246831
v -0.111022 3.387975 -0.247284
v -0.111883 3.384216 -0.247260
v -0.112327 3.380441 -0.246758
v -0.112336 3.376794 -0.245799
v -0.111910 3.373415 -0.244419
v -0.111065 3.370435 -0.242671
v -0.109834 3.367968 -0.240623
v -0.108264 3.366109 -0.238353
v -0.106416 3.364929 -0.235947
v -0.104360 3.364474 -0.233500
v -0.102175 3.364761 -0.231105
v -0.099945 3.365779 -0.228853
v -0.097757 3.367488 -0.226832
v -0.095694 3.369824 -0.225119
v -0.093835 3.372697 -0.223779
v -0.092253 3.375995 -0.222865
v -0.091006 3.379593 -0.222412
v -0.089816 3.385254 -0.222569
v -0.089587 3.389001 -0.223307
v -0.089797 3.392548 -0.224488
v -0.090439 3.395758 -0.226067
v -0.091487 3.398508 -0.227983
v -0.092901 3.400692 -0.230164
v -0.094627 3.402226 -0.232524
v -0.096598 3.403051 -0.234974
v -0.098739 3.403136 -0.237419
v -0.100968 3.402478 -0.239765
v -0.103198 3.401101 -0.241922
v -0.105344 3.399059 -0.243807
v -0.107324 3.396429 -0.245348
v -0.109061 3.393314 -0.246486
v -0.110490 3.389832 -0.247176
v -0.111554 3.386118 -0.247393
v -0.112213 3.382314 -0.247127
v -0.112441 3.378567 -0.246390
v -0.112231 3.375020 -0.245209
v -0.111589 3.371810 -0.243630
v -0.110541 3.369060 -0.241713
v -0.109127 3.366876 -0.239533
v -0.107401 3.365342 -0.237172
v -0.105430 3.364517 -0.234723
v -0.103289 3.364432 -0.232278
v -0.101061 3.365090 -0.229932
v -0.098830 3.366467 -0.227774
v -0.096684 3.368510 -0.225889
v -0.094704 3.371139 -0.224348
v -0.092967 3.374254 -0.223210
v -0.090474 3.381450 -0.222304
v -0.091539 3.377736 -0.222520
v -0.088280 3.367968 0.163572
v -0.086424 3.371355 0.163339
v -0.090644 3.364971 0.163838
v -0.093424 3.362481 0.164126
v -0.096514 3.360591 0.164426
v -0.099795 3.359375 0.164726
v -0.103141 3.358881 0.165014
v -0.106424 3.359126 0.165280
v -0.109516 3.360101 0.165512
v -0.112300 3.361769 0.165703
v -0.114668 3.364066 0.165844
v -0.116530 3.366903 0.165931
v -0.117813 3.370172 0.165960
v -0.118469 3.373747 0.165930
v -0.118472 3.377490 0.165842
v -0.117822 3.381258 0.165700
v -0.116545 3.384905 0.165508
v -0.114688 3.388292 0.165275
v -0.112324 3.391289 0.165009
v -0.109544 3.393780 0.164721
v -0.106454 3.395669 0.164421
v -0.103173 3.396885 0.164121
v -0.099827 3.397379 0.163833
v -0.096545 3.397135 0.163567
v -0.093452 3.396159 0.163335
v -0.090668 3.394491 0.163144
v -0.088300 3.392194 0.163002
v -0.086439 3.389357 0.162916
v -0.085155 3.386088 0.162887
v -0.084499 3.382513 0.162917
v -0.084496 3.378770 0.163005
v -0.085146 3.375003 0.163147
v -0.087352 3.369662 0.163455
v -0.089462 3.366470 0.163705
v -0.092034 3.363726 0.163982
v -0.094969 3.361535 0.164276
v -0.098155 3.359983 0.164576
v -0.101468 3.359128 0.164870
v -0.104783 3.359003 0.165147
v -0.107970 3.359613 0.165396
v -0.110908 3.360935 0.165608
v -0.113484 3.362917 0.165774
v -0.115599 3.365485 0.165888
v -0.117171 3.368538 0.165946
v -0.118141 3.371959 0.165945
v -0.118470 3.375618 0.165886
v -0.118147 3.379374 0.165771
v -0.117183 3.383081 0.165604
v -0.115616 3.386599 0.165392
v -0.113506 3.389791 0.165142
v -0.110934 3.392534 0.164865
v -0.107999 3.394725 0.164571
v -0.104813 3.396277 0.164271
v -0.101500 3.397132 0.163977
v -0.098186 3.397257 0.163700
v -0.094998 3.396647 0.163451
v -0.092060 3.395325 0.163239
v -0.089484 3.393343 0.163073
v -0.087369 3.390775 0.162959
v -0.085797 3.387722 0.162901
v -0.084827 3.384301 0.162902
v -0.084498 3.380642 0.162961
v -0.084821 3.376886 0.163076
v -0.085785 3.373179 0.163243
v -0.088280 3.367968 0.163572
v -0.086424 3.371355 0.163339
v -0.090644 3.364971 0.163838
v -0.093424 3.362481 0.164126
v -0.096514 3.360591 0.164426
v -0.099795 3.359375 0.164726
v -0.103141 3.358881 0.165014
v -0.106424 3.359126 0.165280
v -0.109516 3.360101 0.165512
v -0.112300 3.361769 0.165703
v -0.114668 3.364066 0.165844
v -0.116530 3.366903 0.165931
v -0.117813 3.370172 0.165960
v -0.118469 3.373747 0.165930
v -0.118472 3.377490 0.165842
v -0.117822 3.381258 0.165700
v -0.116545 3.384905 0.165508
v -0.114688 3.388292 0.165275
v -0.112324 3.391289 0.165009
v -0.109544 3.393780 0.164721
v -0.106454 3.395669 0.164421
v -0.103173 3.396885 0.164121
v -0.099827 3.397379 0.163833
v -0.096545 3.397135 0.163567
v -0.093452 3.396159 0.163335
v -0.090668 3.394491 0.163144
v -0.088300 3.392194 0.163002
v -0.086439 3.389357 0.162916
v -0.085155 3.386088 0.162887
v -0.084499 3.382513 0.162917
v -0.084496 3.378770 0.163005
v -0.085146 3.375003 0.163147
v -0.087352 3.369662 0.163455
v -0.089462 3.366470 0.163705
v -0.092034 3.363726 0.163982
v -0.094969 3.361535 0.164276
v -0.098155 3.359983 0.164576
v -0.101468 3.359128 0.164870
v -0.104783 3.359003 0.165147
v -0.107970 3.359613 0.165396
v -0.110908 3.360935 0.165608
v -0.113484 3.362917 0.165774
v -0.115599 3.365485 0.165888
v -0.117171 3.368538 0.165946
v -0.118141 3.371959 0.165945
v -0.118470 3.375618 0.165886
v -0.118147 3.379374 0.165771
v -0.117183 3.383081 0.165604
v -0.115616 3.386599 0.165392
v -0.113506 3.389791 0.165142
v -0.110934 3.392534 0.164865
v -0.107999 3.394725 0.164571
v -0.104813 3.396277 0.164271
v -0.101500 3.397132 0.163977
v -0.098186 3.397257 0.163700
v -0.094998 3.396647 0.163451
v -0.092060 3.395325 0.163239
v -0.089484 3.393343 0.163073
v -0.087369 3.390775 0.162959
v -0.085797 3.387722 0.162901
v -0.084827 3.384301 0.162902
v -0.084498 3.380642 0.162961
v -0.084821 3.376886 0.163076
v -0.085785 3.373179 0.163243
v -0.085785 3.718289 0.204336
v -0.084821 3.718289 0.201671
v -0.084498 3.718289 0.199011
v -0.084827 3.718289 0.196458
v -0.085797 3.718289 0.194110
v -0.087369 3.718289 0.192058
v -0.089484 3.718289 0.190380
v -0.092060 3.718289 0.189141
v -0.094998 3.718289 0.188389
v -0.098185 3.718289 0.188151
v -0.101500 3.718289 0.188438
v -0.104813 3.718289 0.189239
v -0.107999 3.718289 0.190522
v -0.110934 3.718289 0.192238
v -0.113506 3.718289 0.194322
v -0.115616 3.718289 0.196693
v -0.117183 3.718289 0.199261
v -0.118147 3.718289 0.201926
v -0.118470 3.718289 0.204586
v -0.118141 3.718289 0.207139
v -0.117171 3.718289 0.209486
v -0.115599 3.718289 0.211538
v -0.113484 3.718289 0.213216
v -0.110908 3.718289 0.214455
v -0.107970 3.718289 0.215208
v -0.104782 3.718289 0.215445
v -0.101468 3.718289 0.215158
v -0.098155 3.718289 0.214358
v -0.094969 3.718289 0.213075
v -0.092034 3.718289 0.211358
v -0.089462 3.718289 0.209274
v -0.087352 3.718289 0.206903
v -0.085146 3.718289 0.203015
v -0.084496 3.718289 0.200327
v -0.084499 3.718289 0.197695
v -0.085155 3.718289 0.195221
v -0.086439 3.718289 0.193000
v -0.088300 3.718289 0.191117
v -0.090668 3.718289 0.189644
v -0.093452 3.718289 0.188638
v -0.096545 3.718289 0.188139
v -0.099827 3.718289 0.188164
v -0.103173 3.718289 0.188713
v -0.106454 3.718289 0.189765
v -0.109544 3.718289 0.191279
v -0.112324 3.718289 0.193198
v -0.114688 3.718289 0.195447
v -0.116544 3.718289 0.197940
v -0.117822 3.718289 0.200582
v -0.118472 3.718289 0.203270
v -0.118469 3.718289 0.205901
v -0.117813 3.718289 0.208376
v -0.116530 3.718289 0.210597
v -0.114668 3.718289 0.212480
v -0.112300 3.718289 0.213953
v -0.109516 3.718289 0.214958
v -0.106424 3.718289 0.215458
v -0.103142 3.718289 0.215433
v -0.099795 3.718289 0.214884
v -0.096514 3.718289 0.213832
v -0.093424 3.718289 0.212317
v -0.090644 3.718289 0.210399
v -0.086424 3.718289 0.205656
v -0.088280 3.718289 0.208150
v -0.085785 3.718289 0.204336
v -0.084821 3.718289 0.201671
v -0.084498 3.718289 0.199011
v -0.084827 3.718289 0.196458
v -0.085797 3.718289 0.194110
v -0.087369 3.718289 0.192058
v -0.089484 3.718289 0.190380
v -0.092060 3.718289 0.189141
v -0.094998 3.718289 0.188389
v -0.098185 3.718289 0.188151
v -0.101500 3.718289 0.188438
v -0.104813 3.718289 0.189239
v -0.107999 3.718289 0.190522
v -0.110934 3.718289 0.192238
v -0.113506 3.718289 0.194322
v -0.115616 3.718289 0.196693
v -0.117183 3.718289 0.199261
v -0.118147 3.718289 0.201926
v -0.118470 3.718289 0.204586
v -0.118141 3.718289 0.207139
v -0.117171 3.718289 0.209486
v -0.115599 3.718289 0.211538
v -0.113484 3.718289 0.213216
v -0.110908 3.718289 0.214455
v -0.107970 3.718289 0.215208
v -0.104782 3.718289 0.215445
v -0.101468 3.718289 0.215158
v -0.098155 3.718289 0.214358
v -0.094969 3.718289 0.213075
v -0.092034 3.718289 0.211358
v -0.089462 3.718289 0.209274
v -0.087352 3.718289 0.206903
v -0.085146 3.718289 0.203015
v -0.084496 3.718289 0.200327
v -0.084499 3.718289 0.197695
v -0.085155 3.718289 0.195221
v -0.086439 3.718289 0.193000
v -0.088300 3.718289 0.191117
v -0.090668 3.718289 0.189644
v -0.093452 3.718289 0.188638
v -0.096545 3.718289 0.188139
v -0.099827 3.718289 0.188164
v -0.103173 3.718289 0.188713
v -0.106454 3.718289 0.189765
v -0.109544 3.718289 0.191279
v -0.112324 3.718289 0.193198
v -0.114688 3.718289 0.195447
v -0.116544 3.718289 0.197940
v -0.117822 3.718289 0.200582
v -0.118472 3.718289 0.203270
v -0.118469 3.718289 0.205901
v -0.117813 3.718289 0.208376
v -0.116530 3.718289 0.210597
v -0.114668 3.718289 0.212480
v -0.112300 3.718289 0.213953
v -0.109516 3.718289 0.214958
v -0.106424 3.718289 0.215458
v -0.103142 3.718289 0.215433
v -0.099795 3.718289 0.214884
v -0.096514 3.718289 0.213832
v -0.093424 3.718289 0.212317
v -0.090644 3.718289 0.210399
v -0.086424 3.718289 0.205656
v -0.088280 3.718289 0.208150
v -0.088280 3.378328 0.205814
v -0.086424 3.380632 0.203321
v -0.090644 3.376330 0.208063
v -0.093424 3.374715 0.209982
v -0.096514 3.373546 0.211496
v -0.099795 3.372867 0.212548
v -0.103141 3.372705 0.213097
v -0.106424 3.373065 0.213122
v -0.109516 3.373934 0.212622
v -0.112300 3.375279 0.211617
v -0.114668 3.377047 0.210144
v -0.116530 3.379171 0.208261
v -0.117813 3.381570 0.206040
v -0.118469 3.384150 0.203565
v -0.118472 3.386813 0.200934
v -0.117822 3.389457 0.198246
v -0.116545 3.391979 0.195604
v -0.114688 3.394284 0.193111
v -0.112324 3.396282 0.190862
v -0.109544 3.397897 0.188943
v -0.106454 3.399066 0.187429
v -0.103173 3.399744 0.186377
v -0.099827 3.399907 0.185828
v -0.096545 3.399546 0.185803
v -0.093452 3.398677 0.186303
v -0.090668 3.397333 0.187308
v -0.088300 3.395564 0.188781
v -0.086438 3.393440 0.190664
v -0.085155 3.391042 0.192885
v -0.084499 3.388461 0.195359
v -0.084496 3.385798 0.197991
v -0.085146 3.383155 0.200679
v -0.087352 3.379480 0.204567
v -0.089462 3.377328 0.206938
v -0.092034 3.375522 0.209022
v -0.094969 3.374130 0.210739
v -0.098155 3.373206 0.212022
v -0.101468 3.372786 0.212822
v -0.104783 3.372885 0.213109
v -0.107970 3.373500 0.212872
v -0.110908 3.374607 0.212119
v -0.113484 3.376163 0.210880
v -0.115599 3.378109 0.209202
v -0.117171 3.380371 0.207150
v -0.118141 3.382860 0.204803
v -0.118470 3.385482 0.202250
v -0.118147 3.388135 0.199590
v -0.117183 3.390718 0.196925
v -0.115616 3.393132 0.194357
v -0.113506 3.395283 0.191986
v -0.110934 3.397089 0.189902
v -0.107999 3.398481 0.188186
v -0.104813 3.399405 0.186903
v -0.101500 3.399826 0.186102
v -0.098185 3.399727 0.185815
v -0.094998 3.399112 0.186053
v -0.092060 3.398005 0.186805
v -0.089484 3.396448 0.188044
v -0.087369 3.394502 0.189722
v -0.085797 3.392241 0.191774
v -0.084827 3.389752 0.194122
v -0.084498 3.387130 0.196675
v -0.084821 3.384476 0.199335
v -0.085785 3.381893 0.202000
v -0.088280 3.378328 0.205814
v -0.086424 3.380632 0.203321
v -0.090644 3.376330 0.208063
v -0.093424 3.374715 0.209982
v -0.096514 3.373546 0.211496
v -0.099795 3.372867 0.212548
v -0.103141 3.372705 0.213097
v -0.106424 3.373065 0.213122
v -0.109516 3.373934 0.212622
v -0.112300 3.375279 0.211617
v -0.114668 3.377047 0.210144
v -0.116530 3.379171 0.208261
v -0.117813 3.381570 0.206040
v -0.118469 3.384150 0.203565
v -0.118472 3.386813 0.200934
v -0.117822 3.389457 0.198246
v -0.116545 3.391979 0.195604
v -0.114688 3.394284 0.193111
v -0.112324 3.396282 0.190862
v -0.109544 3.397897 0.188943
v -0.106454 3.399066 0.187429
v -0.103173 3.399744 0.186377
v -0.099827 3.399907 0.185828
v -0.096545 3.399546 0.185803
v -0.093452 3.398677 0.186303
v -0.090668 3.397333 0.187308
v -0.088300 3.395564 0.188781
v -0.086438 3.393440 0.190664
v -0.085155 3.391042 0.192885
v -0.084499 3.388461 0.195359
v -0.084496 3.385798 0.197991
v -0.085146 3.383155 0.200679
v -0.087352 3.379480 0.204567
v -0.089462 3.377328 0.206938
v -0.092034 3.375522 0.209022
v -0.094969 3.374130 0.210739
v -0.098155 3.373206 0.212022
v -0.101468 3.372786 0.212822
v -0.104783 3.372885 0.213109
v -0.107970 3.373500 0.212872
v -0.110908 3.374607 0.212119
v -0.113484 3.376163 0.210880
v -0.115599 3.378109 0.209202
v -0.117171 3.380371 0.207150
v -0.118141 3.382860 0.204803
v -0.118470 3.385482 0.202250
v -0.118147 3.388135 0.199590
v -0.117183 3.390718 0.196925
v -0.115616 3.393132 0.194357
v -0.113506 3.395283 0.191986
v -0.110934 3.397089 0.189902
v -0.107999 3.398481 0.188186
v -0.104813 3.399405 0.186903
v -0.101500 3.399826 0.186102
v -0.098185 3.399727 0.185815
v -0.094998 3.399112 0.186053
v -0.092060 3.398005 0.186805
v -0.089484 3.396448 0.188044
v -0.087369 3.394502 0.189722
v -0.085797 3.392241 0.191774
v -0.084827 3.389752 0.194122
v -0.084498 3.387130 0.196675
v -0.084821 3.384476 0.199335
v -0.085785 3.381893 0.202000
v -0.088280 3.718289 0.208150
v -0.086424 3.718289 0.205656
v -0.090644 3.718289 0.210399
v -0.093424 3.718289 0.212317
v -0.096514 3.718289 0.213832
v -0.099795 3.718289 0.214884
v -0.103142 3.718289 0.215433
v -0.106424 3.718289 0.215458
v -0.109516 3.718289 0.214958
v -0.112300 3.718289 0.213953
v -0.114668 3.718289 0.212480
v -0.116530 3.718289 0.210597
v -0.117813 3.718289 0.208376
v -0.118469 3.718289 0.205901
v -0.118472 3.718289 0.203270
v -0.117822 3.718289 0.200582
v -0.116544 3.718289 0.197940
v -0.114688 3.718289 0.195447
v -0.112324 3.718289 0.193198
v -0.109544 3.718289 0.191279
v -0.106454 3.718289 0.189765
v -0.103173 3.718289 0.188713
v -0.099827 3.718289 0.188164
v -0.096545 3.718289 0.188139
v -0.093452 3.718289 0.188638
v -0.090668 3.718289 0.189644
v -0.088300 3.718289 0.191117
v -0.086439 3.718289 0.193000
v -0.085155 3.718289 0.195221
v -0.084499 3.718289 0.197695
v -0.084496 3.718289 0.200327
v -0.085146 3.718289 0.203015
v -0.087352 3.718289 0.206903
v -0.089462 3.718289 0.209274
v -0.092034 3.718289 0.211358
v -0.094969 3.718289 0.213075
v -0.098155 3.718289 0.214358
v -0.101468 3.718289 0.215158
v -0.104782 3.718289 0.215445
v -0.107970 3.718289 0.215208
v -0.110908 3.718289 0.214455
v -0.113484 3.718289 0.213216
v -0.115599 3.718289 0.211538
v -0.117171 3.718289 0.209486
v -0.118141 3.718289 0.207139
v -0.118470 3.718289 0.204586
v -0.118147 3.718289 0.201926
v -0.117183 3.718289 0.199261
v -0.115616 3.718289 0.196693
v -0.113506 3.718289 0.194322
v -0.110934 3.718289 0.192238
v -0.107999 3.718289 0.190522
v -0.104813 3.718289 0.189239
v -0.101500 3.718289 0.188438
v -0.098185 3.718289 0.188151
v -0.094998 3.718289 0.188389
v -0.092060 3.718289 0.189141
v -0.089484 3.718289 0.190380
v -0.087369 3.718289 0.192058
v -0.085797 3.718289 0.194110
v -0.084827 3.718289 0.196458
v -0.084498 3.718289 0.199011
v -0.084821 3.718289 0.201671
v -0.085785 3.718289 0.204336
v -0.088280 3.718289 0.208150
v -0.086424 3.718289 0.205656
v -0.090644 3.718289 0.210399
v -0.093424 3.718289 0.212317
v -0.096514 3.718289 0.213832
v -0.099795 3.718289 0.214884
v -0.103142 3.718289 0.215433
v -0.106424 3.718289 0.215458
v -0.109516 3.718289 0.214958
v -0.112300 3.718289 0.213953
v -0.114668 3.718289 0.212480
v -0.116530 3.718289 0.210597
v -0.117813 3.718289 0.208376
v -0.118469 3.718289 0.205901
v -0.118472 3.718289 0.203270
v -0.117822 3.718289 0.200582
v -0.116544 3.718289 0.197940
v -0.114688 3.718289 0.195447
v -0.112324 3.718289 0.193198
v -0.109544 3.718289 0.191279
v -0.106454 3.718289 0.189765
v -0.103173 3.718289 0.188713
v -0.099827 3.718289 0.188164
v -0.096545 3.718289 0.188139
v -0.093452 3.718289 0.188638
v -0.090668 3.718289 0.189644
v -0.088300 3.718289 0.191117
v -0.086439 3.718289 0.193000
v -0.085155 3.718289 0.195221
v -0.084499 3.718289 0.197695
v -0.084496 3.718289 0.200327
v -0.085146 3.718289 0.203015
v -0.087352 3.718289 0.206903
v -0.089462 3.718289 0.209274
v -0.092034 3.718289 0.211358
v -0.094969 3.718289 0.213075
v -0.098155 3.718289 0.214358
v -0.101468 3.718289 0.215158
v -0.104782 3.718289 0.215445
v -0.107970 3.718289 0.215208
v -0.110908 3.718289 0.214455
v -0.113484 3.718289 0.213216
v -0.115599 3.718289 0.211538
v -0.117171 3.718289 0.209486
v -0.118141 3.718289 0.207139
v -0.118470 3.718289 0.204586
v -0.118147 3.718289 0.201926
v -0.117183 3.718289 0.199261
v -0.115616 3.718289 0.196693
v -0.113506 3.718289 0.194322
v -0.110934 3.718289 0.192238
v -0.107999 3.718289 0.190522
v -0.104813 3.718289 0.189239
v -0.101500 3.718289 0.188438
v -0.098185 3.718289 0.188151
v -0.094998 3.718289 0.188389
v -0.092060 3.718289 0.189141
v -0.089484 3.718289 0.190380
v -0.087369 3.718289 0.192058
v -0.085797 3.718289 0.194110
v -0.084827 3.718289 0.196458
v -0.084498 3.718289 0.199011
v -0.084821 3.718289 0.201671
v -0.085785 3.718289 0.204336
vn 0.0905 -0.3841 -0.9189
vn 0.2680 -0.3841 -0.8836
vn 0.4352 -0.3841 -0.8143
vn 0.5857 -0.3841 -0.7137
vn 0.7137 -0.3841 -0.5857
vn 0.8143 -0.3841 -0.4352
vn 0.8836 -0.3841 -0.2680
vn 0.9189 -0.3841 -0.0905
vn 0.9189 -0.3841 0.0905
vn 0.8836 -0.3841 0.2680
vn 0.8143 -0.3841 0.4352
vn 0.7137 -0.3841 0.5857
vn 0.5857 -0.3841 0.7137
vn 0.4352 -0.3841 0.8143
vn 0.2680 -0.3841 0.8836
vn 0.0905 -0.3841 0.9189
vn -0.0905 -0.3841 0.9189
vn -0.2680 -0.3841 0.8836
vn -0.4352 -0.3841 0.8143
vn -0.5857 -0.3841 0.7137
vn -0.7137 -0.3841 0.5857
vn -0.8143 -0.3841 0.4352
vn -0.8836 -0.3841 0.2680
vn -0.9189 -0.3841 0.0905
vn -0.9189 -0.3841 -0.0905
vn -0.8836 -0.3841 -0.2680
vn -0.8143 -0.3841 -0.4352
vn -0.7137 -0.3841 -0.5857
vn -0.5857 -0.3841 -0.7137
vn -0.4352 -0.3841 -0.8143
vn -0.0000 1.0000 -0.0000
vn -0.2680 -0.3841 -0.8836
vn -0.0905 -0.3841 -0.9189
vn -0.0000 -1.0000 -0.0000
vn 0.0980 -0.0000 -0.9952
vn 0.2903 -0.0000 -0.9569
vn 0.4714 -0.0000 -0.8819
vn 0.6344 -0.0000 -0.7730
vn 0.7730 -0.0000 -0.6344
vn 0.8819 -0.0000 -0.4714
vn 0.9569 -0.0000 -0.2903
vn 0.9952 -0.0000 -0.0980
vn 0.9952 -0.0000 0.0980
vn 0.9569 -0.0000 0.2903
vn 0.8819 -0.0000 0.4714
vn 0.7730 -0.0000 0.6344
vn 0.6344 -0.0000 0.7730
vn 0.4714 -0.0000 0.8819
vn 0.2903 -0.0000 0.9569
vn 0.0980 -0.0000 0.9952
vn -0.0980 -0.0000 0.9952
vn -0.2903 -0.0000 0.9569
vn -0.4714 -0.0000 0.8819
vn -0.6344 -0.0000 0.7730
vn -0.7730 -0.0000 0.6344
vn -0.8819 -0.0000 0.4714
vn -0.9569 -0.0000 0.2903
vn -0.9952 -0.0000 0.0980
vn -0.9952 -0.0000 -0.0980
vn -0.9569 -0.0000 -0.2903
vn -0.8819 -0.0000 -0.4714
vn -0.7730 -0.0000 -0.6344
vn -0.6344 -0.0000 -0.7730
vn -0.4714 -0.0000 -0.8819
vn -0.2903 -0.0000 -0.9569
vn -0.0980 -0.0000 -0.9952
vn 0.3434 -0.0000 -0.9392
vn 0.7477 -0.0000 -0.6640
vn 0.8930 -0.0000 -0.4500
vn 0.9501 -0.0000 -0.3119
vn 0.9764 -0.0000 -0.2159
vn 0.9898 -0.0000 -0.1425
vn 0.9967 -0.0000 -0.0814
vn 0.9996 -0.0000 -0.0265
vn 0.9996 -0.0000 0.0265
vn 0.9967 -0.0000 0.0814
vn 0.9898 -0.0000 0.1425
vn 0.9764 -0.0000 0.2159
vn 0.9501 -0.0000 0.3119
vn 0.8930 -0.0000 0.4500
vn 0.7477 -0.0000 0.6640
vn 0.3434 -0.0000 0.9392
vn -0.3434 -0.0000 0.9392
vn -0.7477 -0.0000 0.6640
vn -0.8930 -0.0000 0.4500
vn -0.9501 -0.0000 0.3119
vn -0.9764 -0.0000 0.2159
vn -0.9898 -0.0000 0.1425
vn -0.9967 -0.0000 0.0814
vn -0.9996 -0.0000 0.0265
vn -0.9996 -0.0000 -0.0265
vn -0.9967 -0.0000 -0.0814
vn -0.9898 -0.0000 -0.1425
vn -0.9764 -0.0000 -0.2159
vn -0.9501 -0.0000 -0.3119
vn -0.8930 -0.0000 -0.4500
vn -0.7477 -0.0000 -0.6640
vn -0.3434 -0.0000 -0.9392
vn -0.9997 0.0226 -0.0000
vn -0.0000 -0.0000 -1.0000
vn 0.9997 0.0226 -0.0000
vn -0.0000 -0.0000 1.0000
vn -0.7274 -0.6862 -0.0000
vn 0.9044 -0.4266 -0.0000
vn 0.8625 -0.0000 -0.5061
vn -1.0000 -0.0000 -0.0000
vn -0.8625 -0.0000 -0.5061
vn 1.0000 -0.0000 -0.0000
vn -0.8625 -0.0000 0.5061
vn 0.8625 -0.0000 0.5061
vn -0.9067 0.2284 -0.3547
vn 0.9952 0.0981 -0.0000
vn -0.9067 0.2284 0.3547
vn 0.9067 0.2284 -0.3547
vn 0.9067 0.2284 0.3547
vn -0.9952 0.0981 -0.0000
vn -0.9999 0.0168 -0.0000
vn 0.9999 0.0168 -0.0000
vn -0.8577 0.5132 0.0322
vn 0.8178 0.5754 -0.0000
vn -0.8577 0.5132 -0.0323
vn 0.8577 0.5132 0.0322
vn 0.8577 0.5132 -0.0323
vn -0.8178 0.5754 -0.0000
vn 0.7417 0.2819 0.6087
vn 0.8523 -0.2570 -0.4556
vn -0.7417 0.2819 0.6087
vn -0.4523 0.2819 -0.8462
vn 0.9548 0.2819 -0.0940
vn -0.0940 0.2819 0.9548
vn -0.9181 0.2819 -0.2785
vn 0.6087 0.2819 -0.7417
vn 0.6087 0.2819 0.7417
vn -0.8462 0.2819 0.4523
vn -0.2785 0.2819 -0.9181
vn 0.9548 0.2819 0.0940
vn -0.2785 0.2819 0.9181
vn -0.8462 0.2819 -0.4523
vn 0.7417 0.2819 -0.6087
vn 0.4523 0.2819 0.8462
vn -0.9181 0.2819 0.2785
vn 0.0940 0.2819 -0.9548
vn -0.0940 0.2819 -0.9548
vn 0.9181 0.2819 0.2785
vn -0.4523 0.2819 0.8462
vn -0.7417 0.2819 -0.6087
vn 0.8462 0.2819 -0.4523
vn 0.2785 0.2819 0.9181
vn -0.9548 0.2819 0.0940
vn 0.2785 0.2819 -0.9181
vn 0.8462 0.2819 0.4523
vn -0.6087 0.2819 0.7417
vn -0.6087 0.2819 -0.7417
vn 0.9181 0.2819 -0.2785
vn 0.0940 0.2819 0.9548
vn -0.9548 0.2819 -0.0940
vn 0.4523 0.2819 -0.8462
vn 0.8611 0.4361 0.2612
vn 0.2493 0.9195 0.3038
vn -0.8956 0.4361 0.0882
vn 0.7936 0.4361 0.4242
vn -0.8956 0.4361 -0.0882
vn 0.6956 0.4361 0.5709
vn -0.8611 0.4361 -0.2612
vn 0.5709 0.4361 0.6956
vn -0.7936 0.4361 -0.4242
vn 0.4242 0.4361 0.7936
vn 0.0882 0.4361 -0.8956
vn -0.6956 0.4361 -0.5709
vn 0.2612 0.4361 0.8611
vn 0.2612 0.4361 -0.8611
vn -0.5709 0.4361 -0.6956
vn 0.0882 0.4361 0.8956
vn 0.4242 0.4361 -0.7936
vn -0.4242 0.4361 -0.7936
vn -0.0882 0.4361 0.8956
vn 0.5709 0.4361 -0.6956
vn -0.2612 0.4361 -0.8611
vn -0.2612 0.4361 0.8611
vn 0.6956 0.4361 -0.5709
vn -0.0882 0.4361 -0.8956
vn -0.4242 0.4361 0.7936
vn 0.7936 0.4361 -0.4242
vn -0.5709 0.4361 0.6956
vn 0.8611 0.4361 -0.2612
vn -0.6956 0.4361 0.5709
vn 0.8956 0.4361 -0.0882
vn -0.7936 0.4361 0.4242
vn 0.8956 0.4361 0.0882
vn -0.8611 0.4361 0.2612
vn -0.3466 0.9195 -0.1853
vn 0.1853 0.9195 0.3466
vn 0.0385 0.9195 -0.3911
vn -0.3038 0.9195 -0.2493
vn 0.1141 0.9195 0.3761
vn 0.1141 0.9195 -0.3761
vn -0.2493 0.9195 -0.3038
vn 0.0385 0.9195 0.3911
vn 0.1853 0.9195 -0.3466
vn -0.1853 0.9195 -0.3466
vn -0.0385 0.9195 0.3911
vn 0.2493 0.9195 -0.3038
vn -0.1141 0.9195 -0.3761
vn -0.1141 0.9195 0.3761
vn 0.3038 0.9195 -0.2493
vn -0.0385 0.9195 -0.3911
vn -0.1853 0.9195 0.3466
vn 0.3466 0.9195 -0.1853
vn -0.2493 0.9195 0.3038
vn 0.3761 0.9195 -0.1141
vn -0.3038 0.9195 0.2493
vn 0.3911 0.9195 -0.0385
vn -0.3466 0.9195 0.1853
vn 0.3911 0.9195 0.0385
vn -0.3761 0.9195 0.1141
vn 0.3761 0.9195 0.1141
vn -0.3911 0.9195 0.0385
vn 0.3466 0.9195 0.1853
vn -0.3911 0.9195 -0.0385
vn 0.3038 0.9195 0.2493
vn -0.3761 0.9195 -0.1141
vn -0.7462 -0.5330 -0.3989
vn 0.2805 -0.2570 0.9248
vn -0.9618 -0.2570 0.0947
vn 0.2805 -0.2570 -0.9248
vn 0.8523 -0.2570 0.4556
vn -0.6131 -0.2570 0.7471
vn -0.6131 -0.2570 -0.7471
vn 0.9248 -0.2570 -0.2805
vn 0.0947 -0.2570 0.9618
vn -0.9618 -0.2570 -0.0947
vn 0.4556 -0.2570 -0.8523
vn 0.7471 -0.2570 0.6131
vn -0.7471 -0.2570 0.6131
vn -0.4556 -0.2570 -0.8523
vn 0.9618 -0.2570 -0.0947
vn -0.0947 -0.2570 0.9618
vn -0.9248 -0.2570 -0.2805
vn 0.6131 -0.2570 -0.7471
vn 0.6131 -0.2570 0.7471
vn -0.8523 -0.2570 0.4556
vn -0.2805 -0.2570 -0.9248
vn 0.9618 -0.2570 0.0947
vn -0.2805 -0.2570 0.9248
vn -0.8523 -0.2570 -0.4556
vn 0.7471 -0.2570 -0.6131
vn 0.4556 -0.2570 0.8523
vn -0.9248 -0.2570 0.2805
vn 0.0947 -0.2570 -0.9618
vn -0.0947 -0.2570 -0.9618
vn 0.9248 -0.2570 0.2805
vn -0.4556 -0.2570 0.8523
vn -0.7471 -0.2570 -0.6131
vn -0.1575 -0.9426 -0.2946
vn 0.3989 -0.5330 0.7462
vn 0.0829 -0.5330 -0.8420
vn -0.6541 -0.5330 -0.5368
vn 0.2456 -0.5330 0.8097
vn 0.2456 -0.5330 -0.8097
vn -0.5368 -0.5330 -0.6541
vn 0.0829 -0.5330 0.8420
vn 0.3989 -0.5330 -0.7462
vn -0.3989 -0.5330 -0.7462
vn -0.0829 -0.5330 0.8420
vn 0.5368 -0.5330 -0.6541
vn -0.2456 -0.5330 -0.8097
vn -0.2456 -0.5330 0.8097
vn 0.6541 -0.5330 -0.5368
vn -0.0829 -0.5330 -0.8420
vn -0.3989 -0.5330 0.7462
vn 0.7462 -0.5330 -0.3989
vn -0.5368 -0.5330 0.6541
vn 0.8097 -0.5330 -0.2456
vn -0.6541 -0.5330 0.5368
vn 0.8420 -0.5330 -0.0829
vn -0.7462 -0.5330 0.3989
vn 0.8420 -0.5330 0.0829
vn -0.8097 -0.5330 0.2456
vn 0.8097 -0.5330 0.2456
vn -0.8420 -0.5330 0.0829
vn 0.7462 -0.5330 0.3989
vn -0.8420 -0.5330 -0.0829
vn 0.6541 -0.5330 0.5368
vn -0.8097 -0.5330 -0.2456
vn 0.5368 -0.5330 0.6541
vn -0.0327 -0.9426 0.3324
vn 0.2119 -0.9426 -0.2582
vn -0.0970 -0.9426 -0.3196
vn -0.0970 -0.9426 0.3196
vn 0.2582 -0.9426 -0.2119
vn -0.0327 -0.9426 -0.3324
vn -0.1575 -0.9426 0.2946
vn 0.2946 -0.9426 -0.1575
vn -0.2119 -0.9426 0.2582
vn 0.3196 -0.9426 -0.0970
vn -0.2582 -0.9426 0.2119
vn 0.3324 -0.9426 -0.0327
vn -0.2946 -0.9426 0.1575
vn 0.3324 -0.9426 0.0327
vn -0.3196 -0.9426 0.0970
vn 0.3196 -0.9426 0.0970
vn -0.3324 -0.9426 0.0327
vn 0.2946 -0.9426 0.1575
vn -0.3324 -0.9426 -0.0327
vn 0.2582 -0.9426 0.2119
vn -0.3196 -0.9426 -0.0970
vn 0.2119 -0.9426 0.2582
vn -0.2946 -0.9426 -0.1575
vn 0.1575 -0.9426 0.2946
vn 0.0327 -0.9426 -0.3324
vn -0.2582 -0.9426 -0.2119
vn 0.0970 -0.9426 0.3196
vn 0.0970 -0.9426 -0.3196
vn -0.2119 -0.9426 -0.2582
vn 0.0327 -0.9426 0.3324
vn 0.1575 -0.9426 -0.2946
vn 0.0732 -0.0345 -0.9967
vn 0.2195 -0.1034 -0.9701
vn 0.3649 -0.1718 -0.9151
vn 0.5070 -0.2388 -0.8282
vn 0.6412 -0.3019 -0.7054
vn 0.7592 -0.3575 -0.5439
vn 0.8491 -0.3998 -0.3453
vn 0.8983 -0.4230 -0.1186
vn 0.8983 -0.4230 0.1186
vn 0.8491 -0.3998 0.3453
vn 0.7592 -0.3575 0.5439
vn 0.6412 -0.3019 0.7054
vn 0.5070 -0.2388 0.8282
vn 0.3649 -0.1718 0.9151
vn 0.2195 -0.1034 0.9701
vn 0.0732 -0.0345 0.9967
vn -0.0732 0.0345 0.9967
vn -0.2195 0.1034 0.9701
vn -0.3649 0.1718 0.9151
vn -0.5070 0.2388 0.8282
vn -0.6412 0.3019 0.7054
vn -0.7592 0.3575 0.5440
vn -0.8491 0.3998 0.3453
vn -0.8983 0.4230 0.1186
vn -0.8983 0.4230 -0.1186
vn -0.8491 0.3998 -0.3453
vn -0.7592 0.3575 -0.5440
vn -0.6412 0.3019 -0.7054
vn -0.5070 0.2388 -0.8282
vn -0.3649 0.1718 -0.9151
vn 0.6006 0.0056 0.7995
vn -0.2195 0.1034 -0.9701
vn -0.0732 0.0345 -0.9967
vn -0.4260 -0.9047 -0.0000
vn -0.8627 -0.0011 -0.5056
vn -0.8635 -0.0081 0.5042
vn -0.2676 -0.0025 -0.9635
vn 0.9942 0.0093 0.1070
vn -0.2676 -0.0025 0.9635
vn -0.8635 -0.0081 -0.5042
vn 0.7446 0.0069 -0.6675
vn 0.4395 0.0041 0.8982
vn -0.9492 -0.0089 0.3145
vn 0.0898 0.0008 -0.9960
vn -0.0898 -0.0008 -0.9960
vn 0.9492 0.0089 0.3145
vn -0.4395 -0.0041 0.8982
vn -0.7446 -0.0069 -0.6675
vn 0.8635 0.0081 -0.5042
vn 0.2676 0.0025 0.9635
vn -0.9942 -0.0093 0.1070
vn 0.2676 0.0025 -0.9635
vn 0.8635 0.0081 0.5042
vn -0.6006 -0.0056 0.7995
vn -0.6006 -0.0056 -0.7995
vn 0.9492 0.0089 -0.3145
vn 0.0898 0.0008 0.9960
vn -0.9942 -0.0093 -0.1070
vn 0.4395 0.0041 -0.8982
vn 0.7446 0.0069 0.6675
vn -0.7446 -0.0069 0.6675
vn -0.4395 -0.0041 -0.8982
vn 0.9942 0.0093 -0.1070
vn -0.0898 -0.0008 0.9960
vn -0.9492 -0.0089 -0.3146
vn 0.6006 0.0056 -0.7995
vn 0.0895 0.0001 -0.9960
vn 0.5992 0.0008 0.8006
vn -0.7433 -0.0010 -0.6689
vn 0.2666 0.0004 -0.9638
vn 0.4382 0.0006 0.8989
vn -0.5992 -0.0008 -0.8006
vn 0.4382 0.0006 -0.8989
vn 0.2666 0.0004 0.9638
vn -0.4382 -0.0006 -0.8989
vn 0.5992 0.0008 -0.8006
vn 0.0895 0.0001 0.9960
vn -0.2666 -0.0004 -0.9638
vn 0.7433 0.0010 -0.6689
vn -0.0895 -0.0001 0.9960
vn -0.0895 -0.0001 -0.9960
vn 0.8627 0.0011 -0.5057
vn -0.2666 -0.0004 0.9638
vn 0.9489 0.0012 -0.3156
vn -0.4382 -0.0006 0.8989
vn 0.9942 0.0013 -0.1074
vn -0.5992 -0.0008 0.8006
vn 0.9942 0.0013 0.1074
vn -0.7433 -0.0010 0.6689
vn 0.9489 0.0012 0.3156
vn -0.8627 -0.0011 0.5057
vn 0.8627 0.0011 0.5056
vn -0.9489 -0.0012 0.3156
vn 0.7433 0.0010 0.6689
vn -0.9942 -0.0013 0.1074
vn -0.9942 -0.0013 -0.1074
vn -0.9489 -0.0012 -0.3156
vn 0.2666 0.0003 0.9638
vn -0.8627 -0.0011 -0.5057
vn 0.2666 0.0003 -0.9638
vn -0.2666 -0.0003 0.9638
vn -0.2666 -0.0003 -0.9638
vn 0.8627 0.0011 0.5057
vn -0.0806 0.1917 0.9781
vn 0.9320 0.3016 0.2011
vn -0.9465 0.0358 0.3206
vn -0.2413 0.1826 0.9531
vn -0.9942 -0.0083 0.1070
vn -0.4004 0.1679 0.9008
vn -0.9932 -0.0505 -0.1048
vn -0.5559 0.1470 0.8182
vn -0.9492 -0.0882 -0.3021
vn -0.7029 0.1193 0.7013
vn -0.8705 -0.1201 -0.4773
vn -0.0003 -0.1880 -0.9822
vn -0.8503 0.0786 0.5204
vn -0.7651 -0.1458 -0.6271
vn 0.1830 -0.1790 -0.9667
vn -0.9465 0.0357 0.3206
vn -0.6395 -0.1655 -0.7508
vn 0.3689 -0.1633 -0.9150
vn -0.9942 -0.0084 0.1070
vn -0.4978 -0.1795 -0.8485
vn 0.5498 -0.1404 -0.8234
vn -0.3429 -0.1879 -0.9204
vn 0.7149 -0.1103 -0.6905
vn -0.9492 -0.0881 -0.3021
vn -0.1765 -0.1908 -0.9656
vn 0.8318 -0.0802 -0.5492
vn -0.8705 -0.1199 -0.4774
vn -0.0002 -0.1876 -0.9822
vn 0.9331 -0.0410 -0.3572
vn -0.7651 -0.1455 -0.6272
vn 0.1831 -0.1787 -0.9667
vn 0.9907 0.0026 -0.1357
vn -0.6394 -0.1652 -0.7509
vn 0.3690 -0.1631 -0.9150
vn 0.9940 0.0474 0.0987
vn -0.4977 -0.1791 -0.8486
vn 0.5498 -0.1403 -0.8234
vn 0.9416 0.0893 0.3246
vn -0.3428 -0.1875 -0.9205
vn 0.7149 -0.1104 -0.6905
vn 0.8427 0.1251 0.5236
vn -0.1764 -0.1904 -0.9657
vn 0.8318 -0.0803 -0.5492
vn 0.7116 0.1532 0.6857
vn 0.9331 -0.0411 -0.3571
vn 0.5621 0.1735 0.8087
vn 0.9908 0.0026 -0.1356
vn 0.4038 0.1867 0.8956
vn 0.2425 0.1938 0.9506
vn 0.9416 0.0894 0.3245
vn 0.0807 0.1952 0.9774
vn 0.8428 0.1253 0.5235
vn -0.0806 0.1914 0.9782
vn 0.7117 0.1535 0.6855
vn -0.2412 0.1824 0.9532
vn 0.5622 0.1739 0.8085
vn -0.4004 0.1678 0.9009
vn 0.4039 0.1871 0.8955
vn -0.5559 0.1469 0.8182
vn 0.2426 0.1941 0.9505
vn -0.7029 0.1193 0.7012
vn 0.0808 0.1956 0.9774
vn -0.8503 0.0787 0.5204
vn -0.9935 -0.0950 -0.0630
vn 0.9922 0.1043 0.0687
vn -0.9935 0.0955 0.0626
vn 0.9922 -0.1043 -0.0681
vn -0.9425 0.2802 0.1821
vn 0.9330 -0.3022 -0.1956
vn -0.8478 0.4458 0.2874
vn -0.7208 0.5838 0.3737
vn 0.8276 -0.4723 -0.3033
vn -0.5732 0.6912 0.4401
vn 0.6931 -0.6076 -0.3878
vn -0.4143 0.7686 0.4874
vn 0.5441 -0.7082 -0.4499
vn -0.2501 0.8183 0.5176
vn 0.3894 -0.7782 -0.4927
vn -0.0837 0.8425 0.5322
vn 0.2335 -0.8220 -0.5194
vn 0.0776 -0.8430 -0.5323
vn 0.0778 0.8429 0.5324
vn -0.0833 -0.8424 -0.5323
vn 0.2333 0.8218 0.5198
vn -0.2500 -0.8181 -0.5179
vn 0.3892 0.7779 0.4933
vn -0.4145 -0.7682 -0.4880
vn 0.5439 0.7078 0.4507
vn -0.0852 -0.8130 -0.5759
vn -0.5734 -0.6906 -0.4408
vn 0.6929 0.6073 0.3888
vn -0.2544 -0.7896 -0.5583
vn 0.0753 0.8139 0.5760
vn -0.7209 -0.5831 -0.3745
vn 0.8273 0.4721 0.3043
vn -0.4202 -0.7422 -0.5221
vn 0.2269 0.7959 0.5613
vn -0.8479 -0.4451 -0.2880
vn 0.9328 0.3021 0.1963
vn -0.5790 -0.6686 -0.4665
vn 0.3802 0.7575 0.5307
vn -0.9426 -0.2797 -0.1826
vn 0.9922 0.1042 0.0684
vn -0.7250 -0.5668 -0.3914
vn 0.5347 0.6942 0.4818
vn -0.9935 -0.0952 -0.0628
vn 0.9921 -0.1043 -0.0691
vn -0.8500 -0.4351 -0.2971
vn 0.6859 0.5999 0.4119
vn -0.9935 0.0948 0.0632
vn 0.9318 -0.3015 -0.2022
vn -0.9431 -0.2755 -0.1859
vn 0.8236 0.4693 0.3184
vn -0.9431 0.2755 0.1859
vn 0.8236 -0.4693 -0.3184
vn -0.9935 -0.0948 -0.0632
vn 0.9318 0.3015 0.2022
vn -0.8500 0.4351 0.2971
vn 0.6859 -0.5999 -0.4119
vn -0.9935 0.0953 0.0628
vn 0.9921 0.1043 0.0691
vn -0.7250 0.5668 0.3914
vn 0.5346 -0.6943 -0.4819
vn -0.9426 0.2797 0.1826
vn 0.9922 -0.1043 -0.0684
vn -0.5791 0.6686 0.4665
vn 0.3802 -0.7575 -0.5307
vn -0.8479 0.4451 0.2880
vn 0.9329 -0.3020 -0.1963
vn -0.4202 0.7422 0.5221
vn 0.2269 -0.7959 -0.5613
vn -0.7209 0.5831 0.3745
vn 0.8273 -0.4721 -0.3043
vn -0.2544 0.7896 0.5583
vn 0.0752 -0.8139 -0.5761
vn -0.5735 0.6905 0.4408
vn 0.6929 -0.6073 -0.3888
vn -0.0851 0.8130 0.5759
vn -0.4145 0.7682 0.4880
vn 0.5439 -0.7078 -0.4507
vn -0.2502 0.8180 0.5179
vn 0.3893 -0.7779 -0.4933
vn -0.0833 0.8424 0.5323
vn 0.2332 -0.8218 -0.5198
vn 0.0777 0.8430 0.5323
vn 0.0778 -0.8429 -0.5324
vn 0.2335 0.8220 0.5194
vn -0.0835 -0.8425 -0.5322
vn 0.3896 0.7781 0.4927
vn -0.2501 -0.8183 -0.5176
vn 0.5443 0.7081 0.4498
vn -0.4143 -0.7686 -0.4874
vn 0.6931 0.6076 0.3878
vn -0.5731 -0.6912 -0.4402
vn 0.8276 0.4723 0.3033
vn -0.7207 -0.5838 -0.3738
vn 0.9330 0.3022 0.1955
vn -0.8477 -0.4458 -0.2874
vn 0.9922 0.1043 0.0681
vn -0.9425 -0.2802 -0.1821
vn 0.9922 -0.1042 -0.0687
vn -0.9935 -0.0955 -0.0626
vn 0.9320 -0.3016 -0.2011
vn -0.9935 0.0950 0.0630
vn 0.8240 -0.4697 -0.3168
vn -0.9431 0.2763 0.1853
vn 0.6864 -0.6006 -0.4100
vn -0.8497 0.4363 0.2961
vn 0.5354 -0.6950 -0.4800
vn -0.7247 0.5681 0.3900
vn 0.3806 -0.7584 -0.5291
vn -0.5787 0.6700 0.4650
vn -0.4199 0.7433 0.5207
vn 0.2268 -0.7966 -0.5603
vn -0.2542 0.7904 0.5574
vn 0.0753 -0.8142 -0.5757
vn -0.0851 0.8133 0.5756
vn -0.0851 -0.8133 -0.5756
vn 0.0753 0.8142 0.5757
vn -0.2542 -0.7904 -0.5574
vn 0.2268 0.7966 0.5603
vn -0.4199 -0.7433 -0.5207
vn 0.3806 0.7584 0.5291
vn -0.5786 -0.6700 -0.4650
vn 0.5354 0.6950 0.4800
vn -0.7247 -0.5681 -0.3900
vn 0.6865 0.6005 0.4100
vn -0.8497 -0.4363 -0.2960
vn 0.8240 0.4696 0.3168
vn -0.9431 -0.2763 -0.1853
vn 0.0838 -0.9965 0.0075
vn -0.5981 0.8013 -0.0153
vn -0.4372 -0.8992 0.0178
vn -0.4372 0.8992 -0.0178
vn -0.5981 -0.8013 0.0153
vn 0.0840 0.9964 -0.0075
vn -0.2658 0.9638 -0.0197
vn -0.7425 -0.6697 0.0121
vn 0.2509 0.9680 -0.0075
vn -0.0892 0.9958 -0.0207
vn -0.8622 -0.5065 0.0086
vn 0.4157 0.9095 -0.0076
vn 0.0842 0.9962 -0.0208
vn -0.9486 -0.3163 0.0050
vn 0.5745 0.8184 -0.0075
vn 0.2520 0.9675 -0.0201
vn -0.9942 -0.1076 0.0016
vn 0.7216 0.6923 -0.0070
vn 0.4171 0.9087 -0.0186
vn -0.9942 0.1076 -0.0014
vn 0.8481 0.5298 -0.0060
vn 0.5757 0.8175 -0.0162
vn -0.9487 0.3163 -0.0037
vn 0.9426 0.3339 -0.0042
vn 0.7227 0.6910 -0.0132
vn -0.8622 0.5065 -0.0054
vn 0.9935 0.1143 -0.0016
vn 0.8487 0.5288 -0.0096
vn -0.7425 0.6698 -0.0064
vn 0.9935 -0.1142 0.0017
vn 0.9428 0.3334 -0.0057
vn -0.5985 0.8011 -0.0069
vn 0.9427 -0.3336 0.0055
vn 0.9935 0.1142 -0.0018
vn -0.4374 0.8992 -0.0072
vn 0.8487 -0.5288 0.0093
vn -0.2663 0.9639 -0.0073
vn 0.7226 -0.6911 0.0128
vn 0.9426 -0.3340 0.0044
vn -0.0893 0.9960 -0.0074
vn 0.5758 -0.8175 0.0159
vn 0.8482 -0.5296 0.0063
vn 0.4170 -0.9087 0.0183
vn 0.7217 -0.6922 0.0074
vn 0.2521 -0.9675 0.0199
vn 0.5745 -0.8185 0.0078
vn 0.0843 -0.9962 0.0207
vn 0.4156 -0.9095 0.0079
vn -0.0894 -0.9958 0.0207
vn 0.2509 -0.9680 0.0077
vn -0.2660 -0.9638 0.0198
vn 0.0837 -0.9965 0.0075
vn -0.4373 -0.8991 0.0181
vn -0.0894 -0.9960 0.0075
vn -0.5984 -0.8011 0.0156
vn -0.2661 -0.9639 0.0075
vn -0.7424 -0.6698 0.0124
vn -0.4373 -0.8993 0.0075
vn -0.8622 -0.5065 0.0089
vn -0.5983 -0.8012 0.0073
vn -0.9487 -0.3162 0.0052
vn -0.7426 -0.6697 0.0068
vn -0.8623 -0.5064 0.0057
vn -0.9942 0.1076 -0.0015
vn -0.9487 -0.3162 0.0040
vn -0.9487 0.3162 -0.0040
vn -0.9942 -0.1076 0.0015
vn -0.8622 0.5065 -0.0057
vn -0.9942 0.1076 -0.0016
vn -0.7427 0.6696 -0.0068
vn -0.9486 0.3163 -0.0052
vn -0.5984 0.8011 -0.0073
vn -0.8621 0.5066 -0.0089
vn -0.4373 0.8993 -0.0075
vn -0.7424 0.6698 -0.0124
vn -0.2661 0.9639 -0.0075
vn -0.5983 0.8012 -0.0156
vn -0.0894 0.9960 -0.0075
vn -0.4374 0.8991 -0.0181
vn 0.0837 0.9965 -0.0075
vn -0.2660 0.9638 -0.0198
vn 0.2509 0.9680 -0.0077
vn 0.4154 0.9096 -0.0079
vn 0.0842 0.9962 -0.0207
vn 0.5745 0.8184 -0.0078
vn 0.2522 0.9675 -0.0199
vn 0.7217 0.6922 -0.0074
vn 0.4171 0.9087 -0.0183
vn 0.8481 0.5298 -0.0063
vn 0.5758 0.8174 -0.0159
vn -0.0892 -0.9960 0.0074
vn 0.9426 0.3340 -0.0044
vn 0.7227 0.6910 -0.0128
vn -0.2663 -0.9639 0.0073
vn 0.9935 0.1142 -0.0017
vn 0.8487 0.5289 -0.0093
vn -0.4374 -0.8992 0.0072
vn 0.9935 -0.1141 0.0018
vn 0.9427 0.3336 -0.0055
vn -0.5985 -0.8011 0.0069
vn 0.9427 -0.3335 0.0057
vn 0.9935 0.1141 -0.0017
vn -0.7426 -0.6698 0.0064
vn 0.8487 -0.5288 0.0096
vn 0.9935 -0.1142 0.0016
vn -0.8623 -0.5064 0.0054
vn 0.7227 -0.6910 0.0132
vn 0.9426 -0.3338 0.0042
vn -0.9487 -0.3162 0.0037
vn 0.5759 -0.8174 0.0162
vn 0.8481 -0.5297 0.0060
vn -0.9942 -0.1076 0.0014
vn 0.4171 -0.9087 0.0186
vn 0.7216 -0.6923 0.0070
vn 0.2521 -0.9675 0.0201
vn 0.5743 -0.8186 0.0075
vn -0.9487 0.3163 -0.0050
vn 0.0842 -0.9962 0.0208
vn 0.4157 -0.9095 0.0076
vn -0.8623 0.5064 -0.0086
vn -0.0891 -0.9958 0.0207
vn 0.2509 -0.9680 0.0075
vn -0.7425 0.6698 -0.0121
vn -0.2658 -0.9638 0.0197
vn 0.5822 -0.6441 0.4962
vn 0.9937 0.0890 -0.0681
vn 0.4225 -0.7178 0.5534
vn 0.9937 -0.0890 0.0680
vn 0.2557 -0.7654 0.5905
vn 0.9447 -0.2609 0.1987
vn 0.0856 -0.7888 0.6087
vn 0.8531 -0.4154 0.3156
vn -0.0837 -0.7890 0.6087
vn 0.7292 -0.5454 0.4133
vn -0.2506 -0.7667 0.5911
vn 0.5832 -0.6480 0.4899
vn -0.4148 -0.7208 0.5553
vn 0.4236 -0.7231 0.5456
vn -0.5734 -0.6493 0.4996
vn 0.0860 0.7961 -0.5990
vn 0.2565 -0.7720 0.5815
vn -0.7205 -0.5499 0.4225
vn 0.2566 0.7721 -0.5813
vn 0.0859 -0.7961 0.5991
vn -0.8471 -0.4217 0.3234
vn 0.4238 0.7232 -0.5452
vn -0.0833 -0.7963 0.5991
vn -0.9420 -0.2665 0.2039
vn 0.5833 0.6482 -0.4895
vn -0.2495 -0.7736 0.5825
vn -0.9934 -0.0913 0.0697
vn 0.7292 0.5456 -0.4130
vn -0.4133 -0.7271 0.5482
vn -0.9934 0.0915 -0.0696
vn 0.8532 0.4155 -0.3152
vn -0.5720 -0.6546 0.4943
vn -0.9419 0.2674 -0.2032
vn 0.9447 0.2609 -0.1985
vn -0.7195 -0.5538 0.4191
vn -0.8466 0.4242 -0.3214
vn 0.9937 0.0891 -0.0679
vn -0.8466 -0.4240 0.3217
vn -0.7194 0.5541 -0.4189
vn 0.9937 -0.0890 0.0681
vn -0.9419 -0.2673 0.2033
vn -0.5719 0.6548 -0.4940
vn 0.9446 -0.2605 0.1996
vn -0.9934 -0.0914 0.0697
vn -0.4133 0.7273 -0.5479
vn 0.8528 -0.4142 0.3179
vn -0.9934 0.0913 -0.0698
vn -0.2493 0.7738 -0.5823
vn 0.7284 -0.5432 0.4176
vn -0.9420 0.2663 -0.2040
vn -0.0833 0.7963 -0.5991
vn 0.5821 -0.6443 0.4961
vn -0.8471 0.4215 -0.3235
vn 0.4227 -0.7178 0.5532
vn -0.7205 0.5498 -0.4227
vn 0.2558 -0.7655 0.5904
vn -0.5734 0.6492 -0.4998
vn 0.0856 -0.7888 0.6086
vn -0.4148 0.7207 -0.5555
vn -0.2505 0.7666 -0.5913
vn -0.2506 -0.7666 0.5912
vn -0.0837 0.7890 -0.6087
vn -0.4148 -0.7207 0.5555
vn 0.0858 0.7888 -0.6086
vn -0.5733 -0.6492 0.4998
vn 0.2558 0.7655 -0.5904
vn -0.7204 -0.5499 0.4228
vn 0.4226 0.7179 -0.5533
vn -0.8472 -0.4215 0.3235
vn 0.5822 0.6442 -0.4960
vn -0.9421 -0.2663 0.2040
vn 0.7284 0.5431 -0.4176
vn -0.2494 -0.7738 0.5823
vn -0.9934 -0.0913 0.0698
vn 0.8528 0.4143 -0.3180
vn -0.4134 -0.7273 0.5479
vn -0.9934 0.0914 -0.0697
vn 0.9446 0.2605 -0.1996
vn -0.5719 -0.6548 0.4940
vn -0.9419 0.2673 -0.2033
vn 0.9937 0.0890 -0.0680
vn -0.7194 -0.5541 0.4189
vn -0.8466 0.4240 -0.3217
vn 0.9937 -0.0891 0.0679
vn -0.8466 -0.4242 0.3214
vn -0.7194 0.5538 -0.4192
vn 0.9447 -0.2609 0.1984
vn -0.9419 -0.2674 0.2031
vn -0.5720 0.6545 -0.4943
vn 0.8532 -0.4155 0.3152
vn -0.9934 -0.0915 0.0697
vn -0.4135 0.7270 -0.5481
vn 0.7292 -0.5456 0.4129
vn -0.9934 0.0914 -0.0698
vn -0.2495 0.7736 -0.5825
vn 0.5832 -0.6482 0.4896
vn -0.9421 0.2664 -0.2039
vn -0.0836 0.7963 -0.5991
vn 0.4238 -0.7233 0.5453
vn -0.8471 0.4217 -0.3233
vn 0.0859 0.7961 -0.5991
vn 0.2567 -0.7721 0.5813
vn -0.7204 0.5500 -0.4226
vn 0.2565 0.7720 -0.5816
vn 0.0858 -0.7961 0.5990
vn -0.5733 0.6493 -0.4996
vn 0.4236 0.7231 -0.5456
vn -0.4148 0.7208 -0.5553
vn 0.5832 0.6480 -0.4899
vn -0.2506 0.7667 -0.5912
vn 0.7291 0.5455 -0.4133
vn -0.0838 0.7890 -0.6087
vn 0.8532 0.4154 -0.3155
vn 0.0856 0.7888 -0.6087
vn 0.9447 0.2609 -0.1987
vn 0.2557 0.7654 -0.5905
vn 0.4227 0.7177 -0.5534
vn 0.5822 0.6441 -0.4962
vn 0.9446 -0.2605 0.1998
vn 0.7284 0.5430 -0.4178
vn 0.8528 -0.4141 0.3182
vn 0.8527 0.4142 -0.3182
vn 0.7285 -0.5430 0.4178
vn 0.9446 0.2604 -0.1997
vn -0.9283 -0.0785 0.3633
vn -0.9920 -0.0120 -0.1261
vn -0.8188 -0.1037 0.5647
vn -0.9909 -0.0469 0.1259
vn -0.6815 -0.1219 0.7216
vn -0.9284 -0.0779 0.3633
vn -0.5318 -0.1338 0.8362
vn -0.8189 -0.1022 0.5647
vn -0.3789 -0.1405 0.9147
vn -0.6817 -0.1196 0.7218
vn -0.2265 -0.1429 0.9635
vn -0.5321 -0.1308 0.8365
vn -0.0754 -0.1418 0.9870
vn -0.3792 -0.1369 0.9152
vn 0.0818 -0.1370 0.9872
vn -0.2266 -0.1389 0.9640
vn 0.2446 -0.1283 0.9611
vn -0.0754 -0.1377 0.9876
vn 0.4054 -0.1156 0.9068
vn 0.0816 -0.1331 0.9877
vn 0.5615 -0.0987 0.8216
vn 0.2443 -0.1248 0.9616
vn 0.7081 -0.0773 0.7019
vn 0.4049 -0.1128 0.9074
vn 0.8367 -0.0513 0.5453
vn 0.5610 -0.0966 0.8222
vn -0.0818 0.1370 -0.9872
vn 0.9354 -0.0214 0.3529
vn 0.7077 -0.0760 0.7024
vn -0.2270 0.1295 -0.9653
vn 0.9911 0.0110 0.1327
vn 0.8366 -0.0507 0.5455
vn -0.3801 0.1180 -0.9174
vn 0.9941 0.0433 -0.0996
vn 0.9354 -0.0212 0.3529
vn -0.5339 0.1022 -0.8394
vn 0.9432 0.0728 -0.3241
vn 0.9911 0.0110 0.1328
vn -0.6843 0.0814 -0.7246
vn 0.8464 0.0972 -0.5236
vn 0.9941 0.0435 -0.0995
vn -0.8220 0.0549 -0.5669
vn 0.7169 0.1158 -0.6875
vn 0.9433 0.0734 -0.3237
vn -0.9310 0.0232 -0.3643
vn 0.5677 0.1285 -0.8131
vn 0.8467 0.0987 -0.5229
vn -0.9920 -0.0120 -0.1260
vn 0.4087 0.1359 -0.9025
vn 0.7174 0.1180 -0.6866
vn -0.9909 -0.0470 0.1259
vn 0.2457 0.1388 -0.9593
vn 0.5684 0.1315 -0.8122
vn -0.9284 -0.0780 0.3634
vn 0.0818 0.1378 -0.9871
vn 0.4093 0.1395 -0.9017
vn -0.8189 -0.1024 0.5647
vn -0.0754 0.1333 -0.9882
vn 0.2462 0.1428 -0.9586
vn -0.6817 -0.1197 0.7218
vn -0.2271 0.1259 -0.9657
vn 0.0820 0.1419 -0.9865
vn -0.5321 -0.1309 0.8365
vn -0.3802 0.1150 -0.9177
vn -0.3791 -0.1369 0.9151
vn -0.5340 0.0999 -0.8396
vn 0.0754 -0.1373 0.9877
vn -0.2266 -0.1390 0.9640
vn -0.6844 0.0799 -0.7247
vn -0.8221 0.0541 -0.5668
vn 0.4053 -0.1157 0.9068
vn 0.0817 -0.1331 0.9877
vn -0.9310 0.0230 -0.3643
vn 0.5614 -0.0988 0.8216
vn 0.2443 -0.1247 0.9616
vn 0.7081 -0.0774 0.7019
vn 0.4048 -0.1127 0.9074
vn -0.9909 -0.0471 0.1260
vn 0.8367 -0.0514 0.5452
vn 0.5610 -0.0965 0.8222
vn -0.9283 -0.0786 0.3633
vn 0.9354 -0.0214 0.3528
vn 0.7077 -0.0759 0.7024
vn -0.8188 -0.1038 0.5647
vn 0.8365 -0.0506 0.5456
vn -0.6815 -0.1220 0.7216
vn 0.9941 0.0433 -0.0994
vn 0.9354 -0.0212 0.3530
vn -0.5319 -0.1339 0.8362
vn 0.9432 0.0729 -0.3241
vn -0.3789 -0.1406 0.9147
vn 0.8464 0.0974 -0.5235
vn 0.9941 0.0434 -0.0995
vn -0.2265 -0.1430 0.9635
vn 0.7169 0.1159 -0.6874
vn 0.9433 0.0733 -0.3238
vn 0.5678 0.1286 -0.8131
vn 0.8467 0.0985 -0.5229
vn 0.4088 0.1360 -0.9025
vn 0.7174 0.1179 -0.6866
vn 0.2457 0.1389 -0.9593
vn 0.5683 0.1314 -0.8123
vn 0.0819 0.1378 -0.9871
vn 0.4093 0.1394 -0.9017
vn -0.0755 0.1333 -0.9882
vn 0.2461 0.1428 -0.9587
vn -0.2270 0.1259 -0.9657
vn -0.3802 0.1149 -0.9177
vn -0.5340 0.0998 -0.8396
vn -0.2269 0.1295 -0.9653
vn -0.6844 0.0798 -0.7247
vn -0.8220 0.0541 -0.5669
vn -0.5339 0.1021 -0.8394
vn -0.9309 0.0229 -0.3644
vn -0.6844 0.0813 -0.7246
vn -0.9920 -0.0119 -0.1260
vn -0.8220 0.0548 -0.5669
vn -0.9909 -0.0471 0.1259
vn -0.9310 0.0231 -0.3644
vn 0.9117 -0.2038 -0.3568
vn -0.0089 -0.1143 0.9934
vn 0.8134 -0.1539 -0.5610
vn 0.1659 -0.1580 0.9734
vn 0.6832 -0.0997 -0.7234
vn 0.3432 -0.1971 0.9183
vn 0.5361 -0.0457 -0.8429
vn 0.5168 -0.2295 0.8248
vn 0.3828 0.0058 -0.9238
vn 0.6771 -0.2526 0.6912
vn 0.2285 0.0535 -0.9721
vn 0.8119 -0.2640 0.5206
vn 0.0757 0.0971 -0.9924
vn 0.9098 -0.2622 0.3217
vn -0.0754 0.1367 -0.9877
vn 0.9629 -0.2475 0.1078
vn -0.2255 0.1724 -0.9589
vn 0.9693 -0.2217 -0.1060
vn -0.3747 0.2039 -0.9044
vn 0.9165 -0.1772 -0.3587
vn -0.5222 0.2305 -0.8211
vn 0.8164 -0.1280 -0.5631
vn -0.0082 -0.1137 0.9935
vn -0.6646 0.2508 -0.7038
vn 0.6846 -0.0770 -0.7249
vn 0.1684 -0.1556 0.9734
vn -0.7944 0.2626 -0.5477
vn 0.5365 -0.0279 -0.8435
vn 0.3456 -0.1945 0.9180
vn -0.8985 0.2627 -0.3516
vn 0.3827 0.0179 -0.9237
vn 0.5174 -0.2287 0.8246
vn -0.9609 0.2486 -0.1221
vn 0.2284 0.0600 -0.9717
vn 0.6750 -0.2557 0.6921
vn -0.9678 0.2195 0.1230
vn 0.0758 0.0990 -0.9922
vn 0.8077 -0.2725 0.5228
vn -0.9328 0.1886 0.3072
vn -0.0754 0.1346 -0.9880
vn 0.9045 -0.2769 0.3243
vn -0.8603 0.1498 0.4873
vn -0.2255 0.1688 -0.9595
vn 0.9573 -0.2678 0.1091
vn -0.7593 0.1078 0.6418
vn -0.3750 0.2007 -0.9050
vn 0.9634 -0.2457 -0.1076
vn -0.6362 0.0641 0.7689
vn -0.5224 0.2297 -0.8212
vn 0.9116 -0.2041 -0.3568
vn -0.4961 0.0197 0.8680
vn -0.6641 0.2540 -0.7031
vn 0.8133 -0.1545 -0.5609
vn -0.3428 -0.0250 0.9391
vn -0.7924 0.2711 -0.5465
vn 0.6831 -0.1006 -0.7233
vn -0.1791 -0.0694 0.9814
vn -0.8947 0.2772 -0.3502
vn 0.5361 -0.0466 -0.8428
vn -0.9555 0.2687 -0.1215
vn 0.3828 0.0047 -0.9238
vn -0.9621 0.2438 0.1223
vn 0.2285 0.0525 -0.9721
vn -0.9259 0.2128 0.3121
vn 0.0758 0.0962 -0.9925
vn -0.8520 0.1722 0.4944
vn -0.0755 0.1360 -0.9878
vn -0.7500 0.1265 0.6492
vn -0.2255 0.1719 -0.9590
vn -0.6272 0.0782 0.7749
vn -0.3747 0.2036 -0.9045
vn -0.4889 0.0289 0.8719
vn -0.5223 0.2305 -0.8210
vn -0.3385 -0.0203 0.9407
vn -0.6647 0.2510 -0.7037
vn -0.1783 -0.0686 0.9816
vn -0.7943 0.2628 -0.5478
vn -0.0097 -0.1150 0.9933
vn -0.8984 0.2630 -0.3517
vn 0.1654 -0.1585 0.9734
vn -0.9609 0.2487 -0.1221
vn 0.3430 -0.1974 0.9184
vn -0.9679 0.2193 0.1230
vn 0.5167 -0.2296 0.8248
vn -0.9329 0.1882 0.3071
vn -0.0754 0.1353 -0.9879
vn 0.6771 -0.2525 0.6912
vn -0.8605 0.1491 0.4871
vn -0.2256 0.1693 -0.9594
vn 0.8121 -0.2637 0.5205
vn -0.7597 0.1070 0.6414
vn -0.3749 0.2010 -0.9050
vn 0.9099 -0.2620 0.3215
vn -0.6368 0.0631 0.7685
vn -0.5223 0.2297 -0.8212
vn 0.9629 -0.2474 0.1078
vn -0.4969 0.0187 0.8676
vn -0.6641 0.2539 -0.7032
vn 0.9693 -0.2218 -0.1061
vn -0.3436 -0.0259 0.9388
vn -0.7924 0.2709 -0.5465
vn 0.9164 -0.1777 -0.3586
vn -0.1799 -0.0702 0.9812
vn -0.8948 0.2770 -0.3502
vn 0.8164 -0.1288 -0.5630
vn -0.0075 -0.1130 0.9936
vn -0.9556 0.2686 -0.1214
vn 0.6845 -0.0781 -0.7248
vn 0.1687 -0.1551 0.9734
vn -0.9621 0.2439 0.1222
vn 0.5365 -0.0291 -0.8434
vn 0.3459 -0.1943 0.9179
vn -0.9258 0.2132 0.3122
vn 0.3827 0.0167 -0.9237
vn 0.5175 -0.2287 0.8246
vn -0.8518 0.1727 0.4946
vn 0.2285 0.0589 -0.9718
vn 0.6750 -0.2558 0.6920
vn -0.7497 0.1272 0.6495
vn 0.0758 0.0980 -0.9923
vn 0.8076 -0.2727 0.5229
vn -0.6267 0.0791 0.7753
vn 0.9044 -0.2771 0.3244
vn -0.4882 0.0298 0.8722
vn 0.9573 -0.2679 0.1091
vn -0.3378 -0.0195 0.9410
vn 0.9634 -0.2456 -0.1077
vn -0.1775 -0.0678 0.9818
vn 0.0413 -0.0816 0.9958
vn 0.1881 -0.3980 0.8979
vn -0.0403 0.0815 0.9959
vn 0.1164 -0.2424 0.9632
vn -0.1175 0.2425 0.9630
vn 0.0399 -0.0815 0.9959
vn -0.1896 0.3980 0.8976
vn -0.0413 0.0817 0.9958
vn -0.2554 0.5437 0.7994
vn -0.1263 0.2433 0.9617
vn -0.3133 0.6746 0.6684
vn -0.2125 0.3985 0.8922
vn -0.3609 0.7835 0.5059
vn -0.2965 0.5408 0.7872
vn -0.3952 0.8625 0.3161
vn -0.3732 0.6632 0.6487
vn -0.4132 0.9043 0.1077
vn -0.4369 0.7590 0.4827
vn -0.4127 0.9031 -0.1188
vn -0.4824 0.8240 0.2971
vn -0.3908 0.8529 -0.3461
vn -0.5060 0.8567 0.1002
vn -0.3507 0.7613 -0.5453
vn -0.5047 0.8545 -0.1226
vn -0.2979 0.6414 -0.7070
vn -0.4722 0.8067 -0.3554
vn -0.2373 0.5052 -0.8298
vn -0.4147 0.7205 -0.5558
vn -0.1723 0.3617 -0.9162
vn -0.3427 0.6090 -0.7154
vn -0.1048 0.2163 -0.9707
vn -0.2647 0.4829 -0.8347
vn -0.0354 0.0717 -0.9968
vn -0.1863 0.3493 -0.9183
vn 0.0363 -0.0708 -0.9968
vn -0.1098 0.2116 -0.9712
vn 0.1108 -0.2106 -0.9713
vn -0.0360 0.0711 -0.9968
vn 0.1881 -0.3477 -0.9185
vn 0.0354 -0.0717 -0.9968
vn 0.2673 -0.4808 -0.8351
vn 0.1048 -0.2163 -0.9707
vn 0.3457 -0.6066 -0.7159
vn 0.1723 -0.3617 -0.9162
vn 0.4178 -0.7184 -0.5562
vn 0.2373 -0.5052 -0.8298
vn -0.0408 0.0816 0.9958
vn 0.4745 -0.8053 -0.3555
vn 0.2979 -0.6414 -0.7070
vn -0.1246 0.2433 0.9619
vn 0.5056 -0.8540 -0.1226
vn 0.3507 -0.7614 -0.5453
vn -0.2097 0.3985 0.8929
vn 0.5051 -0.8572 0.1002
vn 0.3908 -0.8529 -0.3461
vn -0.2928 0.5412 0.7883
vn 0.4799 -0.8253 0.2977
vn 0.4127 -0.9031 -0.1188
vn -0.3692 0.6641 0.6502
vn 0.4333 -0.7603 0.4840
vn 0.4132 -0.9043 0.1077
vn -0.4333 0.7603 0.4839
vn 0.3692 -0.6641 0.6502
vn 0.3952 -0.8625 0.3161
vn -0.4799 0.8253 0.2976
vn 0.2928 -0.5412 0.7883
vn 0.3609 -0.7835 0.5059
vn -0.5051 0.8572 0.1002
vn 0.2097 -0.3985 0.8929
vn 0.3133 -0.6745 0.6684
vn -0.5056 0.8540 -0.1227
vn 0.1246 -0.2432 0.9619
vn 0.2554 -0.5437 0.7995
vn -0.4745 0.8052 -0.3555
vn 0.0408 -0.0817 0.9958
vn 0.1896 -0.3980 0.8976
vn -0.4178 0.7184 -0.5561
vn -0.0399 0.0815 0.9959
vn 0.1176 -0.2426 0.9630
vn -0.3457 0.6066 -0.7159
vn -0.1164 0.2425 0.9631
vn 0.0403 -0.0816 0.9959
vn -0.2673 0.4808 -0.8351
vn -0.1881 0.3980 0.8979
vn -0.1881 0.3477 -0.9185
vn -0.2538 0.5438 0.7999
vn 0.0360 -0.0711 -0.9968
vn -0.1109 0.2107 -0.9713
vn -0.3119 0.6748 0.6689
vn 0.1098 -0.2116 -0.9712
vn -0.0363 0.0708 -0.9968
vn -0.3598 0.7838 0.5062
vn 0.1863 -0.3493 -0.9183
vn 0.0357 -0.0714 -0.9968
vn -0.3945 0.8627 0.3163
vn 0.2647 -0.4829 -0.8347
vn 0.1055 -0.2157 -0.9708
vn -0.4130 0.9044 0.1076
vn 0.3426 -0.6089 -0.7154
vn 0.1733 -0.3609 -0.9164
vn -0.4129 0.9030 -0.1189
vn 0.4147 -0.7205 -0.5558
vn 0.2384 -0.5043 -0.8300
vn -0.3914 0.8526 -0.3461
vn 0.4722 -0.8067 -0.3553
vn 0.2990 -0.6406 -0.7073
vn -0.3517 0.7608 -0.5455
vn 0.5047 -0.8545 -0.1227
vn 0.3517 -0.7608 -0.5454
vn -0.2990 0.6406 -0.7073
vn 0.5060 -0.8567 0.1002
vn 0.3914 -0.8526 -0.3462
vn -0.2384 0.5043 -0.8300
vn 0.4824 -0.8241 0.2971
vn 0.4129 -0.9030 -0.1189
vn -0.1733 0.3609 -0.9164
vn 0.4369 -0.7590 0.4827
vn 0.4130 -0.9044 0.1076
vn -0.1055 0.2157 -0.9708
vn 0.3732 -0.6632 0.6488
vn 0.3945 -0.8628 0.3163
vn -0.0357 0.0714 -0.9968
vn 0.2965 -0.5409 0.7871
vn 0.3598 -0.7837 0.5063
vn 0.2125 -0.3986 0.8922
vn 0.3119 -0.6748 0.6688
vn 0.1263 -0.2434 0.9617
vn 0.2538 -0.5438 0.7999
vn 0.5658 0.8174 -0.1083
vn 0.4677 0.7106 0.5257
vn 0.5655 0.8171 0.1119
vn 0.4005 0.6053 0.6879
vn 0.5375 0.7770 0.3275
vn 0.3212 0.4826 0.8148
vn 0.4851 0.7020 0.5214
vn 0.2342 0.3498 0.9071
vn 0.4140 0.6002 0.6843
vn 0.1424 0.2115 0.9669
vn 0.3304 0.4802 0.8126
vn 0.0479 0.0708 0.9963
vn 0.2393 0.3488 0.9061
vn -0.0482 -0.0707 0.9963
vn 0.1444 0.2112 0.9667
vn -0.1446 -0.2112 0.9667
vn 0.0481 0.0707 0.9963
vn -0.2396 -0.3487 0.9061
vn -0.0479 -0.0707 0.9963
vn -0.3308 -0.4800 0.8125
vn -0.1425 -0.2116 0.9669
vn -0.4144 -0.6001 0.6842
vn -0.2342 -0.3498 0.9071
vn -0.4853 -0.7019 0.5213
vn -0.3212 -0.4826 0.8148
vn 0.0501 0.0738 -0.9960
vn -0.5377 -0.7769 0.3275
vn -0.4004 -0.6053 0.6879
vn 0.1496 0.2193 -0.9641
vn -0.5656 -0.8171 0.1118
vn -0.4677 -0.7106 0.5257
vn 0.2464 0.3597 -0.8999
vn -0.5657 -0.8174 -0.1084
vn -0.5174 -0.7890 0.3312
vn 0.3378 0.4916 -0.8027
vn -0.5392 -0.7798 -0.3181
vn -0.5440 -0.8314 0.1133
vn 0.4203 0.6099 -0.6718
vn -0.4891 -0.7084 -0.5088
vn -0.5444 -0.8320 -0.1067
vn 0.4891 0.7084 -0.5088
vn -0.4203 -0.6099 -0.6718
vn -0.5207 -0.7940 -0.3138
vn 0.5392 0.7798 -0.3181
vn -0.3378 -0.4915 -0.8027
vn -0.4750 -0.7216 -0.5037
vn 0.5657 0.8175 -0.1083
vn -0.2464 -0.3597 -0.8999
vn -0.4108 -0.6210 -0.6675
vn 0.5656 0.8171 0.1118
vn -0.1496 -0.2193 -0.9641
vn -0.3324 -0.4995 -0.8000
vn 0.5377 0.7769 0.3275
vn -0.0501 -0.0737 -0.9960
vn -0.2438 -0.3642 -0.8988
vn 0.4853 0.7019 0.5213
vn 0.0499 0.0739 -0.9960
vn -0.1488 -0.2209 -0.9639
vn 0.4144 0.6001 0.6842
vn 0.1486 0.2213 -0.9638
vn -0.0500 -0.0739 -0.9960
vn 0.3308 0.4800 0.8125
vn 0.2435 0.3648 -0.8987
vn 0.2397 0.3487 0.9061
vn 0.3319 0.5003 -0.7997
vn -0.0481 -0.0707 0.9963
vn 0.1447 0.2112 0.9667
vn 0.4102 0.6218 -0.6672
vn -0.1444 -0.2113 0.9667
vn 0.0482 0.0707 0.9963
vn 0.4743 0.7223 -0.5034
vn -0.2393 -0.3488 0.9061
vn -0.0480 -0.0708 0.9963
vn 0.5201 0.7944 -0.3137
vn -0.3304 -0.4801 0.8126
vn -0.1428 -0.2115 0.9669
vn 0.5442 0.8321 -0.1066
vn -0.4140 -0.6002 0.6844
vn -0.2348 -0.3497 0.9070
vn 0.5442 0.8313 0.1132
vn -0.4851 -0.7020 0.5214
vn -0.3220 -0.4825 0.8146
vn 0.5179 0.7888 0.3311
vn -0.5375 -0.7771 0.3275
vn -0.4014 -0.6050 0.6877
vn 0.4685 0.7102 0.5255
vn -0.5656 -0.8171 0.1119
vn -0.4685 -0.7101 0.5256
vn 0.4013 0.6050 0.6877
vn -0.5658 -0.8174 -0.1083
vn -0.5179 -0.7887 0.3312
vn 0.3220 0.4825 0.8146
vn -0.5393 -0.7797 -0.3182
vn -0.5442 -0.8313 0.1133
vn 0.2348 0.3497 0.9070
vn -0.4893 -0.7082 -0.5089
vn -0.5442 -0.8321 -0.1066
vn 0.1429 0.2115 0.9669
vn -0.4205 -0.6097 -0.6719
vn -0.5201 -0.7944 -0.3137
vn 0.0480 0.0707 0.9963
vn -0.3381 -0.4913 -0.8027
vn -0.4743 -0.7222 -0.5034
vn -0.2466 -0.3594 -0.9000
vn -0.4102 -0.6218 -0.6672
vn -0.1497 -0.2189 -0.9642
vn -0.3319 -0.5003 -0.7998
vn -0.2435 -0.3648 -0.8987
vn 0.0500 0.0739 -0.9960
vn -0.1486 -0.2212 -0.9638
vn 0.1488 0.2209 -0.9639
vn -0.0500 -0.0740 -0.9960
vn 0.2438 0.3642 -0.8988
vn 0.0501 0.0736 -0.9960
vn 0.3324 0.4995 -0.8000
vn 0.1497 0.2189 -0.9642
vn 0.4108 0.6210 -0.6675
vn 0.2466 0.3594 -0.9000
vn 0.4750 0.7216 -0.5037
vn 0.3381 0.4913 -0.8027
vn 0.5206 0.7940 -0.3139
vn 0.4205 0.6097 -0.6719
vn 0.5444 0.8320 -0.1066
vn 0.4893 0.7082 -0.5089
vn 0.5440 0.8314 0.1133
vn 0.5393 0.7797 -0.3182
vn 0.5174 0.7890 0.3313
vn -0.9402 0.0045 -0.3407
vn 0.9402 -0.0045 -0.3407
vn 0.5734 -0.0030 0.8193
vn -0.9931 0.0047 -0.1168
vn 0.8428 -0.0040 -0.5381
vn 0.7206 -0.0037 0.6934
vn -0.9934 0.0047 0.1147
vn 0.7142 -0.0034 -0.7000
vn 0.8473 -0.0044 0.5311
vn -0.9422 0.0045 0.3351
vn 0.5663 -0.0027 -0.8242
vn 0.9422 -0.0049 0.3351
vn -0.8473 0.0040 0.5312
vn 0.4085 -0.0020 -0.9128
vn 0.9934 -0.0052 0.1148
vn -0.7205 0.0035 0.6935
vn 0.2461 -0.0012 -0.9692
vn 0.9931 -0.0052 -0.1169
vn -0.5733 0.0028 0.8193
vn 0.0822 -0.0004 -0.9966
vn 0.9402 -0.0050 -0.3406
vn -0.4148 0.0020 0.9099
vn -0.0822 0.0004 -0.9966
vn 0.8429 -0.0044 -0.5381
vn -0.2505 0.0012 0.9681
vn -0.2461 0.0013 -0.9692
vn 0.7141 -0.0037 -0.7001
vn -0.0837 0.0004 0.9965
vn -0.4085 0.0021 -0.9128
vn 0.5663 -0.0029 -0.8242
vn -0.5663 0.0029 -0.8242
vn 0.4085 -0.0021 -0.9128
vn -0.7141 0.0037 -0.7000
vn 0.2462 -0.0013 -0.9692
vn -0.8429 0.0044 -0.5381
vn 0.0821 -0.0004 -0.9966
vn -0.9402 0.0050 -0.3406
vn -0.9931 0.0052 -0.1168
vn -0.2462 0.0012 -0.9692
vn -0.9934 0.0052 0.1147
vn -0.4085 0.0020 -0.9128
vn -0.9421 0.0049 0.3352
vn -0.5663 0.0027 -0.8242
vn -0.8473 0.0044 0.5311
vn -0.7141 0.0034 -0.7000
vn -0.7206 0.0037 0.6934
vn -0.8429 0.0040 -0.5381
vn -0.5734 0.0030 0.8193
vn -0.9402 0.0045 -0.3406
vn -0.4148 0.0021 0.9099
vn -0.9931 0.0047 -0.1169
vn -0.2505 0.0013 0.9681
vn -0.9421 0.0045 0.3352
vn 0.0837 -0.0004 0.9965
vn 0.2504 -0.0012 0.9681
vn -0.7205 0.0034 0.6934
vn 0.4147 -0.0020 0.9099
vn -0.5734 0.0028 0.8193
vn 0.5733 -0.0028 0.8193
vn -0.4147 0.0020 0.9099
vn 0.7205 -0.0034 0.6935
vn -0.2504 0.0012 0.9681
vn -0.2462 0.0013 -0.9692
vn 0.8473 -0.0040 0.5311
vn 0.9421 -0.0045 0.3352
vn 0.9934 -0.0047 0.1147
vn 0.2504 -0.0013 0.9681
vn 0.9931 -0.0047 -0.1169
vn 0.4148 -0.0021 0.9099
vn 0.9402 -0.0045 -0.3406
vn -0.9402 0.0049 -0.3406
vn 0.8429 -0.0040 -0.5381
vn 0.7206 -0.0038 0.6934
vn -0.9931 0.0052 -0.1169
vn 0.7141 -0.0034 -0.7000
vn 0.9422 -0.0050 0.3351
vn -0.9422 0.0050 0.3351
vn 0.9934 -0.0052 0.1147
vn -0.8474 0.0044 0.5310
vn 0.2462 -0.0012 -0.9692
vn 0.9931 -0.0052 -0.1168
vn -0.7205 0.0038 0.6934
vn 0.9402 -0.0049 -0.3407
vn 0.7141 -0.0037 -0.7000
vn -0.0836 0.0004 0.9965
vn 0.4148 -0.0020 0.9099
vn -0.2461 0.0012 -0.9692
vn 0.7205 -0.0035 0.6935
vn 0.9422 -0.0045 0.3351
vn 0.9934 -0.0047 0.1148
vn 0.2505 -0.0013 0.9681
vn -0.8428 0.0040 -0.5381
vn 0.9931 -0.0047 -0.1168
vn 0.4002 0.2009 0.8942
vn 0.8360 0.5398 0.0983
vn 0.2450 0.0957 0.9648
vn 0.8096 0.5085 0.2933
vn 0.0822 -0.0123 0.9965
vn 0.7500 0.4563 0.4789
vn -0.0816 -0.1188 0.9896
vn 0.6591 0.3849 0.6461
vn -0.2402 -0.2196 0.9456
vn 0.5406 0.2976 0.7869
vn -0.3882 -0.3113 0.8674
vn 0.4003 0.1988 0.8946
vn -0.5212 -0.3912 0.7585
vn 0.2450 0.0932 0.9650
vn -0.6353 -0.4567 0.6227
vn 0.0822 -0.0141 0.9965
vn -0.7270 -0.5060 0.4642
vn -0.0817 -0.1159 0.9899
vn -0.7931 -0.5370 0.2874
vn -0.2404 -0.2143 0.9467
vn -0.8391 -0.5438 -0.0126
vn -0.3892 -0.3037 0.8696
vn -0.8275 -0.5226 -0.2052
vn -0.5235 -0.3815 0.7618
vn -0.7836 -0.4804 -0.3938
vn -0.6393 -0.4458 0.6266
vn -0.7073 -0.4179 -0.5702
vn -0.7326 -0.4945 0.4677
vn -0.6005 -0.3370 -0.7251
vn -0.7998 -0.5257 0.2898
vn -0.4673 -0.2410 -0.8506
vn -0.8430 -0.5378 -0.0121
vn -0.3144 -0.1350 -0.9397
vn -0.8307 -0.5179 -0.2041
vn -0.1493 -0.0242 -0.9885
vn -0.7859 -0.4777 -0.3926
vn 0.0195 0.0857 -0.9961
vn -0.7082 -0.4170 -0.5697
vn 0.1872 0.1888 -0.9640
vn -0.5996 -0.3377 -0.7256
vn 0.3420 0.2834 -0.8960
vn -0.4644 -0.2427 -0.8517
vn 0.4816 0.3657 -0.7964
vn -0.3099 -0.1371 -0.9408
vn 0.6022 0.4337 -0.6703
vn -0.1442 -0.0264 -0.9892
vn 0.7008 0.4862 -0.5220
vn 0.0243 0.0837 -0.9962
vn 0.7751 0.5220 -0.3560
vn 0.1879 0.1884 -0.9639
vn 0.8228 0.5403 -0.1764
vn 0.3410 0.2840 -0.8962
vn 0.8360 0.5399 -0.0983
vn 0.4787 0.3676 -0.7973
vn 0.8415 0.5311 0.0990
vn 0.5980 0.4372 -0.6718
vn -0.0816 -0.1189 0.9895
vn 0.8136 0.5013 0.2947
vn 0.6959 0.4913 -0.5238
vn -0.2403 -0.2175 0.9460
vn 0.7524 0.4508 0.4803
vn 0.7701 0.5284 -0.3573
vn -0.3888 -0.3069 0.8687
vn 0.6602 0.3814 0.6471
vn 0.8181 0.5473 -0.1767
vn -0.5227 -0.3846 0.7608
vn 0.5409 0.2958 0.7873
vn 0.8288 0.5509 -0.0975
vn -0.6382 -0.4487 0.6256
vn 0.4004 0.1982 0.8946
vn 0.8352 0.5411 0.0983
vn -0.7313 -0.4972 0.4669
vn 0.2451 0.0930 0.9650
vn 0.8088 0.5099 0.2930
vn -0.7984 -0.5282 0.2892
vn 0.0821 -0.0151 0.9965
vn 0.7494 0.4578 0.4784
vn -0.8416 -0.5400 -0.0124
vn -0.0815 -0.1214 0.9893
vn 0.6586 0.3867 0.6456
vn -0.8293 -0.5200 -0.2045
vn -0.2400 -0.2221 0.9450
vn 0.5403 0.2996 0.7863
vn -0.7843 -0.4795 -0.3935
vn -0.3879 -0.3135 0.8667
vn 0.4001 0.2011 0.8941
vn -0.7065 -0.4187 -0.5706
vn -0.5207 -0.3932 0.7578
vn 0.1846 0.1900 -0.9643
vn 0.2450 0.0958 0.9648
vn -0.5975 -0.3391 -0.7266
vn -0.6346 -0.4585 0.6221
vn 0.3395 0.2848 -0.8965
vn 0.0822 -0.0113 0.9966
vn -0.4621 -0.2440 -0.8526
vn -0.7263 -0.5076 0.4636
vn 0.4791 0.3673 -0.7972
vn -0.3074 -0.1383 -0.9415
vn -0.7923 -0.5384 0.2870
vn 0.5999 0.4356 -0.6711
vn -0.1415 -0.0275 -0.9896
vn -0.8382 -0.5451 -0.0128
vn 0.6988 0.4883 -0.5228
vn 0.0269 0.0826 -0.9962
vn -0.8266 -0.5238 -0.2056
vn 0.7733 0.5243 -0.3565
vn 0.1905 0.1873 -0.9637
vn -0.7827 -0.4816 -0.3943
vn 0.8212 0.5426 -0.1765
vn 0.3432 0.2828 -0.8957
vn -0.7062 -0.4190 -0.5707
vn 0.8345 0.5421 -0.0982
vn 0.4806 0.3663 -0.7967
vn -0.5992 -0.3379 -0.7258
vn 0.8402 0.5333 0.0988
vn 0.5996 0.4359 -0.6712
vn -0.4657 -0.2420 -0.8512
vn 0.8124 0.5034 0.2944
vn 0.6972 0.4899 -0.5233
vn -0.3125 -0.1359 -0.9402
vn 0.7514 0.4530 0.4798
vn 0.7712 0.5270 -0.3571
vn -0.1472 -0.0252 -0.9888
vn 0.6595 0.3837 0.6464
vn 0.8190 0.5458 -0.1767
vn 0.0219 0.0846 -0.9962
vn 0.5405 0.2984 0.7867
vn 0.8297 0.5496 -0.0976
vn 0.4679 -0.7399 0.4834
vn 0.4905 0.6163 0.6161
vn 0.5417 -0.6431 0.5413
vn 0.4326 0.7617 0.4824
vn 0.5884 -0.5470 0.5955
vn 0.3416 0.8824 0.3236
vn 0.6123 -0.4445 0.6538
vn 0.2189 0.9643 0.1489
vn 0.5883 -0.3156 0.7445
vn 0.0703 0.9972 -0.0270
vn 0.5771 -0.1661 0.7996
vn -0.0901 0.9779 -0.1888
vn 0.5569 0.0087 0.8305
vn -0.2484 0.9123 -0.3255
vn 0.5294 0.2038 0.8235
vn -0.3914 0.8117 -0.4334
vn 0.4929 0.4094 0.7678
vn -0.5106 0.6873 -0.5166
vn -0.6003 0.5477 -0.5828
vn 0.4433 0.6098 0.6570
vn -0.6580 0.3968 -0.6400
vn 0.3763 0.7851 0.4919
vn -0.6833 0.2360 -0.6909
vn 0.2912 0.9130 0.2856
vn -0.6471 0.0591 -0.7601
vn 0.1923 0.9794 0.0613
vn -0.6143 -0.1160 -0.7805
vn 0.0881 0.9840 -0.1549
vn -0.5687 -0.2900 -0.7697
vn -0.0137 0.9386 -0.3448
vn -0.5168 -0.4588 -0.7228
vn -0.1079 0.8590 -0.5004
vn -0.4601 -0.6190 -0.6366
vn -0.1930 0.7587 -0.6222
vn -0.3960 -0.7644 -0.5089
vn -0.2691 0.6462 -0.7142
vn -0.3205 -0.8840 -0.3402
vn -0.3372 0.5262 -0.7806
vn -0.2308 -0.9631 -0.1388
vn -0.3981 0.4005 -0.8253
vn -0.4521 0.2687 -0.8505
vn -0.1290 -0.9885 0.0785
vn -0.4989 0.1293 -0.8570
vn -0.0213 -0.9570 0.2891
vn -0.5369 -0.0204 -0.8434
vn 0.0839 -0.8769 0.4733
vn -0.5621 -0.1830 -0.8066
vn 0.1805 -0.7629 0.6208
vn 0.6181 -0.3252 0.7157
vn -0.5675 -0.3606 -0.7402
vn 0.2659 -0.6287 0.7308
vn 0.6088 -0.1813 0.7723
vn -0.5421 -0.5503 -0.6350
vn 0.3397 -0.4840 0.8065
vn 0.5880 -0.0095 0.8088
vn -0.4710 -0.7385 -0.4824
vn 0.4023 -0.3340 0.8524
vn 0.5575 0.1860 0.8091
vn -0.3414 -0.8961 -0.2838
vn 0.4540 -0.1810 0.8724
vn 0.5166 0.3945 0.7599
vn -0.1625 -0.9847 -0.0626
vn 0.4949 -0.0251 0.8686
vn 0.4625 0.5992 0.6535
vn 0.0345 -0.9894 0.1412
vn 0.5236 0.1336 0.8415
vn 0.3917 0.7783 0.4908
vn 0.2137 -0.9298 0.2995
vn 0.5372 0.2950 0.7902
vn 0.3035 0.9091 0.2853
vn 0.5322 0.4570 0.7127
vn 0.3559 -0.8395 0.4106
vn 0.2028 0.9773 0.0609
vn -0.6779 0.0663 -0.7322
vn 0.5031 0.6149 0.6072
vn 0.4588 -0.7418 0.4892
vn 0.0977 0.9830 -0.1557
vn -0.6472 -0.1090 -0.7544
vn 0.4443 0.7604 0.4737
vn 0.5275 -0.6450 0.5528
vn -0.0043 0.9381 -0.3464
vn -0.5998 -0.2847 -0.7478
vn 0.3518 0.8813 0.3156
vn 0.5685 -0.5473 0.6142
vn -0.0985 0.8586 -0.5031
vn -0.5431 -0.4555 -0.7054
vn 0.2269 0.9635 0.1422
vn 0.5869 -0.4406 0.6792
vn -0.1833 0.7580 -0.6259
vn -0.4806 -0.6173 -0.6228
vn 0.0763 0.9966 -0.0321
vn -0.2591 0.6450 -0.7189
vn -0.4114 -0.7634 -0.4979
vn -0.0866 0.9775 -0.1923
vn -0.3266 0.5243 -0.7864
vn -0.3318 -0.8832 -0.3315
vn -0.2457 0.9121 -0.3282
vn -0.3869 0.3976 -0.8320
vn -0.2395 -0.9620 -0.1315
vn -0.3882 0.8113 -0.4371
vn -0.4403 0.2646 -0.8580
vn -0.1362 -0.9870 0.0850
vn -0.5045 0.6865 -0.5237
vn -0.4863 0.1235 -0.8650
vn -0.0282 -0.9552 0.2947
vn -0.5891 0.5460 -0.5957
vn -0.5233 -0.0280 -0.8517
vn 0.0767 -0.8746 0.4788
vn -0.6402 0.3935 -0.6598
vn -0.5475 -0.1924 -0.8144
vn 0.1728 -0.7599 0.6266
vn -0.6582 0.2304 -0.7167
vn -0.5517 -0.3715 -0.7467
vn 0.2574 -0.6254 0.7366
vn -0.5249 -0.5616 -0.6396
vn 0.3301 -0.4807 0.8124
vn -0.4527 -0.7484 -0.4847
vn 0.3917 -0.3310 0.8585
vn -0.3248 -0.9020 -0.2845
vn 0.4426 -0.1780 0.8789
vn -0.1496 -0.9867 -0.0631
vn 0.4827 -0.0225 0.8755
vn 0.0427 -0.9892 0.1403
vn 0.5108 0.1359 0.8489
vn 0.2188 -0.9291 0.2981
vn 0.5242 0.2969 0.7982
vn 0.3616 -0.8383 0.4080
vn 0.5191 0.4585 0.7213
vn 0.0757 0.9970 0.0150
vn -0.5213 0.8533 0.0042
vn 0.3018 0.9533 0.0143
vn -0.3465 0.9380 0.0083
vn 0.5147 0.8573 0.0143
vn -0.1456 0.9893 0.0116
vn 0.6966 0.7173 0.0147
vn 0.0753 0.9971 0.0134
vn 0.8362 0.5483 0.0152
vn 0.3018 0.9533 0.0134
vn 0.9307 0.3654 0.0156
vn 0.5145 0.8574 0.0112
vn 0.9835 0.1805 0.0156
vn 0.6963 0.7177 0.0072
vn 0.9999 0.0012 0.0149
vn 0.8362 0.5485 0.0021
vn 0.9854 -0.1694 0.0135
vn 0.9308 0.3656 -0.0035
vn 0.9439 -0.3300 0.0112
vn 0.9836 0.1803 -0.0088
vn 0.8772 -0.4800 0.0082
vn 0.9999 0.0005 -0.0134
vn 0.9247 -0.3807 0.0067
vn 0.9852 -0.1706 -0.0170
vn 0.8729 -0.4879 0.0031
vn 0.9433 -0.3314 -0.0194
vn 0.7991 -0.6012 -0.0012
vn -0.9615 0.2744 0.0173
vn 0.8762 -0.4815 -0.0196
vn 0.6924 -0.7215 -0.0058
vn -0.7839 0.6205 0.0223
vn 0.9261 -0.3770 -0.0146
vn 0.5324 -0.8464 -0.0105
vn -0.6661 0.7456 0.0219
vn 0.8753 -0.4834 -0.0137
vn 0.2969 -0.9548 -0.0144
vn -0.5204 0.8537 0.0207
vn 0.8023 -0.5968 -0.0125
vn -0.0209 -0.9997 -0.0160
vn -0.3459 0.9381 0.0192
vn 0.6944 -0.7195 -0.0113
vn -0.3715 -0.9283 -0.0138
vn -0.1446 0.9893 0.0175
vn 0.5329 -0.8461 -0.0105
vn -0.6583 -0.7527 -0.0084
vn 0.0757 0.9970 0.0161
vn 0.2935 -0.9559 -0.0104
vn -0.8385 -0.5449 -0.0019
vn 0.3015 0.9533 0.0151
vn -0.0271 -0.9996 -0.0113
vn -0.9354 -0.3537 0.0039
vn 0.5145 0.8574 0.0147
vn -0.3724 -0.9280 -0.0128
vn -0.9814 -0.1920 0.0085
vn 0.6967 0.7172 0.0148
vn -0.6536 -0.7567 -0.0142
vn -0.9984 -0.0553 0.0120
vn 0.8361 0.5483 0.0152
vn -0.8324 -0.5540 -0.0152
vn -0.9979 0.0637 0.0143
vn 0.9308 0.3652 0.0156
vn -0.9307 -0.3654 -0.0156
vn -0.9850 0.1717 0.0157
vn 0.9834 0.1806 0.0157
vn -0.9790 -0.2032 -0.0155
vn 0.9999 0.0012 0.0152
vn -0.9978 -0.0642 -0.0148
vn 0.9854 -0.1694 0.0140
vn -0.9982 0.0582 -0.0134
vn 0.9439 -0.3300 0.0120
vn -0.9854 0.1699 -0.0114
vn 0.8771 -0.4802 0.0092
vn -0.9611 0.2759 -0.0088
vn 0.9246 -0.3808 0.0080
vn -0.7852 0.6193 -0.0032
vn 0.8727 -0.4883 0.0045
vn -0.6673 0.7448 0.0012
vn 0.7987 -0.6017 0.0004
vn -0.5213 0.8534 0.0057
vn 0.8761 -0.4817 -0.0207
vn 0.6912 -0.7226 -0.0041
vn -0.3465 0.9380 0.0098
vn 0.9262 -0.3768 -0.0160
vn 0.5314 -0.8470 -0.0088
vn -0.1450 0.9893 0.0129
vn 0.8756 -0.4828 -0.0152
vn 0.2961 -0.9551 -0.0129
vn 0.0757 0.9970 0.0145
vn 0.8029 -0.5960 -0.0142
vn -0.0226 -0.9996 -0.0148
vn 0.3017 0.9533 0.0141
vn 0.6954 -0.7185 -0.0131
vn -0.3722 -0.9281 -0.0131
vn 0.5147 0.8573 0.0116
vn 0.5340 -0.8454 -0.0122
vn -0.6582 -0.7528 -0.0081
vn 0.6963 0.7177 0.0074
vn 0.2952 -0.9553 -0.0119
vn -0.8385 -0.5448 -0.0020
vn 0.8362 0.5484 0.0020
vn -0.0259 -0.9996 -0.0124
vn -0.9353 -0.3538 0.0038
vn 0.9308 0.3656 -0.0036
vn -0.3720 -0.9281 -0.0134
vn -0.9814 -0.1919 0.0086
vn 0.9836 0.1804 -0.0088
vn -0.6532 -0.7570 -0.0144
vn -0.9984 -0.0552 0.0122
vn 0.9999 0.0006 -0.0132
vn -0.8325 -0.5538 -0.0152
vn -0.9978 0.0639 0.0148
vn 0.9852 -0.1705 -0.0165
vn -0.9307 -0.3655 -0.0156
vn -0.9850 0.1718 0.0165
vn 0.9433 -0.3314 -0.0186
vn -0.9790 -0.2033 -0.0156
vn -0.9614 0.2745 0.0162
vn -0.9978 -0.0642 -0.0150
vn -0.7841 0.6203 0.0209
vn -0.9982 0.0582 -0.0139
vn -0.6659 0.7458 0.0203
vn -0.9854 0.1698 -0.0122
vn -0.5201 0.8539 0.0191
vn -0.9611 0.2760 -0.0098
vn -0.3457 0.9382 0.0176
vn -0.7854 0.6190 -0.0044
vn -0.1448 0.9893 0.0162
vn -0.6673 0.7448 -0.0002
vn 0.4426 -0.8655 0.2346
vn -0.9851 0.1687 -0.0339
vn 0.0657 0.9920 -0.1076
vn 0.5932 -0.7788 0.2040
vn -1.0000 -0.0008 0.0001
vn -0.1546 0.9815 -0.1128
vn 0.7248 -0.6683 0.1678
vn -0.9832 -0.1801 0.0297
vn -0.3545 0.9274 -0.1192
vn 0.8353 -0.5347 0.1277
vn -0.9293 -0.3654 0.0538
vn -0.5264 0.8412 -0.1242
vn -0.8330 -0.5487 0.0717
vn -0.6693 0.7325 -0.1245
vn -0.6911 -0.7178 0.0844
vn -0.7847 0.6086 -0.1175
vn -0.5069 -0.8569 0.0939
vn -0.8754 0.4726 -0.1017
vn -0.2845 -0.9531 0.1034
vn -0.9423 0.3260 -0.0766
vn -0.1074 -0.9877 0.1135
vn -0.9848 0.1682 -0.0424
vn 0.0691 -0.9895 0.1271
vn -1.0000 -0.0010 0.0003
vn 0.2438 -0.9594 0.1416
vn -0.9790 -0.1967 0.0544
vn 0.4140 -0.8974 0.1525
vn -0.9152 -0.3876 0.1102
vn 0.5738 -0.8041 0.1553
vn -0.8092 -0.5643 0.1636
vn 0.7163 -0.6822 0.1468
vn -0.6654 -0.7164 0.2099
vn -0.4922 -0.8351 0.2457
vn 0.8347 -0.5361 0.1260
vn -0.3007 -0.9151 0.2687
vn 0.9242 -0.3704 0.0933
vn 0.9805 -0.1897 0.0504
vn -0.1027 -0.9550 0.2783
vn 1.0000 0.0008 -0.0002
vn 0.0917 -0.9570 0.2751
vn 0.9824 0.1798 -0.0511
vn 0.2751 -0.9253 0.2611
vn -0.9424 0.3262 -0.0734
vn 0.9254 0.3641 -0.1055
vn 0.4433 -0.8643 0.2379
vn -0.9851 0.1686 -0.0353
vn 0.8231 0.5449 -0.1597
vn 0.5942 -0.7772 0.2074
vn -1.0000 -0.0009 0.0002
vn 0.6745 0.7083 -0.2084
vn 0.7259 -0.6662 0.1711
vn -0.9831 -0.1801 0.0314
vn 0.4857 0.8387 -0.2463
vn 0.8363 -0.5325 0.1306
vn -0.9291 -0.3654 0.0572
vn 0.2711 0.9241 -0.2693
vn 0.9219 -0.3779 0.0850
vn -0.8326 -0.5485 0.0764
vn 0.0493 0.9599 -0.2760
vn 0.9792 -0.1985 0.0416
vn -0.6906 -0.7177 0.0893
vn -0.1634 0.9495 -0.2679
vn 1.0000 0.0009 -0.0002
vn -0.5069 -0.8565 0.0974
vn -0.3565 0.9008 -0.2479
vn 0.9765 0.2125 -0.0371
vn -0.2844 -0.9530 0.1039
vn -0.5244 0.8227 -0.2195
vn 0.9040 0.4223 -0.0661
vn -0.1078 -0.9880 0.1103
vn -0.6663 0.7223 -0.1855
vn 0.7855 0.6129 -0.0853
vn 0.0675 -0.9904 0.1206
vn -0.7827 0.6045 -0.1482
vn 0.6331 0.7681 -0.0955
vn 0.2414 -0.9613 0.1329
vn -0.8748 0.4719 -0.1095
vn 0.4618 0.8813 -0.1002
vn 0.4108 -0.9004 0.1432
vn 0.2919 0.9508 -0.1037
vn 0.5708 -0.8079 0.1470
vn 0.0648 0.9917 -0.1107
vn 0.7136 -0.6863 0.1404
vn -0.1554 0.9806 -0.1194
vn 0.8331 -0.5396 0.1217
vn -0.3548 0.9261 -0.1280
vn 0.9235 -0.3727 0.0909
vn -0.5265 0.8396 -0.1336
vn 0.9804 -0.1906 0.0494
vn -0.6690 0.7313 -0.1330
vn -0.7844 0.6077 -0.1243
vn 0.9824 0.1798 -0.0504
vn -0.8750 0.4722 -0.1065
vn 0.9254 0.3643 -0.1046
vn -0.9421 0.3257 -0.0794
vn 0.8233 0.5449 -0.1588
vn -0.9848 0.1683 -0.0436
vn 0.6745 0.7084 -0.2080
vn 0.4855 0.8387 -0.2465
vn -0.9790 -0.1961 0.0550
vn 0.9225 -0.3759 0.0872
vn 0.2710 0.9239 -0.2702
vn -0.9154 -0.3869 0.1111
vn 0.9795 -0.1971 0.0428
vn 0.0493 0.9594 -0.2777
vn -0.8095 -0.5637 0.1643
vn 1.0000 0.0011 -0.0002
vn -0.1636 0.9488 -0.2702
vn -0.6657 -0.7160 0.2102
vn 0.9767 0.2112 -0.0387
vn -0.3562 0.9001 -0.2509
vn -0.4920 -0.8353 0.2455
vn 0.9049 0.4199 -0.0693
vn -0.5242 0.8219 -0.2228
vn -0.3007 -0.9154 0.2677
vn -0.6660 0.7216 -0.1890
vn 0.7872 0.6102 -0.0898
vn -0.1028 -0.9555 0.2765
vn -0.7826 0.6038 -0.1517
vn 0.6346 0.7663 -0.1002
vn 0.0911 -0.9578 0.2728
vn -0.8746 0.4715 -0.1126
vn 0.4628 0.8804 -0.1035
vn 0.2745 -0.9263 0.2582
vn -0.9426 0.3264 -0.0709
vn 0.2920 0.9507 -0.1042
vn 0.1624 -0.0072 0.9867
vn -0.9720 0.0017 -0.2350
vn 0.3066 -0.0070 0.9518
vn -1.0000 -0.0000 0.0013
vn 0.4420 -0.0065 0.8970
vn -0.9666 -0.0018 0.2561
vn 0.5702 -0.0060 0.8215
vn -0.8659 -0.0035 0.5003
vn 0.6917 -0.0052 0.7222
vn -0.7111 -0.0048 0.7030
vn 0.8039 -0.0043 0.5947
vn -0.5280 -0.0058 0.8492
vn 0.9014 -0.0031 0.4330
vn -0.3397 -0.0064 0.9405
vn 0.9724 -0.0016 0.2334
vn -0.1596 -0.0067 0.9872
vn 1.0000 -0.0000 -0.0011
vn 0.0076 -0.0068 0.9999
vn 0.9671 0.0018 -0.2545
vn 0.1623 -0.0067 0.9867
vn -0.9002 0.0030 -0.4354
vn 0.8675 0.0034 -0.4975
vn 0.3064 -0.0064 0.9519
vn -0.9720 0.0016 -0.2349
vn 0.7139 0.0048 -0.7002
vn 0.4419 -0.0061 0.8971
vn 0.5313 0.0058 -0.8472
vn 0.5701 -0.0056 0.8216
vn -0.9666 -0.0018 0.2564
vn 0.3424 0.0064 -0.9395
vn 0.6915 -0.0049 0.7223
vn -0.8658 -0.0036 0.5003
vn 0.1614 0.0067 -0.9869
vn 0.8039 -0.0041 0.5948
vn -0.7112 -0.0051 0.7029
vn -0.0069 0.0068 -1.0000
vn 0.9014 -0.0030 0.4330
vn -0.5280 -0.0062 0.8492
vn -0.1619 0.0067 -0.9868
vn 0.9723 -0.0016 0.2335
vn -0.3398 -0.0069 0.9405
vn -0.3053 0.0065 -0.9522
vn -0.1596 -0.0072 0.9872
vn -0.4402 0.0061 -0.8979
vn 0.9671 0.0018 -0.2544
vn 0.0075 -0.0073 0.9999
vn -0.5679 0.0056 -0.8231
vn 0.8676 0.0036 -0.4973
vn 0.1621 -0.0072 0.9867
vn -0.6893 0.0050 -0.7244
vn 0.7140 0.0051 -0.7001
vn -0.8021 0.0041 -0.5972
vn 0.5314 0.0061 -0.8471
vn 0.4421 -0.0066 0.8970
vn 0.3425 0.0069 -0.9395
vn 0.5703 -0.0060 0.8214
vn 0.1615 0.0072 -0.9868
vn 0.6916 -0.0052 0.7223
vn -0.0070 0.0073 -0.9999
vn 0.8040 -0.0043 0.5947
vn -0.1620 0.0072 -0.9868
vn -0.3053 0.0070 -0.9522
vn 0.9724 -0.0017 0.2334
vn -0.4400 0.0066 -0.8980
vn 1.0000 -0.0000 -0.0013
vn -0.5679 0.0060 -0.8231
vn -0.6893 0.0052 -0.7244
vn -0.8021 0.0043 -0.5972
vn 0.7138 0.0048 -0.7003
vn -0.9002 0.0031 -0.4354
vn 0.5311 0.0058 -0.8473
vn -1.0000 -0.0000 0.0011
vn -0.9666 -0.0018 0.2562
vn 0.9013 -0.0030 0.4331
vn -0.8659 -0.0035 0.5002
vn -0.1620 0.0067 -0.9868
vn -0.7112 -0.0048 0.7030
vn -0.3052 0.0064 -0.9523
vn -0.5281 -0.0058 0.8491
vn -0.4400 0.0061 -0.8980
vn 0.8675 0.0036 -0.4974
vn -0.1595 -0.0067 0.9872
vn -0.6894 0.0050 -0.7244
vn 0.7140 0.0050 -0.7001
vn 0.5313 0.0061 -0.8472
vn 0.1622 -0.0067 0.9867
vn 0.3427 0.0068 -0.9394
vn 0.3066 -0.0064 0.9518
vn 0.4420 -0.0061 0.8970
vn -0.0067 0.0073 -1.0000
vn 0.5702 -0.0056 0.8215
vn -0.9667 -0.0018 0.2561
vn -0.1618 0.0072 -0.9868
vn 0.6915 -0.0049 0.7224
vn -0.8659 -0.0036 0.5002
vn -0.7111 -0.0051 0.7031
vn -0.4401 0.0066 -0.8979
vn -0.5281 -0.0062 0.8492
vn -0.5680 0.0060 -0.8230
vn -0.3396 -0.0069 0.9405
vn -0.6893 0.0053 -0.7245
vn -0.1595 -0.0072 0.9872
vn 0.0078 -0.0073 0.9999
vn 0.0001 -1.0000 -0.0000
vn -0.0001 -1.0000 -0.0000
vn -0.8367 0.0678 -0.5435
vn 0.8367 0.0678 0.5435
vn -0.8367 0.0678 0.5435
vn 0.8367 0.0678 -0.5435
vn 0.7155 -0.6750 0.1799
vn 0.7155 -0.6750 -0.1799
vn -0.8375 0.0505 -0.5441
vn 0.8375 0.0505 0.5441
vn -0.8375 0.0505 0.5441
vn 0.8375 0.0505 -0.5441
vn -0.4260 -0.9047 0.0001
vn -0.4261 -0.9047 0.0001
vn -0.4262 -0.9046 0.0001
vn -0.4259 -0.9048 -0.0000
vn -0.4258 -0.9048 -0.0000
vn -0.4262 -0.9046 -0.0001
vn -0.4261 -0.9047 -0.0001
vn -0.4260 -0.9047 -0.0001
vn -0.4261 -0.9047 -0.0000
vn -0.4262 -0.9047 -0.0000
vn -0.4262 -0.9046 -0.0000
vn -0.4263 -0.9046 -0.0000
vn -0.9492 -0.0089 0.3146
vn -0.9492 -0.0089 -0.3145
vn -0.8627 -0.0011 0.5056
vn 0.8627 0.0011 -0.5056
vn 0.0035 0.1944 0.9809
vn 0.9431 0.2763 0.1853
vn -0.9336 0.0433 0.3557
vn -0.1791 0.1867 0.9659
vn -0.9908 -0.0025 0.1356
vn -0.3650 0.1716 0.9151
vn -0.9940 -0.0490 -0.0975
vn -0.5466 0.1484 0.8242
vn -0.9420 -0.0921 -0.3227
vn -0.7128 0.1171 0.6915
vn -0.8434 -0.1282 -0.5218
vn 0.0803 -0.1853 -0.9794
vn -0.8330 0.0845 0.5468
vn -0.7122 -0.1557 -0.6844
vn 0.2403 -0.1752 -0.9547
vn -0.9336 0.0432 0.3557
vn -0.5624 -0.1748 -0.8082
vn 0.3989 -0.1602 -0.9029
vn -0.9908 -0.0026 0.1356
vn -0.4037 -0.1862 -0.8957
vn 0.5541 -0.1397 -0.8206
vn -0.9940 -0.0491 -0.0975
vn -0.2422 -0.1912 -0.9512
vn 0.7012 -0.1132 -0.7039
vn -0.9420 -0.0920 -0.3227
vn -0.0806 -0.1907 -0.9783
vn 0.8512 -0.0739 -0.5196
vn -0.8433 -0.1280 -0.5219
vn 0.0804 -0.1850 -0.9794
vn 0.9467 -0.0335 -0.3204
vn -0.7122 -0.1555 -0.6846
vn 0.2404 -0.1750 -0.9548
vn 0.9942 0.0083 -0.1070
vn -0.5623 -0.1744 -0.8083
vn 0.3989 -0.1601 -0.9029
vn 0.9933 0.0486 0.1049
vn -0.4037 -0.1858 -0.8958
vn 0.9493 0.0852 0.3026
vn -0.2422 -0.1908 -0.9513
vn 0.8704 0.1169 0.4782
vn -0.0806 -0.1903 -0.9784
vn 0.8512 -0.0740 -0.5196
vn 0.7649 0.1433 0.6280
vn 0.9467 -0.0336 -0.3203
vn 0.6392 0.1642 0.7513
vn 0.9942 0.0082 -0.1070
vn 0.4979 0.1798 0.8484
vn 0.3438 0.1901 0.9196
vn 0.9493 0.0853 0.3026
vn 0.1784 0.1951 0.9644
vn 0.8704 0.1171 0.4782
vn 0.0033 0.1941 0.9810
vn 0.7649 0.1435 0.6279
vn -0.1792 0.1865 0.9660
vn 0.6393 0.1645 0.7512
vn -0.3650 0.1715 0.9151
vn 0.4981 0.1802 0.8482
vn 0.3439 0.1905 0.9195
vn 0.1786 0.1954 0.9643
vn -0.8330 0.0846 0.5468
vn -0.9922 -0.1043 -0.0687
vn 0.9935 0.0950 0.0630
vn -0.9922 0.1043 0.0681
vn 0.9935 -0.0955 -0.0626
vn -0.9330 0.3022 0.1956
vn 0.9425 -0.2802 -0.1821
vn -0.8276 0.4723 0.3033
vn -0.6931 0.6076 0.3878
vn 0.8478 -0.4458 -0.2874
vn -0.5441 0.7082 0.4499
vn 0.7208 -0.5838 -0.3737
vn -0.3894 0.7782 0.4927
vn 0.5732 -0.6912 -0.4401
vn -0.2335 0.8220 0.5194
vn 0.4143 -0.7686 -0.4874
vn -0.0776 0.8430 0.5323
vn 0.2501 -0.8183 -0.5176
vn 0.0837 -0.8425 -0.5322
vn 0.0833 0.8424 0.5323
vn -0.0778 -0.8429 -0.5324
vn 0.2500 0.8181 0.5179
vn -0.2333 -0.8218 -0.5198
vn 0.4145 0.7682 0.4880
vn -0.3892 -0.7779 -0.4933
vn 0.5734 0.6906 0.4408
vn -0.0753 -0.8139 -0.5760
vn -0.5439 -0.7078 -0.4507
vn 0.7209 0.5831 0.3745
vn -0.2269 -0.7959 -0.5613
vn 0.0852 0.8130 0.5759
vn -0.6929 -0.6073 -0.3888
vn 0.8479 0.4451 0.2880
vn -0.3802 -0.7575 -0.5307
vn 0.2544 0.7896 0.5583
vn -0.8273 -0.4721 -0.3043
vn 0.9426 0.2797 0.1826
vn -0.5347 -0.6942 -0.4818
vn 0.4202 0.7422 0.5221
vn -0.9328 -0.3021 -0.1963
vn 0.9935 0.0952 0.0628
vn -0.6859 -0.5999 -0.4119
vn 0.5790 0.6686 0.4665
vn -0.9922 -0.1042 -0.0684
vn 0.9935 -0.0948 -0.0632
vn -0.8236 -0.4693 -0.3184
vn 0.7250 0.5668 0.3914
vn -0.9921 0.1043 0.0691
vn 0.9431 -0.2755 -0.1859
vn -0.9318 -0.3015 -0.2022
vn 0.8500 0.4351 0.2971
vn -0.9318 0.3015 0.2022
vn 0.8500 -0.4351 -0.2971
vn -0.9921 -0.1043 -0.0691
vn 0.9431 0.2755 0.1859
vn -0.8236 0.4693 0.3184
vn 0.7250 -0.5668 -0.3914
vn -0.9922 0.1043 0.0684
vn 0.9935 0.0948 0.0632
vn -0.6859 0.5999 0.4119
vn 0.5791 -0.6686 -0.4665
vn -0.9329 0.3020 0.1963
vn 0.9935 -0.0953 -0.0628
vn -0.5346 0.6943 0.4819
vn 0.4202 -0.7422 -0.5221
vn -0.8273 0.4721 0.3043
vn 0.9426 -0.2797 -0.1826
vn -0.3802 0.7575 0.5307
vn 0.2544 -0.7896 -0.5583
vn -0.6929 0.6073 0.3888
vn 0.8479 -0.4451 -0.2880
vn -0.2269 0.7959 0.5613
vn 0.0851 -0.8130 -0.5759
vn -0.5439 0.7078 0.4507
vn 0.7209 -0.5831 -0.3745
vn -0.0752 0.8139 0.5761
vn -0.3893 0.7779 0.4933
vn 0.5735 -0.6905 -0.4408
vn -0.2332 0.8218 0.5198
vn 0.4145 -0.7682 -0.4880
vn -0.0778 0.8429 0.5324
vn 0.2502 -0.8180 -0.5179
vn 0.0835 0.8425 0.5322
vn 0.0833 -0.8424 -0.5323
vn 0.2501 0.8183 0.5176
vn -0.0777 -0.8430 -0.5323
vn 0.4143 0.7686 0.4874
vn -0.2335 -0.8220 -0.5194
vn 0.5731 0.6912 0.4402
vn -0.3896 -0.7781 -0.4927
vn 0.7207 0.5838 0.3738
vn -0.5443 -0.7081 -0.4498
vn 0.8477 0.4458 0.2874
vn -0.6931 -0.6076 -0.3878
vn 0.9425 0.2802 0.1821
vn -0.8276 -0.4723 -0.3033
vn 0.9935 0.0955 0.0626
vn -0.9330 -0.3022 -0.1955
vn 0.9935 -0.0950 -0.0630
vn -0.9922 -0.1043 -0.0681
vn 0.9431 -0.2763 -0.1853
vn -0.9922 0.1042 0.0687
vn 0.8497 -0.4363 -0.2961
vn -0.9320 0.3016 0.2011
vn 0.7247 -0.5681 -0.3900
vn -0.8240 0.4697 0.3168
vn 0.5787 -0.6700 -0.4650
vn -0.6864 0.6006 0.4100
vn 0.4199 -0.7433 -0.5207
vn -0.5354 0.6950 0.4800
vn -0.3806 0.7584 0.5291
vn 0.2542 -0.7904 -0.5574
vn -0.2268 0.7966 0.5603
vn 0.0851 -0.8133 -0.5756
vn -0.0753 0.8142 0.5757
vn -0.0753 -0.8142 -0.5757
vn 0.0851 0.8133 0.5756
vn -0.2268 -0.7966 -0.5603
vn 0.2542 0.7904 0.5574
vn -0.3806 -0.7584 -0.5291
vn 0.4199 0.7433 0.5207
vn -0.5354 -0.6950 -0.4800
vn 0.5786 0.6700 0.4650
vn -0.6865 -0.6005 -0.4100
vn 0.7247 0.5681 0.3900
vn -0.8240 -0.4696 -0.3168
vn 0.8497 0.4363 0.2960
vn -0.9320 -0.3016 -0.2011
vn 0.0893 -0.9960 0.0074
vn -0.5758 0.8175 -0.0159
vn -0.4171 -0.9087 0.0183
vn -0.4170 0.9087 -0.0183
vn -0.5758 -0.8174 0.0159
vn 0.0892 0.9960 -0.0074
vn -0.2521 0.9675 -0.0199
vn -0.7227 -0.6910 0.0128
vn 0.2663 0.9639 -0.0073
vn -0.0843 0.9962 -0.0207
vn -0.8487 -0.5289 0.0093
vn 0.4374 0.8992 -0.0072
vn 0.0894 0.9958 -0.0207
vn -0.9427 -0.3336 0.0055
vn 0.5985 0.8011 -0.0069
vn 0.2660 0.9638 -0.0198
vn -0.9935 -0.1141 0.0017
vn 0.7426 0.6698 -0.0064
vn 0.4373 0.8991 -0.0181
vn -0.9935 0.1142 -0.0016
vn 0.8623 0.5064 -0.0054
vn 0.5984 0.8011 -0.0156
vn -0.9426 0.3338 -0.0042
vn 0.9487 0.3162 -0.0037
vn 0.7424 0.6698 -0.0124
vn -0.8481 0.5297 -0.0060
vn 0.9942 0.1076 -0.0014
vn 0.8622 0.5065 -0.0089
vn -0.7216 0.6923 -0.0070
vn 0.9942 -0.1076 0.0016
vn 0.9487 0.3162 -0.0052
vn -0.5743 0.8186 -0.0075
vn 0.9487 -0.3163 0.0050
vn 0.9942 0.1076 -0.0016
vn -0.4157 0.9095 -0.0076
vn 0.8623 -0.5064 0.0086
vn 0.9942 -0.1076 0.0015
vn -0.2509 0.9680 -0.0075
vn 0.7425 -0.6698 0.0121
vn 0.9487 -0.3162 0.0040
vn -0.0838 0.9965 -0.0075
vn 0.5981 -0.8013 0.0153
vn 0.8622 -0.5065 0.0057
vn 0.4372 -0.8992 0.0178
vn 0.7427 -0.6696 0.0068
vn 0.2658 -0.9638 0.0197
vn 0.5984 -0.8011 0.0073
vn 0.0892 -0.9958 0.0207
vn 0.4373 -0.8993 0.0075
vn -0.0842 -0.9962 0.0208
vn 0.2661 -0.9639 0.0075
vn -0.2520 -0.9675 0.0201
vn 0.0894 -0.9960 0.0075
vn -0.4171 -0.9087 0.0186
vn -0.0837 -0.9965 0.0075
vn -0.5757 -0.8175 0.0162
vn -0.2509 -0.9680 0.0077
vn -0.7227 -0.6910 0.0132
vn -0.4154 -0.9096 0.0079
vn -0.8487 -0.5288 0.0096
vn -0.5745 -0.8184 0.0078
vn -0.9428 -0.3334 0.0057
vn -0.7217 -0.6922 0.0074
vn -0.9935 -0.1142 0.0018
vn -0.8481 -0.5298 0.0063
vn -0.9935 0.1142 -0.0017
vn -0.9426 -0.3340 0.0044
vn -0.9426 0.3340 -0.0044
vn -0.9935 -0.1142 0.0017
vn -0.8482 0.5296 -0.0063
vn -0.9935 0.1141 -0.0018
vn -0.7217 0.6922 -0.0074
vn -0.9427 0.3335 -0.0057
vn -0.5745 0.8185 -0.0078
vn -0.8487 0.5288 -0.0096
vn -0.4156 0.9095 -0.0079
vn -0.7227 0.6910 -0.0132
vn -0.2509 0.9680 -0.0077
vn -0.5759 0.8174 -0.0162
vn -0.0837 0.9965 -0.0075
vn -0.4171 0.9087 -0.0186
vn 0.0894 0.9960 -0.0075
vn -0.2521 0.9675 -0.0201
vn 0.2661 0.9639 -0.0075
vn -0.0842 0.9962 -0.0208
vn 0.4373 0.8993 -0.0075
vn 0.0891 0.9958 -0.0207
vn 0.5983 0.8012 -0.0073
vn 0.2658 0.9638 -0.0197
vn 0.7426 0.6697 -0.0068
vn 0.4372 0.8992 -0.0178
vn 0.8623 0.5064 -0.0057
vn 0.5981 0.8013 -0.0153
vn -0.0840 -0.9964 0.0075
vn 0.9487 0.3162 -0.0040
vn 0.7425 0.6697 -0.0121
vn -0.2509 -0.9680 0.0075
vn 0.9942 0.1076 -0.0015
vn 0.8622 0.5065 -0.0086
vn -0.4157 -0.9095 0.0076
vn 0.9486 0.3163 -0.0050
vn -0.5745 -0.8184 0.0075
vn 0.9486 -0.3163 0.0052
vn -0.7216 -0.6923 0.0070
vn 0.8621 -0.5066 0.0089
vn 0.9942 -0.1076 0.0014
vn -0.8481 -0.5298 0.0060
vn 0.7424 -0.6698 0.0124
vn 0.9487 -0.3163 0.0037
vn -0.9426 -0.3339 0.0042
vn 0.5983 -0.8012 0.0156
vn 0.8622 -0.5065 0.0054
vn -0.9935 -0.1143 0.0016
vn 0.4374 -0.8991 0.0181
vn 0.7425 -0.6698 0.0064
vn 0.2660 -0.9638 0.0198
vn 0.5985 -0.8011 0.0069
vn -0.9427 0.3336 -0.0055
vn 0.4374 -0.8992 0.0072
vn -0.8487 0.5288 -0.0093
vn -0.0842 -0.9962 0.0207
vn 0.2663 -0.9639 0.0073
vn -0.7226 0.6911 -0.0128
vn -0.2522 -0.9675 0.0199
vn 0.5734 -0.6492 0.4998
vn 0.9934 0.0913 -0.0698
vn 0.4148 -0.7207 0.5555
vn 0.9934 -0.0914 0.0697
vn 0.2505 -0.7666 0.5913
vn 0.9419 -0.2673 0.2033
vn 0.0837 -0.7890 0.6087
vn 0.8466 -0.4240 0.3217
vn -0.0858 -0.7888 0.6086
vn 0.7194 -0.5538 0.4192
vn -0.2558 -0.7655 0.5904
vn 0.5720 -0.6545 0.4943
vn -0.4226 -0.7179 0.5533
vn 0.4135 -0.7270 0.5481
vn -0.5822 -0.6442 0.4960
vn 0.0833 0.7963 -0.5991
vn 0.2495 -0.7736 0.5825
vn -0.7284 -0.5431 0.4176
vn 0.2494 0.7738 -0.5823
vn 0.0836 -0.7963 0.5991
vn -0.8528 -0.4143 0.3180
vn 0.4134 0.7273 -0.5479
vn -0.0859 -0.7961 0.5991
vn -0.9446 -0.2605 0.1996
vn 0.5719 0.6548 -0.4940
vn -0.2565 -0.7720 0.5815
vn -0.9937 -0.0890 0.0680
vn 0.7194 0.5541 -0.4189
vn -0.4236 -0.7231 0.5456
vn -0.9937 0.0891 -0.0679
vn 0.8466 0.4242 -0.3214
vn -0.5832 -0.6480 0.4899
vn -0.9447 0.2609 -0.1984
vn 0.9419 0.2674 -0.2031
vn -0.7291 -0.5455 0.4133
vn -0.8532 0.4155 -0.3152
vn 0.9934 0.0915 -0.0697
vn -0.8532 -0.4154 0.3155
vn -0.7292 0.5456 -0.4129
vn 0.9934 -0.0914 0.0698
vn -0.9447 -0.2609 0.1987
vn -0.5832 0.6482 -0.4896
vn 0.9421 -0.2664 0.2039
vn -0.4238 0.7233 -0.5453
vn 0.8471 -0.4217 0.3233
vn -0.9937 0.0890 -0.0681
vn -0.2567 0.7721 -0.5813
vn 0.7204 -0.5500 0.4226
vn -0.9446 0.2605 -0.1998
vn -0.0858 0.7961 -0.5990
vn 0.5733 -0.6493 0.4996
vn -0.8528 0.4141 -0.3182
vn 0.4148 -0.7208 0.5553
vn -0.7285 0.5430 -0.4178
vn 0.2506 -0.7667 0.5912
vn -0.5822 0.6441 -0.4962
vn 0.0838 -0.7890 0.6087
vn -0.4225 0.7178 -0.5534
vn -0.0856 -0.7888 0.6087
vn -0.2557 0.7654 -0.5905
vn -0.2557 -0.7654 0.5905
vn -0.0856 0.7888 -0.6087
vn -0.4227 -0.7177 0.5534
vn 0.0837 0.7890 -0.6087
vn -0.5822 -0.6441 0.4962
vn 0.2506 0.7667 -0.5911
vn -0.7284 -0.5430 0.4178
vn 0.4148 0.7208 -0.5553
vn -0.8527 -0.4142 0.3182
vn 0.5734 0.6493 -0.4996
vn -0.0860 -0.7961 0.5990
vn -0.9446 -0.2604 0.1997
vn 0.7205 0.5499 -0.4225
vn -0.2566 -0.7721 0.5813
vn -0.9937 -0.0890 0.0681
vn 0.8471 0.4217 -0.3234
vn -0.4238 -0.7232 0.5452
vn -0.9937 0.0890 -0.0680
vn 0.9420 0.2665 -0.2039
vn -0.5833 -0.6482 0.4895
vn -0.9447 0.2609 -0.1987
vn 0.9934 0.0913 -0.0697
vn -0.7292 -0.5456 0.4130
vn -0.8531 0.4154 -0.3156
vn 0.9934 -0.0915 0.0696
vn -0.8532 -0.4155 0.3152
vn -0.7292 0.5454 -0.4133
vn 0.9419 -0.2674 0.2032
vn -0.9447 -0.2609 0.1985
vn -0.5832 0.6480 -0.4899
vn 0.8466 -0.4242 0.3214
vn -0.9937 -0.0891 0.0679
vn -0.4236 0.7231 -0.5456
vn 0.7194 -0.5541 0.4189
vn -0.2565 0.7720 -0.5815
vn 0.5719 -0.6548 0.4940
vn -0.9446 0.2605 -0.1996
vn -0.0859 0.7961 -0.5991
vn 0.4133 -0.7273 0.5479
vn -0.8528 0.4142 -0.3179
vn 0.2493 -0.7738 0.5823
vn -0.7284 0.5432 -0.4176
vn 0.2495 0.7736 -0.5825
vn 0.0833 -0.7963 0.5991
vn -0.5821 0.6443 -0.4961
vn 0.4133 0.7271 -0.5482
vn -0.4227 0.7178 -0.5532
vn 0.5720 0.6546 -0.4943
vn -0.2558 0.7655 -0.5904
vn 0.7195 0.5538 -0.4191
vn -0.0856 0.7888 -0.6086
vn 0.8466 0.4240 -0.3217
vn 0.9419 0.2673 -0.2033
vn 0.2506 0.7666 -0.5912
vn 0.9934 0.0914 -0.0697
vn 0.4148 0.7207 -0.5555
vn 0.9934 -0.0913 0.0698
vn 0.5733 0.6492 -0.4998
vn 0.9420 -0.2663 0.2040
vn 0.7204 0.5499 -0.4228
vn 0.8471 -0.4215 0.3235
vn 0.8472 0.4215 -0.3235
vn 0.7205 -0.5498 0.4227
vn 0.9421 0.2663 -0.2040
vn -0.9433 -0.0733 0.3238
vn -0.9911 -0.0110 -0.1327
vn -0.8467 -0.0985 0.5229
vn -0.9941 -0.0433 0.0996
vn -0.7174 -0.1179 0.6866
vn -0.9432 -0.0728 0.3241
vn -0.5683 -0.1314 0.8123
vn -0.8464 -0.0972 0.5236
vn -0.4093 -0.1394 0.9017
vn -0.7169 -0.1158 0.6875
vn -0.2461 -0.1428 0.9587
vn -0.5677 -0.1285 0.8131
vn -0.0820 -0.1419 0.9865
vn -0.4087 -0.1359 0.9025
vn -0.2457 -0.1388 0.9593
vn 0.2269 -0.1295 0.9653
vn -0.0818 -0.1378 0.9871
vn 0.3801 -0.1180 0.9174
vn 0.0754 -0.1333 0.9882
vn 0.5339 -0.1021 0.8394
vn 0.2271 -0.1259 0.9657
vn 0.6844 -0.0813 0.7246
vn 0.3802 -0.1150 0.9177
vn 0.8220 -0.0548 0.5669
vn 0.5340 -0.0999 0.8396
vn -0.0754 0.1373 -0.9877
vn 0.9310 -0.0231 0.3644
vn 0.6844 -0.0799 0.7247
vn -0.2446 0.1283 -0.9611
vn 0.9920 0.0120 0.1261
vn 0.8221 -0.0541 0.5668
vn -0.4053 0.1157 -0.9068
vn 0.9909 0.0469 -0.1259
vn 0.9310 -0.0230 0.3643
vn -0.5614 0.0988 -0.8216
vn 0.9284 0.0779 -0.3633
vn -0.7081 0.0774 -0.7019
vn 0.8189 0.1022 -0.5647
vn 0.9909 0.0471 -0.1260
vn -0.8367 0.0514 -0.5452
vn 0.6817 0.1196 -0.7218
vn 0.9283 0.0786 -0.3633
vn -0.9354 0.0214 -0.3528
vn 0.5321 0.1308 -0.8365
vn 0.8188 0.1038 -0.5647
vn 0.3792 0.1369 -0.9152
vn 0.6815 0.1220 -0.7216
vn -0.9941 -0.0433 0.0994
vn 0.2266 0.1389 -0.9640
vn 0.5319 0.1339 -0.8362
vn -0.9432 -0.0729 0.3241
vn 0.0754 0.1377 -0.9876
vn 0.3789 0.1406 -0.9147
vn -0.8464 -0.0974 0.5235
vn -0.0816 0.1331 -0.9877
vn 0.2265 0.1430 -0.9635
vn -0.7169 -0.1159 0.6874
vn -0.2443 0.1248 -0.9616
vn 0.0754 0.1418 -0.9870
vn -0.5678 -0.1286 0.8131
vn -0.4049 0.1128 -0.9074
vn -0.4088 -0.1360 0.9025
vn -0.5610 0.0966 -0.8222
vn -0.2457 -0.1389 0.9593
vn -0.7077 0.0760 -0.7024
vn 0.2270 -0.1295 0.9653
vn -0.0819 -0.1378 0.9871
vn -0.8366 0.0507 -0.5455
vn 0.0755 -0.1333 0.9882
vn -0.9354 0.0212 -0.3529
vn 0.5339 -0.1022 0.8394
vn 0.2270 -0.1259 0.9657
vn -0.9911 -0.0110 -0.1328
vn 0.6843 -0.0814 0.7246
vn 0.3802 -0.1149 0.9177
vn -0.9941 -0.0435 0.0995
vn 0.8220 -0.0549 0.5669
vn 0.5340 -0.0998 0.8396
vn -0.9433 -0.0734 0.3237
vn 0.9310 -0.0232 0.3643
vn 0.6844 -0.0798 0.7247
vn -0.8467 -0.0987 0.5229
vn 0.9920 0.0120 0.1260
vn 0.8220 -0.0541 0.5669
vn -0.7174 -0.1180 0.6866
vn 0.9909 0.0470 -0.1259
vn 0.9309 -0.0229 0.3644
vn -0.5684 -0.1315 0.8122
vn 0.9284 0.0780 -0.3634
vn 0.9920 0.0119 0.1260
vn -0.4093 -0.1395 0.9017
vn 0.8189 0.1024 -0.5647
vn 0.9909 0.0471 -0.1259
vn -0.2462 -0.1428 0.9586
vn 0.6817 0.1197 -0.7218
vn 0.9283 0.0785 -0.3633
vn 0.5321 0.1309 -0.8365
vn 0.8188 0.1037 -0.5647
vn 0.3791 0.1369 -0.9151
vn 0.6815 0.1219 -0.7216
vn 0.2266 0.1390 -0.9640
vn 0.5318 0.1338 -0.8362
vn 0.3789 0.1405 -0.9147
vn -0.0817 0.1331 -0.9877
vn 0.2265 0.1429 -0.9635
vn -0.2443 0.1247 -0.9616
vn -0.4048 0.1127 -0.9074
vn -0.5610 0.0965 -0.8222
vn -0.7077 0.0759 -0.7024
vn -0.4054 0.1156 -0.9068
vn -0.8365 0.0506 -0.5456
vn -0.5615 0.0987 -0.8216
vn -0.9354 0.0212 -0.3530
vn -0.7081 0.0773 -0.7019
vn -0.8367 0.0513 -0.5453
vn -0.9941 -0.0434 0.0995
vn -0.9354 0.0214 -0.3529
vn 0.9259 -0.2128 -0.3121
vn 0.0755 -0.1360 0.9878
vn 0.8520 -0.1722 -0.4944
vn 0.2255 -0.1719 0.9590
vn 0.7500 -0.1265 -0.6492
vn 0.3747 -0.2036 0.9045
vn 0.6272 -0.0782 -0.7749
vn 0.5223 -0.2305 0.8210
vn 0.4889 -0.0289 -0.8719
vn 0.6647 -0.2510 0.7037
vn 0.3385 0.0203 -0.9407
vn 0.7943 -0.2628 0.5478
vn 0.1783 0.0686 -0.9816
vn 0.8984 -0.2630 0.3517
vn 0.0097 0.1150 -0.9933
vn 0.9609 -0.2487 0.1221
vn -0.1654 0.1585 -0.9734
vn 0.9679 -0.2193 -0.1230
vn -0.3430 0.1974 -0.9184
vn 0.9329 -0.1882 -0.3071
vn -0.5167 0.2296 -0.8248
vn 0.8605 -0.1491 -0.4871
vn 0.0754 -0.1353 0.9879
vn -0.6771 0.2525 -0.6912
vn 0.7597 -0.1070 -0.6414
vn 0.2256 -0.1693 0.9594
vn -0.8121 0.2637 -0.5205
vn 0.6368 -0.0631 -0.7685
vn 0.3749 -0.2010 0.9050
vn -0.9099 0.2620 -0.3215
vn 0.4969 -0.0187 -0.8676
vn 0.5223 -0.2297 0.8212
vn -0.9629 0.2474 -0.1078
vn 0.3436 0.0259 -0.9388
vn 0.6641 -0.2539 0.7032
vn -0.9693 0.2218 0.1061
vn 0.1799 0.0702 -0.9812
vn 0.7924 -0.2709 0.5465
vn -0.9164 0.1777 0.3586
vn 0.0075 0.1130 -0.9936
vn 0.8948 -0.2770 0.3502
vn -0.8164 0.1288 0.5630
vn -0.1687 0.1551 -0.9734
vn 0.9556 -0.2686 0.1214
vn -0.6845 0.0781 0.7248
vn -0.3459 0.1943 -0.9179
vn 0.9621 -0.2439 -0.1222
vn -0.5365 0.0291 0.8434
vn -0.5175 0.2287 -0.8246
vn 0.9258 -0.2132 -0.3122
vn -0.3827 -0.0167 0.9237
vn -0.6750 0.2558 -0.6920
vn 0.8518 -0.1727 -0.4946
vn -0.2285 -0.0589 0.9718
vn -0.8076 0.2727 -0.5229
vn 0.7497 -0.1272 -0.6495
vn -0.0758 -0.0980 0.9923
vn -0.9044 0.2771 -0.3244
vn 0.6267 -0.0791 -0.7753
vn -0.9573 0.2679 -0.1091
vn 0.4882 -0.0298 -0.8722
vn -0.9634 0.2456 0.1077
vn 0.3378 0.0195 -0.9410
vn -0.9117 0.2038 0.3568
vn 0.1775 0.0678 -0.9818
vn -0.8134 0.1539 0.5610
vn 0.0089 0.1143 -0.9934
vn -0.6832 0.0997 0.7234
vn -0.1659 0.1580 -0.9734
vn -0.5361 0.0457 0.8429
vn -0.3432 0.1971 -0.9184
vn -0.3828 -0.0058 0.9238
vn -0.5168 0.2295 -0.8248
vn -0.2285 -0.0535 0.9721
vn -0.6771 0.2526 -0.6912
vn -0.0757 -0.0971 0.9924
vn -0.8119 0.2640 -0.5206
vn 0.0754 -0.1367 0.9877
vn -0.9098 0.2622 -0.3217
vn 0.2255 -0.1724 0.9589
vn -0.9629 0.2475 -0.1078
vn 0.3747 -0.2039 0.9044
vn -0.9693 0.2217 0.1060
vn 0.5222 -0.2305 0.8211
vn -0.9165 0.1772 0.3587
vn 0.0082 0.1137 -0.9935
vn 0.6646 -0.2508 0.7038
vn -0.8164 0.1280 0.5631
vn -0.1684 0.1556 -0.9734
vn 0.7944 -0.2626 0.5477
vn -0.6846 0.0770 0.7249
vn -0.3456 0.1945 -0.9180
vn 0.8985 -0.2627 0.3516
vn -0.5365 0.0279 0.8435
vn -0.5174 0.2287 -0.8246
vn 0.9609 -0.2486 0.1221
vn -0.3827 -0.0179 0.9237
vn -0.6750 0.2557 -0.6921
vn 0.9678 -0.2195 -0.1230
vn -0.2284 -0.0600 0.9717
vn -0.8077 0.2725 -0.5228
vn 0.9328 -0.1886 -0.3072
vn -0.0758 -0.0990 0.9922
vn -0.9045 0.2769 -0.3243
vn 0.8603 -0.1498 -0.4873
vn 0.0754 -0.1346 0.9880
vn -0.9573 0.2678 -0.1091
vn 0.7593 -0.1078 -0.6418
vn 0.2255 -0.1688 0.9595
vn -0.9634 0.2457 0.1076
vn 0.6362 -0.0641 -0.7689
vn 0.3750 -0.2007 0.9050
vn -0.9116 0.2041 0.3568
vn 0.4961 -0.0197 -0.8680
vn 0.5224 -0.2297 0.8212
vn -0.8133 0.1545 0.5609
vn 0.3428 0.0250 -0.9391
vn 0.6641 -0.2540 0.7031
vn -0.6831 0.1006 0.7233
vn 0.1791 0.0694 -0.9814
vn 0.7924 -0.2711 0.5465
vn -0.5361 0.0466 0.8428
vn 0.8947 -0.2772 0.3502
vn -0.3828 -0.0047 0.9238
vn 0.9555 -0.2687 0.1215
vn -0.2285 -0.0525 0.9721
vn 0.9621 -0.2438 -0.1223
vn -0.0758 -0.0962 0.9925
vn 0.0363 -0.0708 0.9968
vn 0.1723 -0.3617 0.9162
vn -0.0357 0.0714 0.9968
vn 0.1048 -0.2163 0.9707
vn -0.1055 0.2157 0.9708
vn 0.0354 -0.0717 0.9968
vn -0.1733 0.3609 0.9164
vn -0.0363 0.0708 0.9968
vn -0.2384 0.5043 0.8300
vn -0.1108 0.2106 0.9713
vn -0.2990 0.6406 0.7073
vn -0.1881 0.3477 0.9185
vn -0.3517 0.7608 0.5454
vn -0.2673 0.4808 0.8351
vn -0.3914 0.8526 0.3462
vn -0.3457 0.6066 0.7159
vn -0.4129 0.9030 0.1189
vn -0.4178 0.7184 0.5562
vn -0.4130 0.9044 -0.1076
vn -0.4745 0.8053 0.3555
vn -0.3945 0.8628 -0.3163
vn -0.5056 0.8540 0.1226
vn -0.3598 0.7837 -0.5063
vn -0.5051 0.8572 -0.1002
vn -0.3119 0.6748 -0.6688
vn -0.4799 0.8253 -0.2977
vn -0.2538 0.5438 -0.7999
vn -0.4333 0.7603 -0.4840
vn -0.1881 0.3980 -0.8979
vn -0.3692 0.6641 -0.6502
vn -0.1164 0.2424 -0.9632
vn -0.2928 0.5412 -0.7883
vn -0.0399 0.0815 -0.9959
vn -0.2097 0.3985 -0.8929
vn 0.0413 -0.0817 -0.9958
vn -0.1246 0.2432 -0.9619
vn 0.1263 -0.2433 -0.9617
vn -0.0408 0.0817 -0.9958
vn 0.2125 -0.3985 -0.8922
vn 0.0399 -0.0815 -0.9959
vn 0.2965 -0.5408 -0.7872
vn 0.1164 -0.2425 -0.9631
vn 0.3732 -0.6632 -0.6487
vn 0.1881 -0.3980 -0.8979
vn 0.4369 -0.7590 -0.4827
vn 0.2538 -0.5438 -0.7999
vn -0.0360 0.0711 0.9968
vn 0.4824 -0.8240 -0.2971
vn 0.3119 -0.6748 -0.6689
vn -0.1098 0.2116 0.9712
vn 0.5060 -0.8567 -0.1002
vn 0.3598 -0.7838 -0.5062
vn -0.1863 0.3493 0.9183
vn 0.5047 -0.8545 0.1226
vn 0.3945 -0.8627 -0.3163
vn -0.2647 0.4829 0.8347
vn 0.4722 -0.8067 0.3554
vn 0.4130 -0.9044 -0.1076
vn -0.3426 0.6089 0.7154
vn 0.4147 -0.7205 0.5558
vn 0.4129 -0.9030 0.1189
vn -0.4147 0.7205 0.5558
vn 0.3427 -0.6090 0.7154
vn 0.3914 -0.8526 0.3461
vn -0.4722 0.8067 0.3553
vn 0.2647 -0.4829 0.8347
vn 0.3517 -0.7608 0.5455
vn -0.5047 0.8545 0.1227
vn 0.1863 -0.3493 0.9183
vn 0.2990 -0.6406 0.7073
vn -0.5060 0.8567 -0.1002
vn 0.1098 -0.2116 0.9712
vn 0.2384 -0.5043 0.8300
vn -0.4824 0.8241 -0.2971
vn 0.0360 -0.0711 0.9968
vn 0.1733 -0.3609 0.9164
vn -0.4369 0.7590 -0.4827
vn -0.0354 0.0717 0.9968
vn 0.1055 -0.2157 0.9707
vn -0.3732 0.6632 -0.6488
vn -0.1048 0.2163 0.9707
vn 0.0357 -0.0714 0.9968
vn -0.2965 0.5409 -0.7871
vn -0.1723 0.3617 0.9162
vn -0.2125 0.3986 -0.8922
vn -0.2373 0.5052 0.8298
vn 0.0408 -0.0816 -0.9958
vn -0.1263 0.2434 -0.9617
vn -0.2979 0.6414 0.7070
vn 0.1246 -0.2433 -0.9619
vn -0.0413 0.0816 -0.9958
vn -0.3507 0.7614 0.5453
vn 0.2097 -0.3985 -0.8929
vn 0.0403 -0.0815 -0.9959
vn -0.3908 0.8529 0.3461
vn 0.2928 -0.5412 -0.7883
vn 0.1175 -0.2425 -0.9630
vn -0.4127 0.9031 0.1188
vn 0.3692 -0.6641 -0.6502
vn 0.1896 -0.3980 -0.8976
vn -0.4132 0.9043 -0.1077
vn 0.4333 -0.7603 -0.4839
vn 0.2554 -0.5437 -0.7994
vn -0.3952 0.8625 -0.3161
vn 0.4799 -0.8253 -0.2976
vn 0.3133 -0.6746 -0.6684
vn -0.3609 0.7835 -0.5059
vn 0.5051 -0.8572 -0.1002
vn 0.3609 -0.7835 -0.5059
vn -0.3133 0.6745 -0.6684
vn 0.5056 -0.8540 0.1227
vn 0.3952 -0.8625 -0.3161
vn -0.2554 0.5437 -0.7995
vn 0.4745 -0.8052 0.3555
vn 0.4132 -0.9043 -0.1077
vn -0.1896 0.3980 -0.8976
vn 0.4178 -0.7184 0.5561
vn 0.4127 -0.9031 0.1188
vn -0.1176 0.2426 -0.9630
vn 0.3457 -0.6066 0.7159
vn 0.3908 -0.8529 0.3461
vn -0.0403 0.0816 -0.9959
vn 0.2673 -0.4808 0.8351
vn 0.3507 -0.7613 0.5453
vn 0.1881 -0.3477 0.9185
vn 0.2979 -0.6414 0.7070
vn 0.1109 -0.2107 0.9713
vn 0.2373 -0.5052 0.8298
vn 0.5656 0.8171 -0.1118
vn 0.4743 0.7222 0.5034
vn 0.5657 0.8174 0.1084
vn 0.4102 0.6218 0.6672
vn 0.5392 0.7798 0.3181
vn 0.3319 0.5003 0.7998
vn 0.4891 0.7084 0.5088
vn 0.2435 0.3648 0.8987
vn 0.4203 0.6099 0.6718
vn 0.1486 0.2212 0.9638
vn 0.3378 0.4915 0.8027
vn 0.0500 0.0740 0.9960
vn 0.2464 0.3597 0.8999
vn -0.0501 -0.0736 0.9960
vn 0.1496 0.2193 0.9641
vn -0.1497 -0.2189 0.9642
vn 0.0501 0.0737 0.9960
vn -0.2466 -0.3594 0.9000
vn -0.0499 -0.0739 0.9960
vn -0.3381 -0.4913 0.8027
vn -0.1486 -0.2213 0.9638
vn -0.4205 -0.6097 0.6719
vn -0.2435 -0.3648 0.8987
vn -0.4893 -0.7082 0.5089
vn -0.3319 -0.5003 0.7997
vn 0.0481 0.0707 -0.9963
vn -0.5393 -0.7797 0.3182
vn -0.4102 -0.6218 0.6672
vn 0.1444 0.2113 -0.9667
vn -0.5658 -0.8174 0.1083
vn -0.4743 -0.7223 0.5034
vn 0.2393 0.3488 -0.9061
vn -0.5655 -0.8171 -0.1119
vn -0.5201 -0.7944 0.3137
vn 0.3304 0.4801 -0.8126
vn -0.5375 -0.7770 -0.3275
vn -0.5442 -0.8321 0.1066
vn 0.4140 0.6002 -0.6844
vn -0.4851 -0.7020 -0.5214
vn -0.5442 -0.8313 -0.1132
vn 0.4851 0.7020 -0.5214
vn -0.4140 -0.6002 -0.6843
vn -0.5179 -0.7888 -0.3311
vn 0.5375 0.7771 -0.3275
vn -0.3304 -0.4802 -0.8126
vn -0.4685 -0.7102 -0.5255
vn 0.5656 0.8171 -0.1119
vn -0.2393 -0.3488 -0.9061
vn -0.4013 -0.6050 -0.6877
vn 0.5658 0.8174 0.1083
vn -0.1444 -0.2112 -0.9667
vn -0.3220 -0.4825 -0.8146
vn 0.5393 0.7797 0.3182
vn -0.0481 -0.0707 -0.9963
vn -0.2348 -0.3497 -0.9070
vn 0.4893 0.7082 0.5089
vn 0.0479 0.0707 -0.9963
vn -0.1429 -0.2115 -0.9669
vn 0.4205 0.6097 0.6719
vn 0.1425 0.2116 -0.9669
vn -0.0480 -0.0707 -0.9963
vn 0.3381 0.4913 0.8027
vn 0.2342 0.3498 -0.9071
vn 0.2466 0.3594 0.9000
vn 0.3212 0.4826 -0.8148
vn -0.0501 -0.0738 0.9960
vn 0.1497 0.2189 0.9642
vn 0.4004 0.6053 -0.6879
vn -0.1496 -0.2193 0.9641
vn 0.4677 0.7106 -0.5257
vn -0.2464 -0.3597 0.8999
vn -0.0500 -0.0739 0.9960
vn 0.5174 0.7890 -0.3312
vn -0.3378 -0.4916 0.8027
vn -0.1488 -0.2209 0.9639
vn 0.5440 0.8314 -0.1133
vn -0.4203 -0.6099 0.6718
vn -0.2438 -0.3642 0.8988
vn 0.5444 0.8320 0.1067
vn -0.4891 -0.7084 0.5088
vn -0.3324 -0.4995 0.8000
vn 0.5207 0.7940 0.3138
vn -0.5392 -0.7798 0.3181
vn -0.4108 -0.6210 0.6675
vn 0.4750 0.7216 0.5037
vn -0.5657 -0.8175 0.1083
vn -0.4750 -0.7216 0.5037
vn 0.4108 0.6210 0.6675
vn -0.5656 -0.8171 -0.1118
vn -0.5206 -0.7940 0.3139
vn 0.3324 0.4995 0.8000
vn -0.5377 -0.7769 -0.3275
vn -0.5444 -0.8320 0.1066
vn 0.2438 0.3642 0.8988
vn -0.4853 -0.7019 -0.5213
vn -0.5440 -0.8314 -0.1133
vn 0.1488 0.2209 0.9639
vn -0.4144 -0.6001 -0.6842
vn -0.5174 -0.7890 -0.3313
vn 0.0500 0.0739 0.9960
vn -0.3308 -0.4800 -0.8125
vn -0.4677 -0.7106 -0.5257
vn -0.2397 -0.3487 -0.9061
vn -0.4005 -0.6053 -0.6879
vn -0.1447 -0.2112 -0.9667
vn -0.3212 -0.4826 -0.8148
vn -0.0482 -0.0707 -0.9963
vn -0.2342 -0.3498 -0.9071
vn 0.0480 0.0708 -0.9963
vn -0.1424 -0.2115 -0.9669
vn 0.1428 0.2115 -0.9669
vn -0.0479 -0.0708 -0.9963
vn 0.2348 0.3497 -0.9070
vn 0.0482 0.0707 -0.9963
vn 0.3220 0.4825 -0.8146
vn 0.1446 0.2112 -0.9667
vn 0.4014 0.6050 -0.6877
vn 0.2396 0.3487 -0.9061
vn 0.4685 0.7101 -0.5256
vn 0.3308 0.4800 -0.8125
vn 0.5179 0.7887 -0.3312
vn 0.4144 0.6001 -0.6842
vn 0.5442 0.8313 -0.1133
vn 0.4853 0.7019 -0.5213
vn 0.5442 0.8321 0.1066
vn 0.5377 0.7769 -0.3275
vn 0.5201 0.7944 0.3137
vn -0.9421 0.0045 -0.3352
vn 0.9421 -0.0045 -0.3352
vn 0.5663 -0.0029 0.8242
vn -0.9934 0.0047 -0.1147
vn 0.8473 -0.0040 -0.5312
vn 0.7141 -0.0037 0.7000
vn -0.9931 0.0047 0.1169
vn 0.7205 -0.0034 -0.6934
vn 0.8429 -0.0044 0.5381
vn -0.9402 0.0045 0.3406
vn 0.5734 -0.0028 -0.8193
vn 0.9402 -0.0049 0.3406
vn -0.8429 0.0040 0.5381
vn 0.4147 -0.0020 -0.9099
vn 0.9931 -0.0052 0.1169
vn -0.7141 0.0034 0.7000
vn 0.2504 -0.0012 -0.9681
vn 0.9934 -0.0052 -0.1147
vn -0.5663 0.0027 0.8242
vn 0.0837 -0.0004 -0.9965
vn 0.9422 -0.0050 -0.3351
vn -0.4085 0.0020 0.9128
vn -0.0837 0.0004 -0.9965
vn 0.8474 -0.0044 -0.5310
vn -0.2462 0.0012 0.9692
vn -0.2504 0.0013 -0.9681
vn 0.7205 -0.0038 -0.6934
vn -0.0822 0.0004 0.9966
vn -0.4148 0.0021 -0.9099
vn 0.5734 -0.0030 -0.8193
vn -0.5734 0.0030 -0.8193
vn 0.4148 -0.0021 -0.9099
vn -0.7206 0.0038 -0.6934
vn 0.2505 -0.0013 -0.9681
vn -0.8473 0.0044 -0.5311
vn 0.0836 -0.0004 -0.9965
vn -0.9422 0.0050 -0.3351
vn -0.9934 0.0052 -0.1147
vn -0.2504 0.0012 -0.9681
vn -0.9931 0.0052 0.1168
vn -0.4148 0.0020 -0.9099
vn -0.9402 0.0049 0.3407
vn -0.5733 0.0028 -0.8193
vn -0.8429 0.0044 0.5381
vn -0.7205 0.0035 -0.6935
vn -0.7141 0.0037 0.7000
vn -0.8473 0.0040 -0.5311
vn -0.5663 0.0029 0.8242
vn -0.9422 0.0045 -0.3351
vn -0.4085 0.0021 0.9128
vn -0.9934 0.0047 -0.1148
vn -0.2462 0.0013 0.9692
vn -0.9931 0.0047 0.1168
vn -0.9402 0.0045 0.3407
vn 0.0822 -0.0004 0.9966
vn -0.8428 0.0040 0.5381
vn 0.2461 -0.0012 0.9692
vn -0.7142 0.0034 0.7000
vn 0.4085 -0.0020 0.9128
vn 0.5663 -0.0027 0.8242
vn 0.7141 -0.0034 0.7000
vn -0.2461 0.0012 0.9692
vn -0.2505 0.0013 -0.9681
vn 0.8428 -0.0040 0.5381
vn 0.9402 -0.0045 0.3407
vn 0.9931 -0.0047 0.1168
vn 0.2461 -0.0013 0.9692
vn -0.7206 0.0037 -0.6934
vn 0.9934 -0.0047 -0.1147
vn 0.4085 -0.0021 0.9128
vn 0.9422 -0.0045 -0.3351
vn -0.9422 0.0049 -0.3351
vn -0.9934 0.0052 -0.1148
vn 0.7205 -0.0035 -0.6935
vn -0.9931 0.0052 0.1169
vn 0.5733 -0.0028 -0.8193
vn 0.9402 -0.0050 0.3406
vn -0.9402 0.0050 0.3406
vn 0.4148 -0.0020 -0.9099
vn 0.9931 -0.0052 0.1168
vn 0.2505 -0.0012 -0.9681
vn -0.7141 0.0037 0.7001
vn 0.9421 -0.0049 -0.3352
vn 0.8473 -0.0044 -0.5311
vn 0.7206 -0.0037 -0.6934
vn -0.0821 0.0004 0.9966
vn 0.2462 -0.0012 0.9692
vn -0.4147 0.0020 -0.9099
vn 0.8429 -0.0040 0.5381
vn 0.9402 -0.0045 0.3406
vn -0.7205 0.0034 -0.6935
vn 0.9931 -0.0047 0.1169
vn 0.2462 -0.0013 0.9692
vn 0.3074 0.1383 0.9415
vn 0.8275 0.5226 0.2052
vn 0.1415 0.0275 0.9896
vn 0.7836 0.4804 0.3938
vn -0.0269 -0.0826 0.9962
vn 0.7073 0.4179 0.5702
vn -0.1905 -0.1873 0.9637
vn 0.6005 0.3370 0.7251
vn -0.3432 -0.2828 0.8957
vn 0.4673 0.2410 0.8506
vn -0.4806 -0.3663 0.7967
vn 0.3144 0.1350 0.9397
vn -0.5996 -0.4359 0.6712
vn 0.1493 0.0242 0.9885
vn -0.6972 -0.4899 0.5233
vn -0.0195 -0.0857 0.9961
vn -0.7712 -0.5270 0.3571
vn -0.1872 -0.1888 0.9640
vn -0.8190 -0.5458 0.1767
vn -0.3420 -0.2834 0.8960
vn -0.8297 -0.5496 0.0976
vn -0.4816 -0.3657 0.7964
vn -0.8360 -0.5398 -0.0983
vn -0.6022 -0.4337 0.6703
vn -0.8096 -0.5085 -0.2933
vn -0.7008 -0.4862 0.5220
vn -0.7500 -0.4563 -0.4789
vn -0.7751 -0.5220 0.3560
vn -0.6591 -0.3849 -0.6461
vn -0.8228 -0.5403 0.1764
vn -0.5406 -0.2976 -0.7869
vn -0.8360 -0.5399 0.0983
vn -0.4003 -0.1988 -0.8946
vn -0.8415 -0.5311 -0.0990
vn -0.2450 -0.0932 -0.9650
vn -0.8136 -0.5013 -0.2947
vn -0.0822 0.0141 -0.9965
vn -0.7524 -0.4508 -0.4803
vn 0.0817 0.1159 -0.9899
vn -0.6602 -0.3814 -0.6471
vn 0.2404 0.2143 -0.9467
vn -0.5409 -0.2958 -0.7873
vn 0.3892 0.3037 -0.8696
vn -0.4004 -0.1982 -0.8946
vn 0.5235 0.3815 -0.7618
vn -0.2451 -0.0930 -0.9650
vn 0.6393 0.4458 -0.6266
vn -0.0821 0.0151 -0.9965
vn 0.7326 0.4945 -0.4677
vn 0.0815 0.1214 -0.9893
vn 0.7998 0.5257 -0.2898
vn 0.2400 0.2221 -0.9450
vn 0.8430 0.5378 0.0121
vn 0.3879 0.3135 -0.8667
vn 0.8307 0.5179 0.2041
vn 0.5207 0.3932 -0.7578
vn -0.1846 -0.1900 0.9643
vn 0.7859 0.4777 0.3926
vn 0.6346 0.4585 -0.6221
vn -0.3395 -0.2848 0.8965
vn 0.7082 0.4170 0.5697
vn 0.7263 0.5076 -0.4636
vn -0.4791 -0.3673 0.7972
vn 0.5996 0.3377 0.7256
vn 0.7923 0.5384 -0.2870
vn -0.5999 -0.4356 0.6711
vn 0.4644 0.2427 0.8517
vn 0.8382 0.5451 0.0128
vn -0.6988 -0.4883 0.5228
vn 0.3099 0.1371 0.9408
vn 0.8266 0.5238 0.2056
vn -0.7733 -0.5243 0.3565
vn 0.1442 0.0264 0.9892
vn 0.7827 0.4816 0.3943
vn -0.8212 -0.5426 0.1765
vn -0.0243 -0.0837 0.9962
vn 0.7062 0.4190 0.5707
vn -0.8345 -0.5421 0.0982
vn -0.1879 -0.1884 0.9639
vn 0.5992 0.3379 0.7258
vn -0.8402 -0.5333 -0.0988
vn -0.3410 -0.2840 0.8962
vn 0.4657 0.2420 0.8512
vn -0.8124 -0.5034 -0.2944
vn -0.4787 -0.3676 0.7973
vn 0.3125 0.1359 0.9402
vn -0.7514 -0.4530 -0.4798
vn -0.5980 -0.4372 0.6718
vn 0.0816 0.1189 -0.9895
vn 0.1472 0.0252 0.9888
vn -0.6595 -0.3837 -0.6464
vn -0.6959 -0.4913 0.5238
vn 0.2403 0.2175 -0.9460
vn -0.0219 -0.0846 0.9962
vn -0.5405 -0.2984 -0.7867
vn -0.7701 -0.5284 0.3573
vn 0.3888 0.3069 -0.8687
vn -0.4002 -0.2009 -0.8942
vn -0.8181 -0.5473 0.1767
vn 0.5227 0.3846 -0.7608
vn -0.2450 -0.0957 -0.9648
vn -0.8288 -0.5509 0.0975
vn 0.6382 0.4487 -0.6256
vn -0.0822 0.0123 -0.9965
vn -0.8352 -0.5411 -0.0983
vn 0.7313 0.4972 -0.4669
vn 0.0816 0.1188 -0.9896
vn -0.8088 -0.5099 -0.2930
vn 0.7984 0.5282 -0.2892
vn 0.2402 0.2196 -0.9456
vn -0.7494 -0.4578 -0.4784
vn 0.8416 0.5400 0.0124
vn 0.3882 0.3113 -0.8674
vn -0.6586 -0.3867 -0.6456
vn 0.8293 0.5200 0.2045
vn 0.5212 0.3912 -0.7585
vn -0.5403 -0.2996 -0.7863
vn 0.7843 0.4795 0.3935
vn 0.6353 0.4567 -0.6227
vn -0.4001 -0.2011 -0.8941
vn 0.7065 0.4187 0.5706
vn 0.7270 0.5060 -0.4642
vn -0.2450 -0.0958 -0.9648
vn 0.5975 0.3391 0.7266
vn 0.7931 0.5370 -0.2874
vn -0.0822 0.0113 -0.9966
vn 0.4621 0.2440 0.8526
vn 0.8391 0.5438 0.0126
vn 0.5106 -0.6873 0.5166
vn 0.5517 0.3715 0.7467
vn 0.6003 -0.5477 0.5828
vn 0.5249 0.5616 0.6396
vn 0.6580 -0.3968 0.6400
vn 0.4527 0.7484 0.4847
vn 0.6833 -0.2360 0.6909
vn 0.3248 0.9020 0.2845
vn 0.6471 -0.0591 0.7601
vn 0.1496 0.9867 0.0631
vn 0.6143 0.1160 0.7805
vn -0.0427 0.9892 -0.1403
vn 0.5687 0.2900 0.7697
vn -0.2188 0.9291 -0.2981
vn 0.5168 0.4588 0.7228
vn -0.3616 0.8383 -0.4080
vn 0.4601 0.6190 0.6366
vn -0.4679 0.7399 -0.4834
vn -0.5417 0.6431 -0.5413
vn 0.3960 0.7644 0.5089
vn -0.5884 0.5470 -0.5955
vn 0.3205 0.8840 0.3402
vn -0.6123 0.4445 -0.6538
vn 0.2308 0.9631 0.1388
vn -0.5883 0.3156 -0.7445
vn 0.1290 0.9885 -0.0785
vn -0.5771 0.1661 -0.7996
vn 0.0213 0.9570 -0.2891
vn -0.5569 -0.0087 -0.8305
vn -0.0839 0.8769 -0.4733
vn -0.5294 -0.2038 -0.8235
vn -0.1805 0.7629 -0.6208
vn -0.4929 -0.4094 -0.7678
vn -0.2659 0.6287 -0.7308
vn -0.4433 -0.6098 -0.6570
vn -0.3397 0.4840 -0.8065
vn -0.3763 -0.7851 -0.4919
vn -0.4023 0.3340 -0.8524
vn -0.2912 -0.9130 -0.2856
vn -0.4540 0.1810 -0.8724
vn -0.4949 0.0251 -0.8686
vn -0.1923 -0.9794 -0.0613
vn -0.5236 -0.1336 -0.8415
vn -0.0881 -0.9840 0.1549
vn -0.5372 -0.2950 -0.7902
vn 0.0137 -0.9386 0.3448
vn -0.5322 -0.4570 -0.7127
vn 0.1079 -0.8590 0.5004
vn 0.6779 -0.0663 0.7322
vn -0.5031 -0.6149 -0.6072
vn 0.1930 -0.7587 0.6222
vn 0.6472 0.1090 0.7544
vn -0.4443 -0.7604 -0.4737
vn 0.2691 -0.6462 0.7142
vn 0.5998 0.2847 0.7478
vn -0.3518 -0.8813 -0.3156
vn 0.3372 -0.5262 0.7806
vn 0.5431 0.4555 0.7054
vn -0.2269 -0.9635 -0.1422
vn 0.3981 -0.4005 0.8253
vn 0.4806 0.6173 0.6228
vn -0.0763 -0.9966 0.0321
vn 0.4521 -0.2687 0.8505
vn 0.4114 0.7634 0.4979
vn 0.0866 -0.9775 0.1923
vn 0.4989 -0.1293 0.8570
vn 0.3318 0.8832 0.3315
vn 0.2457 -0.9121 0.3282
vn 0.5369 0.0204 0.8434
vn 0.2395 0.9620 0.1315
vn 0.5621 0.1830 0.8066
vn 0.3882 -0.8113 0.4371
vn 0.1362 0.9870 -0.0850
vn -0.6181 0.3252 -0.7157
vn 0.5675 0.3606 0.7402
vn 0.5045 -0.6865 0.5237
vn 0.0282 0.9552 -0.2947
vn -0.6088 0.1813 -0.7723
vn 0.5421 0.5503 0.6350
vn 0.5891 -0.5460 0.5957
vn -0.0767 0.8746 -0.4788
vn -0.5880 0.0095 -0.8088
vn 0.4710 0.7385 0.4824
vn 0.6402 -0.3935 0.6598
vn -0.1728 0.7599 -0.6266
vn -0.5575 -0.1860 -0.8091
vn 0.3414 0.8961 0.2838
vn 0.6582 -0.2304 0.7167
vn -0.2574 0.6254 -0.7366
vn -0.5166 -0.3945 -0.7599
vn 0.1625 0.9847 0.0626
vn -0.3301 0.4807 -0.8124
vn -0.4625 -0.5992 -0.6535
vn -0.0345 0.9894 -0.1412
vn -0.3917 0.3310 -0.8585
vn -0.3917 -0.7783 -0.4908
vn -0.2137 0.9298 -0.2995
vn -0.4426 0.1780 -0.8789
vn -0.3035 -0.9091 -0.2853
vn -0.3559 0.8395 -0.4106
vn -0.4827 0.0225 -0.8755
vn -0.2028 -0.9773 -0.0609
vn -0.4588 0.7418 -0.4892
vn -0.5108 -0.1359 -0.8489
vn -0.0977 -0.9830 0.1557
vn -0.5275 0.6450 -0.5528
vn -0.5242 -0.2969 -0.7982
vn 0.0043 -0.9381 0.3464
vn -0.5685 0.5473 -0.6142
vn -0.5191 -0.4585 -0.7213
vn 0.0985 -0.8586 0.5031
vn -0.5869 0.4406 -0.6792
vn -0.4905 -0.6163 -0.6161
vn 0.1833 -0.7580 0.6259
vn -0.4326 -0.7617 -0.4824
vn 0.2591 -0.6450 0.7189
vn -0.3416 -0.8824 -0.3236
vn 0.3266 -0.5243 0.7864
vn -0.2189 -0.9643 -0.1489
vn 0.3869 -0.3976 0.8320
vn -0.0703 -0.9972 0.0270
vn 0.4403 -0.2646 0.8580
vn 0.0901 -0.9779 0.1888
vn 0.4863 -0.1235 0.8650
vn 0.2484 -0.9123 0.3255
vn 0.5233 0.0280 0.8517
vn 0.3914 -0.8117 0.4334
vn 0.5475 0.1924 0.8144
vn -0.2935 0.9559 0.0104
vn -0.7987 0.6017 -0.0004
vn 0.0271 0.9996 0.0113
vn -0.6912 0.7226 0.0041
vn 0.3724 0.9280 0.0128
vn -0.5314 0.8470 0.0088
vn 0.6536 0.7567 0.0142
vn -0.2961 0.9551 0.0129
vn 0.8324 0.5540 0.0152
vn 0.0226 0.9996 0.0148
vn 0.3722 0.9281 0.0131
vn 0.9790 0.2032 0.0155
vn 0.6582 0.7528 0.0081
vn 0.9978 0.0642 0.0148
vn 0.8385 0.5448 0.0020
vn 0.9982 -0.0582 0.0134
vn 0.9353 0.3538 -0.0038
vn 0.9854 -0.1699 0.0114
vn 0.9814 0.1919 -0.0086
vn 0.9611 -0.2759 0.0088
vn 0.9984 0.0552 -0.0122
vn 0.7852 -0.6193 0.0032
vn 0.9978 -0.0639 -0.0148
vn 0.6673 -0.7448 -0.0012
vn 0.9850 -0.1718 -0.0165
vn 0.5213 -0.8534 -0.0057
vn -0.8761 0.4817 0.0207
vn 0.9614 -0.2745 -0.0162
vn 0.3465 -0.9380 -0.0098
vn -0.9262 0.3768 0.0160
vn 0.7841 -0.6203 -0.0209
vn 0.1450 -0.9893 -0.0129
vn -0.8756 0.4828 0.0152
vn 0.6659 -0.7458 -0.0203
vn -0.0757 -0.9970 -0.0145
vn -0.8029 0.5960 0.0142
vn 0.5201 -0.8539 -0.0191
vn -0.3017 -0.9533 -0.0141
vn -0.6954 0.7185 0.0131
vn 0.3457 -0.9382 -0.0176
vn -0.5147 -0.8573 -0.0116
vn -0.5340 0.8454 0.0122
vn 0.1448 -0.9893 -0.0162
vn -0.6963 -0.7177 -0.0074
vn -0.2952 0.9553 0.0119
vn -0.0757 -0.9970 -0.0150
vn -0.8362 -0.5484 -0.0020
vn 0.0259 0.9996 0.0124
vn -0.3018 -0.9533 -0.0143
vn -0.9308 -0.3656 0.0036
vn 0.3720 0.9281 0.0134
vn -0.5147 -0.8573 -0.0143
vn -0.9836 -0.1804 0.0088
vn 0.6532 0.7570 0.0144
vn -0.6966 -0.7173 -0.0147
vn -0.9999 -0.0006 0.0132
vn 0.8325 0.5538 0.0152
vn -0.8362 -0.5483 -0.0152
vn -0.9852 0.1705 0.0165
vn 0.9307 0.3655 0.0156
vn -0.9433 0.3314 0.0186
vn 0.9790 0.2033 0.0156
vn -0.9835 -0.1805 -0.0156
vn 0.9978 0.0642 0.0150
vn -0.9999 -0.0012 -0.0149
vn 0.9982 -0.0582 0.0139
vn -0.9854 0.1694 -0.0135
vn 0.9854 -0.1698 0.0122
vn -0.9439 0.3300 -0.0112
vn 0.9611 -0.2760 0.0098
vn -0.8772 0.4800 -0.0082
vn 0.7854 -0.6190 0.0044
vn -0.9247 0.3807 -0.0067
vn 0.6673 -0.7448 0.0002
vn -0.8729 0.4879 -0.0031
vn 0.5213 -0.8533 -0.0042
vn -0.7991 0.6012 0.0012
vn 0.9615 -0.2744 -0.0173
vn 0.3465 -0.9380 -0.0083
vn -0.6924 0.7215 0.0058
vn 0.7839 -0.6205 -0.0223
vn 0.1456 -0.9893 -0.0116
vn -0.5324 0.8464 0.0105
vn 0.6661 -0.7456 -0.0219
vn -0.0753 -0.9971 -0.0134
vn -0.2969 0.9548 0.0144
vn 0.5204 -0.8537 -0.0207
vn -0.3018 -0.9533 -0.0134
vn 0.0209 0.9997 0.0160
vn 0.3459 -0.9381 -0.0192
vn -0.5145 -0.8574 -0.0112
vn 0.3715 0.9283 0.0138
vn 0.1446 -0.9893 -0.0175
vn -0.6963 -0.7177 -0.0072
vn 0.6583 0.7527 0.0084
vn -0.0757 -0.9970 -0.0161
vn -0.8362 -0.5485 -0.0021
vn 0.8385 0.5449 0.0019
vn -0.3015 -0.9533 -0.0151
vn -0.9308 -0.3656 0.0035
vn 0.9354 0.3537 -0.0039
vn -0.5145 -0.8574 -0.0147
vn -0.9836 -0.1803 0.0088
vn 0.9814 0.1920 -0.0085
vn -0.6967 -0.7172 -0.0148
vn -0.9999 -0.0005 0.0134
vn 0.9984 0.0553 -0.0120
vn -0.8361 -0.5483 -0.0152
vn -0.9852 0.1706 0.0170
vn 0.9979 -0.0637 -0.0143
vn -0.9308 -0.3652 -0.0156
vn -0.9433 0.3314 0.0194
vn 0.9850 -0.1717 -0.0157
vn -0.9834 -0.1806 -0.0157
vn -0.8762 0.4815 0.0196
vn -0.9999 -0.0012 -0.0152
vn -0.9261 0.3770 0.0146
vn -0.9854 0.1694 -0.0140
vn -0.8753 0.4834 0.0137
vn -0.9439 0.3300 -0.0120
vn -0.8023 0.5968 0.0125
vn -0.8771 0.4802 -0.0092
vn -0.6944 0.7195 0.0113
vn -0.9246 0.3808 -0.0080
vn -0.5329 0.8461 0.0105
vn -0.8727 0.4883 -0.0045
vn 0.5244 -0.8227 0.2195
vn -0.9792 0.1985 -0.0416
vn 0.1078 0.9880 -0.1103
vn 0.6663 -0.7223 0.1855
vn -0.0675 0.9904 -0.1206
vn 0.7827 -0.6045 0.1482
vn -0.9765 -0.2125 0.0371
vn -0.2414 0.9613 -0.1329
vn 0.8748 -0.4719 0.1095
vn -0.9040 -0.4223 0.0661
vn -0.4108 0.9004 -0.1432
vn -0.7855 -0.6129 0.0853
vn -0.5708 0.8079 -0.1470
vn -0.6331 -0.7681 0.0955
vn -0.7136 0.6863 -0.1404
vn -0.4618 -0.8813 0.1002
vn -0.8331 0.5396 -0.1217
vn -0.2919 -0.9508 0.1037
vn -0.9235 0.3727 -0.0909
vn -0.0648 -0.9917 0.1107
vn -0.9804 0.1906 -0.0494
vn 0.1554 -0.9806 0.1194
vn 0.3548 -0.9261 0.1280
vn -0.9824 -0.1798 0.0504
vn 0.5265 -0.8396 0.1336
vn -0.9254 -0.3643 0.1046
vn 0.6690 -0.7313 0.1330
vn -0.8233 -0.5449 0.1588
vn 0.7844 -0.6077 0.1243
vn -0.6745 -0.7084 0.2080
vn -0.4856 -0.8387 0.2465
vn 0.8750 -0.4722 0.1065
vn -0.2710 -0.9239 0.2702
vn 0.9421 -0.3257 0.0794
vn 0.9848 -0.1683 0.0436
vn -0.0493 -0.9594 0.2777
vn 0.1636 -0.9488 0.2702
vn 0.9790 0.1961 -0.0550
vn 0.3562 -0.9001 0.2509
vn -0.9225 0.3759 -0.0872
vn 0.9154 0.3869 -0.1111
vn 0.5242 -0.8219 0.2228
vn -0.9795 0.1971 -0.0428
vn 0.8095 0.5637 -0.1643
vn 0.6660 -0.7216 0.1890
vn -1.0000 -0.0011 0.0002
vn 0.6657 0.7160 -0.2102
vn 0.7826 -0.6038 0.1517
vn -0.9767 -0.2112 0.0387
vn 0.4920 0.8353 -0.2455
vn 0.8746 -0.4715 0.1126
vn -0.9049 -0.4199 0.0693
vn 0.3007 0.9154 -0.2677
vn 0.9426 -0.3264 0.0709
vn -0.7872 -0.6102 0.0898
vn 0.1028 0.9555 -0.2765
vn 0.9851 -0.1687 0.0339
vn -0.6346 -0.7663 0.1002
vn -0.0911 0.9578 -0.2728
vn 1.0000 0.0008 -0.0001
vn -0.4628 -0.8804 0.1035
vn -0.2745 0.9263 -0.2582
vn 0.9832 0.1801 -0.0297
vn -0.2920 -0.9507 0.1042
vn -0.4426 0.8655 -0.2346
vn 0.9293 0.3654 -0.0538
vn -0.0657 -0.9920 0.1076
vn -0.5932 0.7788 -0.2040
vn 0.8330 0.5487 -0.0717
vn 0.1546 -0.9815 0.1128
vn -0.7248 0.6683 -0.1678
vn 0.6911 0.7178 -0.0844
vn 0.3545 -0.9274 0.1192
vn -0.8353 0.5347 -0.1277
vn 0.5069 0.8569 -0.0939
vn 0.5264 -0.8412 0.1242
vn 0.2845 0.9531 -0.1034
vn 0.6693 -0.7325 0.1245
vn 0.1074 0.9877 -0.1135
vn 0.7847 -0.6086 0.1175
vn -0.0691 0.9895 -0.1271
vn 0.8754 -0.4726 0.1017
vn -0.2438 0.9594 -0.1416
vn 0.9423 -0.3260 0.0766
vn -0.4140 0.8974 -0.1525
vn 0.9848 -0.1682 0.0424
vn -0.5738 0.8041 -0.1553
vn 1.0000 0.0010 -0.0003
vn -0.7163 0.6822 -0.1468
vn 0.9790 0.1967 -0.0544
vn -0.8347 0.5361 -0.1260
vn 0.9152 0.3876 -0.1102
vn -0.9242 0.3704 -0.0933
vn 0.8092 0.5643 -0.1636
vn -0.9805 0.1897 -0.0504
vn 0.6654 0.7164 -0.2099
vn -1.0000 -0.0008 0.0002
vn 0.4922 0.8351 -0.2457
vn -0.9824 -0.1798 0.0511
vn 0.9424 -0.3262 0.0734
vn 0.3007 0.9151 -0.2687
vn -0.9254 -0.3641 0.1055
vn 0.9851 -0.1686 0.0353
vn 0.1027 0.9550 -0.2783
vn -0.8231 -0.5449 0.1597
vn -0.0917 0.9570 -0.2751
vn -0.6745 -0.7083 0.2084
vn 0.9831 0.1801 -0.0314
vn -0.2751 0.9253 -0.2611
vn -0.4857 -0.8387 0.2463
vn 0.9291 0.3654 -0.0572
vn -0.4433 0.8643 -0.2379
vn -0.2711 -0.9241 0.2693
vn -0.5942 0.7772 -0.2074
vn 0.8326 0.5485 -0.0764
vn -0.0493 -0.9599 0.2760
vn -0.7259 0.6662 -0.1711
vn 0.6906 0.7177 -0.0893
vn 0.1634 -0.9495 0.2679
vn -0.8363 0.5325 -0.1306
vn 0.5069 0.8565 -0.0974
vn 0.3565 -0.9008 0.2479
vn -0.9219 0.3779 -0.0850
vn 0.2844 0.9530 -0.1039
vn 0.1620 -0.0072 0.9868
vn -0.9724 0.0017 -0.2334
vn 0.3053 -0.0070 0.9522
vn 0.4400 -0.0066 0.8980
vn -0.9671 -0.0018 0.2545
vn 0.5679 -0.0060 0.8231
vn -0.8675 -0.0034 0.4975
vn 0.6893 -0.0052 0.7244
vn -0.7138 -0.0048 0.7003
vn 0.8021 -0.0043 0.5972
vn -0.5311 -0.0058 0.8473
vn 0.9002 -0.0031 0.4354
vn -0.3424 -0.0064 0.9395
vn 0.9720 -0.0017 0.2350
vn -0.1614 -0.0067 0.9869
vn 0.0069 -0.0068 1.0000
vn 0.9666 0.0018 -0.2562
vn 0.1620 -0.0067 0.9868
vn -0.9013 0.0030 -0.4331
vn 0.8659 0.0035 -0.5002
vn 0.3052 -0.0064 0.9523
vn -0.9724 0.0016 -0.2334
vn 0.7112 0.0048 -0.7030
vn 0.4400 -0.0061 0.8980
vn 0.5281 0.0058 -0.8491
vn 0.5679 -0.0056 0.8231
vn 0.3397 0.0064 -0.9405
vn 0.6894 -0.0050 0.7244
vn -0.8675 -0.0036 0.4974
vn 0.1595 0.0067 -0.9872
vn 0.8021 -0.0041 0.5972
vn -0.7140 -0.0050 0.7001
vn -0.0076 0.0068 -0.9999
vn 0.9002 -0.0030 0.4354
vn -0.5313 -0.0061 0.8472
vn -0.1622 0.0067 -0.9867
vn -0.3427 -0.0068 0.9394
vn -0.3066 0.0064 -0.9518
vn -0.1615 -0.0072 0.9868
vn -0.4420 0.0061 -0.8970
vn 0.9667 0.0018 -0.2561
vn 0.0067 -0.0073 1.0000
vn -0.5702 0.0056 -0.8215
vn 0.8659 0.0036 -0.5002
vn 0.1618 -0.0072 0.9868
vn -0.6915 0.0049 -0.7224
vn 0.7111 0.0051 -0.7031
vn -0.8039 0.0041 -0.5948
vn 0.5281 0.0062 -0.8492
vn 0.4401 -0.0066 0.8979
vn 0.3396 0.0069 -0.9405
vn 0.5680 -0.0060 0.8230
vn 0.1595 0.0072 -0.9872
vn 0.6893 -0.0053 0.7245
vn -0.0078 0.0073 -0.9999
vn -0.1624 0.0072 -0.9867
vn -0.3066 0.0070 -0.9518
vn -0.4420 0.0065 -0.8970
vn -0.5702 0.0060 -0.8215
vn 0.9666 0.0018 -0.2561
vn -0.6917 0.0052 -0.7222
vn 0.8659 0.0035 -0.5003
vn -0.8039 0.0043 -0.5947
vn 0.7111 0.0048 -0.7030
vn -0.9014 0.0031 -0.4330
vn 0.5280 0.0058 -0.8492
vn 0.1596 0.0067 -0.9872
vn -0.1623 0.0067 -0.9867
vn 0.9720 -0.0016 0.2349
vn -0.7139 -0.0048 0.7002
vn -0.3064 0.0064 -0.9519
vn -0.5313 -0.0058 0.8472
vn -0.4419 0.0061 -0.8971
vn 0.9666 0.0018 -0.2564
vn -0.5701 0.0056 -0.8216
vn 0.8658 0.0036 -0.5003
vn -0.6915 0.0049 -0.7223
vn 0.7112 0.0051 -0.7029
vn 0.5280 0.0062 -0.8492
vn 0.1619 -0.0067 0.9868
vn -0.9014 0.0030 -0.4330
vn 0.3398 0.0069 -0.9405
vn 0.3053 -0.0065 0.9522
vn -0.9723 0.0016 -0.2335
vn 0.1596 0.0072 -0.9872
vn 0.4402 -0.0061 0.8979
vn -0.0075 0.0073 -0.9999
vn 0.5679 -0.0056 0.8230
vn -0.9671 -0.0018 0.2544
vn -0.1621 0.0072 -0.9867
vn 0.6893 -0.0050 0.7244
vn -0.8676 -0.0036 0.4973
vn -0.7140 -0.0051 0.7001
vn -0.4421 0.0066 -0.8970
vn -0.5314 -0.0061 0.8471
vn -0.5703 0.0060 -0.8214
vn -0.3425 -0.0069 0.9395
vn -0.6916 0.0052 -0.7223
vn -0.8040 0.0043 -0.5947
vn 0.0070 -0.0073 0.9999
vt 0.044873 0.071371
vt 0.032407 0.073320
vt 0.032351 0.073642
vt 0.044195 0.066207
vt 0.032239 0.073058
vt 0.043626 0.061013
vt 0.031857 0.072864
vt 0.039989 0.056192
vt 0.031858 0.072296
vt 0.036675 0.051059
vt 0.031629 0.071990
vt 0.032552 0.046207
vt 0.031243 0.071953
vt 0.028731 0.040967
vt 0.030699 0.072179
vt 0.024320 0.033878
vt 0.029905 0.071858
vt 0.020014 0.025895
vt 0.028870 0.071876
vt 0.019611 0.037069
vt 0.028240 0.072080
vt 0.018508 0.047993
vt 0.028325 0.072605
vt 0.017767 0.052833
vt 0.028115 0.072933
vt 0.016726 0.057522
vt 0.028156 0.073407
vt 0.016520 0.062320
vt 0.028146 0.073856
vt 0.015977 0.067023
vt 0.028392 0.074379
vt 0.016351 0.071778
vt 0.028162 0.074700
vt 0.016350 0.076524
vt 0.027960 0.075012
vt 0.016226 0.081283
vt 0.027971 0.075320
vt 0.015977 0.086073
vt 0.028010 0.075598
vt 0.019907 0.091152
vt 0.028068 0.075919
vt 0.026921 0.102151
vt 0.028606 0.075756
vt 0.030270 0.107851
vt 0.029127 0.075570
vt 0.029844 0.075135
vt 0.034485 0.112914
vt 0.030478 0.075616
vt 0.038439 0.118440
vt 0.031277 0.075679
vt 0.039801 0.110715
vt 0.031741 0.075530
vt 0.041658 0.103298
vt 0.031917 0.075190
vt 0.042764 0.097697
vt 0.032333 0.075101
vt 0.044260 0.092305
vt 0.032462 0.074840
vt 0.045402 0.086873
vt 0.032351 0.074474
vt 0.046929 0.081603
vt 0.032015 0.074010
vt 0.045713 0.076515
vt 0.195828 0.164337
vt 0.998724 0.968026
vt 0.999285 0.968052
vt 0.195297 0.164258
vt 0.998189 0.967951
vt 0.194726 0.164191
vt 0.997701 0.967889
vt 0.193624 0.163667
vt 0.997239 0.967748
vt 0.193832 0.164468
vt 0.996827 0.967625
vt 0.193985 0.165162
vt 0.996450 0.967429
vt 0.194135 0.165794
vt 0.996126 0.967255
vt 0.194311 0.166324
vt 0.995876 0.966810
vt 0.194474 0.166803
vt 0.995693 0.966396
vt 0.194675 0.167238
vt 0.995584 0.965983
vt 0.194857 0.167620
vt 0.995539 0.965608
vt 0.195272 0.167926
vt 0.995580 0.965209
vt 0.195676 0.168164
vt 0.995683 0.964856
vt 0.196060 0.168337
vt 0.995850 0.964541
vt 0.196410 0.168447
vt 0.996076 0.964279
vt 0.196811 0.168471
vt 0.996337 0.964054
vt 0.197177 0.168431
vt 0.996652 0.963886
vt 0.197501 0.168328
vt 0.997005 0.963782
vt 0.197776 0.168166
vt 0.997404 0.963741
vt 0.198026 0.167983
vt 0.997779 0.963785
vt 0.198224 0.167748
vt 0.998192 0.963893
vt 0.198366 0.167464
vt 0.998607 0.964075
vt 0.198448 0.167132
vt 0.999052 0.964324
vt 0.198463 0.166812
vt 0.999227 0.964648
vt 0.198417 0.166450
vt 0.999424 0.965024
vt 0.198304 0.166078
vt 0.999549 0.965436
vt 0.198126 0.165673
vt 0.999691 0.965898
vt 0.197873 0.165393
vt 0.999753 0.966386
vt 0.197562 0.165103
vt 0.999829 0.966920
vt 0.197191 0.164804
vt 0.999856 0.967481
vt 0.196761 0.164487
vt 0.999891 0.968086
vt 0.196318 0.164420
vt 0.061619 0.003058
vt 0.064211 0.004759
vt 0.060884 0.003372
vt 0.065712 0.004386
vt 0.067529 0.005143
vt 0.069220 0.007221
vt 0.070468 0.004286
vt 0.072474 0.004189
vt 0.073721 0.004932
vt 0.077029 0.002760
vt 0.076452 0.004740
vt 0.081964 0.001526
vt 0.078189 0.004385
vt 0.088088 0.001990
vt 0.078315 0.004162
vt 0.098250 0.000803
vt 0.082754 0.004557
vt 0.111736 0.003901
vt 0.081823 0.004346
vt 0.096466 0.007441
vt 0.078719 0.004404
vt 0.083554 0.005708
vt 0.075183 0.005336
vt 0.079133 0.007343
vt 0.072469 0.005113
vt 0.075058 0.007589
vt 0.069336 0.005642
vt 0.071191 0.007723
vt 0.066224 0.006843
vt 0.067844 0.006747
vt 0.063392 0.008939
vt 0.064209 0.007708
vt 0.061058 0.006615
vt 0.060685 0.006953
vt 0.058046 0.005339
vt 0.057212 0.005941
vt 0.054947 0.004946
vt 0.054257 0.003707
vt 0.052040 0.005631
vt 0.050912 0.006346
vt 0.048995 0.004837
vt 0.046565 0.007521
vt 0.046221 0.004750
vt 0.041674 0.007649
vt 0.044217 0.004942
vt 0.036263 0.006689
vt 0.043520 0.005239
vt 0.024493 0.008672
vt 0.038558 0.004688
vt 0.009374 0.005712
vt 0.038970 0.004890
vt 0.022988 0.002213
vt 0.041786 0.004880
vt 0.034109 0.003351
vt 0.045497 0.004040
vt 0.039684 0.001531
vt 0.048236 0.004303
vt 0.044781 0.000920
vt 0.051597 0.003932
vt 0.049408 0.001330
vt 0.055033 0.002874
vt 0.053194 0.003001
vt 0.058241 0.000803
vt 0.057483 0.002040
vt 0.017504 0.449180
vt 0.016578 0.395808
vt 0.015858 0.399974
vt 0.015293 0.414237
vt 0.017484 0.382779
vt 0.014481 0.387077
vt 0.017955 0.362014
vt 0.013783 0.362315
vt 0.017927 0.342224
vt 0.013629 0.338839
vt 0.017843 0.324283
vt 0.014749 0.315370
vt 0.015882 0.300584
vt 0.014764 0.293205
vt 0.011804 0.265242
vt 0.016808 0.265432
vt 0.011397 0.197198
vt 0.011396 0.197199
vt 0.016230 0.200684
vt 0.012241 0.183147
vt 0.012279 0.177153
vt 0.012070 0.154614
vt 0.008858 0.142950
vt 0.012861 0.123037
vt 0.008893 0.115953
vt 0.012288 0.099943
vt 0.008561 0.092036
vt 0.011770 0.083740
vt 0.008135 0.068669
vt 0.011375 0.071236
vt 0.008381 0.045552
vt 0.010251 0.063212
vt 0.009733 0.013516
vt 0.009698 0.067355
vt 0.012393 0.045206
vt 0.008970 0.080049
vt 0.013242 0.073925
vt 0.007790 0.100286
vt 0.014495 0.098048
vt 0.006951 0.120735
vt 0.015638 0.120837
vt 0.006067 0.142184
vt 0.017060 0.143558
vt 0.005148 0.167191
vt 0.019739 0.166976
vt 0.002783 0.197730
vt 0.023074 0.191903
vt 0.000618 0.237476
vt 0.026817 0.222511
vt 0.002026 0.266688
vt 0.026817 0.261277
vt 0.006706 0.295686
vt 0.023219 0.293598
vt 0.010735 0.320657
vt 0.020794 0.323204
vt 0.012789 0.344553
vt 0.019744 0.348488
vt 0.013780 0.364817
vt 0.019401 0.371812
vt 0.014436 0.380533
vt 0.019227 0.395090
vt 0.015070 0.392685
vt 0.019241 0.420209
vt 0.744577 0.376494
vt 0.649299 0.148642
vt 0.736792 0.101667
vt 0.634091 0.358656
vt 0.637050 0.137594
vt 0.613631 0.379027
vt 0.513087 0.033611
vt 0.623817 0.147280
vt 0.766632 0.091336
vt 0.769174 0.356379
vt 0.748585 0.069506
vt 0.646629 0.064177
vt 0.623395 0.466503
vt 0.656615 0.376923
vt 0.733176 0.462234
vt 0.664428 0.459005
vt 0.646699 0.474458
vt 0.535364 0.499239
vt 0.513087 0.389017
vt 0.777950 0.476446
vt 0.750467 0.481513
vt 0.683338 0.598907
vt 0.291209 0.023903
vt 0.197742 0.055525
vt 0.138888 0.046483
vt 0.256317 0.067075
vt 0.210396 0.063347
vt 0.251876 0.075644
vt 0.083539 0.066286
vt 0.224124 0.070734
vt 0.071031 0.036577
vt 0.282759 0.009434
vt 0.086989 0.046757
vt 0.295162 0.083741
vt 0.275379 0.060309
vt 0.338691 0.052007
vt 0.302577 0.074213
vt 0.300116 0.078700
vt 0.341514 0.125145
vt 0.248572 0.125145
vt 0.366493 0.042809
vt 0.352952 0.050437
vt 0.330667 0.085714
vt 0.364144 0.250088
vt 0.349304 0.167767
vt 0.352622 0.168207
vt 0.361691 0.251868
vt 0.345797 0.167192
vt 0.359117 0.254053
vt 0.342109 0.166486
vt 0.356364 0.256949
vt 0.338265 0.165705
vt 0.353476 0.260728
vt 0.334117 0.164736
vt 0.350488 0.265343
vt 0.329675 0.163620
vt 0.347388 0.271248
vt 0.324884 0.162358
vt 0.344202 0.278890
vt 0.319667 0.160955
vt 0.340940 0.288777
vt 0.313931 0.159432
vt 0.431290 0.301683
vt 0.425624 0.153712
vt 0.431290 0.151598
vt 0.425386 0.285401
vt 0.420562 0.155663
vt 0.420204 0.274355
vt 0.415975 0.157448
vt 0.415597 0.267047
vt 0.411740 0.159078
vt 0.411424 0.261420
vt 0.407790 0.160555
vt 0.407560 0.256879
vt 0.404079 0.161884
vt 0.404021 0.253535
vt 0.400563 0.163074
vt 0.400772 0.251035
vt 0.397205 0.164133
vt 0.397820 0.249220
vt 0.393981 0.165065
vt 0.395018 0.247740
vt 0.390869 0.165881
vt 0.392409 0.246639
vt 0.387847 0.166588
vt 0.389963 0.245833
vt 0.384898 0.167194
vt 0.387652 0.245265
vt 0.382004 0.167706
vt 0.385456 0.244894
vt 0.379150 0.168130
vt 0.383308 0.244681
vt 0.376319 0.168469
vt 0.381228 0.244626
vt 0.373497 0.168728
vt 0.379194 0.244714
vt 0.370668 0.168907
vt 0.377165 0.244943
vt 0.367815 0.169007
vt 0.375102 0.245324
vt 0.364923 0.169025
vt 0.373024 0.245865
vt 0.361976 0.168960
vt 0.370914 0.246576
vt 0.358956 0.168806
vt 0.393938 0.278403
vt 0.395584 0.272283
vt 0.368753 0.247483
vt 0.355845 0.168558
vt 0.366521 0.248613
vt 0.337670 0.146518
vt 0.340949 0.148939
vt 0.368487 0.278576
vt 0.366524 0.273236
vt 0.368493 0.278573
vt 0.385907 0.251163
vt 0.372202 0.252951
vt 0.372853 0.284984
vt 0.393522 0.257926
vt 0.392083 0.255917
vt 0.378126 0.250358
vt 0.365825 0.265110
vt 0.395862 0.267429
vt 0.384307 0.250646
vt 0.370782 0.254129
vt 0.381237 0.290621
vt 0.337311 0.298715
vt 0.390602 0.254265
vt 0.376630 0.250750
vt 0.365813 0.268816
vt 0.395523 0.263601
vt 0.382741 0.250295
vt 0.368189 0.257388
vt 0.369461 0.255623
vt 0.389762 0.285023
vt 0.389067 0.252947
vt 0.375140 0.251291
vt 0.366519 0.273238
vt 0.394695 0.260473
vt 0.381189 0.250121
vt 0.367059 0.259524
vt 0.387499 0.251934
vt 0.373663 0.252007
vt 0.379647 0.250130
vt 0.366254 0.262086
vt 0.389755 0.285016
vt 0.380533 0.266673
vt 0.382005 0.266453
vt 0.387498 0.251936
vt 0.385907 0.251165
vt 0.372861 0.284976
vt 0.384306 0.250647
vt 0.381237 0.290606
vt 0.382741 0.250296
vt 0.381189 0.250123
vt 0.393930 0.278400
vt 0.379647 0.250132
vt 0.395578 0.272282
vt 0.378127 0.250359
vt 0.395857 0.267429
vt 0.376630 0.250752
vt 0.395519 0.263602
vt 0.369463 0.255624
vt 0.368191 0.257389
vt 0.375141 0.251292
vt 0.394692 0.260475
vt 0.367061 0.259525
vt 0.373664 0.252009
vt 0.393519 0.257927
vt 0.366257 0.262086
vt 0.372204 0.252952
vt 0.392081 0.255919
vt 0.365829 0.265110
vt 0.370784 0.254130
vt 0.390600 0.254267
vt 0.365818 0.268815
vt 0.389066 0.252949
vt 0.385066 0.263686
vt 0.384311 0.264786
vt 0.380269 0.260030
vt 0.380842 0.255545
vt 0.383259 0.265702
vt 0.380042 0.255521
vt 0.379254 0.255644
vt 0.378484 0.255861
vt 0.385522 0.262511
vt 0.375190 0.259686
vt 0.377758 0.256221
vt 0.385708 0.261338
vt 0.375029 0.260693
vt 0.377068 0.256675
vt 0.385660 0.260220
vt 0.375055 0.261779
vt 0.376460 0.257270
vt 0.385375 0.259207
vt 0.375300 0.262914
vt 0.375913 0.257959
vt 0.384982 0.258301
vt 0.375861 0.264013
vt 0.375503 0.258779
vt 0.384463 0.257517
vt 0.376632 0.265076
vt 0.383824 0.256883
vt 0.377691 0.266004
vt 0.383141 0.256357
vt 0.379054 0.266550
vt 0.382405 0.255960
vt 0.381633 0.255691
vt 0.367917 0.158454
vt 0.370231 0.146584
vt 0.370305 0.158466
vt 0.399938 0.146774
vt 0.377392 0.157713
vt 0.352713 0.155267
vt 0.412290 0.134162
vt 0.386957 0.154765
vt 0.363053 0.158022
vt 0.365502 0.158308
vt 0.334199 0.143621
vt 0.397195 0.148875
vt 0.375034 0.158094
vt 0.349951 0.154094
vt 0.408929 0.138130
vt 0.384529 0.155734
vt 0.394542 0.150686
vt 0.372674 0.158343
vt 0.344065 0.150968
vt 0.347093 0.152676
vt 0.405777 0.141479
vt 0.382131 0.156541
vt 0.360561 0.157588
vt 0.330491 0.140137
vt 0.391937 0.152279
vt 0.402791 0.144330
vt 0.379755 0.157198
vt 0.355414 0.156226
vt 0.358018 0.156994
vt 0.415897 0.129438
vt 0.389423 0.153620
vt 0.365771 0.145921
vt 0.364291 0.145411
vt 0.370561 0.132715
vt 0.386901 0.134023
vt 0.361377 0.143915
vt 0.367257 0.146282
vt 0.368745 0.146502
vt 0.386050 0.136151
vt 0.359959 0.142903
vt 0.385059 0.138017
vt 0.357266 0.140276
vt 0.358584 0.141697
vt 0.383960 0.139650
vt 0.356026 0.138617
vt 0.382784 0.141062
vt 0.362824 0.144746
vt 0.380221 0.143349
vt 0.381529 0.142293
vt 0.354892 0.136692
vt 0.378870 0.144242
vt 0.353103 0.131902
vt 0.353901 0.134467
vt 0.377484 0.144982
vt 0.352390 0.125551
vt 0.352566 0.128946
vt 0.374633 0.146031
vt 0.376070 0.145576
vt 0.387779 0.122040
vt 0.388109 0.125668
vt 0.373179 0.146350
vt 0.387571 0.131598
vt 0.388000 0.128831
vt 0.371711 0.146535
vt 0.073863 0.262761
vt 0.161528 0.245979
vt 0.160819 0.249660
vt 0.071023 0.260031
vt 0.162376 0.242085
vt 0.067443 0.257163
vt 0.163371 0.237942
vt 0.062891 0.254160
vt 0.164415 0.233582
vt 0.057040 0.251043
vt 0.165687 0.228799
vt 0.049457 0.247836
vt 0.167097 0.223595
vt 0.039659 0.244546
vt 0.168626 0.217877
vt 0.025494 0.335200
vt 0.174440 0.329402
vt 0.176829 0.335200
vt 0.042077 0.329258
vt 0.172322 0.324261
vt 0.053274 0.324051
vt 0.170537 0.319688
vt 0.060635 0.319432
vt 0.168908 0.315466
vt 0.066663 0.315198
vt 0.167363 0.311484
vt 0.071090 0.311329
vt 0.166047 0.307793
vt 0.074397 0.307786
vt 0.164826 0.304252
vt 0.076893 0.304530
vt 0.163784 0.300912
vt 0.078789 0.301528
vt 0.162864 0.297704
vt 0.080185 0.298779
vt 0.162057 0.294605
vt 0.081311 0.296156
vt 0.161357 0.291596
vt 0.082136 0.293699
vt 0.160756 0.288658
vt 0.082717 0.291381
vt 0.160249 0.285776
vt 0.083096 0.289186
vt 0.159831 0.282920
vt 0.083320 0.287039
vt 0.159500 0.280092
vt 0.083390 0.284927
vt 0.159245 0.277279
vt 0.083310 0.282862
vt 0.159076 0.274459
vt 0.083086 0.280819
vt 0.158980 0.271615
vt 0.082716 0.278778
vt 0.158966 0.268731
vt 0.082189 0.276718
vt 0.159035 0.265792
vt 0.081488 0.274621
vt 0.159193 0.262781
vt 0.080590 0.272466
vt 0.159445 0.259679
vt 0.079405 0.270178
vt 0.159800 0.256466
vt 0.060139 0.299592
vt 0.064084 0.299268
vt 0.077946 0.267821
vt 0.160265 0.253120
vt 0.076131 0.265354
vt 0.184404 0.238115
vt 0.037344 0.284799
vt 0.043182 0.276157
vt 0.037359 0.284799
vt 0.077675 0.286413
vt 0.072502 0.273231
vt 0.042854 0.293299
vt 0.074986 0.292731
vt 0.077338 0.280326
vt 0.076825 0.278838
vt 0.054935 0.269995
vt 0.067298 0.298426
vt 0.077839 0.284876
vt 0.070767 0.271985
vt 0.049456 0.297568
vt 0.076040 0.291162
vt 0.076104 0.277368
vt 0.049548 0.271949
vt 0.069873 0.297243
vt 0.077844 0.283349
vt 0.066100 0.269974
vt 0.068637 0.270877
vt 0.055396 0.299159
vt 0.076831 0.289578
vt 0.075161 0.275926
vt 0.043175 0.276150
vt 0.071962 0.295843
vt 0.077672 0.281831
vt 0.063052 0.269393
vt 0.077356 0.287982
vt 0.073952 0.274563
vt 0.029830 0.240889
vt 0.073640 0.294281
vt 0.059378 0.269307
vt 0.049459 0.297560
vt 0.063110 0.287861
vt 0.055397 0.299153
vt 0.077354 0.287981
vt 0.077673 0.286413
vt 0.042861 0.293292
vt 0.077837 0.284876
vt 0.077842 0.283349
vt 0.077670 0.281831
vt 0.060139 0.299587
vt 0.077336 0.280326
vt 0.064084 0.299263
vt 0.076823 0.278839
vt 0.067297 0.298422
vt 0.076103 0.277369
vt 0.069871 0.297240
vt 0.068636 0.270880
vt 0.066099 0.269977
vt 0.075159 0.275928
vt 0.071960 0.295841
vt 0.063051 0.269397
vt 0.073950 0.274564
vt 0.073638 0.294279
vt 0.059379 0.269312
vt 0.072501 0.273233
vt 0.074984 0.292730
vt 0.054937 0.270001
vt 0.070766 0.271987
vt 0.076038 0.291161
vt 0.049551 0.271955
vt 0.076829 0.289578
vt 0.066614 0.289275
vt 0.065435 0.289063
vt 0.068004 0.283832
vt 0.072389 0.282874
vt 0.064265 0.288574
vt 0.072184 0.282104
vt 0.071859 0.281361
vt 0.071392 0.280678
vt 0.067736 0.289195
vt 0.066377 0.278693
vt 0.070808 0.280064
vt 0.068751 0.288930
vt 0.065274 0.278922
vt 0.070113 0.279538
vt 0.069663 0.288553
vt 0.064166 0.279397
vt 0.069311 0.279123
vt 0.070453 0.288047
vt 0.063115 0.280143
vt 0.068420 0.278801
vt 0.071116 0.287441
vt 0.062202 0.281171
vt 0.067431 0.278677
vt 0.071651 0.286759
vt 0.061530 0.282460
vt 0.072056 0.286022
vt 0.061205 0.283943
vt 0.072335 0.285250
vt 0.061426 0.285466
vt 0.072466 0.284455
vt 0.062078 0.286834
vt 0.072500 0.283661
vt 0.169944 0.266885
vt 0.181633 0.271123
vt 0.169653 0.269329
vt 0.177181 0.298277
vt 0.169599 0.276485
vt 0.177021 0.248005
vt 0.175315 0.250971
vt 0.186464 0.309441
vt 0.171380 0.285916
vt 0.170383 0.264397
vt 0.192124 0.230444
vt 0.187894 0.234421
vt 0.175623 0.295705
vt 0.169485 0.274120
vt 0.183607 0.306468
vt 0.170728 0.283544
vt 0.170981 0.261856
vt 0.193739 0.315781
vt 0.198346 0.319129
vt 0.173145 0.290732
vt 0.174286 0.293194
vt 0.169502 0.271738
vt 0.179054 0.244910
vt 0.181122 0.303649
vt 0.170217 0.281190
vt 0.171741 0.259279
vt 0.181503 0.241573
vt 0.179020 0.300914
vt 0.169841 0.278840
vt 0.173891 0.253824
vt 0.172708 0.256609
vt 0.189826 0.312577
vt 0.172182 0.288309
vt 0.183179 0.266711
vt 0.184019 0.265264
vt 0.195125 0.274466
vt 0.189818 0.288867
vt 0.186239 0.262487
vt 0.181998 0.269643
vt 0.186796 0.286598
vt 0.188210 0.287782
vt 0.187661 0.261178
vt 0.182510 0.268171
vt 0.189319 0.259948
vt 0.185572 0.285346
vt 0.191243 0.258825
vt 0.184523 0.284041
vt 0.193469 0.257844
vt 0.185031 0.263855
vt 0.183637 0.282694
vt 0.196034 0.257058
vt 0.182903 0.281312
vt 0.202382 0.256375
vt 0.198989 0.256535
vt 0.182314 0.279903
vt 0.205594 0.291554
vt 0.181865 0.278471
vt 0.202021 0.291877
vt 0.181551 0.277021
vt 0.196162 0.291346
vt 0.198899 0.291771
vt 0.181370 0.275558
vt 0.193759 0.290684
vt 0.181323 0.274084
vt 0.181409 0.272605
vt 0.191672 0.289855
vt 0.000598 0.000468
vt 0.963050 0.995826
vt 0.963050 0.995826
vt 0.963050 0.995826
vt 0.963050 0.995826
vt 0.963050 0.995826
vt 0.963050 0.995826
vt 0.963050 0.995826
vt 0.963050 0.995826
vt 0.963050 0.995826
vt 0.963050 0.995826
vt 0.963050 0.995827
vt 0.963050 0.995827
vt 0.963050 0.995827
vt 0.963050 0.995827
vt 0.963050 0.995827
vt 0.963050 0.995827
vt 0.963050 0.995827
vt 0.963050 0.995827
vt 0.963051 0.995827
vt 0.963050 0.995827
vt 0.963051 0.995827
vt 0.963051 0.995827
vt 0.963051 0.995827
vt 0.963051 0.995827
vt 0.963050 0.995826
vt 0.963051 0.995827
vt 0.963050 0.995826
vt 0.963050 0.995826
vt 0.963051 0.995827
vt 0.963050 0.995825
vt 0.963050 0.995826
vt 0.963050 0.995825
vt 0.963050 0.995825
vt 0.963051 0.995827
vt 0.963050 0.995825
vt 0.963051 0.995827
vt 0.963050 0.995825
vt 0.963050 0.995825
vt 0.963050 0.995825
vt 0.963051 0.995827
vt 0.963050 0.995825
vt 0.963051 0.995827
vt 0.963050 0.995827
vt 0.963050 0.995827
vt 0.963050 0.995826
vt 0.963051 0.995827
vt 0.963051 0.995827
vt 0.963051 0.995827
vt 0.963051 0.995827
vt 0.963051 0.995827
vt 0.963051 0.995827
vt 0.963051 0.995827
vt 0.963050 0.995827
vt 0.963050 0.995826
vt 0.963050 0.995826
vt 0.000797 0.000568
vt 0.000791 0.000551
vt 0.000795 0.000569
vt 0.000466 0.000443
vt 0.000498 0.000445
vt 0.000462 0.000440
vt 0.000810 0.000714
vt 0.000810 0.000704
vt 0.000811 0.000714
vt 0.000788 0.000531
vt 0.000775 0.000518
vt 0.000786 0.000532
vt 0.000436 0.000470
vt 0.000431 0.000438
vt 0.000432 0.000468
vt 0.000807 0.000735
vt 0.000811 0.000724
vt 0.000808 0.000735
vt 0.000765 0.000502
vt 0.000744 0.000493
vt 0.000763 0.000503
vt 0.000449 0.000528
vt 0.000439 0.000499
vt 0.000447 0.000529
vt 0.000797 0.000756
vt 0.000804 0.000746
vt 0.000798 0.000757
vt 0.000726 0.000481
vt 0.000698 0.000476
vt 0.000724 0.000482
vt 0.000473 0.000580
vt 0.000459 0.000556
vt 0.000472 0.000582
vt 0.000783 0.000776
vt 0.000791 0.000767
vt 0.000783 0.000777
vt 0.000673 0.000467
vt 0.000639 0.000464
vt 0.000671 0.000468
vt 0.000506 0.000619
vt 0.000488 0.000602
vt 0.000504 0.000621
vt 0.000768 0.000791
vt 0.000775 0.000785
vt 0.000768 0.000792
vt 0.000608 0.000458
vt 0.000571 0.000454
vt 0.000607 0.000459
vt 0.000547 0.000645
vt 0.000525 0.000635
vt 0.000546 0.000647
vt 0.000755 0.000798
vt 0.000760 0.000797
vt 0.000755 0.000799
vt 0.000534 0.000449
vt 0.000495 0.000442
vt 0.000534 0.000449
vt 0.000594 0.000661
vt 0.000569 0.000655
vt 0.000593 0.000662
vt 0.000747 0.000795
vt 0.000749 0.000800
vt 0.000746 0.000797
vt 0.000450 0.000431
vt 0.000410 0.000418
vt 0.000454 0.000434
vt 0.000644 0.000668
vt 0.000619 0.000666
vt 0.000645 0.000668
vt 0.000745 0.000782
vt 0.000744 0.000792
vt 0.000744 0.000783
vt 0.000418 0.000460
vt 0.000435 0.000498
vt 0.000423 0.000462
vt 0.000694 0.000670
vt 0.000670 0.000670
vt 0.000694 0.000670
vt 0.000749 0.000758
vt 0.000745 0.000773
vt 0.000749 0.000759
vt 0.000442 0.000533
vt 0.000457 0.000559
vt 0.000444 0.000532
vt 0.000738 0.000673
vt 0.000717 0.000672
vt 0.000739 0.000672
vt 0.000760 0.000724
vt 0.000753 0.000743
vt 0.000759 0.000725
vt 0.000468 0.000587
vt 0.000486 0.000605
vt 0.000469 0.000586
vt 0.000772 0.000679
vt 0.000757 0.000675
vt 0.000774 0.000678
vt 0.000773 0.000682
vt 0.000765 0.000705
vt 0.000773 0.000683
vt 0.000500 0.000627
vt 0.000523 0.000638
vt 0.000502 0.000625
vt 0.000796 0.000689
vt 0.000787 0.000683
vt 0.000798 0.000688
vt 0.000784 0.000637
vt 0.000779 0.000660
vt 0.000785 0.000637
vt 0.000542 0.000652
vt 0.000568 0.000658
vt 0.000543 0.000651
vt 0.000791 0.000593
vt 0.000790 0.000614
vt 0.000792 0.000593
vt 0.000592 0.000665
vt 0.000619 0.000667
vt 0.000592 0.000664
vt 0.000787 0.000553
vt 0.000792 0.000571
vt 0.000788 0.000552
vt 0.000645 0.000670
vt 0.000670 0.000670
vt 0.000645 0.000669
vt 0.000770 0.000520
vt 0.000782 0.000534
vt 0.000772 0.000520
vt 0.000697 0.000670
vt 0.000719 0.000672
vt 0.000696 0.000670
vt 0.000739 0.000495
vt 0.000759 0.000505
vt 0.000740 0.000495
vt 0.000743 0.000671
vt 0.000759 0.000675
vt 0.000742 0.000672
vt 0.000694 0.000477
vt 0.000720 0.000484
vt 0.000695 0.000477
vt 0.000779 0.000675
vt 0.000789 0.000683
vt 0.000777 0.000676
vt 0.000636 0.000465
vt 0.000668 0.000470
vt 0.000637 0.000465
vt 0.000808 0.000695
vt 0.000813 0.000703
vt 0.000807 0.000696
vt 0.000570 0.000455
vt 0.000605 0.000459
vt 0.000570 0.000455
vt 0.000814 0.000714
vt 0.000814 0.000723
vt 0.000813 0.000714
vt 0.000499 0.000446
vt 0.000534 0.000450
vt 0.000810 0.000735
vt 0.000805 0.000746
vt 0.000810 0.000735
vt 0.000441 0.000447
vt 0.000799 0.000758
vt 0.000792 0.000768
vt 0.000799 0.000758
vt 0.000441 0.000499
vt 0.000784 0.000778
vt 0.000775 0.000787
vt 0.000784 0.000778
vt 0.000460 0.000555
vt 0.000767 0.000794
vt 0.000759 0.000799
vt 0.000768 0.000793
vt 0.000489 0.000601
vt 0.000754 0.000802
vt 0.000747 0.000803
vt 0.000754 0.000801
vt 0.000526 0.000634
vt 0.000745 0.000800
vt 0.000742 0.000795
vt 0.000745 0.000799
vt 0.000570 0.000654
vt 0.000743 0.000787
vt 0.000743 0.000777
vt 0.000743 0.000786
vt 0.000619 0.000665
vt 0.000748 0.000762
vt 0.000751 0.000746
vt 0.000748 0.000761
vt 0.000669 0.000669
vt 0.000759 0.000727
vt 0.000765 0.000706
vt 0.000759 0.000726
vt 0.000717 0.000672
vt 0.000773 0.000684
vt 0.000780 0.000661
vt 0.000773 0.000683
vt 0.000756 0.000676
vt 0.000787 0.000637
vt 0.000792 0.000613
vt 0.000786 0.000637
vt 0.000786 0.000684
vt 0.000795 0.000592
vt 0.000794 0.000592
vt 0.000809 0.000705
vt 0.000805 0.000696
vt 0.000792 0.000551
vt 0.000810 0.000724
vt 0.000776 0.000517
vt 0.000803 0.000746
vt 0.000745 0.000493
vt 0.000791 0.000767
vt 0.000699 0.000475
vt 0.000775 0.000784
vt 0.000641 0.000464
vt 0.000761 0.000795
vt 0.000572 0.000454
vt 0.000803 0.000686
vt 0.000802 0.000687
vt 0.000750 0.000798
vt 0.000494 0.000441
vt 0.000815 0.000702
vt 0.000745 0.000790
vt 0.000400 0.000408
vt 0.000815 0.000723
vt 0.000746 0.000772
vt 0.000433 0.000498
vt 0.000806 0.000746
vt 0.000754 0.000742
vt 0.000456 0.000560
vt 0.000792 0.000768
vt 0.000766 0.000704
vt 0.000485 0.000607
vt 0.000775 0.000788
vt 0.000779 0.000660
vt 0.000523 0.000639
vt 0.000759 0.000800
vt 0.000788 0.000615
vt 0.000568 0.000659
vt 0.000746 0.000804
vt 0.000790 0.000572
vt 0.000619 0.000668
vt 0.000741 0.000797
vt 0.000780 0.000536
vt 0.000671 0.000671
vt 0.000742 0.000778
vt 0.000757 0.000507
vt 0.000720 0.000672
vt 0.000751 0.000747
vt 0.000718 0.000485
vt 0.000760 0.000675
vt 0.000765 0.000707
vt 0.000667 0.000471
vt 0.000790 0.000682
vt 0.000781 0.000661
vt 0.000604 0.000460
vt 0.000793 0.000613
vt 0.000534 0.000450
vt 0.000803 0.000697
vt 0.963152 0.995969
vt 0.963155 0.995975
vt 0.963145 0.995957
vt 0.963149 0.995963
vt 0.963139 0.995946
vt 0.963142 0.995952
vt 0.963134 0.995937
vt 0.963137 0.995941
vt 0.963130 0.995929
vt 0.963132 0.995933
vt 0.963127 0.995924
vt 0.963128 0.995926
vt 0.963126 0.995920
vt 0.963126 0.995922
vt 0.963127 0.995917
vt 0.963126 0.995919
vt 0.963128 0.995916
vt 0.963127 0.995916
vt 0.963129 0.995915
vt 0.963133 0.995916
vt 0.963137 0.995917
vt 0.963143 0.995921
vt 0.963151 0.995926
vt 0.963161 0.995932
vt 0.963172 0.995939
vt 0.963189 0.995949
vt 0.963199 0.995955
vt 0.963206 0.995960
vt 0.963211 0.995966
vt 0.963214 0.995972
vt 0.963213 0.995978
vt 0.963210 0.995985
vt 0.963205 0.995992
vt 0.963199 0.995998
vt 0.963189 0.996005
vt 0.963192 0.996003
vt 0.963182 0.996006
vt 0.963185 0.996006
vt 0.963176 0.996005
vt 0.963179 0.996006
vt 0.963171 0.996001
vt 0.963174 0.996004
vt 0.963166 0.995995
vt 0.963168 0.995998
vt 0.963160 0.995986
vt 0.963163 0.995990
vt 0.963158 0.995980
vt 0.963183 0.995945
vt 0.963194 0.995952
vt 0.963203 0.995957
vt 0.963209 0.995963
vt 0.963213 0.995969
vt 0.963214 0.995975
vt 0.963131 0.995915
vt 0.963212 0.995982
vt 0.963134 0.995916
vt 0.963208 0.995989
vt 0.963140 0.995919
vt 0.963202 0.995995
vt 0.963147 0.995923
vt 0.963195 0.996001
vt 0.963156 0.995929
vt 0.963166 0.995935
vt 0.963178 0.995942
vt 0.963139 0.995919
vt 0.963137 0.995917
vt 0.963146 0.995923
vt 0.963143 0.995921
vt 0.963156 0.995929
vt 0.963151 0.995926
vt 0.963166 0.995935
vt 0.963161 0.995932
vt 0.963178 0.995942
vt 0.963194 0.995952
vt 0.963189 0.995949
vt 0.963203 0.995957
vt 0.963199 0.995955
vt 0.963209 0.995963
vt 0.963206 0.995960
vt 0.963213 0.995969
vt 0.963211 0.995966
vt 0.963214 0.995975
vt 0.963214 0.995972
vt 0.963212 0.995982
vt 0.963213 0.995978
vt 0.963208 0.995988
vt 0.963210 0.995985
vt 0.963202 0.995995
vt 0.963205 0.995992
vt 0.963195 0.996001
vt 0.963199 0.995998
vt 0.963188 0.996005
vt 0.963192 0.996003
vt 0.963182 0.996006
vt 0.963185 0.996006
vt 0.963176 0.996005
vt 0.963179 0.996006
vt 0.963171 0.996002
vt 0.963174 0.996004
vt 0.963166 0.995995
vt 0.963168 0.995999
vt 0.963160 0.995986
vt 0.963163 0.995991
vt 0.963158 0.995981
vt 0.963149 0.995963
vt 0.963152 0.995969
vt 0.963142 0.995951
vt 0.963136 0.995941
vt 0.963139 0.995946
vt 0.963131 0.995932
vt 0.963134 0.995937
vt 0.963184 0.995945
vt 0.963128 0.995926
vt 0.963130 0.995929
vt 0.963126 0.995922
vt 0.963127 0.995924
vt 0.963126 0.995919
vt 0.963126 0.995920
vt 0.963127 0.995916
vt 0.963127 0.995917
vt 0.963129 0.995915
vt 0.963128 0.995916
vt 0.963132 0.995915
vt 0.963131 0.995915
vt 0.963134 0.995916
vt 0.963444 0.996152
vt 0.963473 0.996195
vt 0.963500 0.996237
vt 0.963524 0.996278
vt 0.963545 0.996317
vt 0.963565 0.996353
vt 0.963581 0.996387
vt 0.963598 0.996418
vt 0.963612 0.996447
vt 0.963628 0.996472
vt 0.963642 0.996496
vt 0.963660 0.996516
vt 0.963676 0.996536
vt 0.963696 0.996553
vt 0.963715 0.996570
vt 0.963739 0.996586
vt 0.963763 0.996602
vt 0.963790 0.996619
vt 0.963801 0.996609
vt 0.963769 0.996557
vt 0.963738 0.996512
vt 0.963702 0.996473
vt 0.963658 0.996439
vt 0.963605 0.996406
vt 0.963541 0.996370
vt 0.963467 0.996325
vt 0.963346 0.996239
vt 0.963263 0.996169
vt 0.963185 0.996091
vt 0.963117 0.996011
vt 0.963063 0.995935
vt 0.963026 0.995871
vt 0.963010 0.995824
vt 0.963015 0.995798
vt 0.963027 0.995795
vt 0.963042 0.995794
vt 0.963064 0.995803
vt 0.963088 0.995814
vt 0.963120 0.995832
vt 0.963151 0.995854
vt 0.963188 0.995882
vt 0.963225 0.995912
vt 0.963264 0.995947
vt 0.963302 0.995984
vt 0.963341 0.996025
vt 0.963377 0.996066
vt 0.963412 0.996109
vt 0.963387 0.996271
vt 0.963304 0.996206
vt 0.963224 0.996131
vt 0.963150 0.996051
vt 0.963817 0.996636
vt 0.963089 0.995973
vt 0.963784 0.996581
vt 0.963043 0.995903
vt 0.963754 0.996532
vt 0.963017 0.995847
vt 0.963720 0.996491
vt 0.963011 0.995810
vt 0.963681 0.996455
vt 0.963633 0.996422
vt 0.963574 0.996388
vt 0.963505 0.996348
vt 0.963428 0.996299
vt 0.966596 0.999527
vt 0.966486 0.999559
vt 0.966646 0.999434
vt 0.966691 0.999193
vt 0.966614 0.998826
vt 0.966420 0.998343
vt 0.966125 0.997787
vt 0.965726 0.997192
vt 0.965235 0.996588
vt 0.964674 0.995994
vt 0.964073 0.995429
vt 0.963460 0.994908
vt 0.962865 0.994444
vt 0.962317 0.994047
vt 0.963111 0.997417
vt 0.962840 0.997112
vt 0.961835 0.993730
vt 0.963672 0.997994
vt 0.963390 0.997716
vt 0.961426 0.993510
vt 0.964245 0.998503
vt 0.963961 0.998267
vt 0.961096 0.993404
vt 0.964813 0.998920
vt 0.964536 0.998735
vt 0.960859 0.993413
vt 0.965349 0.999234
vt 0.965095 0.999100
vt 0.960689 0.993627
vt 0.960726 0.993537
vt 0.965823 0.999451
vt 0.965607 0.999366
vt 0.960729 0.993917
vt 0.960707 0.993773
vt 0.966208 0.999563
vt 0.966042 0.999534
vt 0.960881 0.994298
vt 0.960802 0.994110
vt 0.966377 0.999592
vt 0.961134 0.994748
vt 0.961004 0.994526
vt 0.961466 0.995272
vt 0.961296 0.995013
vt 0.966697 0.999342
vt 0.961867 0.995859
vt 0.961662 0.995569
vt 0.966685 0.999047
vt 0.962328 0.996482
vt 0.962093 0.996174
vt 0.966541 0.998609
vt 0.962579 0.996800
vt 0.966297 0.998082
vt 0.965950 0.997498
vt 0.965498 0.996894
vt 0.964965 0.996290
vt 0.964376 0.995707
vt 0.963762 0.995160
vt 0.963151 0.994665
vt 0.962573 0.994232
vt 0.962054 0.993871
vt 0.961610 0.993595
vt 0.961237 0.993431
vt 0.960952 0.993381
vt 0.960765 0.993447
vt 0.079370 0.106799
vt 0.080058 0.106386
vt 0.080736 0.105970
vt 0.081411 0.105573
vt 0.082076 0.105173
vt 0.082738 0.104789
vt 0.083390 0.104402
vt 0.084051 0.104017
vt 0.084702 0.103629
vt 0.085362 0.103236
vt 0.086014 0.102841
vt 0.086670 0.102441
vt 0.087318 0.102038
vt 0.087965 0.101632
vt 0.089232 0.100813
vt 0.089855 0.100402
vt 0.090462 0.099992
vt 0.091062 0.099579
vt 0.091641 0.099172
vt 0.092215 0.098763
vt 0.092762 0.098360
vt 0.093303 0.097954
vt 0.093816 0.097556
vt 0.094325 0.097155
vt 0.094820 0.096745
vt 0.095310 0.096333
vt 0.095786 0.095910
vt 0.096258 0.095484
vt 0.096716 0.095046
vt 0.097170 0.094604
vt 0.098046 0.093692
vt 0.098889 0.092745
vt 0.099698 0.091760
vt 0.100479 0.090737
vt 0.101262 0.089647
vt 0.102047 0.088493
vt 0.102831 0.087281
vt 0.103608 0.086021
vt 0.104373 0.084724
vt 0.105123 0.083403
vt 0.105857 0.082065
vt 0.106579 0.080718
vt 0.088602 0.101223
vt 0.107302 0.079355
vt 0.108062 0.077950
vt 0.076546 0.108570
vt 0.077974 0.107665
vt 0.078676 0.107234
vt 0.097610 0.094150
vt 0.098469 0.093220
vt 0.099295 0.092255
vt 0.100090 0.091251
vt 0.100872 0.090195
vt 0.101656 0.089073
vt 0.102440 0.087890
vt 0.103220 0.086655
vt 0.103991 0.085377
vt 0.104749 0.084069
vt 0.105491 0.082740
vt 0.106219 0.081397
vt 0.106941 0.080043
vt 0.107683 0.078659
vt 0.075818 0.109044
vt 0.077264 0.108119
vt 0.078079 0.079541
vt 0.077979 0.079633
vt 0.077829 0.079673
vt 0.077656 0.079660
vt 0.077480 0.079599
vt 0.077320 0.079498
vt 0.077189 0.079368
vt 0.077098 0.079220
vt 0.077053 0.079069
vt 0.077056 0.078926
vt 0.077157 0.078754
vt 0.077107 0.078802
vt 0.077273 0.078672
vt 0.077203 0.078704
vt 0.077424 0.078626
vt 0.077339 0.078639
vt 0.077599 0.078623
vt 0.077505 0.078614
vt 0.077782 0.078672
vt 0.077686 0.078636
vt 0.077957 0.078781
vt 0.077868 0.078715
vt 0.078112 0.078954
vt 0.078036 0.078856
vt 0.078235 0.079189
vt 0.078176 0.079062
vt 0.078323 0.079475
vt 0.078282 0.079326
vt 0.078382 0.079956
vt 0.078372 0.079792
vt 0.078375 0.080266
vt 0.078384 0.080110
vt 0.078331 0.080529
vt 0.078357 0.080399
vt 0.078255 0.080712
vt 0.078296 0.080623
vt 0.078157 0.080789
vt 0.078208 0.080754
vt 0.078047 0.080738
vt 0.078103 0.080768
vt 0.077937 0.080545
vt 0.077991 0.080647
vt 0.077888 0.080377
vt 0.077813 0.079950
vt 0.075083 0.109516
vt 0.077794 0.079359
vt 0.077926 0.079123
vt 0.078070 0.079316
vt 0.078097 0.079477
vt 0.078033 0.079594
vt 0.077907 0.079660
vt 0.077745 0.079673
vt 0.077569 0.079636
vt 0.077401 0.079555
vt 0.077256 0.079439
vt 0.077144 0.079299
vt 0.078352 0.079632
vt 0.077076 0.079149
vt 0.077055 0.079001
vt 0.077082 0.078866
vt 0.077844 0.080198
vt 0.077793 0.079689
vt 0.077812 0.079017
vt 0.078024 0.079223
vt 0.078104 0.079402
vt 0.078278 0.079885
vt 0.078261 0.079919
vt 0.078243 0.079957
vt 0.078212 0.080005
vt 0.078181 0.080060
vt 0.078141 0.080116
vt 0.078101 0.080167
vt 0.078055 0.080216
vt 0.078009 0.080257
vt 0.077960 0.080291
vt 0.077911 0.080316
vt 0.077867 0.080330
vt 0.077822 0.080332
vt 0.077788 0.080319
vt 0.077752 0.080296
vt 0.077731 0.080255
vt 0.077706 0.080203
vt 0.077697 0.080135
vt 0.077683 0.080057
vt 0.077683 0.079966
vt 0.077678 0.079866
vt 0.077684 0.079759
vt 0.077684 0.079647
vt 0.077692 0.079535
vt 0.077702 0.079318
vt 0.077706 0.079216
vt 0.077714 0.079130
vt 0.077722 0.079050
vt 0.077732 0.078991
vt 0.077743 0.078939
vt 0.077756 0.078909
vt 0.077770 0.078887
vt 0.000598 0.000468
vt 0.077785 0.078887
vt 0.077802 0.078892
vt 0.077816 0.078915
vt 0.077831 0.078943
vt 0.077843 0.078986
vt 0.077855 0.079031
vt 0.077862 0.079084
vt 0.077870 0.079140
vt 0.077876 0.079197
vt 0.077882 0.079256
vt 0.077890 0.079310
vt 0.077899 0.079366
vt 0.077911 0.079414
vt 0.077924 0.079463
vt 0.077942 0.079502
vt 0.077961 0.079544
vt 0.077983 0.079576
vt 0.078007 0.079610
vt 0.078033 0.079635
vt 0.078061 0.079662
vt 0.078089 0.079681
vt 0.078120 0.079704
vt 0.078148 0.079719
vt 0.078179 0.079737
vt 0.078204 0.079750
vt 0.078231 0.079767
vt 0.078249 0.079780
vt 0.078269 0.079797
vt 0.078277 0.079814
vt 0.078286 0.079834
vt 0.078283 0.079858
vt 0.077694 0.079422
vt 0.000598 0.000468
vt 0.051215 0.053043
vt 0.051209 0.053063
vt 0.000598 0.000469
vt 0.000598 0.000469
vt 0.051228 0.053005
vt 0.051222 0.053025
vt 0.000598 0.000469
vt 0.051237 0.052969
vt 0.051233 0.052988
vt 0.000598 0.000469
vt 0.051239 0.052936
vt 0.051238 0.052954
vt 0.051230 0.052904
vt 0.051235 0.052921
vt 0.051209 0.052873
vt 0.051220 0.052890
vt 0.051174 0.052839
vt 0.051192 0.052857
vt 0.000598 0.000469
vt 0.000598 0.000469
vt 0.051125 0.052801
vt 0.051151 0.052821
vt 0.000598 0.000469
vt 0.000598 0.000469
vt 0.051064 0.052761
vt 0.051096 0.052782
vt 0.000598 0.000469
vt 0.000598 0.000469
vt 0.050995 0.052718
vt 0.051031 0.052740
vt 0.000598 0.000469
vt 0.000598 0.000468
vt 0.050925 0.052677
vt 0.050961 0.052697
vt 0.000598 0.000468
vt 0.000598 0.000468
vt 0.050893 0.052656
vt 0.000598 0.000468
vt 0.000598 0.000468
vt 0.050836 0.052621
vt 0.000598 0.000468
vt 0.000598 0.000468
vt 0.050798 0.052591
vt 0.051211 0.053087
vt 0.000598 0.000468
vt 0.000598 0.000468
vt 0.050784 0.052569
vt 0.051205 0.053138
vt 0.051207 0.053126
vt 0.000598 0.000468
vt 0.050797 0.052555
vt 0.051197 0.053150
vt 0.051200 0.053147
vt 0.050832 0.052549
vt 0.051193 0.053146
vt 0.051193 0.053151
vt 0.050882 0.052555
vt 0.051192 0.053128
vt 0.051190 0.053139
vt 0.000598 0.000468
vt 0.050940 0.052579
vt 0.051198 0.053099
vt 0.051193 0.053115
vt 0.000598 0.000468
vt 0.051000 0.052621
vt 0.051202 0.053081
vt 0.000598 0.000468
vt 0.051057 0.052683
vt 0.000597 0.000468
vt 0.051109 0.052758
vt 0.000597 0.000468
vt 0.051151 0.052840
vt 0.000597 0.000468
vt 0.051183 0.052922
vt 0.000598 0.000468
vt 0.051202 0.052998
vt 0.000598 0.000468
vt 0.051211 0.053061
vt 0.000598 0.000468
vt 0.000598 0.000468
vt 0.000598 0.000468
vt 0.000598 0.000469
vt 0.000598 0.000469
vt 0.000598 0.000469
vt 0.050861 0.052639
vt 0.000598 0.000469
vt 0.050812 0.052606
vt 0.000598 0.000468
vt 0.050786 0.052581
vt 0.000598 0.000468
vt 0.050786 0.052562
vt 0.050811 0.052551
vt 0.050856 0.052550
vt 0.050911 0.052564
vt 0.000598 0.000468
vt 0.050972 0.052596
vt 0.000598 0.000468
vt 0.051031 0.052648
vt 0.000598 0.000468
vt 0.051086 0.052718
vt 0.000597 0.000468
vt 0.051132 0.052798
vt 0.000597 0.000468
vt 0.051169 0.052881
vt 0.051194 0.052961
vt 0.051208 0.053031
vt 0.051210 0.053108
vt 0.000598 0.000469
vt 0.000598 0.000469
vt 0.000594 0.000465
vt 0.000594 0.000465
vt 0.050919 0.053365
vt 0.000599 0.000470
vt 0.000595 0.000465
vt 0.000595 0.000465
vt 0.050711 0.053190
vt 0.000599 0.000470
vt 0.000595 0.000466
vt 0.000595 0.000466
vt 0.050519 0.053006
vt 0.000599 0.000469
vt 0.000596 0.000467
vt 0.000596 0.000466
vt 0.050353 0.052818
vt 0.000599 0.000469
vt 0.050224 0.052630
vt 0.000599 0.000469
vt 0.050137 0.052446
vt 0.000600 0.000469
vt 0.050097 0.052273
vt 0.000600 0.000468
vt 0.050101 0.052196
vt 0.050106 0.052118
vt 0.000599 0.000468
vt 0.050135 0.052053
vt 0.050166 0.051988
vt 0.000599 0.000468
vt 0.050219 0.051939
vt 0.050273 0.051891
vt 0.000598 0.000467
vt 0.000598 0.000467
vt 0.050348 0.051860
vt 0.050422 0.051831
vt 0.000597 0.000467
vt 0.000597 0.000467
vt 0.050515 0.051823
vt 0.050605 0.051817
vt 0.000596 0.000466
vt 0.000597 0.000466
vt 0.050710 0.051832
vt 0.050813 0.051852
vt 0.000596 0.000465
vt 0.000596 0.000466
vt 0.050924 0.051892
vt 0.051032 0.051937
vt 0.000595 0.000465
vt 0.000595 0.000465
vt 0.000595 0.000465
vt 0.000595 0.000465
vt 0.051145 0.052002
vt 0.051253 0.052071
vt 0.000594 0.000464
vt 0.000594 0.000464
vt 0.051360 0.052159
vt 0.051463 0.052251
vt 0.051561 0.052357
vt 0.051654 0.052467
vt 0.000594 0.000464
vt 0.000594 0.000464
vt 0.051820 0.052708
vt 0.000594 0.000464
vt 0.000594 0.000464
vt 0.051958 0.052960
vt 0.000594 0.000464
vt 0.000594 0.000464
vt 0.051238 0.053605
vt 0.052066 0.053209
vt 0.000594 0.000465
vt 0.051025 0.053449
vt 0.052146 0.053440
vt 0.050813 0.053280
vt 0.052199 0.053643
vt 0.050613 0.053101
vt 0.052223 0.053808
vt 0.050434 0.052915
vt 0.052219 0.053930
vt 0.000597 0.000467
vt 0.000596 0.000467
vt 0.050287 0.052726
vt 0.052184 0.054009
vt 0.000597 0.000468
vt 0.000597 0.000468
vt 0.050179 0.052539
vt 0.052117 0.054043
vt 0.000598 0.000469
vt 0.000598 0.000468
vt 0.050115 0.052360
vt 0.052018 0.054036
vt 0.000598 0.000469
vt 0.000598 0.000469
vt 0.051888 0.053991
vt 0.000598 0.000469
vt 0.000598 0.000469
vt 0.051730 0.053913
vt 0.000598 0.000470
vt 0.000598 0.000470
vt 0.051547 0.053807
vt 0.000598 0.000470
vt 0.000598 0.000470
vt 0.051346 0.053678
vt 0.000598 0.000470
vt 0.000599 0.000470
vt 0.000599 0.000469
vt 0.000599 0.000469
vt 0.000599 0.000469
vt 0.000599 0.000469
vt 0.051739 0.052585
vt 0.000600 0.000469
vt 0.051891 0.052832
vt 0.000599 0.000468
vt 0.052014 0.053083
vt 0.000599 0.000468
vt 0.052108 0.053323
vt 0.000599 0.000468
vt 0.052174 0.053540
vt 0.052212 0.053724
vt 0.052221 0.053868
vt 0.052201 0.053969
vt 0.052150 0.054025
vt 0.052067 0.054039
vt 0.051952 0.054014
vt 0.051808 0.053953
vt 0.051637 0.053861
vt 0.051445 0.053744
vt 0.051134 0.053529
vt 0.000758 0.000675
vt 0.000776 0.000677
vt 0.000743 0.000794
vt 0.000783 0.000777
vt 0.000775 0.000786
vt 0.000752 0.000745
vt 0.000759 0.000725
vt 0.000788 0.000683
vt 0.000800 0.000688
vt 0.000768 0.000792
vt 0.000760 0.000798
vt 0.000765 0.000705
vt 0.000773 0.000683
vt 0.000754 0.000800
vt 0.000748 0.000801
vt 0.000780 0.000660
vt 0.000786 0.000637
vt 0.000746 0.000798
vt 0.000791 0.000614
vt 0.000793 0.000592
vt 0.000744 0.000784
vt 0.000744 0.000775
vt 0.000794 0.000570
vt 0.000790 0.000552
vt 0.000749 0.000760
vt 0.000784 0.000533
vt 0.000773 0.000519
vt 0.000761 0.000504
vt 0.000742 0.000494
vt 0.000722 0.000483
vt 0.000697 0.000476
vt 0.000670 0.000469
vt 0.000638 0.000464
vt 0.000606 0.000459
vt 0.000571 0.000455
vt 0.000534 0.000449
vt 0.000497 0.000444
vt 0.000458 0.000437
vt 0.000420 0.000428
vt 0.000427 0.000465
vt 0.000437 0.000498
vt 0.000446 0.000531
vt 0.000458 0.000557
vt 0.000470 0.000584
vt 0.000487 0.000604
vt 0.000503 0.000623
vt 0.000524 0.000636
vt 0.000544 0.000649
vt 0.000569 0.000656
vt 0.000806 0.000696
vt 0.000593 0.000663
vt 0.000619 0.000666
vt 0.000811 0.000703
vt 0.000812 0.000714
vt 0.000645 0.000669
vt 0.000670 0.000670
vt 0.000812 0.000723
vt 0.000809 0.000735
vt 0.000695 0.000670
vt 0.000718 0.000672
vt 0.000805 0.000746
vt 0.000798 0.000757
vt 0.000740 0.000672
vt 0.000791 0.000768
vt 0.023488 0.096551
vt 0.791073 0.377976
vt 0.548279 0.001864
vt 0.299242 0.000512
vt 0.326503 0.135917
s 0
usemtl マテリアル
f 2/1/1 3/2/1 1/3/1
f 4/4/2 5/5/2 3/2/2
f 6/6/3 7/7/3 5/5/3
f 8/8/4 9/9/4 7/7/4
f 10/10/5 11/11/5 9/9/5
f 12/12/6 13/13/6 11/11/6
f 14/14/7 15/15/7 13/13/7
f 16/16/8 17/17/8 15/15/8
f 18/18/9 19/19/9 17/17/9
f 20/20/10 21/21/10 19/19/10
f 22/22/11 23/23/11 21/21/11
f 24/24/12 25/25/12 23/23/12
f 26/26/13 27/27/13 25/25/13
f 28/28/14 29/29/14 27/27/14
f 30/30/15 31/31/15 29/29/15
f 32/32/16 33/33/16 31/31/16
f 34/34/17 35/35/17 33/33/17
f 36/36/18 37/37/18 35/35/18
f 38/38/19 39/39/19 37/37/19
f 40/40/20 41/41/20 39/39/20
f 41/41/21 44/42/21 43/43/21
f 43/43/22 46/44/22 45/45/22
f 46/44/23 47/46/23 45/45/23
f 48/47/24 49/48/24 47/46/24
f 50/49/25 51/50/25 49/48/25
f 52/51/26 53/52/26 51/50/26
f 54/53/27 55/54/27 53/52/27
f 56/55/28 57/56/28 55/54/28
f 58/57/29 59/58/29 57/56/29
f 60/59/30 61/60/30 59/58/30
f 38/38/31 22/22/31 6/6/31
f 62/61/32 63/62/32 61/60/32
f 64/63/33 1/3/33 63/62/33
f 31/31/34 47/46/34 63/62/34
f 66/64/35 67/65/35 65/66/35
f 68/67/36 69/68/36 67/65/36
f 70/69/37 71/70/37 69/68/37
f 72/71/38 73/72/38 71/70/38
f 74/73/39 75/74/39 73/72/39
f 76/75/40 77/76/40 75/74/40
f 78/77/41 79/78/41 77/76/41
f 80/79/42 81/80/42 79/78/42
f 82/81/43 83/82/43 81/80/43
f 84/83/44 85/84/44 83/82/44
f 86/85/45 87/86/45 85/84/45
f 88/87/46 89/88/46 87/86/46
f 90/89/47 91/90/47 89/88/47
f 92/91/48 93/92/48 91/90/48
f 94/93/49 95/94/49 93/92/49
f 96/95/50 97/96/50 95/94/50
f 98/97/51 99/98/51 97/96/51
f 100/99/52 101/100/52 99/98/52
f 102/101/53 103/102/53 101/100/53
f 104/103/54 105/104/54 103/102/54
f 106/105/55 107/106/55 105/104/55
f 108/107/56 109/108/56 107/106/56
f 110/109/57 111/110/57 109/108/57
f 112/111/58 113/112/58 111/110/58
f 114/113/59 115/114/59 113/112/59
f 116/115/60 117/116/60 115/114/60
f 118/117/61 119/118/61 117/116/61
f 120/119/62 121/120/62 119/118/62
f 122/121/63 123/122/63 121/120/63
f 124/123/64 125/124/64 123/122/64
f 102/101/31 86/85/31 70/69/31
f 126/125/65 127/126/65 125/124/65
f 128/127/66 65/66/66 127/126/66
f 95/94/34 111/110/34 127/126/34
f 130/128/35 131/129/35 129/130/35
f 132/131/36 133/132/36 131/129/36
f 134/133/37 135/134/37 133/132/37
f 136/135/38 137/136/38 135/134/38
f 138/137/39 139/138/39 137/136/39
f 140/139/40 141/140/40 139/138/40
f 142/141/41 143/142/41 141/140/41
f 144/143/42 145/144/42 143/142/42
f 146/145/43 147/146/43 145/144/43
f 148/147/44 149/148/44 147/146/44
f 150/149/45 151/150/45 149/148/45
f 152/151/46 153/152/46 151/150/46
f 154/153/47 155/154/47 153/152/47
f 156/155/48 157/156/48 155/154/48
f 158/157/49 159/158/49 157/156/49
f 160/159/50 161/160/50 159/158/50
f 162/161/51 163/162/51 161/160/51
f 164/163/52 165/164/52 163/162/52
f 166/165/53 167/166/53 165/164/53
f 168/167/54 169/168/54 167/166/54
f 170/169/55 171/170/55 169/168/55
f 172/171/56 173/172/56 171/170/56
f 174/173/57 175/174/57 173/172/57
f 176/175/58 177/176/58 175/174/58
f 178/177/59 179/178/59 177/176/59
f 180/179/60 181/180/60 179/178/60
f 182/181/61 183/182/61 181/180/61
f 184/183/62 185/184/62 183/182/62
f 186/185/63 187/186/63 185/184/63
f 188/187/64 189/188/64 187/186/64
f 166/165/31 150/149/31 134/133/31
f 190/189/65 191/190/65 189/188/65
f 192/191/66 129/130/66 191/190/66
f 159/158/34 175/174/34 191/190/34
f 194/192/67 195/193/67 193/194/67
f 196/195/68 197/196/68 195/193/68
f 198/197/69 199/198/69 197/196/69
f 200/199/70 201/200/70 199/198/70
f 202/201/71 203/202/71 201/200/71
f 204/203/72 205/204/72 203/202/72
f 206/205/73 207/206/73 205/204/73
f 208/207/74 209/207/74 207/206/74
f 210/208/75 211/209/75 209/207/75
f 212/210/76 213/211/76 211/209/76
f 214/212/77 215/213/77 213/211/77
f 216/214/78 217/215/78 215/213/78
f 218/216/79 219/217/79 217/215/79
f 220/218/80 221/219/80 219/217/80
f 222/220/81 223/221/81 221/219/81
f 224/222/82 225/223/82 223/221/82
f 226/224/83 227/225/83 225/223/83
f 228/226/84 229/227/84 227/225/84
f 230/228/85 231/229/85 229/227/85
f 232/230/86 233/231/86 231/229/86
f 234/232/87 235/233/87 233/231/87
f 236/234/88 237/235/88 235/233/88
f 238/236/89 239/237/89 237/235/89
f 240/238/90 241/239/90 239/237/90
f 242/240/91 243/241/91 241/239/91
f 244/242/92 245/243/92 243/241/92
f 246/244/93 247/245/93 245/243/93
f 248/246/94 249/247/94 247/245/94
f 250/248/95 251/249/95 249/247/95
f 252/250/96 253/251/96 251/249/96
f 230/228/31 214/212/31 198/197/31
f 254/252/97 255/253/97 253/251/97
f 256/254/98 193/194/98 255/253/98
f 223/221/34 239/237/34 255/253/34
f 265/255/99 259/256/99 257/257/99
f 259/256/100 266/258/100 263/259/100
f 268/260/101 260/261/101 261/262/101
f 260/263/102 264/264/102 262/265/102
f 263/259/103 262/265/103 257/257/103
f 264/264/102 257/257/102 262/265/102
f 266/258/100 261/262/100 263/259/100
f 276/266/104 261/262/104 260/261/104
f 266/258/105 273/267/105 268/260/105
f 269/268/106 272/269/106 275/270/106
f 269/268/107 274/271/107 266/258/107
f 268/260/108 270/272/108 267/273/108
f 264/264/109 272/269/109 265/255/109
f 264/264/110 270/274/110 271/275/110
f 274/271/111 275/270/111 258/276/111
f 270/272/112 273/267/112 258/276/112
f 272/269/113 271/275/113 258/276/113
f 273/267/114 274/271/114 258/276/114
f 271/275/115 270/274/115 258/276/115
f 275/270/116 272/269/116 258/276/116
f 285/277/117 279/278/117 277/279/117
f 279/278/100 286/280/100 283/281/100
f 288/282/118 280/283/118 281/284/118
f 280/285/102 284/286/102 282/287/102
f 283/281/34 277/279/34 279/278/34
f 284/286/102 277/279/102 282/287/102
f 286/280/100 281/284/100 283/281/100
f 283/281/34 280/283/34 282/287/34
f 286/280/105 293/288/105 288/282/105
f 289/289/106 292/290/106 295/291/106
f 289/289/107 294/292/107 286/280/107
f 288/282/108 290/293/108 287/294/108
f 284/286/109 292/290/109 285/277/109
f 284/286/110 290/295/110 291/296/110
f 294/292/119 295/291/119 278/297/119
f 290/293/120 293/288/120 278/297/120
f 292/290/121 291/296/121 278/297/121
f 293/288/122 294/292/122 278/297/122
f 291/296/123 290/295/123 278/297/123
f 295/291/124 292/290/124 278/297/124
f 297/298/35 298/299/35 296/300/35
f 299/301/36 300/302/36 298/299/36
f 301/303/37 302/304/37 300/302/37
f 303/305/38 304/306/38 302/304/38
f 305/307/39 306/308/39 304/306/39
f 307/309/40 308/310/40 306/308/40
f 309/311/41 310/312/41 308/310/41
f 311/313/42 312/314/42 310/312/42
f 313/315/43 314/316/43 312/314/43
f 315/317/44 316/318/44 314/319/44
f 317/320/45 318/321/45 316/318/45
f 319/322/46 320/323/46 318/321/46
f 321/324/47 322/325/47 320/323/47
f 323/326/48 324/327/48 322/325/48
f 325/328/49 326/329/49 324/327/49
f 327/330/50 328/331/50 326/329/50
f 329/332/51 330/333/51 328/331/51
f 331/334/52 332/335/52 330/333/52
f 333/336/53 334/337/53 332/335/53
f 335/338/54 336/339/54 334/337/54
f 337/340/55 338/341/55 336/339/55
f 339/342/56 340/343/56 338/341/56
f 341/344/57 342/345/57 340/343/57
f 343/346/58 344/347/58 342/345/58
f 345/348/59 346/349/59 344/347/59
f 347/350/60 348/351/60 346/349/60
f 349/352/61 350/353/61 348/351/61
f 351/354/62 352/355/62 350/353/62
f 353/356/63 354/357/63 352/355/63
f 355/358/64 356/359/64 354/357/64
f 321/324/125 371/360/125 372/361/125
f 357/362/65 358/363/65 356/359/65
f 359/364/66 296/300/66 358/363/66
f 306/308/126 463/365/126 462/366/126
f 367/367/31 398/368/31 399/369/31
f 337/340/127 381/370/127 339/342/127
f 355/358/128 390/371/128 357/362/128
f 311/313/129 368/372/129 313/315/129
f 331/334/130 376/373/130 377/374/130
f 347/350/131 386/375/131 349/352/131
f 303/305/132 364/376/132 305/307/132
f 321/324/133 373/377/133 323/326/133
f 339/342/134 382/378/134 341/344/134
f 357/362/135 391/379/135 359/364/135
f 313/315/136 369/380/136 315/381/136
f 331/334/137 378/382/137 333/336/137
f 349/352/138 387/383/138 351/354/138
f 305/307/139 365/384/139 307/309/139
f 323/326/140 374/385/140 325/328/140
f 341/344/141 383/386/141 343/346/141
f 297/298/142 360/387/142 299/301/142
f 297/298/143 391/379/143 361/388/143
f 315/317/144 370/389/144 317/320/144
f 335/338/145 378/382/145 379/390/145
f 351/354/146 388/391/146 353/356/146
f 309/311/147 365/384/147 366/392/147
f 327/330/148 374/385/148 375/393/148
f 345/348/149 383/386/149 384/394/149
f 299/301/150 362/395/150 301/303/150
f 317/320/151 371/360/151 319/322/151
f 335/338/152 380/396/152 337/340/152
f 353/356/153 389/397/153 355/358/153
f 309/311/154 367/367/154 311/313/154
f 327/330/155 376/373/155 329/332/155
f 345/348/156 385/398/156 347/350/156
f 301/303/157 363/399/157 303/305/157
f 402/400/158 433/401/158 434/402/158
f 381/370/31 412/403/31 413/404/31
f 368/372/31 399/369/31 400/405/31
f 382/378/31 413/404/31 414/406/31
f 369/380/31 400/405/31 401/407/31
f 383/386/31 414/406/31 415/408/31
f 370/389/31 401/407/31 402/400/31
f 384/394/31 415/408/31 416/409/31
f 371/360/31 402/400/31 403/410/31
f 385/398/31 416/409/31 417/411/31
f 372/361/31 403/410/31 404/412/31
f 386/375/31 417/411/31 418/413/31
f 373/377/31 404/412/31 405/414/31
f 387/383/31 418/413/31 419/415/31
f 374/385/31 405/414/31 406/416/31
f 360/387/31 393/417/31 392/418/31
f 388/391/31 419/415/31 420/419/31
f 375/393/31 406/416/31 407/420/31
f 362/395/31 392/418/31 394/421/31
f 389/397/31 420/419/31 421/422/31
f 376/373/31 407/420/31 408/423/31
f 363/399/31 394/421/31 395/424/31
f 390/371/31 421/422/31 422/425/31
f 377/374/31 408/423/31 409/426/31
f 364/376/31 395/424/31 396/427/31
f 391/379/31 422/425/31 423/428/31
f 378/382/31 409/426/31 410/429/31
f 365/384/31 396/427/31 397/430/31
f 361/388/31 423/428/31 393/417/31
f 379/390/31 410/429/31 411/431/31
f 366/392/31 397/430/31 398/368/31
f 380/396/31 411/431/31 412/403/31
f 437/432/159 436/433/159 456/434/159
f 415/408/160 448/435/160 416/409/160
f 402/400/161 435/436/161 403/410/161
f 416/409/162 449/437/162 417/411/162
f 403/410/163 436/433/163 404/412/163
f 418/413/164 449/437/164 450/438/164
f 404/412/165 437/432/165 405/414/165
f 419/415/166 450/438/166 451/439/166
f 405/414/167 438/440/167 406/416/167
f 393/417/168 424/441/168 392/418/168
f 419/415/169 452/442/169 420/419/169
f 406/416/170 439/443/170 407/420/170
f 392/418/171 426/444/171 394/421/171
f 420/419/172 453/445/172 421/422/172
f 407/420/173 440/446/173 408/423/173
f 394/421/174 427/447/174 395/424/174
f 422/425/175 453/445/175 454/448/175
f 408/423/176 441/449/176 409/426/176
f 396/427/177 427/447/177 428/450/177
f 422/425/178 455/451/178 423/428/178
f 409/426/179 442/452/179 410/429/179
f 396/427/180 429/453/180 397/430/180
f 393/417/181 455/451/181 425/454/181
f 410/429/182 443/455/182 411/431/182
f 397/430/183 430/456/183 398/368/183
f 411/431/184 444/457/184 412/403/184
f 398/368/185 431/458/185 399/369/185
f 412/403/186 445/459/186 413/404/186
f 399/369/187 432/460/187 400/405/187
f 413/404/188 446/461/188 414/406/188
f 401/407/189 432/460/189 433/401/189
f 414/406/190 447/462/190 415/408/190
f 451/439/191 450/438/191 456/434/191
f 438/440/192 437/432/192 456/434/192
f 424/441/193 425/454/193 456/434/193
f 452/442/194 451/439/194 456/434/194
f 439/443/195 438/440/195 456/434/195
f 426/444/196 424/441/196 456/434/196
f 453/445/197 452/442/197 456/434/197
f 440/446/198 439/443/198 456/434/198
f 427/447/199 426/444/199 456/434/199
f 454/448/200 453/445/200 456/434/200
f 441/449/201 440/446/201 456/434/201
f 428/450/202 427/447/202 456/434/202
f 455/451/203 454/448/203 456/434/203
f 442/452/204 441/449/204 456/434/204
f 429/453/205 428/450/205 456/434/205
f 425/454/206 455/451/206 456/434/206
f 443/455/207 442/452/207 456/434/207
f 430/456/208 429/453/208 456/434/208
f 444/457/209 443/455/209 456/434/209
f 431/458/210 430/456/210 456/434/210
f 445/459/211 444/457/211 456/434/211
f 432/460/212 431/458/212 456/434/212
f 446/461/213 445/459/213 456/434/213
f 433/401/214 432/460/214 456/434/214
f 447/462/215 446/461/215 456/434/215
f 434/402/216 433/401/216 456/434/216
f 448/435/217 447/462/217 456/434/217
f 435/436/218 434/402/218 456/434/218
f 449/437/219 448/435/219 456/434/219
f 436/433/220 435/436/220 456/434/220
f 450/438/221 449/437/221 456/434/221
f 484/463/222 515/464/222 483/465/222
f 326/329/223 471/466/223 324/327/223
f 344/347/224 480/467/224 342/345/224
f 300/302/225 458/468/225 298/299/225
f 318/321/226 467/469/226 316/318/226
f 336/339/227 476/470/227 334/337/227
f 352/355/228 486/471/228 485/472/228
f 308/310/229 464/473/229 463/365/229
f 328/331/230 472/474/230 326/329/230
f 346/349/231 481/475/231 344/347/231
f 302/304/232 459/476/232 300/302/232
f 320/323/233 468/477/233 318/321/233
f 338/341/234 477/478/234 336/339/234
f 356/359/235 486/471/235 354/357/235
f 312/314/236 464/473/236 310/312/236
f 330/333/237 473/479/237 328/331/237
f 348/351/238 482/480/238 346/349/238
f 302/304/239 461/481/239 460/482/239
f 322/325/240 469/483/240 320/323/240
f 340/343/241 478/484/241 338/341/241
f 358/363/242 487/485/242 356/359/242
f 314/316/243 465/486/243 312/314/243
f 332/335/244 474/487/244 330/333/244
f 350/353/245 483/465/245 348/351/245
f 306/308/246 461/481/246 304/306/246
f 324/327/247 470/488/247 322/325/247
f 342/345/248 479/489/248 340/343/248
f 298/299/249 457/490/249 296/300/249
f 296/300/250 488/491/250 358/363/250
f 316/318/251 466/492/251 314/319/251
f 334/337/252 475/493/252 332/335/252
f 352/355/253 484/463/253 350/353/253
f 518/494/254 519/495/254 521/496/254
f 471/466/255 502/497/255 470/488/255
f 458/468/256 489/498/256 457/490/256
f 484/463/257 517/499/257 516/500/257
f 472/474/258 503/501/258 471/466/258
f 459/476/259 490/502/259 458/468/259
f 485/472/260 518/494/260 517/499/260
f 473/479/261 504/503/261 472/474/261
f 459/476/262 492/504/262 491/505/262
f 487/485/263 518/494/263 486/471/263
f 474/487/264 505/506/264 473/479/264
f 460/482/265 493/507/265 492/504/265
f 488/491/266 519/495/266 487/485/266
f 475/493/267 506/508/267 474/487/267
f 462/366/268 493/507/268 461/481/268
f 457/490/269 520/509/269 488/491/269
f 475/493/270 508/510/270 507/511/270
f 463/365/271 494/512/271 462/366/271
f 476/470/272 509/513/272 508/510/272
f 463/365/273 496/514/273 495/515/273
f 478/484/274 509/513/274 477/478/274
f 465/486/275 496/514/275 464/473/275
f 479/489/276 510/516/276 478/484/276
f 465/486/277 498/517/277 497/518/277
f 479/489/278 512/519/278 511/520/278
f 467/469/279 498/521/279 466/492/279
f 481/475/280 512/519/280 480/467/280
f 468/477/281 499/522/281 467/469/281
f 482/480/282 513/523/282 481/475/282
f 468/477/283 501/524/283 500/525/283
f 483/465/284 514/526/284 482/480/284
f 470/488/285 501/524/285 469/483/285
f 505/506/286 506/508/286 521/496/286
f 492/504/287 493/507/287 521/496/287
f 519/495/288 520/509/288 521/496/288
f 506/508/289 507/511/289 521/496/289
f 493/507/290 494/512/290 521/496/290
f 520/509/291 489/498/291 521/496/291
f 507/511/292 508/510/292 521/496/292
f 494/512/293 495/515/293 521/496/293
f 508/510/294 509/513/294 521/496/294
f 495/515/295 496/514/295 521/496/295
f 509/513/296 510/516/296 521/496/296
f 496/514/297 497/518/297 521/496/297
f 510/516/298 511/520/298 521/496/298
f 497/518/299 498/517/299 521/496/299
f 511/520/300 512/519/300 521/496/300
f 498/521/301 499/522/301 521/496/301
f 512/519/302 513/523/302 521/496/302
f 499/522/303 500/525/303 521/496/303
f 513/523/304 514/526/304 521/496/304
f 500/525/305 501/524/305 521/496/305
f 514/526/306 515/464/306 521/496/306
f 501/524/307 502/497/307 521/496/307
f 515/464/308 516/500/308 521/496/308
f 502/497/309 503/501/309 521/496/309
f 489/498/310 490/502/310 521/496/310
f 516/500/311 517/499/311 521/496/311
f 503/501/312 504/503/312 521/496/312
f 490/502/313 491/505/313 521/496/313
f 517/499/314 518/494/314 521/496/314
f 504/503/315 505/506/315 521/496/315
f 491/505/316 492/504/316 521/496/316
f 523/527/35 524/528/35 522/529/35
f 525/530/36 526/531/36 524/528/36
f 527/532/37 528/533/37 526/531/37
f 529/534/38 530/535/38 528/533/38
f 531/536/39 532/537/39 530/535/39
f 533/538/40 534/539/40 532/537/40
f 535/540/41 536/541/41 534/539/41
f 537/542/42 538/543/42 536/544/42
f 539/545/43 540/546/43 538/543/43
f 541/547/44 542/548/44 540/546/44
f 543/549/45 544/550/45 542/548/45
f 545/551/46 546/552/46 544/550/46
f 547/553/47 548/554/47 546/552/47
f 549/555/48 550/556/48 548/554/48
f 551/557/49 552/558/49 550/556/49
f 553/559/50 554/560/50 552/558/50
f 555/561/51 556/562/51 554/560/51
f 557/563/52 558/564/52 556/562/52
f 559/565/53 560/566/53 558/564/53
f 561/567/54 562/568/54 560/566/54
f 563/569/55 564/570/55 562/568/55
f 565/571/56 566/572/56 564/570/56
f 567/573/57 568/574/57 566/572/57
f 569/575/58 570/576/58 568/574/58
f 571/577/59 572/578/59 570/576/59
f 573/579/60 574/580/60 572/578/60
f 575/581/61 576/582/61 574/580/61
f 577/583/62 578/584/62 576/582/62
f 579/585/63 580/586/63 578/584/63
f 581/587/64 582/588/64 580/586/64
f 547/553/125 597/589/125 598/590/125
f 583/591/65 584/592/65 582/588/65
f 585/593/66 522/529/66 584/592/66
f 534/539/126 688/594/126 532/537/126
f 593/595/31 624/596/31 625/597/31
f 563/569/127 607/598/127 565/571/127
f 581/587/128 616/599/128 583/591/128
f 537/542/129 594/600/129 539/545/129
f 555/561/130 603/601/130 557/563/130
f 575/581/131 611/602/131 612/603/131
f 529/534/132 590/604/132 531/536/132
f 547/553/133 599/605/133 549/555/133
f 565/571/134 608/606/134 567/573/134
f 583/591/135 617/607/135 585/593/135
f 539/545/136 595/608/136 541/547/136
f 557/563/137 604/609/137 559/565/137
f 575/581/138 613/610/138 577/583/138
f 531/536/139 591/611/139 533/538/139
f 549/555/140 600/612/140 551/557/140
f 567/573/141 609/613/141 569/575/141
f 523/527/142 586/614/142 525/530/142
f 585/593/143 587/615/143 523/527/143
f 541/547/144 596/616/144 543/549/144
f 559/565/145 605/617/145 561/567/145
f 577/583/146 614/618/146 579/585/146
f 533/538/147 592/619/147 535/540/147
f 551/557/148 601/620/148 553/559/148
f 571/577/149 609/613/149 610/621/149
f 525/530/150 588/622/150 527/532/150
f 543/549/151 597/589/151 545/551/151
f 561/567/152 606/623/152 563/569/152
f 581/587/153 614/618/153 615/624/153
f 537/625/154 592/619/154 593/595/154
f 553/559/155 602/626/155 555/561/155
f 571/577/156 611/602/156 573/579/156
f 529/534/157 588/622/157 589/627/157
f 627/628/158 660/629/158 628/630/158
f 607/598/31 638/631/31 639/632/31
f 594/600/31 625/597/31 626/633/31
f 608/606/31 639/632/31 640/634/31
f 595/608/31 626/633/31 627/628/31
f 609/613/31 640/634/31 641/635/31
f 596/616/31 627/628/31 628/630/31
f 610/621/31 641/635/31 642/636/31
f 597/589/31 628/630/31 629/637/31
f 611/602/31 642/636/31 643/638/31
f 598/590/31 629/637/31 630/639/31
f 612/603/31 643/638/31 644/640/31
f 599/605/31 630/639/31 631/641/31
f 613/610/31 644/640/31 645/642/31
f 600/612/31 631/641/31 632/643/31
f 586/614/31 619/644/31 618/645/31
f 614/618/31 645/642/31 646/646/31
f 601/620/31 632/643/31 633/647/31
f 588/622/31 618/645/31 620/648/31
f 615/624/31 646/646/31 647/649/31
f 602/626/31 633/647/31 634/650/31
f 589/627/31 620/648/31 621/651/31
f 616/599/31 647/649/31 648/652/31
f 603/601/31 634/650/31 635/653/31
f 590/604/31 621/651/31 622/654/31
f 617/607/31 648/652/31 649/655/31
f 604/609/31 635/653/31 636/656/31
f 591/611/31 622/654/31 623/657/31
f 587/615/31 649/655/31 619/644/31
f 605/617/31 636/656/31 637/658/31
f 592/619/31 623/657/31 624/596/31
f 606/623/31 637/658/31 638/631/31
f 663/659/159 662/660/159 682/661/159
f 641/635/160 674/662/160 642/636/160
f 629/637/161 660/629/161 661/663/161
f 642/636/162 675/664/162 643/638/162
f 629/637/163 662/660/163 630/639/163
f 643/638/164 676/665/164 644/640/164
f 630/639/165 663/659/165 631/641/165
f 645/642/166 676/665/166 677/666/166
f 631/641/167 664/667/167 632/643/167
f 619/644/168 650/668/168 618/645/168
f 645/642/169 678/669/169 646/646/169
f 632/643/170 665/670/170 633/647/170
f 620/648/171 650/668/171 652/671/171
f 646/646/172 679/672/172 647/649/172
f 633/647/173 666/673/173 634/650/173
f 620/648/174 653/674/174 621/651/174
f 647/649/175 680/675/175 648/652/175
f 634/650/176 667/676/176 635/653/176
f 621/651/177 654/677/177 622/654/177
f 648/652/178 681/678/178 649/655/178
f 635/653/179 668/679/179 636/656/179
f 622/654/180 655/680/180 623/657/180
f 619/644/181 681/678/181 651/681/181
f 636/656/182 669/682/182 637/658/182
f 623/657/183 656/683/183 624/596/183
f 637/658/184 670/684/184 638/631/184
f 624/596/185 657/685/185 625/597/185
f 638/631/186 671/686/186 639/632/186
f 626/633/187 657/685/187 658/687/187
f 640/634/188 671/686/188 672/688/188
f 627/628/189 658/687/189 659/689/189
f 640/634/190 673/690/190 641/635/190
f 677/666/191 676/665/191 682/661/191
f 664/667/192 663/659/192 682/661/192
f 650/668/193 651/681/193 682/661/193
f 678/669/194 677/666/194 682/661/194
f 665/670/195 664/667/195 682/661/195
f 652/671/196 650/668/196 682/661/196
f 679/672/197 678/669/197 682/661/197
f 666/673/198 665/670/198 682/661/198
f 653/674/199 652/671/199 682/661/199
f 680/675/200 679/672/200 682/661/200
f 667/676/201 666/673/201 682/661/201
f 654/677/202 653/674/202 682/661/202
f 681/678/203 680/675/203 682/661/203
f 668/679/204 667/676/204 682/661/204
f 655/680/205 654/677/205 682/661/205
f 651/681/206 681/678/206 682/661/206
f 669/682/207 668/679/207 682/661/207
f 656/683/208 655/680/208 682/661/208
f 670/684/209 669/682/209 682/661/209
f 657/685/210 656/683/210 682/661/210
f 671/686/211 670/684/211 682/661/211
f 658/687/212 657/685/212 682/661/212
f 672/688/213 671/686/213 682/661/213
f 659/689/214 658/687/214 682/661/214
f 673/690/215 672/688/215 682/661/215
f 660/629/216 659/689/216 682/661/216
f 674/662/217 673/690/217 682/661/217
f 661/663/218 660/629/218 682/661/218
f 675/664/219 674/662/219 682/661/219
f 662/660/220 661/663/220 682/661/220
f 676/665/221 675/664/221 682/661/221
f 710/691/222 741/692/222 709/693/222
f 552/558/223 697/694/223 550/556/223
f 570/576/224 706/695/224 568/574/224
f 524/528/225 685/696/225 684/697/225
f 544/550/226 693/698/226 542/548/226
f 562/568/227 702/699/227 560/566/227
f 580/586/228 711/700/228 578/584/228
f 534/539/229 690/701/229 689/702/229
f 554/560/230 698/703/230 552/558/230
f 572/578/231 707/704/231 570/576/231
f 528/533/232 685/696/232 526/531/232
f 546/552/233 694/705/233 544/550/233
f 564/570/234 703/706/234 562/568/234
f 582/588/235 712/707/235 580/586/235
f 536/544/236 691/708/236 690/709/236
f 554/560/237 700/710/237 699/711/237
f 574/580/238 708/712/238 572/578/238
f 530/535/239 686/713/239 528/533/239
f 548/554/240 695/714/240 546/552/240
f 566/572/241 704/715/241 564/570/241
f 584/592/242 713/716/242 582/588/242
f 540/546/243 691/708/243 538/543/243
f 558/564/244 700/710/244 556/562/244
f 576/582/245 709/693/245 574/580/245
f 532/537/246 687/717/246 530/535/246
f 550/556/247 696/718/247 548/554/247
f 568/574/248 705/719/248 566/572/248
f 524/528/249 683/720/249 522/529/249
f 522/529/250 714/721/250 584/592/250
f 542/548/251 692/722/251 540/546/251
f 560/566/252 701/723/252 558/564/252
f 578/584/253 710/691/253 576/582/253
f 744/724/254 745/725/254 747/726/254
f 697/694/255 728/727/255 696/718/255
f 684/697/256 715/728/256 683/720/256
f 711/700/257 742/729/257 710/691/257
f 697/694/258 730/730/258 729/731/258
f 685/696/259 716/732/259 684/697/259
f 712/707/260 743/733/260 711/700/260
f 699/711/261 730/730/261 698/703/261
f 686/713/262 717/734/262 685/696/262
f 713/716/263 744/724/263 712/707/263
f 700/710/264 731/735/264 699/711/264
f 687/717/265 718/736/265 686/713/265
f 714/721/266 745/725/266 713/716/266
f 701/723/267 732/737/267 700/710/267
f 688/594/268 719/738/268 687/717/268
f 683/720/269 746/739/269 714/721/269
f 702/699/270 733/740/270 701/723/270
f 689/702/271 720/741/271 688/594/271
f 703/706/272 734/742/272 702/699/272
f 689/702/273 722/743/273 721/744/273
f 704/715/274 735/745/274 703/706/274
f 691/708/275 722/746/275 690/709/275
f 705/719/276 736/747/276 704/715/276
f 692/722/277 723/748/277 691/708/277
f 706/695/278 737/749/278 705/719/278
f 692/722/279 725/750/279 724/751/279
f 707/704/280 738/752/280 706/695/280
f 693/698/281 726/753/281 725/750/281
f 708/712/282 739/754/282 707/704/282
f 695/714/283 726/753/283 694/705/283
f 709/693/284 740/755/284 708/712/284
f 696/718/285 727/756/285 695/714/285
f 731/735/286 732/737/286 747/726/286
f 718/736/287 719/738/287 747/726/287
f 745/725/288 746/739/288 747/726/288
f 732/737/289 733/740/289 747/726/289
f 719/738/290 720/741/290 747/726/290
f 746/739/291 715/728/291 747/726/291
f 733/740/292 734/742/292 747/726/292
f 720/741/293 721/744/293 747/726/293
f 734/742/294 735/745/294 747/726/294
f 721/744/295 722/743/295 747/726/295
f 735/745/296 736/747/296 747/726/296
f 722/746/297 723/748/297 747/726/297
f 736/747/298 737/749/298 747/726/298
f 723/748/299 724/751/299 747/726/299
f 737/749/300 738/752/300 747/726/300
f 724/751/301 725/750/301 747/726/301
f 738/752/302 739/754/302 747/726/302
f 725/750/303 726/753/303 747/726/303
f 739/754/304 740/755/304 747/726/304
f 726/753/305 727/756/305 747/726/305
f 740/755/306 741/692/306 747/726/306
f 727/756/307 728/727/307 747/726/307
f 741/692/308 742/729/308 747/726/308
f 728/727/309 729/731/309 747/726/309
f 715/728/310 716/732/310 747/726/310
f 742/729/311 743/733/311 747/726/311
f 729/731/312 730/730/312 747/726/312
f 716/732/313 717/734/313 747/726/313
f 743/733/314 744/724/314 747/726/314
f 730/730/315 731/735/315 747/726/315
f 717/734/316 718/736/316 747/726/316
f 748/757/317 751/757/317 750/757/317
f 750/757/318 753/757/318 752/757/318
f 752/757/319 755/757/319 754/757/319
f 754/757/320 757/757/320 756/757/320
f 756/757/321 759/757/321 758/757/321
f 758/757/322 761/757/322 760/757/322
f 760/757/323 763/757/323 762/757/323
f 762/757/324 765/757/324 764/757/324
f 765/757/325 766/757/325 764/757/325
f 767/757/326 768/757/326 766/757/326
f 769/757/327 770/757/327 768/757/327
f 771/757/328 772/757/328 770/757/328
f 773/757/329 774/757/329 772/757/329
f 775/757/330 776/757/330 774/757/330
f 777/757/331 778/757/331 776/757/331
f 779/757/332 780/757/332 778/757/332
f 781/757/333 782/757/333 780/757/333
f 783/757/334 784/757/334 782/757/334
f 785/757/335 786/757/335 784/757/335
f 787/757/336 788/757/336 786/757/336
f 789/757/337 790/757/337 788/757/337
f 791/757/338 792/757/338 790/757/338
f 793/757/339 794/757/339 792/757/339
f 795/757/340 796/757/340 794/757/340
f 796/757/341 799/757/341 798/757/341
f 798/757/342 801/757/342 800/757/342
f 800/757/343 803/757/343 802/757/343
f 802/757/344 805/757/344 804/757/344
f 804/757/345 807/757/345 806/757/345
f 806/757/346 809/757/346 808/757/346
f 773/757/347 856/757/347 825/757/347
f 808/757/348 811/757/348 810/757/348
f 810/757/349 749/757/349 748/757/349
f 778/757/350 794/757/350 810/757/350
f 870/757/351 903/757/351 839/757/351
f 791/757/352 865/757/352 834/757/352
f 809/757/353 874/757/353 843/757/353
f 765/757/354 852/757/354 821/757/354
f 783/757/355 861/757/355 830/757/355
f 801/757/356 870/757/356 839/757/356
f 757/757/357 848/757/357 817/757/357
f 775/757/358 857/757/358 826/757/358
f 793/757/359 866/757/359 835/757/359
f 749/757/360 844/757/360 812/757/360
f 811/757/361 875/757/361 813/757/361
f 767/757/362 853/757/362 822/757/362
f 785/757/363 862/757/363 831/757/363
f 803/757/364 871/757/364 840/757/364
f 759/757/365 849/757/365 818/757/365
f 777/757/366 858/757/366 827/757/366
f 795/757/367 867/757/367 836/757/367
f 751/757/368 845/757/368 814/757/368
f 769/757/369 854/757/369 823/757/369
f 787/757/370 863/757/370 832/757/370
f 805/757/371 872/757/371 841/757/371
f 761/757/372 850/757/372 819/757/372
f 779/757/373 859/757/373 828/757/373
f 797/757/374 868/757/374 837/757/374
f 753/757/375 846/757/375 815/757/375
f 771/757/376 855/757/376 824/757/376
f 789/757/377 864/757/377 833/757/377
f 807/757/378 873/757/378 842/757/378
f 763/757/379 851/757/379 820/757/379
f 781/757/380 860/757/380 829/757/380
f 799/757/381 869/757/381 838/757/381
f 755/757/382 847/757/382 816/757/382
f 928/757/31 960/757/31 992/757/31
f 844/757/383 876/757/383 812/757/383
f 856/757/384 888/757/384 920/757/384
f 871/757/385 904/757/385 840/757/385
f 845/757/386 878/757/386 814/757/386
f 857/757/387 889/757/387 921/757/387
f 872/757/388 905/757/388 841/757/388
f 846/757/389 879/757/389 815/757/389
f 858/757/390 890/757/390 922/757/390
f 873/757/391 906/757/391 842/757/391
f 847/757/392 880/757/392 816/757/392
f 859/757/393 891/757/393 923/757/393
f 874/757/394 907/757/394 843/757/394
f 848/757/395 881/757/395 817/757/395
f 860/757/396 892/757/396 924/757/396
f 875/757/397 877/757/397 813/757/397
f 849/757/398 882/757/398 818/757/398
f 861/757/399 893/757/399 925/757/399
f 850/757/400 883/757/400 819/757/400
f 862/757/401 894/757/401 926/757/401
f 851/757/402 884/757/402 820/757/402
f 863/757/403 895/757/403 927/757/403
f 821/757/404 916/757/404 885/757/404
f 864/757/405 896/757/405 928/757/405
f 822/757/406 917/757/406 886/757/406
f 865/757/407 897/757/407 929/757/407
f 823/757/408 918/757/408 887/757/408
f 866/757/409 898/757/409 930/757/409
f 824/757/410 919/757/410 888/757/410
f 867/757/411 899/757/411 931/757/411
f 825/757/384 920/757/384 889/757/384
f 836/757/412 932/757/412 868/757/412
f 826/757/387 921/757/387 890/757/387
f 837/757/413 933/757/413 869/757/413
f 827/757/414 922/757/414 891/757/414
f 838/757/415 934/757/415 870/757/415
f 813/757/383 908/757/383 844/757/383
f 828/757/393 923/757/393 892/757/393
f 839/757/385 935/757/385 871/757/385
f 812/757/416 909/757/416 845/757/416
f 829/757/396 924/757/396 893/757/396
f 840/757/388 936/757/388 872/757/388
f 814/757/389 910/757/389 846/757/389
f 830/757/417 925/757/417 894/757/417
f 841/757/391 937/757/391 873/757/391
f 815/757/392 911/757/392 847/757/392
f 831/757/401 926/757/401 895/757/401
f 842/757/418 938/757/418 874/757/418
f 816/757/395 912/757/395 848/757/395
f 832/757/403 927/757/403 896/757/403
f 843/757/397 939/757/397 875/757/397
f 817/757/398 913/757/398 849/757/398
f 833/757/405 928/757/405 897/757/405
f 818/757/400 914/757/400 850/757/400
f 834/757/407 929/757/407 898/757/407
f 819/757/402 915/757/402 851/757/402
f 835/757/409 930/757/409 899/757/409
f 852/757/404 884/757/404 916/757/404
f 836/757/411 931/757/411 900/757/411
f 853/757/406 885/757/406 917/757/406
f 868/757/412 901/757/412 837/757/412
f 854/757/419 886/757/419 918/757/419
f 869/757/413 902/757/413 838/757/413
f 855/757/410 887/757/410 919/757/410
f 995/757/31 1027/757/31 1059/757/31
f 892/757/31 987/757/31 956/757/31
f 929/757/31 961/757/31 993/757/31
f 893/757/31 988/757/31 957/757/31
f 930/757/31 962/757/31 994/757/31
f 894/757/31 989/757/31 958/757/31
f 931/757/31 963/757/31 995/757/31
f 895/757/31 990/757/31 959/757/31
f 932/757/31 964/757/31 996/757/31
f 896/757/31 991/757/31 960/757/31
f 933/757/31 965/757/31 997/757/31
f 897/757/31 992/757/31 961/757/31
f 934/757/31 966/757/31 998/757/31
f 908/757/31 941/757/31 972/757/31
f 898/757/31 993/757/31 962/757/31
f 935/757/31 967/757/31 999/757/31
f 909/757/31 940/757/31 973/757/31
f 899/757/31 994/757/31 963/757/31
f 936/757/31 968/757/31 1000/757/31
f 910/757/31 942/757/31 974/757/31
f 900/757/31 995/757/31 964/757/31
f 937/757/31 969/757/31 1001/757/31
f 911/757/31 943/757/31 975/757/31
f 901/757/31 996/757/31 965/757/31
f 938/757/31 970/757/31 1002/757/31
f 912/757/31 944/757/31 976/757/31
f 902/757/31 997/757/31 966/757/31
f 939/757/31 971/757/31 1003/757/31
f 913/757/31 945/757/31 977/757/31
f 903/757/31 998/757/31 967/757/31
f 876/757/31 972/757/31 940/757/31
f 914/757/31 946/757/31 978/757/31
f 904/757/31 999/757/31 968/757/31
f 878/757/31 973/757/31 942/757/31
f 915/757/31 947/757/31 979/757/31
f 905/757/31 1000/757/31 969/757/31
f 879/757/31 974/757/31 943/757/31
f 916/757/31 948/757/31 980/757/31
f 906/757/31 1001/757/31 970/757/31
f 880/757/31 975/757/31 944/757/31
f 917/757/31 949/757/31 981/757/31
f 907/757/31 1002/757/31 971/757/31
f 881/757/31 976/757/31 945/757/31
f 918/757/31 950/757/31 982/757/31
f 877/757/31 1003/757/31 941/757/31
f 882/757/31 977/757/31 946/757/31
f 919/757/31 951/757/31 983/757/31
f 883/757/31 978/757/31 947/757/31
f 920/757/31 952/757/31 984/757/31
f 884/757/31 979/757/31 948/757/31
f 921/757/31 953/757/31 985/757/31
f 885/757/31 980/757/31 949/757/31
f 922/757/31 954/757/31 986/757/31
f 886/757/31 981/757/31 950/757/31
f 923/757/31 955/757/31 987/757/31
f 887/757/31 982/757/31 951/757/31
f 924/757/31 956/757/31 988/757/31
f 888/757/31 983/757/31 952/757/31
f 925/757/31 957/757/31 989/757/31
f 889/757/31 984/757/31 953/757/31
f 926/757/31 958/757/31 990/757/31
f 890/757/31 985/757/31 954/757/31
f 927/757/31 959/757/31 991/757/31
f 891/757/31 986/757/31 955/757/31
f 1021/757/420 1116/757/420 1085/757/420
f 959/757/31 1054/757/31 1023/757/31
f 996/757/31 1028/757/31 1060/757/31
f 960/757/31 1055/757/31 1024/757/31
f 997/757/31 1029/757/31 1061/757/31
f 961/757/31 1056/757/31 1025/757/31
f 998/757/31 1030/757/31 1062/757/31
f 972/757/31 1005/757/31 1036/757/31
f 962/757/31 1057/757/31 1026/757/31
f 999/757/31 1031/757/31 1063/757/31
f 973/757/31 1004/757/31 1037/757/31
f 963/757/31 1058/757/31 1027/757/31
f 1000/757/31 1032/757/31 1064/757/31
f 974/757/31 1006/757/31 1038/757/31
f 964/757/31 1059/757/31 1028/757/31
f 1001/757/31 1033/757/31 1065/757/31
f 975/757/31 1007/757/31 1039/757/31
f 965/757/31 1060/757/31 1029/757/31
f 1002/757/31 1034/757/31 1066/757/31
f 976/757/31 1008/757/31 1040/757/31
f 966/757/31 1061/757/31 1030/757/31
f 1003/757/31 1035/757/31 1067/757/31
f 977/757/31 1009/757/31 1041/757/31
f 967/757/31 1062/757/31 1031/757/31
f 940/757/31 1036/757/31 1004/757/31
f 978/757/31 1010/757/31 1042/757/31
f 968/757/31 1063/757/31 1032/757/31
f 942/757/31 1037/757/31 1006/757/31
f 979/757/31 1011/757/31 1043/757/31
f 969/757/31 1064/757/31 1033/757/31
f 943/757/31 1038/757/31 1007/757/31
f 980/757/31 1012/757/31 1044/757/31
f 970/757/31 1065/757/31 1034/757/31
f 944/757/31 1039/757/31 1008/757/31
f 981/757/31 1013/757/31 1045/757/31
f 971/757/31 1066/757/31 1035/757/31
f 945/757/31 1040/757/31 1009/757/31
f 982/757/31 1014/757/31 1046/757/31
f 941/757/31 1067/757/31 1005/757/31
f 946/757/31 1041/757/31 1010/757/31
f 983/757/31 1015/757/31 1047/757/31
f 947/757/31 1042/757/31 1011/757/31
f 984/757/31 1016/757/31 1048/757/31
f 948/757/31 1043/757/31 1012/757/31
f 985/757/31 1017/757/31 1049/757/31
f 949/757/31 1044/757/31 1013/757/31
f 986/757/31 1018/757/31 1050/757/31
f 950/757/31 1045/757/31 1014/757/31
f 987/757/31 1019/757/31 1051/757/31
f 951/757/31 1046/757/31 1015/757/31
f 988/757/31 1020/757/31 1052/757/31
f 952/757/31 1047/757/31 1016/757/31
f 989/757/31 1021/757/31 1053/757/31
f 953/757/31 1048/757/31 1017/757/31
f 990/757/31 1022/757/31 1054/757/31
f 954/757/31 1049/757/31 1018/757/31
f 991/757/31 1023/757/31 1055/757/31
f 955/757/31 1050/757/31 1019/757/31
f 992/757/31 1024/757/31 1056/757/31
f 956/757/31 1051/757/31 1020/757/31
f 993/757/31 1025/757/31 1057/757/31
f 957/757/31 1052/757/31 1021/757/31
f 994/757/31 1026/757/31 1058/757/31
f 958/757/31 1053/757/31 1022/757/31
f 1221/758/421 1381/758/421 1349/758/421
f 1026/757/422 1122/757/422 1058/757/422
f 1022/757/423 1117/757/423 1086/757/423
f 1027/757/424 1123/757/424 1059/757/424
f 1023/757/425 1118/757/425 1087/757/425
f 1028/757/426 1124/757/426 1060/757/426
f 1024/757/427 1119/757/427 1088/757/427
f 1029/757/428 1125/757/428 1061/757/428
f 1025/757/429 1120/757/429 1089/757/429
f 1030/757/430 1126/757/430 1062/757/430
f 1005/757/431 1100/757/431 1036/757/431
f 1057/757/432 1090/757/432 1026/757/432
f 1031/757/433 1127/757/433 1063/757/433
f 1004/757/434 1101/757/434 1037/757/434
f 1058/757/435 1091/757/435 1027/757/435
f 1032/757/436 1128/757/436 1064/757/436
f 1006/757/437 1102/757/437 1038/757/437
f 1059/757/438 1092/757/438 1028/757/438
f 1033/757/439 1129/757/439 1065/757/439
f 1007/757/440 1103/757/440 1039/757/440
f 1060/757/426 1093/757/426 1029/757/426
f 1034/757/441 1130/757/441 1066/757/441
f 1008/757/442 1104/757/442 1040/757/442
f 1061/757/443 1094/757/443 1030/757/443
f 1035/757/444 1131/757/444 1067/757/444
f 1041/757/445 1073/757/445 1105/757/445
f 1062/757/446 1095/757/446 1031/757/446
f 1036/757/447 1068/757/447 1004/757/447
f 1042/757/448 1074/757/448 1106/757/448
f 1063/757/449 1096/757/449 1032/757/449
f 1037/757/450 1070/757/450 1006/757/450
f 1043/757/451 1075/757/451 1107/757/451
f 1064/757/452 1097/757/452 1033/757/452
f 1038/757/453 1071/757/453 1007/757/453
f 1044/757/454 1076/757/454 1108/757/454
f 1065/757/455 1098/757/455 1034/757/455
f 1039/757/456 1072/757/456 1008/757/456
f 1045/757/457 1077/757/457 1109/757/457
f 1066/757/458 1099/757/458 1035/757/458
f 1040/757/459 1073/757/459 1009/757/459
f 1046/757/460 1078/757/460 1110/757/460
f 1067/757/461 1069/757/461 1005/757/461
f 1010/757/462 1105/757/462 1074/757/462
f 1047/757/463 1079/757/463 1111/757/463
f 1011/757/464 1106/757/464 1075/757/464
f 1048/757/465 1080/757/465 1112/757/465
f 1012/757/466 1107/757/466 1076/757/466
f 1049/757/467 1081/757/467 1113/757/467
f 1013/757/454 1108/757/454 1077/757/454
f 1050/757/468 1082/757/468 1114/757/468
f 1014/757/469 1109/757/469 1078/757/469
f 1051/757/470 1083/757/470 1115/757/470
f 1015/757/471 1110/757/471 1079/757/471
f 1052/757/472 1084/757/472 1116/757/472
f 1016/757/473 1111/757/473 1080/757/473
f 1053/757/474 1085/757/474 1117/757/474
f 1017/757/475 1112/757/475 1081/757/475
f 1054/757/476 1086/757/476 1118/757/476
f 1018/757/477 1113/757/477 1082/757/477
f 1055/757/478 1087/757/478 1119/757/478
f 1019/757/479 1114/757/479 1083/757/479
f 1056/757/480 1088/757/480 1120/757/480
f 1020/757/481 1115/757/481 1084/757/481
f 1025/757/482 1121/757/482 1057/757/482
f 1092/757/483 1316/757/483 1124/757/483
f 1220/758/484 1380/758/484 1348/758/484
f 1091/757/485 1315/757/485 1123/757/485
f 1219/758/486 1379/758/486 1347/758/486
f 1090/757/487 1314/757/487 1122/757/487
f 1218/758/488 1378/758/488 1346/758/488
f 1089/757/489 1313/757/489 1121/757/489
f 1088/757/490 1312/757/490 1120/757/490
f 1217/758/491 1377/758/491 1345/758/491
f 1087/757/492 1311/757/492 1119/757/492
f 1216/758/493 1376/758/493 1344/758/493
f 1086/757/494 1310/757/494 1118/757/494
f 1215/758/495 1375/758/495 1343/758/495
f 1085/757/496 1309/757/496 1117/757/496
f 1214/758/497 1374/758/497 1342/758/497
f 1084/757/498 1308/757/498 1116/757/498
f 1213/758/499 1373/758/499 1341/758/499
f 1212/758/500 1372/758/500 1340/758/500
f 1115/757/501 1275/757/501 1307/757/501
f 1243/758/502 1339/758/502 1211/758/502
f 1114/757/503 1274/757/503 1306/757/503
f 1242/758/504 1338/758/504 1210/758/504
f 1113/757/505 1273/757/505 1305/757/505
f 1241/758/506 1337/758/506 1209/758/506
f 1112/757/507 1272/757/507 1304/757/507
f 1131/757/508 1261/757/508 1069/757/508
f 1240/758/509 1336/758/509 1208/758/509
f 1111/757/510 1271/757/510 1303/757/510
f 1130/757/511 1291/757/511 1099/757/511
f 1259/758/512 1325/758/512 1387/758/512
f 1239/758/513 1335/758/513 1207/758/513
f 1110/757/514 1270/757/514 1302/757/514
f 1129/757/515 1290/757/515 1098/757/515
f 1258/758/516 1355/758/516 1386/758/516
f 1238/758/517 1334/758/517 1206/758/517
f 1109/757/518 1269/757/518 1301/757/518
f 1128/757/519 1289/757/519 1097/757/519
f 1257/758/520 1354/758/520 1385/758/520
f 1237/758/521 1333/758/521 1205/758/521
f 1108/757/522 1268/757/522 1300/757/522
f 1127/757/523 1288/757/523 1096/757/523
f 1256/758/524 1353/758/524 1384/758/524
f 1236/758/525 1332/758/525 1204/758/525
f 1107/757/526 1267/757/526 1299/757/526
f 1126/757/527 1287/757/527 1095/757/527
f 1255/758/528 1352/758/528 1383/758/528
f 1235/758/529 1331/758/529 1203/758/529
f 1106/757/530 1266/757/530 1298/757/530
f 1125/757/531 1286/757/531 1094/757/531
f 1254/758/532 1351/758/532 1382/758/532
f 1234/758/533 1330/758/533 1202/758/533
f 1105/757/534 1265/757/534 1297/757/534
f 1124/757/535 1285/757/535 1093/757/535
f 1253/758/536 1350/758/536 1381/758/536
f 1233/758/537 1329/758/537 1201/758/537
f 1104/757/538 1264/757/538 1296/757/538
f 1123/757/539 1284/757/539 1092/757/539
f 1252/758/540 1349/758/540 1380/758/540
f 1232/758/541 1328/758/541 1200/758/541
f 1103/757/542 1263/757/542 1295/757/542
f 1122/757/543 1283/757/543 1091/757/543
f 1251/758/544 1348/758/544 1379/758/544
f 1231/758/545 1327/758/545 1199/758/545
f 1102/757/546 1262/757/546 1294/757/546
f 1121/757/547 1282/757/547 1090/757/547
f 1250/758/548 1347/758/548 1378/758/548
f 1230/758/549 1326/758/549 1198/758/549
f 1101/757/550 1260/757/550 1293/757/550
f 1120/757/551 1281/757/551 1089/757/551
f 1249/758/552 1346/758/552 1377/758/552
f 1229/758/553 1324/758/553 1196/758/553
f 1100/757/554 1261/757/554 1292/757/554
f 1119/757/555 1280/757/555 1088/757/555
f 1248/758/556 1345/758/556 1376/758/556
f 1228/758/557 1325/758/557 1197/758/557
f 1118/757/558 1279/757/558 1087/757/558
f 1247/758/559 1344/758/559 1375/758/559
f 1117/757/560 1278/757/560 1086/757/560
f 1246/758/561 1343/758/561 1374/758/561
f 1116/757/562 1277/757/562 1085/757/562
f 1245/758/563 1342/758/563 1373/758/563
f 1084/757/564 1307/757/564 1276/757/564
f 1244/758/565 1341/758/565 1372/758/565
f 1083/757/566 1306/757/566 1275/757/566
f 1212/758/567 1371/758/567 1243/758/567
f 1082/757/568 1305/757/568 1274/757/568
f 1211/758/569 1370/758/569 1242/758/569
f 1081/757/570 1304/757/570 1273/757/570
f 1210/758/571 1369/758/571 1241/758/571
f 1080/757/572 1303/757/572 1272/757/572
f 1209/758/573 1368/758/573 1240/758/573
f 1079/757/574 1302/757/574 1271/757/574
f 1208/758/575 1367/758/575 1239/758/575
f 1078/757/576 1301/757/576 1270/757/576
f 1207/758/577 1366/758/577 1238/758/577
f 1077/757/578 1300/757/578 1269/757/578
f 1206/758/579 1365/758/579 1237/758/579
f 1076/757/580 1299/757/580 1268/757/580
f 1205/758/581 1364/758/581 1236/758/581
f 1075/757/582 1298/757/582 1267/757/582
f 1204/758/583 1363/758/583 1235/758/583
f 1074/757/584 1297/757/584 1266/757/584
f 1203/758/585 1362/758/585 1234/758/585
f 1073/757/586 1296/757/586 1265/757/586
f 1202/758/587 1361/758/587 1233/758/587
f 1072/757/588 1295/757/588 1264/757/588
f 1201/758/589 1360/758/589 1232/758/589
f 1071/757/590 1294/757/590 1263/757/590
f 1200/758/591 1359/758/591 1231/758/591
f 1199/758/592 1358/758/592 1230/758/592
f 1070/757/593 1293/757/593 1262/757/593
f 1198/758/594 1357/758/594 1229/758/594
f 1068/757/595 1292/757/595 1260/757/595
f 1196/758/596 1356/758/596 1228/758/596
f 1099/757/597 1323/757/597 1131/757/597
f 1227/758/598 1387/758/598 1355/758/598
f 1098/757/599 1322/757/599 1130/757/599
f 1226/758/600 1386/758/600 1354/758/600
f 1097/757/601 1321/757/601 1129/757/601
f 1225/758/602 1385/758/602 1353/758/602
f 1096/757/603 1320/757/603 1128/757/603
f 1224/758/604 1384/758/604 1352/758/604
f 1095/757/605 1319/757/605 1127/757/605
f 1223/758/606 1383/758/606 1351/758/606
f 1094/757/607 1318/757/607 1126/757/607
f 1222/758/608 1382/758/608 1350/758/608
f 1093/757/609 1317/757/609 1125/757/609
f 1292/757/610 1453/757/610 1484/757/610
f 1311/757/611 1472/757/611 1280/757/611
f 1369/758/612 1529/758/612 1337/758/612
f 1310/757/613 1471/757/613 1279/757/613
f 1368/758/614 1528/758/614 1336/758/614
f 1387/758/615 1517/758/615 1579/758/615
f 1309/757/616 1470/757/616 1278/757/616
f 1367/758/617 1527/758/617 1335/758/617
f 1386/758/618 1547/758/618 1578/758/618
f 1308/757/619 1469/757/619 1277/757/619
f 1366/758/620 1526/758/620 1334/758/620
f 1385/758/621 1546/758/621 1577/758/621
f 1276/757/622 1499/757/622 1468/757/622
f 1365/758/623 1525/758/623 1333/758/623
f 1384/758/624 1545/758/624 1576/758/624
f 1275/757/625 1498/757/625 1467/757/625
f 1364/758/626 1524/758/626 1332/758/626
f 1383/758/627 1544/758/627 1575/758/627
f 1274/757/628 1497/757/628 1466/757/628
f 1363/758/629 1523/758/629 1331/758/629
f 1382/758/630 1543/758/630 1574/758/630
f 1273/757/631 1496/757/631 1465/757/631
f 1362/758/632 1522/758/632 1330/758/632
f 1381/758/633 1542/758/633 1573/758/633
f 1272/757/634 1495/757/634 1464/757/634
f 1361/758/635 1521/758/635 1329/758/635
f 1380/758/636 1541/758/636 1572/758/636
f 1271/757/637 1494/757/637 1463/757/637
f 1360/758/638 1520/758/638 1328/758/638
f 1379/758/639 1540/758/639 1571/758/639
f 1270/757/640 1493/757/640 1462/757/640
f 1359/758/641 1519/758/641 1327/758/641
f 1378/758/642 1539/758/642 1570/758/642
f 1269/757/643 1492/757/643 1461/757/643
f 1358/758/644 1518/758/644 1326/758/644
f 1377/758/645 1538/758/645 1569/758/645
f 1268/757/639 1491/757/639 1460/757/639
f 1357/758/646 1516/758/646 1324/758/646
f 1376/758/647 1537/758/647 1568/758/647
f 1267/757/648 1490/757/648 1459/757/648
f 1356/758/649 1517/758/649 1325/758/649
f 1375/758/650 1536/758/650 1567/758/650
f 1266/757/651 1489/757/651 1458/757/651
f 1374/758/652 1535/758/652 1566/758/652
f 1265/757/653 1488/757/653 1457/757/653
f 1373/758/654 1534/758/654 1565/758/654
f 1264/757/655 1487/757/655 1456/757/655
f 1372/758/656 1533/758/656 1564/758/656
f 1263/757/657 1486/757/657 1455/757/657
f 1340/758/658 1563/758/658 1371/758/658
f 1262/757/659 1485/757/659 1454/757/659
f 1339/758/660 1562/758/660 1370/758/660
f 1260/757/661 1484/757/661 1452/757/661
f 1338/758/662 1561/758/662 1369/758/662
f 1291/757/663 1515/757/663 1323/757/663
f 1337/758/664 1560/758/664 1368/758/664
f 1290/757/665 1514/757/665 1322/757/665
f 1336/758/666 1559/758/666 1367/758/666
f 1289/757/667 1513/757/667 1321/757/667
f 1335/758/668 1558/758/668 1366/758/668
f 1288/757/669 1512/757/669 1320/757/669
f 1334/758/670 1557/758/670 1365/758/670
f 1287/757/671 1511/757/671 1319/757/671
f 1333/758/626 1556/758/626 1364/758/626
f 1286/757/672 1510/757/672 1318/757/672
f 1332/758/673 1555/758/673 1363/758/673
f 1285/757/674 1509/757/674 1317/757/674
f 1331/758/675 1554/758/675 1362/758/675
f 1284/757/676 1508/757/676 1316/757/676
f 1330/758/677 1553/758/677 1361/758/677
f 1283/757/678 1507/757/678 1315/757/678
f 1329/758/679 1552/758/679 1360/758/679
f 1282/757/680 1506/757/680 1314/757/680
f 1328/758/681 1551/758/681 1359/758/681
f 1281/757/682 1505/757/682 1313/757/682
f 1327/758/683 1550/758/683 1358/758/683
f 1280/757/684 1504/757/684 1312/757/684
f 1326/758/685 1549/758/685 1357/758/685
f 1279/757/686 1503/757/686 1311/757/686
f 1324/758/687 1548/758/687 1356/758/687
f 1278/757/688 1502/757/688 1310/757/688
f 1355/758/689 1579/758/689 1547/758/689
f 1277/757/690 1501/757/690 1309/757/690
f 1354/758/691 1578/758/691 1546/758/691
f 1276/757/619 1500/757/619 1308/757/619
f 1353/758/692 1577/758/692 1545/758/692
f 1307/757/693 1467/757/693 1499/757/693
f 1352/758/694 1576/758/694 1544/758/694
f 1306/757/695 1466/757/695 1498/757/695
f 1351/758/696 1575/758/696 1543/758/696
f 1305/757/697 1465/757/697 1497/757/697
f 1350/758/698 1574/758/698 1542/758/698
f 1304/757/699 1464/757/699 1496/757/699
f 1323/757/700 1453/757/700 1261/757/700
f 1349/758/701 1573/758/701 1541/758/701
f 1303/757/702 1463/757/702 1495/757/702
f 1322/757/703 1483/757/703 1291/757/703
f 1348/758/704 1572/758/704 1540/758/704
f 1302/757/705 1462/757/705 1494/757/705
f 1321/757/706 1482/757/706 1290/757/706
f 1347/758/707 1571/758/707 1539/758/707
f 1301/757/708 1461/757/708 1493/757/708
f 1320/757/709 1481/757/709 1289/757/709
f 1346/758/710 1570/758/710 1538/758/710
f 1300/757/711 1460/757/711 1492/757/711
f 1319/757/712 1480/757/712 1288/757/712
f 1345/758/713 1569/758/713 1537/758/713
f 1299/757/714 1459/757/714 1491/757/714
f 1318/757/715 1479/757/715 1287/757/715
f 1344/758/716 1568/758/716 1536/758/716
f 1298/757/717 1458/757/717 1490/757/717
f 1317/757/718 1478/757/718 1286/757/718
f 1343/758/719 1567/758/719 1535/758/719
f 1297/757/720 1457/757/720 1489/757/720
f 1316/757/721 1477/757/721 1285/757/721
f 1342/758/722 1566/758/722 1534/758/722
f 1296/757/723 1456/757/723 1488/757/723
f 1315/757/678 1476/757/678 1284/757/678
f 1341/758/724 1565/758/724 1533/758/724
f 1295/757/725 1455/757/725 1487/757/725
f 1314/757/726 1475/757/726 1283/757/726
f 1340/758/727 1564/758/727 1532/758/727
f 1294/757/728 1454/757/728 1486/757/728
f 1313/757/729 1474/757/729 1282/757/729
f 1371/758/730 1531/758/730 1339/758/730
f 1293/757/731 1452/757/731 1485/757/731
f 1312/757/732 1473/757/732 1281/757/732
f 1370/758/733 1530/758/733 1338/758/733
f 1567/758/734 1176/758/734 1535/758/734
f 1492/757/735 1442/757/735 1461/757/735
f 1566/758/736 1177/758/736 1534/758/736
f 1491/757/737 1443/757/737 1460/757/737
f 1565/758/738 1178/758/738 1533/758/738
f 1490/757/739 1444/757/739 1459/757/739
f 1564/758/740 1179/758/740 1532/758/740
f 1489/757/741 1445/757/741 1458/757/741
f 1531/758/742 1148/758/742 1180/758/742
f 1488/757/743 1446/757/743 1457/757/743
f 1530/758/744 1149/758/744 1181/758/744
f 1487/757/745 1447/757/745 1456/757/745
f 1529/758/746 1150/758/746 1182/758/746
f 1486/757/747 1448/757/747 1455/757/747
f 1528/758/748 1151/758/748 1183/758/748
f 1517/758/749 1132/758/749 1579/758/749
f 1485/757/750 1449/757/750 1454/757/750
f 1527/758/751 1152/758/751 1184/758/751
f 1547/758/752 1133/758/752 1578/758/752
f 1484/757/753 1451/757/753 1452/757/753
f 1526/758/754 1153/758/754 1185/758/754
f 1546/758/755 1134/758/755 1577/758/755
f 1515/757/756 1420/757/756 1388/757/756
f 1525/758/757 1154/758/757 1186/758/757
f 1545/758/758 1135/758/758 1576/758/758
f 1514/757/759 1421/757/759 1389/757/759
f 1524/758/760 1155/758/760 1187/758/760
f 1544/758/761 1136/758/761 1575/758/761
f 1513/757/762 1422/757/762 1390/757/762
f 1523/758/763 1156/758/763 1188/758/763
f 1543/758/764 1137/758/764 1574/758/764
f 1512/757/765 1423/757/765 1391/757/765
f 1522/758/766 1157/758/766 1189/758/766
f 1542/758/767 1138/758/767 1573/758/767
f 1511/757/768 1424/757/768 1392/757/768
f 1521/758/769 1158/758/769 1190/758/769
f 1541/758/770 1139/758/770 1572/758/770
f 1510/757/771 1425/757/771 1393/757/771
f 1520/758/772 1159/758/772 1191/758/772
f 1540/758/773 1140/758/773 1571/758/773
f 1509/757/774 1426/757/774 1394/757/774
f 1519/758/775 1160/758/775 1192/758/775
f 1539/758/776 1141/758/776 1570/758/776
f 1508/757/777 1427/757/777 1395/757/777
f 1518/758/778 1161/758/778 1193/758/778
f 1538/758/779 1142/758/779 1569/758/779
f 1507/757/780 1428/757/780 1396/757/780
f 1516/758/781 1162/758/781 1195/758/781
f 1537/758/782 1143/758/782 1568/758/782
f 1506/757/783 1429/757/783 1397/757/783
f 1517/758/784 1163/758/784 1194/759/784
f 1536/758/785 1144/758/785 1567/758/785
f 1505/757/786 1430/757/786 1398/757/786
f 1535/758/787 1145/758/787 1566/758/787
f 1504/757/788 1431/757/788 1399/757/788
f 1534/758/789 1146/758/789 1565/758/789
f 1503/757/790 1432/757/790 1400/757/790
f 1533/758/791 1147/758/791 1564/758/791
f 1502/757/792 1433/757/792 1401/757/792
f 1563/758/742 1179/758/742 1148/758/742
f 1501/757/793 1434/757/793 1402/757/793
f 1562/758/794 1180/758/794 1149/758/794
f 1500/757/795 1435/757/795 1403/757/795
f 1561/758/796 1181/758/796 1150/758/796
f 1467/757/797 1404/757/797 1499/757/797
f 1560/758/798 1182/758/798 1151/758/798
f 1466/757/799 1405/757/799 1498/757/799
f 1559/758/800 1183/758/800 1152/758/800
f 1465/757/801 1406/757/801 1497/757/801
f 1558/758/802 1184/758/802 1153/758/802
f 1464/757/803 1407/757/803 1496/757/803
f 1453/757/756 1388/757/756 1450/757/756
f 1557/758/804 1185/758/804 1154/758/804
f 1463/757/805 1408/757/805 1495/757/805
f 1483/757/806 1389/757/806 1420/757/806
f 1556/758/807 1186/758/807 1155/758/807
f 1462/757/808 1409/757/808 1494/757/808
f 1482/757/809 1390/757/809 1421/757/809
f 1555/758/810 1187/758/810 1156/758/810
f 1461/757/811 1410/757/811 1493/757/811
f 1481/757/812 1391/757/812 1422/757/812
f 1554/758/813 1188/758/813 1157/758/813
f 1460/757/814 1411/757/814 1492/757/814
f 1480/757/815 1392/757/815 1423/757/815
f 1553/758/816 1189/758/816 1158/758/816
f 1459/757/817 1412/757/817 1491/757/817
f 1479/757/818 1393/757/818 1424/757/818
f 1552/758/819 1190/758/819 1159/758/819
f 1458/757/820 1413/757/820 1490/757/820
f 1478/757/821 1394/757/821 1425/757/821
f 1551/758/822 1191/758/822 1160/758/822
f 1457/757/823 1414/757/823 1489/757/823
f 1477/757/824 1395/757/824 1426/757/824
f 1550/758/825 1192/758/825 1161/758/825
f 1456/757/826 1415/757/826 1488/757/826
f 1476/757/827 1396/757/827 1427/757/827
f 1549/758/828 1193/758/828 1162/758/828
f 1455/757/829 1416/757/829 1487/757/829
f 1475/757/830 1397/757/830 1428/757/830
f 1548/758/831 1195/758/831 1163/758/831
f 1454/757/832 1417/757/832 1486/757/832
f 1474/757/833 1398/757/833 1429/757/833
f 1579/758/834 1164/758/834 1547/758/834
f 1452/757/835 1418/757/835 1485/757/835
f 1473/757/836 1399/757/836 1430/757/836
f 1578/758/837 1165/758/837 1546/758/837
f 1453/757/838 1419/757/838 1484/757/838
f 1472/757/839 1400/757/839 1431/757/839
f 1577/758/840 1166/758/840 1545/758/840
f 1471/757/841 1401/757/841 1432/757/841
f 1576/758/842 1167/758/842 1544/758/842
f 1470/757/843 1402/757/843 1433/757/843
f 1575/758/844 1168/758/844 1543/758/844
f 1469/757/845 1403/757/845 1434/757/845
f 1574/758/846 1169/758/846 1542/758/846
f 1499/757/847 1435/757/847 1468/757/847
f 1573/758/848 1170/758/848 1541/758/848
f 1498/757/849 1436/757/849 1467/757/849
f 1572/758/814 1171/758/814 1540/758/814
f 1497/757/850 1437/757/850 1466/757/850
f 1571/758/773 1172/758/773 1539/758/773
f 1496/757/851 1438/757/851 1465/757/851
f 1570/758/852 1173/758/852 1538/758/852
f 1495/757/853 1439/757/853 1464/757/853
f 1569/758/854 1174/758/854 1537/758/854
f 1494/757/855 1440/757/855 1463/757/855
f 1568/758/856 1175/758/856 1536/758/856
f 1493/757/857 1441/757/857 1462/757/857
f 1394/757/858 1682/757/858 1650/757/858
f 1156/758/859 1635/760/859 1604/761/859
f 1393/757/860 1681/757/860 1649/757/860
f 1155/758/861 1634/762/861 1603/763/861
f 1392/757/862 1680/757/862 1648/757/862
f 1154/758/863 1633/764/863 1602/765/863
f 1391/757/864 1679/757/864 1647/757/864
f 1153/758/865 1632/766/865 1601/767/865
f 1390/757/866 1678/757/866 1646/757/866
f 1152/758/867 1631/768/867 1600/769/867
f 1389/757/868 1677/757/868 1645/757/868
f 1151/758/869 1630/770/869 1599/771/869
f 1388/757/870 1676/757/870 1644/757/870
f 1150/758/871 1629/772/871 1598/773/871
f 1419/757/872 1707/757/872 1451/757/872
f 1149/758/873 1628/774/873 1597/775/873
f 1418/757/874 1705/757/874 1449/757/874
f 1148/758/875 1627/776/875 1596/777/875
f 1417/757/876 1704/757/876 1448/757/876
f 1178/758/877 1595/778/877 1147/758/877
f 1416/757/878 1703/757/878 1447/757/878
f 1177/758/879 1594/779/879 1146/758/879
f 1415/757/880 1702/757/880 1446/757/880
f 1176/758/881 1593/780/881 1145/758/881
f 1414/757/882 1701/757/882 1445/757/882
f 1175/758/883 1592/781/883 1144/758/883
f 1163/758/884 1642/782/884 1194/759/884
f 1413/757/885 1700/757/885 1444/757/885
f 1174/758/886 1591/783/886 1143/758/886
f 1195/758/887 1610/784/887 1643/785/887
f 1412/757/888 1699/757/888 1443/757/888
f 1173/758/889 1590/786/889 1142/758/889
f 1193/758/890 1609/787/890 1641/788/890
f 1411/757/891 1698/757/891 1442/757/891
f 1172/758/892 1589/786/892 1141/758/892
f 1192/758/893 1608/789/893 1640/790/893
f 1410/757/894 1697/757/894 1441/757/894
f 1171/758/895 1588/791/895 1140/758/895
f 1191/758/896 1607/792/896 1639/792/896
f 1409/757/897 1696/757/897 1440/757/897
f 1170/758/898 1587/793/898 1139/758/898
f 1190/758/899 1606/794/899 1638/795/899
f 1408/757/900 1695/757/900 1439/757/900
f 1169/758/901 1586/793/901 1138/758/901
f 1189/758/902 1605/796/902 1637/794/902
f 1407/757/903 1694/757/903 1438/757/903
f 1168/758/904 1585/797/904 1137/758/904
f 1188/758/905 1604/761/905 1636/798/905
f 1406/757/906 1693/757/906 1437/757/906
f 1167/758/907 1584/799/907 1136/758/907
f 1187/758/908 1603/763/908 1635/760/908
f 1405/757/909 1692/757/909 1436/757/909
f 1166/758/910 1583/778/910 1135/758/910
f 1186/758/911 1602/765/911 1634/762/911
f 1404/757/912 1691/757/912 1435/757/912
f 1165/758/913 1582/800/913 1134/758/913
f 1185/758/914 1601/767/914 1633/764/914
f 1434/757/915 1659/757/915 1690/757/915
f 1164/758/916 1581/801/916 1133/758/916
f 1184/758/917 1600/769/917 1632/766/917
f 1433/757/918 1658/757/918 1689/757/918
f 1194/759/919 1580/802/919 1132/758/919
f 1183/758/920 1599/771/920 1631/768/920
f 1432/757/921 1657/757/921 1688/757/921
f 1182/758/922 1598/773/922 1630/770/922
f 1431/757/923 1656/757/923 1687/757/923
f 1419/757/924 1706/757/924 1675/757/924
f 1181/758/925 1597/775/925 1629/772/925
f 1430/757/926 1655/757/926 1686/757/926
f 1451/757/874 1674/757/874 1418/757/874
f 1180/758/875 1596/777/875 1628/774/875
f 1429/757/927 1654/757/927 1685/757/927
f 1449/757/928 1673/757/928 1417/757/928
f 1147/758/929 1627/776/929 1179/758/929
f 1428/757/930 1653/757/930 1684/757/930
f 1448/757/931 1672/757/931 1416/757/931
f 1146/758/932 1626/799/932 1178/758/932
f 1427/757/859 1652/757/859 1683/757/859
f 1447/757/933 1671/757/933 1415/757/933
f 1145/758/934 1625/803/934 1177/758/934
f 1426/757/935 1651/757/935 1682/757/935
f 1446/757/936 1670/757/936 1414/757/936
f 1144/758/937 1624/804/937 1176/758/937
f 1425/757/938 1650/757/938 1681/757/938
f 1445/757/939 1669/757/939 1413/757/939
f 1143/758/940 1623/805/940 1175/758/940
f 1424/757/941 1649/757/941 1680/757/941
f 1444/757/888 1668/757/888 1412/757/888
f 1142/758/942 1622/783/942 1174/758/942
f 1423/757/943 1648/757/943 1679/757/943
f 1443/757/944 1667/757/944 1411/757/944
f 1141/758/945 1621/786/945 1173/758/945
f 1422/757/946 1647/757/946 1678/757/946
f 1442/757/947 1666/757/947 1410/757/947
f 1140/758/888 1620/791/888 1172/758/888
f 1421/757/948 1646/757/948 1677/757/948
f 1441/757/949 1665/757/949 1409/757/949
f 1139/758/950 1619/806/950 1171/758/950
f 1420/757/951 1645/757/951 1676/757/951
f 1440/757/952 1664/757/952 1408/757/952
f 1138/758/953 1618/793/953 1170/758/953
f 1450/757/870 1644/757/870 1706/757/870
f 1439/757/954 1663/757/954 1407/757/954
f 1137/758/955 1617/807/955 1169/758/955
f 1438/757/956 1662/757/956 1406/757/956
f 1136/758/957 1616/797/957 1168/758/957
f 1437/757/958 1661/757/958 1405/757/958
f 1135/758/959 1615/808/959 1167/758/959
f 1436/757/960 1660/757/960 1404/757/960
f 1134/758/961 1614/809/961 1166/758/961
f 1403/757/962 1691/757/962 1659/757/962
f 1133/758/963 1613/810/963 1165/758/963
f 1402/757/964 1690/757/964 1658/757/964
f 1132/758/919 1612/811/919 1164/758/919
f 1401/757/965 1689/757/965 1657/757/965
f 1195/758/884 1611/812/884 1163/758/884
f 1400/757/966 1688/757/966 1656/757/966
f 1162/758/967 1641/788/967 1610/784/967
f 1399/757/968 1687/757/968 1655/757/968
f 1161/758/890 1640/790/890 1609/787/890
f 1398/757/969 1686/757/969 1654/757/969
f 1160/758/970 1639/792/970 1608/789/970
f 1397/757/971 1685/757/971 1653/757/971
f 1159/758/972 1638/795/972 1607/792/972
f 1396/757/973 1684/757/973 1652/757/973
f 1158/758/974 1637/794/974 1606/794/974
f 1395/757/975 1683/757/975 1651/757/975
f 1157/758/976 1636/798/976 1605/796/976
f 1757/813/31 3162/814/31 3130/815/31
f 2838/816/31 2871/817/31 2902/818/31
f 2826/819/31 2923/820/31 2890/821/31
f 1756/822/31 3163/823/31 3131/824/31
f 2837/825/31 2870/826/31 2901/827/31
f 2825/828/31 2921/829/31 2889/830/31
f 1755/831/31 3164/832/31 3132/833/31
f 2836/834/31 2869/835/31 2900/836/31
f 2824/837/31 2920/838/31 2888/839/31
f 1754/840/31 3165/841/31 3133/842/31
f 2835/843/31 2868/844/31 2899/845/31
f 2823/846/31 2919/847/31 2887/848/31
f 1753/849/31 3166/850/31 3134/851/31
f 2834/852/31 2867/853/31 2898/854/31
f 2822/855/31 2918/856/31 2886/857/31
f 1752/858/31 3167/859/31 3135/860/31
f 2833/861/31 2866/862/31 2897/863/31
f 2821/864/31 2917/865/31 2885/866/31
f 1751/867/31 3168/868/31 3136/869/31
f 2832/870/31 2865/871/31 2896/872/31
f 2820/873/31 2916/874/31 2884/875/31
f 1750/876/31 3169/877/31 3137/878/31
f 2831/879/31 2864/880/31 2895/881/31
f 2819/882/31 2915/883/31 2883/884/31
f 1749/885/31 3170/886/31 3138/887/31
f 2830/888/31 2863/889/31 2894/890/31
f 2818/891/31 2914/892/31 2882/893/31
f 1748/894/31 3171/895/31 3139/896/31
f 2829/897/31 2862/898/31 2893/899/31
f 2817/900/31 2913/901/31 2881/902/31
f 1747/903/31 3172/904/31 3140/905/31
f 2828/906/31 2861/907/31 2892/908/31
f 2816/909/31 2912/910/31 2880/911/31
f 1746/912/31 3173/913/31 3141/914/31
f 2858/915/31 2860/916/31 2922/917/31
f 2815/918/31 2911/919/31 2879/920/31
f 1745/921/31 3174/922/31 3142/923/31
f 2814/924/31 2910/925/31 2878/926/31
f 1744/927/31 3175/928/31 3143/929/31
f 2813/930/31 2909/931/31 2877/932/31
f 1743/933/31 3176/934/31 3144/935/31
f 2812/936/31 2908/937/31 2876/938/31
f 1742/939/31 3177/940/31 3145/941/31
f 2811/942/31 2907/943/31 2875/944/31
f 1741/945/31 3178/946/31 3146/947/31
f 2810/948/31 2906/949/31 2874/950/31
f 1740/951/31 3179/952/31 3147/953/31
f 2809/954/31 2905/955/31 2873/956/31
f 1739/957/31 3116/958/31 3148/959/31
f 2808/960/31 2904/961/31 2872/962/31
f 1738/963/31 3118/964/31 3149/965/31
f 2807/966/31 2903/967/31 2871/817/31
f 1737/968/31 3119/969/31 3150/970/31
f 2806/971/31 2902/818/31 2870/826/31
f 1736/972/31 3120/973/31 3151/974/31
f 2805/975/31 2901/827/31 2869/835/31
f 1735/976/31 3121/977/31 3152/978/31
f 2804/979/31 2900/836/31 2868/844/31
f 1734/980/31 3122/981/31 3153/982/31
f 2803/983/31 2899/845/31 2867/853/31
f 1733/984/31 3123/985/31 3154/986/31
f 2802/987/31 2898/854/31 2866/862/31
f 1732/988/31 3124/989/31 3155/990/31
f 2801/991/31 2897/863/31 2865/871/31
f 1731/992/31 3125/993/31 3156/994/31
f 2800/995/31 2896/872/31 2864/880/31
f 1730/996/31 3126/997/31 3157/998/31
f 2799/999/31 2895/881/31 2863/889/31
f 1729/1000/31 3127/1001/31 3158/1002/31
f 2798/1003/31 2894/890/31 2862/898/31
f 1728/1004/31 3128/1005/31 3159/1006/31
f 2797/1007/31 2893/899/31 2861/907/31
f 1727/1008/31 3129/1009/31 3160/1010/31
f 2796/1011/31 2892/908/31 2860/916/31
f 1726/1012/31 3130/815/31 3161/1013/31
f 2859/1014/31 2891/1015/31 2923/820/31
f 1725/1016/31 3131/824/31 3162/814/31
f 2857/1017/31 2890/821/31 2921/829/31
f 1724/1018/31 3132/833/31 3163/823/31
f 2856/1019/31 2889/830/31 2920/838/31
f 1723/1020/31 3133/842/31 3164/832/31
f 2855/1021/31 2888/839/31 2919/847/31
f 1722/1022/31 3134/851/31 3165/841/31
f 2854/1023/31 2887/848/31 2918/856/31
f 1721/1024/31 3135/860/31 3166/850/31
f 2853/1025/31 2886/857/31 2917/865/31
f 1720/1026/31 3136/869/31 3167/859/31
f 1770/1027/31 3148/959/31 3117/1028/31
f 2852/1029/31 2885/866/31 2916/874/31
f 1719/1030/31 3137/878/31 3168/868/31
f 1771/1031/31 3149/965/31 3116/958/31
f 2851/1032/31 2884/875/31 2915/883/31
f 1718/1033/31 3138/887/31 3169/877/31
f 1769/1034/31 3150/970/31 3118/964/31
f 2850/1035/31 2883/884/31 2914/892/31
f 1717/1036/31 3139/896/31 3170/886/31
f 1768/1037/31 3151/974/31 3119/969/31
f 2849/1038/31 2882/893/31 2913/901/31
f 1716/1039/31 3140/905/31 3171/895/31
f 1767/1040/31 3152/978/31 3120/973/31
f 2848/1041/31 2881/902/31 2912/910/31
f 1715/1042/31 3141/914/31 3172/904/31
f 1766/1043/31 3153/982/31 3121/977/31
f 2847/1044/31 2880/911/31 2911/919/31
f 1714/1045/31 3142/923/31 3173/913/31
f 1765/1046/31 3154/986/31 3122/981/31
f 2846/1047/31 2879/920/31 2910/925/31
f 1713/1048/31 3143/929/31 3174/922/31
f 1764/1049/31 3155/990/31 3123/985/31
f 2845/1050/31 2878/926/31 2909/931/31
f 1712/1051/31 3144/935/31 3175/928/31
f 1763/1052/31 3156/994/31 3124/989/31
f 2844/1053/31 2877/932/31 2908/937/31
f 1711/1054/31 3145/941/31 3176/934/31
f 1762/1055/31 3157/998/31 3125/993/31
f 2843/1056/31 2876/938/31 2907/943/31
f 1710/1057/31 3146/947/31 3177/940/31
f 1761/1058/31 3158/1002/31 3126/997/31
f 2842/1059/31 2875/944/31 2906/949/31
f 1709/1060/31 3147/953/31 3178/946/31
f 1760/1061/31 3159/1006/31 3127/1001/31
f 2841/1062/31 2874/950/31 2905/955/31
f 1708/1063/31 3117/1028/31 3179/952/31
f 1759/1064/31 3160/1010/31 3128/1005/31
f 2840/1065/31 2873/956/31 2904/961/31
f 1758/1066/31 3161/1013/31 3129/1009/31
f 2839/1067/31 2872/962/31 2903/967/31
f 2827/1068/31 2922/917/31 2891/1015/31
f 1666/757/977 2017/757/977 1697/757/977
f 1627/776/978 1915/1069/978 1947/1070/978
f 1665/757/979 2016/757/979 1696/757/979
f 1626/799/980 1914/1071/980 1946/1072/980
f 1664/757/981 2015/757/981 1695/757/981
f 1625/803/982 1913/1073/982 1945/1074/982
f 1663/757/983 2014/757/983 1694/757/983
f 1624/804/984 1912/1075/984 1944/1076/984
f 1662/757/985 2013/757/985 1693/757/985
f 1623/805/986 1911/1077/986 1943/1078/986
f 1661/757/987 2012/757/987 1692/757/987
f 1622/783/988 1910/1079/988 1942/1080/988
f 1660/757/989 2011/757/989 1691/757/989
f 1621/786/990 1909/1081/990 1941/1082/990
f 1659/757/991 2010/757/991 1690/757/991
f 1620/791/992 1908/1083/992 1940/1084/992
f 1658/757/993 2009/757/993 1689/757/993
f 1619/806/994 1907/1085/994 1939/1086/994
f 1657/757/995 2008/757/995 1688/757/995
f 1586/793/996 1938/1087/996 1618/793/996
f 1656/757/997 2007/757/997 1687/757/997
f 1585/797/998 1937/1088/998 1617/807/998
f 1675/757/999 2026/757/999 1995/757/999
f 1655/757/1000 2006/757/1000 1686/757/1000
f 1584/799/1001 1936/1089/1001 1616/797/1001
f 1674/757/1002 2027/757/1002 1994/757/1002
f 1654/757/1003 2005/757/1003 1685/757/1003
f 1583/778/1004 1935/1090/1004 1615/808/1004
f 1673/757/1005 2025/757/1005 1993/757/1005
f 1653/757/1006 2004/757/1006 1684/757/1006
f 1582/800/1007 1934/1091/1007 1614/809/1007
f 1672/757/1008 2024/757/1008 1992/757/1008
f 1652/757/1009 2003/757/1009 1683/757/1009
f 1581/801/1010 1933/1092/1010 1613/810/1010
f 1671/757/1011 2023/757/1011 1991/757/1011
f 1651/757/1012 2002/757/1012 1682/757/1012
f 1580/802/1013 1932/1093/1013 1612/811/1013
f 1670/757/1014 2022/757/1014 1990/757/1014
f 1681/757/1015 1970/757/1015 2001/757/1015
f 1643/785/1016 1931/1094/1016 1611/812/1016
f 1669/757/1017 2021/757/1017 1989/757/1017
f 1680/757/1018 1969/757/1018 2000/757/1018
f 1641/788/1019 1930/1095/1019 1610/784/1019
f 1668/757/1020 2020/757/1020 1988/757/1020
f 1679/757/1021 1968/757/1021 1999/757/1021
f 1640/790/1022 1929/1096/1022 1609/787/1022
f 1667/757/1023 2019/757/1023 1987/757/1023
f 1678/757/1024 1967/757/1024 1998/757/1024
f 1639/792/1025 1928/1097/1025 1608/789/1025
f 1698/757/1026 1986/757/1026 1666/757/1026
f 1677/757/1027 1966/757/1027 1997/757/1027
f 1638/795/1028 1927/1098/1028 1607/792/1028
f 1697/757/1029 1985/757/1029 1665/757/1029
f 1676/757/1030 1965/757/1030 1996/757/1030
f 1637/794/1031 1926/1099/1031 1606/794/1031
f 1696/757/1032 1984/757/1032 1664/757/1032
f 1706/757/1033 1964/757/1033 2026/757/1033
f 1636/798/1034 1925/1100/1034 1605/796/1034
f 1695/757/1035 1983/757/1035 1663/757/1035
f 1635/760/1036 1924/1101/1036 1604/761/1036
f 1694/757/1037 1982/757/1037 1662/757/1037
f 1634/762/1038 1923/1102/1038 1603/763/1038
f 1693/757/1039 1981/757/1039 1661/757/1039
f 1602/765/1040 1953/1103/1040 1922/1104/1040
f 1692/757/1041 1980/757/1041 1660/757/1041
f 1601/767/1042 1952/1105/1042 1921/1106/1042
f 1691/757/1043 1979/757/1043 1659/757/1043
f 1600/769/1044 1951/1107/1044 1920/1108/1044
f 1690/757/1045 1978/757/1045 1658/757/1045
f 1599/771/1046 1950/1109/1046 1919/1110/1046
f 1689/757/1047 1977/757/1047 1657/757/1047
f 1598/773/1048 1949/1111/1048 1918/1112/1048
f 1688/757/1049 1976/757/1049 1656/757/1049
f 1597/775/1050 1948/1113/1050 1917/1114/1050
f 1687/757/1051 1975/757/1051 1655/757/1051
f 1596/777/1052 1947/1070/1052 1916/1115/1052
f 1686/757/1053 1974/757/1053 1654/757/1053
f 1595/778/1054 1946/1072/1054 1915/1069/1054
f 1685/757/1055 1973/757/1055 1653/757/1055
f 1594/779/1056 1945/1074/1056 1914/1071/1056
f 1684/757/1057 1972/757/1057 1652/757/1057
f 1593/780/1058 1944/1076/1058 1913/1073/1058
f 1683/757/1059 1971/757/1059 1651/757/1059
f 1592/781/1060 1943/1078/1060 1912/1075/1060
f 1650/757/1061 2002/757/1061 1970/757/1061
f 1611/812/1062 1962/1116/1062 1642/782/1062
f 1591/783/1063 1942/1080/1063 1911/1077/1063
f 1649/757/1064 2001/757/1064 1969/757/1064
f 1610/784/1065 1963/1117/1065 1643/785/1065
f 1590/786/1066 1941/1082/1066 1910/1079/1066
f 1648/757/1067 2000/757/1067 1968/757/1067
f 1609/787/1068 1961/1118/1068 1641/788/1068
f 1589/786/1069 1940/1084/1069 1909/1081/1069
f 1647/757/1070 1999/757/1070 1967/757/1070
f 1608/789/1071 1960/1119/1071 1640/790/1071
f 1588/791/1072 1939/1086/1072 1908/1083/1072
f 1646/757/1073 1998/757/1073 1966/757/1073
f 1607/792/1074 1959/1120/1074 1639/792/1074
f 1587/793/1075 1938/1087/1075 1907/1085/1075
f 1645/757/1076 1997/757/1076 1965/757/1076
f 1606/794/1077 1958/1121/1077 1638/795/1077
f 1617/807/1078 1906/1122/1078 1586/793/1078
f 1644/757/1079 1996/757/1079 1964/757/1079
f 1605/796/1080 1957/1123/1080 1637/794/1080
f 1616/797/1081 1905/1124/1081 1585/797/1081
f 1707/757/1082 1995/757/1082 2027/757/1082
f 1604/761/1083 1956/1125/1083 1636/798/1083
f 1615/808/1084 1904/1126/1084 1584/799/1084
f 1705/757/1085 1994/757/1085 2025/757/1085
f 1603/763/1086 1955/1127/1086 1635/760/1086
f 1614/809/1087 1903/1128/1087 1583/778/1087
f 1704/757/1088 1993/757/1088 2024/757/1088
f 1634/762/1089 1922/1104/1089 1954/1129/1089
f 1613/810/1090 1902/1130/1090 1582/800/1090
f 1703/757/1091 1992/757/1091 2023/757/1091
f 1633/764/1092 1921/1106/1092 1953/1103/1092
f 1612/811/1093 1901/1131/1093 1581/801/1093
f 1702/757/1094 1991/757/1094 2022/757/1094
f 1632/766/1095 1920/1108/1095 1952/1105/1095
f 1642/782/1096 1900/1132/1096 1580/802/1096
f 1701/757/1097 1990/757/1097 2021/757/1097
f 1631/768/1098 1919/1110/1098 1951/1107/1098
f 1700/757/1099 1989/757/1099 2020/757/1099
f 1630/770/1100 1918/1112/1100 1950/1109/1100
f 1699/757/1101 1988/757/1101 2019/757/1101
f 1629/772/1102 1917/1114/1102 1949/1111/1102
f 1698/757/1103 1987/757/1103 2018/757/1103
f 1628/774/1104 1916/1115/1104 1948/1113/1104
f 2006/757/31 1824/757/31 1793/757/31
f 1936/1089/31 1895/1133/31 1863/1134/31
f 1994/757/31 1772/757/31 1805/757/31
f 2005/757/31 1825/757/31 1794/757/31
f 1935/1090/31 1896/1135/31 1864/1136/31
f 1993/757/31 1774/757/31 1806/757/31
f 2004/757/31 1826/757/31 1795/757/31
f 1934/1091/31 1897/1137/31 1865/1138/31
f 1992/757/31 1775/757/31 1807/757/31
f 2003/757/31 1827/757/31 1796/757/31
f 1933/1092/31 1898/1139/31 1866/1140/31
f 1991/757/31 1776/757/31 1808/757/31
f 2002/757/31 1828/757/31 1797/757/31
f 1932/1093/31 1899/1141/31 1867/1093/31
f 1990/757/31 1777/757/31 1809/757/31
f 2001/757/31 1829/757/31 1798/757/31
f 1931/1094/31 1836/1142/31 1868/1143/31
f 1989/757/31 1778/757/31 1810/757/31
f 2000/757/31 1830/757/31 1799/757/31
f 1930/1095/31 1838/1144/31 1869/1145/31
f 1988/757/31 1779/757/31 1811/757/31
f 1999/757/31 1831/757/31 1800/757/31
f 1929/1096/31 1839/1146/31 1870/1147/31
f 1987/757/31 1780/757/31 1812/757/31
f 1998/757/31 1832/757/31 1801/757/31
f 1928/1097/31 1840/1148/31 1871/1149/31
f 1986/757/31 1781/757/31 1813/757/31
f 1997/757/31 1833/757/31 1802/757/31
f 1927/1098/31 1841/1150/31 1872/1151/31
f 1985/757/31 1782/757/31 1814/757/31
f 1996/757/31 1834/757/31 1803/757/31
f 1926/1099/31 1842/1152/31 1873/1153/31
f 1984/757/31 1783/757/31 1815/757/31
f 2026/757/31 1835/757/31 1773/757/31
f 1925/1100/31 1843/1154/31 1874/1155/31
f 1983/757/31 1784/757/31 1816/757/31
f 1924/1101/31 1844/1156/31 1875/1157/31
f 1982/757/31 1785/757/31 1817/757/31
f 1923/1102/31 1845/1158/31 1876/1159/31
f 1981/757/31 1786/757/31 1818/757/31
f 1922/1104/31 1846/1160/31 1877/1161/31
f 1980/757/31 1787/757/31 1819/757/31
f 1921/1106/31 1847/1162/31 1878/1163/31
f 1979/757/31 1788/757/31 1820/757/31
f 1920/1108/31 1848/1164/31 1879/1165/31
f 1978/757/31 1789/757/31 1821/757/31
f 1919/1110/31 1849/1166/31 1880/1167/31
f 1977/757/31 1790/757/31 1822/757/31
f 1918/1112/31 1850/1168/31 1881/1169/31
f 1976/757/31 1791/757/31 1823/757/31
f 1917/1114/31 1851/1170/31 1882/1171/31
f 1975/757/31 1792/757/31 1824/757/31
f 1916/1115/31 1852/1070/31 1883/1172/31
f 1974/757/31 1793/757/31 1825/757/31
f 1915/1069/31 1853/1173/31 1884/1174/31
f 1973/757/31 1794/757/31 1826/757/31
f 1914/1071/31 1854/1175/31 1885/1071/31
f 1972/757/31 1795/757/31 1827/757/31
f 1913/1073/31 1855/1176/31 1886/1177/31
f 1971/757/31 1796/757/31 1828/757/31
f 1912/1075/31 1856/1178/31 1887/1179/31
f 1970/757/31 1797/757/31 1829/757/31
f 1962/1116/31 1868/1143/31 1837/1180/31
f 1911/1077/31 1857/1181/31 1888/1182/31
f 1969/757/31 1798/757/31 1830/757/31
f 1963/1117/31 1869/1145/31 1836/1142/31
f 1910/1079/31 1858/1183/31 1889/1184/31
f 1968/757/31 1799/757/31 1831/757/31
f 1961/1118/31 1870/1147/31 1838/1144/31
f 1909/1081/31 1859/1185/31 1890/1186/31
f 1967/757/31 1800/757/31 1832/757/31
f 1960/1119/31 1871/1149/31 1839/1146/31
f 1908/1083/31 1860/1187/31 1891/1188/31
f 1966/757/31 1801/757/31 1833/757/31
f 1959/1120/31 1872/1151/31 1840/1148/31
f 1907/1085/31 1861/1189/31 1892/1190/31
f 1965/757/31 1802/757/31 1834/757/31
f 1958/1121/31 1873/1153/31 1841/1150/31
f 1906/1122/31 1862/1191/31 1893/1192/31
f 1964/757/31 1803/757/31 1835/757/31
f 1957/1123/31 1874/1155/31 1842/1152/31
f 1905/1124/31 1863/1134/31 1894/1193/31
f 2027/757/31 1804/757/31 1772/757/31
f 1956/1125/31 1875/1157/31 1843/1154/31
f 1904/1126/31 1864/1136/31 1895/1133/31
f 2025/757/31 1805/757/31 1774/757/31
f 1955/1127/31 1876/1159/31 1844/1156/31
f 1903/1128/31 1865/1138/31 1896/1135/31
f 2024/757/31 1806/757/31 1775/757/31
f 1954/1129/31 1877/1161/31 1845/1158/31
f 1902/1130/31 1866/1140/31 1897/1137/31
f 2023/757/31 1807/757/31 1776/757/31
f 1953/1103/31 1878/1163/31 1846/1160/31
f 1901/1131/31 1867/1093/31 1898/1139/31
f 2022/757/31 1808/757/31 1777/757/31
f 1952/1105/31 1879/1165/31 1847/1162/31
f 1900/1132/31 1837/1180/31 1899/1141/31
f 2021/757/31 1809/757/31 1778/757/31
f 1951/1107/31 1880/1167/31 1848/1164/31
f 2020/757/31 1810/757/31 1779/757/31
f 1950/1109/31 1881/1169/31 1849/1166/31
f 2019/757/31 1811/757/31 1780/757/31
f 1949/1111/31 1882/1171/31 1850/1168/31
f 2018/757/31 1812/757/31 1781/757/31
f 1948/1113/31 1883/1172/31 1851/1170/31
f 2017/757/31 1813/757/31 1782/757/31
f 1947/1070/31 1884/1174/31 1852/1070/31
f 2016/757/31 1814/757/31 1783/757/31
f 1946/1072/31 1885/1071/31 1853/1173/31
f 2015/757/31 1815/757/31 1784/757/31
f 1945/1074/31 1886/1177/31 1854/1175/31
f 2014/757/31 1816/757/31 1785/757/31
f 1944/1076/31 1887/1179/31 1855/1176/31
f 2013/757/31 1817/757/31 1786/757/31
f 1943/1078/31 1888/1182/31 1856/1178/31
f 2012/757/31 1818/757/31 1787/757/31
f 1942/1080/31 1889/1184/31 1857/1181/31
f 2011/757/31 1819/757/31 1788/757/31
f 1941/1082/31 1890/1186/31 1858/1183/31
f 2010/757/31 1820/757/31 1789/757/31
f 1940/1084/31 1891/1188/31 1859/1185/31
f 2009/757/31 1821/757/31 1790/757/31
f 1939/1086/31 1892/1190/31 1860/1187/31
f 2008/757/31 1822/757/31 1791/757/31
f 1938/1087/31 1893/1192/31 1861/1189/31
f 2007/757/31 1823/757/31 1792/757/31
f 1937/1088/31 1894/1193/31 1862/1191/31
f 1995/757/31 1773/757/31 1804/757/31
f 1884/1174/1105 2074/1194/1105 2043/1195/1105
f 1775/757/1106 2121/757/1106 2152/757/1106
f 1883/1172/1107 2075/1196/1107 2044/1197/1107
f 1774/757/1108 2122/757/1108 2153/757/1108
f 1882/1171/1109 2076/1198/1109 2045/1199/1109
f 1772/757/1110 2123/757/1110 2155/757/1110
f 1881/1169/1111 2077/1200/1111 2046/1201/1111
f 1835/757/1112 2124/757/1112 2092/757/1112
f 1880/1167/1113 2078/1202/1113 2047/1203/1113
f 1834/757/1114 2125/757/1114 2093/757/1114
f 1879/1165/1115 2079/1204/1115 2048/1205/1115
f 1833/757/1116 2126/757/1116 2094/757/1116
f 1878/1163/1117 2080/1206/1117 2049/1207/1117
f 1832/757/1118 2127/757/1118 2095/757/1118
f 1877/1161/1119 2081/1208/1119 2050/1209/1119
f 1831/757/1120 2128/757/1120 2096/757/1120
f 1876/1159/1121 2082/1210/1121 2051/1211/1121
f 1830/757/1122 2129/757/1122 2097/757/1122
f 1844/1156/1123 2052/1212/1123 1875/1157/1123
f 1829/757/1124 2130/757/1124 2098/757/1124
f 1843/1154/1125 2053/1213/1125 1874/1155/1125
f 1828/757/1126 2131/757/1126 2099/757/1126
f 1842/1152/1127 2054/1214/1127 1873/1153/1127
f 1795/757/1128 2100/757/1128 1827/757/1128
f 1841/1150/1129 2055/1215/1129 1872/1151/1129
f 1794/757/1130 2101/757/1130 1826/757/1130
f 1840/1148/1131 2056/1216/1131 1871/1149/1131
f 1793/757/1132 2102/757/1132 1825/757/1132
f 1839/1146/1133 2057/1217/1133 1870/1147/1133
f 1792/757/1134 2103/757/1134 1824/757/1134
f 1838/1144/1135 2058/1218/1135 1869/1145/1135
f 1791/757/1136 2104/757/1136 1823/757/1136
f 1836/1142/1137 2059/1219/1137 1868/1143/1137
f 1790/757/1138 2105/757/1138 1822/757/1138
f 1899/1141/1139 2060/1220/1139 1867/1093/1139
f 1789/757/1140 2106/757/1140 1821/757/1140
f 1898/1139/1141 2061/1221/1141 1866/1140/1141
f 1788/757/1142 2107/757/1142 1820/757/1142
f 1897/1137/1143 2062/1222/1143 1865/1138/1143
f 1787/757/1144 2108/757/1144 1819/757/1144
f 1896/1135/1145 2063/1223/1145 1864/1136/1145
f 1786/757/1146 2109/757/1146 1818/757/1146
f 1895/1133/1147 2064/1224/1147 1863/1134/1147
f 1785/757/1148 2110/757/1148 1817/757/1148
f 1894/1193/1149 2065/1225/1149 1862/1191/1149
f 1784/757/1150 2111/757/1150 1816/757/1150
f 1773/757/1151 2092/757/1151 2154/757/1151
f 1893/1192/1152 2066/1226/1152 1861/1189/1152
f 1783/757/1153 2112/757/1153 1815/757/1153
f 1803/757/1154 2093/757/1154 2124/757/1154
f 1892/1190/1155 2067/1227/1155 1860/1187/1155
f 1782/757/1156 2113/757/1156 1814/757/1156
f 1802/757/1157 2094/757/1157 2125/757/1157
f 1859/1185/1158 2036/1228/1158 2068/1229/1158
f 1781/757/1159 2114/757/1159 1813/757/1159
f 1801/757/1160 2095/757/1160 2126/757/1160
f 1858/1183/1161 2037/1230/1161 2069/1231/1161
f 1780/757/1162 2115/757/1162 1812/757/1162
f 1800/757/1163 2096/757/1163 2127/757/1163
f 1857/1181/1164 2038/1232/1164 2070/1233/1164
f 1811/757/1165 2148/757/1165 2116/757/1165
f 1799/757/1166 2097/757/1166 2128/757/1166
f 1856/1178/1167 2039/1234/1167 2071/1235/1167
f 1810/757/1168 2149/757/1168 2117/757/1168
f 1798/757/1169 2098/757/1169 2129/757/1169
f 1855/1176/1170 2040/1236/1170 2072/1237/1170
f 1809/757/1171 2150/757/1171 2118/757/1171
f 1797/757/1172 2099/757/1172 2130/757/1172
f 1854/1175/1173 2041/1238/1173 2073/1239/1173
f 1808/757/1174 2151/757/1174 2119/757/1174
f 1827/757/1175 2131/757/1175 1796/757/1175
f 1853/1173/1176 2042/1240/1176 2074/1194/1176
f 1807/757/1177 2152/757/1177 2120/757/1177
f 1826/757/1178 2132/757/1178 1795/757/1178
f 1852/1070/1179 2043/1195/1179 2075/1196/1179
f 1806/757/1180 2153/757/1180 2121/757/1180
f 1825/757/1181 2133/757/1181 1794/757/1181
f 1851/1170/1182 2044/1197/1182 2076/1198/1182
f 1805/757/1183 2155/757/1183 2122/757/1183
f 1824/757/1184 2134/757/1184 1793/757/1184
f 1850/1168/1185 2045/1199/1185 2077/1200/1185
f 1804/757/1186 2154/757/1186 2123/757/1186
f 1823/757/1187 2135/757/1187 1792/757/1187
f 1849/1166/1188 2046/1201/1188 2078/1202/1188
f 1822/757/1189 2136/757/1189 1791/757/1189
f 1848/1164/1190 2047/1203/1190 2079/1204/1190
f 1837/1180/1191 2028/1241/1191 1899/1141/1191
f 1821/757/1192 2137/757/1192 1790/757/1192
f 1847/1162/1193 2048/1205/1193 2080/1206/1193
f 1867/1093/1194 2029/1242/1194 1898/1139/1194
f 1820/757/1195 2138/757/1195 1789/757/1195
f 1846/1160/1196 2049/1207/1196 2081/1208/1196
f 1866/1140/1197 2030/1243/1197 1897/1137/1197
f 1819/757/1198 2139/757/1198 1788/757/1198
f 1845/1158/1199 2050/1209/1199 2082/1210/1199
f 1865/1138/1200 2031/1244/1200 1896/1135/1200
f 1818/757/1201 2140/757/1201 1787/757/1201
f 1844/1156/1202 2051/1211/1202 2083/1245/1202
f 1864/1136/1203 2032/1246/1203 1895/1133/1203
f 1817/757/1204 2141/757/1204 1786/757/1204
f 1875/1157/1205 2084/1247/1205 1843/1154/1205
f 1863/1134/1206 2033/1248/1206 1894/1193/1206
f 1816/757/1207 2142/757/1207 1785/757/1207
f 1874/1155/1208 2085/1249/1208 1842/1152/1208
f 1862/1191/1209 2034/1250/1209 1893/1192/1209
f 1815/757/1210 2143/757/1210 1784/757/1210
f 1873/1153/1211 2086/1251/1211 1841/1150/1211
f 1861/1189/1212 2035/1252/1212 1892/1190/1212
f 1814/757/1213 2144/757/1213 1783/757/1213
f 1872/1151/1214 2087/1253/1214 1840/1148/1214
f 1891/1188/1215 2067/1227/1215 2036/1228/1215
f 1813/757/1216 2145/757/1216 1782/757/1216
f 1871/1149/1217 2088/1254/1217 1839/1146/1217
f 1890/1186/1218 2068/1229/1218 2037/1230/1218
f 1812/757/1219 2146/757/1219 1781/757/1219
f 1870/1147/1220 2089/1255/1220 1838/1144/1220
f 1889/1184/1221 2069/1231/1221 2038/1232/1221
f 1780/757/1222 2116/757/1222 2147/757/1222
f 1869/1145/1223 2091/1256/1223 1836/1142/1223
f 1888/1182/1224 2070/1233/1224 2039/1234/1224
f 1779/757/1225 2117/757/1225 2148/757/1225
f 1868/1143/1226 2090/1257/1226 1837/1180/1226
f 1887/1179/1227 2071/1235/1227 2040/1236/1227
f 1778/757/1228 2118/757/1228 2149/757/1228
f 1886/1177/1229 2072/1237/1229 2041/1238/1229
f 1777/757/1230 2119/757/1230 2150/757/1230
f 1885/1071/1231 2073/1239/1231 2042/1240/1231
f 1776/757/1232 2120/757/1232 2151/757/1232
f 2052/1212/1233 2292/1258/1233 2323/1259/1233
f 2129/757/1234 2278/757/1234 2097/757/1234
f 2082/1210/1235 2324/1260/1235 2051/1211/1235
f 2128/757/1236 2279/757/1236 2096/757/1236
f 2081/1208/1237 2325/1261/1237 2050/1209/1237
f 2127/757/1238 2280/757/1238 2095/757/1238
f 2080/1206/1239 2326/1262/1239 2049/1207/1239
f 2126/757/1240 2281/757/1240 2094/757/1240
f 2079/1204/1241 2327/1263/1241 2048/1205/1241
f 2125/757/1242 2282/757/1242 2093/757/1242
f 2078/1202/1243 2328/1264/1243 2047/1203/1243
f 2124/757/1244 2283/757/1244 2092/757/1244
f 2077/1200/1245 2329/1265/1245 2046/1201/1245
f 2123/757/1246 2220/757/1246 2155/757/1246
f 2076/1198/1247 2330/1266/1247 2045/1199/1247
f 2122/757/1248 2222/757/1248 2153/757/1248
f 2075/1196/1249 2331/1267/1249 2044/1197/1249
f 2121/757/1250 2223/757/1250 2152/757/1250
f 2074/1194/1251 2332/1268/1251 2043/1195/1251
f 2120/757/1252 2224/757/1252 2151/757/1252
f 2073/1239/1253 2333/1269/1253 2042/1240/1253
f 2119/757/1254 2225/757/1254 2150/757/1254
f 2072/1237/1255 2334/1270/1255 2041/1238/1255
f 2118/757/1256 2226/757/1256 2149/757/1256
f 2071/1235/1257 2335/1271/1257 2040/1236/1257
f 2090/1257/1258 2316/1272/1258 2285/1273/1258
f 2117/757/1259 2227/757/1259 2148/757/1259
f 2070/1233/1260 2336/1274/1260 2039/1234/1260
f 2091/1256/1261 2317/1275/1261 2284/1276/1261
f 2116/757/1262 2228/757/1262 2147/757/1262
f 2069/1231/1263 2337/1277/1263 2038/1232/1263
f 2089/1255/1264 2318/1278/1264 2286/1279/1264
f 2146/757/1265 2260/757/1265 2229/757/1265
f 2068/1229/1266 2338/1280/1266 2037/1230/1266
f 2088/1254/1267 2319/1281/1267 2287/1282/1267
f 2145/757/1268 2261/757/1268 2230/757/1268
f 2067/1227/1269 2339/1283/1269 2036/1228/1269
f 2087/1253/1270 2320/1284/1270 2288/1285/1270
f 2144/757/1271 2262/757/1271 2231/757/1271
f 2035/1252/1272 2309/1286/1272 2340/1287/1272
f 2086/1251/1273 2321/1288/1273 2289/1289/1273
f 2143/757/1274 2263/757/1274 2232/757/1274
f 2034/1250/1275 2310/1290/1275 2341/1291/1275
f 2085/1249/1276 2322/1292/1276 2290/1293/1276
f 2142/757/1277 2264/757/1277 2233/757/1277
f 2033/1248/1278 2311/1294/1278 2342/1295/1278
f 2084/1247/1279 2323/1259/1279 2291/1296/1279
f 2141/757/1280 2265/757/1280 2234/757/1280
f 2032/1246/1281 2312/1297/1281 2343/1298/1281
f 2051/1211/1282 2292/1258/1282 2083/1245/1282
f 2140/757/1283 2266/757/1283 2235/757/1283
f 2031/1244/1284 2313/1299/1284 2344/1300/1284
f 2050/1209/1285 2293/1301/1285 2082/1210/1285
f 2139/757/1286 2267/757/1286 2236/757/1286
f 2030/1243/1287 2314/1302/1287 2345/1303/1287
f 2049/1207/1288 2294/1304/1288 2081/1208/1288
f 2138/757/1289 2268/757/1289 2237/757/1289
f 2029/1242/1290 2315/1305/1290 2346/1306/1290
f 2048/1205/1291 2295/1307/1291 2080/1206/1291
f 2137/757/1292 2269/757/1292 2238/757/1292
f 2028/1241/1293 2285/1273/1293 2347/1308/1293
f 2047/1203/1294 2296/1309/1294 2079/1204/1294
f 2136/757/1295 2270/757/1295 2239/757/1295
f 2046/1201/1296 2297/1310/1296 2078/1202/1296
f 2135/757/1297 2271/757/1297 2240/757/1297
f 2154/757/1298 2252/757/1298 2123/757/1298
f 2045/1199/1299 2298/1311/1299 2077/1200/1299
f 2134/757/1300 2272/757/1300 2241/757/1300
f 2155/757/1301 2253/757/1301 2122/757/1301
f 2044/1197/1302 2299/1312/1302 2076/1198/1302
f 2133/757/1303 2273/757/1303 2242/757/1303
f 2153/757/1304 2254/757/1304 2121/757/1304
f 2043/1195/1305 2300/1313/1305 2075/1196/1305
f 2132/757/1306 2274/757/1306 2243/757/1306
f 2152/757/1307 2255/757/1307 2120/757/1307
f 2042/1240/1308 2301/1314/1308 2074/1194/1308
f 2131/757/1309 2275/757/1309 2244/757/1309
f 2151/757/1310 2256/757/1310 2119/757/1310
f 2041/1238/1311 2302/1315/1311 2073/1239/1311
f 2099/757/1312 2245/757/1312 2130/757/1312
f 2150/757/1313 2257/757/1313 2118/757/1313
f 2040/1236/1314 2303/1316/1314 2072/1237/1314
f 2098/757/1315 2246/757/1315 2129/757/1315
f 2149/757/1316 2258/757/1316 2117/757/1316
f 2039/1234/1317 2304/1317/1317 2071/1235/1317
f 2097/757/1318 2247/757/1318 2128/757/1318
f 2148/757/1319 2259/757/1319 2116/757/1319
f 2038/1232/1320 2305/1318/1320 2070/1233/1320
f 2096/757/1321 2248/757/1321 2127/757/1321
f 2115/757/1322 2228/757/1322 2260/757/1322
f 2037/1230/1323 2306/1319/1323 2069/1231/1323
f 2095/757/1324 2249/757/1324 2126/757/1324
f 2114/757/1325 2229/757/1325 2261/757/1325
f 2036/1228/1326 2307/1320/1326 2068/1229/1326
f 2094/757/1327 2250/757/1327 2125/757/1327
f 2113/757/1328 2230/757/1328 2262/757/1328
f 2067/1227/1329 2340/1287/1329 2308/1321/1329
f 2093/757/1330 2251/757/1330 2124/757/1330
f 2112/757/1331 2231/757/1331 2263/757/1331
f 2066/1226/1332 2341/1291/1332 2309/1286/1332
f 2092/757/1333 2221/757/1333 2154/757/1333
f 2111/757/1334 2232/757/1334 2264/757/1334
f 2065/1225/1335 2342/1295/1335 2310/1290/1335
f 2110/757/1336 2233/757/1336 2265/757/1336
f 2064/1224/1337 2343/1298/1337 2311/1294/1337
f 2109/757/1338 2234/757/1338 2266/757/1338
f 2063/1223/1339 2344/1300/1339 2312/1297/1339
f 2108/757/1286 2235/757/1286 2267/757/1286
f 2062/1222/1340 2345/1303/1340 2313/1299/1340
f 2107/757/1341 2236/757/1341 2268/757/1341
f 2061/1221/1342 2346/1306/1342 2314/1302/1342
f 2106/757/1343 2237/757/1343 2269/757/1343
f 2060/1220/1344 2347/1308/1344 2315/1305/1344
f 2105/757/1345 2238/757/1345 2270/757/1345
f 2059/1219/1346 2284/1276/1346 2316/1272/1346
f 2104/757/1347 2239/757/1347 2271/757/1347
f 2058/1218/1348 2286/1279/1348 2317/1275/1348
f 2103/757/1349 2240/757/1349 2272/757/1349
f 2057/1217/1350 2287/1282/1350 2318/1278/1350
f 2102/757/1351 2241/757/1351 2273/757/1351
f 2056/1216/1352 2288/1285/1352 2319/1281/1352
f 2101/757/1353 2242/757/1353 2274/757/1353
f 2055/1215/1354 2289/1289/1354 2320/1284/1354
f 2100/757/1355 2243/757/1355 2275/757/1355
f 2054/1214/1356 2290/1293/1356 2321/1288/1356
f 2131/757/1357 2276/757/1357 2099/757/1357
f 2053/1213/1358 2291/1296/1358 2322/1292/1358
f 2130/757/1359 2277/757/1359 2098/757/1359
f 2261/757/1360 2402/757/1360 2370/757/1360
f 2322/1292/1361 2212/1322/1361 2181/1323/1361
f 2280/757/1362 2382/757/1362 2249/757/1362
f 2260/757/1363 2403/757/1363 2371/757/1363
f 2321/1288/1364 2213/1324/1364 2182/1325/1364
f 2279/757/1365 2383/757/1365 2248/757/1365
f 2227/757/1366 2372/757/1366 2259/757/1366
f 2320/1284/1367 2214/1326/1367 2183/1327/1367
f 2278/757/1368 2384/757/1368 2247/757/1368
f 2226/757/1369 2373/757/1369 2258/757/1369
f 2319/1281/1370 2215/1328/1370 2184/1329/1370
f 2277/757/1371 2385/757/1371 2246/757/1371
f 2225/757/1372 2374/757/1372 2257/757/1372
f 2318/1278/1373 2216/1330/1373 2185/1331/1373
f 2276/757/1374 2386/757/1374 2245/757/1374
f 2224/757/1375 2375/757/1375 2256/757/1375
f 2317/1275/1376 2217/1332/1376 2186/1333/1376
f 2244/757/1377 2356/757/1377 2387/757/1377
f 2223/757/1378 2376/757/1378 2255/757/1378
f 2316/1272/1379 2219/1334/1379 2187/1335/1379
f 2243/757/1380 2357/757/1380 2388/757/1380
f 2222/757/1381 2377/757/1381 2254/757/1381
f 2315/1305/1382 2156/1336/1382 2188/1337/1382
f 2242/757/1383 2358/757/1383 2389/757/1383
f 2220/757/1384 2378/757/1384 2253/757/1384
f 2314/1302/1385 2157/1338/1385 2189/1339/1385
f 2241/757/1386 2359/757/1386 2390/757/1386
f 2221/757/1387 2379/757/1387 2252/757/1387
f 2313/1299/1388 2158/1340/1388 2190/1341/1388
f 2240/757/1389 2360/757/1389 2391/757/1389
f 2312/1297/1390 2159/1342/1390 2191/1343/1390
f 2239/757/1391 2361/757/1391 2392/757/1391
f 2311/1294/1392 2160/1344/1392 2192/1345/1392
f 2238/757/1393 2362/757/1393 2393/757/1393
f 2310/1290/1394 2161/1346/1394 2193/1347/1394
f 2237/757/1395 2363/757/1395 2394/757/1395
f 2309/1286/1396 2162/1348/1396 2194/1349/1396
f 2236/757/1382 2364/757/1382 2395/757/1382
f 2308/1321/1397 2163/1350/1397 2195/1351/1397
f 2235/757/1398 2365/757/1398 2396/757/1398
f 2339/1283/1399 2196/1352/1399 2307/1320/1399
f 2234/757/1400 2366/757/1400 2397/757/1400
f 2338/1280/1401 2197/1353/1401 2306/1319/1401
f 2233/757/1402 2367/757/1402 2398/757/1402
f 2337/1277/1403 2198/1354/1403 2305/1318/1403
f 2232/757/1404 2368/757/1404 2399/757/1404
f 2336/1274/1405 2199/1355/1405 2304/1317/1405
f 2231/757/1406 2369/757/1406 2400/757/1406
f 2335/1271/1407 2200/1356/1407 2303/1316/1407
f 2230/757/1408 2370/757/1408 2401/757/1408
f 2334/1270/1409 2201/1357/1409 2302/1315/1409
f 2229/757/1410 2371/757/1410 2402/757/1410
f 2333/1269/1411 2202/1358/1411 2301/1314/1411
f 2259/757/1366 2403/757/1366 2228/757/1366
f 2332/1268/1387 2203/1359/1387 2300/1313/1387
f 2258/757/1412 2404/757/1412 2227/757/1412
f 2331/1267/1413 2204/1360/1413 2299/1312/1413
f 2257/757/1372 2405/757/1372 2226/757/1372
f 2330/1266/1414 2205/1361/1414 2298/1311/1414
f 2256/757/1415 2406/757/1415 2225/757/1415
f 2329/1265/1416 2206/1362/1416 2297/1310/1416
f 2255/757/1417 2407/757/1417 2224/757/1417
f 2328/1264/1418 2207/1363/1418 2296/1309/1418
f 2254/757/1419 2408/757/1419 2223/757/1419
f 2347/1308/1382 2218/1364/1382 2156/1336/1382
f 2327/1263/1420 2208/1365/1420 2295/1307/1420
f 2253/757/1421 2409/757/1421 2222/757/1421
f 2346/1306/1422 2188/1337/1422 2157/1338/1422
f 2326/1262/1423 2209/1366/1423 2294/1304/1423
f 2252/757/1387 2411/757/1387 2220/757/1387
f 2345/1303/1388 2189/1339/1388 2158/1340/1388
f 2325/1261/1424 2210/1367/1424 2293/1301/1424
f 2251/757/1413 2348/757/1413 2283/757/1413
f 2344/1300/1390 2190/1341/1390 2159/1342/1390
f 2324/1260/1425 2211/1368/1425 2292/1258/1425
f 2250/757/1426 2349/757/1426 2282/757/1426
f 2343/1298/1392 2191/1343/1392 2160/1344/1392
f 2291/1296/1427 2180/1369/1427 2212/1322/1427
f 2249/757/1428 2350/757/1428 2281/757/1428
f 2342/1295/1394 2192/1345/1394 2161/1346/1394
f 2290/1293/1429 2181/1323/1429 2213/1324/1429
f 2248/757/1362 2351/757/1362 2280/757/1362
f 2341/1291/1430 2193/1347/1430 2162/1348/1430
f 2289/1289/1431 2182/1325/1431 2214/1326/1431
f 2247/757/1432 2352/757/1432 2279/757/1432
f 2340/1287/1433 2194/1349/1433 2163/1350/1433
f 2288/1285/1434 2183/1327/1434 2215/1328/1434
f 2246/757/1368 2353/757/1368 2278/757/1368
f 2308/1321/1399 2164/1370/1399 2339/1283/1399
f 2287/1282/1370 2184/1329/1370 2216/1330/1370
f 2245/757/1435 2354/757/1435 2277/757/1435
f 2307/1320/1436 2165/1371/1436 2338/1280/1436
f 2286/1279/1373 2185/1331/1373 2217/1332/1373
f 2244/757/1437 2355/757/1437 2276/757/1437
f 2306/1319/1438 2166/1372/1438 2337/1277/1438
f 2284/1276/1439 2186/1333/1439 2219/1334/1439
f 2275/757/1440 2388/757/1440 2356/757/1440
f 2305/1318/1441 2167/1373/1441 2336/1274/1441
f 2285/1273/1379 2187/1335/1379 2218/1364/1379
f 2274/757/1442 2389/757/1442 2357/757/1442
f 2304/1317/1407 2168/1374/1407 2335/1271/1407
f 2273/757/1383 2390/757/1383 2358/757/1383
f 2303/1316/1409 2169/1375/1409 2334/1270/1409
f 2272/757/1443 2391/757/1443 2359/757/1443
f 2302/1315/1411 2170/1376/1411 2333/1269/1411
f 2271/757/1389 2392/757/1389 2360/757/1389
f 2301/1314/1444 2171/1377/1444 2332/1268/1444
f 2270/757/1391 2393/757/1391 2361/757/1391
f 2300/1313/1413 2172/1378/1413 2331/1267/1413
f 2269/757/1393 2394/757/1393 2362/757/1393
f 2299/1312/1414 2173/1379/1414 2330/1266/1414
f 2268/757/1379 2395/757/1379 2363/757/1379
f 2298/1311/1445 2174/1380/1445 2329/1265/1445
f 2267/757/1382 2396/757/1382 2364/757/1382
f 2297/1310/1418 2175/1381/1418 2328/1264/1418
f 2266/757/1446 2397/757/1446 2365/757/1446
f 2296/1309/1447 2176/1382/1447 2327/1263/1447
f 2265/757/1400 2398/757/1400 2366/757/1400
f 2295/1307/1423 2177/1383/1423 2326/1262/1423
f 2264/757/1402 2399/757/1402 2367/757/1402
f 2294/1304/1448 2178/1384/1448 2325/1261/1448
f 2283/757/1413 2410/757/1413 2221/757/1413
f 2263/757/1404 2400/757/1404 2368/757/1404
f 2293/1301/1449 2179/1385/1449 2324/1260/1449
f 2282/757/1450 2380/757/1450 2251/757/1450
f 2262/757/1451 2401/757/1451 2369/757/1451
f 2323/1259/1452 2211/1368/1452 2180/1369/1452
f 2281/757/1428 2381/757/1428 2250/757/1428
f 2174/1380/1453 2553/1386/1453 2206/1362/1453
f 2387/757/1454 2532/757/1454 2355/757/1454
f 2173/1379/1455 2554/1387/1455 2205/1361/1455
f 2386/757/1456 2533/757/1456 2354/757/1456
f 2172/1378/1457 2555/1388/1457 2204/1360/1457
f 2385/757/1458 2534/757/1458 2353/757/1458
f 2171/1377/1459 2556/1389/1459 2203/1359/1459
f 2384/757/1460 2535/757/1460 2352/757/1460
f 2170/1376/1461 2557/1390/1461 2202/1358/1461
f 2383/757/1462 2536/757/1462 2351/757/1462
f 2169/1375/1463 2558/1391/1463 2201/1357/1463
f 2382/757/1464 2537/757/1464 2350/757/1464
f 2168/1374/1465 2559/1392/1465 2200/1356/1465
f 2381/757/1466 2538/757/1466 2349/757/1466
f 2167/1373/1467 2560/1393/1467 2199/1355/1467
f 2380/757/1468 2539/757/1468 2348/757/1468
f 2166/1372/1469 2561/1394/1469 2198/1354/1469
f 2379/757/1470 2476/757/1470 2411/757/1470
f 2165/1371/1471 2562/1395/1471 2197/1353/1471
f 2378/757/1472 2478/757/1472 2409/757/1472
f 2196/1352/1473 2595/1396/1473 2563/1397/1473
f 2377/757/1474 2479/757/1474 2408/757/1474
f 2195/1351/1475 2596/1398/1475 2564/1399/1475
f 2376/757/1476 2480/757/1476 2407/757/1476
f 2194/1349/1477 2597/1400/1477 2565/1401/1477
f 2375/757/1478 2481/757/1478 2406/757/1478
f 2193/1347/1479 2598/1402/1479 2566/1403/1479
f 2374/757/1480 2482/757/1480 2405/757/1480
f 2192/1345/1481 2599/1404/1481 2567/1405/1481
f 2373/757/1482 2483/757/1482 2404/757/1482
f 2191/1343/1483 2600/1406/1483 2568/1407/1483
f 2403/757/1484 2515/757/1484 2484/757/1484
f 2190/1341/1485 2601/1408/1485 2569/1409/1485
f 2402/757/1486 2516/757/1486 2485/757/1486
f 2189/1339/1487 2602/1410/1487 2570/1411/1487
f 2401/757/1488 2517/757/1488 2486/757/1488
f 2188/1337/1489 2603/1412/1489 2571/1413/1489
f 2400/757/1490 2518/757/1490 2487/757/1490
f 2187/1335/1491 2540/1414/1491 2572/1415/1491
f 2399/757/1492 2519/757/1492 2488/757/1492
f 2186/1333/1493 2542/1416/1493 2573/1417/1493
f 2398/757/1494 2520/757/1494 2489/757/1494
f 2185/1331/1495 2543/1418/1495 2574/1419/1495
f 2397/757/1496 2521/757/1496 2490/757/1496
f 2184/1329/1497 2544/1420/1497 2575/1421/1497
f 2396/757/1498 2522/757/1498 2491/757/1498
f 2183/1327/1499 2545/1422/1499 2576/1423/1499
f 2395/757/1500 2523/757/1500 2492/757/1500
f 2182/1325/1501 2546/1424/1501 2577/1425/1501
f 2394/757/1502 2524/757/1502 2493/757/1502
f 2181/1323/1503 2547/1426/1503 2578/1427/1503
f 2393/757/1504 2525/757/1504 2494/757/1504
f 2211/1368/1505 2579/1428/1505 2180/1369/1505
f 2392/757/1506 2526/757/1506 2495/757/1506
f 2210/1367/1507 2580/1429/1507 2179/1385/1507
f 2391/757/1508 2527/757/1508 2496/757/1508
f 2410/757/1509 2508/757/1509 2379/757/1509
f 2209/1430/1510 2581/1431/1510 2178/1384/1510
f 2390/757/1511 2528/757/1511 2497/757/1511
f 2411/757/1512 2509/757/1512 2378/757/1512
f 2208/1365/1513 2582/1432/1513 2177/1383/1513
f 2389/757/1514 2529/757/1514 2498/757/1514
f 2409/757/1515 2510/757/1515 2377/757/1515
f 2207/1363/1516 2583/1433/1516 2176/1382/1516
f 2388/757/1517 2530/757/1517 2499/757/1517
f 2408/757/1518 2511/757/1518 2376/757/1518
f 2206/1362/1519 2584/1434/1519 2175/1381/1519
f 2356/757/1520 2500/757/1520 2387/757/1520
f 2407/757/1521 2512/757/1521 2375/757/1521
f 2205/1361/1522 2585/1435/1522 2174/1380/1522
f 2355/757/1523 2501/757/1523 2386/757/1523
f 2406/757/1524 2513/757/1524 2374/757/1524
f 2204/1360/1525 2586/1436/1525 2173/1379/1525
f 2354/757/1526 2502/757/1526 2385/757/1526
f 2405/757/1527 2514/757/1527 2373/757/1527
f 2203/1359/1528 2587/1437/1528 2172/1378/1528
f 2353/757/1529 2503/757/1529 2384/757/1529
f 2372/757/1530 2483/757/1530 2515/757/1530
f 2202/1358/1531 2588/1438/1531 2171/1377/1531
f 2352/757/1532 2504/757/1532 2383/757/1532
f 2371/757/1533 2484/757/1533 2516/757/1533
f 2201/1357/1534 2589/1439/1534 2170/1376/1534
f 2351/757/1535 2505/757/1535 2382/757/1535
f 2370/757/1536 2485/757/1536 2517/757/1536
f 2200/1356/1537 2590/1440/1537 2169/1375/1537
f 2350/757/1538 2506/757/1538 2381/757/1538
f 2369/757/1539 2486/757/1539 2518/757/1539
f 2199/1355/1540 2591/1441/1540 2168/1374/1540
f 2218/1364/1541 2572/1415/1541 2541/1442/1541
f 2349/757/1542 2507/757/1542 2380/757/1542
f 2368/757/1543 2487/757/1543 2519/757/1543
f 2198/1354/1544 2592/1443/1544 2167/1373/1544
f 2219/1334/1545 2573/1417/1545 2540/1414/1545
f 2348/757/1546 2477/757/1546 2410/757/1546
f 2367/757/1547 2488/757/1547 2520/757/1547
f 2197/1353/1548 2593/1444/1548 2166/1372/1548
f 2217/1332/1549 2574/1419/1549 2542/1416/1549
f 2366/757/1550 2489/757/1550 2521/757/1550
f 2196/1352/1551 2594/1445/1551 2165/1371/1551
f 2216/1330/1552 2575/1421/1552 2543/1418/1552
f 2365/757/1553 2490/757/1553 2522/757/1553
f 2164/1370/1554 2564/1399/1554 2595/1396/1554
f 2215/1328/1555 2576/1423/1555 2544/1420/1555
f 2364/757/1556 2491/757/1556 2523/757/1556
f 2163/1350/1557 2565/1401/1557 2596/1398/1557
f 2214/1326/1558 2577/1425/1558 2545/1422/1558
f 2363/757/1559 2492/757/1559 2524/757/1559
f 2162/1348/1560 2566/1403/1560 2597/1400/1560
f 2213/1324/1561 2578/1427/1561 2546/1424/1561
f 2362/757/1562 2493/757/1562 2525/757/1562
f 2161/1346/1563 2567/1405/1563 2598/1402/1563
f 2180/1369/1564 2547/1426/1564 2212/1322/1564
f 2361/757/1565 2494/757/1565 2526/757/1565
f 2160/1344/1566 2568/1407/1566 2599/1404/1566
f 2179/1385/1567 2548/1446/1567 2211/1368/1567
f 2360/757/1568 2495/757/1568 2527/757/1568
f 2159/1342/1569 2569/1409/1569 2600/1406/1569
f 2178/1384/1570 2549/1447/1570 2210/1367/1570
f 2359/757/1571 2496/757/1571 2528/757/1571
f 2158/1340/1572 2570/1411/1572 2601/1408/1572
f 2177/1383/1573 2550/1448/1573 2209/1366/1573
f 2358/757/1574 2497/757/1574 2529/757/1574
f 2157/1338/1575 2571/1413/1575 2602/1410/1575
f 2176/1382/1576 2551/1449/1576 2208/1365/1576
f 2357/757/1577 2498/757/1577 2530/757/1577
f 2156/1336/1578 2541/1442/1578 2603/1412/1578
f 2175/1381/1579 2552/1450/1579 2207/1363/1579
f 2388/757/1580 2531/757/1580 2356/757/1580
f 2511/757/1581 2663/757/1581 2480/757/1581
f 2583/1433/1582 2463/1451/1582 2432/1452/1582
f 2510/757/1583 2664/757/1583 2479/757/1583
f 2582/1432/1584 2464/1453/1584 2433/1454/1584
f 2509/757/1585 2665/757/1585 2478/757/1585
f 2581/1431/1586 2465/1455/1586 2434/1456/1586
f 2508/757/1587 2667/757/1587 2476/757/1587
f 2580/1429/1588 2466/1457/1588 2435/1458/1588
f 2507/757/1589 2604/757/1589 2539/757/1589
f 2579/1428/1590 2467/1459/1590 2436/1460/1590
f 2506/757/1591 2605/757/1591 2538/757/1591
f 2578/1427/1592 2468/1461/1592 2437/1462/1592
f 2505/757/1593 2606/757/1593 2537/757/1593
f 2577/1425/1594 2469/1463/1594 2438/1464/1594
f 2504/757/1595 2607/757/1595 2536/757/1595
f 2576/1423/1596 2470/1465/1596 2439/1466/1596
f 2503/757/1597 2608/757/1597 2535/757/1597
f 2575/1421/1598 2471/1467/1598 2440/1468/1598
f 2574/1419/1599 2472/1469/1599 2441/1470/1599
f 2502/757/1600 2609/757/1600 2534/757/1600
f 2573/1417/1601 2473/1471/1601 2442/1472/1601
f 2501/757/1602 2610/757/1602 2533/757/1602
f 2572/1415/1603 2475/1473/1603 2443/1474/1603
f 2500/757/1604 2611/757/1604 2532/757/1604
f 2571/1413/1605 2412/1475/1605 2444/1476/1605
f 2499/757/1606 2612/757/1606 2531/757/1606
f 2570/1411/1607 2413/1477/1607 2445/1478/1607
f 2498/757/1608 2613/757/1608 2530/757/1608
f 2569/1409/1609 2414/1479/1609 2446/1480/1609
f 2497/757/1610 2614/757/1610 2529/757/1610
f 2568/1407/1611 2415/1481/1611 2447/1482/1611
f 2496/757/1612 2615/1483/1612 2528/757/1612
f 2567/1405/1613 2416/1484/1613 2448/1485/1613
f 2495/757/1614 2616/1483/1614 2527/757/1614
f 2566/1403/1615 2417/1486/1615 2449/1487/1615
f 2494/757/1616 2617/1483/1616 2526/757/1616
f 2565/1401/1617 2418/1488/1617 2450/1489/1617
f 2493/757/1618 2618/1483/1618 2525/757/1618
f 2564/1399/1619 2419/1490/1619 2451/1491/1619
f 2492/757/1620 2619/1483/1620 2524/757/1620
f 2491/757/1621 2620/1483/1621 2523/757/1621
f 2563/1397/1622 2420/1492/1622 2452/1493/1622
f 2490/757/1623 2621/1483/1623 2522/757/1623
f 2562/1395/1624 2421/1494/1624 2453/1495/1624
f 2489/757/1625 2622/1483/1625 2521/757/1625
f 2561/1394/1626 2422/1496/1626 2454/1497/1626
f 2488/757/1627 2623/1483/1627 2520/757/1627
f 2560/1393/1628 2423/1498/1628 2455/1499/1628
f 2539/757/1629 2666/757/1629 2477/757/1629
f 2487/757/1630 2624/1483/1630 2519/757/1630
f 2559/1392/1631 2424/1500/1631 2456/1501/1631
f 2538/757/1632 2636/757/1632 2507/757/1632
f 2486/757/1633 2625/1483/1633 2518/757/1633
f 2558/1391/1634 2425/1502/1634 2457/1503/1634
f 2537/757/1635 2637/757/1635 2506/757/1635
f 2485/757/1636 2626/757/1636 2517/757/1636
f 2557/1390/1637 2426/1504/1637 2458/1505/1637
f 2536/757/1638 2638/757/1638 2505/757/1638
f 2484/757/1639 2627/757/1639 2516/757/1639
f 2556/1389/1640 2427/1506/1640 2459/1507/1640
f 2535/757/1641 2639/757/1641 2504/757/1641
f 2483/757/1642 2628/757/1642 2515/757/1642
f 2555/1388/1643 2428/1508/1643 2460/1509/1643
f 2534/757/1644 2640/757/1644 2503/757/1644
f 2482/757/1645 2629/757/1645 2514/757/1645
f 2554/1387/1646 2429/1510/1646 2461/1511/1646
f 2533/757/1647 2641/757/1647 2502/757/1647
f 2481/757/1648 2630/757/1648 2513/757/1648
f 2553/1386/1649 2430/1512/1649 2462/1513/1649
f 2532/757/1650 2642/757/1650 2501/757/1650
f 2552/1450/1651 2431/1514/1651 2463/1451/1651
f 2480/757/1652 2631/757/1652 2512/757/1652
f 2531/757/1653 2643/757/1653 2500/757/1653
f 2603/1412/1654 2474/1515/1654 2412/1475/1654
f 2551/1449/1655 2432/1452/1655 2464/1453/1655
f 2479/757/1656 2632/757/1656 2511/757/1656
f 2530/757/1657 2644/757/1657 2499/757/1657
f 2602/1410/1658 2444/1476/1658 2413/1477/1658
f 2550/1448/1659 2433/1454/1659 2465/1455/1659
f 2478/757/1660 2633/757/1660 2510/757/1660
f 2529/757/1661 2645/757/1661 2498/757/1661
f 2601/1408/1662 2445/1478/1662 2414/1479/1662
f 2549/1447/1663 2434/1456/1663 2466/1457/1663
f 2476/757/1664 2634/757/1664 2509/757/1664
f 2528/757/1665 2646/757/1665 2497/757/1665
f 2600/1406/1666 2446/1480/1666 2415/1481/1666
f 2548/1446/1667 2435/1458/1667 2467/1459/1667
f 2477/757/1668 2635/757/1668 2508/757/1668
f 2527/757/1669 2647/1483/1669 2496/757/1669
f 2599/1404/1670 2447/1482/1670 2416/1484/1670
f 2547/1426/1671 2436/1460/1671 2468/1461/1671
f 2526/757/1672 2648/1483/1672 2495/757/1672
f 2598/1402/1673 2448/1485/1673 2417/1486/1673
f 2546/1424/1674 2437/1462/1674 2469/1463/1674
f 2525/757/1675 2649/1483/1675 2494/757/1675
f 2597/1400/1676 2449/1487/1676 2418/1488/1676
f 2545/1422/1677 2438/1464/1677 2470/1465/1677
f 2524/757/1678 2650/1483/1678 2493/757/1678
f 2596/1398/1679 2450/1489/1679 2419/1490/1679
f 2544/1420/1680 2439/1466/1680 2471/1467/1680
f 2523/757/1681 2651/1483/1681 2492/757/1681
f 2595/1396/1682 2451/1491/1682 2420/1492/1682
f 2543/1418/1683 2440/1468/1683 2472/1469/1683
f 2522/757/1684 2652/1483/1684 2491/757/1684
f 2594/1445/1685 2452/1493/1685 2421/1494/1685
f 2542/1416/1686 2441/1470/1686 2473/1471/1686
f 2521/757/1687 2653/1483/1687 2490/757/1687
f 2593/1444/1688 2453/1495/1688 2422/1496/1688
f 2540/1414/1689 2442/1472/1689 2475/1473/1689
f 2520/757/1690 2654/1483/1690 2489/757/1690
f 2592/1443/1691 2454/1497/1691 2423/1498/1691
f 2541/1442/1692 2443/1474/1692 2474/1515/1692
f 2519/757/1693 2655/1483/1693 2488/757/1693
f 2591/1441/1694 2455/1499/1694 2424/1500/1694
f 2518/757/1695 2656/1483/1695 2487/757/1695
f 2590/1440/1696 2456/1501/1696 2425/1502/1696
f 2517/757/1697 2657/1516/1697 2486/757/1697
f 2589/1439/1698 2457/1503/1698 2426/1504/1698
f 2516/757/1699 2658/757/1699 2485/757/1699
f 2588/1438/1700 2458/1505/1700 2427/1506/1700
f 2515/757/1701 2659/757/1701 2484/757/1701
f 2587/1437/1702 2459/1507/1702 2428/1508/1702
f 2514/757/1703 2660/757/1703 2483/757/1703
f 2586/1436/1704 2460/1509/1704 2429/1510/1704
f 2513/757/1705 2661/757/1705 2482/757/1705
f 2585/1435/1706 2461/1511/1706 2430/1512/1706
f 2512/757/1707 2662/757/1707 2481/757/1707
f 2584/1434/1708 2462/1513/1708 2431/1514/1708
f 2437/1462/1709 2739/1517/1709 2770/1518/1709
f 2616/1483/1710 2687/1519/1710 2719/1520/1710
f 2436/1460/1711 2740/1521/1711 2771/1522/1711
f 2615/1483/1712 2688/1523/1712 2720/1523/1712
f 2435/1458/1713 2741/1524/1713 2772/1525/1713
f 2614/757/1714 2689/1526/1714 2721/1526/1714
f 2434/1456/1715 2742/1527/1715 2773/1528/1715
f 2613/757/1716 2690/1526/1716 2722/1526/1716
f 2433/1454/1717 2743/1529/1717 2774/1530/1717
f 2612/757/1718 2691/1526/1718 2723/1523/1718
f 2432/1452/1719 2744/1531/1719 2775/1532/1719
f 2611/757/1720 2692/1523/1720 2724/1520/1720
f 2431/1514/1721 2745/1533/1721 2776/1534/1721
f 2610/757/1722 2693/1535/1722 2725/1536/1722
f 2430/1512/1723 2746/1537/1723 2777/1538/1723
f 2609/757/1724 2694/1539/1724 2726/1540/1724
f 2429/1510/1725 2747/1541/1725 2778/1542/1725
f 2608/757/1726 2695/1543/1726 2727/1544/1726
f 2428/1508/1727 2748/1545/1727 2779/1546/1727
f 2607/757/1728 2696/1547/1728 2728/1548/1728
f 2427/1506/1729 2749/1549/1729 2780/1550/1729
f 2606/757/1730 2697/1551/1730 2729/1552/1730
f 2457/1503/1731 2781/1553/1731 2426/1504/1731
f 2605/757/1732 2698/1554/1732 2730/1555/1732
f 2456/1501/1733 2782/1556/1733 2425/1502/1733
f 2604/757/1734 2699/1557/1734 2731/1558/1734
f 2455/1499/1735 2783/1559/1735 2424/1500/1735
f 2443/1474/1736 2733/1560/1736 2474/1515/1736
f 2667/757/1737 2700/1561/1737 2668/1562/1737
f 2454/1497/1738 2784/1563/1738 2423/1498/1738
f 2475/1473/1739 2765/1564/1739 2732/1565/1739
f 2634/757/1740 2670/1566/1740 2665/757/1740
f 2453/1495/1741 2785/1567/1741 2422/1496/1741
f 2473/1471/1742 2766/1568/1742 2734/1569/1742
f 2633/757/1743 2671/1566/1743 2664/757/1743
f 2452/1493/1744 2786/1570/1744 2421/1494/1744
f 2472/1469/1745 2767/1571/1745 2735/1572/1745
f 2632/757/1746 2672/1566/1746 2663/757/1746
f 2451/1491/1747 2787/1573/1747 2420/1492/1747
f 2471/1467/1748 2768/1574/1748 2736/1575/1748
f 2631/757/1749 2673/1576/1749 2662/757/1749
f 2450/1489/1750 2788/1577/1750 2419/1490/1750
f 2470/1465/1751 2769/1578/1751 2737/1579/1751
f 2630/757/1752 2674/1580/1752 2661/757/1752
f 2449/1487/1753 2789/1581/1753 2418/1488/1753
f 2469/1463/1754 2770/1518/1754 2738/1582/1754
f 2629/757/1755 2675/1583/1755 2660/757/1755
f 2448/1485/1756 2790/1584/1756 2417/1486/1756
f 2468/1461/1757 2771/1522/1757 2739/1517/1757
f 2628/757/1758 2676/1585/1758 2659/757/1758
f 2447/1482/1759 2791/1586/1759 2416/1484/1759
f 2467/1459/1760 2772/1525/1760 2740/1521/1760
f 2627/757/1761 2677/1587/1761 2658/757/1761
f 2446/1480/1762 2792/1588/1762 2415/1481/1762
f 2466/1457/1763 2773/1528/1763 2741/1524/1763
f 2626/757/1764 2678/1589/1764 2657/1516/1764
f 2445/1478/1765 2793/1590/1765 2414/1479/1765
f 2465/1455/1766 2774/1530/1766 2742/1527/1766
f 2625/1483/1767 2679/1591/1767 2656/1483/1767
f 2444/1476/1768 2794/1592/1768 2413/1477/1768
f 2464/1453/1769 2775/1532/1769 2743/1529/1769
f 2624/1483/1770 2680/1593/1770 2655/1483/1770
f 2474/1515/1771 2795/1594/1771 2412/1475/1771
f 2463/1451/1772 2776/1534/1772 2744/1531/1772
f 2623/1483/1773 2681/1595/1773 2654/1483/1773
f 2462/1513/1774 2777/1538/1774 2745/1533/1774
f 2622/1483/1775 2682/1596/1775 2653/1483/1775
f 2461/1511/1776 2778/1542/1776 2746/1537/1776
f 2621/1483/1777 2683/1597/1777 2652/1483/1777
f 2460/1509/1778 2779/1546/1778 2747/1541/1778
f 2620/1483/1779 2684/1598/1779 2651/1483/1779
f 2459/1507/1780 2780/1550/1780 2748/1545/1780
f 2619/1483/1781 2685/1599/1781 2650/1483/1781
f 2426/1504/1782 2749/1549/1782 2458/1505/1782
f 2649/1483/1783 2717/1600/1783 2686/1600/1783
f 2425/1502/1784 2750/1601/1784 2457/1503/1784
f 2648/1483/1785 2718/1602/1785 2687/1519/1785
f 2424/1500/1786 2751/1603/1786 2456/1501/1786
f 2647/1483/1787 2719/1520/1787 2688/1523/1787
f 2635/757/1788 2669/1604/1788 2700/1561/1788
f 2423/1498/1789 2752/1605/1789 2455/1499/1789
f 2646/757/1790 2720/1523/1790 2689/1526/1790
f 2667/757/1791 2701/1606/1791 2634/757/1791
f 2422/1496/1792 2753/1607/1792 2454/1497/1792
f 2645/757/1793 2721/1526/1793 2690/1526/1793
f 2665/757/1794 2702/1566/1794 2633/757/1794
f 2421/1494/1795 2754/1608/1795 2453/1495/1795
f 2644/757/1796 2722/1526/1796 2691/1526/1796
f 2664/757/1797 2703/1566/1797 2632/757/1797
f 2420/1492/1798 2755/1609/1798 2452/1493/1798
f 2643/757/1799 2723/1523/1799 2692/1523/1799
f 2663/757/1800 2704/1606/1800 2631/757/1800
f 2419/1490/1801 2756/1610/1801 2451/1491/1801
f 2642/757/1802 2724/1520/1802 2693/1535/1802
f 2662/757/1803 2705/1611/1803 2630/757/1803
f 2418/1488/1804 2757/1612/1804 2450/1489/1804
f 2641/757/1805 2725/1536/1805 2694/1539/1805
f 2661/757/1806 2706/1613/1806 2629/757/1806
f 2417/1486/1807 2758/1614/1807 2449/1487/1807
f 2640/757/1808 2726/1540/1808 2695/1543/1808
f 2660/757/1809 2707/1615/1809 2628/757/1809
f 2416/1484/1810 2759/1616/1810 2448/1485/1810
f 2639/757/1811 2727/1544/1811 2696/1547/1811
f 2659/757/1812 2708/1617/1812 2627/757/1812
f 2415/1481/1813 2760/1618/1813 2447/1482/1813
f 2638/757/1814 2728/1548/1814 2697/1551/1814
f 2658/757/1815 2709/1619/1815 2626/757/1815
f 2414/1479/1816 2761/1620/1816 2446/1480/1816
f 2637/757/1817 2729/1552/1817 2698/1554/1817
f 2657/1516/1818 2710/1591/1818 2625/1483/1818
f 2413/1477/1819 2762/1621/1819 2445/1478/1819
f 2636/757/1820 2730/1555/1820 2699/1557/1820
f 2656/1483/1821 2711/1593/1821 2624/1483/1821
f 2412/1475/1822 2763/1622/1822 2444/1476/1822
f 2666/757/1823 2731/1558/1823 2669/1604/1823
f 2655/1483/1824 2712/1593/1824 2623/1483/1824
f 2475/1473/1825 2764/1623/1825 2443/1474/1825
f 2654/1483/1826 2713/1595/1826 2622/1483/1826
f 2442/1472/1827 2734/1569/1827 2765/1564/1827
f 2653/1483/1828 2714/1597/1828 2621/1483/1828
f 2441/1470/1829 2735/1572/1829 2766/1568/1829
f 2652/1483/1830 2715/1624/1830 2620/1483/1830
f 2440/1468/1831 2736/1575/1831 2767/1571/1831
f 2651/1483/1832 2716/1625/1832 2619/1483/1832
f 2439/1466/1833 2737/1579/1833 2768/1574/1833
f 2618/1483/1834 2685/1599/1834 2717/1600/1834
f 2438/1464/1835 2738/1582/1835 2769/1578/1835
f 2617/1483/1836 2686/1600/1836 2718/1602/1836
f 2703/1566/1837 2927/1626/1837 2959/1627/1837
f 2794/1592/1838 3018/1628/1838 2762/1621/1838
f 2722/1526/1839 2947/1629/1839 2691/1526/1839
f 2702/1566/1840 2926/1630/1840 2958/1631/1840
f 2793/1590/1841 3017/1632/1841 2761/1620/1841
f 2721/1526/1842 2946/1633/1842 2690/1526/1842
f 2701/1606/1843 2924/1634/1843 2957/1635/1843
f 2792/1588/1844 3016/1636/1844 2760/1618/1844
f 2720/1523/1845 2945/1637/1845 2689/1526/1845
f 2700/1561/1846 2925/1638/1846 2956/1639/1846
f 2791/1586/1847 3015/1640/1847 2759/1616/1847
f 2719/1520/1848 2944/1641/1848 2688/1523/1848
f 2790/1584/1849 3014/1642/1849 2758/1614/1849
f 2718/1602/1850 2943/1643/1850 2687/1519/1850
f 2789/1581/1851 3013/1644/1851 2757/1612/1851
f 2717/1600/1852 2942/1645/1852 2686/1600/1852
f 2788/1577/1853 3012/1646/1853 2756/1610/1853
f 2716/1625/1854 2941/1647/1854 2685/1599/1854
f 2755/1609/1855 3043/1648/1855 3011/1649/1855
f 2715/1624/1856 2940/1650/1856 2684/1598/1856
f 2754/1608/1857 3042/1651/1857 3010/1652/1857
f 2714/1597/1858 2939/1653/1858 2683/1597/1858
f 2753/1607/1859 3041/1654/1859 3009/1655/1859
f 2682/1596/1860 2969/1656/1860 2938/1657/1860
f 2752/1605/1861 3040/1658/1861 3008/1659/1861
f 2681/1595/1862 2968/1660/1862 2937/1661/1862
f 2751/1603/1863 3039/1662/1863 3007/1663/1863
f 2680/1593/1864 2967/1664/1864 2936/1665/1864
f 2750/1601/1865 3038/1666/1865 3006/1667/1865
f 2679/1591/1866 2966/1668/1866 2935/1669/1866
f 2749/1549/1867 3037/1670/1867 3005/1671/1867
f 2678/1589/1868 2965/1672/1868 2934/1673/1868
f 2677/1587/1869 2964/1674/1869 2933/1675/1869
f 2748/1545/1870 3036/1676/1870 3004/1677/1870
f 2676/1585/1871 2963/1678/1871 2932/1679/1871
f 2747/1541/1872 3035/1680/1872 3003/1681/1872
f 2746/1537/1873 3034/1682/1873 3002/1683/1873
f 2675/1583/1874 2962/1684/1874 2931/1685/1874
f 2777/1538/1875 3001/1686/1875 2745/1533/1875
f 2674/1580/1876 2961/1687/1876 2930/1688/1876
f 2776/1534/1877 3000/1689/1877 2744/1531/1877
f 2673/1576/1878 2960/1690/1878 2929/1691/1878
f 2733/1560/1879 3051/1692/1879 2795/1594/1879
f 2775/1532/1880 2999/1693/1880 2743/1529/1880
f 2672/1566/1881 2959/1627/1881 2928/1694/1881
f 2763/1622/1882 3050/1695/1882 2794/1592/1882
f 2774/1530/1883 2998/1696/1883 2742/1527/1883
f 2671/1566/1884 2958/1631/1884 2927/1626/1884
f 2762/1621/1885 3049/1697/1885 2793/1590/1885
f 2773/1528/1886 2997/1698/1886 2741/1524/1886
f 2670/1566/1887 2957/1635/1887 2926/1630/1887
f 2761/1620/1888 3048/1699/1888 2792/1588/1888
f 2772/1525/1889 2996/1700/1889 2740/1521/1889
f 2668/1562/1890 2956/1639/1890 2924/1634/1890
f 2760/1618/1891 3047/1701/1891 2791/1586/1891
f 2771/1522/1892 2995/1702/1892 2739/1517/1892
f 2731/1558/1893 2955/1703/1893 2987/1704/1893
f 2759/1616/1894 3046/1705/1894 2790/1584/1894
f 2770/1518/1895 2994/1706/1895 2738/1582/1895
f 2730/1555/1896 2954/1707/1896 2986/1708/1896
f 2758/1614/1897 3045/1709/1897 2789/1581/1897
f 2769/1578/1898 2993/1710/1898 2737/1579/1898
f 2729/1552/1899 2953/1711/1899 2985/1712/1899
f 2757/1612/1900 3044/1713/1900 2788/1577/1900
f 2768/1574/1901 2992/1714/1901 2736/1575/1901
f 2728/1548/1902 2952/1715/1902 2984/1716/1902
f 2787/1573/1903 3012/1646/1903 3043/1648/1903
f 2767/1571/1904 2991/1717/1904 2735/1572/1904
f 2727/1544/1905 2951/1718/1905 2983/1719/1905
f 2786/1570/1906 3011/1649/1906 3042/1651/1906
f 2766/1568/1907 2990/1720/1907 2734/1569/1907
f 2726/1540/1908 2950/1721/1908 2982/1722/1908
f 2785/1567/1909 3010/1652/1909 3041/1654/1909
f 2765/1564/1910 2988/1723/1910 2732/1565/1910
f 2725/1536/1911 2949/1724/1911 2981/1725/1911
f 2784/1563/1912 3009/1655/1912 3040/1658/1912
f 2764/1623/1913 2989/1726/1913 2733/1560/1913
f 2724/1520/1914 2948/1724/1914 2980/1724/1914
f 2783/1559/1915 3008/1659/1915 3039/1662/1915
f 2691/1526/1916 2979/1727/1916 2723/1523/1916
f 2782/1556/1917 3007/1663/1917 3038/1666/1917
f 2690/1526/1918 2978/1728/1918 2722/1526/1918
f 2781/1553/1919 3006/1667/1919 3037/1670/1919
f 2689/1526/1920 2977/1729/1920 2721/1526/1920
f 2780/1550/1921 3005/1671/1921 3036/1676/1921
f 2688/1523/1922 2976/1730/1922 2720/1523/1922
f 2779/1546/1923 3004/1677/1923 3035/1680/1923
f 2687/1519/1924 2975/1731/1924 2719/1520/1924
f 2778/1542/1925 3003/1681/1925 3034/1682/1925
f 2686/1600/1926 2974/1732/1926 2718/1602/1926
f 2746/1537/1899 3033/1733/1899 2777/1538/1899
f 2685/1599/1927 2973/1734/1927 2717/1600/1927
f 2745/1533/1928 3032/1735/1928 2776/1534/1928
f 2684/1598/1929 2972/1736/1929 2716/1625/1929
f 2744/1531/1930 3031/1737/1930 2775/1532/1930
f 2683/1597/1931 2971/1738/1931 2715/1624/1931
f 2743/1529/1932 3030/1739/1932 2774/1530/1932
f 2682/1596/1933 2970/1740/1933 2714/1597/1933
f 2742/1527/1934 3029/1741/1934 2773/1528/1934
f 2713/1595/1885 2937/1661/1885 2969/1656/1885
f 2741/1524/1935 3028/1742/1935 2772/1525/1935
f 2712/1593/1936 2936/1665/1936 2968/1660/1936
f 2669/1604/1937 2987/1704/1937 2925/1638/1937
f 2740/1521/1938 3027/1743/1938 2771/1522/1938
f 2711/1593/1939 2935/1669/1939 2967/1664/1939
f 2699/1557/1940 2986/1708/1940 2955/1703/1940
f 2739/1517/1941 3026/1744/1941 2770/1518/1941
f 2710/1591/1942 2934/1673/1942 2966/1668/1942
f 2698/1554/1943 2985/1712/1943 2954/1707/1943
f 2738/1582/1944 3025/1745/1944 2769/1578/1944
f 2709/1619/1945 2933/1675/1945 2965/1672/1945
f 2697/1551/1946 2984/1716/1946 2953/1711/1946
f 2737/1579/1947 3024/1746/1947 2768/1574/1947
f 2708/1617/1948 2932/1679/1948 2964/1674/1948
f 2696/1547/1949 2983/1719/1949 2952/1715/1949
f 2736/1575/1950 3023/1747/1950 2767/1571/1950
f 2707/1615/1951 2931/1685/1951 2963/1678/1951
f 2735/1572/1952 3022/1748/1952 2766/1568/1952
f 2695/1543/1953 2982/1722/1953 2951/1718/1953
f 2706/1613/1954 2930/1688/1954 2962/1684/1954
f 2734/1569/1955 3021/1749/1955 2765/1564/1955
f 2694/1539/1956 2981/1725/1956 2950/1721/1956
f 2705/1611/1957 2929/1691/1957 2961/1687/1957
f 2732/1565/1958 3020/1750/1958 2764/1623/1958
f 2693/1535/1959 2980/1724/1959 2949/1724/1959
f 2704/1606/1960 2928/1694/1960 2960/1690/1960
f 2795/1594/1961 3019/1751/1961 2763/1622/1961
f 2723/1523/1962 2948/1724/1962 2692/1523/1962
f 3041/1654/1963 1750/876/1963 3009/1655/1963
f 2939/1653/1964 2813/930/1964 2844/1053/1964
f 3040/1658/1965 1751/867/1965 3008/1659/1965
f 2938/1657/1966 2814/924/1966 2845/1050/1966
f 3039/1662/1967 1752/858/1967 3007/1663/1967
f 2937/1661/1968 2815/918/1968 2846/1047/1968
f 3038/1666/1969 1753/849/1969 3006/1667/1969
f 2936/1665/1970 2816/909/1970 2847/1044/1970
f 3037/1670/1971 1754/840/1971 3005/1671/1971
f 2935/1669/1972 2817/900/1972 2848/1041/1972
f 3036/1676/1973 1755/831/1973 3004/1677/1973
f 2934/1673/1974 2818/891/1974 2849/1038/1974
f 3035/1680/1975 1756/822/1975 3003/1681/1975
f 2933/1675/1976 2819/882/1976 2850/1035/1976
f 3034/1682/1977 1757/813/1977 3002/1683/1977
f 2932/1679/1978 2820/873/1978 2851/1032/1978
f 3033/1733/1979 1758/1066/1979 3001/1686/1979
f 2931/1685/1980 2821/864/1980 2852/1029/1980
f 3032/1735/1981 1759/1064/1981 3000/1689/1981
f 2961/1687/1982 2853/1025/1982 2930/1688/1982
f 3051/1692/1983 1770/1027/1983 1708/1063/1983
f 3031/1737/1984 1760/1061/1984 2999/1693/1984
f 2960/1690/1985 2854/1023/1985 2929/1691/1985
f 3050/1695/1986 1740/951/1986 1709/1060/1986
f 3030/1739/1987 1761/1058/1987 2998/1696/1987
f 2959/1627/1988 2855/1021/1988 2928/1694/1988
f 3049/1697/1966 1741/945/1966 1710/1057/1966
f 3029/1741/1989 1762/1055/1989 2997/1698/1989
f 2958/1631/1990 2856/1019/1990 2927/1626/1990
f 3048/1699/1991 1742/939/1991 1711/1054/1991
f 3028/1742/1992 1763/1052/1992 2996/1700/1992
f 2957/1635/1993 2857/1017/1993 2926/1630/1993
f 3047/1701/1994 1743/933/1994 1712/1051/1994
f 3027/1743/1995 1764/1049/1995 2995/1702/1995
f 2956/1639/1996 2859/1014/1996 2924/1634/1996
f 3046/1705/1997 1744/927/1997 1713/1048/1997
f 3026/1744/1998 1765/1046/1998 2994/1706/1998
f 2955/1703/1999 2796/1011/1999 2987/1704/1999
f 3045/1709/2000 1745/921/2000 1714/1045/2000
f 2993/1710/2001 1734/980/2001 1766/1043/2001
f 2954/1707/2002 2797/1007/2002 2986/1708/2002
f 3044/1713/2003 1746/912/2003 1715/1042/2003
f 2992/1714/2004 1735/976/2004 1767/1040/2004
f 2953/1711/1979 2798/1003/1979 2985/1712/1979
f 3043/1648/2005 1747/903/2005 1716/1039/2005
f 2991/1717/2006 1736/972/2006 1768/1037/2006
f 2952/1715/2007 2799/999/2007 2984/1716/2007
f 3042/1651/2008 1748/894/2008 1717/1036/2008
f 2990/1720/2009 1737/968/2009 1769/1034/2009
f 2951/1718/2010 2800/995/2010 2983/1719/2010
f 3010/1652/2011 1718/1033/2011 3041/1654/2011
f 2988/1723/2012 1738/963/2012 1771/1031/2012
f 2950/1721/2013 2801/991/2013 2982/1722/2013
f 3009/1655/1965 1719/1030/1965 3040/1658/1965
f 2989/1726/2014 1739/957/2014 1770/1027/2014
f 2949/1724/2015 2802/987/2015 2981/1725/2015
f 3008/1659/2016 1720/1026/2016 3039/1662/2016
f 2948/1724/2017 2803/983/2017 2980/1724/2017
f 3007/1663/2018 1721/1024/2018 3038/1666/2018
f 2947/1629/2019 2804/979/2019 2979/1727/2019
f 3006/1667/2020 1722/1022/2020 3037/1670/2020
f 2946/1633/2021 2805/975/2021 2978/1728/2021
f 3005/1671/2022 1723/1020/2022 3036/1676/2022
f 2977/1729/2023 2838/816/2023 2806/971/2023
f 3004/1677/1975 1724/1018/1975 3035/1680/1975
f 2976/1730/2024 2839/1067/2024 2807/966/2024
f 3003/1681/2025 1725/1016/2025 3034/1682/2025
f 2975/1731/2026 2840/1065/2026 2808/960/2026
f 3002/1683/2027 1726/1012/2027 3033/1733/2027
f 2974/1732/2028 2841/1062/2028 2809/954/2028
f 3001/1686/1981 1727/1008/1981 3032/1735/1981
f 2973/1734/2029 2842/1059/2029 2810/948/2029
f 3000/1689/1984 1728/1004/1984 3031/1737/1984
f 2972/1736/2030 2843/1056/2030 2811/942/2030
f 2999/1693/2031 1729/1000/2031 3030/1739/2031
f 2971/1738/2032 2844/1053/2032 2812/936/2032
f 2998/1696/2033 1730/996/2033 3029/1741/2033
f 2970/1740/1964 2845/1050/1964 2813/930/1964
f 2997/1698/1992 1731/992/1992 3028/1742/1992
f 2969/1656/2034 2846/1047/2034 2814/924/2034
f 2996/1700/1995 1732/988/1995 3027/1743/1995
f 2968/1660/2035 2847/1044/2035 2815/918/2035
f 2995/1702/1998 1733/984/1998 3026/1744/1998
f 2987/1704/2036 2858/915/2036 2925/1638/2036
f 2967/1664/2037 2848/1041/2037 2816/909/2037
f 3025/1745/2038 1765/1046/2038 1734/980/2038
f 2986/1708/1977 2828/906/1977 2955/1703/1977
f 2966/1668/2039 2849/1038/2039 2817/900/2039
f 3024/1746/2040 1766/1043/2040 1735/976/2040
f 2985/1712/2027 2829/897/2027 2954/1707/2027
f 2965/1672/2041 2850/1035/2041 2818/891/2041
f 3023/1747/2042 1767/1040/2042 1736/972/2042
f 2984/1716/1981 2830/888/1981 2953/1711/1981
f 2964/1674/1976 2851/1032/1976 2819/882/1976
f 3022/1748/2009 1768/1037/2009 1737/968/2009
f 2983/1719/2043 2831/879/2043 2952/1715/2043
f 2963/1678/2044 2852/1029/2044 2820/873/2044
f 3021/1749/2045 1769/1034/2045 1738/963/2045
f 2982/1722/2046 2832/870/2046 2951/1718/2046
f 2962/1684/1980 2853/1025/1980 2821/864/1980
f 3020/1750/2014 1771/1031/2014 1739/957/2014
f 2981/1725/2047 2833/861/2047 2950/1721/2047
f 2929/1691/2048 2822/855/2048 2961/1687/2048
f 3019/1751/1983 1708/1063/1983 1740/951/1983
f 2980/1724/2049 2834/852/2049 2949/1724/2049
f 2928/1694/2050 2823/846/2050 2960/1690/2050
f 3018/1628/1964 1709/1060/1964 1741/945/1964
f 2979/1727/2019 2835/843/2019 2948/1724/2019
f 2927/1626/2051 2824/837/2051 2959/1627/2051
f 3017/1632/2034 1710/1057/2034 1742/939/2034
f 2978/1728/2052 2836/834/2052 2947/1629/2052
f 2926/1630/2053 2825/828/2053 2958/1631/2053
f 3016/1636/2054 1711/1054/2054 1743/933/2054
f 2946/1633/2055 2806/971/2055 2837/825/2055
f 2924/1634/2056 2826/819/2056 2957/1635/2056
f 3015/1640/2057 1712/1051/2057 1744/927/2057
f 2945/1637/2024 2807/966/2024 2838/816/2024
f 2925/1638/1996 2827/1068/1996 2956/1639/1996
f 3014/1642/2058 1713/1048/2058 1745/921/2058
f 2944/1641/2059 2808/960/2059 2839/1067/2059
f 3013/1644/2060 1714/1045/2060 1746/912/2060
f 2943/1643/2061 2809/954/2061 2840/1065/2061
f 3012/1646/2062 1715/1042/2062 1747/903/2062
f 2942/1645/2063 2810/948/2063 2841/1062/2063
f 3011/1649/2064 1716/1039/2064 1748/894/2064
f 2941/1647/2030 2811/942/2030 2842/1059/2030
f 3010/1652/2065 1717/1036/2065 1749/885/2065
f 2940/1650/2032 2812/936/2032 2843/1056/2032
f 2892/908/31 3114/1752/31 3083/1753/31
f 3060/1754/31 3155/990/31 3124/989/31
f 2918/856/31 3088/1755/31 3057/1756/31
f 2881/902/31 3062/1757/31 3094/1758/31
f 2922/917/31 3115/1759/31 3053/1760/31
f 2917/865/31 3089/1761/31 3058/1762/31
f 2880/911/31 3063/1763/31 3095/1764/31
f 2916/874/31 3090/1765/31 3059/1766/31
f 2879/920/31 3064/1767/31 3096/1768/31
f 2915/883/31 3091/1769/31 3060/1754/31
f 2878/926/31 3065/1770/31 3097/1771/31
f 2914/892/31 3092/1772/31 3061/1773/31
f 2877/932/31 3066/1774/31 3098/1775/31
f 2913/901/31 3093/1776/31 3062/1757/31
f 2876/938/31 3067/1777/31 3099/1778/31
f 2912/910/31 3094/1758/31 3063/1763/31
f 2875/944/31 3068/1779/31 3100/1780/31
f 2911/919/31 3095/1764/31 3064/1767/31
f 2874/950/31 3069/1781/31 3101/1782/31
f 2910/925/31 3096/1768/31 3065/1770/31
f 2873/956/31 3070/1783/31 3102/1784/31
f 2909/931/31 3097/1771/31 3066/1774/31
f 2872/962/31 3071/1785/31 3103/1786/31
f 2908/937/31 3098/1775/31 3067/1777/31
f 2871/817/31 3072/1787/31 3104/1788/31
f 2907/943/31 3099/1778/31 3068/1779/31
f 2870/826/31 3073/1789/31 3105/1790/31
f 2906/949/31 3100/1780/31 3069/1781/31
f 2869/835/31 3074/1791/31 3106/1792/31
f 2905/955/31 3101/1782/31 3070/1783/31
f 2868/844/31 3075/1793/31 3107/1794/31
f 2904/961/31 3102/1784/31 3071/1785/31
f 2867/853/31 3076/1795/31 3108/1796/31
f 2903/967/31 3103/1786/31 3072/1787/31
f 2866/862/31 3077/1797/31 3109/1798/31
f 2902/818/31 3104/1788/31 3073/1789/31
f 2865/871/31 3078/1799/31 3110/1800/31
f 2891/1015/31 3053/1760/31 3084/1801/31
f 2901/827/31 3105/1790/31 3074/1791/31
f 2864/880/31 3079/1802/31 3111/1803/31
f 2890/821/31 3052/1804/31 3085/1805/31
f 2900/836/31 3106/1792/31 3075/1793/31
f 2863/889/31 3080/1806/31 3112/1807/31
f 2889/830/31 3054/1808/31 3086/1809/31
f 2899/845/31 3107/1794/31 3076/1795/31
f 2862/898/31 3081/1810/31 3113/1811/31
f 2888/839/31 3055/1812/31 3087/1813/31
f 2898/854/31 3108/1796/31 3077/1797/31
f 2861/907/31 3082/1814/31 3114/1752/31
f 2887/848/31 3056/1815/31 3088/1755/31
f 2897/863/31 3109/1798/31 3078/1799/31
f 2860/916/31 3083/1753/31 3115/1759/31
f 2886/857/31 3057/1756/31 3089/1761/31
f 2896/872/31 3110/1800/31 3079/1802/31
f 2923/820/31 3084/1801/31 3052/1804/31
f 2885/866/31 3058/1762/31 3090/1765/31
f 2895/881/31 3111/1803/31 3080/1806/31
f 2921/829/31 3085/1805/31 3054/1808/31
f 2884/875/31 3059/1766/31 3091/1769/31
f 2894/890/31 3112/1807/31 3081/1810/31
f 2920/838/31 3086/1809/31 3055/1812/31
f 2883/884/31 3060/1754/31 3092/1772/31
f 2893/899/31 3113/1811/31 3082/1814/31
f 2919/847/31 3087/1813/31 3056/1815/31
f 2882/893/31 3061/1773/31 3093/1776/31
f 3097/1771/31 3129/1009/31 3161/1013/31
f 3061/1773/31 3156/994/31 3125/993/31
f 3098/1775/31 3130/815/31 3162/814/31
f 3062/1757/31 3157/998/31 3126/997/31
f 3099/1778/31 3131/824/31 3163/823/31
f 3063/1763/31 3158/1002/31 3127/1001/31
f 3100/1780/31 3132/833/31 3164/832/31
f 3064/1767/31 3159/1006/31 3128/1005/31
f 3101/1782/31 3133/842/31 3165/841/31
f 3065/1770/31 3160/1010/31 3129/1009/31
f 3102/1784/31 3134/851/31 3166/850/31
f 3066/1774/31 3161/1013/31 3130/815/31
f 3103/1786/31 3135/860/31 3167/859/31
f 3067/1777/31 3162/814/31 3131/824/31
f 3104/1788/31 3136/869/31 3168/868/31
f 3068/1779/31 3163/823/31 3132/833/31
f 3105/1790/31 3137/878/31 3169/877/31
f 3069/1781/31 3164/832/31 3133/842/31
f 3106/1792/31 3138/887/31 3170/886/31
f 3070/1783/31 3165/841/31 3134/851/31
f 3107/1794/31 3139/896/31 3171/895/31
f 3071/1785/31 3166/850/31 3135/860/31
f 3108/1796/31 3140/905/31 3172/904/31
f 3072/1787/31 3167/859/31 3136/869/31
f 3109/1798/31 3141/914/31 3173/913/31
f 3073/1789/31 3168/868/31 3137/878/31
f 3110/1800/31 3142/923/31 3174/922/31
f 3084/1801/31 3117/1028/31 3148/959/31
f 3074/1791/31 3169/877/31 3138/887/31
f 3111/1803/31 3143/929/31 3175/928/31
f 3085/1805/31 3116/958/31 3149/965/31
f 3075/1793/31 3170/886/31 3139/896/31
f 3112/1807/31 3144/935/31 3176/934/31
f 3086/1809/31 3118/964/31 3150/970/31
f 3076/1795/31 3171/895/31 3140/905/31
f 3113/1811/31 3145/941/31 3177/940/31
f 3087/1813/31 3119/969/31 3151/974/31
f 3077/1797/31 3172/904/31 3141/914/31
f 3114/1752/31 3146/947/31 3178/946/31
f 3088/1755/31 3120/973/31 3152/978/31
f 3078/1799/31 3173/913/31 3142/923/31
f 3115/1759/31 3147/953/31 3179/952/31
f 3089/1761/31 3121/977/31 3153/982/31
f 3079/1802/31 3174/922/31 3143/929/31
f 3052/1804/31 3148/959/31 3116/958/31
f 3090/1765/31 3122/981/31 3154/986/31
f 3080/1806/31 3175/928/31 3144/935/31
f 3054/1808/31 3149/965/31 3118/964/31
f 3091/1769/31 3123/985/31 3155/990/31
f 3081/1810/31 3176/934/31 3145/941/31
f 3055/1812/31 3150/970/31 3119/969/31
f 3092/1772/31 3124/989/31 3156/994/31
f 3082/1814/31 3177/940/31 3146/947/31
f 3056/1815/31 3151/974/31 3120/973/31
f 3093/1776/31 3125/993/31 3157/998/31
f 3083/1753/31 3178/946/31 3147/953/31
f 3057/1756/31 3152/978/31 3121/977/31
f 3094/1758/31 3126/997/31 3158/1002/31
f 3053/1760/31 3179/952/31 3117/1028/31
f 3058/1762/31 3153/982/31 3122/981/31
f 3095/1764/31 3127/1001/31 3159/1006/31
f 3059/1766/31 3154/986/31 3123/985/31
f 3096/1768/31 3128/1005/31 3160/1010/31
f 2/1/1 4/4/1 3/2/1
f 4/4/2 6/6/2 5/5/2
f 6/6/3 8/8/3 7/7/3
f 8/8/4 10/10/4 9/9/4
f 10/10/5 12/12/5 11/11/5
f 12/12/6 14/14/6 13/13/6
f 14/14/7 16/16/7 15/15/7
f 16/16/8 18/18/8 17/17/8
f 18/18/9 20/20/9 19/19/9
f 20/20/10 22/22/10 21/21/10
f 22/22/11 24/24/11 23/23/11
f 24/24/12 26/26/12 25/25/12
f 26/26/13 28/28/13 27/27/13
f 28/28/14 30/30/14 29/29/14
f 30/30/15 32/32/15 31/31/15
f 32/32/16 34/34/16 33/33/16
f 34/34/17 36/36/17 35/35/17
f 36/36/18 38/38/18 37/37/18
f 38/38/19 40/40/19 39/39/19
f 40/40/20 42/1816/20 41/41/20
f 41/41/21 42/1816/21 44/42/21
f 43/43/22 44/42/22 46/44/22
f 46/44/23 48/47/23 47/46/23
f 48/47/24 50/49/24 49/48/24
f 50/49/25 52/51/25 51/50/25
f 52/51/26 54/53/26 53/52/26
f 54/53/27 56/55/27 55/54/27
f 56/55/28 58/57/28 57/56/28
f 58/57/29 60/59/29 59/58/29
f 60/59/30 62/61/30 61/60/30
f 6/6/31 4/4/31 2/1/31
f 2/1/31 64/63/31 62/61/31
f 62/61/31 60/59/31 58/57/31
f 58/57/31 56/55/31 54/53/31
f 54/53/31 52/51/31 50/49/31
f 50/49/31 48/47/31 46/44/31
f 46/44/31 44/42/31 42/1816/31
f 42/1816/31 40/40/31 38/38/31
f 38/38/31 36/36/31 34/34/31
f 34/34/31 32/32/31 30/30/31
f 30/30/31 28/28/31 26/26/31
f 26/26/31 24/24/31 22/22/31
f 22/22/31 20/20/31 18/18/31
f 18/18/31 16/16/31 14/14/31
f 14/14/31 12/12/31 10/10/31
f 10/10/31 8/8/31 6/6/31
f 6/6/31 2/1/31 62/61/31
f 62/61/31 58/57/31 54/53/31
f 54/53/31 50/49/31 46/44/31
f 46/44/31 42/1816/31 38/38/31
f 38/38/31 34/34/31 30/30/31
f 30/30/31 26/26/31 22/22/31
f 22/22/31 18/18/31 14/14/31
f 14/14/31 10/10/31 6/6/31
f 6/6/31 62/61/31 54/53/31
f 54/53/31 46/44/31 38/38/31
f 38/38/31 30/30/31 22/22/31
f 22/22/31 14/14/31 6/6/31
f 6/6/31 54/53/31 38/38/31
f 62/61/32 64/63/32 63/62/32
f 64/63/33 2/1/33 1/3/33
f 63/62/34 1/3/34 3/2/34
f 3/2/34 5/5/34 7/7/34
f 7/7/34 9/9/34 11/11/34
f 11/11/34 13/13/34 15/15/34
f 15/15/34 17/17/34 19/19/34
f 19/19/34 21/21/34 23/23/34
f 23/23/34 25/25/34 27/27/34
f 27/27/34 29/29/34 31/31/34
f 31/31/34 33/33/34 35/35/34
f 35/35/34 37/37/34 39/39/34
f 39/39/34 41/41/34 43/43/34
f 43/43/34 45/45/34 47/46/34
f 47/46/34 49/48/34 51/50/34
f 51/50/34 53/52/34 55/54/34
f 55/54/34 57/56/34 59/58/34
f 59/58/34 61/60/34 63/62/34
f 63/62/34 3/2/34 7/7/34
f 7/7/34 11/11/34 15/15/34
f 15/15/34 19/19/34 23/23/34
f 23/23/34 27/27/34 31/31/34
f 31/31/34 35/35/34 39/39/34
f 39/39/34 43/43/34 47/46/34
f 47/46/34 51/50/34 55/54/34
f 55/54/34 59/58/34 63/62/34
f 63/62/34 7/7/34 15/15/34
f 15/15/34 23/23/34 31/31/34
f 31/31/34 39/39/34 47/46/34
f 47/46/34 55/54/34 63/62/34
f 63/62/34 15/15/34 31/31/34
f 66/64/35 68/67/35 67/65/35
f 68/67/36 70/69/36 69/68/36
f 70/69/37 72/71/37 71/70/37
f 72/71/38 74/73/38 73/72/38
f 74/73/39 76/75/39 75/74/39
f 76/75/40 78/77/40 77/76/40
f 78/77/41 80/79/41 79/78/41
f 80/79/42 82/81/42 81/80/42
f 82/81/43 84/83/43 83/82/43
f 84/83/44 86/85/44 85/84/44
f 86/85/45 88/87/45 87/86/45
f 88/87/46 90/89/46 89/88/46
f 90/89/47 92/91/47 91/90/47
f 92/91/48 94/93/48 93/92/48
f 94/93/49 96/95/49 95/94/49
f 96/95/50 98/97/50 97/96/50
f 98/97/51 100/99/51 99/98/51
f 100/99/52 102/101/52 101/100/52
f 102/101/53 104/103/53 103/102/53
f 104/103/54 106/105/54 105/104/54
f 106/105/55 108/107/55 107/106/55
f 108/107/56 110/109/56 109/108/56
f 110/109/57 112/111/57 111/110/57
f 112/111/58 114/113/58 113/112/58
f 114/113/59 116/115/59 115/114/59
f 116/115/60 118/117/60 117/116/60
f 118/117/61 120/119/61 119/118/61
f 120/119/62 122/121/62 121/120/62
f 122/121/63 124/123/63 123/122/63
f 124/123/64 126/125/64 125/124/64
f 70/69/31 68/67/31 66/64/31
f 66/64/31 128/127/31 126/125/31
f 126/125/31 124/123/31 122/121/31
f 122/121/31 120/119/31 118/117/31
f 118/117/31 116/115/31 114/113/31
f 114/113/31 112/111/31 110/109/31
f 110/109/31 108/107/31 106/105/31
f 106/105/31 104/103/31 102/101/31
f 102/101/31 100/99/31 98/97/31
f 98/97/31 96/95/31 94/93/31
f 94/93/31 92/91/31 90/89/31
f 90/89/31 88/87/31 86/85/31
f 86/85/31 84/83/31 82/81/31
f 82/81/31 80/79/31 78/77/31
f 78/77/31 76/75/31 74/73/31
f 74/73/31 72/71/31 70/69/31
f 70/69/31 66/64/31 126/125/31
f 126/125/31 122/121/31 118/117/31
f 118/117/31 114/113/31 110/109/31
f 110/109/31 106/105/31 102/101/31
f 102/101/31 98/97/31 94/93/31
f 94/93/31 90/89/31 86/85/31
f 86/85/31 82/81/31 78/77/31
f 78/77/31 74/73/31 70/69/31
f 70/69/31 126/125/31 118/117/31
f 118/117/31 110/109/31 102/101/31
f 102/101/31 94/93/31 86/85/31
f 86/85/31 78/77/31 70/69/31
f 70/69/31 118/117/31 102/101/31
f 126/125/65 128/127/65 127/126/65
f 128/127/66 66/64/66 65/66/66
f 127/126/34 65/66/34 67/65/34
f 67/65/34 69/68/34 71/70/34
f 71/70/34 73/72/34 75/74/34
f 75/74/2066 77/76/2066 79/78/2066
f 79/78/34 81/80/34 83/82/34
f 83/82/2066 85/84/2066 87/86/2066
f 87/86/34 89/88/34 91/90/34
f 91/90/34 93/92/34 95/94/34
f 95/94/34 97/96/34 99/98/34
f 99/98/34 101/100/34 103/102/34
f 103/102/34 105/104/34 107/106/34
f 107/106/2067 109/108/2067 111/110/2067
f 111/110/34 113/112/34 115/114/34
f 115/114/2067 117/116/2067 119/118/2067
f 119/118/34 121/120/34 123/122/34
f 123/122/34 125/124/34 127/126/34
f 127/126/34 67/65/34 71/70/34
f 71/70/2067 75/74/2067 79/78/2067
f 79/78/34 83/82/34 87/86/34
f 87/86/34 91/90/34 95/94/34
f 95/94/34 99/98/34 103/102/34
f 103/102/2066 107/106/2066 111/110/2066
f 111/110/34 115/114/34 119/118/34
f 119/118/34 123/122/34 127/126/34
f 127/126/34 71/70/34 79/78/34
f 79/78/34 87/86/34 95/94/34
f 95/94/34 103/102/34 111/110/34
f 111/110/34 119/118/34 127/126/34
f 127/126/34 79/78/34 95/94/34
f 130/128/35 132/131/35 131/129/35
f 132/131/36 134/133/36 133/132/36
f 134/133/37 136/135/37 135/134/37
f 136/135/38 138/137/38 137/136/38
f 138/137/39 140/139/39 139/138/39
f 140/139/40 142/141/40 141/140/40
f 142/141/41 144/143/41 143/142/41
f 144/143/42 146/145/42 145/144/42
f 146/145/43 148/147/43 147/146/43
f 148/147/44 150/149/44 149/148/44
f 150/149/45 152/151/45 151/150/45
f 152/151/46 154/153/46 153/152/46
f 154/153/47 156/155/47 155/154/47
f 156/155/48 158/157/48 157/156/48
f 158/157/49 160/159/49 159/158/49
f 160/159/50 162/161/50 161/160/50
f 162/161/51 164/163/51 163/162/51
f 164/163/52 166/165/52 165/164/52
f 166/165/53 168/167/53 167/166/53
f 168/167/54 170/169/54 169/168/54
f 170/169/55 172/171/55 171/170/55
f 172/171/56 174/173/56 173/172/56
f 174/173/57 176/175/57 175/174/57
f 176/175/58 178/177/58 177/176/58
f 178/177/59 180/179/59 179/178/59
f 180/179/60 182/181/60 181/180/60
f 182/181/61 184/183/61 183/182/61
f 184/183/62 186/185/62 185/184/62
f 186/185/63 188/187/63 187/186/63
f 188/187/64 190/189/64 189/188/64
f 134/133/31 132/131/31 130/128/31
f 130/128/31 192/191/31 190/189/31
f 190/189/31 188/187/31 186/185/31
f 186/185/31 184/183/31 182/181/31
f 182/181/31 180/179/31 178/177/31
f 178/177/31 176/175/31 174/173/31
f 174/173/31 172/171/31 170/169/31
f 170/169/31 168/167/31 166/165/31
f 166/165/31 164/163/31 162/161/31
f 162/161/31 160/159/31 158/157/31
f 158/157/31 156/155/31 154/153/31
f 154/153/31 152/151/31 150/149/31
f 150/149/31 148/147/31 146/145/31
f 146/145/31 144/143/31 142/141/31
f 142/141/31 140/139/31 138/137/31
f 138/137/31 136/135/31 134/133/31
f 134/133/31 130/128/31 190/189/31
f 190/189/31 186/185/31 182/181/31
f 182/181/31 178/177/31 174/173/31
f 174/173/31 170/169/31 166/165/31
f 166/165/31 162/161/31 158/157/31
f 158/157/31 154/153/31 150/149/31
f 150/149/31 146/145/31 142/141/31
f 142/141/31 138/137/31 134/133/31
f 134/133/31 190/189/31 182/181/31
f 182/181/31 174/173/31 166/165/31
f 166/165/31 158/157/31 150/149/31
f 150/149/31 142/141/31 134/133/31
f 134/133/31 182/181/31 166/165/31
f 190/189/65 192/191/65 191/190/65
f 192/191/66 130/128/66 129/130/66
f 191/190/34 129/130/34 131/129/34
f 131/129/34 133/132/34 135/134/34
f 135/134/34 137/136/34 139/138/34
f 139/138/34 141/140/34 143/142/34
f 143/142/34 145/144/34 147/146/34
f 147/146/34 149/148/34 151/150/34
f 151/150/34 153/152/34 155/154/34
f 155/154/34 157/156/34 159/158/34
f 159/158/34 161/160/34 163/162/34
f 163/162/34 165/164/34 167/166/34
f 167/166/34 169/168/34 171/170/34
f 171/170/34 173/172/34 175/174/34
f 175/174/34 177/176/34 179/178/34
f 179/178/34 181/180/34 183/182/34
f 183/182/34 185/184/34 187/186/34
f 187/186/34 189/188/34 191/190/34
f 191/190/34 131/129/34 135/134/34
f 135/134/34 139/138/34 143/142/34
f 143/142/34 147/146/34 151/150/34
f 151/150/34 155/154/34 159/158/34
f 159/158/34 163/162/34 167/166/34
f 167/166/34 171/170/34 175/174/34
f 175/174/34 179/178/34 183/182/34
f 183/182/34 187/186/34 191/190/34
f 191/190/34 135/134/34 143/142/34
f 143/142/34 151/150/34 159/158/34
f 159/158/34 167/166/34 175/174/34
f 175/174/34 183/182/34 191/190/34
f 191/190/34 143/142/34 159/158/34
f 194/192/67 196/195/67 195/193/67
f 196/195/68 198/197/68 197/196/68
f 198/197/69 200/199/69 199/198/69
f 200/199/70 202/201/70 201/200/70
f 202/201/71 204/203/71 203/202/71
f 204/203/72 206/205/72 205/204/72
f 206/205/73 208/207/73 207/206/73
f 208/207/74 210/208/74 209/207/74
f 210/208/75 212/210/75 211/209/75
f 212/210/76 214/212/76 213/211/76
f 214/212/77 216/214/77 215/213/77
f 216/214/78 218/216/78 217/215/78
f 218/216/79 220/218/79 219/217/79
f 220/218/80 222/220/80 221/219/80
f 222/220/81 224/222/81 223/221/81
f 224/222/82 226/224/82 225/223/82
f 226/224/83 228/226/83 227/225/83
f 228/226/84 230/228/84 229/227/84
f 230/228/85 232/230/85 231/229/85
f 232/230/86 234/232/86 233/231/86
f 234/232/87 236/234/87 235/233/87
f 236/234/88 238/236/88 237/235/88
f 238/236/89 240/238/89 239/237/89
f 240/238/90 242/240/90 241/239/90
f 242/240/91 244/242/91 243/241/91
f 244/242/92 246/244/92 245/243/92
f 246/244/93 248/246/93 247/245/93
f 248/246/94 250/248/94 249/247/94
f 250/248/95 252/250/95 251/249/95
f 252/250/96 254/252/96 253/251/96
f 198/197/31 196/195/31 194/192/31
f 194/192/31 256/254/31 254/252/31
f 254/252/31 252/250/31 250/248/31
f 250/248/31 248/246/31 246/244/31
f 246/244/31 244/242/31 242/240/31
f 242/240/31 240/238/31 238/236/31
f 238/236/31 236/234/31 234/232/31
f 234/232/31 232/230/31 230/228/31
f 230/228/31 228/226/31 226/224/31
f 226/224/31 224/222/31 222/220/31
f 222/220/31 220/218/31 218/216/31
f 218/216/31 216/214/31 214/212/31
f 214/212/31 212/210/31 210/208/31
f 210/208/31 208/207/31 206/205/31
f 206/205/31 204/203/31 202/201/31
f 202/201/31 200/199/31 198/197/31
f 198/197/31 194/192/31 254/252/31
f 254/252/31 250/248/31 246/244/31
f 246/244/31 242/240/31 238/236/31
f 238/236/31 234/232/31 230/228/31
f 230/228/31 226/224/31 222/220/31
f 222/220/31 218/216/31 214/212/31
f 214/212/31 210/208/31 206/205/31
f 206/205/31 202/201/31 198/197/31
f 198/197/31 254/252/31 246/244/31
f 246/244/31 238/236/31 230/228/31
f 230/228/31 222/220/31 214/212/31
f 214/212/31 206/205/31 198/197/31
f 198/197/31 246/244/31 230/228/31
f 254/252/97 256/254/97 255/253/97
f 256/254/98 194/192/98 193/194/98
f 255/253/34 193/194/34 195/193/34
f 195/193/34 197/196/34 199/198/34
f 199/198/34 201/200/34 203/202/34
f 203/202/34 205/204/34 207/206/34
f 207/206/34 209/207/34 211/209/34
f 211/209/34 213/211/34 215/213/34
f 215/213/34 217/215/34 219/217/34
f 219/217/34 221/219/34 223/221/34
f 223/221/34 225/223/34 227/225/34
f 227/225/34 229/227/34 231/229/34
f 231/229/34 233/231/34 235/233/34
f 235/233/34 237/235/34 239/237/34
f 239/237/34 241/239/34 243/241/34
f 243/241/34 245/243/34 247/245/34
f 247/245/34 249/247/34 251/249/34
f 251/249/34 253/251/34 255/253/34
f 255/253/34 195/193/34 199/198/34
f 199/198/34 203/202/34 207/206/34
f 207/206/34 211/209/34 215/213/34
f 215/213/34 219/217/34 223/221/34
f 223/221/34 227/225/34 231/229/34
f 231/229/34 235/233/34 239/237/34
f 239/237/34 243/241/34 247/245/34
f 247/245/34 251/249/34 255/253/34
f 255/253/34 199/198/34 207/206/34
f 207/206/34 215/213/34 223/221/34
f 223/221/34 231/229/34 239/237/34
f 239/237/34 247/245/34 255/253/34
f 255/253/34 207/206/34 223/221/34
f 265/255/99 269/268/99 259/256/99
f 259/256/2068 269/268/2068 266/258/2068
f 268/260/101 267/273/101 260/261/101
f 260/263/2069 267/1817/2069 264/264/2069
f 257/257/103 259/256/103 263/259/103
f 263/259/106 276/266/106 262/265/106
f 264/264/2070 265/255/2070 257/257/2070
f 266/258/2071 268/260/2071 261/262/2071
f 260/261/2072 262/1818/2072 276/266/2072
f 276/266/2073 263/259/2073 261/262/2073
f 266/258/105 274/271/105 273/267/105
f 269/268/106 265/255/106 272/269/106
f 269/268/107 275/270/107 274/271/107
f 268/260/108 273/267/108 270/272/108
f 264/264/109 271/275/109 272/269/109
f 264/264/110 267/1817/110 270/274/110
f 285/277/117 289/289/117 279/278/117
f 279/278/2074 289/289/2074 286/280/2074
f 288/282/118 287/294/118 280/283/118
f 280/285/2075 287/1819/2075 284/286/2075
f 283/281/34 282/287/34 277/279/34
f 284/286/2076 285/277/2076 277/279/2076
f 286/280/2077 288/282/2077 281/284/2077
f 283/281/34 281/284/34 280/283/34
f 286/280/105 294/292/105 293/288/105
f 289/289/106 285/277/106 292/290/106
f 289/289/107 295/291/107 294/292/107
f 288/282/108 293/288/108 290/293/108
f 284/286/109 291/296/109 292/290/109
f 284/286/110 287/1819/110 290/295/110
f 297/298/35 299/301/35 298/299/35
f 299/301/36 301/303/36 300/302/36
f 301/303/37 303/305/37 302/304/37
f 303/305/38 305/307/38 304/306/38
f 305/307/39 307/309/39 306/308/39
f 307/309/40 309/311/40 308/310/40
f 309/311/41 311/313/41 310/312/41
f 311/313/42 313/315/42 312/314/42
f 313/315/43 315/381/43 314/316/43
f 315/317/44 317/320/44 316/318/44
f 317/320/45 319/322/45 318/321/45
f 319/322/46 321/324/46 320/323/46
f 321/324/47 323/326/47 322/325/47
f 323/326/48 325/328/48 324/327/48
f 325/328/49 327/330/49 326/329/49
f 327/330/50 329/332/50 328/331/50
f 329/332/51 331/334/51 330/333/51
f 331/334/52 333/336/52 332/335/52
f 333/336/53 335/338/53 334/337/53
f 335/338/54 337/340/54 336/339/54
f 337/340/55 339/342/55 338/341/55
f 339/342/56 341/344/56 340/343/56
f 341/344/57 343/346/57 342/345/57
f 343/346/58 345/348/58 344/347/58
f 345/348/59 347/350/59 346/349/59
f 347/350/60 349/352/60 348/351/60
f 349/352/61 351/354/61 350/353/61
f 351/354/62 353/356/62 352/355/62
f 353/356/63 355/358/63 354/357/63
f 355/358/64 357/362/64 356/359/64
f 321/324/125 319/322/125 371/360/125
f 357/362/65 359/364/65 358/363/65
f 359/364/66 297/298/66 296/300/66
f 306/308/126 308/310/126 463/365/126
f 367/367/31 366/392/31 398/368/31
f 337/340/127 380/396/127 381/370/127
f 355/358/128 389/397/128 390/371/128
f 311/313/129 367/367/129 368/372/129
f 331/334/130 329/332/130 376/373/130
f 347/350/131 385/398/131 386/375/131
f 303/305/132 363/399/132 364/376/132
f 321/324/133 372/361/133 373/377/133
f 339/342/134 381/370/134 382/378/134
f 357/362/135 390/371/135 391/379/135
f 313/315/136 368/372/136 369/380/136
f 331/334/137 377/374/137 378/382/137
f 349/352/138 386/375/138 387/383/138
f 305/307/139 364/376/139 365/384/139
f 323/326/140 373/377/140 374/385/140
f 341/344/141 382/378/141 383/386/141
f 297/298/142 361/388/142 360/387/142
f 297/298/143 359/364/143 391/379/143
f 315/317/144 369/380/144 370/389/144
f 335/338/145 333/336/145 378/382/145
f 351/354/146 387/383/146 388/391/146
f 309/311/147 307/309/147 365/384/147
f 327/330/148 325/328/148 374/385/148
f 345/348/149 343/346/149 383/386/149
f 299/301/150 360/387/150 362/395/150
f 317/320/151 370/389/151 371/360/151
f 335/338/152 379/390/152 380/396/152
f 353/356/153 388/391/153 389/397/153
f 309/311/154 366/392/154 367/367/154
f 327/330/155 375/393/155 376/373/155
f 345/348/156 384/394/156 385/398/156
f 301/303/157 362/395/157 363/399/157
f 402/400/158 401/407/158 433/401/158
f 381/370/31 380/396/31 412/403/31
f 368/372/31 367/367/31 399/369/31
f 382/378/31 381/370/31 413/404/31
f 369/380/31 368/372/31 400/405/31
f 383/386/31 382/378/31 414/406/31
f 370/389/31 369/380/31 401/407/31
f 384/394/31 383/386/31 415/408/31
f 371/360/31 370/389/31 402/400/31
f 385/398/31 384/394/31 416/409/31
f 372/361/31 371/360/31 403/410/31
f 386/375/31 385/398/31 417/411/31
f 373/377/31 372/361/31 404/412/31
f 387/383/31 386/375/31 418/413/31
f 374/385/31 373/377/31 405/414/31
f 360/387/31 361/388/31 393/417/31
f 388/391/31 387/383/31 419/415/31
f 375/393/31 374/385/31 406/416/31
f 362/395/31 360/387/31 392/418/31
f 389/397/31 388/391/31 420/419/31
f 376/373/31 375/393/31 407/420/31
f 363/399/31 362/395/31 394/421/31
f 390/371/31 389/397/31 421/422/31
f 377/374/31 376/373/31 408/423/31
f 364/376/31 363/399/31 395/424/31
f 391/379/31 390/371/31 422/425/31
f 378/382/31 377/374/31 409/426/31
f 365/384/31 364/376/31 396/427/31
f 361/388/31 391/379/31 423/428/31
f 379/390/31 378/382/31 410/429/31
f 366/392/31 365/384/31 397/430/31
f 380/396/31 379/390/31 411/431/31
f 415/408/160 447/462/160 448/435/160
f 402/400/161 434/402/161 435/436/161
f 416/409/162 448/435/162 449/437/162
f 403/410/163 435/436/163 436/433/163
f 418/413/164 417/411/164 449/437/164
f 404/412/165 436/433/165 437/432/165
f 419/415/166 418/413/166 450/438/166
f 405/414/167 437/432/167 438/440/167
f 393/417/168 425/454/168 424/441/168
f 419/415/169 451/439/169 452/442/169
f 406/416/170 438/440/170 439/443/170
f 392/418/171 424/441/171 426/444/171
f 420/419/172 452/442/172 453/445/172
f 407/420/173 439/443/173 440/446/173
f 394/421/174 426/444/174 427/447/174
f 422/425/175 421/422/175 453/445/175
f 408/423/176 440/446/176 441/449/176
f 396/427/177 395/424/177 427/447/177
f 422/425/178 454/448/178 455/451/178
f 409/426/179 441/449/179 442/452/179
f 396/427/180 428/450/180 429/453/180
f 393/417/181 423/428/181 455/451/181
f 410/429/182 442/452/182 443/455/182
f 397/430/183 429/453/183 430/456/183
f 411/431/184 443/455/184 444/457/184
f 398/368/185 430/456/185 431/458/185
f 412/403/186 444/457/186 445/459/186
f 399/369/187 431/458/187 432/460/187
f 413/404/188 445/459/188 446/461/188
f 401/407/189 400/405/189 432/460/189
f 414/406/190 446/461/190 447/462/190
f 484/463/222 516/500/222 515/464/222
f 326/329/223 472/474/223 471/466/223
f 344/347/224 481/475/224 480/467/224
f 300/302/225 459/476/225 458/468/225
f 318/321/226 468/477/226 467/469/226
f 336/339/227 477/478/227 476/470/227
f 352/355/228 354/357/228 486/471/228
f 308/310/229 310/312/229 464/473/229
f 328/331/230 473/479/230 472/474/230
f 346/349/231 482/480/231 481/475/231
f 302/304/232 460/482/232 459/476/232
f 320/323/233 469/483/233 468/477/233
f 338/341/234 478/484/234 477/478/234
f 356/359/235 487/485/235 486/471/235
f 312/314/236 465/486/236 464/473/236
f 330/333/237 474/487/237 473/479/237
f 348/351/238 483/465/238 482/480/238
f 302/304/239 304/306/239 461/481/239
f 322/325/240 470/488/240 469/483/240
f 340/343/241 479/489/241 478/484/241
f 358/363/242 488/491/242 487/485/242
f 314/316/243 466/1820/243 465/486/243
f 332/335/244 475/493/244 474/487/244
f 350/353/245 484/463/245 483/465/245
f 306/308/246 462/366/246 461/481/246
f 324/327/247 471/466/247 470/488/247
f 342/345/248 480/467/248 479/489/248
f 298/299/249 458/468/249 457/490/249
f 296/300/250 457/490/250 488/491/250
f 316/318/251 467/469/251 466/492/251
f 334/337/252 476/470/252 475/493/252
f 352/355/253 485/472/253 484/463/253
f 471/466/255 503/501/255 502/497/255
f 458/468/256 490/502/256 489/498/256
f 484/463/257 485/472/257 517/499/257
f 472/474/258 504/503/258 503/501/258
f 459/476/259 491/505/259 490/502/259
f 485/472/260 486/471/260 518/494/260
f 473/479/261 505/506/261 504/503/261
f 459/476/262 460/482/262 492/504/262
f 487/485/263 519/495/263 518/494/263
f 474/487/264 506/508/264 505/506/264
f 460/482/265 461/481/265 493/507/265
f 488/491/266 520/509/266 519/495/266
f 475/493/267 507/511/267 506/508/267
f 462/366/268 494/512/268 493/507/268
f 457/490/269 489/498/269 520/509/269
f 475/493/270 476/470/270 508/510/270
f 463/365/271 495/515/271 494/512/271
f 476/470/272 477/478/272 509/513/272
f 463/365/273 464/473/273 496/514/273
f 478/484/274 510/516/274 509/513/274
f 465/486/275 497/518/275 496/514/275
f 479/489/276 511/520/276 510/516/276
f 465/486/277 466/1820/277 498/517/277
f 479/489/278 480/467/278 512/519/278
f 467/469/279 499/522/279 498/521/279
f 481/475/280 513/523/280 512/519/280
f 468/477/281 500/525/281 499/522/281
f 482/480/282 514/526/282 513/523/282
f 468/477/283 469/483/283 501/524/283
f 483/465/284 515/464/284 514/526/284
f 470/488/285 502/497/285 501/524/285
f 523/527/35 525/530/35 524/528/35
f 525/530/36 527/532/36 526/531/36
f 527/532/37 529/534/37 528/533/37
f 529/534/38 531/536/38 530/535/38
f 531/536/39 533/538/39 532/537/39
f 533/538/40 535/540/40 534/539/40
f 535/540/41 537/625/41 536/541/41
f 537/542/42 539/545/42 538/543/42
f 539/545/43 541/547/43 540/546/43
f 541/547/44 543/549/44 542/548/44
f 543/549/45 545/551/45 544/550/45
f 545/551/46 547/553/46 546/552/46
f 547/553/47 549/555/47 548/554/47
f 549/555/48 551/557/48 550/556/48
f 551/557/49 553/559/49 552/558/49
f 553/559/50 555/561/50 554/560/50
f 555/561/51 557/563/51 556/562/51
f 557/563/52 559/565/52 558/564/52
f 559/565/53 561/567/53 560/566/53
f 561/567/54 563/569/54 562/568/54
f 563/569/55 565/571/55 564/570/55
f 565/571/56 567/573/56 566/572/56
f 567/573/57 569/575/57 568/574/57
f 569/575/58 571/577/58 570/576/58
f 571/577/59 573/579/59 572/578/59
f 573/579/60 575/581/60 574/580/60
f 575/581/61 577/583/61 576/582/61
f 577/583/62 579/585/62 578/584/62
f 579/585/63 581/587/63 580/586/63
f 581/587/64 583/591/64 582/588/64
f 547/553/125 545/551/125 597/589/125
f 583/591/65 585/593/65 584/592/65
f 585/593/66 523/527/66 522/529/66
f 534/539/126 689/702/126 688/594/126
f 593/595/31 592/619/31 624/596/31
f 563/569/127 606/623/127 607/598/127
f 581/587/128 615/624/128 616/599/128
f 537/542/129 593/595/129 594/600/129
f 555/561/130 602/626/130 603/601/130
f 575/581/131 573/579/131 611/602/131
f 529/534/132 589/627/132 590/604/132
f 547/553/133 598/590/133 599/605/133
f 565/571/134 607/598/134 608/606/134
f 583/591/135 616/599/135 617/607/135
f 539/545/136 594/600/136 595/608/136
f 557/563/137 603/601/137 604/609/137
f 575/581/138 612/603/138 613/610/138
f 531/536/139 590/604/139 591/611/139
f 549/555/140 599/605/140 600/612/140
f 567/573/141 608/606/141 609/613/141
f 523/527/142 587/615/142 586/614/142
f 585/593/143 617/607/143 587/615/143
f 541/547/144 595/608/144 596/616/144
f 559/565/145 604/609/145 605/617/145
f 577/583/146 613/610/146 614/618/146
f 533/538/147 591/611/147 592/619/147
f 551/557/148 600/612/148 601/620/148
f 571/577/149 569/575/149 609/613/149
f 525/530/150 586/614/150 588/622/150
f 543/549/151 596/616/151 597/589/151
f 561/567/152 605/617/152 606/623/152
f 581/587/153 579/585/153 614/618/153
f 537/625/154 535/540/154 592/619/154
f 553/559/155 601/620/155 602/626/155
f 571/577/156 610/621/156 611/602/156
f 529/534/157 527/532/157 588/622/157
f 627/628/158 659/689/158 660/629/158
f 607/598/31 606/623/31 638/631/31
f 594/600/31 593/595/31 625/597/31
f 608/606/31 607/598/31 639/632/31
f 595/608/31 594/600/31 626/633/31
f 609/613/31 608/606/31 640/634/31
f 596/616/31 595/608/31 627/628/31
f 610/621/31 609/613/31 641/635/31
f 597/589/31 596/616/31 628/630/31
f 611/602/31 610/621/31 642/636/31
f 598/590/31 597/589/31 629/637/31
f 612/603/31 611/602/31 643/638/31
f 599/605/31 598/590/31 630/639/31
f 613/610/31 612/603/31 644/640/31
f 600/612/31 599/605/31 631/641/31
f 586/614/31 587/615/31 619/644/31
f 614/618/31 613/610/31 645/642/31
f 601/620/31 600/612/31 632/643/31
f 588/622/31 586/614/31 618/645/31
f 615/624/31 614/618/31 646/646/31
f 602/626/31 601/620/31 633/647/31
f 589/627/31 588/622/31 620/648/31
f 616/599/31 615/624/31 647/649/31
f 603/601/31 602/626/31 634/650/31
f 590/604/31 589/627/31 621/651/31
f 617/607/31 616/599/31 648/652/31
f 604/609/31 603/601/31 635/653/31
f 591/611/31 590/604/31 622/654/31
f 587/615/31 617/607/31 649/655/31
f 605/617/31 604/609/31 636/656/31
f 592/619/31 591/611/31 623/657/31
f 606/623/31 605/617/31 637/658/31
f 641/635/160 673/690/160 674/662/160
f 629/637/161 628/630/161 660/629/161
f 642/636/162 674/662/162 675/664/162
f 629/637/163 661/663/163 662/660/163
f 643/638/164 675/664/164 676/665/164
f 630/639/165 662/660/165 663/659/165
f 645/642/166 644/640/166 676/665/166
f 631/641/167 663/659/167 664/667/167
f 619/644/168 651/681/168 650/668/168
f 645/642/169 677/666/169 678/669/169
f 632/643/170 664/667/170 665/670/170
f 620/648/171 618/645/171 650/668/171
f 646/646/172 678/669/172 679/672/172
f 633/647/173 665/670/173 666/673/173
f 620/648/174 652/671/174 653/674/174
f 647/649/175 679/672/175 680/675/175
f 634/650/176 666/673/176 667/676/176
f 621/651/177 653/674/177 654/677/177
f 648/652/178 680/675/178 681/678/178
f 635/653/179 667/676/179 668/679/179
f 622/654/180 654/677/180 655/680/180
f 619/644/181 649/655/181 681/678/181
f 636/656/182 668/679/182 669/682/182
f 623/657/183 655/680/183 656/683/183
f 637/658/184 669/682/184 670/684/184
f 624/596/185 656/683/185 657/685/185
f 638/631/186 670/684/186 671/686/186
f 626/633/187 625/597/187 657/685/187
f 640/634/188 639/632/188 671/686/188
f 627/628/189 626/633/189 658/687/189
f 640/634/190 672/688/190 673/690/190
f 710/691/222 742/729/222 741/692/222
f 552/558/223 698/703/223 697/694/223
f 570/576/224 707/704/224 706/695/224
f 524/528/225 526/531/225 685/696/225
f 544/550/226 694/705/226 693/698/226
f 562/568/227 703/706/227 702/699/227
f 580/586/228 712/707/228 711/700/228
f 534/539/229 536/541/229 690/701/229
f 554/560/230 699/711/230 698/703/230
f 572/578/231 708/712/231 707/704/231
f 528/533/232 686/713/232 685/696/232
f 546/552/233 695/714/233 694/705/233
f 564/570/234 704/715/234 703/706/234
f 582/588/235 713/716/235 712/707/235
f 536/544/236 538/543/236 691/708/236
f 554/560/237 556/562/237 700/710/237
f 574/580/238 709/693/238 708/712/238
f 530/535/239 687/717/239 686/713/239
f 548/554/240 696/718/240 695/714/240
f 566/572/241 705/719/241 704/715/241
f 584/592/242 714/721/242 713/716/242
f 540/546/243 692/722/243 691/708/243
f 558/564/244 701/723/244 700/710/244
f 576/582/245 710/691/245 709/693/245
f 532/537/246 688/594/246 687/717/246
f 550/556/247 697/694/247 696/718/247
f 568/574/248 706/695/248 705/719/248
f 524/528/249 684/697/249 683/720/249
f 522/529/250 683/720/250 714/721/250
f 542/548/251 693/698/251 692/722/251
f 560/566/252 702/699/252 701/723/252
f 578/584/253 711/700/253 710/691/253
f 697/694/255 729/731/255 728/727/255
f 684/697/256 716/732/256 715/728/256
f 711/700/257 743/733/257 742/729/257
f 697/694/258 698/703/258 730/730/258
f 685/696/259 717/734/259 716/732/259
f 712/707/260 744/724/260 743/733/260
f 699/711/261 731/735/261 730/730/261
f 686/713/262 718/736/262 717/734/262
f 713/716/263 745/725/263 744/724/263
f 700/710/264 732/737/264 731/735/264
f 687/717/265 719/738/265 718/736/265
f 714/721/266 746/739/266 745/725/266
f 701/723/267 733/740/267 732/737/267
f 688/594/268 720/741/268 719/738/268
f 683/720/269 715/728/269 746/739/269
f 702/699/270 734/742/270 733/740/270
f 689/702/271 721/744/271 720/741/271
f 703/706/272 735/745/272 734/742/272
f 689/702/273 690/701/273 722/743/273
f 704/715/274 736/747/274 735/745/274
f 691/708/275 723/748/275 722/746/275
f 705/719/276 737/749/276 736/747/276
f 692/722/277 724/751/277 723/748/277
f 706/695/278 738/752/278 737/749/278
f 692/722/279 693/698/279 725/750/279
f 707/704/280 739/754/280 738/752/280
f 693/698/281 694/705/281 726/753/281
f 708/712/282 740/755/282 739/754/282
f 695/714/283 727/756/283 726/753/283
f 709/693/284 741/692/284 740/755/284
f 696/718/285 728/727/285 727/756/285
f 748/757/317 749/757/317 751/757/317
f 750/757/318 751/757/318 753/757/318
f 752/757/319 753/757/319 755/757/319
f 754/757/320 755/757/320 757/757/320
f 756/757/321 757/757/321 759/757/321
f 758/757/322 759/757/322 761/757/322
f 760/757/323 761/757/323 763/757/323
f 762/757/324 763/757/324 765/757/324
f 765/757/325 767/757/325 766/757/325
f 767/757/326 769/757/326 768/757/326
f 769/757/327 771/757/327 770/757/327
f 771/757/328 773/757/328 772/757/328
f 773/757/329 775/757/329 774/757/329
f 775/757/330 777/757/330 776/757/330
f 777/757/331 779/757/331 778/757/331
f 779/757/332 781/757/332 780/757/332
f 781/757/333 783/757/333 782/757/333
f 783/757/334 785/757/334 784/757/334
f 785/757/335 787/757/335 786/757/335
f 787/757/336 789/757/336 788/757/336
f 789/757/337 791/757/337 790/757/337
f 791/757/338 793/757/338 792/757/338
f 793/757/339 795/757/339 794/757/339
f 795/757/340 797/757/340 796/757/340
f 796/757/341 797/757/341 799/757/341
f 798/757/342 799/757/342 801/757/342
f 800/757/343 801/757/343 803/757/343
f 802/757/344 803/757/344 805/757/344
f 804/757/345 805/757/345 807/757/345
f 806/757/346 807/757/346 809/757/346
f 825/757/347 775/757/347 773/757/347
f 773/757/347 824/757/347 856/757/347
f 808/757/348 809/757/348 811/757/348
f 810/757/349 811/757/349 749/757/349
f 810/757/2078 748/757/2078 750/757/2078
f 750/757/2079 752/757/2079 754/757/2079
f 754/757/2080 756/757/2080 758/757/2080
f 758/757/2081 760/757/2081 762/757/2081
f 762/757/2081 764/757/2081 766/757/2081
f 766/757/2082 768/757/2082 770/757/2082
f 770/757/2083 772/757/2083 774/757/2083
f 774/757/2084 776/757/2084 778/757/2084
f 778/757/2085 780/757/2085 782/757/2085
f 782/757/2086 784/757/2086 786/757/2086
f 786/757/2087 788/757/2087 790/757/2087
f 790/757/2088 792/757/2088 794/757/2088
f 794/757/350 796/757/350 798/757/350
f 798/757/2089 800/757/2089 802/757/2089
f 802/757/2086 804/757/2086 806/757/2086
f 806/757/350 808/757/350 810/757/350
f 810/757/350 750/757/350 754/757/350
f 754/757/350 758/757/350 762/757/350
f 762/757/350 766/757/350 770/757/350
f 770/757/350 774/757/350 778/757/350
f 778/757/350 782/757/350 786/757/350
f 786/757/350 790/757/350 794/757/350
f 794/757/350 798/757/350 802/757/350
f 802/757/350 806/757/350 810/757/350
f 810/757/350 754/757/350 762/757/350
f 762/757/350 770/757/350 778/757/350
f 778/757/350 786/757/350 794/757/350
f 794/757/350 802/757/350 810/757/350
f 810/757/350 762/757/350 778/757/350
f 870/757/415 934/757/415 903/757/415
f 834/757/352 793/757/352 791/757/352
f 791/757/352 833/757/352 865/757/352
f 843/757/353 811/757/353 809/757/353
f 809/757/353 842/757/353 874/757/353
f 821/757/354 767/757/354 765/757/354
f 765/757/354 820/757/354 852/757/354
f 830/757/355 785/757/355 783/757/355
f 783/757/355 829/757/355 861/757/355
f 839/757/356 803/757/356 801/757/356
f 801/757/356 838/757/356 870/757/356
f 817/757/357 759/757/357 757/757/357
f 757/757/357 816/757/357 848/757/357
f 826/757/358 777/757/358 775/757/358
f 775/757/358 825/757/358 857/757/358
f 835/757/359 795/757/359 793/757/359
f 793/757/2090 834/757/2090 866/757/2090
f 812/757/360 751/757/360 749/757/360
f 749/757/360 813/757/360 844/757/360
f 813/757/361 749/757/361 811/757/361
f 811/757/361 843/757/361 875/757/361
f 822/757/362 769/757/362 767/757/362
f 767/757/362 821/757/362 853/757/362
f 831/757/363 787/757/363 785/757/363
f 785/757/363 830/757/363 862/757/363
f 840/757/364 805/757/364 803/757/364
f 803/757/364 839/757/364 871/757/364
f 818/757/365 761/757/365 759/757/365
f 759/757/365 817/757/365 849/757/365
f 827/757/366 779/757/366 777/757/366
f 777/757/366 826/757/366 858/757/366
f 836/757/367 797/757/367 795/757/367
f 795/757/367 835/757/367 867/757/367
f 814/757/368 753/757/368 751/757/368
f 751/757/368 812/757/368 845/757/368
f 823/757/369 771/757/369 769/757/369
f 769/757/369 822/757/369 854/757/369
f 832/757/370 789/757/370 787/757/370
f 787/757/370 831/757/370 863/757/370
f 841/757/371 807/757/371 805/757/371
f 805/757/371 840/757/371 872/757/371
f 819/757/372 763/757/372 761/757/372
f 761/757/372 818/757/372 850/757/372
f 828/757/373 781/757/373 779/757/373
f 779/757/373 827/757/373 859/757/373
f 837/757/374 799/757/374 797/757/374
f 797/757/374 836/757/374 868/757/374
f 815/757/375 755/757/375 753/757/375
f 753/757/375 814/757/375 846/757/375
f 824/757/376 773/757/376 771/757/376
f 771/757/376 823/757/376 855/757/376
f 833/757/377 791/757/377 789/757/377
f 789/757/377 832/757/377 864/757/377
f 842/757/378 809/757/378 807/757/378
f 807/757/378 841/757/378 873/757/378
f 820/757/379 765/757/379 763/757/379
f 763/757/379 819/757/379 851/757/379
f 829/757/380 783/757/380 781/757/380
f 781/757/380 828/757/380 860/757/380
f 838/757/2091 801/757/2091 799/757/2091
f 799/757/2091 837/757/2091 869/757/2091
f 816/757/382 757/757/382 755/757/382
f 755/757/382 815/757/382 847/757/382
f 928/757/31 896/757/31 960/757/31
f 844/757/383 908/757/383 876/757/383
f 856/757/384 824/757/384 888/757/384
f 871/757/385 935/757/385 904/757/385
f 845/757/416 909/757/416 878/757/416
f 857/757/387 825/757/387 889/757/387
f 872/757/388 936/757/388 905/757/388
f 846/757/389 910/757/389 879/757/389
f 858/757/414 826/757/414 890/757/414
f 873/757/391 937/757/391 906/757/391
f 847/757/392 911/757/392 880/757/392
f 859/757/393 827/757/393 891/757/393
f 874/757/418 938/757/418 907/757/418
f 848/757/395 912/757/395 881/757/395
f 860/757/396 828/757/396 892/757/396
f 875/757/397 939/757/397 877/757/397
f 849/757/398 913/757/398 882/757/398
f 861/757/417 829/757/417 893/757/417
f 850/757/400 914/757/400 883/757/400
f 862/757/401 830/757/401 894/757/401
f 851/757/402 915/757/402 884/757/402
f 863/757/403 831/757/403 895/757/403
f 821/757/404 852/757/404 916/757/404
f 864/757/405 832/757/405 896/757/405
f 822/757/406 853/757/406 917/757/406
f 865/757/2092 833/757/2092 897/757/2092
f 823/757/419 854/757/419 918/757/419
f 866/757/409 834/757/409 898/757/409
f 824/757/410 855/757/410 919/757/410
f 867/757/411 835/757/411 899/757/411
f 825/757/384 856/757/384 920/757/384
f 836/757/412 900/757/412 932/757/412
f 826/757/387 857/757/387 921/757/387
f 837/757/413 901/757/413 933/757/413
f 827/757/390 858/757/390 922/757/390
f 838/757/415 902/757/415 934/757/415
f 813/757/383 877/757/383 908/757/383
f 828/757/393 859/757/393 923/757/393
f 839/757/385 903/757/385 935/757/385
f 812/757/386 876/757/386 909/757/386
f 829/757/396 860/757/396 924/757/396
f 840/757/388 904/757/388 936/757/388
f 814/757/389 878/757/389 910/757/389
f 830/757/399 861/757/399 925/757/399
f 841/757/391 905/757/391 937/757/391
f 815/757/392 879/757/392 911/757/392
f 831/757/401 862/757/401 926/757/401
f 842/757/394 906/757/394 938/757/394
f 816/757/395 880/757/395 912/757/395
f 832/757/403 863/757/403 927/757/403
f 843/757/397 907/757/397 939/757/397
f 817/757/2093 881/757/2093 913/757/2093
f 833/757/405 864/757/405 928/757/405
f 818/757/400 882/757/400 914/757/400
f 834/757/2092 865/757/2092 929/757/2092
f 819/757/402 883/757/402 915/757/402
f 835/757/409 866/757/409 930/757/409
f 852/757/404 820/757/404 884/757/404
f 836/757/411 867/757/411 931/757/411
f 853/757/406 821/757/406 885/757/406
f 868/757/412 932/757/412 901/757/412
f 854/757/419 822/757/419 886/757/419
f 869/757/413 933/757/413 902/757/413
f 855/757/410 823/757/410 887/757/410
f 995/757/31 963/757/31 1027/757/31
f 892/757/31 923/757/31 987/757/31
f 929/757/31 897/757/31 961/757/31
f 893/757/31 924/757/31 988/757/31
f 930/757/31 898/757/31 962/757/31
f 894/757/31 925/757/31 989/757/31
f 931/757/31 899/757/31 963/757/31
f 895/757/31 926/757/31 990/757/31
f 932/757/31 900/757/31 964/757/31
f 896/757/31 927/757/31 991/757/31
f 933/757/31 901/757/31 965/757/31
f 897/757/31 928/757/31 992/757/31
f 934/757/31 902/757/31 966/757/31
f 908/757/31 877/757/31 941/757/31
f 898/757/31 929/757/31 993/757/31
f 935/757/31 903/757/31 967/757/31
f 909/757/31 876/757/31 940/757/31
f 899/757/31 930/757/31 994/757/31
f 936/757/31 904/757/31 968/757/31
f 910/757/31 878/757/31 942/757/31
f 900/757/31 931/757/31 995/757/31
f 937/757/31 905/757/31 969/757/31
f 911/757/31 879/757/31 943/757/31
f 901/757/31 932/757/31 996/757/31
f 938/757/31 906/757/31 970/757/31
f 912/757/31 880/757/31 944/757/31
f 902/757/31 933/757/31 997/757/31
f 939/757/31 907/757/31 971/757/31
f 913/757/31 881/757/31 945/757/31
f 903/757/31 934/757/31 998/757/31
f 876/757/31 908/757/31 972/757/31
f 914/757/31 882/757/31 946/757/31
f 904/757/31 935/757/31 999/757/31
f 878/757/31 909/757/31 973/757/31
f 915/757/31 883/757/31 947/757/31
f 905/757/31 936/757/31 1000/757/31
f 879/757/31 910/757/31 974/757/31
f 916/757/31 884/757/31 948/757/31
f 906/757/31 937/757/31 1001/757/31
f 880/757/31 911/757/31 975/757/31
f 917/757/31 885/757/31 949/757/31
f 907/757/31 938/757/31 1002/757/31
f 881/757/31 912/757/31 976/757/31
f 918/757/31 886/757/31 950/757/31
f 877/757/31 939/757/31 1003/757/31
f 882/757/31 913/757/31 977/757/31
f 919/757/31 887/757/31 951/757/31
f 883/757/31 914/757/31 978/757/31
f 920/757/31 888/757/31 952/757/31
f 884/757/31 915/757/31 979/757/31
f 921/757/31 889/757/31 953/757/31
f 885/757/31 916/757/31 980/757/31
f 922/757/31 890/757/31 954/757/31
f 886/757/31 917/757/31 981/757/31
f 923/757/31 891/757/31 955/757/31
f 887/757/31 918/757/31 982/757/31
f 924/757/31 892/757/31 956/757/31
f 888/757/31 919/757/31 983/757/31
f 925/757/31 893/757/31 957/757/31
f 889/757/31 920/757/31 984/757/31
f 926/757/31 894/757/31 958/757/31
f 890/757/31 921/757/31 985/757/31
f 927/757/31 895/757/31 959/757/31
f 891/757/31 922/757/31 986/757/31
f 1021/757/2094 1052/757/2094 1116/757/2094
f 959/757/31 990/757/31 1054/757/31
f 996/757/31 964/757/31 1028/757/31
f 960/757/31 991/757/31 1055/757/31
f 997/757/31 965/757/31 1029/757/31
f 961/757/31 992/757/31 1056/757/31
f 998/757/31 966/757/31 1030/757/31
f 972/757/31 941/757/31 1005/757/31
f 962/757/31 993/757/31 1057/757/31
f 999/757/31 967/757/31 1031/757/31
f 973/757/31 940/757/31 1004/757/31
f 963/757/31 994/757/31 1058/757/31
f 1000/757/31 968/757/31 1032/757/31
f 974/757/31 942/757/31 1006/757/31
f 964/757/31 995/757/31 1059/757/31
f 1001/757/31 969/757/31 1033/757/31
f 975/757/31 943/757/31 1007/757/31
f 965/757/31 996/757/31 1060/757/31
f 1002/757/31 970/757/31 1034/757/31
f 976/757/31 944/757/31 1008/757/31
f 966/757/31 997/757/31 1061/757/31
f 1003/757/31 971/757/31 1035/757/31
f 977/757/31 945/757/31 1009/757/31
f 967/757/31 998/757/31 1062/757/31
f 940/757/31 972/757/31 1036/757/31
f 978/757/31 946/757/31 1010/757/31
f 968/757/31 999/757/31 1063/757/31
f 942/757/31 973/757/31 1037/757/31
f 979/757/31 947/757/31 1011/757/31
f 969/757/31 1000/757/31 1064/757/31
f 943/757/31 974/757/31 1038/757/31
f 980/757/31 948/757/31 1012/757/31
f 970/757/31 1001/757/31 1065/757/31
f 944/757/31 975/757/31 1039/757/31
f 981/757/31 949/757/31 1013/757/31
f 971/757/31 1002/757/31 1066/757/31
f 945/757/31 976/757/31 1040/757/31
f 982/757/31 950/757/31 1014/757/31
f 941/757/31 1003/757/31 1067/757/31
f 946/757/31 977/757/31 1041/757/31
f 983/757/31 951/757/31 1015/757/31
f 947/757/31 978/757/31 1042/757/31
f 984/757/31 952/757/31 1016/757/31
f 948/757/31 979/757/31 1043/757/31
f 985/757/31 953/757/31 1017/757/31
f 949/757/31 980/757/31 1044/757/31
f 986/757/31 954/757/31 1018/757/31
f 950/757/31 981/757/31 1045/757/31
f 987/757/31 955/757/31 1019/757/31
f 951/757/31 982/757/31 1046/757/31
f 988/757/31 956/757/31 1020/757/31
f 952/757/31 983/757/31 1047/757/31
f 989/757/31 957/757/31 1021/757/31
f 953/757/31 984/757/31 1048/757/31
f 990/757/31 958/757/31 1022/757/31
f 954/757/31 985/757/31 1049/757/31
f 991/757/31 959/757/31 1023/757/31
f 955/757/31 986/757/31 1050/757/31
f 992/757/31 960/757/31 1024/757/31
f 956/757/31 987/757/31 1051/757/31
f 993/757/31 961/757/31 1025/757/31
f 957/757/31 988/757/31 1052/757/31
f 994/757/31 962/757/31 1026/757/31
f 958/757/31 989/757/31 1053/757/31
f 1221/758/2095 1253/758/2095 1381/758/2095
f 1026/757/2096 1090/757/2096 1122/757/2096
f 1022/757/2097 1053/757/2097 1117/757/2097
f 1027/757/2098 1091/757/2098 1123/757/2098
f 1023/757/2099 1054/757/2099 1118/757/2099
f 1028/757/2100 1092/757/2100 1124/757/2100
f 1024/757/2101 1055/757/2101 1119/757/2101
f 1029/757/2102 1093/757/2102 1125/757/2102
f 1025/757/2103 1056/757/2103 1120/757/2103
f 1030/757/2104 1094/757/2104 1126/757/2104
f 1005/757/2105 1069/757/2105 1100/757/2105
f 1057/757/2106 1121/757/2106 1090/757/2106
f 1031/757/2107 1095/757/2107 1127/757/2107
f 1004/757/2108 1068/757/2108 1101/757/2108
f 1058/757/2109 1122/757/2109 1091/757/2109
f 1032/757/2110 1096/757/2110 1128/757/2110
f 1006/757/2111 1070/757/2111 1102/757/2111
f 1059/757/2112 1123/757/2112 1092/757/2112
f 1033/757/2113 1097/757/2113 1129/757/2113
f 1007/757/2114 1071/757/2114 1103/757/2114
f 1060/757/2115 1124/757/2115 1093/757/2115
f 1034/757/2116 1098/757/2116 1130/757/2116
f 1008/757/2117 1072/757/2117 1104/757/2117
f 1061/757/2118 1125/757/2118 1094/757/2118
f 1035/757/2119 1099/757/2119 1131/757/2119
f 1041/757/2120 1009/757/2120 1073/757/2120
f 1062/757/2121 1126/757/2121 1095/757/2121
f 1036/757/2122 1100/757/2122 1068/757/2122
f 1042/757/2123 1010/757/2123 1074/757/2123
f 1063/757/2124 1127/757/2124 1096/757/2124
f 1037/757/2125 1101/757/2125 1070/757/2125
f 1043/757/2126 1011/757/2126 1075/757/2126
f 1064/757/2127 1128/757/2127 1097/757/2127
f 1038/757/2128 1102/757/2128 1071/757/2128
f 1044/757/2129 1012/757/2129 1076/757/2129
f 1065/757/2130 1129/757/2130 1098/757/2130
f 1039/757/2114 1103/757/2114 1072/757/2114
f 1045/757/2131 1013/757/2131 1077/757/2131
f 1066/757/2132 1130/757/2132 1099/757/2132
f 1040/757/2117 1104/757/2117 1073/757/2117
f 1046/757/2133 1014/757/2133 1078/757/2133
f 1067/757/2134 1131/757/2134 1069/757/2134
f 1010/757/2135 1041/757/2135 1105/757/2135
f 1047/757/2136 1015/757/2136 1079/757/2136
f 1011/757/2137 1042/757/2137 1106/757/2137
f 1048/757/2138 1016/757/2138 1080/757/2138
f 1012/757/2139 1043/757/2139 1107/757/2139
f 1049/757/2140 1017/757/2140 1081/757/2140
f 1013/757/2129 1044/757/2129 1108/757/2129
f 1050/757/2141 1018/757/2141 1082/757/2141
f 1014/757/2142 1045/757/2142 1109/757/2142
f 1051/757/2143 1019/757/2143 1083/757/2143
f 1015/757/2144 1046/757/2144 1110/757/2144
f 1052/757/2145 1020/757/2145 1084/757/2145
f 1016/757/2146 1047/757/2146 1111/757/2146
f 1053/757/2147 1021/757/2147 1085/757/2147
f 1017/757/2148 1048/757/2148 1112/757/2148
f 1054/757/2149 1022/757/2149 1086/757/2149
f 1018/757/2150 1049/757/2150 1113/757/2150
f 1055/757/2101 1023/757/2101 1087/757/2101
f 1019/757/2151 1050/757/2151 1114/757/2151
f 1056/757/2103 1024/757/2103 1088/757/2103
f 1020/757/2152 1051/757/2152 1115/757/2152
f 1025/757/2153 1089/757/2153 1121/757/2153
f 1092/757/2154 1284/757/2154 1316/757/2154
f 1220/758/2155 1252/758/2155 1380/758/2155
f 1091/757/2156 1283/757/2156 1315/757/2156
f 1219/758/2157 1251/758/2157 1379/758/2157
f 1090/757/2158 1282/757/2158 1314/757/2158
f 1218/758/2159 1250/758/2159 1378/758/2159
f 1089/757/2160 1281/757/2160 1313/757/2160
f 1088/757/2161 1280/757/2161 1312/757/2161
f 1217/758/2162 1249/758/2162 1377/758/2162
f 1087/757/2163 1279/757/2163 1311/757/2163
f 1216/758/2164 1248/758/2164 1376/758/2164
f 1086/757/2165 1278/757/2165 1310/757/2165
f 1215/758/2166 1247/758/2166 1375/758/2166
f 1085/757/2167 1277/757/2167 1309/757/2167
f 1214/758/2168 1246/758/2168 1374/758/2168
f 1084/757/2169 1276/757/2169 1308/757/2169
f 1213/758/2170 1245/758/2170 1373/758/2170
f 1212/758/2171 1244/758/2171 1372/758/2171
f 1115/757/2172 1083/757/2172 1275/757/2172
f 1243/758/2173 1371/758/2173 1339/758/2173
f 1114/757/2174 1082/757/2174 1274/757/2174
f 1242/758/2175 1370/758/2175 1338/758/2175
f 1113/757/2176 1081/757/2176 1273/757/2176
f 1241/758/2177 1369/758/2177 1337/758/2177
f 1112/757/2178 1080/757/2178 1272/757/2178
f 1131/757/2179 1323/757/2179 1261/757/2179
f 1240/758/2180 1368/758/2180 1336/758/2180
f 1111/757/2181 1079/757/2181 1271/757/2181
f 1130/757/2182 1322/757/2182 1291/757/2182
f 1259/758/2183 1197/758/2183 1325/758/2183
f 1239/758/2184 1367/758/2184 1335/758/2184
f 1110/757/2185 1078/757/2185 1270/757/2185
f 1129/757/2186 1321/757/2186 1290/757/2186
f 1258/758/2187 1227/758/2187 1355/758/2187
f 1238/758/2188 1366/758/2188 1334/758/2188
f 1109/757/2189 1077/757/2189 1269/757/2189
f 1128/757/2190 1320/757/2190 1289/757/2190
f 1257/758/2191 1226/758/2191 1354/758/2191
f 1237/758/2192 1365/758/2192 1333/758/2192
f 1108/757/2193 1076/757/2193 1268/757/2193
f 1127/757/2194 1319/757/2194 1288/757/2194
f 1256/758/2195 1225/758/2195 1353/758/2195
f 1236/758/2196 1364/758/2196 1332/758/2196
f 1107/757/2197 1075/757/2197 1267/757/2197
f 1126/757/2198 1318/757/2198 1287/757/2198
f 1255/758/2199 1224/758/2199 1352/758/2199
f 1235/758/2200 1363/758/2200 1331/758/2200
f 1106/757/2201 1074/757/2201 1266/757/2201
f 1125/757/2202 1317/757/2202 1286/757/2202
f 1254/758/2203 1223/758/2203 1351/758/2203
f 1234/758/2204 1362/758/2204 1330/758/2204
f 1105/757/2205 1073/757/2205 1265/757/2205
f 1124/757/2206 1316/757/2206 1285/757/2206
f 1253/758/2207 1222/758/2207 1350/758/2207
f 1233/758/2208 1361/758/2208 1329/758/2208
f 1104/757/2209 1072/757/2209 1264/757/2209
f 1123/757/2210 1315/757/2210 1284/757/2210
f 1252/758/2211 1221/758/2211 1349/758/2211
f 1232/758/2212 1360/758/2212 1328/758/2212
f 1103/757/2213 1071/757/2213 1263/757/2213
f 1122/757/2214 1314/757/2214 1283/757/2214
f 1251/758/2215 1220/758/2215 1348/758/2215
f 1231/758/2216 1359/758/2216 1327/758/2216
f 1102/757/2217 1070/757/2217 1262/757/2217
f 1121/757/2218 1313/757/2218 1282/757/2218
f 1250/758/2219 1219/758/2219 1347/758/2219
f 1230/758/2220 1358/758/2220 1326/758/2220
f 1101/757/2221 1068/757/2221 1260/757/2221
f 1120/757/2222 1312/757/2222 1281/757/2222
f 1249/758/2223 1218/758/2223 1346/758/2223
f 1229/758/2224 1357/758/2224 1324/758/2224
f 1100/757/2225 1069/757/2225 1261/757/2225
f 1119/757/2226 1311/757/2226 1280/757/2226
f 1248/758/2227 1217/758/2227 1345/758/2227
f 1228/758/2228 1356/758/2228 1325/758/2228
f 1118/757/2229 1310/757/2229 1279/757/2229
f 1247/758/2230 1216/758/2230 1344/758/2230
f 1117/757/2231 1309/757/2231 1278/757/2231
f 1246/758/2232 1215/758/2232 1343/758/2232
f 1116/757/2233 1308/757/2233 1277/757/2233
f 1245/758/2234 1214/758/2234 1342/758/2234
f 1084/757/2235 1115/757/2235 1307/757/2235
f 1244/758/2236 1213/758/2236 1341/758/2236
f 1083/757/2237 1114/757/2237 1306/757/2237
f 1212/758/2238 1340/758/2238 1371/758/2238
f 1082/757/2239 1113/757/2239 1305/757/2239
f 1211/758/2240 1339/758/2240 1370/758/2240
f 1081/757/2241 1112/757/2241 1304/757/2241
f 1210/758/2242 1338/758/2242 1369/758/2242
f 1080/757/2243 1111/757/2243 1303/757/2243
f 1209/758/2244 1337/758/2244 1368/758/2244
f 1079/757/2245 1110/757/2245 1302/757/2245
f 1208/758/2246 1336/758/2246 1367/758/2246
f 1078/757/2247 1109/757/2247 1301/757/2247
f 1207/758/2248 1335/758/2248 1366/758/2248
f 1077/757/2249 1108/757/2249 1300/757/2249
f 1206/758/2250 1334/758/2250 1365/758/2250
f 1076/757/2251 1107/757/2251 1299/757/2251
f 1205/758/2252 1333/758/2252 1364/758/2252
f 1075/757/2253 1106/757/2253 1298/757/2253
f 1204/758/2254 1332/758/2254 1363/758/2254
f 1074/757/2255 1105/757/2255 1297/757/2255
f 1203/758/2256 1331/758/2256 1362/758/2256
f 1073/757/2257 1104/757/2257 1296/757/2257
f 1202/758/2258 1330/758/2258 1361/758/2258
f 1072/757/2259 1103/757/2259 1295/757/2259
f 1201/758/2260 1329/758/2260 1360/758/2260
f 1071/757/2261 1102/757/2261 1294/757/2261
f 1200/758/2262 1328/758/2262 1359/758/2262
f 1199/758/2263 1327/758/2263 1358/758/2263
f 1070/757/2264 1101/757/2264 1293/757/2264
f 1198/758/2265 1326/758/2265 1357/758/2265
f 1068/757/2266 1100/757/2266 1292/757/2266
f 1196/758/2267 1324/758/2267 1356/758/2267
f 1099/757/2268 1291/757/2268 1323/757/2268
f 1227/758/2269 1259/758/2269 1387/758/2269
f 1098/757/2270 1290/757/2270 1322/757/2270
f 1226/758/2271 1258/758/2271 1386/758/2271
f 1097/757/2272 1289/757/2272 1321/757/2272
f 1225/758/2273 1257/758/2273 1385/758/2273
f 1096/757/2274 1288/757/2274 1320/757/2274
f 1224/758/2275 1256/758/2275 1384/758/2275
f 1095/757/2276 1287/757/2276 1319/757/2276
f 1223/758/2277 1255/758/2277 1383/758/2277
f 1094/757/2278 1286/757/2278 1318/757/2278
f 1222/758/2279 1254/758/2279 1382/758/2279
f 1093/757/2280 1285/757/2280 1317/757/2280
f 1292/757/2281 1261/757/2281 1453/757/2281
f 1311/757/2282 1503/757/2282 1472/757/2282
f 1369/758/2283 1561/758/2283 1529/758/2283
f 1310/757/2284 1502/757/2284 1471/757/2284
f 1368/758/2285 1560/758/2285 1528/758/2285
f 1387/758/2286 1325/758/2286 1517/758/2286
f 1309/757/2287 1501/757/2287 1470/757/2287
f 1367/758/2288 1559/758/2288 1527/758/2288
f 1386/758/2289 1355/758/2289 1547/758/2289
f 1308/757/2290 1500/757/2290 1469/757/2290
f 1366/758/2291 1558/758/2291 1526/758/2291
f 1385/758/2292 1354/758/2292 1546/758/2292
f 1276/757/2293 1307/757/2293 1499/757/2293
f 1365/758/2294 1557/758/2294 1525/758/2294
f 1384/758/2295 1353/758/2295 1545/758/2295
f 1275/757/2296 1306/757/2296 1498/757/2296
f 1364/758/2297 1556/758/2297 1524/758/2297
f 1383/758/2298 1352/758/2298 1544/758/2298
f 1274/757/2299 1305/757/2299 1497/757/2299
f 1363/758/2300 1555/758/2300 1523/758/2300
f 1382/758/2301 1351/758/2301 1543/758/2301
f 1273/757/2302 1304/757/2302 1496/757/2302
f 1362/758/2303 1554/758/2303 1522/758/2303
f 1381/758/2304 1350/758/2304 1542/758/2304
f 1272/757/2305 1303/757/2305 1495/757/2305
f 1361/758/2306 1553/758/2306 1521/758/2306
f 1380/758/2307 1349/758/2307 1541/758/2307
f 1271/757/2308 1302/757/2308 1494/757/2308
f 1360/758/2309 1552/758/2309 1520/758/2309
f 1379/758/2310 1348/758/2310 1540/758/2310
f 1270/757/2311 1301/757/2311 1493/757/2311
f 1359/758/2312 1551/758/2312 1519/758/2312
f 1378/758/2313 1347/758/2313 1539/758/2313
f 1269/757/2314 1300/757/2314 1492/757/2314
f 1358/758/2315 1550/758/2315 1518/758/2315
f 1377/758/2316 1346/758/2316 1538/758/2316
f 1268/757/2317 1299/757/2317 1491/757/2317
f 1357/758/2318 1549/758/2318 1516/758/2318
f 1376/758/2319 1345/758/2319 1537/758/2319
f 1267/757/2320 1298/757/2320 1490/757/2320
f 1356/758/2321 1548/758/2321 1517/758/2321
f 1375/758/2322 1344/758/2322 1536/758/2322
f 1266/757/2323 1297/757/2323 1489/757/2323
f 1374/758/2324 1343/758/2324 1535/758/2324
f 1265/757/2325 1296/757/2325 1488/757/2325
f 1373/758/2326 1342/758/2326 1534/758/2326
f 1264/757/2327 1295/757/2327 1487/757/2327
f 1372/758/2328 1341/758/2328 1533/758/2328
f 1263/757/2329 1294/757/2329 1486/757/2329
f 1340/758/2330 1532/758/2330 1563/758/2330
f 1262/757/2331 1293/757/2331 1485/757/2331
f 1339/758/2332 1531/758/2332 1562/758/2332
f 1260/757/2333 1292/757/2333 1484/757/2333
f 1338/758/2334 1530/758/2334 1561/758/2334
f 1291/757/2335 1483/757/2335 1515/757/2335
f 1337/758/2336 1529/758/2336 1560/758/2336
f 1290/757/2337 1482/757/2337 1514/757/2337
f 1336/758/2338 1528/758/2338 1559/758/2338
f 1289/757/2339 1481/757/2339 1513/757/2339
f 1335/758/2340 1527/758/2340 1558/758/2340
f 1288/757/2341 1480/757/2341 1512/757/2341
f 1334/758/2342 1526/758/2342 1557/758/2342
f 1287/757/2343 1479/757/2343 1511/757/2343
f 1333/758/2344 1525/758/2344 1556/758/2344
f 1286/757/2345 1478/757/2345 1510/757/2345
f 1332/758/2346 1524/758/2346 1555/758/2346
f 1285/757/2347 1477/757/2347 1509/757/2347
f 1331/758/2348 1523/758/2348 1554/758/2348
f 1284/757/2349 1476/757/2349 1508/757/2349
f 1330/758/2350 1522/758/2350 1553/758/2350
f 1283/757/2351 1475/757/2351 1507/757/2351
f 1329/758/2352 1521/758/2352 1552/758/2352
f 1282/757/2353 1474/757/2353 1506/757/2353
f 1328/758/2354 1520/758/2354 1551/758/2354
f 1281/757/2355 1473/757/2355 1505/757/2355
f 1327/758/2356 1519/758/2356 1550/758/2356
f 1280/757/2357 1472/757/2357 1504/757/2357
f 1326/758/2358 1518/758/2358 1549/758/2358
f 1279/757/2359 1471/757/2359 1503/757/2359
f 1324/758/2360 1516/758/2360 1548/758/2360
f 1278/757/2361 1470/757/2361 1502/757/2361
f 1355/758/2362 1387/758/2362 1579/758/2362
f 1277/757/2363 1469/757/2363 1501/757/2363
f 1354/758/2364 1386/758/2364 1578/758/2364
f 1276/757/2365 1468/757/2365 1500/757/2365
f 1353/758/2366 1385/758/2366 1577/758/2366
f 1307/757/2367 1275/757/2367 1467/757/2367
f 1352/758/2368 1384/758/2368 1576/758/2368
f 1306/757/2369 1274/757/2369 1466/757/2369
f 1351/758/2370 1383/758/2370 1575/758/2370
f 1305/757/2371 1273/757/2371 1465/757/2371
f 1350/758/2372 1382/758/2372 1574/758/2372
f 1304/757/2373 1272/757/2373 1464/757/2373
f 1323/757/2374 1515/757/2374 1453/757/2374
f 1349/758/2375 1381/758/2375 1573/758/2375
f 1303/757/2376 1271/757/2376 1463/757/2376
f 1322/757/2377 1514/757/2377 1483/757/2377
f 1348/758/2378 1380/758/2378 1572/758/2378
f 1302/757/2379 1270/757/2379 1462/757/2379
f 1321/757/2380 1513/757/2380 1482/757/2380
f 1347/758/2310 1379/758/2310 1571/758/2310
f 1301/757/2381 1269/757/2381 1461/757/2381
f 1320/757/2382 1512/757/2382 1481/757/2382
f 1346/758/2383 1378/758/2383 1570/758/2383
f 1300/757/2314 1268/757/2314 1460/757/2314
f 1319/757/2384 1511/757/2384 1480/757/2384
f 1345/758/2385 1377/758/2385 1569/758/2385
f 1299/757/2386 1267/757/2386 1459/757/2386
f 1318/757/2387 1510/757/2387 1479/757/2387
f 1344/758/2388 1376/758/2388 1568/758/2388
f 1298/757/2389 1266/757/2389 1458/757/2389
f 1317/757/2390 1509/757/2390 1478/757/2390
f 1343/758/2391 1375/758/2391 1567/758/2391
f 1297/757/2392 1265/757/2392 1457/757/2392
f 1316/757/2393 1508/757/2393 1477/757/2393
f 1342/758/2394 1374/758/2394 1566/758/2394
f 1296/757/2395 1264/757/2395 1456/757/2395
f 1315/757/2346 1507/757/2346 1476/757/2346
f 1341/758/2396 1373/758/2396 1565/758/2396
f 1295/757/2397 1263/757/2397 1455/757/2397
f 1314/757/2398 1506/757/2398 1475/757/2398
f 1340/758/2328 1372/758/2328 1564/758/2328
f 1294/757/2399 1262/757/2399 1454/757/2399
f 1313/757/2400 1505/757/2400 1474/757/2400
f 1371/758/2401 1563/758/2401 1531/758/2401
f 1293/757/2402 1260/757/2402 1452/757/2402
f 1312/757/2403 1504/757/2403 1473/757/2403
f 1370/758/2404 1562/758/2404 1530/758/2404
f 1567/758/2405 1144/758/2405 1176/758/2405
f 1492/757/2406 1411/757/2406 1442/757/2406
f 1566/758/2407 1145/758/2407 1177/758/2407
f 1491/757/2408 1412/757/2408 1443/757/2408
f 1565/758/2409 1146/758/2409 1178/758/2409
f 1490/757/2410 1413/757/2410 1444/757/2410
f 1564/758/2411 1147/758/2411 1179/758/2411
f 1489/757/2412 1414/757/2412 1445/757/2412
f 1531/758/2413 1563/758/2413 1148/758/2413
f 1488/757/2414 1415/757/2414 1446/757/2414
f 1530/758/2415 1562/758/2415 1149/758/2415
f 1487/757/2416 1416/757/2416 1447/757/2416
f 1529/758/2417 1561/758/2417 1150/758/2417
f 1486/757/2418 1417/757/2418 1448/757/2418
f 1528/758/2419 1560/758/2419 1151/758/2419
f 1517/758/2420 1194/759/2420 1132/758/2420
f 1485/757/2421 1418/757/2421 1449/757/2421
f 1527/758/2422 1559/758/2422 1152/758/2422
f 1547/758/2423 1164/758/2423 1133/758/2423
f 1484/757/2424 1419/757/2424 1451/757/2424
f 1526/758/2425 1558/758/2425 1153/758/2425
f 1546/758/2426 1165/758/2426 1134/758/2426
f 1515/757/2427 1483/757/2427 1420/757/2427
f 1525/758/2428 1557/758/2428 1154/758/2428
f 1545/758/2429 1166/758/2429 1135/758/2429
f 1514/757/2430 1482/757/2430 1421/757/2430
f 1524/758/2431 1556/758/2431 1155/758/2431
f 1544/758/2432 1167/758/2432 1136/758/2432
f 1513/757/2433 1481/757/2433 1422/757/2433
f 1523/758/2434 1555/758/2434 1156/758/2434
f 1543/758/2435 1168/758/2435 1137/758/2435
f 1512/757/2436 1480/757/2436 1423/757/2436
f 1522/758/2437 1554/758/2437 1157/758/2437
f 1542/758/2438 1169/758/2438 1138/758/2438
f 1511/757/2439 1479/757/2439 1424/757/2439
f 1521/758/2440 1553/758/2440 1158/758/2440
f 1541/758/2441 1170/758/2441 1139/758/2441
f 1510/757/2442 1478/757/2442 1425/757/2442
f 1520/758/2443 1552/758/2443 1159/758/2443
f 1540/758/2444 1171/758/2444 1140/758/2444
f 1509/757/2445 1477/757/2445 1426/757/2445
f 1519/758/2446 1551/758/2446 1160/758/2446
f 1539/758/2447 1172/758/2447 1141/758/2447
f 1508/757/2431 1476/757/2431 1427/757/2431
f 1518/758/2448 1550/758/2448 1161/758/2448
f 1538/758/2449 1173/758/2449 1142/758/2449
f 1507/757/2450 1475/757/2450 1428/757/2450
f 1516/758/2451 1549/758/2451 1162/758/2451
f 1537/758/2452 1174/758/2452 1143/758/2452
f 1506/757/2453 1474/757/2453 1429/757/2453
f 1517/758/2454 1548/758/2454 1163/758/2454
f 1536/758/2455 1175/758/2455 1144/758/2455
f 1505/757/2456 1473/757/2456 1430/757/2456
f 1535/758/2457 1176/758/2457 1145/758/2457
f 1504/757/2458 1472/757/2458 1431/757/2458
f 1534/758/2459 1177/758/2459 1146/758/2459
f 1503/757/2460 1471/757/2460 1432/757/2460
f 1533/758/2461 1178/758/2461 1147/758/2461
f 1502/757/2462 1470/757/2462 1433/757/2462
f 1563/758/2463 1532/758/2463 1179/758/2463
f 1501/757/2464 1469/757/2464 1434/757/2464
f 1562/758/2465 1531/758/2465 1180/758/2465
f 1500/757/2466 1468/757/2466 1435/757/2466
f 1561/758/2467 1530/758/2467 1181/758/2467
f 1467/757/2468 1436/757/2468 1404/757/2468
f 1560/758/2469 1529/758/2469 1182/758/2469
f 1466/757/2470 1437/757/2470 1405/757/2470
f 1559/758/2471 1528/758/2471 1183/758/2471
f 1465/757/2472 1438/757/2472 1406/757/2472
f 1558/758/2473 1527/758/2473 1184/758/2473
f 1464/757/2474 1439/757/2474 1407/757/2474
f 1453/757/2475 1515/757/2475 1388/757/2475
f 1557/758/2476 1526/758/2476 1185/758/2476
f 1463/757/2477 1440/757/2477 1408/757/2477
f 1483/757/2478 1514/757/2478 1389/757/2478
f 1556/758/2479 1525/758/2479 1186/758/2479
f 1462/757/2480 1441/757/2480 1409/757/2480
f 1482/757/2481 1513/757/2481 1390/757/2481
f 1555/758/2482 1524/758/2482 1187/758/2482
f 1461/757/2483 1442/757/2483 1410/757/2483
f 1481/757/2484 1512/757/2484 1391/757/2484
f 1554/758/2485 1523/758/2485 1188/758/2485
f 1460/757/2486 1443/757/2486 1411/757/2486
f 1480/757/2487 1511/757/2487 1392/757/2487
f 1553/758/2488 1522/758/2488 1189/758/2488
f 1459/757/2489 1444/757/2489 1412/757/2489
f 1479/757/2490 1510/757/2490 1393/757/2490
f 1552/758/2491 1521/758/2491 1190/758/2491
f 1458/757/2492 1445/757/2492 1413/757/2492
f 1478/757/2493 1509/757/2493 1394/757/2493
f 1551/758/2494 1520/758/2494 1191/758/2494
f 1457/757/2495 1446/757/2495 1414/757/2495
f 1477/757/2496 1508/757/2496 1395/757/2496
f 1550/758/2497 1519/758/2497 1192/758/2497
f 1456/757/2498 1447/757/2498 1415/757/2498
f 1476/757/2450 1507/757/2450 1396/757/2450
f 1549/758/2499 1518/758/2499 1193/758/2499
f 1455/757/2500 1448/757/2500 1416/757/2500
f 1475/757/2501 1506/757/2501 1397/757/2501
f 1548/758/2502 1516/758/2502 1195/758/2502
f 1454/757/2503 1449/757/2503 1417/757/2503
f 1474/757/2504 1505/757/2504 1398/757/2504
f 1579/758/2420 1132/758/2420 1164/758/2420
f 1452/757/2505 1451/757/2505 1418/757/2505
f 1473/757/2506 1504/757/2506 1399/757/2506
f 1578/758/2507 1133/758/2507 1165/758/2507
f 1453/757/2508 1450/757/2508 1419/757/2508
f 1472/757/2509 1503/757/2509 1400/757/2509
f 1577/758/2510 1134/758/2510 1166/758/2510
f 1471/757/2511 1502/757/2511 1401/757/2511
f 1576/758/2512 1135/758/2512 1167/758/2512
f 1470/757/2513 1501/757/2513 1402/757/2513
f 1575/758/2514 1136/758/2514 1168/758/2514
f 1469/757/2515 1500/757/2515 1403/757/2515
f 1574/758/2516 1137/758/2516 1169/758/2516
f 1499/757/2468 1404/757/2468 1435/757/2468
f 1573/758/2517 1138/758/2517 1170/758/2517
f 1498/757/2518 1405/757/2518 1436/757/2518
f 1572/758/2519 1139/758/2519 1171/758/2519
f 1497/757/2520 1406/757/2520 1437/757/2520
f 1571/758/2521 1140/758/2521 1172/758/2521
f 1496/757/2522 1407/757/2522 1438/757/2522
f 1570/758/2523 1141/758/2523 1173/758/2523
f 1495/757/2524 1408/757/2524 1439/757/2524
f 1569/758/2525 1142/758/2525 1174/758/2525
f 1494/757/2526 1409/757/2526 1440/757/2526
f 1568/758/2527 1143/758/2527 1175/758/2527
f 1493/757/2528 1410/757/2528 1441/757/2528
f 1394/757/2529 1426/757/2529 1682/757/2529
f 1156/758/2530 1187/758/2530 1635/760/2530
f 1393/757/2531 1425/757/2531 1681/757/2531
f 1155/758/2532 1186/758/2532 1634/762/2532
f 1392/757/2533 1424/757/2533 1680/757/2533
f 1154/758/2534 1185/758/2534 1633/764/2534
f 1391/757/2535 1423/757/2535 1679/757/2535
f 1153/758/2536 1184/758/2536 1632/766/2536
f 1390/757/2537 1422/757/2537 1678/757/2537
f 1152/758/2538 1183/758/2538 1631/768/2538
f 1389/757/2539 1421/757/2539 1677/757/2539
f 1151/758/2540 1182/758/2540 1630/770/2540
f 1388/757/2541 1420/757/2541 1676/757/2541
f 1150/758/2542 1181/758/2542 1629/772/2542
f 1419/757/924 1675/757/924 1707/757/924
f 1149/758/2543 1180/758/2543 1628/774/2543
f 1418/757/2544 1674/757/2544 1705/757/2544
f 1148/758/2545 1179/758/2545 1627/776/2545
f 1417/757/2546 1673/757/2546 1704/757/2546
f 1178/758/2547 1626/799/2547 1595/778/2547
f 1416/757/2548 1672/757/2548 1703/757/2548
f 1177/758/2549 1625/803/2549 1594/779/2549
f 1415/757/2550 1671/757/2550 1702/757/2550
f 1176/758/2551 1624/804/2551 1593/780/2551
f 1414/757/2552 1670/757/2552 1701/757/2552
f 1175/758/2553 1623/805/2553 1592/781/2553
f 1163/758/2554 1611/812/2554 1642/782/2554
f 1413/757/2555 1669/757/2555 1700/757/2555
f 1174/758/2556 1622/783/2556 1591/783/2556
f 1195/758/2557 1162/758/2557 1610/784/2557
f 1412/757/2558 1668/757/2558 1699/757/2558
f 1173/758/2559 1621/786/2559 1590/786/2559
f 1193/758/2560 1161/758/2560 1609/787/2560
f 1411/757/2561 1667/757/2561 1698/757/2561
f 1172/758/2562 1620/791/2562 1589/786/2562
f 1192/758/2563 1160/758/2563 1608/789/2563
f 1410/757/2564 1666/757/2564 1697/757/2564
f 1171/758/2558 1619/806/2558 1588/791/2558
f 1191/758/2565 1159/758/2565 1607/792/2565
f 1409/757/2566 1665/757/2566 1696/757/2566
f 1170/758/2567 1618/793/2567 1587/793/2567
f 1190/758/2568 1158/758/2568 1606/794/2568
f 1408/757/2569 1664/757/2569 1695/757/2569
f 1169/758/2570 1617/807/2570 1586/793/2570
f 1189/758/2571 1157/758/2571 1605/796/2571
f 1407/757/2572 1663/757/2572 1694/757/2572
f 1168/758/2573 1616/797/2573 1585/797/2573
f 1188/758/2530 1156/758/2530 1604/761/2530
f 1406/757/2574 1662/757/2574 1693/757/2574
f 1167/758/2575 1615/808/2575 1584/799/2575
f 1187/758/2576 1155/758/2576 1603/763/2576
f 1405/757/2577 1661/757/2577 1692/757/2577
f 1166/758/2578 1614/809/2578 1583/778/2578
f 1186/758/2579 1154/758/2579 1602/765/2579
f 1404/757/2580 1660/757/2580 1691/757/2580
f 1165/758/2581 1613/810/2581 1582/800/2581
f 1185/758/2582 1153/758/2582 1601/767/2582
f 1434/757/2583 1403/757/2583 1659/757/2583
f 1164/758/2584 1612/811/2584 1581/801/2584
f 1184/758/2585 1152/758/2585 1600/769/2585
f 1433/757/2586 1402/757/2586 1658/757/2586
f 1194/759/2587 1642/782/2587 1580/802/2587
f 1183/758/2588 1151/758/2588 1599/771/2588
f 1432/757/2589 1401/757/2589 1657/757/2589
f 1182/758/2590 1150/758/2590 1598/773/2590
f 1431/757/2591 1400/757/2591 1656/757/2591
f 1419/757/872 1450/757/872 1706/757/872
f 1181/758/2592 1149/758/2592 1597/775/2592
f 1430/757/2593 1399/757/2593 1655/757/2593
f 1451/757/2594 1707/757/2594 1674/757/2594
f 1180/758/2595 1148/758/2595 1596/777/2595
f 1429/757/2596 1398/757/2596 1654/757/2596
f 1449/757/2546 1705/757/2546 1673/757/2546
f 1147/758/2597 1595/778/2597 1627/776/2597
f 1428/757/2598 1397/757/2598 1653/757/2598
f 1448/757/2599 1704/757/2599 1672/757/2599
f 1146/758/2600 1594/779/2600 1626/799/2600
f 1427/757/2601 1396/757/2601 1652/757/2601
f 1447/757/2602 1703/757/2602 1671/757/2602
f 1145/758/2603 1593/780/2603 1625/803/2603
f 1426/757/2604 1395/757/2604 1651/757/2604
f 1446/757/2605 1702/757/2605 1670/757/2605
f 1144/758/2606 1592/781/2606 1624/804/2606
f 1425/757/2607 1394/757/2607 1650/757/2607
f 1445/757/2608 1701/757/2608 1669/757/2608
f 1143/758/2609 1591/783/2609 1623/805/2609
f 1424/757/2610 1393/757/2610 1649/757/2610
f 1444/757/2611 1700/757/2611 1668/757/2611
f 1142/758/2612 1590/786/2612 1622/783/2612
f 1423/757/2613 1392/757/2613 1648/757/2613
f 1443/757/2614 1699/757/2614 1667/757/2614
f 1141/758/2615 1589/786/2615 1621/786/2615
f 1422/757/2616 1391/757/2616 1647/757/2616
f 1442/757/2617 1698/757/2617 1666/757/2617
f 1140/758/2618 1588/791/2618 1620/791/2618
f 1421/757/2619 1390/757/2619 1646/757/2619
f 1441/757/2620 1697/757/2620 1665/757/2620
f 1139/758/2621 1587/793/2621 1619/806/2621
f 1420/757/2622 1389/757/2622 1645/757/2622
f 1440/757/2623 1696/757/2623 1664/757/2623
f 1138/758/2624 1586/793/2624 1618/793/2624
f 1450/757/2541 1388/757/2541 1644/757/2541
f 1439/757/2625 1695/757/2625 1663/757/2625
f 1137/758/2626 1585/797/2626 1617/807/2626
f 1438/757/2627 1694/757/2627 1662/757/2627
f 1136/758/2628 1584/799/2628 1616/797/2628
f 1437/757/2629 1693/757/2629 1661/757/2629
f 1135/758/2630 1583/778/2630 1615/808/2630
f 1436/757/2580 1692/757/2580 1660/757/2580
f 1134/758/2631 1582/800/2631 1614/809/2631
f 1403/757/2632 1435/757/2632 1691/757/2632
f 1133/758/2633 1581/801/2633 1613/810/2633
f 1402/757/2634 1434/757/2634 1690/757/2634
f 1132/758/2587 1580/802/2587 1612/811/2587
f 1401/757/2635 1433/757/2635 1689/757/2635
f 1195/758/2554 1643/785/2554 1611/812/2554
f 1400/757/2636 1432/757/2636 1688/757/2636
f 1162/758/2557 1193/758/2557 1641/788/2557
f 1399/757/2637 1431/757/2637 1687/757/2637
f 1161/758/2638 1192/758/2638 1640/790/2638
f 1398/757/2639 1430/757/2639 1686/757/2639
f 1160/758/2640 1191/758/2640 1639/792/2640
f 1397/757/2641 1429/757/2641 1685/757/2641
f 1159/758/2642 1190/758/2642 1638/795/2642
f 1396/757/2530 1428/757/2530 1684/757/2530
f 1158/758/2643 1189/758/2643 1637/794/2643
f 1395/757/2644 1427/757/2644 1683/757/2644
f 1157/758/2645 1188/758/2645 1636/798/2645
f 1757/813/31 1725/1016/31 3162/814/31
f 2838/816/31 2807/966/31 2871/817/31
f 2826/819/31 2859/1014/31 2923/820/31
f 1756/822/31 1724/1018/31 3163/823/31
f 2837/825/31 2806/971/31 2870/826/31
f 2825/828/31 2857/1017/31 2921/829/31
f 1755/831/31 1723/1020/31 3164/832/31
f 2836/834/31 2805/975/31 2869/835/31
f 2824/837/31 2856/1019/31 2920/838/31
f 1754/840/31 1722/1022/31 3165/841/31
f 2835/843/31 2804/979/31 2868/844/31
f 2823/846/31 2855/1021/31 2919/847/31
f 1753/849/31 1721/1024/31 3166/850/31
f 2834/852/31 2803/983/31 2867/853/31
f 2822/855/31 2854/1023/31 2918/856/31
f 1752/858/31 1720/1026/31 3167/859/31
f 2833/861/31 2802/987/31 2866/862/31
f 2821/864/31 2853/1025/31 2917/865/31
f 1751/867/31 1719/1030/31 3168/868/31
f 2832/870/31 2801/991/31 2865/871/31
f 2820/873/31 2852/1029/31 2916/874/31
f 1750/876/31 1718/1033/31 3169/877/31
f 2831/879/31 2800/995/31 2864/880/31
f 2819/882/31 2851/1032/31 2915/883/31
f 1749/885/31 1717/1036/31 3170/886/31
f 2830/888/31 2799/999/31 2863/889/31
f 2818/891/31 2850/1035/31 2914/892/31
f 1748/894/31 1716/1039/31 3171/895/31
f 2829/897/31 2798/1003/31 2862/898/31
f 2817/900/31 2849/1038/31 2913/901/31
f 1747/903/31 1715/1042/31 3172/904/31
f 2828/906/31 2797/1007/31 2861/907/31
f 2816/909/31 2848/1041/31 2912/910/31
f 1746/912/31 1714/1045/31 3173/913/31
f 2858/915/31 2796/1011/31 2860/916/31
f 2815/918/31 2847/1044/31 2911/919/31
f 1745/921/31 1713/1048/31 3174/922/31
f 2814/924/31 2846/1047/31 2910/925/31
f 1744/927/31 1712/1051/31 3175/928/31
f 2813/930/31 2845/1050/31 2909/931/31
f 1743/933/31 1711/1054/31 3176/934/31
f 2812/936/31 2844/1053/31 2908/937/31
f 1742/939/31 1710/1057/31 3177/940/31
f 2811/942/31 2843/1056/31 2907/943/31
f 1741/945/31 1709/1060/31 3178/946/31
f 2810/948/31 2842/1059/31 2906/949/31
f 1740/951/31 1708/1063/31 3179/952/31
f 2809/954/31 2841/1062/31 2905/955/31
f 1739/957/31 1771/1031/31 3116/958/31
f 2808/960/31 2840/1065/31 2904/961/31
f 1738/963/31 1769/1034/31 3118/964/31
f 2807/966/31 2839/1067/31 2903/967/31
f 1737/968/31 1768/1037/31 3119/969/31
f 2806/971/31 2838/816/31 2902/818/31
f 1736/972/31 1767/1040/31 3120/973/31
f 2805/975/31 2837/825/31 2901/827/31
f 1735/976/31 1766/1043/31 3121/977/31
f 2804/979/31 2836/834/31 2900/836/31
f 1734/980/31 1765/1046/31 3122/981/31
f 2803/983/31 2835/843/31 2899/845/31
f 1733/984/31 1764/1049/31 3123/985/31
f 2802/987/31 2834/852/31 2898/854/31
f 1732/988/31 1763/1052/31 3124/989/31
f 2801/991/31 2833/861/31 2897/863/31
f 1731/992/31 1762/1055/31 3125/993/31
f 2800/995/31 2832/870/31 2896/872/31
f 1730/996/31 1761/1058/31 3126/997/31
f 2799/999/31 2831/879/31 2895/881/31
f 1729/1000/31 1760/1061/31 3127/1001/31
f 2798/1003/31 2830/888/31 2894/890/31
f 1728/1004/31 1759/1064/31 3128/1005/31
f 2797/1007/31 2829/897/31 2893/899/31
f 1727/1008/31 1758/1066/31 3129/1009/31
f 2796/1011/31 2828/906/31 2892/908/31
f 1726/1012/31 1757/813/31 3130/815/31
f 2859/1014/31 2827/1068/31 2891/1015/31
f 1725/1016/31 1756/822/31 3131/824/31
f 2857/1017/31 2826/819/31 2890/821/31
f 1724/1018/31 1755/831/31 3132/833/31
f 2856/1019/31 2825/828/31 2889/830/31
f 1723/1020/31 1754/840/31 3133/842/31
f 2855/1021/31 2824/837/31 2888/839/31
f 1722/1022/31 1753/849/31 3134/851/31
f 2854/1023/31 2823/846/31 2887/848/31
f 1721/1024/31 1752/858/31 3135/860/31
f 2853/1025/31 2822/855/31 2886/857/31
f 1720/1026/31 1751/867/31 3136/869/31
f 1770/1027/31 1739/957/31 3148/959/31
f 2852/1029/31 2821/864/31 2885/866/31
f 1719/1030/31 1750/876/31 3137/878/31
f 1771/1031/31 1738/963/31 3149/965/31
f 2851/1032/31 2820/873/31 2884/875/31
f 1718/1033/31 1749/885/31 3138/887/31
f 1769/1034/31 1737/968/31 3150/970/31
f 2850/1035/31 2819/882/31 2883/884/31
f 1717/1036/31 1748/894/31 3139/896/31
f 1768/1037/31 1736/972/31 3151/974/31
f 2849/1038/31 2818/891/31 2882/893/31
f 1716/1039/31 1747/903/31 3140/905/31
f 1767/1040/31 1735/976/31 3152/978/31
f 2848/1041/31 2817/900/31 2881/902/31
f 1715/1042/31 1746/912/31 3141/914/31
f 1766/1043/31 1734/980/31 3153/982/31
f 2847/1044/31 2816/909/31 2880/911/31
f 1714/1045/31 1745/921/31 3142/923/31
f 1765/1046/31 1733/984/31 3154/986/31
f 2846/1047/31 2815/918/31 2879/920/31
f 1713/1048/31 1744/927/31 3143/929/31
f 1764/1049/31 1732/988/31 3155/990/31
f 2845/1050/31 2814/924/31 2878/926/31
f 1712/1051/31 1743/933/31 3144/935/31
f 1763/1052/31 1731/992/31 3156/994/31
f 2844/1053/31 2813/930/31 2877/932/31
f 1711/1054/31 1742/939/31 3145/941/31
f 1762/1055/31 1730/996/31 3157/998/31
f 2843/1056/31 2812/936/31 2876/938/31
f 1710/1057/31 1741/945/31 3146/947/31
f 1761/1058/31 1729/1000/31 3158/1002/31
f 2842/1059/31 2811/942/31 2875/944/31
f 1709/1060/31 1740/951/31 3147/953/31
f 1760/1061/31 1728/1004/31 3159/1006/31
f 2841/1062/31 2810/948/31 2874/950/31
f 1708/1063/31 1770/1027/31 3117/1028/31
f 1759/1064/31 1727/1008/31 3160/1010/31
f 2840/1065/31 2809/954/31 2873/956/31
f 1758/1066/31 1726/1012/31 3161/1013/31
f 2839/1067/31 2808/960/31 2872/962/31
f 2827/1068/31 2858/915/31 2922/917/31
f 1666/757/2646 1986/757/2646 2017/757/2646
f 1627/776/2647 1595/778/2647 1915/1069/2647
f 1665/757/2648 1985/757/2648 2016/757/2648
f 1626/799/2649 1594/779/2649 1914/1071/2649
f 1664/757/2650 1984/757/2650 2015/757/2650
f 1625/803/2651 1593/780/2651 1913/1073/2651
f 1663/757/2652 1983/757/2652 2014/757/2652
f 1624/804/2653 1592/781/2653 1912/1075/2653
f 1662/757/2654 1982/757/2654 2013/757/2654
f 1623/805/2655 1591/783/2655 1911/1077/2655
f 1661/757/2656 1981/757/2656 2012/757/2656
f 1622/783/2657 1590/786/2657 1910/1079/2657
f 1660/757/2658 1980/757/2658 2011/757/2658
f 1621/786/2659 1589/786/2659 1909/1081/2659
f 1659/757/2660 1979/757/2660 2010/757/2660
f 1620/791/2661 1588/791/2661 1908/1083/2661
f 1658/757/2662 1978/757/2662 2009/757/2662
f 1619/806/2663 1587/793/2663 1907/1085/2663
f 1657/757/2664 1977/757/2664 2008/757/2664
f 1586/793/2665 1906/1122/2665 1938/1087/2665
f 1656/757/2666 1976/757/2666 2007/757/2666
f 1585/797/2667 1905/1124/2667 1937/1088/2667
f 1675/757/2668 1706/757/2668 2026/757/2668
f 1655/757/2669 1975/757/2669 2006/757/2669
f 1584/799/2670 1904/1126/2670 1936/1089/2670
f 1674/757/2671 1707/757/2671 2027/757/2671
f 1654/757/2672 1974/757/2672 2005/757/2672
f 1583/778/2673 1903/1128/2673 1935/1090/2673
f 1673/757/2674 1705/757/2674 2025/757/2674
f 1653/757/2675 1973/757/2675 2004/757/2675
f 1582/800/2676 1902/1130/2676 1934/1091/2676
f 1672/757/2677 1704/757/2677 2024/757/2677
f 1652/757/2678 1972/757/2678 2003/757/2678
f 1581/801/2679 1901/1131/2679 1933/1092/2679
f 1671/757/2680 1703/757/2680 2023/757/2680
f 1651/757/2681 1971/757/2681 2002/757/2681
f 1580/802/2682 1900/1132/2682 1932/1093/2682
f 1670/757/2683 1702/757/2683 2022/757/2683
f 1681/757/2684 1650/757/2684 1970/757/2684
f 1643/785/2685 1963/1117/2685 1931/1094/2685
f 1669/757/2686 1701/757/2686 2021/757/2686
f 1680/757/2687 1649/757/2687 1969/757/2687
f 1641/788/2688 1961/1118/2688 1930/1095/2688
f 1668/757/2689 1700/757/2689 2020/757/2689
f 1679/757/2690 1648/757/2690 1968/757/2690
f 1640/790/2691 1960/1119/2691 1929/1096/2691
f 1667/757/2692 1699/757/2692 2019/757/2692
f 1678/757/2693 1647/757/2693 1967/757/2693
f 1639/792/2694 1959/1120/2694 1928/1097/2694
f 1698/757/2695 2018/757/2695 1986/757/2695
f 1677/757/2696 1646/757/2696 1966/757/2696
f 1638/795/2697 1958/1121/2697 1927/1098/2697
f 1697/757/2698 2017/757/2698 1985/757/2698
f 1676/757/2699 1645/757/2699 1965/757/2699
f 1637/794/2700 1957/1123/2700 1926/1099/2700
f 1696/757/2701 2016/757/2701 1984/757/2701
f 1706/757/2702 1644/757/2702 1964/757/2702
f 1636/798/2703 1956/1125/2703 1925/1100/2703
f 1695/757/2704 2015/757/2704 1983/757/2704
f 1635/760/2705 1955/1127/2705 1924/1101/2705
f 1694/757/2706 2014/757/2706 1982/757/2706
f 1634/762/2707 1954/1129/2707 1923/1102/2707
f 1693/757/2708 2013/757/2708 1981/757/2708
f 1602/765/2709 1633/764/2709 1953/1103/2709
f 1692/757/2710 2012/757/2710 1980/757/2710
f 1601/767/2711 1632/766/2711 1952/1105/2711
f 1691/757/2712 2011/757/2712 1979/757/2712
f 1600/769/2713 1631/768/2713 1951/1107/2713
f 1690/757/2714 2010/757/2714 1978/757/2714
f 1599/771/2715 1630/770/2715 1950/1109/2715
f 1689/757/2716 2009/757/2716 1977/757/2716
f 1598/773/2717 1629/772/2717 1949/1111/2717
f 1688/757/2718 2008/757/2718 1976/757/2718
f 1597/775/2719 1628/774/2719 1948/1113/2719
f 1687/757/2720 2007/757/2720 1975/757/2720
f 1596/777/2721 1627/776/2721 1947/1070/2721
f 1686/757/2722 2006/757/2722 1974/757/2722
f 1595/778/2723 1626/799/2723 1946/1072/2723
f 1685/757/2724 2005/757/2724 1973/757/2724
f 1594/779/2725 1625/803/2725 1945/1074/2725
f 1684/757/2726 2004/757/2726 1972/757/2726
f 1593/780/2727 1624/804/2727 1944/1076/2727
f 1683/757/2728 2003/757/2728 1971/757/2728
f 1592/781/2729 1623/805/2729 1943/1078/2729
f 1650/757/2730 1682/757/2730 2002/757/2730
f 1611/812/2731 1931/1094/2731 1962/1116/2731
f 1591/783/2732 1622/783/2732 1942/1080/2732
f 1649/757/2733 1681/757/2733 2001/757/2733
f 1610/784/2734 1930/1095/2734 1963/1117/2734
f 1590/786/2735 1621/786/2735 1941/1082/2735
f 1648/757/2736 1680/757/2736 2000/757/2736
f 1609/787/2737 1929/1096/2737 1961/1118/2737
f 1589/786/2738 1620/791/2738 1940/1084/2738
f 1647/757/2739 1679/757/2739 1999/757/2739
f 1608/789/2740 1928/1097/2740 1960/1119/2740
f 1588/791/2741 1619/806/2741 1939/1086/2741
f 1646/757/2742 1678/757/2742 1998/757/2742
f 1607/792/2743 1927/1098/2743 1959/1120/2743
f 1587/793/2744 1618/793/2744 1938/1087/2744
f 1645/757/2745 1677/757/2745 1997/757/2745
f 1606/794/2746 1926/1099/2746 1958/1121/2746
f 1617/807/2747 1937/1088/2747 1906/1122/2747
f 1644/757/2748 1676/757/2748 1996/757/2748
f 1605/796/2749 1925/1100/2749 1957/1123/2749
f 1616/797/2750 1936/1089/2750 1905/1124/2750
f 1707/757/2751 1675/757/2751 1995/757/2751
f 1604/761/2752 1924/1101/2752 1956/1125/2752
f 1615/808/2753 1935/1090/2753 1904/1126/2753
f 1705/757/2754 1674/757/2754 1994/757/2754
f 1603/763/2755 1923/1102/2755 1955/1127/2755
f 1614/809/2756 1934/1091/2756 1903/1128/2756
f 1704/757/2757 1673/757/2757 1993/757/2757
f 1634/762/2758 1602/765/2758 1922/1104/2758
f 1613/810/2759 1933/1092/2759 1902/1130/2759
f 1703/757/2760 1672/757/2760 1992/757/2760
f 1633/764/2761 1601/767/2761 1921/1106/2761
f 1612/811/2762 1932/1093/2762 1901/1131/2762
f 1702/757/2763 1671/757/2763 1991/757/2763
f 1632/766/2764 1600/769/2764 1920/1108/2764
f 1642/782/2765 1962/1116/2765 1900/1132/2765
f 1701/757/2766 1670/757/2766 1990/757/2766
f 1631/768/2767 1599/771/2767 1919/1110/2767
f 1700/757/2768 1669/757/2768 1989/757/2768
f 1630/770/2769 1598/773/2769 1918/1112/2769
f 1699/757/2770 1668/757/2770 1988/757/2770
f 1629/772/2771 1597/775/2771 1917/1114/2771
f 1698/757/2772 1667/757/2772 1987/757/2772
f 1628/774/2773 1596/777/2773 1916/1115/2773
f 2006/757/31 1975/757/31 1824/757/31
f 1936/1089/31 1904/1126/31 1895/1133/31
f 1994/757/31 2027/757/31 1772/757/31
f 2005/757/31 1974/757/31 1825/757/31
f 1935/1090/31 1903/1128/31 1896/1135/31
f 1993/757/31 2025/757/31 1774/757/31
f 2004/757/31 1973/757/31 1826/757/31
f 1934/1091/31 1902/1130/31 1897/1137/31
f 1992/757/31 2024/757/31 1775/757/31
f 2003/757/31 1972/757/31 1827/757/31
f 1933/1092/31 1901/1131/31 1898/1139/31
f 1991/757/31 2023/757/31 1776/757/31
f 2002/757/31 1971/757/31 1828/757/31
f 1932/1093/31 1900/1132/31 1899/1141/31
f 1990/757/31 2022/757/31 1777/757/31
f 2001/757/31 1970/757/31 1829/757/31
f 1931/1094/31 1963/1117/31 1836/1142/31
f 1989/757/31 2021/757/31 1778/757/31
f 2000/757/31 1969/757/31 1830/757/31
f 1930/1095/31 1961/1118/31 1838/1144/31
f 1988/757/31 2020/757/31 1779/757/31
f 1999/757/31 1968/757/31 1831/757/31
f 1929/1096/31 1960/1119/31 1839/1146/31
f 1987/757/31 2019/757/31 1780/757/31
f 1998/757/31 1967/757/31 1832/757/31
f 1928/1097/31 1959/1120/31 1840/1148/31
f 1986/757/31 2018/757/31 1781/757/31
f 1997/757/31 1966/757/31 1833/757/31
f 1927/1098/31 1958/1121/31 1841/1150/31
f 1985/757/31 2017/757/31 1782/757/31
f 1996/757/31 1965/757/31 1834/757/31
f 1926/1099/31 1957/1123/31 1842/1152/31
f 1984/757/31 2016/757/31 1783/757/31
f 2026/757/31 1964/757/31 1835/757/31
f 1925/1100/31 1956/1125/31 1843/1154/31
f 1983/757/31 2015/757/31 1784/757/31
f 1924/1101/31 1955/1127/31 1844/1156/31
f 1982/757/31 2014/757/31 1785/757/31
f 1923/1102/31 1954/1129/31 1845/1158/31
f 1981/757/31 2013/757/31 1786/757/31
f 1922/1104/31 1953/1103/31 1846/1160/31
f 1980/757/31 2012/757/31 1787/757/31
f 1921/1106/31 1952/1105/31 1847/1162/31
f 1979/757/31 2011/757/31 1788/757/31
f 1920/1108/31 1951/1107/31 1848/1164/31
f 1978/757/31 2010/757/31 1789/757/31
f 1919/1110/31 1950/1109/31 1849/1166/31
f 1977/757/31 2009/757/31 1790/757/31
f 1918/1112/31 1949/1111/31 1850/1168/31
f 1976/757/31 2008/757/31 1791/757/31
f 1917/1114/31 1948/1113/31 1851/1170/31
f 1975/757/31 2007/757/31 1792/757/31
f 1916/1115/31 1947/1070/31 1852/1070/31
f 1974/757/31 2006/757/31 1793/757/31
f 1915/1069/31 1946/1072/31 1853/1173/31
f 1973/757/31 2005/757/31 1794/757/31
f 1914/1071/31 1945/1074/31 1854/1175/31
f 1972/757/31 2004/757/31 1795/757/31
f 1913/1073/31 1944/1076/31 1855/1176/31
f 1971/757/31 2003/757/31 1796/757/31
f 1912/1075/31 1943/1078/31 1856/1178/31
f 1970/757/31 2002/757/31 1797/757/31
f 1962/1116/31 1931/1094/31 1868/1143/31
f 1911/1077/31 1942/1080/31 1857/1181/31
f 1969/757/31 2001/757/31 1798/757/31
f 1963/1117/31 1930/1095/31 1869/1145/31
f 1910/1079/31 1941/1082/31 1858/1183/31
f 1968/757/31 2000/757/31 1799/757/31
f 1961/1118/31 1929/1096/31 1870/1147/31
f 1909/1081/31 1940/1084/31 1859/1185/31
f 1967/757/31 1999/757/31 1800/757/31
f 1960/1119/31 1928/1097/31 1871/1149/31
f 1908/1083/31 1939/1086/31 1860/1187/31
f 1966/757/31 1998/757/31 1801/757/31
f 1959/1120/31 1927/1098/31 1872/1151/31
f 1907/1085/31 1938/1087/31 1861/1189/31
f 1965/757/31 1997/757/31 1802/757/31
f 1958/1121/31 1926/1099/31 1873/1153/31
f 1906/1122/31 1937/1088/31 1862/1191/31
f 1964/757/31 1996/757/31 1803/757/31
f 1957/1123/31 1925/1100/31 1874/1155/31
f 1905/1124/31 1936/1089/31 1863/1134/31
f 2027/757/31 1995/757/31 1804/757/31
f 1956/1125/31 1924/1101/31 1875/1157/31
f 1904/1126/31 1935/1090/31 1864/1136/31
f 2025/757/31 1994/757/31 1805/757/31
f 1955/1127/31 1923/1102/31 1876/1159/31
f 1903/1128/31 1934/1091/31 1865/1138/31
f 2024/757/31 1993/757/31 1806/757/31
f 1954/1129/31 1922/1104/31 1877/1161/31
f 1902/1130/31 1933/1092/31 1866/1140/31
f 2023/757/31 1992/757/31 1807/757/31
f 1953/1103/31 1921/1106/31 1878/1163/31
f 1901/1131/31 1932/1093/31 1867/1093/31
f 2022/757/31 1991/757/31 1808/757/31
f 1952/1105/31 1920/1108/31 1879/1165/31
f 1900/1132/31 1962/1116/31 1837/1180/31
f 2021/757/31 1990/757/31 1809/757/31
f 1951/1107/31 1919/1110/31 1880/1167/31
f 2020/757/31 1989/757/31 1810/757/31
f 1950/1109/31 1918/1112/31 1881/1169/31
f 2019/757/31 1988/757/31 1811/757/31
f 1949/1111/31 1917/1114/31 1882/1171/31
f 2018/757/31 1987/757/31 1812/757/31
f 1948/1113/31 1916/1115/31 1883/1172/31
f 2017/757/31 1986/757/31 1813/757/31
f 1947/1070/31 1915/1069/31 1884/1174/31
f 2016/757/31 1985/757/31 1814/757/31
f 1946/1072/31 1914/1071/31 1885/1071/31
f 2015/757/31 1984/757/31 1815/757/31
f 1945/1074/31 1913/1073/31 1886/1177/31
f 2014/757/31 1983/757/31 1816/757/31
f 1944/1076/31 1912/1075/31 1887/1179/31
f 2013/757/31 1982/757/31 1817/757/31
f 1943/1078/31 1911/1077/31 1888/1182/31
f 2012/757/31 1981/757/31 1818/757/31
f 1942/1080/31 1910/1079/31 1889/1184/31
f 2011/757/31 1980/757/31 1819/757/31
f 1941/1082/31 1909/1081/31 1890/1186/31
f 2010/757/31 1979/757/31 1820/757/31
f 1940/1084/31 1908/1083/31 1891/1188/31
f 2009/757/31 1978/757/31 1821/757/31
f 1939/1086/31 1907/1085/31 1892/1190/31
f 2008/757/31 1977/757/31 1822/757/31
f 1938/1087/31 1906/1122/31 1893/1192/31
f 2007/757/31 1976/757/31 1823/757/31
f 1937/1088/31 1905/1124/31 1894/1193/31
f 1995/757/31 2026/757/31 1773/757/31
f 1884/1174/2774 1853/1173/2774 2074/1194/2774
f 1775/757/2775 1806/757/2775 2121/757/2775
f 1883/1172/2776 1852/1070/2776 2075/1196/2776
f 1774/757/2777 1805/757/2777 2122/757/2777
f 1882/1171/2778 1851/1170/2778 2076/1198/2778
f 1772/757/2779 1804/757/2779 2123/757/2779
f 1881/1169/2780 1850/1168/2780 2077/1200/2780
f 1835/757/2781 1803/757/2781 2124/757/2781
f 1880/1167/2782 1849/1166/2782 2078/1202/2782
f 1834/757/2783 1802/757/2783 2125/757/2783
f 1879/1165/2784 1848/1164/2784 2079/1204/2784
f 1833/757/2785 1801/757/2785 2126/757/2785
f 1878/1163/2786 1847/1162/2786 2080/1206/2786
f 1832/757/2787 1800/757/2787 2127/757/2787
f 1877/1161/2788 1846/1160/2788 2081/1208/2788
f 1831/757/2789 1799/757/2789 2128/757/2789
f 1876/1159/2790 1845/1158/2790 2082/1210/2790
f 1830/757/2791 1798/757/2791 2129/757/2791
f 1844/1156/2792 2083/1245/2792 2052/1212/2792
f 1829/757/2793 1797/757/2793 2130/757/2793
f 1843/1154/2794 2084/1247/2794 2053/1213/2794
f 1828/757/2795 1796/757/2795 2131/757/2795
f 1842/1152/2796 2085/1249/2796 2054/1214/2796
f 1795/757/2797 2132/757/2797 2100/757/2797
f 1841/1150/2798 2086/1251/2798 2055/1215/2798
f 1794/757/2799 2133/757/2799 2101/757/2799
f 1840/1148/2800 2087/1253/2800 2056/1216/2800
f 1793/757/2801 2134/757/2801 2102/757/2801
f 1839/1146/2802 2088/1254/2802 2057/1217/2802
f 1792/757/2803 2135/757/2803 2103/757/2803
f 1838/1144/2804 2089/1255/2804 2058/1218/2804
f 1791/757/2805 2136/757/2805 2104/757/2805
f 1836/1142/2806 2091/1256/2806 2059/1219/2806
f 1790/757/2807 2137/757/2807 2105/757/2807
f 1899/1141/2808 2028/1241/2808 2060/1220/2808
f 1789/757/2809 2138/757/2809 2106/757/2809
f 1898/1139/2810 2029/1242/2810 2061/1221/2810
f 1788/757/2811 2139/757/2811 2107/757/2811
f 1897/1137/2812 2030/1243/2812 2062/1222/2812
f 1787/757/2813 2140/757/2813 2108/757/2813
f 1896/1135/2814 2031/1244/2814 2063/1223/2814
f 1786/757/2815 2141/757/2815 2109/757/2815
f 1895/1133/2816 2032/1246/2816 2064/1224/2816
f 1785/757/2817 2142/757/2817 2110/757/2817
f 1894/1193/2818 2033/1248/2818 2065/1225/2818
f 1784/757/2819 2143/757/2819 2111/757/2819
f 1773/757/2820 1835/757/2820 2092/757/2820
f 1893/1192/2821 2034/1250/2821 2066/1226/2821
f 1783/757/2822 2144/757/2822 2112/757/2822
f 1803/757/2823 1834/757/2823 2093/757/2823
f 1892/1190/2824 2035/1252/2824 2067/1227/2824
f 1782/757/2825 2145/757/2825 2113/757/2825
f 1802/757/2826 1833/757/2826 2094/757/2826
f 1859/1185/2827 1891/1188/2827 2036/1228/2827
f 1781/757/2828 2146/757/2828 2114/757/2828
f 1801/757/2829 1832/757/2829 2095/757/2829
f 1858/1183/2830 1890/1186/2830 2037/1230/2830
f 1780/757/2831 2147/757/2831 2115/757/2831
f 1800/757/2832 1831/757/2832 2096/757/2832
f 1857/1181/2833 1889/1184/2833 2038/1232/2833
f 1811/757/2834 1779/757/2834 2148/757/2834
f 1799/757/2835 1830/757/2835 2097/757/2835
f 1856/1178/2836 1888/1182/2836 2039/1234/2836
f 1810/757/2837 1778/757/2837 2149/757/2837
f 1798/757/2838 1829/757/2838 2098/757/2838
f 1855/1176/2839 1887/1179/2839 2040/1236/2839
f 1809/757/2840 1777/757/2840 2150/757/2840
f 1797/757/2841 1828/757/2841 2099/757/2841
f 1854/1175/2842 1886/1177/2842 2041/1238/2842
f 1808/757/2843 1776/757/2843 2151/757/2843
f 1827/757/2844 2100/757/2844 2131/757/2844
f 1853/1173/2845 1885/1071/2845 2042/1240/2845
f 1807/757/2846 1775/757/2846 2152/757/2846
f 1826/757/2847 2101/757/2847 2132/757/2847
f 1852/1070/2848 1884/1174/2848 2043/1195/2848
f 1806/757/2849 1774/757/2849 2153/757/2849
f 1825/757/2850 2102/757/2850 2133/757/2850
f 1851/1170/2851 1883/1172/2851 2044/1197/2851
f 1805/757/2852 1772/757/2852 2155/757/2852
f 1824/757/2853 2103/757/2853 2134/757/2853
f 1850/1168/2854 1882/1171/2854 2045/1199/2854
f 1804/757/2855 1773/757/2855 2154/757/2855
f 1823/757/2856 2104/757/2856 2135/757/2856
f 1849/1166/2857 1881/1169/2857 2046/1201/2857
f 1822/757/2858 2105/757/2858 2136/757/2858
f 1848/1164/2859 1880/1167/2859 2047/1203/2859
f 1837/1180/2860 2090/1257/2860 2028/1241/2860
f 1821/757/2861 2106/757/2861 2137/757/2861
f 1847/1162/2862 1879/1165/2862 2048/1205/2862
f 1867/1093/2863 2060/1220/2863 2029/1242/2863
f 1820/757/2864 2107/757/2864 2138/757/2864
f 1846/1160/2865 1878/1163/2865 2049/1207/2865
f 1866/1140/2866 2061/1221/2866 2030/1243/2866
f 1819/757/2867 2108/757/2867 2139/757/2867
f 1845/1158/2868 1877/1161/2868 2050/1209/2868
f 1865/1138/2869 2062/1222/2869 2031/1244/2869
f 1818/757/2870 2109/757/2870 2140/757/2870
f 1844/1156/2871 1876/1159/2871 2051/1211/2871
f 1864/1136/2872 2063/1223/2872 2032/1246/2872
f 1817/757/2873 2110/757/2873 2141/757/2873
f 1875/1157/2874 2052/1212/2874 2084/1247/2874
f 1863/1134/2875 2064/1224/2875 2033/1248/2875
f 1816/757/2876 2111/757/2876 2142/757/2876
f 1874/1155/2877 2053/1213/2877 2085/1249/2877
f 1862/1191/2878 2065/1225/2878 2034/1250/2878
f 1815/757/2879 2112/757/2879 2143/757/2879
f 1873/1153/2880 2054/1214/2880 2086/1251/2880
f 1861/1189/2881 2066/1226/2881 2035/1252/2881
f 1814/757/2882 2113/757/2882 2144/757/2882
f 1872/1151/2883 2055/1215/2883 2087/1253/2883
f 1891/1188/2884 1860/1187/2884 2067/1227/2884
f 1813/757/2885 2114/757/2885 2145/757/2885
f 1871/1149/2886 2056/1216/2886 2088/1254/2886
f 1890/1186/2887 1859/1185/2887 2068/1229/2887
f 1812/757/2888 2115/757/2888 2146/757/2888
f 1870/1147/2889 2057/1217/2889 2089/1255/2889
f 1889/1184/2890 1858/1183/2890 2069/1231/2890
f 1780/757/2891 1811/757/2891 2116/757/2891
f 1869/1145/2892 2058/1218/2892 2091/1256/2892
f 1888/1182/2893 1857/1181/2893 2070/1233/2893
f 1779/757/2894 1810/757/2894 2117/757/2894
f 1868/1143/2895 2059/1219/2895 2090/1257/2895
f 1887/1179/2896 1856/1178/2896 2071/1235/2896
f 1778/757/2897 1809/757/2897 2118/757/2897
f 1886/1177/2898 1855/1176/2898 2072/1237/2898
f 1777/757/2899 1808/757/2899 2119/757/2899
f 1885/1071/2900 1854/1175/2900 2073/1239/2900
f 1776/757/2901 1807/757/2901 2120/757/2901
f 2052/1212/2902 2083/1245/2902 2292/1258/2902
f 2129/757/2903 2246/757/2903 2278/757/2903
f 2082/1210/2904 2293/1301/2904 2324/1260/2904
f 2128/757/2905 2247/757/2905 2279/757/2905
f 2081/1208/2906 2294/1304/2906 2325/1261/2906
f 2127/757/2907 2248/757/2907 2280/757/2907
f 2080/1206/2908 2295/1307/2908 2326/1262/2908
f 2126/757/2909 2249/757/2909 2281/757/2909
f 2079/1204/2910 2296/1309/2910 2327/1263/2910
f 2125/757/2911 2250/757/2911 2282/757/2911
f 2078/1202/2912 2297/1310/2912 2328/1264/2912
f 2124/757/2913 2251/757/2913 2283/757/2913
f 2077/1200/2914 2298/1311/2914 2329/1265/2914
f 2123/757/2915 2252/757/2915 2220/757/2915
f 2076/1198/2916 2299/1312/2916 2330/1266/2916
f 2122/757/2917 2253/757/2917 2222/757/2917
f 2075/1196/2918 2300/1313/2918 2331/1267/2918
f 2121/757/2919 2254/757/2919 2223/757/2919
f 2074/1194/2920 2301/1314/2920 2332/1268/2920
f 2120/757/2921 2255/757/2921 2224/757/2921
f 2073/1239/2922 2302/1315/2922 2333/1269/2922
f 2119/757/2923 2256/757/2923 2225/757/2923
f 2072/1237/2924 2303/1316/2924 2334/1270/2924
f 2118/757/2925 2257/757/2925 2226/757/2925
f 2071/1235/2926 2304/1317/2926 2335/1271/2926
f 2090/1257/2927 2059/1219/2927 2316/1272/2927
f 2117/757/2928 2258/757/2928 2227/757/2928
f 2070/1233/2929 2305/1318/2929 2336/1274/2929
f 2091/1256/2930 2058/1218/2930 2317/1275/2930
f 2116/757/2931 2259/757/2931 2228/757/2931
f 2069/1231/2932 2306/1319/2932 2337/1277/2932
f 2089/1255/2933 2057/1217/2933 2318/1278/2933
f 2146/757/2934 2115/757/2934 2260/757/2934
f 2068/1229/2935 2307/1320/2935 2338/1280/2935
f 2088/1254/2936 2056/1216/2936 2319/1281/2936
f 2145/757/2937 2114/757/2937 2261/757/2937
f 2067/1227/2938 2308/1321/2938 2339/1283/2938
f 2087/1253/2939 2055/1215/2939 2320/1284/2939
f 2144/757/2940 2113/757/2940 2262/757/2940
f 2035/1252/2941 2066/1226/2941 2309/1286/2941
f 2086/1251/2942 2054/1214/2942 2321/1288/2942
f 2143/757/2943 2112/757/2943 2263/757/2943
f 2034/1250/2944 2065/1225/2944 2310/1290/2944
f 2085/1249/2945 2053/1213/2945 2322/1292/2945
f 2142/757/2946 2111/757/2946 2264/757/2946
f 2033/1248/2947 2064/1224/2947 2311/1294/2947
f 2084/1247/2948 2052/1212/2948 2323/1259/2948
f 2141/757/2949 2110/757/2949 2265/757/2949
f 2032/1246/2950 2063/1223/2950 2312/1297/2950
f 2051/1211/2951 2324/1260/2951 2292/1258/2951
f 2140/757/2952 2109/757/2952 2266/757/2952
f 2031/1244/2953 2062/1222/2953 2313/1299/2953
f 2050/1209/2954 2325/1261/2954 2293/1301/2954
f 2139/757/2955 2108/757/2955 2267/757/2955
f 2030/1243/2956 2061/1221/2956 2314/1302/2956
f 2049/1207/2957 2326/1262/2957 2294/1304/2957
f 2138/757/2958 2107/757/2958 2268/757/2958
f 2029/1242/2959 2060/1220/2959 2315/1305/2959
f 2048/1205/2960 2327/1263/2960 2295/1307/2960
f 2137/757/2961 2106/757/2961 2269/757/2961
f 2028/1241/2962 2090/1257/2962 2285/1273/2962
f 2047/1203/2963 2328/1264/2963 2296/1309/2963
f 2136/757/2964 2105/757/2964 2270/757/2964
f 2046/1201/2965 2329/1265/2965 2297/1310/2965
f 2135/757/2966 2104/757/2966 2271/757/2966
f 2154/757/2967 2221/757/2967 2252/757/2967
f 2045/1199/2968 2330/1266/2968 2298/1311/2968
f 2134/757/2969 2103/757/2969 2272/757/2969
f 2155/757/2970 2220/757/2970 2253/757/2970
f 2044/1197/2918 2331/1267/2918 2299/1312/2918
f 2133/757/2971 2102/757/2971 2273/757/2971
f 2153/757/2972 2222/757/2972 2254/757/2972
f 2043/1195/2973 2332/1268/2973 2300/1313/2973
f 2132/757/2974 2101/757/2974 2274/757/2974
f 2152/757/2975 2223/757/2975 2255/757/2975
f 2042/1240/2976 2333/1269/2976 2301/1314/2976
f 2131/757/2977 2100/757/2977 2275/757/2977
f 2151/757/2978 2224/757/2978 2256/757/2978
f 2041/1238/2979 2334/1270/2979 2302/1315/2979
f 2099/757/2980 2276/757/2980 2245/757/2980
f 2150/757/2981 2225/757/2981 2257/757/2981
f 2040/1236/2982 2335/1271/2982 2303/1316/2982
f 2098/757/2983 2277/757/2983 2246/757/2983
f 2149/757/2984 2226/757/2984 2258/757/2984
f 2039/1234/2985 2336/1274/2985 2304/1317/2985
f 2097/757/2986 2278/757/2986 2247/757/2986
f 2148/757/2987 2227/757/2987 2259/757/2987
f 2038/1232/2988 2337/1277/2988 2305/1318/2988
f 2096/757/2989 2279/757/2989 2248/757/2989
f 2115/757/2990 2147/757/2990 2228/757/2990
f 2037/1230/2991 2338/1280/2991 2306/1319/2991
f 2095/757/2992 2280/757/2992 2249/757/2992
f 2114/757/2993 2146/757/2993 2229/757/2993
f 2036/1228/2994 2339/1283/2994 2307/1320/2994
f 2094/757/2995 2281/757/2995 2250/757/2995
f 2113/757/2996 2145/757/2996 2230/757/2996
f 2067/1227/2997 2035/1252/2997 2340/1287/2997
f 2093/757/2998 2282/757/2998 2251/757/2998
f 2112/757/2999 2144/757/2999 2231/757/2999
f 2066/1226/3000 2034/1250/3000 2341/1291/3000
f 2092/757/3001 2283/757/3001 2221/757/3001
f 2111/757/3002 2143/757/3002 2232/757/3002
f 2065/1225/3003 2033/1248/3003 2342/1295/3003
f 2110/757/3004 2142/757/3004 2233/757/3004
f 2064/1224/3005 2032/1246/3005 2343/1298/3005
f 2109/757/3006 2141/757/3006 2234/757/3006
f 2063/1223/3007 2031/1244/3007 2344/1300/3007
f 2108/757/3008 2140/757/3008 2235/757/3008
f 2062/1222/3009 2030/1243/3009 2345/1303/3009
f 2107/757/3010 2139/757/3010 2236/757/3010
f 2061/1221/3011 2029/1242/3011 2346/1306/3011
f 2106/757/3012 2138/757/3012 2237/757/3012
f 2060/1220/3013 2028/1241/3013 2347/1308/3013
f 2105/757/3014 2137/757/3014 2238/757/3014
f 2059/1219/3015 2091/1256/3015 2284/1276/3015
f 2104/757/3016 2136/757/3016 2239/757/3016
f 2058/1218/3017 2089/1255/3017 2286/1279/3017
f 2103/757/3018 2135/757/3018 2240/757/3018
f 2057/1217/3019 2088/1254/3019 2287/1282/3019
f 2102/757/3020 2134/757/3020 2241/757/3020
f 2056/1216/3021 2087/1253/3021 2288/1285/3021
f 2101/757/3022 2133/757/3022 2242/757/3022
f 2055/1215/3023 2086/1251/3023 2289/1289/3023
f 2100/757/3024 2132/757/3024 2243/757/3024
f 2054/1214/3025 2085/1249/3025 2290/1293/3025
f 2131/757/3026 2244/757/3026 2276/757/3026
f 2053/1213/3027 2084/1247/3027 2291/1296/3027
f 2130/757/3028 2245/757/3028 2277/757/3028
f 2261/757/3029 2229/757/3029 2402/757/3029
f 2322/1292/3030 2291/1296/3030 2212/1322/3030
f 2280/757/3031 2351/757/3031 2382/757/3031
f 2260/757/3032 2228/757/3032 2403/757/3032
f 2321/1288/3033 2290/1293/3033 2213/1324/3033
f 2279/757/3034 2352/757/3034 2383/757/3034
f 2227/757/3035 2404/757/3035 2372/757/3035
f 2320/1284/3036 2289/1289/3036 2214/1326/3036
f 2278/757/3037 2353/757/3037 2384/757/3037
f 2226/757/3038 2405/757/3038 2373/757/3038
f 2319/1281/3039 2288/1285/3039 2215/1328/3039
f 2277/757/3040 2354/757/3040 2385/757/3040
f 2225/757/3041 2406/757/3041 2374/757/3041
f 2318/1278/3042 2287/1282/3042 2216/1330/3042
f 2276/757/3043 2355/757/3043 2386/757/3043
f 2224/757/3044 2407/757/3044 2375/757/3044
f 2317/1275/3045 2286/1279/3045 2217/1332/3045
f 2244/757/3046 2275/757/3046 2356/757/3046
f 2223/757/3047 2408/757/3047 2376/757/3047
f 2316/1272/3048 2284/1276/3048 2219/1334/3048
f 2243/757/3049 2274/757/3049 2357/757/3049
f 2222/757/3050 2409/757/3050 2377/757/3050
f 2315/1305/3051 2347/1308/3051 2156/1336/3051
f 2242/757/3052 2273/757/3052 2358/757/3052
f 2220/757/3053 2411/757/3053 2378/757/3053
f 2314/1302/3054 2346/1306/3054 2157/1338/3054
f 2241/757/3055 2272/757/3055 2359/757/3055
f 2221/757/3056 2410/757/3056 2379/757/3056
f 2313/1299/3057 2345/1303/3057 2158/1340/3057
f 2240/757/3058 2271/757/3058 2360/757/3058
f 2312/1297/3059 2344/1300/3059 2159/1342/3059
f 2239/757/3060 2270/757/3060 2361/757/3060
f 2311/1294/3061 2343/1298/3061 2160/1344/3061
f 2238/757/3062 2269/757/3062 2362/757/3062
f 2310/1290/3063 2342/1295/3063 2161/1346/3063
f 2237/757/3064 2268/757/3064 2363/757/3064
f 2309/1286/3065 2341/1291/3065 2162/1348/3065
f 2236/757/3051 2267/757/3051 2364/757/3051
f 2308/1321/3066 2340/1287/3066 2163/1350/3066
f 2235/757/3067 2266/757/3067 2365/757/3067
f 2339/1283/3068 2164/1370/3068 2196/1352/3068
f 2234/757/3069 2265/757/3069 2366/757/3069
f 2338/1280/3070 2165/1371/3070 2197/1353/3070
f 2233/757/3071 2264/757/3071 2367/757/3071
f 2337/1277/3072 2166/1372/3072 2198/1354/3072
f 2232/757/3073 2263/757/3073 2368/757/3073
f 2336/1274/3074 2167/1373/3074 2199/1355/3074
f 2231/757/3075 2262/757/3075 2369/757/3075
f 2335/1271/3076 2168/1374/3076 2200/1356/3076
f 2230/757/3077 2261/757/3077 2370/757/3077
f 2334/1270/3078 2169/1375/3078 2201/1357/3078
f 2229/757/3079 2260/757/3079 2371/757/3079
f 2333/1269/3080 2170/1376/3080 2202/1358/3080
f 2259/757/3081 2372/757/3081 2403/757/3081
f 2332/1268/3056 2171/1377/3056 2203/1359/3056
f 2258/757/3082 2373/757/3082 2404/757/3082
f 2331/1267/3083 2172/1378/3083 2204/1360/3083
f 2257/757/3084 2374/757/3084 2405/757/3084
f 2330/1266/3085 2173/1379/3085 2205/1361/3085
f 2256/757/3086 2375/757/3086 2406/757/3086
f 2329/1265/3087 2174/1380/3087 2206/1362/3087
f 2255/757/3047 2376/757/3047 2407/757/3047
f 2328/1264/3088 2175/1381/3088 2207/1363/3088
f 2254/757/3050 2377/757/3050 2408/757/3050
f 2347/1308/3051 2285/1273/3051 2218/1364/3051
f 2327/1263/3089 2176/1382/3089 2208/1365/3089
f 2253/757/3090 2378/757/3090 2409/757/3090
f 2346/1306/3091 2315/1305/3091 2188/1337/3091
f 2326/1262/3092 2177/1383/3092 2209/1366/3092
f 2252/757/3056 2379/757/3056 2411/757/3056
f 2345/1303/3057 2314/1302/3057 2189/1339/3057
f 2325/1261/3093 2178/1384/3093 2210/1367/3093
f 2251/757/3083 2380/757/3083 2348/757/3083
f 2344/1300/3059 2313/1299/3059 2190/1341/3059
f 2324/1260/3094 2179/1385/3094 2211/1368/3094
f 2250/757/3095 2381/757/3095 2349/757/3095
f 2343/1298/3096 2312/1297/3096 2191/1343/3096
f 2291/1296/3097 2323/1259/3097 2180/1369/3097
f 2249/757/3098 2382/757/3098 2350/757/3098
f 2342/1295/3063 2311/1294/3063 2192/1345/3063
f 2290/1293/3099 2322/1292/3099 2181/1323/3099
f 2248/757/3031 2383/757/3031 2351/757/3031
f 2341/1291/3100 2310/1290/3100 2193/1347/3100
f 2289/1289/3033 2321/1288/3033 2182/1325/3033
f 2247/757/3034 2384/757/3034 2352/757/3034
f 2340/1287/3101 2309/1286/3101 2194/1349/3101
f 2288/1285/3102 2320/1284/3102 2183/1327/3102
f 2246/757/3037 2385/757/3037 2353/757/3037
f 2308/1321/3103 2195/1351/3103 2164/1370/3103
f 2287/1282/3104 2319/1281/3104 2184/1329/3104
f 2245/757/3105 2386/757/3105 2354/757/3105
f 2307/1320/3106 2196/1352/3106 2165/1371/3106
f 2286/1279/3107 2318/1278/3107 2185/1331/3107
f 2244/757/3108 2387/757/3108 2355/757/3108
f 2306/1319/3072 2197/1353/3072 2166/1372/3072
f 2284/1276/3109 2317/1275/3109 2186/1333/3109
f 2275/757/3046 2243/757/3046 2388/757/3046
f 2305/1318/3110 2198/1354/3110 2167/1373/3110
f 2285/1273/3048 2316/1272/3048 2187/1335/3048
f 2274/757/3111 2242/757/3111 2389/757/3111
f 2304/1317/3076 2199/1355/3076 2168/1374/3076
f 2273/757/3112 2241/757/3112 2390/757/3112
f 2303/1316/3078 2200/1356/3078 2169/1375/3078
f 2272/757/3113 2240/757/3113 2391/757/3113
f 2302/1315/3080 2201/1357/3080 2170/1376/3080
f 2271/757/3058 2239/757/3058 2392/757/3058
f 2301/1314/3114 2202/1358/3114 2171/1377/3114
f 2270/757/3060 2238/757/3060 2393/757/3060
f 2300/1313/3083 2203/1359/3083 2172/1378/3083
f 2269/757/3062 2237/757/3062 2394/757/3062
f 2299/1312/3115 2204/1360/3115 2173/1379/3115
f 2268/757/3048 2236/757/3048 2395/757/3048
f 2298/1311/3087 2205/1361/3087 2174/1380/3087
f 2267/757/3051 2235/757/3051 2396/757/3051
f 2297/1310/3088 2206/1362/3088 2175/1381/3088
f 2266/757/3067 2234/757/3067 2397/757/3067
f 2296/1309/3089 2207/1363/3089 2176/1382/3089
f 2265/757/3116 2233/757/3116 2398/757/3116
f 2295/1307/3117 2208/1365/3117 2177/1383/3117
f 2264/757/3071 2232/757/3071 2399/757/3071
f 2294/1304/3118 2209/1430/3118 2178/1384/3118
f 2283/757/3083 2348/757/3083 2410/757/3083
f 2263/757/3119 2231/757/3119 2400/757/3119
f 2293/1301/3120 2210/1367/3120 2179/1385/3120
f 2282/757/3121 2349/757/3121 2380/757/3121
f 2262/757/3075 2230/757/3075 2401/757/3075
f 2323/1259/3097 2292/1258/3097 2211/1368/3097
f 2281/757/3098 2350/757/3098 2381/757/3098
f 2174/1380/3122 2585/1435/3122 2553/1386/3122
f 2387/757/3123 2500/757/3123 2532/757/3123
f 2173/1379/3124 2586/1436/3124 2554/1387/3124
f 2386/757/3125 2501/757/3125 2533/757/3125
f 2172/1378/3126 2587/1437/3126 2555/1388/3126
f 2385/757/3127 2502/757/3127 2534/757/3127
f 2171/1377/3128 2588/1438/3128 2556/1389/3128
f 2384/757/3129 2503/757/3129 2535/757/3129
f 2170/1376/3130 2589/1439/3130 2557/1390/3130
f 2383/757/3131 2504/757/3131 2536/757/3131
f 2169/1375/3132 2590/1440/3132 2558/1391/3132
f 2382/757/3133 2505/757/3133 2537/757/3133
f 2168/1374/3134 2591/1441/3134 2559/1392/3134
f 2381/757/3135 2506/757/3135 2538/757/3135
f 2167/1373/3136 2592/1443/3136 2560/1393/3136
f 2380/757/3137 2507/757/3137 2539/757/3137
f 2166/1372/3138 2593/1444/3138 2561/1394/3138
f 2379/757/3139 2508/757/3139 2476/757/3139
f 2165/1371/3140 2594/1445/3140 2562/1395/3140
f 2378/757/3141 2509/757/3141 2478/757/3141
f 2196/1352/3142 2164/1370/3142 2595/1396/3142
f 2377/757/3143 2510/757/3143 2479/757/3143
f 2195/1351/3144 2163/1350/3144 2596/1398/3144
f 2376/757/3145 2511/757/3145 2480/757/3145
f 2194/1349/3146 2162/1348/3146 2597/1400/3146
f 2375/757/3147 2512/757/3147 2481/757/3147
f 2193/1347/3148 2161/1346/3148 2598/1402/3148
f 2374/757/3149 2513/757/3149 2482/757/3149
f 2192/1345/3150 2160/1344/3150 2599/1404/3150
f 2373/757/3151 2514/757/3151 2483/757/3151
f 2191/1343/3152 2159/1342/3152 2600/1406/3152
f 2403/757/3153 2372/757/3153 2515/757/3153
f 2190/1341/3154 2158/1340/3154 2601/1408/3154
f 2402/757/3155 2371/757/3155 2516/757/3155
f 2189/1339/3156 2157/1338/3156 2602/1410/3156
f 2401/757/3157 2370/757/3157 2517/757/3157
f 2188/1337/3158 2156/1336/3158 2603/1412/3158
f 2400/757/3159 2369/757/3159 2518/757/3159
f 2187/1335/3160 2219/1334/3160 2540/1414/3160
f 2399/757/3161 2368/757/3161 2519/757/3161
f 2186/1333/3162 2217/1332/3162 2542/1416/3162
f 2398/757/3163 2367/757/3163 2520/757/3163
f 2185/1331/3164 2216/1330/3164 2543/1418/3164
f 2397/757/3165 2366/757/3165 2521/757/3165
f 2184/1329/3166 2215/1328/3166 2544/1420/3166
f 2396/757/3167 2365/757/3167 2522/757/3167
f 2183/1327/3168 2214/1326/3168 2545/1422/3168
f 2395/757/3169 2364/757/3169 2523/757/3169
f 2182/1325/3170 2213/1324/3170 2546/1424/3170
f 2394/757/3171 2363/757/3171 2524/757/3171
f 2181/1323/3172 2212/1322/3172 2547/1426/3172
f 2393/757/3173 2362/757/3173 2525/757/3173
f 2211/1368/3174 2548/1446/3174 2579/1428/3174
f 2392/757/3175 2361/757/3175 2526/757/3175
f 2210/1367/3176 2549/1447/3176 2580/1429/3176
f 2391/757/3177 2360/757/3177 2527/757/3177
f 2410/757/3178 2477/757/3178 2508/757/3178
f 2209/1430/3179 2550/1448/3179 2581/1431/3179
f 2390/757/3180 2359/757/3180 2528/757/3180
f 2411/757/3181 2476/757/3181 2509/757/3181
f 2208/1365/3182 2551/1449/3182 2582/1432/3182
f 2389/757/3183 2358/757/3183 2529/757/3183
f 2409/757/3184 2478/757/3184 2510/757/3184
f 2207/1363/3185 2552/1450/3185 2583/1433/3185
f 2388/757/3186 2357/757/3186 2530/757/3186
f 2408/757/3187 2479/757/3187 2511/757/3187
f 2206/1362/3188 2553/1386/3188 2584/1434/3188
f 2356/757/3189 2531/757/3189 2500/757/3189
f 2407/757/3190 2480/757/3190 2512/757/3190
f 2205/1361/3191 2554/1387/3191 2585/1435/3191
f 2355/757/3192 2532/757/3192 2501/757/3192
f 2406/757/3193 2481/757/3193 2513/757/3193
f 2204/1360/3194 2555/1388/3194 2586/1436/3194
f 2354/757/3195 2533/757/3195 2502/757/3195
f 2405/757/3196 2482/757/3196 2514/757/3196
f 2203/1359/3197 2556/1389/3197 2587/1437/3197
f 2353/757/3198 2534/757/3198 2503/757/3198
f 2372/757/3199 2404/757/3199 2483/757/3199
f 2202/1358/3200 2557/1390/3200 2588/1438/3200
f 2352/757/3201 2535/757/3201 2504/757/3201
f 2371/757/3202 2403/757/3202 2484/757/3202
f 2201/1357/3203 2558/1391/3203 2589/1439/3203
f 2351/757/3204 2536/757/3204 2505/757/3204
f 2370/757/3205 2402/757/3205 2485/757/3205
f 2200/1356/3206 2559/1392/3206 2590/1440/3206
f 2350/757/3207 2537/757/3207 2506/757/3207
f 2369/757/3208 2401/757/3208 2486/757/3208
f 2199/1355/3209 2560/1393/3209 2591/1441/3209
f 2218/1364/3210 2187/1335/3210 2572/1415/3210
f 2349/757/3211 2538/757/3211 2507/757/3211
f 2368/757/3212 2400/757/3212 2487/757/3212
f 2198/1354/3213 2561/1394/3213 2592/1443/3213
f 2219/1334/3214 2186/1333/3214 2573/1417/3214
f 2348/757/3215 2539/757/3215 2477/757/3215
f 2367/757/3216 2399/757/3216 2488/757/3216
f 2197/1353/3217 2562/1395/3217 2593/1444/3217
f 2217/1332/3218 2185/1331/3218 2574/1419/3218
f 2366/757/3219 2398/757/3219 2489/757/3219
f 2196/1352/3220 2563/1397/3220 2594/1445/3220
f 2216/1330/3221 2184/1329/3221 2575/1421/3221
f 2365/757/3222 2397/757/3222 2490/757/3222
f 2164/1370/3223 2195/1351/3223 2564/1399/3223
f 2215/1328/3224 2183/1327/3224 2576/1423/3224
f 2364/757/3225 2396/757/3225 2491/757/3225
f 2163/1350/3226 2194/1349/3226 2565/1401/3226
f 2214/1326/3227 2182/1325/3227 2577/1425/3227
f 2363/757/3228 2395/757/3228 2492/757/3228
f 2162/1348/3229 2193/1347/3229 2566/1403/3229
f 2213/1324/3230 2181/1323/3230 2578/1427/3230
f 2362/757/3231 2394/757/3231 2493/757/3231
f 2161/1346/3232 2192/1345/3232 2567/1405/3232
f 2180/1369/3233 2579/1428/3233 2547/1426/3233
f 2361/757/3234 2393/757/3234 2494/757/3234
f 2160/1344/3235 2191/1343/3235 2568/1407/3235
f 2179/1385/3236 2580/1429/3236 2548/1446/3236
f 2360/757/3237 2392/757/3237 2495/757/3237
f 2159/1342/3238 2190/1341/3238 2569/1409/3238
f 2178/1384/3239 2581/1431/3239 2549/1447/3239
f 2359/757/3240 2391/757/3240 2496/757/3240
f 2158/1340/3241 2189/1339/3241 2570/1411/3241
f 2177/1383/3242 2582/1432/3242 2550/1448/3242
f 2358/757/3243 2390/757/3243 2497/757/3243
f 2157/1338/3244 2188/1337/3244 2571/1413/3244
f 2176/1382/3245 2583/1433/3245 2551/1449/3245
f 2357/757/3246 2389/757/3246 2498/757/3246
f 2156/1336/3247 2218/1364/3247 2541/1442/3247
f 2175/1381/3248 2584/1434/3248 2552/1450/3248
f 2388/757/3249 2499/757/3249 2531/757/3249
f 2511/757/3250 2632/757/3250 2663/757/3250
f 2583/1433/3251 2552/1450/3251 2463/1451/3251
f 2510/757/3252 2633/757/3252 2664/757/3252
f 2582/1432/3253 2551/1449/3253 2464/1453/3253
f 2509/757/3254 2634/757/3254 2665/757/3254
f 2581/1431/3255 2550/1448/3255 2465/1455/3255
f 2508/757/3256 2635/757/3256 2667/757/3256
f 2580/1429/3257 2549/1447/3257 2466/1457/3257
f 2507/757/3258 2636/757/3258 2604/757/3258
f 2579/1428/3259 2548/1446/3259 2467/1459/3259
f 2506/757/3260 2637/757/3260 2605/757/3260
f 2578/1427/3261 2547/1426/3261 2468/1461/3261
f 2505/757/3262 2638/757/3262 2606/757/3262
f 2577/1425/3263 2546/1424/3263 2469/1463/3263
f 2504/757/3264 2639/757/3264 2607/757/3264
f 2576/1423/3265 2545/1422/3265 2470/1465/3265
f 2503/757/3266 2640/757/3266 2608/757/3266
f 2575/1421/3267 2544/1420/3267 2471/1467/3267
f 2574/1419/3268 2543/1418/3268 2472/1469/3268
f 2502/757/3269 2641/757/3269 2609/757/3269
f 2573/1417/3270 2542/1416/3270 2473/1471/3270
f 2501/757/3271 2642/757/3271 2610/757/3271
f 2572/1415/3272 2540/1414/3272 2475/1473/3272
f 2500/757/3273 2643/757/3273 2611/757/3273
f 2571/1413/3274 2603/1412/3274 2412/1475/3274
f 2499/757/3275 2644/757/3275 2612/757/3275
f 2570/1411/3276 2602/1410/3276 2413/1477/3276
f 2498/757/3277 2645/757/3277 2613/757/3277
f 2569/1409/3278 2601/1408/3278 2414/1479/3278
f 2497/757/3279 2646/757/3279 2614/757/3279
f 2568/1407/3280 2600/1406/3280 2415/1481/3280
f 2496/757/3281 2647/1483/3281 2615/1483/3281
f 2567/1405/3282 2599/1404/3282 2416/1484/3282
f 2495/757/3283 2648/1483/3283 2616/1483/3283
f 2566/1403/3284 2598/1402/3284 2417/1486/3284
f 2494/757/3285 2649/1483/3285 2617/1483/3285
f 2565/1401/3286 2597/1400/3286 2418/1488/3286
f 2493/757/3287 2650/1483/3287 2618/1483/3287
f 2564/1399/3288 2596/1398/3288 2419/1490/3288
f 2492/757/3289 2651/1483/3289 2619/1483/3289
f 2491/757/3290 2652/1483/3290 2620/1483/3290
f 2563/1397/3291 2595/1396/3291 2420/1492/3291
f 2490/757/3292 2653/1483/3292 2621/1483/3292
f 2562/1395/3293 2594/1445/3293 2421/1494/3293
f 2489/757/3294 2654/1483/3294 2622/1483/3294
f 2561/1394/3295 2593/1444/3295 2422/1496/3295
f 2488/757/3296 2655/1483/3296 2623/1483/3296
f 2560/1393/3297 2592/1443/3297 2423/1498/3297
f 2539/757/3298 2604/757/3298 2666/757/3298
f 2487/757/3299 2656/1483/3299 2624/1483/3299
f 2559/1392/3300 2591/1441/3300 2424/1500/3300
f 2538/757/3301 2605/757/3301 2636/757/3301
f 2486/757/3302 2657/1516/3302 2625/1483/3302
f 2558/1391/3303 2590/1440/3303 2425/1502/3303
f 2537/757/3304 2606/757/3304 2637/757/3304
f 2485/757/3305 2658/757/3305 2626/757/3305
f 2557/1390/3306 2589/1439/3306 2426/1504/3306
f 2536/757/3307 2607/757/3307 2638/757/3307
f 2484/757/3308 2659/757/3308 2627/757/3308
f 2556/1389/3309 2588/1438/3309 2427/1506/3309
f 2535/757/3310 2608/757/3310 2639/757/3310
f 2483/757/3311 2660/757/3311 2628/757/3311
f 2555/1388/3312 2587/1437/3312 2428/1508/3312
f 2534/757/3313 2609/757/3313 2640/757/3313
f 2482/757/3314 2661/757/3314 2629/757/3314
f 2554/1387/3315 2586/1436/3315 2429/1510/3315
f 2533/757/3316 2610/757/3316 2641/757/3316
f 2481/757/3317 2662/757/3317 2630/757/3317
f 2553/1386/3318 2585/1435/3318 2430/1512/3318
f 2532/757/3319 2611/757/3319 2642/757/3319
f 2552/1450/3320 2584/1434/3320 2431/1514/3320
f 2480/757/3321 2663/757/3321 2631/757/3321
f 2531/757/3322 2612/757/3322 2643/757/3322
f 2603/1412/3323 2541/1442/3323 2474/1515/3323
f 2551/1449/3324 2583/1433/3324 2432/1452/3324
f 2479/757/3325 2664/757/3325 2632/757/3325
f 2530/757/3326 2613/757/3326 2644/757/3326
f 2602/1410/3327 2571/1413/3327 2444/1476/3327
f 2550/1448/3328 2582/1432/3328 2433/1454/3328
f 2478/757/3329 2665/757/3329 2633/757/3329
f 2529/757/3330 2614/757/3330 2645/757/3330
f 2601/1408/3331 2570/1411/3331 2445/1478/3331
f 2549/1447/3332 2581/1431/3332 2434/1456/3332
f 2476/757/3333 2667/757/3333 2634/757/3333
f 2528/757/3334 2615/1483/3334 2646/757/3334
f 2600/1406/3335 2569/1409/3335 2446/1480/3335
f 2548/1446/3336 2580/1429/3336 2435/1458/3336
f 2477/757/3337 2666/757/3337 2635/757/3337
f 2527/757/3338 2616/1483/3338 2647/1483/3338
f 2599/1404/3339 2568/1407/3339 2447/1482/3339
f 2547/1426/3340 2579/1428/3340 2436/1460/3340
f 2526/757/3341 2617/1483/3341 2648/1483/3341
f 2598/1402/3342 2567/1405/3342 2448/1485/3342
f 2546/1424/3343 2578/1427/3343 2437/1462/3343
f 2525/757/3344 2618/1483/3344 2649/1483/3344
f 2597/1400/3345 2566/1403/3345 2449/1487/3345
f 2545/1422/3346 2577/1425/3346 2438/1464/3346
f 2524/757/3347 2619/1483/3347 2650/1483/3347
f 2596/1398/3348 2565/1401/3348 2450/1489/3348
f 2544/1420/3349 2576/1423/3349 2439/1466/3349
f 2523/757/3350 2620/1483/3350 2651/1483/3350
f 2595/1396/3351 2564/1399/3351 2451/1491/3351
f 2543/1418/3352 2575/1421/3352 2440/1468/3352
f 2522/757/3353 2621/1483/3353 2652/1483/3353
f 2594/1445/3354 2563/1397/3354 2452/1493/3354
f 2542/1416/3355 2574/1419/3355 2441/1470/3355
f 2521/757/3356 2622/1483/3356 2653/1483/3356
f 2593/1444/3357 2562/1395/3357 2453/1495/3357
f 2540/1414/3358 2573/1417/3358 2442/1472/3358
f 2520/757/3359 2623/1483/3359 2654/1483/3359
f 2592/1443/3360 2561/1394/3360 2454/1497/3360
f 2541/1442/3361 2572/1415/3361 2443/1474/3361
f 2519/757/3362 2624/1483/3362 2655/1483/3362
f 2591/1441/3363 2560/1393/3363 2455/1499/3363
f 2518/757/3364 2625/1483/3364 2656/1483/3364
f 2590/1440/3365 2559/1392/3365 2456/1501/3365
f 2517/757/3366 2626/757/3366 2657/1516/3366
f 2589/1439/3367 2558/1391/3367 2457/1503/3367
f 2516/757/3368 2627/757/3368 2658/757/3368
f 2588/1438/3369 2557/1390/3369 2458/1505/3369
f 2515/757/3370 2628/757/3370 2659/757/3370
f 2587/1437/3371 2556/1389/3371 2459/1507/3371
f 2514/757/3372 2629/757/3372 2660/757/3372
f 2586/1436/3373 2555/1388/3373 2460/1509/3373
f 2513/757/3374 2630/757/3374 2661/757/3374
f 2585/1435/3375 2554/1387/3375 2461/1511/3375
f 2512/757/3376 2631/757/3376 2662/757/3376
f 2584/1434/3377 2553/1386/3377 2462/1513/3377
f 2437/1462/3378 2468/1461/3378 2739/1517/3378
f 2616/1483/3379 2648/1483/3379 2687/1519/3379
f 2436/1460/3380 2467/1459/3380 2740/1521/3380
f 2615/1483/3381 2647/1483/3381 2688/1523/3381
f 2435/1458/3382 2466/1457/3382 2741/1524/3382
f 2614/757/3383 2646/757/3383 2689/1526/3383
f 2434/1456/3384 2465/1455/3384 2742/1527/3384
f 2613/757/3385 2645/757/3385 2690/1526/3385
f 2433/1454/3386 2464/1453/3386 2743/1529/3386
f 2612/757/3387 2644/757/3387 2691/1526/3387
f 2432/1452/1719 2463/1451/1719 2744/1531/1719
f 2611/757/3388 2643/757/3388 2692/1523/3388
f 2431/1514/3389 2462/1513/3389 2745/1533/3389
f 2610/757/3390 2642/757/3390 2693/1535/3390
f 2430/1512/3391 2461/1511/3391 2746/1537/3391
f 2609/757/3392 2641/757/3392 2694/1539/3392
f 2429/1510/3393 2460/1509/3393 2747/1541/3393
f 2608/757/3394 2640/757/3394 2695/1543/3394
f 2428/1508/3395 2459/1507/3395 2748/1545/3395
f 2607/757/3396 2639/757/3396 2696/1547/3396
f 2427/1506/3397 2458/1505/3397 2749/1549/3397
f 2606/757/3398 2638/757/3398 2697/1551/3398
f 2457/1503/3399 2750/1601/3399 2781/1553/3399
f 2605/757/3400 2637/757/3400 2698/1554/3400
f 2456/1501/3401 2751/1603/3401 2782/1556/3401
f 2604/757/3402 2636/757/3402 2699/1557/3402
f 2455/1499/3403 2752/1605/3403 2783/1559/3403
f 2443/1474/3404 2764/1623/3404 2733/1560/3404
f 2667/757/3405 2635/757/3405 2700/1561/3405
f 2454/1497/3406 2753/1607/3406 2784/1563/3406
f 2475/1473/3407 2442/1472/3407 2765/1564/3407
f 2634/757/3408 2701/1606/3408 2670/1566/3408
f 2453/1495/3409 2754/1608/3409 2785/1567/3409
f 2473/1471/3410 2441/1470/3410 2766/1568/3410
f 2633/757/3411 2702/1566/3411 2671/1566/3411
f 2452/1493/3412 2755/1609/3412 2786/1570/3412
f 2472/1469/3413 2440/1468/3413 2767/1571/3413
f 2632/757/3414 2703/1566/3414 2672/1566/3414
f 2451/1491/3415 2756/1610/3415 2787/1573/3415
f 2471/1467/3416 2439/1466/3416 2768/1574/3416
f 2631/757/3417 2704/1606/3417 2673/1576/3417
f 2450/1489/3418 2757/1612/3418 2788/1577/3418
f 2470/1465/3419 2438/1464/3419 2769/1578/3419
f 2630/757/3420 2705/1611/3420 2674/1580/3420
f 2449/1487/3421 2758/1614/3421 2789/1581/3421
f 2469/1463/3422 2437/1462/3422 2770/1518/3422
f 2629/757/3423 2706/1613/3423 2675/1583/3423
f 2448/1485/3424 2759/1616/3424 2790/1584/3424
f 2468/1461/3425 2436/1460/3425 2771/1522/3425
f 2628/757/3426 2707/1615/3426 2676/1585/3426
f 2447/1482/3427 2760/1618/3427 2791/1586/3427
f 2467/1459/3428 2435/1458/3428 2772/1525/3428
f 2627/757/3429 2708/1617/3429 2677/1587/3429
f 2446/1480/3430 2761/1620/3430 2792/1588/3430
f 2466/1457/3431 2434/1456/3431 2773/1528/3431
f 2626/757/3432 2709/1619/3432 2678/1589/3432
f 2445/1478/3433 2762/1621/3433 2793/1590/3433
f 2465/1455/3434 2433/1454/3434 2774/1530/3434
f 2625/1483/3435 2710/1591/3435 2679/1591/3435
f 2444/1476/3436 2763/1622/3436 2794/1592/3436
f 2464/1453/3437 2432/1452/3437 2775/1532/3437
f 2624/1483/1770 2711/1593/1770 2680/1593/1770
f 2474/1515/3438 2733/1560/3438 2795/1594/3438
f 2463/1451/3439 2431/1514/3439 2776/1534/3439
f 2623/1483/3440 2712/1593/3440 2681/1595/3440
f 2462/1513/3441 2430/1512/3441 2777/1538/3441
f 2622/1483/3442 2713/1595/3442 2682/1596/3442
f 2461/1511/3443 2429/1510/3443 2778/1542/3443
f 2621/1483/3444 2714/1597/3444 2683/1597/3444
f 2460/1509/3445 2428/1508/3445 2779/1546/3445
f 2620/1483/3446 2715/1624/3446 2684/1598/3446
f 2459/1507/3447 2427/1506/3447 2780/1550/3447
f 2619/1483/3448 2716/1625/3448 2685/1599/3448
f 2426/1504/3449 2781/1553/3449 2749/1549/3449
f 2649/1483/3450 2618/1483/3450 2717/1600/3450
f 2425/1502/3451 2782/1556/3451 2750/1601/3451
f 2648/1483/3452 2617/1483/3452 2718/1602/3452
f 2424/1500/3453 2783/1559/3453 2751/1603/3453
f 2647/1483/3454 2616/1483/3454 2719/1520/3454
f 2635/757/3455 2666/757/3455 2669/1604/3455
f 2423/1498/3456 2784/1563/3456 2752/1605/3456
f 2646/757/3457 2615/1483/3457 2720/1523/3457
f 2667/757/3458 2668/1562/3458 2701/1606/3458
f 2422/1496/3459 2785/1567/3459 2753/1607/3459
f 2645/757/3460 2614/757/3460 2721/1526/3460
f 2665/757/3461 2670/1566/3461 2702/1566/3461
f 2421/1494/3462 2786/1570/3462 2754/1608/3462
f 2644/757/3463 2613/757/3463 2722/1526/3463
f 2664/757/3464 2671/1566/3464 2703/1566/3464
f 2420/1492/3465 2787/1573/3465 2755/1609/3465
f 2643/757/3466 2612/757/3466 2723/1523/3466
f 2663/757/3467 2672/1566/3467 2704/1606/3467
f 2419/1490/3468 2788/1577/3468 2756/1610/3468
f 2642/757/3469 2611/757/3469 2724/1520/3469
f 2662/757/3470 2673/1576/3470 2705/1611/3470
f 2418/1488/3471 2789/1581/3471 2757/1612/3471
f 2641/757/3472 2610/757/3472 2725/1536/3472
f 2661/757/3473 2674/1580/3473 2706/1613/3473
f 2417/1486/3474 2790/1584/3474 2758/1614/3474
f 2640/757/3475 2609/757/3475 2726/1540/3475
f 2660/757/3476 2675/1583/3476 2707/1615/3476
f 2416/1484/3477 2791/1586/3477 2759/1616/3477
f 2639/757/3478 2608/757/3478 2727/1544/3478
f 2659/757/3479 2676/1585/3479 2708/1617/3479
f 2415/1481/3480 2792/1588/3480 2760/1618/3480
f 2638/757/3481 2607/757/3481 2728/1548/3481
f 2658/757/3482 2677/1587/3482 2709/1619/3482
f 2414/1479/3483 2793/1590/3483 2761/1620/3483
f 2637/757/3484 2606/757/3484 2729/1552/3484
f 2657/1516/3485 2678/1589/3485 2710/1591/3485
f 2413/1477/3486 2794/1592/3486 2762/1621/3486
f 2636/757/3487 2605/757/3487 2730/1555/3487
f 2656/1483/3488 2679/1591/3488 2711/1593/3488
f 2412/1475/3489 2795/1594/3489 2763/1622/3489
f 2666/757/3490 2604/757/3490 2731/1558/3490
f 2655/1483/3491 2680/1593/3491 2712/1593/3491
f 2475/1473/3492 2732/1565/3492 2764/1623/3492
f 2654/1483/3493 2681/1595/3493 2713/1595/3493
f 2442/1472/3494 2473/1471/3494 2734/1569/3494
f 2653/1483/3495 2682/1596/3495 2714/1597/3495
f 2441/1470/3496 2472/1469/3496 2735/1572/3496
f 2652/1483/3497 2683/1597/3497 2715/1624/3497
f 2440/1468/3498 2471/1467/3498 2736/1575/3498
f 2651/1483/3499 2684/1598/3499 2716/1625/3499
f 2439/1466/3500 2470/1465/3500 2737/1579/3500
f 2618/1483/3501 2650/1483/3501 2685/1599/3501
f 2438/1464/3502 2469/1463/3502 2738/1582/3502
f 2617/1483/3503 2649/1483/3503 2686/1600/3503
f 2703/1566/3504 2671/1566/3504 2927/1626/3504
f 2794/1592/3505 3050/1695/3505 3018/1628/3505
f 2722/1526/3506 2978/1728/3506 2947/1629/3506
f 2702/1566/3507 2670/1566/3507 2926/1630/3507
f 2793/1590/1885 3049/1697/1885 3017/1632/1885
f 2721/1526/3508 2977/1729/3508 2946/1633/3508
f 2701/1606/3509 2668/1562/3509 2924/1634/3509
f 2792/1588/3510 3048/1699/3510 3016/1636/3510
f 2720/1523/3511 2976/1730/3511 2945/1637/3511
f 2700/1561/3512 2669/1604/3512 2925/1638/3512
f 2791/1586/3513 3047/1701/3513 3015/1640/3513
f 2719/1520/3514 2975/1731/3514 2944/1641/3514
f 2790/1584/3515 3046/1705/3515 3014/1642/3515
f 2718/1602/3516 2974/1732/3516 2943/1643/3516
f 2789/1581/3517 3045/1709/3517 3013/1644/3517
f 2717/1600/3518 2973/1734/3518 2942/1645/3518
f 2788/1577/3519 3044/1713/3519 3012/1646/3519
f 2716/1625/3520 2972/1736/3520 2941/1647/3520
f 2755/1609/3521 2787/1573/3521 3043/1648/3521
f 2715/1624/3522 2971/1738/3522 2940/1650/3522
f 2754/1608/3523 2786/1570/3523 3042/1651/3523
f 2714/1597/3524 2970/1740/3524 2939/1653/3524
f 2753/1607/3525 2785/1567/3525 3041/1654/3525
f 2682/1596/1885 2713/1595/1885 2969/1656/1885
f 2752/1605/3526 2784/1563/3526 3040/1658/3526
f 2681/1595/3527 2712/1593/3527 2968/1660/3527
f 2751/1603/3528 2783/1559/3528 3039/1662/3528
f 2680/1593/3529 2711/1593/3529 2967/1664/3529
f 2750/1601/3530 2782/1556/3530 3038/1666/3530
f 2679/1591/3531 2710/1591/3531 2966/1668/3531
f 2749/1549/3532 2781/1553/3532 3037/1670/3532
f 2678/1589/3533 2709/1619/3533 2965/1672/3533
f 2677/1587/3534 2708/1617/3534 2964/1674/3534
f 2748/1545/3535 2780/1550/3535 3036/1676/3535
f 2676/1585/3536 2707/1615/3536 2963/1678/3536
f 2747/1541/3537 2779/1546/3537 3035/1680/3537
f 2746/1537/3538 2778/1542/3538 3034/1682/3538
f 2675/1583/3539 2706/1613/3539 2962/1684/3539
f 2777/1538/1899 3033/1733/1899 3001/1686/1899
f 2674/1580/3540 2705/1611/3540 2961/1687/3540
f 2776/1534/3541 3032/1735/3541 3000/1689/3541
f 2673/1576/3542 2704/1606/3542 2960/1690/3542
f 2733/1560/3543 2989/1726/3543 3051/1692/3543
f 2775/1532/3544 3031/1737/3544 2999/1693/3544
f 2672/1566/3545 2703/1566/3545 2959/1627/3545
f 2763/1622/3546 3019/1751/3546 3050/1695/3546
f 2774/1530/3547 3030/1739/3547 2998/1696/3547
f 2671/1566/3548 2702/1566/3548 2958/1631/3548
f 2762/1621/3549 3018/1628/3549 3049/1697/3549
f 2773/1528/3550 3029/1741/3550 2997/1698/3550
f 2670/1566/3551 2701/1606/3551 2957/1635/3551
f 2761/1620/3552 3017/1632/3552 3048/1699/3552
f 2772/1525/3553 3028/1742/3553 2996/1700/3553
f 2668/1562/3554 2700/1561/3554 2956/1639/3554
f 2760/1618/3555 3016/1636/3555 3047/1701/3555
f 2771/1522/3556 3027/1743/3556 2995/1702/3556
f 2731/1558/3557 2699/1557/3557 2955/1703/3557
f 2759/1616/3558 3015/1640/3558 3046/1705/3558
f 2770/1518/3559 3026/1744/3559 2994/1706/3559
f 2730/1555/3560 2698/1554/3560 2954/1707/3560
f 2758/1614/3561 3014/1642/3561 3045/1709/3561
f 2769/1578/3562 3025/1745/3562 2993/1710/3562
f 2729/1552/3563 2697/1551/3563 2953/1711/3563
f 2757/1612/3564 3013/1644/3564 3044/1713/3564
f 2768/1574/3565 3024/1746/3565 2992/1714/3565
f 2728/1548/3566 2696/1547/3566 2952/1715/3566
f 2787/1573/3567 2756/1610/3567 3012/1646/3567
f 2767/1571/3568 3023/1747/3568 2991/1717/3568
f 2727/1544/3569 2695/1543/3569 2951/1718/3569
f 2786/1570/3570 2755/1609/3570 3011/1649/3570
f 2766/1568/3571 3022/1748/3571 2990/1720/3571
f 2726/1540/3572 2694/1539/3572 2950/1721/3572
f 2785/1567/3573 2754/1608/3573 3010/1652/3573
f 2765/1564/3574 3021/1749/3574 2988/1723/3574
f 2725/1536/3575 2693/1535/3575 2949/1724/3575
f 2784/1563/3576 2753/1607/3576 3009/1655/3576
f 2764/1623/3577 3020/1750/3577 2989/1726/3577
f 2724/1520/3578 2692/1523/3578 2948/1724/3578
f 2783/1559/3579 2752/1605/3579 3008/1659/3579
f 2691/1526/3580 2947/1629/3580 2979/1727/3580
f 2782/1556/3581 2751/1603/3581 3007/1663/3581
f 2690/1526/3582 2946/1633/3582 2978/1728/3582
f 2781/1553/3583 2750/1601/3583 3006/1667/3583
f 2689/1526/3584 2945/1637/3584 2977/1729/3584
f 2780/1550/3585 2749/1549/3585 3005/1671/3585
f 2688/1523/3586 2944/1641/3586 2976/1730/3586
f 2779/1546/3587 2748/1545/3587 3004/1677/3587
f 2687/1519/3588 2943/1643/3588 2975/1731/3588
f 2778/1542/3589 2747/1541/3589 3003/1681/3589
f 2686/1600/3590 2942/1645/3590 2974/1732/3590
f 2746/1537/3591 3002/1683/3591 3033/1733/3591
f 2685/1599/3592 2941/1647/3592 2973/1734/3592
f 2745/1533/3593 3001/1686/3593 3032/1735/3593
f 2684/1598/3594 2940/1650/3594 2972/1736/3594
f 2744/1531/3595 3000/1689/3595 3031/1737/3595
f 2683/1597/3596 2939/1653/3596 2971/1738/3596
f 2743/1529/3597 2999/1693/3597 3030/1739/3597
f 2682/1596/3598 2938/1657/3598 2970/1740/3598
f 2742/1527/3599 2998/1696/3599 3029/1741/3599
f 2713/1595/3600 2681/1595/3600 2937/1661/3600
f 2741/1524/3601 2997/1698/3601 3028/1742/3601
f 2712/1593/3602 2680/1593/3602 2936/1665/3602
f 2669/1604/3603 2731/1558/3603 2987/1704/3603
f 2740/1521/3604 2996/1700/3604 3027/1743/3604
f 2711/1593/3605 2679/1591/3605 2935/1669/3605
f 2699/1557/3606 2730/1555/3606 2986/1708/3606
f 2739/1517/3607 2995/1702/3607 3026/1744/3607
f 2710/1591/3608 2678/1589/3608 2934/1673/3608
f 2698/1554/1899 2729/1552/1899 2985/1712/1899
f 2738/1582/3609 2994/1706/3609 3025/1745/3609
f 2709/1619/3610 2677/1587/3610 2933/1675/3610
f 2697/1551/3611 2728/1548/3611 2984/1716/3611
f 2737/1579/3612 2993/1710/3612 3024/1746/3612
f 2708/1617/3613 2676/1585/3613 2932/1679/3613
f 2696/1547/3614 2727/1544/3614 2983/1719/3614
f 2736/1575/3615 2992/1714/3615 3023/1747/3615
f 2707/1615/3616 2675/1583/3616 2931/1685/3616
f 2735/1572/3617 2991/1717/3617 3022/1748/3617
f 2695/1543/3618 2726/1540/3618 2982/1722/3618
f 2706/1613/3619 2674/1580/3619 2930/1688/3619
f 2734/1569/3620 2990/1720/3620 3021/1749/3620
f 2694/1539/3621 2725/1536/3621 2981/1725/3621
f 2705/1611/3622 2673/1576/3622 2929/1691/3622
f 2732/1565/3623 2988/1723/3623 3020/1750/3623
f 2693/1535/3624 2724/1520/3624 2980/1724/3624
f 2704/1606/3625 2672/1566/3625 2928/1694/3625
f 2795/1594/3626 3051/1692/3626 3019/1751/3626
f 2723/1523/3627 2979/1727/3627 2948/1724/3627
f 3041/1654/3628 1718/1033/3628 1750/876/3628
f 2939/1653/3629 2970/1740/3629 2813/930/3629
f 3040/1658/3630 1719/1030/3630 1751/867/3630
f 2938/1657/1966 2969/1656/1966 2814/924/1966
f 3039/1662/3631 1720/1026/3631 1752/858/3631
f 2937/1661/3632 2968/1660/3632 2815/918/3632
f 3038/1666/3633 1721/1024/3633 1753/849/3633
f 2936/1665/3634 2967/1664/3634 2816/909/3634
f 3037/1670/3635 1722/1022/3635 1754/840/3635
f 2935/1669/3636 2966/1668/3636 2817/900/3636
f 3036/1676/3637 1723/1020/3637 1755/831/3637
f 2934/1673/3638 2965/1672/3638 2818/891/3638
f 3035/1680/3639 1724/1018/3639 1756/822/3639
f 2933/1675/3640 2964/1674/3640 2819/882/3640
f 3034/1682/3641 1725/1016/3641 1757/813/3641
f 2932/1679/3642 2963/1678/3642 2820/873/3642
f 3033/1733/1979 1726/1012/1979 1758/1066/1979
f 2931/1685/3643 2962/1684/3643 2821/864/3643
f 3032/1735/3644 1727/1008/3644 1759/1064/3644
f 2961/1687/3645 2822/855/3645 2853/1025/3645
f 3051/1692/3646 2989/1726/3646 1770/1027/3646
f 3031/1737/3647 1728/1004/3647 1760/1061/3647
f 2960/1690/3648 2823/846/3648 2854/1023/3648
f 3050/1695/3649 3019/1751/3649 1740/951/3649
f 3030/1739/3650 1729/1000/3650 1761/1058/3650
f 2959/1627/3651 2824/837/3651 2855/1021/3651
f 3049/1697/1966 3018/1628/1966 1741/945/1966
f 3029/1741/3652 1730/996/3652 1762/1055/3652
f 2958/1631/3653 2825/828/3653 2856/1019/3653
f 3048/1699/3632 3017/1632/3632 1742/939/3632
f 3028/1742/3654 1731/992/3654 1763/1052/3654
f 2957/1635/3655 2826/819/3655 2857/1017/3655
f 3047/1701/3656 3016/1636/3656 1743/933/3656
f 3027/1743/3657 1732/988/3657 1764/1049/3657
f 2956/1639/3658 2827/1068/3658 2859/1014/3658
f 3046/1705/3659 3015/1640/3659 1744/927/3659
f 3026/1744/3660 1733/984/3660 1765/1046/3660
f 2955/1703/3661 2828/906/3661 2796/1011/3661
f 3045/1709/3662 3014/1642/3662 1745/921/3662
f 2993/1710/3663 3025/1745/3663 1734/980/3663
f 2954/1707/3641 2829/897/3641 2797/1007/3641
f 3044/1713/3664 3013/1644/3664 1746/912/3664
f 2992/1714/3665 3024/1746/3665 1735/976/3665
f 2953/1711/1979 2830/888/1979 2798/1003/1979
f 3043/1648/3666 3012/1646/3666 1747/903/3666
f 2991/1717/3667 3023/1747/3667 1736/972/3667
f 2952/1715/3668 2831/879/3668 2799/999/3668
f 3042/1651/3669 3011/1649/3669 1748/894/3669
f 2990/1720/3670 3022/1748/3670 1737/968/3670
f 2951/1718/3671 2832/870/3671 2800/995/3671
f 3010/1652/3672 1749/885/3672 1718/1033/3672
f 2988/1723/3673 3021/1749/3673 1738/963/3673
f 2950/1721/3674 2833/861/3674 2801/991/3674
f 3009/1655/3630 1750/876/3630 1719/1030/3630
f 2989/1726/3675 3020/1750/3675 1739/957/3675
f 2949/1724/3676 2834/852/3676 2802/987/3676
f 3008/1659/3677 1751/867/3677 1720/1026/3677
f 2948/1724/3678 2835/843/3678 2803/983/3678
f 3007/1663/3679 1752/858/3679 1721/1024/3679
f 2947/1629/3680 2836/834/3680 2804/979/3680
f 3006/1667/3681 1753/849/3681 1722/1022/3681
f 2946/1633/3682 2837/825/3682 2805/975/3682
f 3005/1671/3637 1754/840/3637 1723/1020/3637
f 2977/1729/3683 2945/1637/3683 2838/816/3683
f 3004/1677/3639 1755/831/3639 1724/1018/3639
f 2976/1730/3684 2944/1641/3684 2839/1067/3684
f 3003/1681/3641 1756/822/3641 1725/1016/3641
f 2975/1731/3685 2943/1643/3685 2840/1065/3685
f 3002/1683/2027 1757/813/2027 1726/1012/2027
f 2974/1732/3686 2942/1645/3686 2841/1062/3686
f 3001/1686/3687 1758/1066/3687 1727/1008/3687
f 2973/1734/3688 2941/1647/3688 2842/1059/3688
f 3000/1689/3689 1759/1064/3689 1728/1004/3689
f 2972/1736/3690 2940/1650/3690 2843/1056/3690
f 2999/1693/3691 1760/1061/3691 1729/1000/3691
f 2971/1738/3692 2939/1653/3692 2844/1053/3692
f 2998/1696/3693 1761/1058/3693 1730/996/3693
f 2970/1740/3649 2938/1657/3649 2845/1050/3649
f 2997/1698/3654 1762/1055/3654 1731/992/3654
f 2969/1656/2034 2937/1661/2034 2846/1047/2034
f 2996/1700/3694 1763/1052/3694 1732/988/3694
f 2968/1660/3632 2936/1665/3632 2847/1044/3632
f 2995/1702/3660 1764/1049/3660 1733/984/3660
f 2987/1704/3661 2796/1011/3661 2858/915/3661
f 2967/1664/3634 2935/1669/3634 2848/1041/3634
f 3025/1745/3695 2994/1706/3695 1765/1046/3695
f 2986/1708/3696 2797/1007/3696 2828/906/3696
f 2966/1668/3697 2934/1673/3697 2849/1038/3697
f 3024/1746/3698 2993/1710/3698 1766/1043/3698
f 2985/1712/2027 2798/1003/2027 2829/897/2027
f 2965/1672/3699 2933/1675/3699 2850/1035/3699
f 3023/1747/3700 2992/1714/3700 1767/1040/3700
f 2984/1716/3701 2799/999/3701 2830/888/3701
f 2964/1674/3640 2932/1679/3640 2851/1032/3640
f 3022/1748/3702 2991/1717/3702 1768/1037/3702
f 2983/1719/3703 2800/995/3703 2831/879/3703
f 2963/1678/3642 2931/1685/3642 2852/1029/3642
f 3021/1749/3704 2990/1720/3704 1769/1034/3704
f 2982/1722/3705 2801/991/3705 2832/870/3705
f 2962/1684/3643 2930/1688/3643 2853/1025/3643
f 3020/1750/3675 2988/1723/3675 1771/1031/3675
f 2981/1725/3706 2802/987/3706 2833/861/3706
f 2929/1691/3707 2854/1023/3707 2822/855/3707
f 3019/1751/3708 3051/1692/3708 1708/1063/3708
f 2980/1724/3709 2803/983/3709 2834/852/3709
f 2928/1694/3710 2855/1021/3710 2823/846/3710
f 3018/1628/3711 3050/1695/3711 1709/1060/3711
f 2979/1727/3712 2804/979/3712 2835/843/3712
f 2927/1626/3713 2856/1019/3713 2824/837/3713
f 3017/1632/2034 3049/1697/2034 1710/1057/2034
f 2978/1728/3714 2805/975/3714 2836/834/3714
f 2926/1630/3715 2857/1017/3715 2825/828/3715
f 3016/1636/3716 3048/1699/3716 1711/1054/3716
f 2946/1633/3717 2977/1729/3717 2806/971/3717
f 2924/1634/3718 2859/1014/3718 2826/819/3718
f 3015/1640/3719 3047/1701/3719 1712/1051/3719
f 2945/1637/3684 2976/1730/3684 2807/966/3684
f 2925/1638/3658 2858/915/3658 2827/1068/3658
f 3014/1642/3720 3046/1705/3720 1713/1048/3720
f 2944/1641/3721 2975/1731/3721 2808/960/3721
f 3013/1644/3722 3045/1709/3722 1714/1045/3722
f 2943/1643/3723 2974/1732/3723 2809/954/3723
f 3012/1646/3724 3044/1713/3724 1715/1042/3724
f 2942/1645/3725 2973/1734/3725 2810/948/3725
f 3011/1649/3666 3043/1648/3666 1716/1039/3666
f 2941/1647/3726 2972/1736/3726 2811/942/3726
f 3010/1652/3727 3042/1651/3727 1717/1036/3727
f 2940/1650/3692 2971/1738/3692 2812/936/3692
f 2892/908/31 2861/907/31 3114/1752/31
f 3060/1754/31 3091/1769/31 3155/990/31
f 2918/856/31 2887/848/31 3088/1755/31
f 2881/902/31 2913/901/31 3062/1757/31
f 2922/917/31 2860/916/31 3115/1759/31
f 2917/865/31 2886/857/31 3089/1761/31
f 2880/911/31 2912/910/31 3063/1763/31
f 2916/874/31 2885/866/31 3090/1765/31
f 2879/920/31 2911/919/31 3064/1767/31
f 2915/883/31 2884/875/31 3091/1769/31
f 2878/926/31 2910/925/31 3065/1770/31
f 2914/892/31 2883/884/31 3092/1772/31
f 2877/932/31 2909/931/31 3066/1774/31
f 2913/901/31 2882/893/31 3093/1776/31
f 2876/938/31 2908/937/31 3067/1777/31
f 2912/910/31 2881/902/31 3094/1758/31
f 2875/944/31 2907/943/31 3068/1779/31
f 2911/919/31 2880/911/31 3095/1764/31
f 2874/950/31 2906/949/31 3069/1781/31
f 2910/925/31 2879/920/31 3096/1768/31
f 2873/956/31 2905/955/31 3070/1783/31
f 2909/931/31 2878/926/31 3097/1771/31
f 2872/962/31 2904/961/31 3071/1785/31
f 2908/937/31 2877/932/31 3098/1775/31
f 2871/817/31 2903/967/31 3072/1787/31
f 2907/943/31 2876/938/31 3099/1778/31
f 2870/826/31 2902/818/31 3073/1789/31
f 2906/949/31 2875/944/31 3100/1780/31
f 2869/835/31 2901/827/31 3074/1791/31
f 2905/955/31 2874/950/31 3101/1782/31
f 2868/844/31 2900/836/31 3075/1793/31
f 2904/961/31 2873/956/31 3102/1784/31
f 2867/853/31 2899/845/31 3076/1795/31
f 2903/967/31 2872/962/31 3103/1786/31
f 2866/862/31 2898/854/31 3077/1797/31
f 2902/818/31 2871/817/31 3104/1788/31
f 2865/871/31 2897/863/31 3078/1799/31
f 2891/1015/31 2922/917/31 3053/1760/31
f 2901/827/31 2870/826/31 3105/1790/31
f 2864/880/31 2896/872/31 3079/1802/31
f 2890/821/31 2923/820/31 3052/1804/31
f 2900/836/31 2869/835/31 3106/1792/31
f 2863/889/31 2895/881/31 3080/1806/31
f 2889/830/31 2921/829/31 3054/1808/31
f 2899/845/31 2868/844/31 3107/1794/31
f 2862/898/31 2894/890/31 3081/1810/31
f 2888/839/31 2920/838/31 3055/1812/31
f 2898/854/31 2867/853/31 3108/1796/31
f 2861/907/31 2893/899/31 3082/1814/31
f 2887/848/31 2919/847/31 3056/1815/31
f 2897/863/31 2866/862/31 3109/1798/31
f 2860/916/31 2892/908/31 3083/1753/31
f 2886/857/31 2918/856/31 3057/1756/31
f 2896/872/31 2865/871/31 3110/1800/31
f 2923/820/31 2891/1015/31 3084/1801/31
f 2885/866/31 2917/865/31 3058/1762/31
f 2895/881/31 2864/880/31 3111/1803/31
f 2921/829/31 2890/821/31 3085/1805/31
f 2884/875/31 2916/874/31 3059/1766/31
f 2894/890/31 2863/889/31 3112/1807/31
f 2920/838/31 2889/830/31 3086/1809/31
f 2883/884/31 2915/883/31 3060/1754/31
f 2893/899/31 2862/898/31 3113/1811/31
f 2919/847/31 2888/839/31 3087/1813/31
f 2882/893/31 2914/892/31 3061/1773/31
f 3097/1771/31 3065/1770/31 3129/1009/31
f 3061/1773/31 3092/1772/31 3156/994/31
f 3098/1775/31 3066/1774/31 3130/815/31
f 3062/1757/31 3093/1776/31 3157/998/31
f 3099/1778/31 3067/1777/31 3131/824/31
f 3063/1763/31 3094/1758/31 3158/1002/31
f 3100/1780/31 3068/1779/31 3132/833/31
f 3064/1767/31 3095/1764/31 3159/1006/31
f 3101/1782/31 3069/1781/31 3133/842/31
f 3065/1770/31 3096/1768/31 3160/1010/31
f 3102/1784/31 3070/1783/31 3134/851/31
f 3066/1774/31 3097/1771/31 3161/1013/31
f 3103/1786/31 3071/1785/31 3135/860/31
f 3067/1777/31 3098/1775/31 3162/814/31
f 3104/1788/31 3072/1787/31 3136/869/31
f 3068/1779/31 3099/1778/31 3163/823/31
f 3105/1790/31 3073/1789/31 3137/878/31
f 3069/1781/31 3100/1780/31 3164/832/31
f 3106/1792/31 3074/1791/31 3138/887/31
f 3070/1783/31 3101/1782/31 3165/841/31
f 3107/1794/31 3075/1793/31 3139/896/31
f 3071/1785/31 3102/1784/31 3166/850/31
f 3108/1796/31 3076/1795/31 3140/905/31
f 3072/1787/31 3103/1786/31 3167/859/31
f 3109/1798/31 3077/1797/31 3141/914/31
f 3073/1789/31 3104/1788/31 3168/868/31
f 3110/1800/31 3078/1799/31 3142/923/31
f 3084/1801/31 3053/1760/31 3117/1028/31
f 3074/1791/31 3105/1790/31 3169/877/31
f 3111/1803/31 3079/1802/31 3143/929/31
f 3085/1805/31 3052/1804/31 3116/958/31
f 3075/1793/31 3106/1792/31 3170/886/31
f 3112/1807/31 3080/1806/31 3144/935/31
f 3086/1809/31 3054/1808/31 3118/964/31
f 3076/1795/31 3107/1794/31 3171/895/31
f 3113/1811/31 3081/1810/31 3145/941/31
f 3087/1813/31 3055/1812/31 3119/969/31
f 3077/1797/31 3108/1796/31 3172/904/31
f 3114/1752/31 3082/1814/31 3146/947/31
f 3088/1755/31 3056/1815/31 3120/973/31
f 3078/1799/31 3109/1798/31 3173/913/31
f 3115/1759/31 3083/1753/31 3147/953/31
f 3089/1761/31 3057/1756/31 3121/977/31
f 3079/1802/31 3110/1800/31 3174/922/31
f 3052/1804/31 3084/1801/31 3148/959/31
f 3090/1765/31 3058/1762/31 3122/981/31
f 3080/1806/31 3111/1803/31 3175/928/31
f 3054/1808/31 3085/1805/31 3149/965/31
f 3091/1769/31 3059/1766/31 3123/985/31
f 3081/1810/31 3112/1807/31 3176/934/31
f 3055/1812/31 3086/1809/31 3150/970/31
f 3092/1772/31 3060/1754/31 3124/989/31
f 3082/1814/31 3113/1811/31 3177/940/31
f 3056/1815/31 3087/1813/31 3151/974/31
f 3093/1776/31 3061/1773/31 3125/993/31
f 3083/1753/31 3114/1752/31 3178/946/31
f 3057/1756/31 3088/1755/31 3152/978/31
f 3094/1758/31 3062/1757/31 3126/997/31
f 3053/1760/31 3115/1759/31 3179/952/31
f 3058/1762/31 3089/1761/31 3153/982/31
f 3095/1764/31 3063/1763/31 3127/1001/31
f 3059/1766/31 3090/1765/31 3154/986/31
f 3096/1768/31 3064/1767/31 3128/1005/31
o 立方体
