# Blender 4.4.1
# www.blender.org
mtllib pistol.mtl
o 円柱
v 0.200000 -0.010000 -0.300000
v 0.200000 -0.010000 -0.100000
v 0.219509 -0.011921 -0.300000
v 0.219509 -0.011921 -0.100000
v 0.238268 -0.017612 -0.300000
v 0.238268 -0.017612 -0.100000
v 0.255557 -0.026853 -0.300000
v 0.255557 -0.026853 -0.100000
v 0.270711 -0.039289 -0.300000
v 0.270711 -0.039289 -0.100000
v 0.283147 -0.054443 -0.300000
v 0.283147 -0.054443 -0.100000
v 0.292388 -0.071732 -0.300000
v 0.292388 -0.071732 -0.100000
v 0.298079 -0.090491 -0.300000
v 0.298079 -0.090491 -0.100000
v 0.300000 -0.110000 -0.300000
v 0.300000 -0.110000 -0.100000
v 0.298079 -0.129509 -0.300000
v 0.298079 -0.129509 -0.100000
v 0.292388 -0.148268 -0.300000
v 0.292388 -0.148268 -0.100000
v 0.283147 -0.165557 -0.300000
v 0.283147 -0.165557 -0.100000
v 0.270711 -0.180711 -0.300000
v 0.270711 -0.180711 -0.100000
v 0.255557 -0.193147 -0.300000
v 0.255557 -0.193147 -0.100000
v 0.238268 -0.202388 -0.300000
v 0.238268 -0.202388 -0.100000
v 0.219509 -0.208079 -0.300000
v 0.219509 -0.208079 -0.100000
v 0.200000 -0.210000 -0.300000
v 0.200000 -0.210000 -0.100000
v 0.180491 -0.208079 -0.300000
v 0.180491 -0.208079 -0.100000
v 0.161732 -0.202388 -0.300000
v 0.161732 -0.202388 -0.100000
v 0.144443 -0.193147 -0.300000
v 0.144443 -0.193147 -0.100000
v 0.129289 -0.180711 -0.300000
v 0.129289 -0.180711 -0.100000
v 0.116853 -0.165557 -0.300000
v 0.116853 -0.165557 -0.100000
v 0.107612 -0.148268 -0.300000
v 0.107612 -0.148268 -0.100000
v 0.101921 -0.129509 -0.300000
v 0.101921 -0.129509 -0.100000
v 0.100000 -0.110000 -0.300000
v 0.100000 -0.110000 -0.100000
v 0.101921 -0.090491 -0.300000
v 0.101921 -0.090491 -0.100000
v 0.107612 -0.071732 -0.300000
v 0.107612 -0.071732 -0.100000
v 0.116853 -0.054443 -0.300000
v 0.116853 -0.054443 -0.100000
v 0.129289 -0.039289 -0.300000
v 0.129289 -0.039289 -0.100000
v 0.144443 -0.026853 -0.300000
v 0.144443 -0.026853 -0.100000
v 0.161732 -0.017612 -0.300000
v 0.161732 -0.017612 -0.100000
v 0.180491 -0.011921 -0.300000
v 0.180491 -0.011921 -0.100000
v 0.200000 -0.020000 -0.320000
v 0.217558 -0.021729 -0.320000
v 0.234442 -0.026851 -0.320000
v 0.250001 -0.035168 -0.320000
v 0.263640 -0.046360 -0.320000
v 0.274832 -0.059999 -0.320000
v 0.283149 -0.075558 -0.320000
v 0.288271 -0.092442 -0.320000
v 0.290000 -0.110000 -0.320000
v 0.288271 -0.127558 -0.320000
v 0.283149 -0.144441 -0.320000
v 0.274832 -0.160001 -0.320000
v 0.263640 -0.173640 -0.320000
v 0.250001 -0.184832 -0.320000
v 0.234442 -0.193149 -0.320000
v 0.217558 -0.198271 -0.320000
v 0.200000 -0.200000 -0.320000
v 0.182442 -0.198271 -0.320000
v 0.165558 -0.193149 -0.320000
v 0.149999 -0.184832 -0.320000
v 0.136360 -0.173640 -0.320000
v 0.125168 -0.160001 -0.320000
v 0.116851 -0.144441 -0.320000
v 0.111729 -0.127558 -0.320000
v 0.110000 -0.110000 -0.320000
v 0.111729 -0.092442 -0.320000
v 0.116851 -0.075558 -0.320000
v 0.125168 -0.059999 -0.320000
v 0.136360 -0.046360 -0.320000
v 0.149999 -0.035168 -0.320000
v 0.165558 -0.026851 -0.320000
v 0.182442 -0.021729 -0.320000
v 0.200000 -0.047000 -0.340000
v 0.212291 -0.048210 -0.340000
v 0.224109 -0.051796 -0.340000
v 0.235001 -0.057617 -0.340000
v 0.244548 -0.065452 -0.340000
v 0.252383 -0.074999 -0.340000
v 0.258204 -0.085891 -0.340000
v 0.261790 -0.097709 -0.340000
v 0.263000 -0.110000 -0.340000
v 0.261790 -0.122291 -0.340000
v 0.258204 -0.134109 -0.340000
v 0.252383 -0.145001 -0.340000
v 0.244548 -0.154548 -0.340000
v 0.235001 -0.162383 -0.340000
v 0.224109 -0.168204 -0.340000
v 0.212291 -0.171789 -0.340000
v 0.200000 -0.173000 -0.340000
v 0.187709 -0.171789 -0.340000
v 0.175891 -0.168204 -0.340000
v 0.164999 -0.162383 -0.340000
v 0.155452 -0.154548 -0.340000
v 0.147617 -0.145001 -0.340000
v 0.141796 -0.134109 -0.340000
v 0.138210 -0.122291 -0.340000
v 0.137000 -0.110000 -0.340000
v 0.138210 -0.097709 -0.340000
v 0.141796 -0.085891 -0.340000
v 0.147617 -0.074999 -0.340000
v 0.155452 -0.065452 -0.340000
v 0.164999 -0.057617 -0.340000
v 0.175891 -0.051796 -0.340000
v 0.187709 -0.048210 -0.340000
v 0.200000 -0.072200 -0.350000
v 0.207374 -0.072926 -0.350000
v 0.214465 -0.075077 -0.350000
v 0.221001 -0.078570 -0.350000
v 0.226729 -0.083271 -0.350000
v 0.231430 -0.088999 -0.350000
v 0.234923 -0.095535 -0.350000
v 0.237074 -0.102626 -0.350000
v 0.237800 -0.110000 -0.350000
v 0.237074 -0.117374 -0.350000
v 0.234923 -0.124465 -0.350000
v 0.231430 -0.131000 -0.350000
v 0.226729 -0.136729 -0.350000
v 0.221001 -0.141430 -0.350000
v 0.214465 -0.144923 -0.350000
v 0.207374 -0.147074 -0.350000
v 0.200000 -0.147800 -0.350000
v 0.192626 -0.147074 -0.350000
v 0.185535 -0.144923 -0.350000
v 0.178999 -0.141430 -0.350000
v 0.173271 -0.136729 -0.350000
v 0.168570 -0.131000 -0.350000
v 0.165077 -0.124465 -0.350000
v 0.162926 -0.117374 -0.350000
v 0.162200 -0.110000 -0.350000
v 0.162926 -0.102626 -0.350000
v 0.165077 -0.095535 -0.350000
v 0.168570 -0.088999 -0.350000
v 0.173271 -0.083271 -0.350000
v 0.178999 -0.078570 -0.350000
v 0.185535 -0.075077 -0.350000
v 0.192626 -0.072926 -0.350000
v 0.203687 -0.072563 -0.350000
v 0.210920 -0.074002 -0.350000
v 0.217733 -0.076824 -0.350000
v 0.223865 -0.080921 -0.350000
v 0.229079 -0.086135 -0.350000
v 0.233176 -0.092267 -0.350000
v 0.235998 -0.099080 -0.350000
v 0.237437 -0.106313 -0.350000
v 0.237437 -0.113687 -0.350000
v 0.235998 -0.120920 -0.350000
v 0.233176 -0.127733 -0.350000
v 0.229079 -0.133865 -0.350000
v 0.223865 -0.139079 -0.350000
v 0.217733 -0.143176 -0.350000
v 0.210920 -0.145998 -0.350000
v 0.203687 -0.147437 -0.350000
v 0.196313 -0.147437 -0.350000
v 0.189080 -0.145998 -0.350000
v 0.182267 -0.143176 -0.350000
v 0.176135 -0.139079 -0.350000
v 0.170921 -0.133865 -0.350000
v 0.166824 -0.127733 -0.350000
v 0.164002 -0.120920 -0.350000
v 0.162563 -0.113687 -0.350000
v 0.162563 -0.106313 -0.350000
v 0.164002 -0.099080 -0.350000
v 0.166824 -0.092267 -0.350000
v 0.170921 -0.086135 -0.350000
v 0.176135 -0.080921 -0.350000
v 0.182267 -0.076824 -0.350000
v 0.189080 -0.074002 -0.350000
v 0.196313 -0.072563 -0.350000
v 0.200000 -0.110000 -0.360000
v 0.194537 -0.082538 -0.070000
v 0.189285 -0.084131 -0.070000
v 0.184444 -0.086719 -0.070000
v 0.180201 -0.090201 -0.070000
v 0.176719 -0.094444 -0.070000
v 0.174131 -0.099285 -0.070000
v 0.172538 -0.104537 -0.070000
v 0.172000 -0.110000 -0.070000
v 0.172538 -0.115462 -0.070000
v 0.174131 -0.120715 -0.070000
v 0.176719 -0.125556 -0.070000
v 0.180201 -0.129799 -0.070000
v 0.184444 -0.133281 -0.070000
v 0.189285 -0.135869 -0.070000
v 0.194537 -0.137462 -0.070000
v 0.200000 -0.138000 -0.070000
v 0.205463 -0.137462 -0.070000
v 0.210715 -0.135869 -0.070000
v 0.215556 -0.133281 -0.070000
v 0.219799 -0.129799 -0.070000
v 0.223281 -0.125556 -0.070000
v 0.225869 -0.120715 -0.070000
v 0.227462 -0.115462 -0.070000
v 0.228000 -0.110000 -0.070000
v 0.227462 -0.104537 -0.070000
v 0.225869 -0.099285 -0.070000
v 0.223281 -0.094444 -0.070000
v 0.219799 -0.090201 -0.070000
v 0.215556 -0.086719 -0.070000
v 0.210715 -0.084131 -0.070000
v 0.200000 -0.082000 -0.070000
v 0.205463 -0.082538 -0.070000
v 0.200000 -0.082954 -0.007247
v 0.194537 -0.083474 -0.007108
v 0.189285 -0.085013 -0.006695
v 0.184444 -0.087512 -0.006026
v 0.180201 -0.090876 -0.005124
v 0.176719 -0.094974 -0.004026
v 0.174131 -0.099650 -0.002773
v 0.172538 -0.104723 -0.001414
v 0.172000 -0.110000 0.000000
v 0.172538 -0.115276 0.001414
v 0.174131 -0.120350 0.002773
v 0.176719 -0.125026 0.004026
v 0.180201 -0.129124 0.005124
v 0.184444 -0.132488 0.006026
v 0.189285 -0.134987 0.006695
v 0.194537 -0.136526 0.007108
v 0.200000 -0.137046 0.007247
v 0.205463 -0.136526 0.007108
v 0.210715 -0.134987 0.006695
v 0.215556 -0.132488 0.006026
v 0.219799 -0.129124 0.005124
v 0.223281 -0.125026 0.004026
v 0.225869 -0.120350 0.002773
v 0.227462 -0.115276 0.001414
v 0.228000 -0.110000 0.000000
v 0.227462 -0.104723 -0.001414
v 0.225869 -0.099650 -0.002773
v 0.223281 -0.094974 -0.004026
v 0.219799 -0.090876 -0.005124
v 0.215556 -0.087512 -0.006026
v 0.210715 -0.085013 -0.006695
v 0.205463 -0.083474 -0.007108
v 0.200000 -0.083277 0.011111
v 0.194537 -0.083623 0.011523
v 0.189285 -0.084647 0.012744
v 0.184444 -0.086311 0.014726
v 0.180201 -0.088549 0.017393
v 0.176719 -0.091276 0.020644
v 0.174131 -0.094388 0.024352
v 0.172538 -0.097764 0.028376
v 0.172000 -0.101275 0.032560
v 0.172538 -0.104787 0.036745
v 0.174131 -0.108163 0.040769
v 0.176719 -0.111275 0.044477
v 0.180201 -0.114002 0.047727
v 0.184444 -0.116240 0.050395
v 0.189285 -0.117903 0.052377
v 0.194537 -0.118928 0.053597
v 0.200000 -0.119273 0.054009
v 0.205463 -0.118928 0.053597
v 0.210715 -0.117903 0.052377
v 0.215556 -0.116240 0.050395
v 0.219799 -0.114002 0.047727
v 0.223281 -0.111275 0.044477
v 0.225869 -0.108163 0.040769
v 0.227462 -0.104787 0.036745
v 0.228000 -0.101275 0.032560
v 0.227462 -0.097764 0.028376
v 0.225869 -0.094388 0.024352
v 0.223281 -0.091276 0.020644
v 0.219799 -0.088549 0.017393
v 0.215556 -0.086311 0.014726
v 0.210715 -0.084647 0.012744
v 0.205463 -0.083623 0.011523
v 0.200000 -0.078612 0.023577
v 0.194537 -0.078612 0.024116
v 0.189285 -0.078611 0.025709
v 0.184444 -0.078612 0.028296
v 0.180201 -0.078612 0.031779
v 0.176719 -0.078612 0.036022
v 0.174131 -0.078611 0.040862
v 0.172538 -0.078612 0.046115
v 0.172000 -0.078611 0.051578
v 0.172538 -0.078611 0.057040
v 0.174131 -0.078611 0.062293
v 0.176719 -0.078611 0.067134
v 0.180201 -0.078611 0.071377
v 0.184444 -0.078612 0.074859
v 0.189285 -0.078611 0.077446
v 0.194537 -0.078611 0.079040
v 0.200000 -0.078612 0.079578
v 0.205463 -0.078611 0.079040
v 0.210715 -0.078611 0.077446
v 0.215556 -0.078612 0.074859
v 0.219799 -0.078611 0.071377
v 0.223281 -0.078611 0.067134
v 0.225869 -0.078611 0.062293
v 0.227462 -0.078611 0.057040
v 0.228000 -0.078611 0.051578
v 0.227462 -0.078612 0.046115
v 0.225869 -0.078611 0.040862
v 0.223281 -0.078612 0.036022
v 0.219799 -0.078612 0.031779
v 0.215556 -0.078612 0.028296
v 0.210715 -0.078611 0.025709
v 0.205463 -0.078612 0.024116
v 0.200000 -0.058612 0.023577
v 0.194537 -0.058612 0.024116
v 0.189285 -0.058611 0.025709
v 0.184444 -0.058612 0.028296
v 0.180201 -0.058612 0.031778
v 0.176719 -0.058612 0.036022
v 0.174131 -0.058611 0.040862
v 0.172538 -0.058612 0.046115
v 0.172000 -0.058611 0.051578
v 0.172538 -0.058611 0.057040
v 0.174131 -0.058611 0.062293
v 0.176719 -0.058611 0.067133
v 0.180201 -0.058611 0.071377
v 0.184444 -0.058612 0.074859
v 0.189285 -0.058611 0.077446
v 0.194537 -0.058611 0.079040
v 0.200000 -0.058612 0.079578
v 0.205463 -0.058611 0.079040
v 0.210715 -0.058611 0.077446
v 0.215556 -0.058612 0.074859
v 0.219799 -0.058611 0.071377
v 0.223281 -0.058611 0.067133
v 0.225869 -0.058611 0.062293
v 0.227462 -0.058611 0.057040
v 0.228000 -0.058611 0.051578
v 0.227462 -0.058612 0.046115
v 0.225869 -0.058611 0.040862
v 0.223281 -0.058612 0.036022
v 0.219799 -0.058612 0.031778
v 0.215556 -0.058612 0.028296
v 0.210715 -0.058611 0.025709
v 0.205463 -0.058612 0.024116
v 0.200000 -0.031365 0.024531
v 0.194537 -0.031504 0.025051
v 0.189285 -0.031916 0.026590
v 0.184444 -0.032586 0.029090
v 0.180201 -0.033487 0.032453
v 0.176719 -0.034585 0.036552
v 0.174131 -0.035838 0.041227
v 0.172538 -0.037198 0.046301
v 0.172000 -0.038612 0.051577
v 0.172538 -0.040025 0.056854
v 0.174131 -0.041385 0.061927
v 0.176719 -0.042638 0.066603
v 0.180201 -0.043736 0.070702
v 0.184444 -0.044637 0.074065
v 0.189285 -0.045307 0.076565
v 0.194537 -0.045719 0.078104
v 0.200000 -0.045858 0.078623
v 0.205463 -0.045719 0.078104
v 0.210715 -0.045307 0.076565
v 0.215556 -0.044637 0.074065
v 0.219799 -0.043736 0.070702
v 0.223281 -0.042638 0.066603
v 0.225869 -0.041385 0.061927
v 0.227462 -0.040025 0.056854
v 0.228000 -0.038612 0.051577
v 0.227462 -0.037198 0.046301
v 0.225869 -0.035838 0.041227
v 0.223281 -0.034585 0.036552
v 0.219799 -0.033487 0.032453
v 0.215556 -0.032586 0.029090
v 0.210715 -0.031916 0.026590
v 0.205463 -0.031504 0.025051
v 0.200000 -0.012577 0.030006
v 0.194537 -0.012804 0.030494
v 0.189285 -0.013478 0.031938
v 0.184444 -0.014571 0.034283
v 0.180201 -0.016043 0.037439
v 0.176719 -0.017836 0.041284
v 0.174131 -0.019882 0.045672
v 0.172538 -0.022102 0.050432
v 0.172000 -0.024410 0.055383
v 0.172538 -0.026719 0.060333
v 0.174131 -0.028939 0.065094
v 0.176719 -0.030984 0.069481
v 0.180201 -0.032778 0.073327
v 0.184444 -0.034249 0.076483
v 0.189285 -0.035343 0.078828
v 0.194537 -0.036016 0.080272
v 0.200000 -0.036243 0.080759
v 0.205463 -0.036016 0.080272
v 0.210715 -0.035343 0.078828
v 0.215556 -0.034249 0.076483
v 0.219799 -0.032778 0.073327
v 0.223281 -0.030984 0.069481
v 0.225869 -0.028939 0.065094
v 0.227462 -0.026719 0.060333
v 0.228000 -0.024410 0.055383
v 0.227462 -0.022102 0.050432
v 0.225869 -0.019882 0.045672
v 0.223281 -0.017836 0.041284
v 0.219799 -0.016043 0.037439
v 0.215556 -0.014571 0.034283
v 0.210715 -0.013478 0.031938
v 0.205463 -0.012804 0.030494
v 0.200000 0.000713 0.036673
v 0.194537 0.000405 0.037113
v 0.189285 -0.000509 0.038419
v 0.184444 -0.001994 0.040538
v 0.180201 -0.003991 0.043390
v 0.176719 -0.006425 0.046866
v 0.174131 -0.009201 0.050832
v 0.172538 -0.012214 0.055134
v 0.172000 -0.015347 0.059609
v 0.172538 -0.018480 0.064084
v 0.174131 -0.021493 0.068386
v 0.176719 -0.024270 0.072352
v 0.180201 -0.026703 0.075827
v 0.184444 -0.028701 0.078680
v 0.189285 -0.030185 0.080799
v 0.194537 -0.031099 0.082104
v 0.200000 -0.031407 0.082545
v 0.205463 -0.031099 0.082104
v 0.210715 -0.030185 0.080799
v 0.215556 -0.028701 0.078680
v 0.219799 -0.026703 0.075827
v 0.223281 -0.024270 0.072352
v 0.225869 -0.021493 0.068386
v 0.227462 -0.018480 0.064084
v 0.228000 -0.015347 0.059609
v 0.227462 -0.012214 0.055134
v 0.225869 -0.009201 0.050832
v 0.223281 -0.006425 0.046866
v 0.219799 -0.003991 0.043390
v 0.215556 -0.001994 0.040538
v 0.210715 -0.000509 0.038419
v 0.205463 0.000405 0.037113
v 0.200000 0.012644 0.045546
v 0.194537 0.012263 0.045926
v 0.189285 0.011136 0.047053
v 0.184444 0.009307 0.048882
v 0.180201 0.006844 0.051345
v 0.176719 0.003844 0.054345
v 0.174131 0.000421 0.057768
v 0.172538 -0.003293 0.061482
v 0.172000 -0.007156 0.065345
v 0.172538 -0.011018 0.069207
v 0.174131 -0.014732 0.072921
v 0.176719 -0.018155 0.076344
v 0.180201 -0.021156 0.079345
v 0.184444 -0.023618 0.081807
v 0.189285 -0.025447 0.083637
v 0.194537 -0.026574 0.084763
v 0.200000 -0.026955 0.085144
v 0.205463 -0.026574 0.084763
v 0.210715 -0.025447 0.083637
v 0.215556 -0.023618 0.081807
v 0.219799 -0.021156 0.079345
v 0.223281 -0.018155 0.076344
v 0.225869 -0.014732 0.072921
v 0.227462 -0.011018 0.069207
v 0.228000 -0.007156 0.065345
v 0.227462 -0.003293 0.061482
v 0.225869 0.000421 0.057768
v 0.223281 0.003844 0.054345
v 0.219799 0.006844 0.051345
v 0.215556 0.009307 0.048882
v 0.210715 0.011136 0.047053
v 0.205463 0.012263 0.045926
v 0.200000 0.024164 0.058416
v 0.194537 0.023698 0.058685
v 0.189285 0.022318 0.059481
v 0.184444 0.020078 0.060775
v 0.180201 0.017062 0.062516
v 0.176719 0.013387 0.064638
v 0.174131 0.009195 0.067058
v 0.172538 0.004646 0.069684
v 0.172000 -0.000084 0.072416
v 0.172538 -0.004815 0.075147
v 0.174131 -0.009364 0.077773
v 0.176719 -0.013556 0.080194
v 0.180201 -0.017231 0.082315
v 0.184444 -0.020247 0.084056
v 0.189285 -0.022487 0.085350
v 0.194537 -0.023867 0.086147
v 0.200000 -0.024333 0.086416
v 0.205463 -0.023867 0.086147
v 0.210715 -0.022487 0.085350
v 0.215556 -0.020247 0.084056
v 0.219799 -0.017231 0.082315
v 0.223281 -0.013556 0.080194
v 0.225869 -0.009364 0.077773
v 0.227462 -0.004815 0.075147
v 0.228000 -0.000084 0.072416
v 0.227462 0.004646 0.069684
v 0.225869 0.009195 0.067058
v 0.223281 0.013387 0.064638
v 0.219799 0.017062 0.062516
v 0.215556 0.020078 0.060775
v 0.210715 0.022318 0.059481
v 0.205463 0.023698 0.058685
v 0.200000 0.031962 0.073829
v 0.194537 0.031442 0.073968
v 0.189285 0.029903 0.074381
v 0.184444 0.027403 0.075050
v 0.180201 0.024040 0.075952
v 0.176719 0.019942 0.077050
v 0.174131 0.015266 0.078303
v 0.172538 0.010192 0.079662
v 0.172000 0.004916 0.081076
v 0.172538 -0.000361 0.082490
v 0.174131 -0.005434 0.083849
v 0.176719 -0.010110 0.085102
v 0.180201 -0.014209 0.086200
v 0.184444 -0.017572 0.087102
v 0.189285 -0.020072 0.087771
v 0.194537 -0.021611 0.088184
v 0.200000 -0.022130 0.088323
v 0.205463 -0.021611 0.088184
v 0.210715 -0.020072 0.087771
v 0.215556 -0.017572 0.087102
v 0.219799 -0.014209 0.086200
v 0.223281 -0.010110 0.085102
v 0.225869 -0.005434 0.083849
v 0.227462 -0.000361 0.082490
v 0.228000 0.004916 0.081076
v 0.227462 0.010192 0.079662
v 0.225869 0.015266 0.078303
v 0.223281 0.019942 0.077050
v 0.219799 0.024040 0.075952
v 0.215556 0.027403 0.075050
v 0.210715 0.029903 0.074381
v 0.205463 0.031442 0.073968
v 0.200000 0.035504 0.090735
v 0.194537 0.034966 0.090735
v 0.189285 0.033372 0.090735
v 0.184444 0.030785 0.090735
v 0.180201 0.027303 0.090735
v 0.176719 0.023060 0.090735
v 0.174131 0.018219 0.090735
v 0.172538 0.012966 0.090735
v 0.172000 0.007504 0.090735
v 0.172538 0.002041 0.090735
v 0.174131 -0.003211 0.090735
v 0.176719 -0.008052 0.090735
v 0.180201 -0.012295 0.090735
v 0.184444 -0.015777 0.090735
v 0.189285 -0.018365 0.090735
v 0.194537 -0.019958 0.090735
v 0.200000 -0.020496 0.090735
v 0.205463 -0.019958 0.090735
v 0.210715 -0.018365 0.090735
v 0.215556 -0.015777 0.090735
v 0.219799 -0.012295 0.090735
v 0.223281 -0.008052 0.090735
v 0.225869 -0.003211 0.090735
v 0.227462 0.002041 0.090735
v 0.228000 0.007504 0.090735
v 0.227462 0.012966 0.090735
v 0.225869 0.018219 0.090735
v 0.223281 0.023060 0.090735
v 0.219799 0.027303 0.090735
v 0.215556 0.030785 0.090735
v 0.210715 0.033372 0.090735
v 0.205463 0.034966 0.090735
v 0.200000 0.035504 0.143807
v 0.194537 0.034966 0.143807
v 0.189285 0.033372 0.143807
v 0.184444 0.030785 0.143807
v 0.180201 0.027303 0.143807
v 0.176719 0.023060 0.143807
v 0.174131 0.018219 0.143807
v 0.172538 0.012966 0.143807
v 0.172000 0.007504 0.143807
v 0.172538 0.002041 0.143807
v 0.174131 -0.003211 0.143807
v 0.176719 -0.008052 0.143807
v 0.180201 -0.012295 0.143807
v 0.184444 -0.015777 0.143807
v 0.189285 -0.018365 0.143807
v 0.194537 -0.019958 0.143807
v 0.200000 -0.020496 0.143807
v 0.205463 -0.019958 0.143807
v 0.210715 -0.018365 0.143807
v 0.215556 -0.015777 0.143807
v 0.219799 -0.012295 0.143807
v 0.223281 -0.008052 0.143807
v 0.225869 -0.003211 0.143807
v 0.227462 0.002041 0.143807
v 0.228000 0.007504 0.143807
v 0.227462 0.012966 0.143807
v 0.225869 0.018219 0.143807
v 0.223281 0.023060 0.143807
v 0.219799 0.027303 0.143807
v 0.215556 0.030785 0.143807
v 0.210715 0.033372 0.143807
v 0.205463 0.034966 0.143807
v 0.200000 0.035078 0.158669
v 0.194537 0.034549 0.158576
v 0.189285 0.032979 0.158299
v 0.184444 0.030431 0.157850
v 0.180201 0.027002 0.157245
v 0.176719 0.022823 0.156509
v 0.174131 0.018056 0.155668
v 0.172538 0.012883 0.154756
v 0.172000 0.007504 0.153807
v 0.172538 0.002124 0.152859
v 0.174131 -0.003049 0.151947
v 0.176719 -0.007816 0.151106
v 0.180201 -0.011994 0.150369
v 0.184444 -0.015424 0.149764
v 0.189285 -0.017972 0.149315
v 0.194537 -0.019541 0.149039
v 0.200000 -0.020071 0.148945
v 0.205463 -0.019541 0.149039
v 0.210715 -0.017972 0.149315
v 0.215556 -0.015424 0.149764
v 0.219799 -0.011994 0.150369
v 0.223281 -0.007816 0.151106
v 0.225869 -0.003049 0.151947
v 0.227462 0.002124 0.152859
v 0.228000 0.007504 0.153807
v 0.227462 0.012883 0.154756
v 0.225869 0.018056 0.155668
v 0.223281 0.022823 0.156509
v 0.219799 0.027002 0.157245
v 0.215556 0.030431 0.157850
v 0.210715 0.032979 0.158299
v 0.205463 0.034549 0.158576
v 0.200000 0.032079 0.173232
v 0.194537 0.031573 0.173048
v 0.189285 0.030076 0.172503
v 0.184444 0.027644 0.171618
v 0.180201 0.024372 0.170427
v 0.176719 0.020385 0.168976
v 0.174131 0.015836 0.167320
v 0.172538 0.010900 0.165524
v 0.172000 0.005767 0.163655
v 0.172538 0.000634 0.161787
v 0.174131 -0.004302 0.159991
v 0.176719 -0.008851 0.158335
v 0.180201 -0.012838 0.156884
v 0.184444 -0.016110 0.155693
v 0.189285 -0.018541 0.154808
v 0.194537 -0.020039 0.154263
v 0.200000 -0.020544 0.154079
v 0.205463 -0.020039 0.154263
v 0.210715 -0.018541 0.154808
v 0.215556 -0.016110 0.155693
v 0.219799 -0.012838 0.156884
v 0.223281 -0.008851 0.158335
v 0.225869 -0.004302 0.159991
v 0.227462 0.000634 0.161787
v 0.228000 0.005767 0.163655
v 0.227462 0.010900 0.165524
v 0.225869 0.015836 0.167320
v 0.223281 0.020385 0.168976
v 0.219799 0.024372 0.170427
v 0.215556 0.027644 0.171618
v 0.210715 0.030076 0.172503
v 0.205463 0.031573 0.173048
v 0.200000 0.026596 0.187052
v 0.194537 0.026130 0.186783
v 0.189285 0.024750 0.185987
v 0.184444 0.022509 0.184693
v 0.180201 0.019494 0.182952
v 0.176719 0.015819 0.180830
v 0.174131 0.011627 0.178410
v 0.172538 0.007078 0.175783
v 0.172000 0.002347 0.173052
v 0.172538 -0.002384 0.170321
v 0.174131 -0.006932 0.167695
v 0.176719 -0.011125 0.165274
v 0.180201 -0.014799 0.163153
v 0.184444 -0.017815 0.161412
v 0.189285 -0.020056 0.160118
v 0.194537 -0.021436 0.159321
v 0.200000 -0.021902 0.159052
v 0.205463 -0.021436 0.159321
v 0.210715 -0.020056 0.160118
v 0.215556 -0.017815 0.161412
v 0.219799 -0.014799 0.163153
v 0.223281 -0.011125 0.165274
v 0.225869 -0.006932 0.167695
v 0.227462 -0.002384 0.170321
v 0.228000 0.002347 0.173052
v 0.227462 0.007078 0.175783
v 0.225869 0.011627 0.178410
v 0.223281 0.015819 0.180830
v 0.219799 0.019494 0.182952
v 0.215556 0.022509 0.184693
v 0.210715 0.024750 0.185987
v 0.205463 0.026130 0.186783
v 0.200000 0.017146 0.201512
v 0.194537 0.016766 0.201131
v 0.189285 0.015639 0.200004
v 0.184444 0.013809 0.198175
v 0.180201 0.011347 0.195712
v 0.176719 0.008347 0.192712
v 0.174131 0.004924 0.189289
v 0.172538 0.001210 0.185575
v 0.172000 -0.002653 0.181712
v 0.172538 -0.006516 0.177850
v 0.174131 -0.010230 0.174136
v 0.176719 -0.013653 0.170713
v 0.180201 -0.016653 0.167712
v 0.184444 -0.019115 0.165250
v 0.189285 -0.020945 0.163421
v 0.194537 -0.022071 0.162294
v 0.200000 -0.022452 0.161913
v 0.205463 -0.022071 0.162294
v 0.210715 -0.020945 0.163421
v 0.215556 -0.019115 0.165250
v 0.219799 -0.016653 0.167712
v 0.223281 -0.013653 0.170713
v 0.225869 -0.010230 0.174136
v 0.227462 -0.006516 0.177850
v 0.228000 -0.002653 0.181712
v 0.227462 0.001210 0.185575
v 0.225869 0.004924 0.189289
v 0.223281 0.008347 0.192712
v 0.219799 0.011347 0.195712
v 0.215556 0.013809 0.198175
v 0.210715 0.015639 0.200004
v 0.205463 0.016766 0.201131
v 0.200000 0.004276 0.213032
v 0.194537 0.004007 0.212566
v 0.189285 0.003210 0.211186
v 0.184444 0.001917 0.208946
v 0.180201 0.000176 0.205930
v 0.176719 -0.001946 0.202255
v 0.174131 -0.004367 0.198063
v 0.172538 -0.006993 0.193514
v 0.172000 -0.009724 0.188783
v 0.172538 -0.012455 0.184053
v 0.174131 -0.015082 0.179504
v 0.176719 -0.017502 0.175312
v 0.180201 -0.019623 0.171637
v 0.184444 -0.021365 0.168621
v 0.189285 -0.022658 0.166381
v 0.194537 -0.023455 0.165001
v 0.200000 -0.023724 0.164535
v 0.205463 -0.023455 0.165001
v 0.210715 -0.022658 0.166381
v 0.215556 -0.021365 0.168621
v 0.219799 -0.019623 0.171637
v 0.223281 -0.017502 0.175312
v 0.225869 -0.015082 0.179504
v 0.227462 -0.012455 0.184053
v 0.228000 -0.009724 0.188783
v 0.227462 -0.006993 0.193514
v 0.225869 -0.004367 0.198063
v 0.223281 -0.001946 0.202255
v 0.219799 0.000176 0.205930
v 0.215556 0.001917 0.208946
v 0.210715 0.003210 0.211186
v 0.205463 0.004007 0.212566
v 0.200000 -0.011461 0.221016
v 0.194537 -0.011600 0.220496
v 0.189285 -0.012012 0.218957
v 0.184444 -0.012682 0.216458
v 0.180201 -0.013583 0.213095
v 0.176719 -0.014682 0.208996
v 0.174131 -0.015934 0.204320
v 0.172538 -0.017294 0.199247
v 0.172000 -0.018708 0.193970
v 0.172538 -0.020121 0.188694
v 0.174131 -0.021481 0.183620
v 0.176719 -0.022734 0.178944
v 0.180201 -0.023832 0.174846
v 0.184444 -0.024733 0.171482
v 0.189285 -0.025403 0.168983
v 0.194537 -0.025815 0.167444
v 0.200000 -0.025955 0.166924
v 0.205463 -0.025815 0.167444
v 0.210715 -0.025403 0.168983
v 0.215556 -0.024733 0.171482
v 0.219799 -0.023832 0.174846
v 0.223281 -0.022734 0.178944
v 0.225869 -0.021481 0.183620
v 0.227462 -0.020121 0.188694
v 0.228000 -0.018708 0.193970
v 0.227462 -0.017294 0.199247
v 0.225869 -0.015934 0.204320
v 0.223281 -0.014682 0.208996
v 0.219799 -0.013583 0.213095
v 0.215556 -0.012682 0.216458
v 0.210715 -0.012012 0.218957
v 0.205463 -0.011600 0.220496
v 0.200000 -0.028367 0.224558
v 0.194537 -0.028367 0.224020
v 0.189285 -0.028367 0.222427
v 0.184444 -0.028367 0.219840
v 0.180201 -0.028367 0.216357
v 0.176719 -0.028367 0.212114
v 0.174131 -0.028367 0.207273
v 0.172538 -0.028367 0.202021
v 0.172000 -0.028367 0.196558
v 0.172538 -0.028367 0.191096
v 0.174131 -0.028367 0.185843
v 0.176719 -0.028367 0.181002
v 0.180201 -0.028367 0.176759
v 0.184444 -0.028367 0.173277
v 0.189285 -0.028367 0.170690
v 0.194537 -0.028367 0.169096
v 0.200000 -0.028367 0.168558
v 0.205463 -0.028367 0.169096
v 0.210715 -0.028367 0.170690
v 0.215556 -0.028367 0.173277
v 0.219799 -0.028367 0.176759
v 0.223281 -0.028367 0.181002
v 0.225869 -0.028367 0.185843
v 0.227462 -0.028367 0.191096
v 0.228000 -0.028367 0.196558
v 0.227462 -0.028367 0.202021
v 0.225869 -0.028367 0.207273
v 0.223281 -0.028367 0.212114
v 0.219799 -0.028367 0.216357
v 0.215556 -0.028367 0.219840
v 0.210715 -0.028367 0.222427
v 0.205463 -0.028367 0.224020
v 0.200000 -0.108367 0.224558
v 0.194620 -0.107418 0.224020
v 0.189448 -0.106506 0.222427
v 0.184680 -0.105666 0.219840
v 0.180502 -0.104929 0.216357
v 0.177073 -0.104324 0.212114
v 0.174524 -0.103875 0.207273
v 0.172955 -0.103598 0.202021
v 0.172425 -0.103505 0.196558
v 0.172955 -0.103598 0.191096
v 0.174524 -0.103875 0.185843
v 0.177073 -0.104324 0.181003
v 0.180502 -0.104929 0.176760
v 0.184680 -0.105666 0.173277
v 0.189448 -0.106506 0.170690
v 0.194620 -0.107418 0.169096
v 0.200000 -0.108367 0.168559
v 0.205380 -0.109315 0.169096
v 0.210552 -0.110228 0.170690
v 0.215320 -0.111068 0.173277
v 0.219498 -0.111805 0.176760
v 0.222927 -0.112410 0.181003
v 0.225476 -0.112859 0.185843
v 0.227045 -0.113136 0.191096
v 0.227575 -0.113229 0.196558
v 0.227045 -0.113136 0.202021
v 0.225476 -0.112859 0.207273
v 0.222927 -0.112410 0.212114
v 0.219498 -0.111805 0.216357
v 0.215320 -0.111068 0.219840
v 0.210552 -0.110228 0.222427
v 0.205380 -0.109315 0.224020
v 0.198263 -0.118215 0.224558
v 0.193313 -0.115906 0.224020
v 0.188552 -0.113687 0.222427
v 0.184165 -0.111641 0.219840
v 0.180320 -0.109848 0.216357
v 0.177164 -0.108376 0.212114
v 0.174819 -0.107282 0.207273
v 0.173374 -0.106609 0.202021
v 0.172887 -0.106382 0.196558
v 0.173374 -0.106609 0.191096
v 0.174819 -0.107282 0.185843
v 0.177164 -0.108376 0.181003
v 0.180320 -0.109848 0.176760
v 0.184165 -0.111641 0.173277
v 0.188552 -0.113687 0.170690
v 0.193313 -0.115906 0.169096
v 0.198264 -0.118215 0.168559
v 0.203214 -0.120524 0.169096
v 0.207975 -0.122743 0.170690
v 0.212362 -0.124789 0.173277
v 0.216207 -0.126582 0.176760
v 0.219363 -0.128054 0.181003
v 0.221708 -0.129148 0.185843
v 0.223153 -0.129821 0.191096
v 0.223640 -0.130048 0.196558
v 0.223153 -0.129821 0.202021
v 0.221708 -0.129148 0.207273
v 0.219363 -0.128054 0.212114
v 0.216208 -0.126582 0.216357
v 0.212362 -0.124789 0.219840
v 0.207975 -0.122743 0.222427
v 0.203214 -0.120524 0.224020
v 0.194037 -0.127278 0.224558
v 0.190175 -0.123415 0.224020
v 0.186461 -0.119701 0.222427
v 0.183038 -0.116278 0.219840
v 0.180037 -0.113278 0.216357
v 0.177575 -0.110816 0.212114
v 0.175745 -0.108986 0.207273
v 0.174619 -0.107859 0.202021
v 0.174238 -0.107479 0.196558
v 0.174619 -0.107860 0.191096
v 0.175745 -0.108986 0.185843
v 0.177575 -0.110816 0.181003
v 0.180037 -0.113278 0.176760
v 0.183038 -0.116278 0.173277
v 0.186461 -0.119701 0.170690
v 0.190175 -0.123415 0.169096
v 0.194037 -0.127278 0.168559
v 0.197900 -0.131141 0.169096
v 0.201614 -0.134855 0.170690
v 0.205037 -0.138278 0.173277
v 0.208037 -0.141278 0.176760
v 0.210500 -0.143740 0.181003
v 0.212329 -0.145570 0.185843
v 0.213456 -0.146697 0.191096
v 0.213836 -0.147077 0.196558
v 0.213456 -0.146697 0.202021
v 0.212329 -0.145570 0.207273
v 0.210500 -0.143740 0.212114
v 0.208037 -0.141278 0.216357
v 0.205037 -0.138278 0.219840
v 0.201614 -0.134855 0.222427
v 0.197900 -0.131141 0.224020
v 0.186966 -0.134349 0.224558
v 0.184658 -0.129398 0.224020
v 0.182438 -0.124638 0.222427
v 0.180392 -0.120251 0.219840
v 0.178599 -0.116405 0.216357
v 0.177127 -0.113249 0.212114
v 0.176034 -0.110904 0.207273
v 0.175360 -0.109460 0.202021
v 0.175133 -0.108973 0.196558
v 0.175360 -0.109460 0.191096
v 0.176034 -0.110904 0.185843
v 0.177127 -0.113249 0.181003
v 0.178599 -0.116405 0.176760
v 0.180392 -0.120251 0.173277
v 0.182438 -0.124638 0.170690
v 0.184658 -0.129398 0.169096
v 0.186966 -0.134349 0.168559
v 0.189275 -0.139300 0.169096
v 0.191495 -0.144060 0.170690
v 0.193541 -0.148448 0.173277
v 0.195334 -0.152293 0.176760
v 0.196805 -0.155449 0.181003
v 0.197899 -0.157794 0.185843
v 0.198572 -0.159238 0.191096
v 0.198800 -0.159726 0.196558
v 0.198572 -0.159238 0.202021
v 0.197899 -0.157794 0.207273
v 0.196805 -0.155449 0.212114
v 0.195334 -0.152293 0.216357
v 0.193541 -0.148448 0.219840
v 0.191495 -0.144060 0.222427
v 0.189275 -0.139300 0.224020
v 0.177903 -0.138575 0.224558
v 0.176955 -0.133196 0.224020
v 0.176042 -0.128023 0.222427
v 0.175202 -0.123256 0.219840
v 0.174465 -0.119077 0.216357
v 0.173860 -0.115648 0.212114
v 0.173411 -0.113100 0.207273
v 0.173134 -0.111531 0.202021
v 0.173041 -0.111001 0.196558
v 0.173134 -0.111531 0.191096
v 0.173411 -0.113100 0.185843
v 0.173860 -0.115648 0.181003
v 0.174465 -0.119077 0.176760
v 0.175202 -0.123256 0.173277
v 0.176042 -0.128023 0.170690
v 0.176955 -0.133196 0.169096
v 0.177903 -0.138575 0.168559
v 0.178852 -0.143955 0.169096
v 0.179764 -0.149128 0.170690
v 0.180604 -0.153895 0.173277
v 0.181341 -0.158073 0.176760
v 0.181946 -0.161503 0.181003
v 0.182395 -0.164051 0.185843
v 0.182672 -0.165620 0.191096
v 0.182765 -0.166150 0.196558
v 0.182672 -0.165620 0.202021
v 0.182395 -0.164051 0.207273
v 0.181946 -0.161503 0.212114
v 0.181341 -0.158074 0.216357
v 0.180604 -0.153895 0.219840
v 0.179764 -0.149128 0.222427
v 0.178852 -0.143955 0.224020
v 0.168055 -0.140312 0.224558
v 0.168055 -0.134849 0.224020
v 0.168055 -0.129597 0.222427
v 0.168055 -0.124756 0.219840
v 0.168055 -0.120513 0.216357
v 0.168055 -0.117031 0.212114
v 0.168055 -0.114443 0.207273
v 0.168055 -0.112850 0.202021
v 0.168055 -0.112312 0.196558
v 0.168055 -0.112850 0.191096
v 0.168055 -0.114443 0.185843
v 0.168055 -0.117031 0.181003
v 0.168055 -0.120513 0.176760
v 0.168055 -0.124756 0.173277
v 0.168055 -0.129597 0.170690
v 0.168055 -0.134849 0.169096
v 0.168055 -0.140312 0.168559
v 0.168055 -0.145774 0.169096
v 0.168055 -0.151027 0.170690
v 0.168055 -0.155868 0.173277
v 0.168055 -0.160111 0.176760
v 0.168055 -0.163593 0.181003
v 0.168055 -0.166180 0.185843
v 0.168055 -0.167774 0.191096
v 0.168055 -0.168312 0.196558
v 0.168055 -0.167774 0.202021
v 0.168055 -0.166181 0.207273
v 0.168055 -0.163593 0.212114
v 0.168055 -0.160111 0.216357
v 0.168055 -0.155868 0.219840
v 0.168055 -0.151027 0.222427
v 0.168055 -0.145774 0.224020
v 0.098055 -0.140312 0.224558
v 0.098055 -0.134849 0.224020
v 0.098055 -0.129597 0.222427
v 0.098055 -0.124756 0.219840
v 0.098055 -0.120513 0.216357
v 0.098055 -0.117031 0.212114
v 0.098055 -0.114443 0.207273
v 0.098055 -0.112850 0.202021
v 0.098055 -0.112312 0.196558
v 0.098055 -0.112850 0.191096
v 0.098055 -0.114443 0.185843
v 0.098055 -0.117031 0.181003
v 0.098055 -0.120513 0.176760
v 0.098055 -0.124756 0.173277
v 0.098055 -0.129597 0.170690
v 0.098055 -0.134849 0.169097
v 0.098055 -0.140312 0.168559
v 0.098055 -0.145774 0.169097
v 0.098055 -0.151027 0.170690
v 0.098055 -0.155868 0.173277
v 0.098055 -0.160111 0.176760
v 0.098055 -0.163593 0.181003
v 0.098055 -0.166181 0.185843
v 0.098055 -0.167774 0.191096
v 0.098055 -0.168312 0.196558
v 0.098055 -0.167774 0.202021
v 0.098055 -0.166181 0.207273
v 0.098055 -0.163593 0.212114
v 0.098055 -0.160111 0.216357
v 0.098055 -0.155868 0.219840
v 0.098055 -0.151027 0.222427
v 0.098055 -0.145774 0.224020
v -0.104296 -0.210000 0.210000
v -0.104296 0.140000 0.210000
v -0.104296 -0.210000 -0.000000
v -0.104296 0.140000 -0.000000
v 0.105704 -0.210000 0.210000
v 0.105704 0.140000 0.210000
v 0.105704 -0.210000 -0.000000
v 0.105704 0.140000 -0.000000
v 0.105704 0.000000 0.210000
v -0.104296 0.000000 -0.000000
v -0.104296 0.000000 0.210000
v 0.105704 0.000000 -0.000000
v 0.105704 0.000000 0.500000
v 0.053204 -0.170000 0.463750
v -0.051796 -0.170000 0.463750
v -0.104296 0.000000 0.500000
v 0.070868 0.170000 0.487973
v -0.069460 0.170000 0.487973
v -0.104296 0.000000 0.427500
v 0.105704 0.000000 0.427500
v -0.069460 0.170000 0.439527
v 0.040888 0.141853 0.489067
v 0.070868 0.170000 0.439527
v -0.041508 0.141853 0.489067
v -0.061962 0.017896 0.498734
v 0.061342 0.086399 0.493888
v 0.061342 0.017896 0.498734
v 0.042448 0.137623 0.490264
v -0.043068 0.137623 0.490264
v -0.061962 0.086399 0.493888
v -0.061962 0.017896 0.428766
v -0.061962 0.086399 0.433612
v 0.061342 0.017896 0.428766
v -0.041508 0.141853 0.437535
v 0.040888 0.141853 0.437535
v 0.043773 0.134032 0.436982
v 0.061342 0.086399 0.433612
v -0.051796 -0.170000 0.391250
v 0.053204 -0.170000 0.391250
v -0.104296 -0.170000 0.105000
v 0.105704 -0.170000 0.105000
v 0.053204 0.170000 0.157500
v 0.053204 0.170000 0.052500
v -0.051796 0.170000 0.052500
v -0.051796 0.170000 0.157500
v -0.063893 -0.210000 -0.438479
v -0.104296 0.000000 -0.400000
v 0.065301 -0.210000 -0.438479
v 0.105704 0.000000 -0.400000
v -0.063893 -0.210000 -0.561521
v -0.104296 0.000000 -0.600000
v 0.065301 -0.210000 -0.561521
v 0.105704 0.000000 -0.600000
v -0.104296 0.140000 -0.400000
v 0.105704 0.140000 -0.400000
v -0.104296 0.140000 -0.600000
v 0.105704 0.140000 -0.600000
v -0.051796 0.170000 -0.450000
v 0.053204 0.170000 -0.450000
v -0.051796 0.170000 -0.550000
v 0.053204 0.170000 -0.550000
v -0.051796 0.035000 -0.800000
v 0.053204 0.035000 -0.800000
v -0.051796 0.105000 -0.800000
v 0.053204 0.105000 -0.800000
v -0.051796 0.035000 -1.000000
v 0.053204 0.035000 -1.000000
v -0.051796 0.105000 -1.000000
v 0.053204 0.105000 -1.000000
v -0.051796 0.035000 -1.020000
v 0.053204 0.035000 -1.020000
v -0.051796 0.105000 -1.020000
v 0.053204 0.105000 -1.020000
v -0.051796 -0.055000 -0.940000
v 0.053204 -0.055000 -0.940000
v -0.051796 -0.055000 -1.000000
v 0.053204 -0.055000 -1.000000
v -0.051796 -0.155000 -0.940000
v 0.053204 -0.155000 -0.940000
v -0.051796 -0.155000 -0.980000
v 0.053204 -0.155000 -0.980000
v -0.015046 -0.090000 -0.900000
v 0.016454 -0.090000 -0.900000
v -0.015046 -0.120000 -0.900000
v 0.016454 -0.120000 -0.900000
v -0.015046 -0.180000 -0.550000
v 0.016454 -0.180000 -0.550000
v -0.030796 -0.210000 -0.550000
v 0.032204 -0.210000 -0.550000
v 0.032204 -0.120000 -0.850400
v -0.015046 -0.090000 -0.850846
v -0.030796 -0.120000 -0.850846
v 0.016454 -0.090000 -0.850400
v -0.030796 -0.195000 -0.550000
v 0.032204 -0.195000 -0.550000
v 0.032204 -0.210000 -0.675200
v -0.015046 -0.180000 -0.675423
v -0.030796 -0.210000 -0.675423
v 0.016454 -0.180000 -0.675200
v 0.032204 -0.105000 -0.850400
v -0.030796 -0.105000 -0.850846
v -0.030796 -0.195000 -0.675423
v 0.032204 -0.195000 -0.675200
v -0.030796 -0.230000 -0.440000
v 0.032204 -0.230000 -0.440000
v -0.030796 -0.250000 -0.560000
v 0.032204 -0.250000 -0.560000
v 0.000704 -0.230000 -0.440000
v 0.000704 -0.250000 -0.560000
v -0.030796 -0.250000 -0.500000
v 0.032204 -0.250000 -0.500000
v 0.000704 -0.250000 -0.500000
v 0.000704 -0.340000 -0.560000
v 0.032204 -0.340000 -0.560000
v 0.032204 -0.340000 -0.500000
v -0.030796 -0.340000 -0.560000
v -0.030796 -0.340000 -0.500000
v 0.000704 -0.340000 -0.500000
v 0.016454 -0.230000 -0.440000
v -0.030796 -0.250000 -0.450000
v -0.015046 -0.230000 -0.440000
v 0.032204 -0.250000 -0.450000
v 0.000704 -0.250000 -0.450000
v 0.016454 -0.250000 -0.500000
v -0.015046 -0.250000 -0.500000
v -0.015046 -0.250000 -0.450000
v 0.016454 -0.250000 -0.450000
v -0.015046 -0.250000 -0.475000
v 0.016454 -0.250000 -0.475000
v 0.000704 -0.280000 -0.475000
v 0.000704 -0.280000 -0.500000
v -0.015046 -0.280000 -0.500000
v 0.016454 -0.280000 -0.500000
v -0.015046 -0.280000 -0.475000
v -0.015046 -0.276000 -0.439000
v 0.000704 -0.276000 -0.439000
v 0.016454 -0.280000 -0.475000
v 0.016454 -0.276000 -0.439000
v 0.016454 -0.276955 -0.475000
v 0.016454 -0.253815 -0.475000
v 0.016454 -0.253815 -0.499655
v 0.016454 -0.276955 -0.499655
v -0.015046 -0.253815 -0.459668
v -0.015046 -0.276955 -0.475000
v -0.015046 -0.253815 -0.475000
v -0.015046 -0.276955 -0.459668
v -0.015046 -0.253815 -0.499655
v -0.015046 -0.276955 -0.499655
v 0.016454 -0.253815 -0.459668
v 0.016454 -0.276955 -0.459668
v 0.000000 0.206467 0.024551
v 0.000000 0.164898 0.048551
v 0.004682 0.206236 0.024152
v 0.004682 0.164667 0.048152
v 0.009184 0.205553 0.022969
v 0.009184 0.163984 0.046969
v 0.013334 0.204444 0.021048
v 0.013334 0.162875 0.045048
v 0.016971 0.202952 0.018463
v 0.016971 0.161383 0.042463
v 0.019955 0.201134 0.015314
v 0.019955 0.159564 0.039314
v 0.022173 0.199059 0.011720
v 0.022173 0.157490 0.035720
v 0.023539 0.196808 0.007821
v 0.023539 0.155239 0.031821
v 0.024000 0.194467 0.003766
v 0.024000 0.152898 0.027766
v 0.023539 0.192126 -0.000289
v 0.023539 0.150557 0.023712
v 0.022173 0.189875 -0.004188
v 0.022173 0.148305 0.019812
v 0.019955 0.187800 -0.007781
v 0.019955 0.146231 0.016219
v 0.016971 0.185982 -0.010931
v 0.016971 0.144412 0.013069
v 0.013334 0.184489 -0.013515
v 0.013334 0.142920 0.010485
v 0.009184 0.183380 -0.015436
v 0.009184 0.141811 0.008564
v 0.004682 0.182697 -0.016619
v 0.004682 0.141128 0.007381
v 0.000000 0.182467 -0.017018
v 0.000000 0.140898 0.006982
v -0.004682 0.182697 -0.016619
v -0.004682 0.141128 0.007381
v -0.009184 0.183380 -0.015436
v -0.009184 0.141811 0.008564
v -0.013334 0.184489 -0.013515
v -0.013334 0.142920 0.010485
v -0.016971 0.185982 -0.010931
v -0.016971 0.144412 0.013069
v -0.019955 0.187800 -0.007781
v -0.019955 0.146231 0.016219
v -0.022173 0.189875 -0.004188
v -0.022173 0.148305 0.019812
v -0.023539 0.192126 -0.000289
v -0.023539 0.150557 0.023712
v -0.024000 0.194467 0.003766
v -0.024000 0.152898 0.027766
v -0.023539 0.196808 0.007821
v -0.023539 0.155239 0.031821
v -0.022173 0.199059 0.011720
v -0.022173 0.157490 0.035720
v -0.019955 0.201134 0.015314
v -0.019955 0.159564 0.039314
v -0.016971 0.202952 0.018463
v -0.016971 0.161383 0.042463
v -0.013334 0.204444 0.021048
v -0.013334 0.162875 0.045048
v -0.009184 0.205553 0.022969
v -0.009184 0.163984 0.046969
v -0.004682 0.206236 0.024152
v -0.004682 0.164667 0.048152
v -0.000000 0.220098 0.015737
v 0.004682 0.219772 0.015411
v 0.009184 0.218806 0.014445
v 0.013334 0.217238 0.012877
v 0.016971 0.215127 0.010766
v 0.019955 0.212555 0.008195
v 0.022173 0.209621 0.005261
v 0.023539 0.206438 0.002077
v 0.024000 0.203127 -0.001234
v 0.023539 0.199816 -0.004544
v 0.022173 0.196633 -0.007728
v 0.019955 0.193699 -0.010662
v 0.016971 0.191127 -0.013234
v 0.013334 0.189017 -0.015344
v 0.009184 0.187448 -0.016912
v 0.004682 0.186483 -0.017878
v -0.000000 0.186157 -0.018204
v -0.004682 0.186483 -0.017878
v -0.009184 0.187448 -0.016912
v -0.013334 0.189017 -0.015344
v -0.016971 0.191127 -0.013234
v -0.019955 0.193699 -0.010662
v -0.022173 0.196633 -0.007728
v -0.023539 0.199816 -0.004544
v -0.024000 0.203127 -0.001234
v -0.023539 0.206438 0.002077
v -0.022173 0.209621 0.005261
v -0.019955 0.212555 0.008195
v -0.016971 0.215127 0.010766
v -0.013334 0.217238 0.012877
v -0.009184 0.218806 0.014445
v -0.004682 0.219772 0.015411
v -0.000000 0.230983 0.003695
v 0.004682 0.230583 0.003465
v 0.009184 0.229401 0.002782
v 0.013334 0.227480 0.001673
v 0.016971 0.224895 0.000181
v 0.019955 0.221745 -0.001638
v 0.022173 0.218152 -0.003712
v 0.023539 0.214253 -0.005964
v 0.024000 0.210198 -0.008305
v 0.023539 0.206143 -0.010646
v 0.022173 0.202244 -0.012897
v 0.019955 0.198651 -0.014972
v 0.016971 0.195501 -0.016790
v 0.013334 0.192916 -0.018282
v 0.009184 0.190996 -0.019391
v 0.004682 0.189813 -0.020074
v -0.000000 0.189414 -0.020305
v -0.004682 0.189813 -0.020074
v -0.009184 0.190996 -0.019391
v -0.013334 0.192916 -0.018282
v -0.016971 0.195501 -0.016790
v -0.019955 0.198651 -0.014972
v -0.022173 0.202244 -0.012897
v -0.023539 0.206143 -0.010646
v -0.024000 0.210198 -0.008305
v -0.023539 0.214253 -0.005964
v -0.022173 0.218152 -0.003712
v -0.019955 0.221745 -0.001638
v -0.016971 0.224895 0.000181
v -0.013334 0.227480 0.001673
v -0.009184 0.229401 0.002782
v -0.004682 0.230583 0.003465
v 0.000000 0.238380 -0.010753
v 0.004682 0.237935 -0.010873
v 0.009184 0.236616 -0.011226
v 0.013334 0.234474 -0.011800
v 0.016971 0.231591 -0.012573
v 0.019955 0.228078 -0.013514
v 0.022173 0.224070 -0.014588
v 0.023539 0.219721 -0.015753
v 0.024000 0.215198 -0.016965
v 0.023539 0.210676 -0.018177
v 0.022173 0.206327 -0.019342
v 0.019955 0.202319 -0.020416
v 0.016971 0.198806 -0.021357
v 0.013334 0.195923 -0.022130
v 0.009184 0.193781 -0.022704
v 0.004682 0.192461 -0.023057
v 0.000000 0.192016 -0.023177
v -0.004682 0.192461 -0.023057
v -0.009184 0.193781 -0.022704
v -0.013334 0.195923 -0.022130
v -0.016971 0.198806 -0.021357
v -0.019955 0.202319 -0.020416
v -0.022173 0.206327 -0.019342
v -0.023539 0.210676 -0.018177
v -0.024000 0.215198 -0.016965
v -0.023539 0.219721 -0.015753
v -0.022173 0.224070 -0.014588
v -0.019955 0.228078 -0.013514
v -0.016971 0.231591 -0.012573
v -0.013334 0.234474 -0.011800
v -0.009184 0.236616 -0.011226
v -0.004682 0.237935 -0.010873
v 0.000000 0.241695 -0.024532
v 0.004682 0.241236 -0.024573
v 0.009184 0.239875 -0.024692
v 0.013334 0.237666 -0.024885
v 0.016971 0.234692 -0.025145
v 0.019955 0.231069 -0.025462
v 0.022173 0.226936 -0.025824
v 0.023539 0.222451 -0.026216
v 0.024000 0.217786 -0.026624
v 0.023539 0.213122 -0.027032
v 0.022173 0.208637 -0.027425
v 0.019955 0.204503 -0.027786
v 0.016971 0.200880 -0.028103
v 0.013334 0.197907 -0.028363
v 0.009184 0.195698 -0.028557
v 0.004682 0.194337 -0.028676
v 0.000000 0.193878 -0.028716
v -0.004682 0.194337 -0.028676
v -0.009184 0.195698 -0.028557
v -0.013334 0.197907 -0.028363
v -0.016971 0.200880 -0.028103
v -0.019955 0.204503 -0.027786
v -0.022173 0.208637 -0.027425
v -0.023539 0.213122 -0.027032
v -0.024000 0.217786 -0.026624
v -0.023539 0.222451 -0.026216
v -0.022173 0.226936 -0.025824
v -0.019955 0.231069 -0.025462
v -0.016971 0.234692 -0.025145
v -0.013334 0.237666 -0.024885
v -0.009184 0.239875 -0.024692
v -0.004682 0.241236 -0.024573
v 0.000000 0.242048 -0.029613
v 0.004682 0.241587 -0.029613
v 0.009184 0.240221 -0.029613
v 0.013334 0.238003 -0.029613
v 0.016971 0.235018 -0.029613
v 0.019955 0.231382 -0.029613
v 0.022173 0.227232 -0.029613
v 0.023539 0.222730 -0.029613
v 0.024000 0.218048 -0.029613
v 0.023539 0.213366 -0.029613
v 0.022173 0.208863 -0.029613
v 0.019955 0.204714 -0.029613
v 0.016971 0.201077 -0.029613
v 0.013334 0.198093 -0.029613
v 0.009184 0.195875 -0.029613
v 0.004682 0.194509 -0.029613
v 0.000000 0.194048 -0.029613
v -0.004682 0.194509 -0.029613
v -0.009184 0.195875 -0.029613
v -0.013334 0.198093 -0.029613
v -0.016971 0.201077 -0.029613
v -0.019955 0.204714 -0.029613
v -0.022173 0.208863 -0.029613
v -0.023539 0.213366 -0.029613
v -0.024000 0.218048 -0.029613
v -0.023539 0.222730 -0.029613
v -0.022173 0.227232 -0.029613
v -0.019955 0.231382 -0.029613
v -0.016971 0.235018 -0.029613
v -0.013334 0.238003 -0.029613
v -0.009184 0.240221 -0.029613
v -0.004682 0.241587 -0.029613
v 0.000000 0.242048 -0.299613
v 0.004682 0.241587 -0.299613
v 0.009184 0.240221 -0.299613
v 0.013334 0.238003 -0.299613
v 0.016971 0.235018 -0.299613
v 0.019955 0.231382 -0.299613
v 0.022173 0.227232 -0.299613
v 0.023539 0.222730 -0.299613
v 0.024000 0.218048 -0.299613
v 0.023539 0.213366 -0.299613
v 0.022173 0.208863 -0.299613
v 0.019955 0.204714 -0.299613
v 0.016971 0.201077 -0.299613
v 0.013334 0.198093 -0.299613
v 0.009184 0.195875 -0.299613
v 0.004682 0.194509 -0.299613
v 0.000000 0.194048 -0.299613
v -0.004682 0.194509 -0.299613
v -0.009184 0.195875 -0.299613
v -0.013334 0.198093 -0.299613
v -0.016971 0.201077 -0.299613
v -0.019955 0.204714 -0.299613
v -0.022173 0.208863 -0.299613
v -0.023539 0.213366 -0.299613
v -0.024000 0.218048 -0.299613
v -0.023539 0.222730 -0.299613
v -0.022173 0.227232 -0.299613
v -0.019955 0.231382 -0.299613
v -0.016971 0.235018 -0.299613
v -0.013334 0.238003 -0.299613
v -0.009184 0.240221 -0.299613
v -0.004682 0.241587 -0.299613
v -0.000000 0.242048 -0.309613
v 0.004611 0.241587 -0.310426
v 0.009045 0.240221 -0.311208
v 0.013131 0.238003 -0.311928
v 0.016713 0.235018 -0.312560
v 0.019652 0.231382 -0.313078
v 0.021836 0.227232 -0.313463
v 0.023181 0.222730 -0.313700
v 0.023635 0.218048 -0.313780
v 0.023181 0.213366 -0.313700
v 0.021836 0.208863 -0.313463
v 0.019652 0.204714 -0.313078
v 0.016713 0.201077 -0.312560
v 0.013131 0.198093 -0.311928
v 0.009045 0.195875 -0.311208
v 0.004611 0.194509 -0.310426
v -0.000000 0.194048 -0.309613
v -0.004611 0.194509 -0.308800
v -0.009045 0.195875 -0.308018
v -0.013131 0.198093 -0.307297
v -0.016713 0.201077 -0.306666
v -0.019652 0.204714 -0.306148
v -0.021836 0.208863 -0.305762
v -0.023181 0.213366 -0.305525
v -0.023635 0.218048 -0.305445
v -0.023181 0.222730 -0.305525
v -0.021836 0.227232 -0.305762
v -0.019652 0.231382 -0.306148
v -0.016713 0.235018 -0.306666
v -0.013131 0.238003 -0.307297
v -0.009045 0.240221 -0.308018
v -0.004611 0.241587 -0.308800
v -0.001736 0.242048 -0.319461
v 0.002507 0.241587 -0.321440
v 0.006587 0.240221 -0.323342
v 0.010348 0.238003 -0.325096
v 0.013644 0.235018 -0.326633
v 0.016349 0.231382 -0.327894
v 0.018359 0.227232 -0.328832
v 0.019597 0.222730 -0.329409
v 0.020015 0.218048 -0.329604
v 0.019597 0.213366 -0.329409
v 0.018359 0.208863 -0.328832
v 0.016349 0.204714 -0.327894
v 0.013644 0.201077 -0.326633
v 0.010348 0.198093 -0.325096
v 0.006587 0.195875 -0.323342
v 0.002507 0.194509 -0.321440
v -0.001737 0.194048 -0.319461
v -0.005980 0.194509 -0.317482
v -0.010060 0.195875 -0.315579
v -0.013821 0.198093 -0.313826
v -0.017117 0.201077 -0.312289
v -0.019822 0.204714 -0.311027
v -0.021832 0.208863 -0.310090
v -0.023070 0.213366 -0.309513
v -0.023488 0.218048 -0.309318
v -0.023070 0.222730 -0.309513
v -0.021832 0.227232 -0.310090
v -0.019822 0.231382 -0.311027
v -0.017117 0.235018 -0.312289
v -0.013821 0.238003 -0.313826
v -0.010060 0.240221 -0.315579
v -0.005980 0.241587 -0.317482
v -0.005963 0.242048 -0.328524
v -0.002376 0.241587 -0.331534
v 0.001073 0.240221 -0.334428
v 0.004252 0.238003 -0.337095
v 0.007038 0.235018 -0.339432
v 0.009324 0.231382 -0.341351
v 0.011023 0.227232 -0.342777
v 0.012069 0.222730 -0.343654
v 0.012422 0.218048 -0.343951
v 0.012069 0.213366 -0.343654
v 0.011023 0.208863 -0.342777
v 0.009324 0.204714 -0.341351
v 0.007038 0.201077 -0.339432
v 0.004252 0.198093 -0.337095
v 0.001073 0.195875 -0.334428
v -0.002376 0.194509 -0.331534
v -0.005963 0.194048 -0.328524
v -0.009549 0.194509 -0.325514
v -0.012998 0.195875 -0.322620
v -0.016177 0.198093 -0.319953
v -0.018963 0.201077 -0.317616
v -0.021249 0.204714 -0.315697
v -0.022948 0.208863 -0.314271
v -0.023994 0.213366 -0.313393
v -0.024348 0.218048 -0.313097
v -0.023994 0.222730 -0.313393
v -0.022948 0.227232 -0.314271
v -0.021249 0.231382 -0.315697
v -0.018963 0.235018 -0.317615
v -0.016177 0.238003 -0.319953
v -0.012998 0.240221 -0.322620
v -0.009549 0.241587 -0.325514
v -0.012391 0.242048 -0.336184
v -0.010049 0.241587 -0.340239
v -0.007798 0.240221 -0.344138
v -0.005724 0.238003 -0.347732
v -0.003905 0.235018 -0.350881
v -0.002413 0.231382 -0.353466
v -0.001304 0.227232 -0.355387
v -0.000621 0.222730 -0.356570
v -0.000391 0.218048 -0.356969
v -0.000621 0.213366 -0.356570
v -0.001304 0.208863 -0.355387
v -0.002413 0.204714 -0.353466
v -0.003905 0.201077 -0.350881
v -0.005724 0.198093 -0.347732
v -0.007798 0.195875 -0.344138
v -0.010049 0.194509 -0.340239
v -0.012391 0.194048 -0.336184
v -0.014732 0.194509 -0.332129
v -0.016983 0.195875 -0.328230
v -0.019057 0.198093 -0.324637
v -0.020876 0.201077 -0.321487
v -0.022368 0.204714 -0.318903
v -0.023477 0.208863 -0.316982
v -0.024160 0.213366 -0.315799
v -0.024391 0.218048 -0.315400
v -0.024160 0.222730 -0.315799
v -0.023477 0.227232 -0.316982
v -0.022368 0.231382 -0.318903
v -0.020876 0.235018 -0.321487
v -0.019057 0.238003 -0.324637
v -0.016983 0.240221 -0.328230
v -0.014732 0.241587 -0.332129
v -0.021051 0.242048 -0.341184
v -0.020238 0.241587 -0.345795
v -0.019456 0.240221 -0.350229
v -0.018735 0.238003 -0.354316
v -0.018104 0.235018 -0.357897
v -0.017586 0.231382 -0.360836
v -0.017200 0.227232 -0.363021
v -0.016963 0.222730 -0.364366
v -0.016883 0.218048 -0.364820
v -0.016963 0.213366 -0.364366
v -0.017200 0.208864 -0.363021
v -0.017586 0.204714 -0.360837
v -0.018104 0.201077 -0.357897
v -0.018735 0.198093 -0.354316
v -0.019456 0.195875 -0.350229
v -0.020238 0.194509 -0.345795
v -0.021051 0.194048 -0.341184
v -0.021864 0.194509 -0.336573
v -0.022646 0.195875 -0.332139
v -0.023366 0.198093 -0.328053
v -0.023998 0.201077 -0.324472
v -0.024516 0.204714 -0.321532
v -0.024901 0.208863 -0.319348
v -0.025138 0.213366 -0.318003
v -0.025218 0.218048 -0.317549
v -0.025138 0.222730 -0.318003
v -0.024901 0.227232 -0.319348
v -0.024516 0.231382 -0.321532
v -0.023998 0.235018 -0.324472
v -0.023366 0.238003 -0.328053
v -0.022646 0.240221 -0.332139
v -0.021864 0.241587 -0.336573
v -0.030899 0.242048 -0.342921
v -0.030899 0.241587 -0.347603
v -0.030899 0.240221 -0.352105
v -0.030899 0.238003 -0.356255
v -0.030899 0.235018 -0.359891
v -0.030899 0.231382 -0.362876
v -0.030899 0.227232 -0.365094
v -0.030899 0.222730 -0.366460
v -0.030899 0.218048 -0.366921
v -0.030899 0.213366 -0.366460
v -0.030899 0.208863 -0.365094
v -0.030899 0.204714 -0.362876
v -0.030899 0.201077 -0.359891
v -0.030899 0.198093 -0.356255
v -0.030899 0.195875 -0.352105
v -0.030899 0.194509 -0.347603
v -0.030899 0.194048 -0.342921
v -0.030899 0.194509 -0.338239
v -0.030899 0.195875 -0.333736
v -0.030899 0.198093 -0.329587
v -0.030899 0.201077 -0.325950
v -0.030899 0.204714 -0.322966
v -0.030899 0.208863 -0.320748
v -0.030899 0.213366 -0.319382
v -0.030899 0.218048 -0.318921
v -0.030899 0.222730 -0.319382
v -0.030899 0.227232 -0.320748
v -0.030899 0.231382 -0.322966
v -0.030899 0.235018 -0.325950
v -0.030899 0.238003 -0.329587
v -0.030899 0.240221 -0.333736
v -0.030899 0.241587 -0.338239
v -0.120899 0.242048 -0.342921
v -0.120899 0.241587 -0.347603
v -0.120899 0.240221 -0.352105
v -0.120899 0.238003 -0.356255
v -0.120899 0.235019 -0.359891
v -0.120899 0.231382 -0.362876
v -0.120899 0.227232 -0.365094
v -0.120899 0.222730 -0.366460
v -0.120899 0.218048 -0.366921
v -0.120899 0.213366 -0.366460
v -0.120899 0.208864 -0.365094
v -0.120899 0.204714 -0.362876
v -0.120899 0.201077 -0.359891
v -0.120899 0.198093 -0.356255
v -0.120899 0.195875 -0.352105
v -0.120899 0.194509 -0.347603
v -0.120899 0.194048 -0.342921
v -0.120899 0.194509 -0.338239
v -0.120899 0.195875 -0.333737
v -0.120899 0.198093 -0.329587
v -0.120899 0.201077 -0.325950
v -0.120899 0.204714 -0.322966
v -0.120899 0.208863 -0.320748
v -0.120899 0.213366 -0.319382
v -0.120899 0.218048 -0.318921
v -0.120899 0.222730 -0.319382
v -0.120899 0.227232 -0.320748
v -0.120899 0.231382 -0.322966
v -0.120899 0.235019 -0.325950
v -0.120899 0.238003 -0.329587
v -0.120899 0.240221 -0.333736
v -0.120899 0.241587 -0.338239
v -0.150899 0.242048 -0.342921
v -0.150899 0.241587 -0.347603
v -0.150899 0.240221 -0.352105
v -0.150899 0.238003 -0.356255
v -0.150899 0.235019 -0.359891
v -0.150899 0.231382 -0.362876
v -0.150899 0.227232 -0.365094
v -0.150899 0.222730 -0.366460
v -0.150899 0.218048 -0.366921
v -0.150899 0.213366 -0.366460
v -0.150899 0.208864 -0.365094
v -0.150899 0.204714 -0.362876
v -0.150899 0.201077 -0.359891
v -0.150899 0.198093 -0.356255
v -0.150899 0.195875 -0.352105
v -0.150899 0.194509 -0.347603
v -0.150899 0.194048 -0.342921
v -0.150899 0.194509 -0.338239
v -0.150899 0.195875 -0.333737
v -0.150899 0.198093 -0.329587
v -0.150899 0.201077 -0.325950
v -0.150899 0.204714 -0.322966
v -0.150899 0.208864 -0.320748
v -0.150899 0.213366 -0.319382
v -0.150899 0.218048 -0.318921
v -0.150899 0.222730 -0.319382
v -0.150899 0.227232 -0.320748
v -0.150899 0.231382 -0.322966
v -0.150899 0.235019 -0.325950
v -0.150899 0.238003 -0.329587
v -0.150899 0.240221 -0.333737
v -0.150899 0.241587 -0.338239
v -0.165066 0.241683 -0.342921
v -0.164986 0.241229 -0.347603
v -0.164749 0.239884 -0.352105
v -0.164364 0.237700 -0.356255
v -0.163846 0.234761 -0.359891
v -0.163214 0.231179 -0.362876
v -0.162494 0.227093 -0.365094
v -0.161712 0.222659 -0.366460
v -0.160899 0.218048 -0.366921
v -0.160086 0.213437 -0.366460
v -0.159304 0.209003 -0.365094
v -0.158584 0.204917 -0.362876
v -0.157952 0.201335 -0.359891
v -0.157434 0.198396 -0.356255
v -0.157049 0.196212 -0.352105
v -0.156811 0.194867 -0.347603
v -0.156731 0.194413 -0.342921
v -0.156811 0.194867 -0.338239
v -0.157049 0.196212 -0.333737
v -0.157434 0.198396 -0.329587
v -0.157952 0.201335 -0.325950
v -0.158584 0.204917 -0.322966
v -0.159304 0.209003 -0.320748
v -0.160086 0.213437 -0.319382
v -0.160899 0.218048 -0.318921
v -0.161712 0.222659 -0.319382
v -0.162494 0.227093 -0.320748
v -0.163214 0.231179 -0.322966
v -0.163846 0.234761 -0.325950
v -0.164364 0.237700 -0.329587
v -0.164749 0.239884 -0.333736
v -0.164986 0.241229 -0.338239
v -0.178955 0.238864 -0.342921
v -0.178798 0.238431 -0.347603
v -0.178331 0.237147 -0.352105
v -0.177572 0.235063 -0.356255
v -0.176551 0.232259 -0.359891
v -0.175307 0.228841 -0.362876
v -0.173888 0.224942 -0.365094
v -0.172348 0.220711 -0.366460
v -0.170747 0.216312 -0.366921
v -0.169146 0.211912 -0.366460
v -0.167606 0.207681 -0.365094
v -0.166187 0.203782 -0.362876
v -0.164943 0.200364 -0.359891
v -0.163922 0.197560 -0.356255
v -0.163163 0.195476 -0.352105
v -0.162696 0.194192 -0.347603
v -0.162538 0.193759 -0.342921
v -0.162696 0.194192 -0.338239
v -0.163163 0.195476 -0.333737
v -0.163922 0.197560 -0.329587
v -0.164943 0.200364 -0.325950
v -0.166187 0.203782 -0.322966
v -0.167606 0.207681 -0.320748
v -0.169146 0.211912 -0.319382
v -0.170747 0.216312 -0.318921
v -0.172348 0.220711 -0.319382
v -0.173888 0.224942 -0.320748
v -0.175307 0.228841 -0.322966
v -0.176551 0.232259 -0.325950
v -0.177572 0.235063 -0.329587
v -0.178331 0.237147 -0.333737
v -0.178798 0.238431 -0.338239
v -0.193910 0.232551 -0.342921
v -0.193645 0.232173 -0.347603
v -0.192862 0.231054 -0.352105
v -0.191590 0.229238 -0.356255
v -0.189878 0.226793 -0.359891
v -0.187792 0.223814 -0.362876
v -0.185412 0.220415 -0.365094
v -0.182829 0.216727 -0.366460
v -0.180144 0.212891 -0.366921
v -0.177458 0.209056 -0.366460
v -0.174876 0.205368 -0.365094
v -0.172496 0.201969 -0.362876
v -0.170410 0.198990 -0.359891
v -0.168698 0.196545 -0.356255
v -0.167426 0.194728 -0.352105
v -0.166643 0.193609 -0.347603
v -0.166378 0.193232 -0.342921
v -0.166643 0.193609 -0.338239
v -0.167426 0.194728 -0.333737
v -0.168698 0.196545 -0.329587
v -0.170410 0.198990 -0.325950
v -0.172496 0.201969 -0.322966
v -0.174876 0.205368 -0.320748
v -0.177458 0.209056 -0.319382
v -0.180144 0.212891 -0.318921
v -0.182829 0.216727 -0.319382
v -0.185412 0.220415 -0.320748
v -0.187792 0.223814 -0.322966
v -0.189878 0.226793 -0.325950
v -0.191590 0.229238 -0.329587
v -0.192862 0.231054 -0.333737
v -0.193645 0.232173 -0.338239
v -0.206720 0.222582 -0.342921
v -0.206367 0.222286 -0.347603
v -0.205321 0.221408 -0.352105
v -0.203622 0.219983 -0.356255
v -0.201336 0.218064 -0.359891
v -0.198550 0.215726 -0.362876
v -0.195371 0.213059 -0.365094
v -0.191922 0.210165 -0.366460
v -0.188335 0.207156 -0.366921
v -0.184749 0.204146 -0.366460
v -0.181300 0.201252 -0.365094
v -0.178121 0.198585 -0.362876
v -0.175335 0.196247 -0.359892
v -0.173049 0.194328 -0.356255
v -0.171350 0.192903 -0.352105
v -0.170304 0.192025 -0.347603
v -0.169950 0.191729 -0.342921
v -0.170304 0.192025 -0.338239
v -0.171350 0.192903 -0.333737
v -0.173049 0.194329 -0.329587
v -0.175335 0.196247 -0.325950
v -0.178121 0.198585 -0.322966
v -0.181300 0.201252 -0.320748
v -0.184749 0.204146 -0.319382
v -0.188335 0.207156 -0.318921
v -0.191922 0.210165 -0.319382
v -0.195371 0.213059 -0.320748
v -0.198550 0.215726 -0.322966
v -0.201336 0.218064 -0.325950
v -0.203622 0.219983 -0.329587
v -0.205321 0.221408 -0.333737
v -0.206367 0.222286 -0.338239
v -0.216515 0.209638 -0.342921
v -0.216097 0.209443 -0.347603
v -0.214859 0.208866 -0.352105
v -0.212849 0.207929 -0.356255
v -0.210144 0.206667 -0.359892
v -0.206848 0.205130 -0.362876
v -0.203087 0.203377 -0.365094
v -0.199007 0.201474 -0.366460
v -0.194763 0.199495 -0.366921
v -0.190520 0.197516 -0.366460
v -0.186439 0.195614 -0.365094
v -0.182679 0.193860 -0.362876
v -0.179383 0.192323 -0.359892
v -0.176678 0.191062 -0.356255
v -0.174668 0.190124 -0.352105
v -0.173430 0.189547 -0.347603
v -0.173012 0.189352 -0.342921
v -0.173430 0.189547 -0.338239
v -0.174668 0.190124 -0.333737
v -0.176678 0.191062 -0.329587
v -0.179383 0.192323 -0.325950
v -0.182679 0.193860 -0.322966
v -0.186439 0.195614 -0.320748
v -0.190520 0.197516 -0.319382
v -0.194763 0.199495 -0.318921
v -0.199007 0.201474 -0.319382
v -0.203087 0.203377 -0.320748
v -0.206848 0.205130 -0.322966
v -0.210144 0.206667 -0.325950
v -0.212849 0.207929 -0.329587
v -0.214859 0.208866 -0.333737
v -0.216097 0.209443 -0.338239
v -0.222625 0.194600 -0.342921
v -0.222171 0.194520 -0.347603
v -0.220826 0.194282 -0.352105
v -0.218642 0.193897 -0.356255
v -0.215702 0.193379 -0.359892
v -0.212121 0.192747 -0.362876
v -0.208034 0.192027 -0.365094
v -0.203600 0.191245 -0.366460
v -0.198989 0.190432 -0.366921
v -0.194378 0.189619 -0.366460
v -0.189945 0.188837 -0.365094
v -0.185858 0.188117 -0.362876
v -0.182277 0.187485 -0.359892
v -0.179337 0.186967 -0.356255
v -0.177153 0.186582 -0.352105
v -0.175808 0.186345 -0.347603
v -0.175354 0.186265 -0.342921
v -0.175808 0.186345 -0.338239
v -0.177153 0.186582 -0.333737
v -0.179337 0.186967 -0.329587
v -0.182277 0.187485 -0.325950
v -0.185858 0.188117 -0.322966
v -0.189945 0.188837 -0.320748
v -0.194378 0.189619 -0.319382
v -0.198989 0.190432 -0.318921
v -0.203600 0.191245 -0.319382
v -0.208034 0.192027 -0.320748
v -0.212121 0.192747 -0.322966
v -0.215702 0.193379 -0.325950
v -0.218642 0.193897 -0.329587
v -0.220826 0.194282 -0.333737
v -0.222171 0.194520 -0.338239
v -0.224726 0.180584 -0.342921
v -0.224265 0.180584 -0.347603
v -0.222899 0.180584 -0.352105
v -0.220681 0.180584 -0.356255
v -0.217697 0.180584 -0.359891
v -0.214060 0.180584 -0.362876
v -0.209910 0.180584 -0.365094
v -0.205408 0.180584 -0.366460
v -0.200726 0.180584 -0.366921
v -0.196044 0.180584 -0.366460
v -0.191542 0.180584 -0.365094
v -0.187392 0.180584 -0.362876
v -0.183755 0.180584 -0.359892
v -0.180771 0.180584 -0.356255
v -0.178553 0.180584 -0.352105
v -0.177187 0.180584 -0.347603
v -0.176726 0.180584 -0.342921
v -0.177187 0.180584 -0.338239
v -0.178553 0.180584 -0.333737
v -0.180771 0.180584 -0.329587
v -0.183755 0.180584 -0.325950
v -0.187392 0.180584 -0.322966
v -0.191542 0.180584 -0.320748
v -0.196044 0.180584 -0.319382
v -0.200726 0.180584 -0.318921
v -0.205408 0.180584 -0.319382
v -0.209910 0.180584 -0.320748
v -0.214060 0.180584 -0.322966
v -0.217697 0.180584 -0.325950
v -0.220681 0.180584 -0.329587
v -0.222899 0.180584 -0.333737
v -0.224265 0.180584 -0.338239
v -0.224726 0.100584 -0.342921
v -0.224265 0.100584 -0.347603
v -0.222899 0.100584 -0.352105
v -0.220681 0.100584 -0.356255
v -0.217697 0.100584 -0.359892
v -0.214060 0.100584 -0.362876
v -0.209910 0.100584 -0.365094
v -0.205408 0.100584 -0.366460
v -0.200726 0.100584 -0.366921
v -0.196044 0.100584 -0.366460
v -0.191542 0.100584 -0.365094
v -0.187392 0.100584 -0.362876
v -0.183755 0.100584 -0.359892
v -0.180771 0.100584 -0.356255
v -0.178553 0.100584 -0.352105
v -0.177187 0.100584 -0.347603
v -0.176726 0.100584 -0.342921
v -0.177187 0.100584 -0.338239
v -0.178553 0.100584 -0.333737
v -0.180771 0.100584 -0.329587
v -0.183755 0.100584 -0.325950
v -0.187392 0.100584 -0.322966
v -0.191542 0.100584 -0.320748
v -0.196044 0.100584 -0.319382
v -0.200726 0.100584 -0.318921
v -0.205408 0.100584 -0.319382
v -0.209910 0.100584 -0.320748
v -0.214060 0.100584 -0.322966
v -0.217697 0.100584 -0.325950
v -0.220681 0.100584 -0.329587
v -0.222899 0.100584 -0.333737
v -0.224265 0.100584 -0.338239
v -0.223908 0.084372 -0.342921
v -0.223463 0.084492 -0.347603
v -0.222144 0.084845 -0.352105
v -0.220001 0.085419 -0.356255
v -0.217118 0.086192 -0.359892
v -0.213605 0.087133 -0.362876
v -0.209597 0.088207 -0.365094
v -0.205249 0.089372 -0.366460
v -0.200726 0.090584 -0.366921
v -0.196203 0.091796 -0.366460
v -0.191855 0.092961 -0.365094
v -0.187847 0.094035 -0.362876
v -0.184334 0.094976 -0.359892
v -0.181451 0.095749 -0.356255
v -0.179308 0.096323 -0.352105
v -0.177989 0.096676 -0.347603
v -0.177544 0.096796 -0.342921
v -0.177989 0.096676 -0.338239
v -0.179308 0.096323 -0.333737
v -0.181451 0.095749 -0.329587
v -0.184334 0.094976 -0.325950
v -0.187847 0.094035 -0.322966
v -0.191855 0.092961 -0.320748
v -0.196203 0.091796 -0.319382
v -0.200726 0.090584 -0.318921
v -0.205249 0.089372 -0.319382
v -0.209597 0.088207 -0.320748
v -0.213605 0.087133 -0.322966
v -0.217118 0.086192 -0.325950
v -0.220001 0.085419 -0.329587
v -0.222144 0.084845 -0.333737
v -0.223463 0.084492 -0.338239
v -0.218922 0.068925 -0.342921
v -0.218523 0.069155 -0.347603
v -0.217340 0.069838 -0.352105
v -0.215420 0.070947 -0.356255
v -0.212835 0.072439 -0.359892
v -0.209685 0.074258 -0.362876
v -0.206092 0.076333 -0.365094
v -0.202193 0.078584 -0.366460
v -0.198138 0.080925 -0.366921
v -0.194083 0.083266 -0.366460
v -0.190184 0.085517 -0.365094
v -0.186591 0.087592 -0.362876
v -0.183441 0.089410 -0.359892
v -0.180856 0.090902 -0.356255
v -0.178935 0.092011 -0.352105
v -0.177753 0.092694 -0.347603
v -0.177353 0.092925 -0.342921
v -0.177753 0.092694 -0.338239
v -0.178935 0.092011 -0.333737
v -0.180856 0.090902 -0.329587
v -0.183441 0.089410 -0.325950
v -0.186591 0.087591 -0.322966
v -0.190184 0.085517 -0.320748
v -0.194083 0.083266 -0.319382
v -0.198138 0.080925 -0.318921
v -0.202193 0.078584 -0.319382
v -0.206092 0.076333 -0.320748
v -0.209685 0.074258 -0.322966
v -0.212835 0.072439 -0.325951
v -0.215420 0.070947 -0.329587
v -0.217340 0.069838 -0.333737
v -0.218523 0.069155 -0.338239
v -0.208565 0.053879 -0.342921
v -0.208268 0.054233 -0.347603
v -0.207390 0.055279 -0.352105
v -0.205965 0.056978 -0.356255
v -0.204046 0.059264 -0.359892
v -0.201709 0.062050 -0.362876
v -0.199041 0.065229 -0.365094
v -0.196147 0.068678 -0.366460
v -0.193138 0.072264 -0.366921
v -0.190128 0.075851 -0.366460
v -0.187234 0.079300 -0.365094
v -0.184567 0.082479 -0.362876
v -0.182229 0.085265 -0.359892
v -0.180311 0.087551 -0.356255
v -0.178885 0.089250 -0.352105
v -0.178007 0.090296 -0.347603
v -0.177711 0.090650 -0.342921
v -0.178007 0.090296 -0.338239
v -0.178885 0.089250 -0.333737
v -0.180311 0.087551 -0.329587
v -0.182229 0.085265 -0.325950
v -0.184567 0.082479 -0.322966
v -0.187234 0.079300 -0.320748
v -0.190128 0.075851 -0.319382
v -0.193138 0.072264 -0.318921
v -0.196147 0.068678 -0.319382
v -0.199041 0.065229 -0.320748
v -0.201709 0.062050 -0.322966
v -0.204046 0.059264 -0.325950
v -0.205965 0.056978 -0.329587
v -0.207390 0.055279 -0.333737
v -0.208268 0.054233 -0.338239
v -0.195620 0.044085 -0.342921
v -0.195425 0.044503 -0.347603
v -0.194848 0.045741 -0.352105
v -0.193911 0.047751 -0.356255
v -0.192649 0.050456 -0.359892
v -0.191112 0.053752 -0.362876
v -0.189359 0.057513 -0.365094
v -0.187456 0.061593 -0.366460
v -0.185477 0.065837 -0.366921
v -0.183499 0.070080 -0.366460
v -0.181596 0.074160 -0.365094
v -0.179842 0.077921 -0.362876
v -0.178305 0.081217 -0.359892
v -0.177044 0.083922 -0.356255
v -0.176107 0.085932 -0.352105
v -0.175529 0.087170 -0.347603
v -0.175335 0.087588 -0.342921
v -0.175529 0.087170 -0.338239
v -0.176107 0.085932 -0.333737
v -0.177044 0.083922 -0.329587
v -0.178305 0.081217 -0.325950
v -0.179842 0.077921 -0.322966
v -0.181596 0.074160 -0.320748
v -0.183499 0.070080 -0.319382
v -0.185477 0.065837 -0.318921
v -0.187456 0.061593 -0.319382
v -0.189359 0.057513 -0.320748
v -0.191112 0.053752 -0.322966
v -0.192649 0.050456 -0.325951
v -0.193911 0.047751 -0.329587
v -0.194848 0.045741 -0.333737
v -0.195425 0.044503 -0.338239
v -0.180582 0.037975 -0.342921
v -0.180502 0.038429 -0.347603
v -0.180265 0.039774 -0.352105
v -0.179879 0.041958 -0.356255
v -0.179361 0.044898 -0.359892
v -0.178730 0.048479 -0.362876
v -0.178009 0.052566 -0.365094
v -0.177227 0.056999 -0.366460
v -0.176414 0.061610 -0.366921
v -0.175601 0.066222 -0.366460
v -0.174819 0.070655 -0.365094
v -0.174099 0.074742 -0.362876
v -0.173467 0.078323 -0.359892
v -0.172949 0.081263 -0.356255
v -0.172564 0.083447 -0.352105
v -0.172327 0.084792 -0.347603
v -0.172247 0.085246 -0.342921
v -0.172327 0.084792 -0.338239
v -0.172564 0.083447 -0.333737
v -0.172949 0.081263 -0.329587
v -0.173467 0.078323 -0.325950
v -0.174099 0.074742 -0.322966
v -0.174819 0.070655 -0.320748
v -0.175601 0.066221 -0.319382
v -0.176414 0.061610 -0.318921
v -0.177227 0.056999 -0.319382
v -0.178009 0.052566 -0.320748
v -0.178730 0.048479 -0.322966
v -0.179361 0.044898 -0.325950
v -0.179880 0.041958 -0.329587
v -0.180265 0.039774 -0.333737
v -0.180502 0.038429 -0.338239
v -0.056566 0.035874 -0.342921
v -0.056566 0.036335 -0.347603
v -0.056566 0.037701 -0.352105
v -0.056566 0.039919 -0.356255
v -0.056566 0.042903 -0.359892
v -0.056566 0.046540 -0.362876
v -0.056566 0.050690 -0.365094
v -0.056566 0.055192 -0.366460
v -0.056566 0.059874 -0.366921
v -0.056566 0.064556 -0.366460
v -0.056566 0.069058 -0.365094
v -0.056566 0.073208 -0.362876
v -0.056566 0.076844 -0.359892
v -0.056566 0.079829 -0.356255
v -0.056566 0.082047 -0.352105
v -0.056566 0.083413 -0.347603
v -0.056566 0.083874 -0.342921
v -0.056566 0.083413 -0.338239
v -0.056566 0.082047 -0.333737
v -0.056566 0.079829 -0.329587
v -0.056566 0.076844 -0.325950
v -0.056566 0.073208 -0.322966
v -0.056566 0.069058 -0.320748
v -0.056566 0.064556 -0.319382
v -0.056566 0.059874 -0.318921
v -0.056566 0.055192 -0.319382
v -0.056566 0.050690 -0.320748
v -0.056566 0.046540 -0.322966
v -0.056566 0.042903 -0.325950
v -0.056566 0.039919 -0.329587
v -0.056566 0.037701 -0.333737
v -0.056566 0.036335 -0.338239
v -0.000000 0.200000 -0.356625
v 0.000000 0.200000 -0.048625
v -0.019509 0.198079 -0.356625
v -0.019509 0.198079 -0.048625
v -0.038268 0.192388 -0.356625
v -0.038268 0.192388 -0.048625
v -0.055557 0.183147 -0.356625
v -0.055557 0.183147 -0.048625
v -0.070711 0.170711 -0.356625
v -0.070711 0.170711 -0.048625
v -0.083147 0.155557 -0.356625
v -0.083147 0.155557 -0.048625
v -0.092388 0.138268 -0.356625
v -0.092388 0.138268 -0.048625
v -0.098079 0.119509 -0.356625
v -0.098079 0.119509 -0.048625
v -0.100000 0.100000 -0.356625
v -0.100000 0.100000 -0.048625
v -0.098079 0.080491 -0.356625
v -0.098079 0.080491 -0.048625
v -0.092388 0.061732 -0.356625
v -0.092388 0.061732 -0.048625
v -0.083147 0.044443 -0.356625
v -0.083147 0.044443 -0.048625
v -0.070711 0.029289 -0.356625
v -0.070711 0.029289 -0.048625
v -0.055557 0.016853 -0.356625
v -0.055557 0.016853 -0.048625
v -0.038268 0.007612 -0.356625
v -0.038268 0.007612 -0.048625
v -0.019509 0.001922 -0.356625
v -0.019509 0.001921 -0.048625
v -0.000000 0.000000 -0.356625
v 0.000000 0.000000 -0.048625
v 0.019509 0.001922 -0.356625
v 0.019509 0.001921 -0.048625
v 0.038268 0.007612 -0.356625
v 0.038268 0.007612 -0.048625
v 0.055557 0.016853 -0.356625
v 0.055557 0.016853 -0.048625
v 0.070711 0.029289 -0.356625
v 0.070711 0.029289 -0.048625
v 0.083147 0.044443 -0.356625
v 0.083147 0.044443 -0.048625
v 0.092388 0.061732 -0.356625
v 0.092388 0.061732 -0.048625
v 0.098079 0.080491 -0.356625
v 0.098079 0.080491 -0.048625
v 0.100000 0.100000 -0.356625
v 0.100000 0.100000 -0.048625
v 0.098079 0.119509 -0.356625
v 0.098079 0.119509 -0.048625
v 0.092388 0.138268 -0.356625
v 0.092388 0.138268 -0.048625
v 0.083147 0.155557 -0.356625
v 0.083147 0.155557 -0.048625
v 0.070711 0.170711 -0.356625
v 0.070711 0.170711 -0.048625
v 0.055557 0.183147 -0.356625
v 0.055557 0.183147 -0.048625
v 0.038268 0.192388 -0.356625
v 0.038268 0.192388 -0.048625
v 0.019509 0.198079 -0.356625
v 0.019509 0.198079 -0.048625
v 0.000000 0.190000 -0.367625
v -0.017558 0.188271 -0.367625
v -0.034442 0.183149 -0.367625
v -0.050001 0.174832 -0.367625
v -0.063640 0.163640 -0.367625
v -0.074832 0.150001 -0.367625
v -0.083149 0.134442 -0.367625
v -0.088271 0.117558 -0.367625
v -0.090000 0.100000 -0.367625
v -0.088271 0.082442 -0.367625
v -0.083149 0.065559 -0.367625
v -0.074832 0.049999 -0.367625
v -0.063640 0.036360 -0.367625
v -0.050001 0.025168 -0.367625
v -0.034442 0.016851 -0.367625
v -0.017558 0.011729 -0.367625
v 0.000000 0.010000 -0.367625
v 0.017558 0.011729 -0.367625
v 0.034442 0.016851 -0.367625
v 0.050001 0.025168 -0.367625
v 0.063640 0.036360 -0.367625
v 0.074832 0.049999 -0.367625
v 0.083149 0.065559 -0.367625
v 0.088271 0.082442 -0.367625
v 0.090000 0.100000 -0.367625
v 0.088271 0.117558 -0.367625
v 0.083149 0.134442 -0.367625
v 0.074832 0.150001 -0.367625
v 0.063640 0.163640 -0.367625
v 0.050001 0.174832 -0.367625
v 0.034442 0.183149 -0.367625
v 0.017558 0.188271 -0.367625
v 0.000000 0.172000 -0.378625
v -0.014047 0.170617 -0.378625
v -0.027553 0.166519 -0.378625
v -0.040001 0.159866 -0.378625
v -0.050912 0.150912 -0.378625
v -0.059866 0.140001 -0.378625
v -0.066519 0.127553 -0.378625
v -0.070617 0.114047 -0.378625
v -0.072000 0.100000 -0.378625
v -0.070617 0.085954 -0.378625
v -0.066519 0.072447 -0.378625
v -0.059866 0.059999 -0.378625
v -0.050912 0.049088 -0.378625
v -0.040001 0.040134 -0.378625
v -0.027553 0.033481 -0.378625
v -0.014047 0.029384 -0.378625
v 0.000000 0.028000 -0.378625
v 0.014047 0.029384 -0.378625
v 0.027553 0.033481 -0.378625
v 0.040001 0.040134 -0.378625
v 0.050912 0.049088 -0.378625
v 0.059866 0.059999 -0.378625
v 0.066519 0.072447 -0.378625
v 0.070617 0.085954 -0.378625
v 0.072000 0.100000 -0.378625
v 0.070617 0.114047 -0.378625
v 0.066519 0.127553 -0.378625
v 0.059866 0.140001 -0.378625
v 0.050912 0.150912 -0.378625
v 0.040001 0.159866 -0.378625
v 0.027553 0.166519 -0.378625
v 0.014047 0.170617 -0.378625
v 0.000000 0.150400 -0.389625
v -0.009833 0.149432 -0.389625
v -0.019287 0.146564 -0.389625
v -0.028001 0.141906 -0.389625
v -0.035638 0.135638 -0.389625
v -0.041906 0.128001 -0.389625
v -0.046564 0.119287 -0.389625
v -0.049432 0.109833 -0.389625
v -0.050400 0.100000 -0.389625
v -0.049432 0.090168 -0.389625
v -0.046564 0.080713 -0.389625
v -0.041906 0.071999 -0.389625
v -0.035638 0.064362 -0.389625
v -0.028001 0.058094 -0.389625
v -0.019287 0.053437 -0.389625
v -0.009833 0.050568 -0.389625
v 0.000000 0.049600 -0.389625
v 0.009833 0.050568 -0.389625
v 0.019287 0.053437 -0.389625
v 0.028001 0.058094 -0.389625
v 0.035638 0.064362 -0.389625
v 0.041906 0.071999 -0.389625
v 0.046564 0.080713 -0.389625
v 0.049432 0.090168 -0.389625
v 0.050400 0.100000 -0.389625
v 0.049432 0.109833 -0.389625
v 0.046564 0.119287 -0.389625
v 0.041906 0.128001 -0.389625
v 0.035638 0.135638 -0.389625
v 0.028001 0.141906 -0.389625
v 0.019287 0.146564 -0.389625
v 0.009833 0.149432 -0.389625
v 0.000000 0.115120 -0.400625
v -0.002950 0.114830 -0.400625
v -0.005786 0.113969 -0.400625
v -0.008400 0.112572 -0.400625
v -0.010691 0.110691 -0.400625
v -0.012572 0.108400 -0.400625
v -0.013969 0.105786 -0.400625
v -0.014829 0.102950 -0.400625
v -0.015120 0.100000 -0.400625
v -0.014829 0.097050 -0.400625
v -0.013969 0.094214 -0.400625
v -0.012572 0.091600 -0.400625
v -0.010691 0.089309 -0.400625
v -0.008400 0.087428 -0.400625
v -0.005786 0.086031 -0.400625
v -0.002950 0.085171 -0.400625
v 0.000000 0.084880 -0.400625
v 0.002950 0.085171 -0.400625
v 0.005786 0.086031 -0.400625
v 0.008400 0.087428 -0.400625
v 0.010691 0.089309 -0.400625
v 0.012572 0.091600 -0.400625
v 0.013969 0.094214 -0.400625
v 0.014829 0.097050 -0.400625
v 0.015120 0.100000 -0.400625
v 0.014829 0.102950 -0.400625
v 0.013969 0.105786 -0.400625
v 0.012572 0.108400 -0.400625
v 0.010691 0.110691 -0.400625
v 0.008400 0.112572 -0.400625
v 0.005786 0.113969 -0.400625
v 0.002950 0.114830 -0.400625
v -0.015607 0.178463 -0.037625
v -0.000000 0.180000 -0.037625
v -0.030615 0.173910 -0.037625
v -0.044446 0.166518 -0.037625
v -0.056569 0.156569 -0.037625
v -0.066518 0.144446 -0.037625
v -0.073910 0.130615 -0.037625
v -0.078463 0.115607 -0.037625
v -0.080000 0.100000 -0.037625
v -0.078463 0.084393 -0.037625
v -0.073910 0.069385 -0.037625
v -0.066518 0.055554 -0.037625
v -0.056569 0.043431 -0.037625
v -0.044446 0.033482 -0.037625
v -0.030615 0.026090 -0.037625
v -0.015607 0.021537 -0.037625
v -0.000000 0.020000 -0.037625
v 0.015607 0.021537 -0.037625
v 0.030615 0.026090 -0.037625
v 0.044446 0.033482 -0.037625
v 0.056569 0.043431 -0.037625
v 0.066518 0.055554 -0.037625
v 0.073910 0.069385 -0.037625
v 0.078463 0.084393 -0.037625
v 0.080000 0.100000 -0.037625
v 0.078463 0.115607 -0.037625
v 0.073910 0.130615 -0.037625
v 0.066518 0.144446 -0.037625
v 0.056569 0.156569 -0.037625
v 0.044446 0.166518 -0.037625
v 0.030615 0.173910 -0.037625
v 0.015607 0.178463 -0.037625
v -0.010925 0.154924 -0.026625
v -0.000000 0.156000 -0.026625
v -0.021430 0.151737 -0.026625
v -0.031112 0.146562 -0.026625
v -0.039598 0.139598 -0.026625
v -0.046562 0.131112 -0.026625
v -0.051737 0.121430 -0.026625
v -0.054924 0.110925 -0.026625
v -0.056000 0.100000 -0.026625
v -0.054924 0.089075 -0.026625
v -0.051737 0.078570 -0.026625
v -0.046562 0.068888 -0.026625
v -0.039598 0.060402 -0.026625
v -0.031112 0.053438 -0.026625
v -0.021430 0.048263 -0.026625
v -0.010925 0.045076 -0.026625
v -0.000000 0.044000 -0.026625
v 0.010925 0.045076 -0.026625
v 0.021430 0.048263 -0.026625
v 0.031112 0.053438 -0.026625
v 0.039598 0.060402 -0.026625
v 0.046562 0.068888 -0.026625
v 0.051737 0.078570 -0.026625
v 0.054924 0.089075 -0.026625
v 0.056000 0.100000 -0.026625
v 0.054924 0.110925 -0.026625
v 0.051737 0.121430 -0.026625
v 0.046562 0.131112 -0.026625
v 0.039598 0.139598 -0.026625
v 0.031112 0.146562 -0.026625
v 0.021430 0.151737 -0.026625
v 0.010925 0.154924 -0.026625
v -0.004370 0.121970 -0.015625
v -0.000000 0.122400 -0.015625
v -0.008572 0.120695 -0.015625
v -0.012445 0.118625 -0.015625
v -0.015839 0.115839 -0.015625
v -0.018625 0.112445 -0.015625
v -0.020695 0.108572 -0.015625
v -0.021970 0.104370 -0.015625
v -0.022400 0.100000 -0.015625
v -0.021970 0.095630 -0.015625
v -0.020695 0.091428 -0.015625
v -0.018625 0.087555 -0.015625
v -0.015839 0.084161 -0.015625
v -0.012445 0.081375 -0.015625
v -0.008572 0.079305 -0.015625
v -0.004370 0.078030 -0.015625
v -0.000000 0.077600 -0.015625
v 0.004370 0.078030 -0.015625
v 0.008572 0.079305 -0.015625
v 0.012445 0.081375 -0.015625
v 0.015839 0.084161 -0.015625
v 0.018625 0.087555 -0.015625
v 0.020695 0.091428 -0.015625
v 0.021970 0.095630 -0.015625
v 0.022400 0.100000 -0.015625
v 0.021970 0.104370 -0.015625
v 0.020695 0.108572 -0.015625
v 0.018625 0.112445 -0.015625
v 0.015839 0.115839 -0.015625
v 0.012445 0.118625 -0.015625
v 0.008572 0.120695 -0.015625
v 0.004370 0.121970 -0.015625
v -0.000000 0.120000 0.203498
v 0.000000 0.130672 0.919178
v -0.009755 0.119039 0.203498
v -0.011837 0.129506 0.919178
v -0.019134 0.116194 0.203498
v -0.023218 0.126054 0.919178
v -0.027779 0.111574 0.203498
v -0.033708 0.120447 0.919178
v -0.035355 0.105355 0.203498
v -0.042902 0.112902 0.919178
v -0.041573 0.097779 0.203498
v -0.050447 0.103708 0.919178
v -0.046194 0.089134 0.203498
v -0.056054 0.093218 0.919178
v -0.049039 0.079755 0.203498
v -0.059506 0.081837 0.919178
v -0.050000 0.070000 0.203498
v -0.060672 0.070000 0.919178
v -0.049039 0.060246 0.203498
v -0.059506 0.058163 0.919178
v -0.046194 0.050866 0.203498
v -0.056054 0.046782 0.919178
v -0.041573 0.042222 0.203498
v -0.050447 0.036292 0.919178
v -0.035355 0.034645 0.203498
v -0.042902 0.027098 0.919178
v -0.027779 0.028427 0.203498
v -0.033708 0.019553 0.919178
v -0.019134 0.023806 0.203498
v -0.023218 0.013946 0.919178
v -0.009755 0.020961 0.203498
v -0.011837 0.010494 0.919178
v -0.000000 0.020000 0.203498
v 0.000000 0.009328 0.919178
v 0.009755 0.020961 0.203498
v 0.011837 0.010494 0.919178
v 0.019134 0.023806 0.203498
v 0.023218 0.013946 0.919178
v 0.027779 0.028427 0.203498
v 0.033708 0.019553 0.919178
v 0.035355 0.034645 0.203498
v 0.042902 0.027098 0.919178
v 0.041573 0.042222 0.203498
v 0.050447 0.036292 0.919178
v 0.046194 0.050866 0.203498
v 0.056054 0.046782 0.919178
v 0.049039 0.060246 0.203498
v 0.059506 0.058163 0.919178
v 0.050000 0.070000 0.203498
v 0.060672 0.070000 0.919178
v 0.049039 0.079755 0.203498
v 0.059506 0.081837 0.919178
v 0.046194 0.089134 0.203498
v 0.056054 0.093218 0.919178
v 0.041573 0.097779 0.203498
v 0.050447 0.103708 0.919178
v 0.035355 0.105355 0.203498
v 0.042902 0.112902 0.919178
v 0.027779 0.111574 0.203498
v 0.033708 0.120447 0.919178
v 0.019134 0.116194 0.203498
v 0.023218 0.126054 0.919178
v 0.009755 0.119039 0.203498
v 0.011837 0.129506 0.919178
v 0.000000 0.115000 0.177758
v -0.008779 0.114135 0.177758
v -0.017221 0.111575 0.177758
v -0.025001 0.107416 0.177758
v -0.031820 0.101820 0.177758
v -0.037416 0.095001 0.177758
v -0.041575 0.087221 0.177758
v -0.044135 0.078779 0.177758
v -0.045000 0.070000 0.177758
v -0.044135 0.061221 0.177758
v -0.041575 0.052779 0.177758
v -0.037416 0.044999 0.177758
v -0.031820 0.038180 0.177758
v -0.025001 0.032584 0.177758
v -0.017221 0.028425 0.177758
v -0.008779 0.025865 0.177758
v 0.000000 0.025000 0.177758
v 0.008779 0.025865 0.177758
v 0.017221 0.028425 0.177758
v 0.025001 0.032584 0.177758
v 0.031820 0.038180 0.177758
v 0.037416 0.044999 0.177758
v 0.041575 0.052779 0.177758
v 0.044135 0.061221 0.177758
v 0.045000 0.070000 0.177758
v 0.044135 0.078779 0.177758
v 0.041575 0.087221 0.177758
v 0.037416 0.095001 0.177758
v 0.031820 0.101820 0.177758
v 0.025001 0.107416 0.177758
v 0.017221 0.111575 0.177758
v 0.008779 0.114135 0.177758
v 0.000000 0.106000 0.152018
v -0.007023 0.105308 0.152018
v -0.013777 0.103260 0.152018
v -0.020001 0.099933 0.152018
v -0.025456 0.095456 0.152018
v -0.029933 0.090001 0.152018
v -0.033260 0.083777 0.152018
v -0.035308 0.077023 0.152018
v -0.036000 0.070000 0.152018
v -0.035308 0.062977 0.152018
v -0.033260 0.056223 0.152018
v -0.029933 0.050000 0.152018
v -0.025456 0.044544 0.152018
v -0.020001 0.040067 0.152018
v -0.013777 0.036740 0.152018
v -0.007023 0.034692 0.152018
v 0.000000 0.034000 0.152018
v 0.007023 0.034692 0.152018
v 0.013777 0.036740 0.152018
v 0.020001 0.040067 0.152018
v 0.025456 0.044544 0.152018
v 0.029933 0.050000 0.152018
v 0.033260 0.056223 0.152018
v 0.035308 0.062977 0.152018
v 0.036000 0.070000 0.152018
v 0.035308 0.077023 0.152018
v 0.033260 0.083777 0.152018
v 0.029933 0.090001 0.152018
v 0.025456 0.095456 0.152018
v 0.020001 0.099933 0.152018
v 0.013777 0.103260 0.152018
v 0.007023 0.105308 0.152018
v 0.000000 0.095200 0.126278
v -0.004916 0.094716 0.126278
v -0.009644 0.093282 0.126278
v -0.014000 0.090953 0.126278
v -0.017819 0.087819 0.126278
v -0.020953 0.084000 0.126278
v -0.023282 0.079644 0.126278
v -0.024716 0.074916 0.126278
v -0.025200 0.070000 0.126278
v -0.024716 0.065084 0.126278
v -0.023282 0.060356 0.126278
v -0.020953 0.056000 0.126278
v -0.017819 0.052181 0.126278
v -0.014000 0.049047 0.126278
v -0.009644 0.046718 0.126278
v -0.004916 0.045284 0.126278
v 0.000000 0.044800 0.126278
v 0.004916 0.045284 0.126278
v 0.009644 0.046718 0.126278
v 0.014000 0.049047 0.126278
v 0.017819 0.052181 0.126278
v 0.020953 0.056000 0.126278
v 0.023282 0.060356 0.126278
v 0.024716 0.065084 0.126278
v 0.025200 0.070000 0.126278
v 0.024716 0.074916 0.126278
v 0.023282 0.079644 0.126278
v 0.020953 0.084000 0.126278
v 0.017819 0.087819 0.126278
v 0.014000 0.090953 0.126278
v 0.009644 0.093282 0.126278
v 0.004916 0.094716 0.126278
v 0.000000 0.077560 0.100538
v -0.001475 0.077415 0.100538
v -0.002893 0.076985 0.100538
v -0.004200 0.076286 0.100538
v -0.005346 0.075346 0.100538
v -0.006286 0.074200 0.100538
v -0.006985 0.072893 0.100538
v -0.007415 0.071475 0.100538
v -0.007560 0.070000 0.100538
v -0.007415 0.068525 0.100538
v -0.006985 0.067107 0.100538
v -0.006286 0.065800 0.100538
v -0.005346 0.064654 0.100538
v -0.004200 0.063714 0.100538
v -0.002893 0.063016 0.100538
v -0.001475 0.062585 0.100538
v 0.000000 0.062440 0.100538
v 0.001475 0.062585 0.100538
v 0.002893 0.063016 0.100538
v 0.004200 0.063714 0.100538
v 0.005346 0.064654 0.100538
v 0.006286 0.065800 0.100538
v 0.006985 0.067107 0.100538
v 0.007415 0.068525 0.100538
v 0.007560 0.070000 0.100538
v 0.007415 0.071475 0.100538
v 0.006985 0.072893 0.100538
v 0.006286 0.074200 0.100538
v 0.005346 0.075346 0.100538
v 0.004200 0.076286 0.100538
v 0.002893 0.076985 0.100538
v 0.001475 0.077415 0.100538
v -0.009469 0.117605 0.950412
v -0.000000 0.118538 0.950412
v -0.018575 0.114843 0.950412
v -0.026966 0.110358 0.950412
v -0.034321 0.104321 0.950412
v -0.040358 0.096966 0.950412
v -0.044843 0.088575 0.950412
v -0.047605 0.079469 0.950412
v -0.048538 0.070000 0.950412
v -0.047605 0.060531 0.950412
v -0.044843 0.051425 0.950412
v -0.040358 0.043034 0.950412
v -0.034321 0.035679 0.950412
v -0.026966 0.029642 0.950412
v -0.018575 0.025157 0.950412
v -0.009469 0.022395 0.950412
v -0.000000 0.021462 0.950412
v 0.009469 0.022395 0.950412
v 0.018575 0.025157 0.950412
v 0.026966 0.029642 0.950412
v 0.034321 0.035679 0.950412
v 0.040358 0.043034 0.950412
v 0.044843 0.051425 0.950412
v 0.047605 0.060531 0.950412
v 0.048538 0.070000 0.950412
v 0.047605 0.079469 0.950412
v 0.044843 0.088575 0.950412
v 0.040358 0.096966 0.950412
v 0.034321 0.104321 0.950412
v 0.026966 0.110358 0.950412
v 0.018575 0.114843 0.950412
v 0.009469 0.117605 0.950412
v -0.006628 0.103324 0.981646
v -0.000000 0.103976 0.981646
v -0.013002 0.101390 0.981646
v -0.018876 0.098250 0.981646
v -0.024025 0.094025 0.981646
v -0.028250 0.088876 0.981646
v -0.031390 0.083002 0.981646
v -0.033324 0.076628 0.981646
v -0.033976 0.070000 0.981646
v -0.033324 0.063372 0.981646
v -0.031390 0.056998 0.981646
v -0.028250 0.051124 0.981646
v -0.024025 0.045975 0.981646
v -0.018876 0.041750 0.981646
v -0.013002 0.038610 0.981646
v -0.006628 0.036676 0.981646
v -0.000000 0.036024 0.981646
v 0.006628 0.036676 0.981646
v 0.013002 0.038610 0.981646
v 0.018876 0.041750 0.981646
v 0.024025 0.045975 0.981646
v 0.028250 0.051124 0.981646
v 0.031390 0.056998 0.981646
v 0.033324 0.063372 0.981646
v 0.033976 0.070000 0.981646
v 0.033324 0.076628 0.981646
v 0.031390 0.083002 0.981646
v 0.028250 0.088876 0.981646
v 0.024025 0.094025 0.981646
v 0.018876 0.098250 0.981646
v 0.013002 0.101390 0.981646
v 0.006628 0.103324 0.981646
v -0.002651 0.083329 0.940074
v -0.000000 0.083591 0.940074
v -0.005201 0.082556 0.940074
v -0.007551 0.081300 0.940074
v -0.009610 0.079610 0.940074
v -0.011300 0.077551 0.940074
v -0.012556 0.075201 0.940074
v -0.013329 0.072651 0.940074
v -0.013591 0.070000 0.940074
v -0.013329 0.067349 0.940074
v -0.012556 0.064799 0.940074
v -0.011300 0.062449 0.940074
v -0.009610 0.060390 0.940074
v -0.007551 0.058700 0.940074
v -0.005201 0.057444 0.940074
v -0.002651 0.056671 0.940074
v -0.000000 0.056409 0.940074
v 0.002651 0.056671 0.940074
v 0.005201 0.057444 0.940074
v 0.007551 0.058700 0.940074
v 0.009610 0.060390 0.940074
v 0.011300 0.062449 0.940074
v 0.012556 0.064799 0.940074
v 0.013329 0.067349 0.940074
v 0.013591 0.070000 0.940074
v 0.013329 0.072651 0.940074
v 0.012556 0.075201 0.940074
v 0.011300 0.077551 0.940074
v 0.009610 0.079610 0.940074
v 0.007551 0.081300 0.940074
v 0.005201 0.082556 0.940074
v 0.002651 0.083329 0.940074
v -0.000000 -0.076000 0.468433
v -0.000000 -0.076000 0.694629
v -0.004682 -0.076461 0.468433
v -0.004682 -0.076461 0.694629
v -0.009184 -0.077827 0.468433
v -0.009184 -0.077827 0.694629
v -0.013334 -0.080045 0.468433
v -0.013334 -0.080045 0.694629
v -0.016971 -0.083029 0.468433
v -0.016971 -0.083029 0.694629
v -0.019955 -0.086666 0.468433
v -0.019955 -0.086666 0.694629
v -0.022173 -0.090816 0.468433
v -0.022173 -0.090816 0.694629
v -0.023539 -0.095318 0.468433
v -0.023539 -0.095318 0.694629
v -0.024000 -0.100000 0.468433
v -0.024000 -0.100000 0.694629
v -0.023539 -0.104682 0.468433
v -0.023539 -0.104682 0.694629
v -0.022173 -0.109184 0.468433
v -0.022173 -0.109184 0.694629
v -0.019955 -0.113334 0.468433
v -0.019955 -0.113334 0.694629
v -0.016971 -0.116971 0.468433
v -0.016971 -0.116971 0.694629
v -0.013334 -0.119955 0.468433
v -0.013334 -0.119955 0.694629
v -0.009184 -0.122173 0.468433
v -0.009184 -0.122173 0.694629
v -0.004682 -0.123539 0.468433
v -0.004682 -0.123539 0.694629
v -0.000000 -0.124000 0.468433
v -0.000000 -0.124000 0.694629
v 0.004682 -0.123539 0.468433
v 0.004682 -0.123539 0.694629
v 0.009184 -0.122173 0.468433
v 0.009184 -0.122173 0.694629
v 0.013334 -0.119955 0.468433
v 0.013334 -0.119955 0.694629
v 0.016971 -0.116971 0.468433
v 0.016971 -0.116971 0.694629
v 0.019955 -0.113334 0.468433
v 0.019955 -0.113334 0.694629
v 0.022173 -0.109184 0.468433
v 0.022173 -0.109184 0.694629
v 0.023539 -0.104682 0.468433
v 0.023539 -0.104682 0.694629
v 0.024000 -0.100000 0.468433
v 0.024000 -0.100000 0.694629
v 0.023539 -0.095318 0.468433
v 0.023539 -0.095318 0.694629
v 0.022173 -0.090816 0.468433
v 0.022173 -0.090816 0.694629
v 0.019955 -0.086666 0.468433
v 0.019955 -0.086666 0.694629
v 0.016971 -0.083029 0.468433
v 0.016971 -0.083029 0.694629
v 0.013334 -0.080045 0.468433
v 0.013334 -0.080045 0.694629
v 0.009184 -0.077827 0.468433
v 0.009184 -0.077827 0.694629
v 0.004682 -0.076461 0.468433
v 0.004682 -0.076461 0.694629
v -0.000000 -0.078400 0.460355
v -0.004214 -0.078815 0.460355
v -0.008266 -0.080044 0.460355
v -0.012000 -0.082040 0.460355
v -0.015274 -0.084726 0.460355
v -0.017960 -0.088000 0.460355
v -0.019956 -0.091734 0.460355
v -0.021185 -0.095786 0.460355
v -0.021600 -0.100000 0.460355
v -0.021185 -0.104214 0.460355
v -0.019956 -0.108266 0.460355
v -0.017960 -0.112000 0.460355
v -0.015274 -0.115274 0.460355
v -0.012000 -0.117960 0.460355
v -0.008266 -0.119956 0.460355
v -0.004214 -0.121185 0.460355
v -0.000000 -0.121600 0.460355
v 0.004214 -0.121185 0.460355
v 0.008266 -0.119956 0.460355
v 0.012000 -0.117960 0.460355
v 0.015274 -0.115274 0.460355
v 0.017960 -0.112000 0.460355
v 0.019956 -0.108266 0.460355
v 0.021185 -0.104214 0.460355
v 0.021600 -0.100000 0.460355
v 0.021185 -0.095786 0.460355
v 0.019956 -0.091734 0.460355
v 0.017960 -0.088000 0.460355
v 0.015274 -0.084726 0.460355
v 0.012000 -0.082040 0.460355
v 0.008266 -0.080044 0.460355
v 0.004214 -0.078815 0.460355
v -0.000000 -0.082720 0.452276
v -0.003371 -0.083052 0.452276
v -0.006613 -0.084035 0.452276
v -0.009600 -0.085632 0.452276
v -0.012219 -0.087781 0.452276
v -0.014368 -0.090400 0.452276
v -0.015965 -0.093387 0.452276
v -0.016948 -0.096629 0.452276
v -0.017280 -0.100000 0.452276
v -0.016948 -0.103371 0.452276
v -0.015965 -0.106613 0.452276
v -0.014368 -0.109600 0.452276
v -0.012219 -0.112219 0.452276
v -0.009600 -0.114368 0.452276
v -0.006613 -0.115965 0.452276
v -0.003371 -0.116948 0.452276
v -0.000000 -0.117280 0.452276
v 0.003371 -0.116948 0.452276
v 0.006613 -0.115965 0.452276
v 0.009600 -0.114368 0.452276
v 0.012219 -0.112219 0.452276
v 0.014368 -0.109600 0.452276
v 0.015965 -0.106613 0.452276
v 0.016948 -0.103371 0.452276
v 0.017280 -0.100000 0.452276
v 0.016948 -0.096629 0.452276
v 0.015965 -0.093387 0.452276
v 0.014368 -0.090400 0.452276
v 0.012219 -0.087781 0.452276
v 0.009600 -0.085632 0.452276
v 0.006613 -0.084035 0.452276
v 0.003371 -0.083052 0.452276
v -0.000000 -0.087904 0.444198
v -0.002360 -0.088136 0.444198
v -0.004629 -0.088825 0.444198
v -0.006720 -0.089943 0.444198
v -0.008553 -0.091447 0.444198
v -0.010057 -0.093280 0.444198
v -0.011175 -0.095371 0.444198
v -0.011864 -0.097640 0.444198
v -0.012096 -0.100000 0.444198
v -0.011864 -0.102360 0.444198
v -0.011175 -0.104629 0.444198
v -0.010057 -0.106720 0.444198
v -0.008553 -0.108553 0.444198
v -0.006720 -0.110057 0.444198
v -0.004629 -0.111175 0.444198
v -0.002360 -0.111864 0.444198
v -0.000000 -0.112096 0.444198
v 0.002360 -0.111864 0.444198
v 0.004629 -0.111175 0.444198
v 0.006720 -0.110057 0.444198
v 0.008553 -0.108553 0.444198
v 0.010057 -0.106720 0.444198
v 0.011175 -0.104629 0.444198
v 0.011864 -0.102360 0.444198
v 0.012096 -0.100000 0.444198
v 0.011864 -0.097640 0.444198
v 0.011175 -0.095371 0.444198
v 0.010057 -0.093280 0.444198
v 0.008553 -0.091447 0.444198
v 0.006720 -0.089943 0.444198
v 0.004629 -0.088825 0.444198
v 0.002360 -0.088136 0.444198
v -0.000000 -0.096371 0.436120
v -0.000708 -0.096441 0.436120
v -0.001389 -0.096647 0.436120
v -0.002016 -0.096983 0.436120
v -0.002566 -0.097434 0.436120
v -0.003017 -0.097984 0.436120
v -0.003353 -0.098611 0.436120
v -0.003559 -0.099292 0.436120
v -0.003629 -0.100000 0.436120
v -0.003559 -0.100708 0.436120
v -0.003353 -0.101389 0.436120
v -0.003017 -0.102016 0.436120
v -0.002566 -0.102566 0.436120
v -0.002016 -0.103017 0.436120
v -0.001389 -0.103353 0.436120
v -0.000708 -0.103559 0.436120
v -0.000000 -0.103629 0.436120
v 0.000708 -0.103559 0.436120
v 0.001389 -0.103353 0.436120
v 0.002016 -0.103017 0.436120
v 0.002566 -0.102566 0.436120
v 0.003017 -0.102016 0.436120
v 0.003353 -0.101389 0.436120
v 0.003559 -0.100708 0.436120
v 0.003629 -0.100000 0.436120
v 0.003559 -0.099292 0.436120
v 0.003353 -0.098611 0.436120
v 0.003017 -0.097984 0.436120
v 0.002566 -0.097434 0.436120
v 0.002016 -0.096983 0.436120
v 0.001389 -0.096647 0.436120
v 0.000708 -0.096441 0.436120
v -0.003746 -0.081169 0.702707
v -0.000000 -0.080800 0.702707
v -0.007348 -0.082262 0.702707
v -0.010667 -0.084036 0.702707
v -0.013576 -0.086424 0.702707
v -0.015964 -0.089333 0.702707
v -0.017738 -0.092652 0.702707
v -0.018831 -0.096254 0.702707
v -0.019200 -0.100000 0.702707
v -0.018831 -0.103746 0.702707
v -0.017738 -0.107348 0.702707
v -0.015964 -0.110667 0.702707
v -0.013576 -0.113576 0.702707
v -0.010667 -0.115964 0.702707
v -0.007348 -0.117739 0.702707
v -0.003746 -0.118831 0.702707
v -0.000000 -0.119200 0.702707
v 0.003746 -0.118831 0.702707
v 0.007348 -0.117739 0.702707
v 0.010667 -0.115964 0.702707
v 0.013576 -0.113576 0.702707
v 0.015964 -0.110667 0.702707
v 0.017738 -0.107348 0.702707
v 0.018831 -0.103746 0.702707
v 0.019200 -0.100000 0.702707
v 0.018831 -0.096254 0.702707
v 0.017738 -0.092652 0.702707
v 0.015964 -0.089333 0.702707
v 0.013576 -0.086424 0.702707
v 0.010667 -0.084036 0.702707
v 0.007348 -0.082262 0.702707
v 0.003746 -0.081169 0.702707
v -0.005595 -0.071872 0.706205
v -0.000000 -0.071321 0.706205
v -0.010975 -0.073504 0.706205
v -0.015933 -0.076155 0.706205
v -0.020279 -0.079721 0.706205
v -0.023845 -0.084067 0.706205
v -0.026496 -0.089025 0.706205
v -0.028128 -0.094405 0.706205
v -0.028679 -0.100000 0.706205
v -0.028128 -0.105595 0.706205
v -0.026496 -0.110975 0.706205
v -0.023845 -0.115933 0.706205
v -0.020279 -0.120279 0.706205
v -0.015933 -0.123845 0.706205
v -0.010975 -0.126496 0.706205
v -0.005595 -0.128128 0.706205
v -0.000000 -0.128679 0.706205
v 0.005595 -0.128128 0.706205
v 0.010975 -0.126496 0.706205
v 0.015933 -0.123845 0.706205
v 0.020279 -0.120279 0.706205
v 0.023845 -0.115933 0.706205
v 0.026496 -0.110975 0.706205
v 0.028128 -0.105595 0.706205
v 0.028679 -0.100000 0.706205
v 0.028128 -0.094405 0.706205
v 0.026496 -0.089025 0.706205
v 0.023845 -0.084067 0.706205
v 0.020279 -0.079721 0.706205
v 0.015933 -0.076155 0.706205
v 0.010975 -0.073504 0.706205
v 0.005595 -0.071872 0.706205
v -0.002238 -0.088749 0.723443
v -0.000000 -0.088529 0.723443
v -0.004390 -0.089402 0.723443
v -0.006373 -0.090462 0.723443
v -0.008112 -0.091888 0.723443
v -0.009538 -0.093627 0.723443
v -0.010598 -0.095610 0.723443
v -0.011251 -0.097762 0.723443
v -0.011471 -0.100000 0.723443
v -0.011251 -0.102238 0.723443
v -0.010598 -0.104390 0.723443
v -0.009538 -0.106373 0.723443
v -0.008112 -0.108112 0.723443
v -0.006373 -0.109538 0.723443
v -0.004390 -0.110598 0.723443
v -0.002238 -0.111251 0.723443
v -0.000000 -0.111471 0.723443
v 0.002238 -0.111251 0.723443
v 0.004390 -0.110598 0.723443
v 0.006373 -0.109538 0.723443
v 0.008112 -0.108112 0.723443
v 0.009538 -0.106373 0.723443
v 0.010598 -0.104390 0.723443
v 0.011251 -0.102238 0.723443
v 0.011471 -0.100000 0.723443
v 0.011251 -0.097762 0.723443
v 0.010598 -0.095610 0.723443
v 0.009538 -0.093627 0.723443
v 0.008112 -0.091888 0.723443
v 0.006373 -0.090462 0.723443
v 0.004390 -0.089402 0.723443
v 0.002238 -0.088749 0.723443
vn 0.0980 0.9952 -0.0000
vn 0.2903 0.9569 -0.0000
vn 0.4714 0.8819 -0.0000
vn 0.6344 0.7730 -0.0000
vn 0.7730 0.6344 -0.0000
vn 0.8819 0.4714 -0.0000
vn 0.9569 0.2903 -0.0000
vn 0.9952 0.0980 -0.0000
vn 0.9952 -0.0980 -0.0000
vn 0.9569 -0.2903 -0.0000
vn 0.8819 -0.4714 -0.0000
vn 0.7730 -0.6344 -0.0000
vn 0.6344 -0.7730 -0.0000
vn 0.4714 -0.8819 -0.0000
vn 0.2903 -0.9569 -0.0000
vn 0.0980 -0.9952 -0.0000
vn -0.0980 -0.9952 -0.0000
vn -0.2903 -0.9569 -0.0000
vn -0.4714 -0.8819 -0.0000
vn -0.6344 -0.7730 -0.0000
vn -0.7730 -0.6344 -0.0000
vn -0.8819 -0.4714 -0.0000
vn -0.9569 -0.2903 -0.0000
vn -0.9952 -0.0980 -0.0000
vn -0.9952 0.0980 -0.0000
vn -0.9569 0.2903 -0.0000
vn -0.8819 0.4714 -0.0000
vn -0.7730 0.6344 -0.0000
vn -0.6344 0.7730 -0.0000
vn -0.4714 0.8819 -0.0000
vn -0.2985 -0.2450 0.9224
vn -0.2903 0.9569 -0.0000
vn -0.0980 0.9952 -0.0000
vn 0.8910 0.0878 -0.4455
vn -0.4616 -0.3788 -0.8022
vn -0.0878 -0.8910 -0.4455
vn -0.8567 0.2599 -0.4455
vn 0.5680 0.6921 -0.4455
vn 0.5680 -0.6921 -0.4455
vn -0.7896 -0.4220 -0.4455
vn -0.2599 0.8567 -0.4455
vn 0.8910 -0.0878 -0.4455
vn -0.2599 -0.8567 -0.4455
vn -0.7896 0.4220 -0.4455
vn 0.6921 0.5680 -0.4455
vn 0.4220 -0.7896 -0.4455
vn -0.8567 -0.2599 -0.4455
vn 0.0878 0.8910 -0.4455
vn -0.0878 0.8910 -0.4455
vn 0.8567 -0.2599 -0.4455
vn -0.4220 -0.7896 -0.4455
vn -0.6921 0.5680 -0.4455
vn 0.7896 0.4220 -0.4455
vn 0.2599 -0.8567 -0.4455
vn -0.8910 -0.0878 -0.4455
vn 0.2599 0.8567 -0.4455
vn 0.7896 -0.4220 -0.4455
vn -0.5680 -0.6921 -0.4455
vn -0.5680 0.6921 -0.4455
vn 0.8567 0.2599 -0.4455
vn 0.0878 -0.8910 -0.4455
vn -0.8910 0.0878 -0.4455
vn 0.4220 0.7896 -0.4455
vn 0.6921 -0.5680 -0.4455
vn -0.6921 -0.5680 -0.4455
vn -0.4220 0.7896 -0.4455
vn -0.3686 -0.0363 -0.9289
vn 0.5942 0.0585 -0.8022
vn -0.5266 -0.2815 -0.8022
vn 0.5942 -0.0585 -0.8022
vn -0.5714 -0.1733 -0.8022
vn 0.5714 -0.1733 -0.8022
vn -0.5942 -0.0585 -0.8022
vn 0.5266 -0.2815 -0.8022
vn -0.5942 0.0585 -0.8022
vn 0.4616 -0.3788 -0.8022
vn -0.5714 0.1733 -0.8022
vn 0.3788 -0.4616 -0.8022
vn -0.5266 0.2815 -0.8022
vn 0.2815 -0.5266 -0.8022
vn 0.0585 0.5942 -0.8022
vn -0.4616 0.3788 -0.8022
vn 0.1733 -0.5714 -0.8022
vn 0.1733 0.5714 -0.8022
vn -0.3788 0.4616 -0.8022
vn 0.0585 -0.5942 -0.8022
vn 0.2815 0.5266 -0.8022
vn -0.2815 0.5266 -0.8022
vn -0.0585 -0.5942 -0.8022
vn 0.3788 0.4616 -0.8022
vn -0.1733 0.5714 -0.8022
vn -0.1733 -0.5714 -0.8022
vn 0.4616 0.3788 -0.8022
vn -0.0585 0.5942 -0.8022
vn -0.2815 -0.5266 -0.8022
vn 0.5266 0.2815 -0.8022
vn -0.3788 -0.4616 -0.8022
vn 0.5714 0.1733 -0.8022
vn 0.2458 0.0746 -0.9664
vn 0.3267 -0.1746 -0.9289
vn -0.3686 0.0363 -0.9289
vn 0.2863 -0.2350 -0.9289
vn -0.3544 0.1075 -0.9289
vn 0.2350 -0.2863 -0.9289
vn -0.3266 0.1746 -0.9289
vn 0.1746 -0.3266 -0.9289
vn 0.0363 0.3686 -0.9289
vn -0.2863 0.2350 -0.9289
vn 0.1075 -0.3544 -0.9289
vn 0.1075 0.3544 -0.9289
vn -0.2350 0.2863 -0.9289
vn 0.0363 -0.3686 -0.9289
vn 0.1746 0.3267 -0.9289
vn -0.1746 0.3267 -0.9289
vn -0.0363 -0.3686 -0.9289
vn 0.2350 0.2863 -0.9289
vn -0.1075 0.3544 -0.9289
vn -0.1075 -0.3544 -0.9289
vn 0.2863 0.2350 -0.9289
vn -0.0363 0.3686 -0.9289
vn -0.1746 -0.3266 -0.9289
vn 0.3267 0.1746 -0.9289
vn -0.2350 -0.2863 -0.9289
vn 0.3544 0.1075 -0.9289
vn -0.2863 -0.2350 -0.9289
vn 0.3686 0.0363 -0.9289
vn -0.3267 -0.1746 -0.9289
vn 0.3686 -0.0363 -0.9289
vn -0.3544 -0.1075 -0.9289
vn 0.3544 -0.1075 -0.9289
vn -0.1211 -0.2266 -0.9664
vn 0.2557 0.0252 -0.9664
vn -0.1630 -0.1986 -0.9664
vn 0.2557 -0.0252 -0.9664
vn -0.1986 -0.1630 -0.9664
vn 0.2458 -0.0746 -0.9664
vn -0.2266 -0.1211 -0.9664
vn 0.2266 -0.1211 -0.9664
vn -0.2458 -0.0746 -0.9664
vn 0.1986 -0.1630 -0.9664
vn -0.2557 -0.0252 -0.9664
vn 0.1630 -0.1986 -0.9664
vn -0.2557 0.0252 -0.9664
vn 0.1211 -0.2266 -0.9664
vn -0.2458 0.0746 -0.9664
vn 0.0746 -0.2458 -0.9664
vn -0.2266 0.1211 -0.9664
vn 0.0252 0.2557 -0.9664
vn 0.0252 -0.2557 -0.9664
vn -0.1986 0.1630 -0.9664
vn 0.0746 0.2458 -0.9664
vn -0.0252 -0.2557 -0.9664
vn -0.1630 0.1986 -0.9664
vn 0.1211 0.2266 -0.9664
vn -0.0746 -0.2458 -0.9664
vn -0.1211 0.2266 -0.9664
vn 0.1630 0.1986 -0.9664
vn -0.0746 0.2458 -0.9664
vn 0.1986 0.1630 -0.9664
vn -0.0252 0.2557 -0.9664
vn 0.2266 0.1211 -0.9664
vn 0.2985 -0.2450 0.9224
vn 0.1821 0.3406 0.9224
vn -0.3843 0.0379 0.9224
vn 0.0379 -0.3843 0.9224
vn 0.3696 0.1121 0.9224
vn -0.2450 0.2985 0.9224
vn -0.2450 -0.2985 0.9224
vn 0.3406 -0.1821 0.9224
vn 0.1121 0.3696 0.9224
vn -0.3843 -0.0379 0.9224
vn 0.1121 -0.3696 0.9224
vn 0.3406 0.1821 0.9224
vn -0.2985 0.2450 0.9224
vn -0.1821 -0.3406 0.9224
vn 0.3696 -0.1121 0.9224
vn -0.0379 0.3843 0.9224
vn 0.0379 0.3843 0.9224
vn -0.3696 -0.1121 0.9224
vn 0.1821 -0.3406 0.9224
vn 0.2985 0.2450 0.9224
vn -0.3406 0.1821 0.9224
vn -0.1121 -0.3696 0.9224
vn 0.3843 -0.0379 0.9224
vn -0.1121 0.3696 0.9224
vn -0.3406 -0.1821 0.9224
vn 0.2450 -0.2985 0.9224
vn 0.2450 0.2985 0.9224
vn -0.3696 0.1121 0.9224
vn -0.0379 -0.3843 0.9224
vn 0.3843 0.0379 0.9224
vn -0.1821 0.3406 0.9224
vn -0.0980 -0.9951 0.0121
vn -0.2891 -0.8967 0.3353
vn -0.4714 0.8819 0.0123
vn 0.4575 0.8891 0.0110
vn 0.0950 -0.9954 0.0123
vn -0.6344 0.7730 0.0096
vn 0.2802 0.9598 0.0134
vn 0.2820 -0.9593 0.0116
vn -0.7730 0.6344 0.0066
vn 0.0943 0.9954 0.0148
vn 0.4599 -0.8879 0.0102
vn -0.8819 0.4714 0.0038
vn 0.6223 -0.7828 0.0082
vn -0.9569 0.2903 0.0016
vn 0.7628 -0.6466 0.0058
vn -0.9952 0.0980 0.0003
vn 0.8754 -0.4835 0.0035
vn 0.9542 -0.2992 0.0015
vn -0.9569 -0.2903 0.0008
vn 0.9948 -0.1014 0.0003
vn -0.8819 -0.4714 0.0024
vn 0.9948 0.1014 -0.0000
vn -0.7730 -0.6344 0.0045
vn 0.9540 0.2998 0.0008
vn -0.6344 -0.7730 0.0069
vn 0.8747 0.4847 0.0026
vn -0.4714 -0.8819 0.0092
vn -0.0980 0.9951 0.0151
vn 0.7614 0.6483 0.0052
vn -0.2903 -0.9569 0.0110
vn -0.2903 0.9568 0.0142
vn 0.6201 0.7845 0.0082
vn -0.9952 0.0667 -0.0720
vn -0.2806 0.9598 0.0077
vn 0.5077 0.8570 -0.0885
vn -0.0975 -0.9308 0.3523
vn -0.4605 0.8875 -0.0167
vn 0.3443 0.9373 -0.0543
vn 0.0857 -0.9313 0.3540
vn -0.6264 0.7782 -0.0451
vn 0.1955 0.9805 -0.0184
vn 0.2558 -0.9041 0.3422
vn -0.7690 0.6358 -0.0657
vn 0.0626 0.9980 0.0080
vn 0.4218 -0.8492 0.3176
vn -0.8807 0.4685 -0.0702
vn 0.5798 -0.7651 0.2802
vn -0.9567 0.2856 -0.0554
vn 0.7242 -0.6498 0.2307
vn -0.9952 0.0955 -0.0223
vn 0.8480 -0.5018 0.1706
vn -0.9952 -0.0947 0.0254
vn 0.9413 -0.3214 0.1031
vn -0.9569 -0.2784 0.0826
vn 0.9931 -0.1124 0.0334
vn -0.8817 -0.4493 0.1441
vn 0.9928 0.1153 -0.0309
vn -0.7723 -0.6014 0.2045
vn 0.9351 0.3452 -0.0806
vn -0.6332 -0.7294 0.2589
vn 0.8239 0.5564 -0.1079
vn -0.4699 -0.8289 0.3035
vn -0.0943 0.9954 0.0175
vn 0.6742 0.7304 -0.1095
vn -0.8819 -0.0000 0.4714
vn 0.8382 -0.3108 0.4481
vn -0.9952 -0.0630 0.0751
vn 0.9362 -0.2069 0.2840
vn -0.9569 -0.1780 0.2296
vn 0.9923 -0.0758 0.0977
vn -0.8815 -0.2780 0.3817
vn 0.9918 0.0820 -0.0977
vn -0.7717 -0.3625 0.5226
vn 0.9241 0.2596 -0.2803
vn -0.6321 -0.4305 0.6443
vn 0.7909 0.4424 -0.4228
vn -0.4687 -0.4815 0.7406
vn -0.0854 0.9331 -0.3492
vn 0.6124 0.6102 -0.5026
vn -0.2880 -0.5151 0.8073
vn -0.2580 0.8977 -0.3573
vn 0.4227 0.7456 -0.5151
vn -0.0971 -0.5312 0.8417
vn -0.4359 0.8159 -0.3799
vn 0.2550 0.8410 -0.4771
vn 0.0831 -0.5305 0.8436
vn -0.6096 0.6895 -0.3912
vn 0.1270 0.8992 -0.4186
vn 0.2485 -0.5169 0.8192
vn -0.7615 0.5333 -0.3684
vn 0.0364 0.9285 -0.3695
vn 0.4108 -0.4904 0.7686
vn -0.8786 0.3687 -0.3036
vn 0.5668 -0.4490 0.6907
vn -0.9564 0.2110 -0.2017
vn 0.7117 -0.3903 0.5841
vn 0.8818 0.0156 0.4713
vn 0.9952 -0.0000 -0.0980
vn -0.7730 -0.0000 0.6344
vn 0.9569 -0.0000 -0.2903
vn -0.6344 -0.0000 0.7730
vn 0.8819 -0.0000 -0.4714
vn -0.4714 -0.0000 0.8819
vn -0.0980 -0.0000 -0.9952
vn 0.7730 -0.0000 -0.6344
vn -0.2903 -0.0000 0.9569
vn -0.2903 -0.0000 -0.9569
vn 0.6344 -0.0000 -0.7730
vn -0.0980 -0.0000 0.9952
vn -0.4714 -0.0000 -0.8819
vn 0.4714 -0.0000 -0.8819
vn 0.0980 -0.0000 0.9952
vn -0.6344 -0.0000 -0.7730
vn 0.2903 -0.0000 -0.9569
vn 0.2903 -0.0000 0.9569
vn -0.7730 -0.0000 -0.6344
vn 0.0980 -0.0000 -0.9952
vn 0.4714 -0.0000 0.8819
vn -0.8819 -0.0000 -0.4714
vn 0.6344 -0.0000 0.7730
vn -0.9569 -0.0000 -0.2903
vn 0.7730 -0.0000 0.6344
vn -0.9952 -0.0000 -0.0980
vn 0.8819 -0.0000 0.4714
vn -0.9952 -0.0000 0.0980
vn 0.9569 -0.0000 0.2903
vn -0.9569 -0.0000 0.2903
vn 0.9952 -0.0000 0.0980
vn 0.9952 0.0254 -0.0947
vn -0.9948 -0.0000 0.1014
vn 0.9569 0.0062 0.2903
vn -0.9538 0.0030 0.3004
vn 0.9952 0.0010 0.0980
vn -0.8738 0.0103 0.4863
vn -0.7590 0.0216 0.6507
vn 0.9569 0.0025 -0.2903
vn -0.6162 0.0357 0.7868
vn 0.8819 0.0076 -0.4714
vn -0.4527 0.0505 0.8903
vn -0.0955 0.0348 -0.9948
vn 0.7729 0.0140 -0.6343
vn -0.2760 0.0635 0.9590
vn -0.2834 0.0331 -0.9584
vn 0.6343 0.0208 -0.7728
vn -0.0926 0.0721 0.9931
vn -0.4618 0.0293 -0.8865
vn 0.4712 0.0269 -0.8816
vn 0.0978 0.0742 0.9924
vn -0.6241 0.0238 -0.7810
vn 0.2901 0.0316 -0.9565
vn 0.2896 0.0693 0.9546
vn -0.7642 0.0173 -0.6447
vn 0.0980 0.0343 -0.9946
vn 0.4706 0.0583 0.8804
vn -0.8761 0.0106 -0.4820
vn 0.6338 0.0438 0.7723
vn -0.9544 0.0048 -0.2984
vn 0.7727 0.0288 0.6341
vn -0.9949 0.0009 -0.1012
vn 0.7730 0.2788 -0.5699
vn -0.7671 -0.1538 0.6229
vn 0.9569 0.0766 -0.2800
vn -0.6267 -0.1815 0.7579
vn 0.8819 0.1265 -0.4541
vn -0.4635 -0.2008 0.8631
vn -0.0969 0.2784 -0.9556
vn 0.7730 0.1725 -0.6105
vn -0.2843 -0.2123 0.9349
vn -0.2872 0.2677 -0.9197
vn 0.6343 0.2124 -0.7433
vn -0.0958 -0.2171 0.9715
vn -0.4670 0.2463 -0.8492
vn 0.4713 0.2443 -0.8474
vn 0.0979 -0.2158 0.9715
vn -0.6298 0.2152 -0.7464
vn 0.2902 0.2665 -0.9191
vn 0.2900 -0.2087 0.9340
vn -0.7691 0.1756 -0.6145
vn 0.0980 0.2781 -0.9555
vn 0.4711 -0.1954 0.8602
vn -0.8793 0.1295 -0.4582
vn 0.6342 -0.1752 0.7531
vn -0.9558 0.0789 -0.2831
vn 0.7729 -0.1478 0.6171
vn -0.9950 0.0262 -0.0959
vn 0.8819 -0.1130 0.4577
vn -0.9950 -0.0258 0.0961
vn 0.9569 -0.0716 0.2813
vn -0.9556 -0.0745 0.2851
vn 0.9952 -0.0248 0.0948
vn -0.8784 -0.1178 0.4631
vn 0.9569 -0.1617 0.2411
vn -0.2823 -0.3425 0.8961
vn -0.2874 0.4291 -0.8563
vn 0.6343 0.3423 -0.6932
vn -0.0949 -0.3476 0.9328
vn -0.4674 0.3952 -0.7908
vn 0.4713 0.3928 -0.7897
vn 0.0977 -0.3447 0.9336
vn -0.6301 0.3458 -0.6952
vn 0.2902 0.4278 -0.8560
vn 0.2894 -0.3343 0.8969
vn -0.7694 0.2829 -0.5728
vn 0.0980 0.4459 -0.8897
vn 0.4705 -0.3151 0.8243
vn -0.8795 0.2091 -0.4275
vn 0.6337 -0.2848 0.7192
vn -0.9559 0.1278 -0.2645
vn 0.7727 -0.2416 0.5870
vn -0.9950 0.0427 -0.0898
vn 0.8818 -0.1854 0.4336
vn -0.9950 -0.0421 0.0902
vn 0.9569 -0.1174 0.2655
vn -0.9556 -0.1221 0.2683
vn 0.9952 -0.0406 0.0892
vn -0.8781 -0.1935 0.4375
vn 0.9952 0.0414 -0.0888
vn -0.7662 -0.2526 0.5908
vn 0.9569 0.1247 -0.2622
vn -0.6251 -0.2971 0.7218
vn 0.8819 0.2051 -0.4245
vn -0.4613 -0.3266 0.8249
vn -0.0970 0.4463 -0.8896
vn 0.9569 0.2086 -0.2019
vn -0.9556 -0.1669 0.2430
vn 0.9952 -0.0555 0.0808
vn -0.8781 -0.2665 0.3973
vn 0.9952 0.0562 -0.0803
vn -0.7662 -0.3513 0.5380
vn 0.9569 0.1683 -0.2365
vn -0.6251 -0.4180 0.6592
vn 0.8819 0.2757 -0.3824
vn -0.4613 -0.4649 0.7557
vn -0.0970 0.5940 -0.7986
vn 0.7730 0.3735 -0.5129
vn -0.2823 -0.4929 0.8230
vn -0.2874 0.5713 -0.7688
vn 0.6343 0.4575 -0.6232
vn -0.0949 -0.5043 0.8583
vn -0.4674 0.5265 -0.7102
vn 0.4713 0.5239 -0.7095
vn 0.0977 -0.5016 0.8596
vn -0.6301 0.4612 -0.6246
vn 0.2902 0.5699 -0.7687
vn 0.2894 -0.4850 0.8253
vn -0.7694 0.3780 -0.5149
vn 0.0980 0.5936 -0.7988
vn 0.4705 -0.4534 0.7570
vn -0.8795 0.2802 -0.3847
vn 0.6337 -0.4054 0.6588
vn -0.9559 0.1718 -0.2383
vn 0.7727 -0.3399 0.5361
vn -0.9950 0.0576 -0.0810
vn 0.8818 -0.2578 0.3948
vn -0.9950 -0.0571 0.0815
vn 0.9568 -0.2440 0.1578
vn -0.6031 -0.4814 0.6360
vn 0.8818 0.3428 -0.3238
vn -0.4322 -0.5005 0.7501
vn -0.0960 0.7416 -0.6639
vn 0.7728 0.4654 -0.4315
vn -0.2542 -0.4845 0.8370
vn -0.2846 0.7139 -0.6398
vn 0.6340 0.5706 -0.5219
vn -0.0824 -0.4536 0.8874
vn -0.4634 0.6588 -0.5927
vn 0.4709 0.6539 -0.5922
vn 0.0927 -0.4347 0.8958
vn -0.6258 0.5782 -0.5236
vn 0.2899 0.7115 -0.6401
vn 0.2773 -0.4373 0.8555
vn -0.7655 0.4748 -0.4342
vn 0.0979 0.7411 -0.6642
vn 0.4589 -0.4451 0.7690
vn -0.8769 0.3525 -0.3268
vn 0.6270 -0.4324 0.6480
vn -0.9547 0.2164 -0.2044
vn 0.7700 -0.3850 0.5087
vn -0.9949 0.0726 -0.0703
vn 0.8812 -0.3035 0.3626
vn -0.9948 -0.0717 0.0717
vn 0.9568 -0.1949 0.2156
vn -0.9535 -0.2084 0.2176
vn 0.9952 -0.0678 0.0708
vn -0.8719 -0.3284 0.3633
vn 0.9952 0.0693 -0.0693
vn -0.7530 -0.4223 0.5046
vn 0.9569 0.2816 -0.0706
vn -0.9535 -0.2576 0.1563
vn 0.9952 -0.0838 0.0508
vn -0.8719 -0.4112 0.2659
vn 0.9952 0.0849 -0.0490
vn -0.7530 -0.5385 0.3781
vn 0.9569 0.2538 -0.1410
vn -0.6031 -0.6296 0.4897
vn 0.8818 0.4149 -0.2240
vn -0.4322 -0.6776 0.5950
vn -0.0960 0.8882 -0.4493
vn 0.7728 0.5612 -0.2964
vn -0.2542 -0.6846 0.6831
vn -0.2846 0.8552 -0.4333
vn 0.6340 0.6863 -0.3564
vn -0.0824 -0.6678 0.7398
vn -0.4634 0.7897 -0.4020
vn 0.4709 0.7848 -0.4028
vn 0.0927 -0.6517 0.7528
vn -0.6258 0.6940 -0.3561
vn 0.2899 0.8529 -0.4342
vn 0.2773 -0.6438 0.7132
vn -0.7655 0.5710 -0.2965
vn 0.0979 0.8878 -0.4498
vn 0.4589 -0.6290 0.6276
vn -0.8769 0.4251 -0.2245
vn 0.6270 -0.5854 0.5140
vn -0.9547 0.2619 -0.1414
vn 0.7700 -0.5036 0.3917
vn -0.9949 0.0883 -0.0491
vn 0.8811 -0.3870 0.2717
vn -0.9948 -0.0878 0.0507
vn -0.6031 -0.7349 0.3101
vn 0.8818 0.4588 -0.1090
vn -0.4322 -0.8085 0.3994
vn -0.0960 0.9742 -0.2041
vn 0.7728 0.6188 -0.1410
vn -0.2542 -0.8381 0.4826
vn -0.2846 0.9382 -0.1972
vn 0.6340 0.7551 -0.1667
vn -0.0824 -0.8365 0.5417
vn -0.4634 0.8669 -0.1839
vn 0.4709 0.8624 -0.1859
vn 0.0927 -0.8244 0.5584
vn -0.6258 0.7625 -0.1644
vn 0.2899 0.9362 -0.1986
vn 0.2773 -0.8064 0.5223
vn -0.7655 0.6283 -0.1387
vn 0.0979 0.9739 -0.2047
vn 0.4589 -0.7700 0.4434
vn -0.8769 0.4687 -0.1068
vn 0.6270 -0.6985 0.3450
vn -0.9547 0.2896 -0.0688
vn 0.7700 -0.5878 0.2480
vn -0.9949 0.0980 -0.0246
vn 0.8812 -0.4441 0.1623
vn -0.9948 -0.0980 0.0263
vn 0.9568 -0.2766 0.0893
vn -0.9535 -0.2893 0.0843
vn 0.9952 -0.0941 0.0274
vn -0.8719 -0.4660 0.1505
vn 0.9952 0.0947 -0.0254
vn -0.7530 -0.6180 0.2258
vn 0.0980 0.9948 0.0281
vn 0.8819 0.4631 0.0882
vn 0.4705 -0.8802 0.0628
vn -0.8795 0.4758 0.0089
vn 0.6337 -0.7722 0.0459
vn -0.9559 0.2937 0.0040
vn 0.7727 -0.6341 0.0291
vn -0.9950 0.0994 0.0008
vn 0.8818 -0.4713 0.0153
vn -0.9950 -0.0995 -0.0000
vn 0.9569 -0.2903 0.0058
vn -0.9555 -0.2948 0.0027
vn 0.9952 -0.0980 0.0009
vn -0.8781 -0.4783 0.0096
vn -0.7662 -0.6422 0.0208
vn 0.9569 0.2903 0.0022
vn -0.6251 -0.7797 0.0357
vn 0.8819 0.4714 0.0065
vn -0.4613 -0.8857 0.0526
vn -0.0970 0.9949 0.0285
vn 0.7730 0.6343 0.0118
vn -0.2823 -0.9569 0.0683
vn -0.2874 0.9574 0.0270
vn 0.6343 0.7729 0.0173
vn -0.0949 -0.9923 0.0791
vn -0.4674 0.8837 0.0240
vn 0.4713 0.8817 0.0222
vn 0.0977 -0.9918 0.0821
vn -0.6301 0.7762 0.0195
vn 0.2902 0.9566 0.0259
vn 0.2894 -0.9542 0.0761
vn -0.7694 0.6386 0.0143
vn -0.4674 0.8222 0.3248
vn -0.4613 -0.8813 -0.1020
vn -0.0970 0.9748 0.2008
vn 0.7730 0.6227 0.1218
vn -0.2823 -0.9542 -0.0989
vn -0.2874 0.9382 0.1929
vn 0.6343 0.7582 0.1512
vn -0.0949 -0.9910 -0.0944
vn -0.4674 0.8661 0.1771
vn 0.4713 0.8645 0.1750
vn 0.0977 -0.9910 -0.0914
vn -0.6301 0.7611 0.1540
vn 0.2902 0.9376 0.1917
vn 0.2894 -0.9529 -0.0907
vn -0.7694 0.6264 0.1250
vn 0.0980 0.9748 0.2004
vn 0.4705 -0.8777 -0.0910
vn -0.8795 0.4670 0.0913
vn 0.6337 -0.7684 -0.0889
vn -0.9559 0.2886 0.0550
vn 0.7727 -0.6295 -0.0815
vn -0.9950 0.0977 0.0180
vn 0.8818 -0.4668 -0.0668
vn -0.9950 -0.0980 -0.0173
vn 0.9569 -0.2869 -0.0447
vn -0.9556 -0.2908 -0.0485
vn 0.9952 -0.0967 -0.0161
vn -0.8781 -0.4727 -0.0736
vn 0.9952 0.0965 0.0170
vn -0.7662 -0.6361 -0.0910
vn 0.9569 0.2855 0.0526
vn -0.6251 -0.7741 -0.1002
vn -0.8769 0.4069 0.2559
vn 0.4713 0.8209 0.3224
vn 0.0977 -0.9601 -0.2621
vn -0.6301 0.7227 0.2839
vn 0.2902 0.8901 0.3516
vn 0.2894 -0.9227 -0.2548
vn -0.7694 0.5952 0.2319
vn 0.0980 0.9252 0.3666
vn 0.4705 -0.8486 -0.2420
vn -0.8795 0.4441 0.1711
vn 0.6337 -0.7413 -0.2210
vn -0.9559 0.2746 0.1042
vn 0.7727 -0.6058 -0.1896
vn -0.9950 0.0931 0.0347
vn 0.8818 -0.4481 -0.1469
vn -0.9950 -0.0935 -0.0340
vn 0.9569 -0.2748 -0.0938
vn -0.9556 -0.2780 -0.0983
vn 0.9952 -0.0924 -0.0327
vn -0.8781 -0.4527 -0.1546
vn 0.9952 0.0921 0.0335
vn -0.7662 -0.6106 -0.2001
vn 0.9569 0.2720 0.1014
vn -0.6251 -0.7449 -0.2331
vn 0.8819 0.4407 0.1673
vn -0.4613 -0.8502 -0.2535
vn -0.0970 0.9251 0.3670
vn 0.7730 0.5921 0.2281
vn -0.2823 -0.9225 -0.2631
vn -0.2874 0.8904 0.3529
vn 0.6343 0.7204 0.2806
vn -0.0949 -0.9596 -0.2650
vn -0.9948 -0.0717 -0.0717
vn 0.6270 -0.7379 -0.2499
vn -0.9547 0.2534 0.1561
vn 0.7700 -0.5910 -0.2403
vn -0.9949 0.0866 0.0519
vn 0.8812 -0.4288 -0.1993
vn -0.9948 -0.0879 -0.0507
vn 0.9568 -0.2587 -0.1324
vn -0.9535 -0.2641 -0.1449
vn 0.9952 -0.0859 -0.0472
vn -0.8719 -0.4359 -0.2231
vn 0.9952 0.0849 0.0490
vn -0.7530 -0.5967 -0.2773
vn 0.9569 0.2490 0.1492
vn -0.6031 -0.7389 -0.3004
vn 0.8818 0.4015 0.2473
vn -0.4322 -0.8541 -0.2893
vn -0.0960 0.8332 0.5445
vn 0.7728 0.5373 0.3379
vn -0.2542 -0.9339 -0.2514
vn -0.2846 0.8028 0.5240
vn 0.6340 0.6518 0.4161
vn -0.0824 -0.9746 -0.2084
vn -0.4633 0.7430 0.4829
vn 0.4710 0.7412 0.4783
vn 0.0927 -0.9778 -0.1880
vn -0.6258 0.6554 0.4229
vn 0.2899 0.8024 0.5216
vn 0.2773 -0.9395 -0.2010
vn -0.7655 0.5423 0.3462
vn 0.0979 0.8334 0.5439
vn 0.4589 -0.8580 -0.2310
vn -0.7537 -0.3749 -0.5399
vn 0.9568 -0.2156 -0.1949
vn -0.9535 -0.2176 -0.2084
vn 0.9952 -0.0708 -0.0678
vn -0.8719 -0.3633 -0.3284
vn 0.9952 0.0693 0.0693
vn -0.7530 -0.5046 -0.4223
vn 0.9569 0.2019 0.2086
vn -0.6031 -0.6360 -0.4814
vn 0.8818 0.3238 0.3428
vn -0.4322 -0.7501 -0.5005
vn -0.0960 0.6639 0.7416
vn 0.7728 0.4315 0.4654
vn -0.2542 -0.8370 -0.4845
vn -0.2846 0.6398 0.7139
vn 0.6340 0.5219 0.5706
vn -0.0824 -0.8874 -0.4536
vn -0.4634 0.5927 0.6588
vn 0.4709 0.5922 0.6539
vn 0.0927 -0.8958 -0.4347
vn -0.6258 0.5236 0.5782
vn 0.2899 0.6401 0.7115
vn 0.2773 -0.8555 -0.4373
vn -0.7655 0.4342 0.4748
vn 0.0979 0.6642 0.7411
vn 0.4589 -0.7690 -0.4451
vn -0.8769 0.3268 0.3525
vn 0.6270 -0.6480 -0.4324
vn -0.9547 0.2044 0.2164
vn 0.7700 -0.5087 -0.3850
vn -0.9949 0.0703 0.0726
vn 0.8812 -0.3626 -0.3035
vn -0.2542 -0.4826 -0.8381
vn 0.9569 0.1412 0.2537
vn -0.6047 -0.4829 -0.6334
vn 0.8818 0.2243 0.4147
vn -0.4350 -0.5829 -0.6863
vn -0.0959 0.4504 0.8877
vn 0.7728 0.2969 0.5609
vn -0.2576 -0.6648 -0.7012
vn -0.2845 0.4343 0.8547
vn 0.6340 0.3572 0.6859
vn -0.0841 -0.7166 -0.6923
vn -0.4632 0.4029 0.7893
vn 0.4710 0.4036 0.7844
vn 0.0938 -0.7278 -0.6794
vn -0.6257 0.3570 0.6936
vn 0.2900 0.4351 0.8524
vn 0.2799 -0.6904 -0.6670
vn -0.7655 0.2972 0.5707
vn 0.0979 0.4508 0.8872
vn 0.4612 -0.6105 -0.6439
vn -0.8768 0.2249 0.4249
vn 0.6282 -0.5037 -0.5931
vn -0.9547 0.1416 0.2619
vn 0.7704 -0.3865 -0.5070
vn -0.9949 0.0491 0.0883
vn 0.8812 -0.2696 -0.3883
vn -0.9948 -0.0507 -0.0879
vn 0.9568 -0.1572 -0.2444
vn -0.9536 -0.1560 -0.2577
vn 0.9952 -0.0508 -0.0839
vn -0.8721 -0.2648 -0.4116
vn 0.9952 0.0490 0.0849
vn 0.2903 -0.0003 -0.9569
vn -0.2846 0.1972 0.9382
vn 0.6340 0.1667 0.7551
vn -0.0824 -0.5417 -0.8365
vn -0.4633 0.1839 0.8669
vn 0.4710 0.1859 0.8623
vn 0.0927 -0.5584 -0.8244
vn -0.6258 0.1644 0.7625
vn 0.2899 0.1986 0.9362
vn 0.2773 -0.5223 -0.8064
vn -0.7656 0.1387 0.6283
vn 0.0979 0.2047 0.9739
vn 0.4589 -0.4434 -0.7700
vn -0.8769 0.1068 0.4687
vn 0.6270 -0.3450 -0.6985
vn -0.9547 0.0688 0.2896
vn 0.7700 -0.2480 -0.5878
vn -0.9949 0.0246 0.0980
vn 0.8812 -0.1623 -0.4441
vn -0.9948 -0.0263 -0.0980
vn 0.9568 -0.0893 -0.2766
vn -0.9535 -0.0843 -0.2893
vn 0.9952 -0.0274 -0.0941
vn -0.8719 -0.1504 -0.4660
vn 0.9952 0.0254 0.0947
vn -0.7530 -0.2258 -0.6180
vn 0.9569 0.0706 0.2816
vn -0.6031 -0.3101 -0.7349
vn 0.8818 0.1090 0.4588
vn -0.4322 -0.3994 -0.8085
vn -0.0960 0.2041 0.9742
vn 0.7728 0.1410 0.6188
vn 0.9336 -0.2178 0.2846
vn -0.7780 -0.0031 0.6283
vn 0.0995 -0.0001 0.9950
vn 0.4714 -0.0009 -0.8819
vn -0.8850 -0.0041 0.4655
vn 0.6344 -0.0018 -0.7730
vn -0.9582 -0.0050 0.2860
vn 0.7730 -0.0028 -0.6344
vn -0.9953 -0.0055 0.0964
vn 0.8819 -0.0037 -0.4714
vn -0.9952 -0.0056 -0.0980
vn 0.9569 -0.0045 -0.2903
vn -0.9569 -0.0053 -0.2903
vn 0.9952 -0.0049 -0.0980
vn -0.8819 -0.0046 -0.4714
vn 0.9953 -0.0050 0.0966
vn -0.7730 -0.0036 -0.6344
vn 0.9581 -0.0047 0.2865
vn -0.6344 -0.0025 -0.7730
vn 0.8847 -0.0041 0.4661
vn -0.4714 -0.0014 -0.8819
vn -0.0995 -0.0000 0.9950
vn 0.7775 -0.0033 0.6289
vn -0.2903 -0.0006 -0.9569
vn -0.2944 -0.0003 0.9557
vn 0.6400 -0.0023 0.7684
vn -0.0980 -0.0001 -0.9952
vn -0.4771 -0.0010 0.8788
vn 0.4768 -0.0014 0.8790
vn -0.6404 -0.0020 0.7680
vn 0.2943 -0.0006 0.9557
vn 0.5674 -0.3154 0.7606
vn -0.6375 0.0236 -0.7701
vn 0.8634 -0.1997 0.4634
vn -0.4711 0.0406 -0.8812
vn -0.0999 0.0176 0.9948
vn 0.7605 -0.1733 0.6258
vn -0.2884 0.0360 -0.9568
vn -0.2978 0.0459 0.9535
vn 0.6280 -0.1398 0.7655
vn -0.0969 0.0149 -0.9952
vn -0.4859 0.0606 0.8719
vn 0.4699 -0.1013 0.8769
vn 0.0965 -0.0170 -0.9952
vn -0.6555 0.0565 0.7530
vn 0.2915 -0.0600 0.9547
vn 0.2851 -0.0551 -0.9569
vn -0.7971 0.0295 0.6031
vn 0.0992 -0.0192 0.9949
vn 0.4619 -0.0951 -0.8818
vn -0.9016 -0.0203 0.4322
vn 0.6204 -0.1337 -0.7728
vn -0.9636 -0.0832 0.2542
vn 0.7548 -0.1681 -0.6340
vn -0.9871 -0.1375 0.0824
vn 0.8601 -0.1960 -0.4709
vn -0.9831 -0.1577 -0.0927
vn 0.9324 -0.2156 -0.2899
vn -0.9516 -0.1325 -0.2773
vn 0.9692 -0.2261 -0.0979
vn -0.8852 -0.0764 -0.4589
vn 0.9692 -0.2267 0.0960
vn -0.7788 -0.0175 -0.6270
vn 0.0710 -0.0750 0.9947
vn -0.0905 0.0378 -0.9952
vn -0.4822 0.1677 0.8598
vn 0.4279 -0.2324 0.8735
vn 0.0888 -0.0414 -0.9952
vn -0.6732 0.1637 0.7211
vn 0.2681 -0.1408 0.9531
vn 0.2597 -0.1300 -0.9569
vn -0.8448 0.0695 0.5306
vn 0.0923 -0.0462 0.9947
vn 0.4177 -0.2194 -0.8817
vn -0.9419 -0.1588 0.2960
vn 0.5581 -0.3031 -0.7724
vn -0.8752 -0.4761 0.0856
vn 0.6763 -0.3760 -0.6334
vn -0.7089 -0.7053 0.0003
vn 0.7683 -0.4342 -0.4703
vn -0.6302 -0.7761 -0.0240
vn 0.8312 -0.4747 -0.2894
vn -0.7050 -0.7015 -0.1039
vn 0.8629 -0.4958 -0.0977
vn -0.8372 -0.4555 -0.3027
vn 0.8627 -0.4967 0.0947
vn -0.8170 -0.1378 -0.5599
vn 0.8321 -0.4781 0.2810
vn -0.6563 0.0540 -0.7526
vn 0.7718 -0.4408 0.4583
vn -0.4651 0.1131 -0.8780
vn -0.0945 0.0441 0.9946
vn 0.6829 -0.3859 0.6202
vn -0.2755 0.0958 -0.9565
vn -0.2875 0.1201 0.9502
vn 0.3328 -0.8170 -0.4709
vn 0.3175 -0.3490 -0.8817
vn -0.9394 0.1729 0.2960
vn 0.4208 -0.4757 -0.7724
vn -0.9853 -0.1481 0.0856
vn 0.5069 -0.5846 -0.6334
vn -0.9073 -0.4204 0.0003
vn 0.5735 -0.6708 -0.4703
vn -0.8576 -0.5137 -0.0240
vn 0.6187 -0.7304 -0.2894
vn -0.9024 -0.4181 -0.1039
vn 0.6413 -0.7611 -0.0977
vn -0.9425 -0.1416 -0.3027
vn 0.6408 -0.7618 0.0947
vn -0.8149 0.1500 -0.5599
vn 0.6184 -0.7339 0.2811
vn -0.5983 0.2752 -0.7526
vn 0.5745 -0.6782 0.4583
vn -0.3984 0.2653 -0.8780
vn -0.0737 0.0737 0.9946
vn 0.5097 -0.5962 0.6202
vn -0.2261 0.1842 -0.9565
vn -0.2291 0.2112 0.9502
vn 0.4253 -0.4905 0.7606
vn -0.0721 0.0665 -0.9952
vn -0.3958 0.3225 0.8598
vn 0.3226 -0.3647 0.8735
vn 0.0693 -0.0693 -0.9952
vn -0.5766 0.3841 0.7211
vn 0.2038 -0.2240 0.9531
vn 0.1996 -0.2110 -0.9569
vn -0.7701 0.3542 0.5306
vn 0.1447 -0.9847 0.0970
vn -0.6931 0.7149 -0.0927
vn 0.3582 -0.8875 -0.2899
vn -0.6544 0.7035 -0.2773
vn 0.3707 -0.9236 -0.0979
vn -0.5703 0.6813 -0.4589
vn 0.3702 -0.9240 0.0960
vn -0.4611 0.6280 -0.6270
vn 0.3571 -0.8897 0.2846
vn -0.3463 0.5358 -0.7701
vn 0.3316 -0.8218 0.4634
vn -0.2369 0.4092 -0.8812
vn -0.0429 0.0919 0.9948
vn 0.2943 -0.7224 0.6258
vn -0.1360 0.2569 -0.9568
vn -0.1332 0.2702 0.9535
vn 0.2457 -0.5946 0.7655
vn -0.0433 0.0879 -0.9952
vn -0.2291 0.4328 0.8719
vn 0.1866 -0.4430 0.8769
vn 0.0414 -0.0888 -0.9952
vn -0.3297 0.5694 0.7530
vn 0.1180 -0.2733 0.9547
vn 0.1184 -0.2651 -0.9569
vn -0.4330 0.6699 0.6031
vn 0.0412 -0.0922 0.9949
vn 0.1870 -0.4329 -0.8818
vn -0.5337 0.7269 0.4322
vn 0.2463 -0.5849 -0.7728
vn -0.6208 0.7416 0.2542
vn 0.2953 -0.7147 -0.6340
vn -0.6788 0.7297 0.0824
vn -0.0000 0.0980 0.9952
vn -0.1792 0.7525 -0.6337
vn 0.1396 -0.9476 0.2874
vn -0.1387 0.6194 -0.7727
vn 0.1299 -0.8745 0.4674
vn -0.0969 0.4615 -0.8818
vn -0.0173 0.0980 0.9950
vn 0.1155 -0.7678 0.6301
vn -0.0561 0.2849 -0.9569
vn -0.0539 0.2899 0.9556
vn 0.0968 -0.6314 0.7694
vn -0.0179 0.0964 -0.9952
vn -0.0925 0.4694 0.8781
vn 0.0739 -0.4701 0.8795
vn 0.0170 -0.0965 -0.9952
vn -0.1320 0.6288 0.7662
vn 0.0470 -0.2900 0.9559
vn 0.0482 -0.2863 -0.9569
vn -0.1706 0.7617 0.6251
vn 0.0165 -0.0980 0.9950
vn 0.0755 -0.4653 -0.8819
vn -0.2056 0.8631 0.4613
vn 0.0985 -0.6268 -0.7730
vn -0.2334 0.9305 0.2823
vn 0.1172 -0.7642 -0.6343
vn -0.2503 0.9635 0.0949
vn 0.1312 -0.8722 -0.4713
vn -0.2531 0.9625 -0.0977
vn 0.1406 -0.9466 -0.2902
vn -0.2406 0.9265 -0.2894
vn 0.1451 -0.9846 -0.0980
vn -0.2147 0.8559 -0.4705
vn -1.0000 -0.0000 -0.0000
vn -0.0000 -0.7730 0.6344
vn -0.0000 0.2903 -0.9569
vn -0.0000 0.2903 0.9569
vn -0.0000 -0.6344 0.7730
vn -0.0000 0.0980 -0.9952
vn -0.0000 0.4714 0.8819
vn -0.0000 -0.4714 0.8819
vn -0.0000 -0.0980 -0.9952
vn -0.0000 0.6344 0.7730
vn -0.0000 -0.2903 0.9569
vn -0.0000 -0.2903 -0.9569
vn -0.0000 0.7730 0.6344
vn -0.0000 -0.0980 0.9952
vn -0.0000 -0.4714 -0.8819
vn -0.0000 0.8819 0.4714
vn -0.0000 -0.6344 -0.7730
vn -0.0000 0.9569 0.2903
vn -0.0000 -0.7730 -0.6344
vn -0.0000 0.9952 0.0980
vn -0.0000 -0.8819 -0.4714
vn -0.0000 0.9952 -0.0980
vn -0.0000 -0.9569 -0.2903
vn -0.0000 0.9569 -0.2903
vn -0.0000 -0.9952 -0.0980
vn -0.0000 0.8819 -0.4714
vn -0.0000 -0.9952 0.0980
vn -0.0000 0.7730 -0.6344
vn -0.0000 -0.9569 0.2903
vn -0.0000 0.6344 -0.7730
vn -0.0000 -0.8819 0.4714
vn -0.0000 0.4714 -0.8819
vn 1.0000 -0.0000 -0.0000
vn -0.0000 0.0706 0.9975
vn -0.0000 -0.9345 -0.3560
vn -0.4961 0.8682 -0.0000
vn -0.0000 -0.0000 1.0000
vn -0.0000 -0.0000 -1.0000
vn -0.0000 -0.2085 0.9780
vn -0.9555 -0.2951 -0.0000
vn -0.0000 -1.0000 -0.0000
vn 0.9555 -0.2951 -0.0000
vn 0.9796 0.2007 -0.0000
vn -0.0000 1.0000 -0.0000
vn -0.9796 0.2007 -0.0000
vn -0.0000 0.0706 -0.9975
vn 0.9382 -0.3461 -0.0000
vn -0.9382 -0.3461 -0.0000
vn -0.0000 -0.2723 -0.9622
vn -0.0000 -0.9765 0.2155
vn -0.0000 -0.9345 0.3560
vn 0.4961 0.8682 -0.0000
vn -0.0000 0.8682 0.4961
vn -0.0000 0.8682 -0.4961
vn -0.9809 -0.1722 -0.0904
vn -0.0000 -0.1802 -0.9836
vn -0.9820 -0.1889 -0.0000
vn 0.9820 -0.1889 -0.0000
vn 0.8663 -0.4739 0.1580
vn -0.0000 -0.9850 -0.1724
vn -0.0000 0.8575 -0.5145
vn -0.0000 0.8575 0.5145
vn -0.0000 0.9850 -0.1724
vn -0.9672 -0.0000 -0.2539
vn 0.9672 -0.0000 -0.2539
vn -0.0000 -0.2169 -0.9762
vn -0.0000 0.5547 0.8321
vn 0.7364 -0.0000 0.6766
vn -0.0000 -0.1961 -0.9806
vn -0.0000 -0.7526 0.6585
vn -0.7364 -0.0000 0.6766
vn -0.0000 0.7526 0.6585
vn -0.9523 -0.0000 -0.3051
vn 0.6317 0.6633 -0.4012
vn 0.0032 -0.8897 -0.4565
vn 0.6897 0.7241 -0.0000
vn -0.6897 0.7241 -0.0000
vn -0.6465 0.6788 0.3483
vn 0.6464 0.6787 0.3486
vn -0.0032 0.8895 0.4569
vn -0.0000 -0.0380 -0.9993
vn -0.8663 -0.4739 0.1580
vn -0.0000 -0.0758 0.9971
vn -0.0000 -0.4472 0.8944
vn -0.0000 -0.9939 0.1104
vn -0.0000 0.3896 0.9210
vn 0.0980 0.4976 0.8619
vn 0.2903 0.4785 0.8287
vn 0.4714 0.4410 0.7638
vn 0.6344 0.3865 0.6694
vn 0.7730 0.3172 0.5494
vn 0.8819 0.2357 0.4082
vn 0.9569 0.1451 0.2514
vn 0.9952 -0.0490 -0.0849
vn 0.9569 -0.1451 -0.2514
vn 0.8819 -0.2357 -0.4082
vn 0.7730 -0.3172 -0.5494
vn 0.6344 -0.3865 -0.6694
vn 0.4714 -0.4410 -0.7638
vn 0.2903 -0.4785 -0.8287
vn 0.0980 -0.4976 -0.8619
vn -0.0980 -0.4976 -0.8619
vn -0.2903 -0.4785 -0.8287
vn -0.4714 -0.4410 -0.7638
vn -0.6344 -0.3865 -0.6694
vn -0.7730 -0.3172 -0.5494
vn -0.8819 -0.2357 -0.4082
vn -0.9569 -0.1451 -0.2514
vn -0.9952 -0.0490 -0.0849
vn -0.9952 0.0490 0.0849
vn -0.9569 0.1451 0.2514
vn -0.8819 0.2357 0.4082
vn -0.7730 0.3172 0.5494
vn -0.6344 0.3865 0.6694
vn -0.4714 0.4410 0.7638
vn -0.0000 -0.8660 0.5000
vn -0.2903 0.4785 0.8287
vn -0.0980 0.4976 0.8619
vn 0.9949 0.0518 0.0868
vn 0.9546 0.2159 0.2052
vn -0.0958 -0.3046 -0.9476
vn -0.9569 0.1487 0.2493
vn 0.6254 0.4200 0.6576
vn 0.6085 -0.3242 -0.7243
vn -0.8814 -0.2073 -0.4244
vn -0.2900 0.5177 0.8049
vn 0.9948 -0.0507 -0.0878
vn -0.2849 -0.3026 -0.9096
vn -0.8819 0.2460 0.4022
vn 0.7652 0.3440 0.5441
vn 0.4415 -0.3360 -0.8320
vn -0.9569 -0.1348 -0.2573
vn 0.0958 0.5405 0.8359
vn -0.0979 0.5399 0.8360
vn 0.9536 -0.1457 -0.2634
vn -0.4657 -0.3019 -0.8318
vn -0.7728 0.3357 0.5386
vn 0.8767 0.2545 0.4083
vn 0.2650 -0.3289 -0.9064
vn -0.9952 -0.0475 -0.0858
vn 0.2843 0.5201 0.8054
vn 0.8725 -0.2267 -0.4328
vn -0.6307 -0.2906 -0.7196
vn -0.6341 0.4132 0.6536
vn 0.9546 0.1554 0.2541
vn 0.0877 -0.3144 -0.9452
vn 0.4630 0.4795 0.7455
vn 0.7553 -0.2876 -0.5889
vn -0.7714 -0.2600 -0.5809
vn -0.4710 0.4748 0.7434
vn 0.9536 -0.2579 -0.1552
vn -0.7714 -0.4015 -0.4938
vn 0.9949 0.0725 0.0704
vn -0.8814 -0.3100 -0.3563
vn 0.9948 -0.0717 -0.0717
vn -0.9569 -0.1968 -0.2137
vn 0.9536 -0.2089 -0.2167
vn -0.9952 -0.0680 -0.0706
vn 0.8725 -0.3310 -0.3594
vn -0.9952 0.0693 0.0693
vn 0.7553 -0.4303 -0.4944
vn -0.9569 0.2082 0.2023
vn 0.6085 -0.5006 -0.6157
vn -0.8819 0.3417 0.3249
vn 0.4415 -0.5399 -0.7166
vn 0.0959 0.7384 0.6675
vn -0.7728 0.4636 0.4333
vn 0.2650 -0.5523 -0.7904
vn 0.2843 0.7108 0.6433
vn -0.6341 0.5683 0.5244
vn 0.0877 -0.5484 -0.8316
vn 0.4630 0.6561 0.5960
vn -0.4710 0.6511 0.5952
vn -0.0958 -0.5395 -0.8365
vn 0.6254 0.5759 0.5265
vn -0.2900 0.7084 0.6435
vn -0.2848 -0.5277 -0.8003
vn 0.7652 0.4731 0.4366
vn -0.0979 0.7379 0.6678
vn -0.4657 -0.5069 -0.7254
vn 0.8767 0.3514 0.3285
vn -0.6307 -0.4670 -0.6198
vn 0.6259 -0.7455 -0.2292
vn -0.9952 -0.0840 -0.0505
vn 0.8725 -0.4128 -0.2615
vn -0.9952 0.0849 0.0490
vn 0.7553 -0.5436 -0.3662
vn -0.9569 0.2535 0.1416
vn 0.6085 -0.6429 -0.4652
vn -0.8819 0.4142 0.2254
vn 0.4415 -0.7070 -0.5525
vn 0.0959 0.8860 0.4536
vn -0.7728 0.5600 0.2986
vn 0.2650 -0.7381 -0.6205
vn 0.2843 0.8531 0.4374
vn -0.6341 0.6846 0.3594
vn 0.0877 -0.7449 -0.6614
vn 0.4630 0.7880 0.4059
vn -0.4710 0.7829 0.4064
vn -0.0958 -0.7376 -0.6684
vn 0.6254 0.6926 0.3595
vn -0.2900 0.8508 0.4382
vn -0.2848 -0.7168 -0.6364
vn 0.7652 0.5700 0.2992
vn -0.0979 0.8856 0.4541
vn -0.4657 -0.6774 -0.5695
vn 0.8767 0.4245 0.2263
vn -0.6307 -0.6115 -0.4778
vn 0.9546 0.2616 0.1424
vn -0.7714 -0.5156 -0.3730
vn 0.9949 0.0882 0.0493
vn -0.8815 -0.3917 -0.2639
vn 0.9948 -0.0878 -0.0507
vn -0.9569 -0.2454 -0.1555
vn 0.0964 -0.9790 -0.1796
vn -0.8819 0.4568 0.1165
vn 0.4624 -0.8449 -0.2689
vn 0.0969 0.9677 0.2328
vn -0.7730 0.6154 0.1541
vn 0.2833 -0.9114 -0.2985
vn 0.2873 0.9312 0.2243
vn -0.6343 0.7506 0.1852
vn 0.0953 -0.9442 -0.3152
vn 0.4672 0.8593 0.2080
vn -0.4713 0.8568 0.2090
vn -0.0978 -0.9433 -0.3171
vn 0.6300 0.7545 0.1841
vn -0.2902 0.9301 0.2251
vn -0.2898 -0.9078 -0.3031
vn 0.7693 0.6203 0.1530
vn -0.0980 0.9675 0.2331
vn -0.4709 -0.8384 -0.2746
vn 0.8794 0.4618 0.1156
vn -0.6340 -0.7369 -0.2346
vn 0.9559 0.2847 0.0726
vn -0.7728 -0.6066 -0.1865
vn 0.9950 0.0962 0.0251
vn -0.8819 -0.4521 -0.1340
vn 0.9950 -0.0961 -0.0258
vn -0.9569 -0.2791 -0.0798
vn 0.9556 -0.2841 -0.0785
vn -0.9952 -0.0945 -0.0261
vn 0.8783 -0.4597 -0.1314
vn -0.9952 0.0947 0.0254
vn 0.7666 -0.6156 -0.1825
vn -0.9569 0.2809 0.0733
vn 0.4705 0.8802 0.0619
vn -0.4713 0.8797 0.0628
vn -0.0975 -0.9778 -0.1855
vn 0.6334 0.7718 0.0551
vn -0.2902 0.9546 0.0671
vn -0.2891 -0.9416 -0.1728
vn 0.7722 0.6337 0.0462
vn -0.0980 0.9928 0.0691
vn -0.4702 -0.8704 -0.1460
vn 0.8814 0.4711 0.0354
vn -0.6337 -0.7652 -0.1137
vn 0.9567 0.2902 0.0227
vn -0.7727 -0.6294 -0.0821
vn 0.9952 0.0980 0.0081
vn -0.8818 -0.4684 -0.0540
vn 0.9951 -0.0980 -0.0086
vn -0.9569 -0.2888 -0.0299
vn 0.9566 -0.2902 -0.0274
vn -0.9952 -0.0976 -0.0092
vn 0.8809 -0.4708 -0.0488
vn -0.9952 0.0976 0.0085
vn 0.7709 -0.6327 -0.0730
vn -0.9569 0.2893 0.0238
vn 0.6312 -0.7691 -0.1003
vn -0.8819 0.4700 0.0368
vn 0.4674 -0.8745 -0.1299
vn 0.0978 0.9928 0.0690
vn -0.7730 0.6326 0.0476
vn 0.2866 -0.9449 -0.1584
vn 0.2896 0.9548 0.0665
vn -0.6344 0.7710 0.0563
vn -0.8857 -0.4624 -0.0411
vn -0.9947 0.0958 -0.0379
vn 0.9950 -0.0969 -0.0256
vn -0.9576 -0.2833 -0.0524
vn 0.9575 -0.2873 -0.0243
vn -0.9936 -0.0953 -0.0601
vn 0.8839 -0.4673 -0.0215
vn -0.9933 0.0978 -0.0621
vn 0.7764 -0.6300 -0.0175
vn -0.9553 0.2898 -0.0578
vn 0.6388 -0.7693 -0.0127
vn -0.8809 0.4709 -0.0482
vn 0.4759 -0.8794 -0.0078
vn -0.7725 0.6340 -0.0358
vn 0.2938 -0.9559 -0.0035
vn 0.2903 0.9569 -0.0019
vn -0.6342 0.7728 -0.0232
vn 0.0994 -0.9950 -0.0006
vn 0.4714 0.8819 -0.0057
vn -0.4714 0.8819 -0.0124
vn -0.0995 -0.9950 -0.0000
vn 0.6344 0.7730 -0.0104
vn -0.2903 0.9569 -0.0048
vn -0.2947 -0.9556 -0.0023
vn 0.7729 0.6343 -0.0154
vn -0.0980 0.9952 -0.0008
vn -0.4781 -0.8783 -0.0079
vn 0.8817 0.4713 -0.0199
vn -0.6419 -0.7666 -0.0169
vn 0.9567 0.2902 -0.0233
vn -0.7794 -0.6259 -0.0285
vn 0.9949 0.0980 -0.0253
vn 0.0888 0.9952 -0.0414
vn 0.7616 -0.6254 -0.1698
vn -0.9582 0.2848 -0.0268
vn 0.6290 -0.7652 -0.1371
vn -0.8849 0.4657 -0.0008
vn 0.4707 -0.8767 -0.0995
vn 0.0965 0.9952 -0.0170
vn -0.7756 0.6307 0.0270
vn 0.2919 -0.9546 -0.0591
vn 0.2852 0.9569 -0.0545
vn -0.6348 0.7714 0.0457
vn 0.0993 -0.9949 -0.0190
vn 0.4621 0.8819 -0.0936
vn -0.4697 0.8814 0.0496
vn -0.0999 -0.9948 0.0176
vn 0.6209 0.7728 -0.1312
vn -0.2879 0.9569 0.0387
vn -0.2973 -0.9536 0.0469
vn 0.7555 0.6341 -0.1647
vn -0.0968 0.9952 0.0153
vn -0.4842 -0.8725 0.0650
vn 0.8610 0.4710 -0.1919
vn -0.6518 -0.7553 0.0689
vn 0.9334 0.2900 -0.2112
vn -0.7915 -0.6085 0.0569
vn 0.9703 0.0979 -0.2214
vn -0.8967 -0.4415 0.0312
vn 0.9703 -0.0959 -0.2220
vn -0.9643 -0.2650 -0.0009
vn 0.9347 -0.2843 -0.2133
vn -0.9958 -0.0877 -0.0278
vn 0.8645 -0.4630 -0.1956
vn 0.4632 0.7725 -0.4344
vn -0.7422 0.6307 0.2268
vn 0.2667 -0.9546 -0.1327
vn 0.2613 0.9569 -0.1264
vn -0.6013 0.7714 0.2084
vn 0.0910 -0.9949 -0.0440
vn 0.4222 0.8819 -0.2100
vn -0.4408 0.8814 0.1695
vn -0.0919 -0.9948 0.0429
vn 0.5658 0.7728 -0.2875
vn -0.2681 0.9569 0.1118
vn -0.2751 -0.9536 0.1222
vn 0.6871 0.6341 -0.3547
vn -0.0896 0.9952 0.0398
vn -0.4509 -0.8725 0.1881
vn 0.7820 0.4710 -0.4082
vn -0.6118 -0.7553 0.2352
vn 0.8470 0.2900 -0.4456
vn -0.7498 -0.6085 0.2598
vn 0.8799 0.0979 -0.4650
vn -0.8581 -0.4415 0.2623
vn 0.8798 -0.0959 -0.4656
vn -0.9316 -0.2650 0.2487
vn 0.8477 -0.2843 -0.4479
vn -0.9690 -0.0877 0.2309
vn 0.7844 -0.4630 -0.4127
vn -0.9706 0.0958 0.2208
vn 0.6917 -0.6254 -0.3611
vn -0.9325 0.2848 0.2222
vn 0.5721 -0.7652 -0.2953
vn -0.8550 0.4657 0.2282
vn 0.4289 -0.8767 -0.2179
vn 0.4144 0.2895 -0.8628
vn -0.2374 0.9567 0.1686
vn -0.2447 -0.9505 0.1917
vn 0.5593 0.6336 -0.5346
vn -0.0772 0.9952 0.0605
vn -0.4132 -0.8621 0.2934
vn 0.6338 0.4705 -0.6140
vn -0.5811 -0.7312 0.3574
vn 0.6845 0.2895 -0.6691
vn -0.7404 -0.5638 0.3658
vn 0.7099 0.0977 -0.6975
vn -0.8751 -0.3753 0.3055
vn 0.7095 -0.0945 -0.6983
vn -0.9626 -0.1953 0.1878
vn 0.6847 -0.2806 -0.6727
vn -0.9961 -0.0549 0.0685
vn 0.6358 -0.4576 -0.6215
vn -0.9969 0.0764 0.0185
vn 0.5638 -0.6195 -0.5462
vn -0.9689 0.2382 0.0667
vn 0.4698 -0.7600 -0.4490
vn -0.8891 0.4236 0.1735
vn 0.3557 -0.8731 -0.3335
vn 0.0751 0.9952 -0.0630
vn -0.7490 0.6088 0.2614
vn 0.2239 -0.9529 -0.2045
vn 0.2178 0.9569 -0.1920
vn -0.5786 0.7639 0.2858
vn 0.0775 -0.9946 -0.0684
vn 0.3483 0.8818 -0.3182
vn -0.4049 0.8798 0.2490
vn -0.0799 -0.9946 0.0670
vn 0.1423 -0.2873 -0.9472
vn -0.5707 -0.5638 0.5970
vn 0.4285 0.0977 -0.8982
vn -0.7179 -0.3753 0.5864
vn 0.4279 -0.0945 -0.8989
vn -0.8403 -0.1953 0.5057
vn 0.4133 -0.2806 -0.8663
vn -0.9126 -0.0549 0.4051
vn 0.3849 -0.4576 -0.8015
vn -0.9304 0.0764 0.3584
vn 0.3430 -0.6195 -0.7061
vn -0.8877 0.2382 0.3940
vn 0.2879 -0.7601 -0.5826
vn -0.7761 0.4236 0.4671
vn 0.2201 -0.8731 -0.4350
vn 0.0490 0.9952 -0.0849
vn -0.6144 0.6088 0.5018
vn 0.1404 -0.9529 -0.2688
vn 0.1390 0.9569 -0.2549
vn -0.4459 0.7639 0.4665
vn 0.0495 -0.9946 -0.0908
vn 0.2184 0.8817 -0.4181
vn -0.2953 0.8798 0.3725
vn -0.0521 -0.9946 0.0903
vn 0.2867 0.7725 -0.5666
vn -0.1654 0.9567 0.2396
vn -0.1644 -0.9505 0.2638
vn 0.3427 0.6336 -0.6936
vn -0.0519 0.9952 0.0832
vn -0.2879 -0.8621 0.4171
vn 0.3856 0.4705 -0.7937
vn -0.4238 -0.7312 0.5346
vn -0.2317 -0.0953 0.9681
vn 0.1323 -0.4673 -0.8742
vn -0.2336 0.0978 0.9674
vn 0.1176 -0.6300 -0.7677
vn -0.2228 0.2898 0.9308
vn 0.0984 -0.7693 -0.6313
vn -0.2005 0.4708 0.8591
vn 0.0749 -0.8794 -0.4701
vn 0.0170 0.9952 -0.0965
vn -0.1694 0.6340 0.7546
vn 0.0475 -0.9559 -0.2900
vn 0.0485 0.9569 -0.2862
vn -0.1330 0.7728 0.6206
vn 0.0166 -0.9950 -0.0980
vn 0.0763 0.8819 -0.4652
vn -0.0941 0.8818 0.4621
vn -0.0173 -0.9950 0.0980
vn 0.0999 0.7729 -0.6266
vn -0.0552 0.9569 0.2850
vn -0.0534 -0.9556 0.2898
vn 0.1191 0.6343 -0.7638
vn -0.0178 0.9952 0.0964
vn -0.0908 -0.8783 0.4694
vn 0.1336 0.4713 -0.8718
vn -0.1281 -0.7666 0.6292
vn 0.1432 0.2902 -0.9462
vn -0.1634 -0.6259 0.7626
vn 0.1479 0.0980 -0.9841
vn -0.1943 -0.4624 0.8651
vn 0.1476 -0.0969 -0.9843
vn -0.2179 -0.2833 0.9339
vn -0.0483 -0.8809 0.4709
vn 0.0696 -0.4664 0.8818
vn -0.0078 0.4759 -0.8794
vn -0.0358 -0.7725 0.6340
vn -0.0035 0.2938 -0.9559
vn -0.0232 -0.6342 0.7728
vn -0.0007 0.0994 -0.9950
vn -0.0124 -0.4714 0.8818
vn -0.0000 -0.0995 -0.9950
vn -0.0048 -0.2903 0.9569
vn -0.0023 -0.2947 -0.9556
vn -0.0008 -0.0980 0.9952
vn -0.0079 -0.4781 -0.8783
vn -0.0169 -0.6418 -0.7666
vn -0.0019 0.2903 0.9569
vn -0.0285 -0.7794 -0.6259
vn -0.0057 0.4714 0.8819
vn -0.0411 -0.8857 -0.4624
vn -0.0256 0.9950 -0.0969
vn -0.0104 0.6344 0.7730
vn -0.0525 -0.9576 -0.2833
vn -0.0243 0.9575 -0.2873
vn -0.0154 0.7729 0.6343
vn -0.0601 -0.9936 -0.0953
vn -0.0215 0.8839 -0.4673
vn -0.0199 0.8818 0.4713
vn -0.0621 -0.9933 0.0978
vn -0.0175 0.7764 -0.6300
vn -0.0233 0.9567 0.2902
vn -0.0578 -0.9553 0.2898
vn -0.0127 0.6388 -0.7693
vn -0.0253 0.9949 0.0980
vn -0.0335 0.0921 0.9952
vn 0.0173 -0.0980 -0.9950
vn 0.0457 -0.2867 0.9569
vn 0.0489 -0.2907 -0.9556
vn 0.0163 -0.0966 0.9952
vn 0.0752 -0.4722 -0.8783
vn -0.0170 0.0965 0.9952
vn 0.0948 -0.6350 -0.7666
vn -0.0523 0.2855 0.9569
vn 0.1073 -0.7725 -0.6259
vn -0.0874 0.4632 0.8819
vn 0.1133 -0.8794 -0.4624
vn -0.1980 0.9754 -0.0969
vn -0.1204 0.6229 0.7730
vn 0.1146 -0.9522 -0.2833
vn -0.1902 0.9388 -0.2873
vn -0.1494 0.7585 0.6343
vn 0.1134 -0.9890 -0.0953
vn -0.1747 0.8667 -0.4673
vn -0.1727 0.8649 0.4713
vn 0.1113 -0.9890 0.0978
vn -0.1520 0.7616 -0.6300
vn -0.1890 0.9381 0.2902
vn 0.1090 -0.9509 0.2898
vn -0.1235 0.6269 -0.7693
vn -0.1976 0.9754 0.0980
vn 0.1054 -0.8759 0.4709
vn -0.0904 0.4674 -0.8794
vn 0.0989 -0.7670 0.6340
vn -0.0545 0.2887 -0.9559
vn 0.0873 -0.6286 0.7728
vn -0.0179 0.0978 -0.9950
vn -0.3813 0.5073 0.7728
vn 0.1810 -0.6299 -0.7553
vn -0.1032 0.2714 0.9569
vn 0.1935 -0.7696 -0.6085
vn -0.1724 0.4389 0.8819
vn 0.1865 -0.8777 -0.4415
vn -0.3871 0.9170 -0.0959
vn -0.2371 0.5887 0.7728
vn 0.1665 -0.9498 -0.2650
vn -0.3723 0.8835 -0.2843
vn -0.2934 0.7154 0.6341
vn 0.1455 -0.9855 -0.0877
vn -0.3427 0.8174 -0.4630
vn -0.3385 0.8146 0.4710
vn 0.1354 -0.9861 0.0958
vn -0.2995 0.7206 -0.6254
vn -0.3701 0.8826 0.2900
vn 0.1401 -0.9483 0.2849
vn -0.2443 0.5956 -0.7652
vn -0.3865 0.9171 0.0979
vn 0.1528 -0.8716 0.4657
vn -0.1797 0.4462 -0.8767
vn 0.1613 -0.7591 0.6307
vn -0.1089 0.2772 -0.9546
vn 0.1552 -0.6172 0.7714
vn -0.0359 0.0945 -0.9949
vn 0.1304 -0.4539 0.8814
vn 0.0347 -0.0953 -0.9948
vn 0.0881 -0.2768 0.9569
vn 0.0978 -0.2847 -0.9536
vn 0.0318 -0.0927 0.9952
vn 0.1481 -0.4656 -0.8725
vn -0.7618 0.5793 0.2900
vn 0.4067 -0.8743 -0.2650
vn -0.5883 0.7570 -0.2843
vn -0.4686 0.6151 0.6341
vn 0.3956 -0.9142 -0.0877
vn -0.5426 0.7009 -0.4630
vn -0.5378 0.6992 0.4710
vn 0.3860 -0.9175 0.0958
vn -0.4757 0.6185 -0.6254
vn -0.5859 0.7567 0.2900
vn 0.3807 -0.8797 0.2848
vn -0.3901 0.5121 -0.7652
vn -0.6107 0.7858 0.0979
vn 0.3732 -0.8024 0.4657
vn -0.2891 0.3845 -0.8767
vn 0.3523 -0.6915 0.6307
vn -0.1770 0.2396 -0.9546
vn 0.3096 -0.5560 0.7714
vn -0.0591 0.0820 -0.9949
vn 0.2435 -0.4047 0.8814
vn 0.0582 -0.0831 -0.9948
vn 0.1567 -0.2446 0.9569
vn 0.1681 -0.2497 -0.9536
vn 0.0548 -0.0813 0.9952
vn 0.2636 -0.4114 -0.8725
vn -0.0562 0.0803 0.9952
vn 0.3379 -0.5616 -0.7553
vn -0.1699 0.2354 0.9569
vn 0.3861 -0.6933 -0.6085
vn -0.2801 0.3793 0.8819
vn 0.4073 -0.7995 -0.4414
vn -0.6113 0.7856 -0.0958
vn 0.5461 -0.3267 0.7714
vn 0.5954 -0.7512 0.2848
vn -0.5094 0.3937 -0.7652
vn -0.7933 0.6010 0.0979
vn 0.5682 -0.6784 0.4657
vn -0.3787 0.2966 -0.8767
vn 0.5192 -0.5768 0.6307
vn -0.2329 0.1856 -0.9546
vn 0.4430 -0.4569 0.7714
vn -0.0783 0.0639 -0.9949
vn 0.3399 -0.3279 0.8814
vn 0.0777 -0.0652 -0.9948
vn 0.2147 -0.1957 0.9569
vn 0.2270 -0.1976 -0.9536
vn 0.0739 -0.0644 0.9952
vn 0.3611 -0.3292 -0.8725
vn -0.0751 0.0630 0.9952
vn 0.4717 -0.4550 -0.7553
vn -0.2250 0.1834 0.9569
vn 0.5524 -0.5698 -0.6085
vn -0.3688 0.2939 0.8819
vn 0.6003 -0.6669 -0.4415
vn -0.7938 0.6006 -0.0958
vn -0.4996 0.3913 0.7728
vn 0.6191 -0.7393 -0.2650
vn -0.7642 0.5789 -0.2843
vn -0.6118 0.4729 0.6341
vn 0.6188 -0.7807 -0.0877
vn -0.7055 0.5365 -0.4630
vn -0.7005 0.5362 0.4710
vn 0.6103 -0.7863 0.0958
vn -0.6196 0.4743 -0.6254
vn 0.0964 -0.0178 0.9952
vn -0.0922 0.0414 -0.9949
vn 0.4132 -0.2287 0.8814
vn 0.0919 -0.0429 -0.9948
vn 0.2580 -0.1335 0.9569
vn 0.2705 -0.1321 -0.9536
vn 0.0881 -0.0430 0.9952
vn 0.4340 -0.2245 -0.8725
vn -0.0888 0.0414 0.9952
vn 0.5734 -0.3174 -0.7553
vn -0.2648 0.1189 0.9569
vn 0.6810 -0.4074 -0.6085
vn -0.4322 0.1884 0.8819
vn 0.7525 -0.4888 -0.4415
vn -0.9222 0.3747 -0.0958
vn -0.5839 0.2486 0.7728
vn 0.7893 -0.5538 -0.2650
vn -0.8880 0.3614 -0.2843
vn -0.7134 0.2984 0.6341
vn 0.7997 -0.5939 -0.0877
vn -0.8204 0.3356 -0.4630
vn -0.8154 0.3366 0.4710
vn 0.7931 -0.6016 0.0958
vn -0.7213 0.2978 -0.6254
vn -0.8858 0.3624 0.2900
vn 0.7696 -0.5715 0.2848
vn -0.5939 0.2484 -0.7652
vn -0.9218 0.3752 0.0979
vn 0.7244 -0.5083 0.4657
vn -0.4426 0.1885 -0.8767
vn 0.6508 -0.4227 0.6307
vn -0.2731 0.1190 -0.9546
vn 0.4694 -0.0908 -0.8783
vn -0.0965 0.0170 0.9952
vn 0.6292 -0.1281 -0.7666
vn -0.2862 0.0485 0.9569
vn 0.7626 -0.1634 -0.6259
vn -0.4652 0.0763 0.8819
vn 0.8651 -0.1943 -0.4624
vn -0.9843 0.1476 -0.0969
vn -0.6265 0.0999 0.7730
vn 0.9339 -0.2180 -0.2833
vn -0.9472 0.1423 -0.2873
vn -0.7638 0.1191 0.6343
vn 0.9681 -0.2317 -0.0954
vn -0.8742 0.1323 -0.4673
vn -0.8718 0.1336 0.4713
vn 0.9674 -0.2336 0.0978
vn -0.7676 0.1176 -0.6300
vn -0.9462 0.1432 0.2902
vn 0.9308 -0.2228 0.2898
vn -0.6313 0.0984 -0.7693
vn -0.9841 0.1479 0.0980
vn 0.8591 -0.2005 0.4708
vn -0.4701 0.0749 -0.8794
vn 0.7545 -0.1694 0.6340
vn -0.2900 0.0475 -0.9559
vn 0.6206 -0.1330 0.7728
vn -0.0980 0.0166 -0.9950
vn 0.4620 -0.0941 0.8819
vn 0.0980 -0.0173 -0.9950
vn 0.2850 -0.0551 0.9569
vn 0.2899 -0.0534 -0.9556
vn -0.8853 -0.0425 -0.4630
vn -0.4602 -0.1401 -0.8767
vn -0.8812 -0.0395 0.4710
vn 0.9730 -0.2100 0.0958
vn -0.7795 -0.0350 -0.6254
vn -0.9559 -0.0459 0.2900
vn 0.9390 -0.1927 0.2848
vn -0.6432 -0.0258 -0.7652
vn -0.9940 -0.0495 0.0979
vn 0.8713 -0.1545 0.4657
vn -0.4808 -0.0162 -0.8767
vn 0.7685 -0.1081 0.6307
vn -0.2978 -0.0075 -0.9546
vn 0.6330 -0.0653 0.7714
vn -0.1011 -0.0014 -0.9949
vn 0.4711 -0.0327 0.8814
vn 0.1014 -0.0000 -0.9948
vn 0.2903 -0.0119 0.9569
vn 0.3010 -0.0055 -0.9536
vn 0.0980 -0.0018 0.9952
vn 0.4882 -0.0200 -0.8725
vn 0.6539 -0.0454 -0.7553
vn -0.2903 -0.0041 0.9569
vn 0.7894 -0.0814 -0.6085
vn -0.4714 -0.0119 0.8819
vn 0.8885 -0.1249 -0.4414
vn -0.9941 -0.0501 -0.0959
vn -0.6342 -0.0214 0.7728
vn 0.9494 -0.1683 -0.2650
vn -0.9575 -0.0477 -0.2843
vn -0.7726 -0.0310 0.6341
vn 0.9758 -0.2003 -0.0877
vn 0.0903 0.0521 -0.9946
vn 0.7703 0.0945 0.6307
vn -0.2857 -0.0843 -0.9546
vn 0.6284 0.1008 0.7714
vn -0.0973 -0.0275 -0.9949
vn 0.4636 0.0904 0.8814
vn 0.0980 0.0263 -0.9948
vn 0.2835 0.0636 0.9569
vn 0.2921 0.0726 -0.9536
vn 0.0951 0.0236 0.9952
vn 0.4767 0.1070 -0.8725
vn -0.0947 -0.0254 0.9952
vn 0.6433 0.1254 -0.7553
vn -0.2793 -0.0791 0.9569
vn 0.7836 0.1257 -0.6085
vn -0.4522 -0.1335 0.8819
vn 0.8906 0.1093 -0.4415
vn -0.9473 -0.3057 -0.0959
vn -0.6071 -0.1849 0.7728
vn 0.9607 0.0831 -0.2650
vn -0.9126 -0.2939 -0.2843
vn -0.7383 -0.2300 0.6341
vn 0.9944 0.0591 -0.0877
vn -0.8442 -0.2702 -0.4630
vn -0.8410 -0.2662 0.4710
vn 0.9942 0.0489 0.0958
vn -0.7439 -0.2355 -0.6254
vn -0.9115 -0.2917 0.2900
vn 0.9569 0.0569 0.2848
vn -0.6146 -0.1914 -0.7652
vn -0.9473 -0.3051 0.0979
vn 0.8816 0.0763 0.4657
vn 0.3291 0.3611 -0.8725
vn 0.2630 0.1248 0.9567
vn 0.2742 0.1463 -0.9505
vn 0.0865 0.0462 0.9952
vn 0.4579 0.2173 -0.8620
vn -0.0849 -0.0490 0.9952
vn 0.6343 0.2510 -0.7312
vn -0.2479 -0.1513 0.9569
vn 0.7927 0.2317 -0.5639
vn -0.3982 -0.2529 0.8817
vn 0.9149 0.1489 -0.3753
vn -0.8200 -0.5645 -0.0945
vn -0.5316 -0.3473 0.7725
vn 0.9806 0.0178 -0.1953
vn -0.7911 -0.5436 -0.2806
vn -0.6436 -0.4293 0.6336
vn 0.9929 -0.1055 -0.0549
vn -0.7341 -0.5017 -0.4576
vn -0.7308 -0.4946 0.4704
vn 0.9850 -0.1548 0.0764
vn -0.6501 -0.4400 -0.6195
vn -0.7903 -0.5401 0.2895
vn 0.9658 -0.1026 0.2382
vn -0.5406 -0.3606 -0.7601
vn -0.8202 -0.5636 0.0977
vn 0.9057 0.0164 0.4236
vn -0.4082 -0.2667 -0.8731
vn 0.7830 0.1274 0.6088
vn -0.2560 -0.1625 -0.9529
vn 0.6194 0.1810 0.7639
vn -0.0882 -0.0539 -0.9946
vn 0.4420 0.1749 0.8798
vn 0.4887 0.7525 -0.4415
vn -0.0630 -0.0751 0.9952
vn 0.4550 0.4717 -0.7553
vn -0.1834 -0.2250 0.9569
vn 0.5698 0.5524 -0.6085
vn -0.6006 -0.7938 -0.0959
vn -0.2939 -0.3688 0.8819
vn 0.6669 0.6003 -0.4415
vn -0.5789 -0.7642 -0.2843
vn -0.3913 -0.4996 0.7728
vn 0.7393 0.6191 -0.2649
vn -0.5365 -0.7055 -0.4630
vn -0.4729 -0.6118 0.6341
vn 0.7807 0.6188 -0.0877
vn -0.4743 -0.6196 -0.6254
vn -0.5362 -0.7005 0.4710
vn 0.7863 0.6103 0.0958
vn -0.3937 -0.5094 -0.7652
vn -0.5793 -0.7618 0.2900
vn 0.7512 0.5954 0.2848
vn -0.2966 -0.3787 -0.8767
vn -0.6010 -0.7933 0.0979
vn 0.6784 0.5682 0.4657
vn 0.5768 0.5192 0.6307
vn -0.1856 -0.2329 -0.9546
vn 0.4569 0.4430 0.7714
vn -0.0639 -0.0784 -0.9949
vn 0.3279 0.3399 0.8814
vn 0.0652 0.0777 -0.9948
vn 0.1957 0.2147 0.9569
vn 0.1976 0.2270 -0.9536
vn 0.0644 0.0739 0.9952
vn 0.0118 0.9951 0.0980
vn -0.3747 -0.9222 -0.0959
vn -0.2486 -0.5839 0.7728
vn 0.5538 0.7893 -0.2650
vn -0.3614 -0.8880 -0.2843
vn -0.2984 -0.7134 0.6341
vn 0.5939 0.7997 -0.0877
vn -0.3356 -0.8204 -0.4630
vn -0.3366 -0.8154 0.4710
vn 0.6016 0.7931 0.0958
vn -0.2978 -0.7213 -0.6254
vn -0.3624 -0.8858 0.2900
vn 0.5715 0.7696 0.2848
vn -0.2484 -0.5939 -0.7652
vn -0.3752 -0.9218 0.0979
vn 0.5083 0.7244 0.4657
vn -0.1885 -0.4426 -0.8767
vn 0.4227 0.6508 0.6307
vn -0.1190 -0.2730 -0.9546
vn 0.3267 0.5461 0.7714
vn -0.0414 -0.0922 -0.9949
vn 0.2287 0.4132 0.8814
vn 0.0429 0.0919 -0.9948
vn 0.1335 0.2580 0.9569
vn 0.1321 0.2705 -0.9536
vn 0.0430 0.0881 0.9952
vn 0.2245 0.4340 -0.8725
vn -0.0414 -0.0888 0.9952
vn 0.3174 0.5734 -0.7553
vn -0.1189 -0.2648 0.9569
vn 0.4074 0.6810 -0.6085
vn -0.1884 -0.4322 0.8819
vn -0.0128 -0.7768 -0.6296
vn -0.0160 -0.9568 0.2903
vn 0.0114 0.9569 0.2903
vn -0.0104 -0.6391 -0.7691
vn -0.0168 -0.9950 0.0980
vn 0.0106 0.8819 0.4714
vn -0.0076 -0.4760 -0.8794
vn 0.0095 0.7730 0.6344
vn -0.0045 -0.2936 -0.9559
vn 0.0080 0.6344 0.7730
vn -0.0015 -0.0993 -0.9951
vn 0.0062 0.4714 0.8819
vn 0.0014 0.0993 -0.9951
vn 0.0039 0.2903 0.9569
vn 0.0041 0.2937 -0.9559
vn 0.0014 0.0980 0.9952
vn 0.0064 0.4761 -0.8794
vn -0.0014 -0.0980 0.9952
vn 0.0083 0.6393 -0.7689
vn -0.0043 -0.2903 0.9569
vn 0.0098 0.7770 -0.6294
vn -0.0073 -0.4714 0.8819
vn 0.0109 0.8844 -0.4666
vn -0.0169 -0.9952 -0.0968
vn -0.0101 -0.6343 0.7730
vn 0.0116 0.9579 -0.2868
vn -0.0162 -0.9578 -0.2870
vn -0.0126 -0.7729 0.6344
vn 0.0119 0.9952 -0.0967
vn -0.0148 -0.8842 -0.4668
vn -0.0146 -0.8818 0.4713
vn 0.4814 0.0474 -0.8752
vn 0.5732 -0.4704 0.6709
vn 0.4615 0.2467 0.8522
vn 0.3496 0.6540 0.6709
vn -0.7096 0.2153 0.6709
vn 0.0727 -0.7380 0.6709
vn -0.0727 -0.7380 0.6709
vn 0.7096 0.2153 0.6709
vn -0.3496 0.6540 0.6709
vn -0.5732 -0.4704 0.6709
vn 0.6540 -0.3496 0.6709
vn 0.2153 0.7096 0.6709
vn -0.7380 0.0727 0.6709
vn 0.2153 -0.7096 0.6709
vn 0.6540 0.3496 0.6709
vn -0.4704 0.5732 0.6709
vn -0.4704 -0.5732 0.6709
vn 0.7096 -0.2153 0.6709
vn 0.0727 0.7380 0.6709
vn -0.7380 -0.0727 0.6709
vn 0.3496 -0.6540 0.6709
vn 0.5732 0.4704 0.6709
vn -0.5732 0.4704 0.6709
vn -0.3496 -0.6540 0.6709
vn 0.7380 -0.0727 0.6709
vn -0.0727 0.7380 0.6709
vn -0.7096 -0.2153 0.6709
vn 0.4704 -0.5732 0.6709
vn 0.4704 0.5732 0.6709
vn -0.6540 0.3496 0.6709
vn -0.2153 -0.7096 0.6709
vn 0.7380 0.0727 0.6709
vn -0.2153 0.7096 0.6709
vn -0.6540 -0.3496 0.6709
vn 0.2147 0.4018 0.8902
vn -0.5208 -0.0513 0.8522
vn 0.4045 0.3320 0.8522
vn -0.5008 -0.1519 0.8522
vn 0.3320 0.4045 0.8522
vn -0.4615 -0.2467 0.8522
vn 0.2467 0.4615 0.8522
vn 0.0513 -0.5208 0.8522
vn -0.4045 -0.3320 0.8522
vn 0.1519 0.5008 0.8522
vn 0.1519 -0.5007 0.8522
vn -0.3320 -0.4045 0.8522
vn 0.0513 0.5208 0.8522
vn 0.2467 -0.4615 0.8522
vn -0.2467 -0.4615 0.8522
vn -0.0513 0.5208 0.8522
vn 0.3320 -0.4045 0.8522
vn -0.1519 -0.5008 0.8522
vn -0.1519 0.5008 0.8522
vn 0.4045 -0.3320 0.8522
vn -0.0513 -0.5208 0.8522
vn -0.2467 0.4615 0.8522
vn 0.4615 -0.2467 0.8522
vn -0.3320 0.4045 0.8522
vn 0.5008 -0.1519 0.8522
vn -0.4045 0.3320 0.8522
vn 0.5208 -0.0513 0.8522
vn -0.4615 0.2467 0.8522
vn 0.5208 0.0513 0.8522
vn -0.5007 0.1519 0.8522
vn 0.5007 0.1519 0.8522
vn -0.5208 0.0513 0.8522
vn 0.1897 -0.2311 0.9543
vn 0.0447 -0.4533 0.8902
vn -0.3521 -0.2890 0.8902
vn 0.1322 0.4359 0.8902
vn 0.1322 -0.4359 0.8902
vn -0.2890 -0.3521 0.8902
vn 0.0447 0.4534 0.8902
vn 0.2147 -0.4018 0.8902
vn -0.2147 -0.4018 0.8902
vn -0.0446 0.4533 0.8902
vn 0.2890 -0.3521 0.8902
vn -0.1322 -0.4359 0.8902
vn -0.1322 0.4359 0.8902
vn 0.3521 -0.2890 0.8902
vn -0.0447 -0.4533 0.8902
vn -0.2147 0.4018 0.8902
vn 0.4018 -0.2147 0.8902
vn -0.2890 0.3521 0.8902
vn 0.4359 -0.1322 0.8902
vn -0.3521 0.2890 0.8902
vn 0.4533 -0.0447 0.8902
vn -0.4018 0.2147 0.8902
vn 0.4533 0.0447 0.8902
vn -0.4359 0.1322 0.8902
vn 0.4359 0.1322 0.8902
vn -0.4533 0.0447 0.8902
vn 0.4018 0.2147 0.8902
vn -0.4533 -0.0447 0.8902
vn 0.3521 0.2890 0.8902
vn -0.4359 -0.1322 0.8902
vn 0.2890 0.3521 0.8902
vn -0.4018 -0.2147 0.8902
vn -0.0868 -0.2861 0.9543
vn -0.0868 0.2861 0.9543
vn 0.2311 -0.1897 0.9543
vn -0.0293 -0.2975 0.9543
vn -0.1409 0.2637 0.9543
vn 0.2637 -0.1409 0.9543
vn -0.1897 0.2311 0.9543
vn 0.2861 -0.0868 0.9543
vn -0.2311 0.1897 0.9543
vn 0.2975 -0.0293 0.9543
vn -0.2637 0.1409 0.9543
vn 0.2975 0.0293 0.9543
vn -0.2861 0.0868 0.9543
vn 0.2861 0.0868 0.9543
vn -0.2975 0.0293 0.9543
vn 0.2637 0.1409 0.9543
vn -0.2975 -0.0293 0.9543
vn 0.2311 0.1897 0.9543
vn -0.2861 -0.0868 0.9543
vn 0.1897 0.2311 0.9543
vn -0.2637 -0.1409 0.9543
vn 0.1409 0.2637 0.9543
vn 0.0293 -0.2975 0.9543
vn -0.2311 -0.1897 0.9543
vn 0.0868 0.2861 0.9543
vn 0.0868 -0.2861 0.9543
vn -0.1897 -0.2311 0.9543
vn 0.0293 0.2975 0.9543
vn 0.1409 -0.2637 0.9543
vn -0.1409 -0.2637 0.9543
vn -0.0293 0.2975 0.9543
vn 0.4003 0.1214 -0.9083
vn -0.1404 0.4629 -0.8752
vn -0.4266 -0.2280 -0.8752
vn 0.3739 -0.3069 -0.8752
vn 0.2280 0.4266 -0.8752
vn 0.0474 -0.4814 -0.8752
vn -0.4629 0.1404 -0.8752
vn -0.0474 -0.4814 -0.8752
vn 0.4629 0.1404 -0.8752
vn -0.2280 0.4266 -0.8752
vn -0.3739 -0.3069 -0.8752
vn 0.4266 -0.2280 -0.8752
vn 0.1404 0.4629 -0.8752
vn -0.4814 0.0474 -0.8752
vn 0.1404 -0.4629 -0.8752
vn 0.4266 0.2280 -0.8752
vn -0.3069 0.3739 -0.8752
vn -0.3069 -0.3739 -0.8752
vn 0.4629 -0.1404 -0.8752
vn 0.0474 0.4814 -0.8752
vn -0.4814 -0.0474 -0.8752
vn 0.2280 -0.4266 -0.8752
vn 0.3739 0.3069 -0.8752
vn -0.3739 0.3069 -0.8752
vn -0.2280 -0.4266 -0.8752
vn 0.4814 -0.0474 -0.8752
vn -0.0474 0.4814 -0.8752
vn -0.4629 -0.1404 -0.8752
vn 0.3069 -0.3739 -0.8752
vn 0.3069 0.3739 -0.8752
vn -0.4266 0.2280 -0.8752
vn -0.1404 -0.4629 -0.8752
vn 0.1982 0.2416 -0.9499
vn -0.4163 0.0410 -0.9083
vn 0.3689 0.1972 -0.9083
vn -0.4163 -0.0410 -0.9083
vn 0.3234 0.2654 -0.9083
vn -0.4003 -0.1214 -0.9083
vn 0.2654 0.3234 -0.9083
vn -0.3689 -0.1972 -0.9083
vn 0.1972 0.3689 -0.9083
vn 0.0410 -0.4163 -0.9083
vn -0.3234 -0.2654 -0.9083
vn 0.1214 0.4003 -0.9083
vn 0.1214 -0.4003 -0.9083
vn -0.2654 -0.3234 -0.9083
vn 0.0410 0.4163 -0.9083
vn 0.1972 -0.3689 -0.9083
vn -0.1972 -0.3689 -0.9083
vn -0.0410 0.4163 -0.9083
vn 0.2654 -0.3234 -0.9083
vn -0.1214 -0.4003 -0.9083
vn -0.1214 0.4003 -0.9083
vn 0.3234 -0.2654 -0.9083
vn -0.0410 -0.4163 -0.9083
vn -0.1972 0.3689 -0.9083
vn 0.3689 -0.1972 -0.9083
vn -0.2654 0.3234 -0.9083
vn 0.4003 -0.1214 -0.9083
vn -0.3234 0.2654 -0.9083
vn 0.4163 -0.0410 -0.9083
vn -0.3689 0.1972 -0.9083
vn 0.4163 0.0410 -0.9083
vn -0.4003 0.1214 -0.9083
vn -0.2756 -0.1473 -0.9499
vn 0.1473 0.2756 -0.9499
vn 0.0306 -0.3110 -0.9499
vn -0.2416 -0.1982 -0.9499
vn 0.0907 0.2990 -0.9499
vn 0.0907 -0.2990 -0.9499
vn -0.1982 -0.2416 -0.9499
vn 0.0306 0.3110 -0.9499
vn 0.1473 -0.2756 -0.9499
vn -0.1473 -0.2756 -0.9499
vn -0.0306 0.3110 -0.9499
vn 0.1982 -0.2416 -0.9499
vn -0.0907 -0.2990 -0.9499
vn -0.0907 0.2990 -0.9499
vn 0.2416 -0.1982 -0.9499
vn -0.0306 -0.3110 -0.9499
vn -0.1473 0.2756 -0.9499
vn 0.2756 -0.1473 -0.9499
vn -0.1982 0.2416 -0.9499
vn 0.2990 -0.0907 -0.9499
vn -0.2416 0.1982 -0.9499
vn 0.3110 -0.0306 -0.9499
vn -0.2756 0.1473 -0.9499
vn 0.3110 0.0306 -0.9499
vn -0.2990 0.0907 -0.9499
vn 0.2990 0.0907 -0.9499
vn -0.3110 0.0306 -0.9499
vn 0.2756 0.1473 -0.9499
vn -0.3110 -0.0306 -0.9499
vn 0.2416 0.1982 -0.9499
vn -0.2990 -0.0907 -0.9499
vn 0.0980 -0.9951 0.0148
vn 0.2903 -0.9568 0.0148
vn 0.4713 -0.8818 0.0148
vn 0.6343 -0.7729 0.0148
vn 0.7729 -0.6343 0.0148
vn 0.8818 -0.4713 0.0148
vn 0.9568 -0.2903 0.0148
vn 0.9951 -0.0980 0.0148
vn 0.9951 0.0980 0.0148
vn 0.9568 0.2903 0.0148
vn 0.8818 0.4713 0.0148
vn 0.7729 0.6343 0.0148
vn 0.6343 0.7729 0.0148
vn 0.4713 0.8818 0.0148
vn 0.2903 0.9568 0.0148
vn 0.0980 0.9951 0.0148
vn -0.0980 0.9951 0.0148
vn -0.2903 0.9568 0.0148
vn -0.4713 0.8818 0.0148
vn -0.6343 0.7729 0.0148
vn -0.7729 0.6343 0.0148
vn -0.8818 0.4713 0.0148
vn -0.9568 0.2903 0.0148
vn -0.9951 0.0980 0.0148
vn -0.9951 -0.0980 0.0148
vn -0.9568 -0.2903 0.0148
vn -0.8818 -0.4713 0.0148
vn -0.7729 -0.6343 0.0148
vn -0.6343 -0.7729 0.0148
vn -0.4713 -0.8818 0.0148
vn 0.9282 0.0914 -0.3606
vn -0.2903 -0.9568 0.0148
vn -0.0980 -0.9951 0.0148
vn 0.7590 -0.6229 0.1898
vn 0.8329 0.4452 0.3286
vn 0.4628 0.8659 0.1898
vn -0.9395 0.2850 0.1898
vn 0.0962 -0.9771 0.1898
vn -0.0962 -0.9771 0.1898
vn 0.9395 0.2850 0.1898
vn -0.4628 0.8659 0.1898
vn -0.7590 -0.6229 0.1898
vn 0.8659 -0.4628 0.1898
vn 0.2850 0.9395 0.1898
vn -0.9771 0.0962 0.1898
vn 0.2850 -0.9395 0.1898
vn 0.8659 0.4628 0.1898
vn -0.6229 0.7590 0.1898
vn -0.6229 -0.7590 0.1898
vn 0.9395 -0.2850 0.1898
vn 0.0962 0.9771 0.1898
vn -0.9771 -0.0962 0.1898
vn 0.4628 -0.8659 0.1898
vn 0.7590 0.6229 0.1898
vn -0.7590 0.6229 0.1898
vn -0.4628 -0.8659 0.1898
vn 0.9771 -0.0962 0.1898
vn -0.0962 0.9771 0.1898
vn -0.9395 -0.2850 0.1898
vn 0.6229 -0.7590 0.1898
vn 0.6229 0.7590 0.1898
vn -0.8659 0.4628 0.1898
vn -0.2850 -0.9395 0.1898
vn 0.9771 0.0962 0.1898
vn -0.2850 0.9395 0.1898
vn -0.8659 -0.4628 0.1898
vn 0.4350 0.8138 0.3853
vn -0.9399 -0.0926 0.3286
vn 0.7301 0.5992 0.3286
vn -0.9038 -0.2742 0.3286
vn 0.5992 0.7301 0.3286
vn -0.8329 -0.4452 0.3286
vn 0.4452 0.8329 0.3286
vn 0.0926 -0.9399 0.3286
vn -0.7301 -0.5992 0.3286
vn 0.2742 0.9038 0.3286
vn 0.2742 -0.9038 0.3286
vn -0.5992 -0.7301 0.3286
vn 0.0926 0.9399 0.3286
vn 0.4452 -0.8329 0.3286
vn -0.4452 -0.8329 0.3286
vn -0.0926 0.9399 0.3286
vn 0.5992 -0.7301 0.3286
vn -0.2742 -0.9038 0.3286
vn -0.2742 0.9038 0.3286
vn 0.7301 -0.5992 0.3286
vn -0.0926 -0.9399 0.3286
vn -0.4452 0.8329 0.3286
vn 0.8329 -0.4452 0.3286
vn -0.5992 0.7301 0.3286
vn 0.9038 -0.2742 0.3286
vn -0.7301 0.5992 0.3286
vn 0.9399 -0.0926 0.3286
vn -0.8329 0.4452 0.3286
vn 0.9399 0.0926 0.3286
vn -0.9038 0.2742 0.3286
vn 0.9038 0.2742 0.3286
vn -0.9399 0.0926 0.3286
vn 0.5241 -0.6386 0.5634
vn 0.0904 -0.9183 0.3853
vn -0.7133 -0.5854 0.3853
vn 0.2679 0.8830 0.3853
vn 0.2679 -0.8831 0.3853
vn -0.5854 -0.7133 0.3853
vn 0.0905 0.9183 0.3853
vn 0.4350 -0.8138 0.3853
vn -0.4350 -0.8138 0.3853
vn -0.0905 0.9183 0.3853
vn 0.5854 -0.7133 0.3853
vn -0.2679 -0.8830 0.3853
vn -0.2679 0.8830 0.3853
vn 0.7133 -0.5854 0.3853
vn -0.0905 -0.9183 0.3853
vn -0.4350 0.8138 0.3853
vn 0.8138 -0.4350 0.3853
vn -0.5854 0.7133 0.3853
vn 0.8831 -0.2679 0.3853
vn -0.7133 0.5854 0.3853
vn 0.9183 -0.0904 0.3853
vn -0.8138 0.4350 0.3853
vn 0.9183 0.0904 0.3853
vn -0.8830 0.2679 0.3853
vn 0.8831 0.2679 0.3853
vn -0.9183 0.0904 0.3853
vn 0.8138 0.4350 0.3853
vn -0.9183 -0.0904 0.3853
vn 0.7133 0.5854 0.3853
vn -0.8830 -0.2679 0.3853
vn 0.5854 0.7133 0.3853
vn -0.8138 -0.4350 0.3853
vn -0.2399 -0.7906 0.5634
vn -0.2398 0.7906 0.5634
vn 0.6386 -0.5241 0.5634
vn -0.0810 -0.8222 0.5634
vn -0.3894 0.7286 0.5634
vn 0.7286 -0.3894 0.5635
vn -0.5241 0.6386 0.5634
vn 0.7906 -0.2398 0.5634
vn -0.6386 0.5241 0.5634
vn 0.8222 -0.0810 0.5634
vn -0.7286 0.3894 0.5634
vn 0.8222 0.0810 0.5634
vn -0.7906 0.2398 0.5634
vn 0.7906 0.2398 0.5635
vn -0.8222 0.0810 0.5634
vn 0.7286 0.3894 0.5634
vn -0.8222 -0.0810 0.5634
vn 0.6386 0.5241 0.5634
vn -0.7906 -0.2398 0.5635
vn 0.5241 0.6386 0.5634
vn -0.7286 -0.3894 0.5634
vn 0.3894 0.7286 0.5634
vn 0.0810 -0.8222 0.5634
vn -0.6386 -0.5241 0.5634
vn 0.2398 0.7906 0.5634
vn 0.2398 -0.7906 0.5634
vn -0.5241 -0.6386 0.5634
vn 0.0810 0.8222 0.5634
vn 0.3894 -0.7286 0.5634
vn -0.3894 -0.7286 0.5635
vn -0.0810 0.8222 0.5634
vn 0.8681 0.2633 -0.4209
vn -0.2707 0.8926 -0.3606
vn -0.8226 -0.4397 -0.3606
vn 0.7210 -0.5917 -0.3606
vn 0.4397 0.8226 -0.3606
vn 0.0914 -0.9282 -0.3606
vn -0.8926 0.2708 -0.3606
vn -0.0914 -0.9282 -0.3606
vn 0.8926 0.2708 -0.3606
vn -0.4397 0.8226 -0.3606
vn -0.7210 -0.5917 -0.3606
vn 0.8226 -0.4397 -0.3606
vn 0.2707 0.8926 -0.3606
vn -0.9282 0.0914 -0.3606
vn 0.2708 -0.8926 -0.3606
vn 0.8226 0.4397 -0.3606
vn -0.5917 0.7210 -0.3606
vn -0.5917 -0.7210 -0.3606
vn 0.8926 -0.2708 -0.3606
vn 0.0914 0.9282 -0.3606
vn -0.9282 -0.0914 -0.3606
vn 0.4397 -0.8226 -0.3606
vn 0.7210 0.5917 -0.3606
vn -0.7210 0.5917 -0.3606
vn -0.4397 -0.8226 -0.3606
vn 0.9282 -0.0914 -0.3606
vn -0.0914 0.9282 -0.3606
vn -0.8926 -0.2708 -0.3606
vn 0.5917 -0.7210 -0.3606
vn 0.5917 0.7210 -0.3606
vn -0.8226 0.4397 -0.3606
vn -0.2708 -0.8926 -0.3606
vn -0.5701 -0.6947 -0.4386
vn -0.9028 0.0889 -0.4209
vn 0.8000 0.4276 -0.4209
vn -0.9028 -0.0889 -0.4209
vn 0.7012 0.5755 -0.4209
vn -0.8681 -0.2633 -0.4209
vn 0.5755 0.7012 -0.4209
vn -0.8000 -0.4276 -0.4209
vn 0.4276 0.8000 -0.4209
vn 0.0889 -0.9028 -0.4209
vn -0.7012 -0.5755 -0.4209
vn 0.2633 0.8681 -0.4209
vn 0.2633 -0.8681 -0.4209
vn -0.5755 -0.7012 -0.4209
vn 0.0889 0.9028 -0.4209
vn 0.4276 -0.8000 -0.4209
vn -0.4276 -0.8000 -0.4209
vn -0.0889 0.9028 -0.4209
vn 0.5755 -0.7012 -0.4209
vn -0.2633 -0.8681 -0.4209
vn -0.2633 0.8681 -0.4209
vn 0.7012 -0.5755 -0.4209
vn -0.0889 -0.9028 -0.4209
vn -0.4276 0.8000 -0.4209
vn 0.8000 -0.4276 -0.4209
vn -0.5755 0.7012 -0.4209
vn 0.8681 -0.2633 -0.4209
vn -0.7012 0.5755 -0.4209
vn 0.9028 -0.0889 -0.4209
vn -0.8000 0.4276 -0.4209
vn 0.9028 0.0889 -0.4209
vn -0.8681 0.2633 -0.4209
vn 0.7926 0.4236 -0.4386
vn -0.4236 -0.7926 -0.4386
vn -0.0881 0.8944 -0.4386
vn 0.6947 0.5701 -0.4386
vn -0.2609 -0.8600 -0.4386
vn -0.2609 0.8600 -0.4386
vn 0.5701 0.6947 -0.4386
vn -0.0881 -0.8944 -0.4386
vn -0.4236 0.7926 -0.4386
vn 0.4236 0.7926 -0.4386
vn 0.0881 -0.8944 -0.4386
vn -0.5701 0.6947 -0.4386
vn 0.2609 0.8600 -0.4386
vn 0.2609 -0.8600 -0.4386
vn -0.6947 0.5701 -0.4386
vn 0.0881 0.8944 -0.4386
vn 0.4236 -0.7926 -0.4386
vn -0.7926 0.4236 -0.4386
vn 0.5701 -0.6947 -0.4386
vn -0.8600 0.2609 -0.4386
vn 0.6947 -0.5701 -0.4386
vn -0.8944 0.0881 -0.4386
vn 0.7926 -0.4236 -0.4386
vn -0.8944 -0.0881 -0.4386
vn 0.8600 -0.2609 -0.4386
vn -0.8600 -0.2609 -0.4386
vn 0.8944 -0.0881 -0.4386
vn -0.7926 -0.4236 -0.4386
vn 0.8944 0.0881 -0.4386
vn -0.6947 -0.5701 -0.4386
vn 0.8600 0.2609 -0.4386
vn 0.8566 0.0844 -0.5090
vn 0.7413 -0.6084 0.2835
vn 0.7785 0.4161 0.4698
vn 0.4521 0.8457 0.2835
vn -0.9177 0.2784 0.2835
vn 0.0940 -0.9543 0.2835
vn -0.0940 -0.9543 0.2835
vn 0.9177 0.2784 0.2835
vn -0.4521 0.8457 0.2835
vn -0.7413 -0.6084 0.2835
vn 0.8457 -0.4521 0.2835
vn 0.2784 0.9177 0.2835
vn -0.9543 0.0940 0.2835
vn 0.2784 -0.9177 0.2835
vn 0.8457 0.4521 0.2835
vn -0.6084 0.7413 0.2835
vn -0.6084 -0.7413 0.2835
vn 0.9177 -0.2784 0.2835
vn 0.0940 0.9543 0.2835
vn -0.9543 -0.0940 0.2835
vn 0.4521 -0.8457 0.2835
vn 0.7413 0.6084 0.2835
vn -0.7413 0.6084 0.2835
vn -0.4521 -0.8457 0.2835
vn 0.9543 -0.0940 0.2835
vn -0.0940 0.9543 0.2835
vn -0.9177 -0.2784 0.2835
vn 0.6084 -0.7413 0.2835
vn 0.6084 0.7413 0.2835
vn -0.8457 0.4521 0.2835
vn -0.2784 -0.9177 0.2835
vn 0.9543 0.0940 0.2835
vn -0.2784 0.9177 0.2835
vn -0.8457 -0.4521 0.2835
vn 0.3973 0.7433 0.5382
vn -0.8785 -0.0865 0.4698
vn 0.6824 0.5600 0.4698
vn -0.8448 -0.2563 0.4698
vn 0.5600 0.6824 0.4698
vn -0.7785 -0.4161 0.4698
vn 0.4161 0.7785 0.4698
vn 0.0865 -0.8785 0.4698
vn -0.6824 -0.5600 0.4698
vn 0.2563 0.8448 0.4698
vn 0.2563 -0.8448 0.4698
vn -0.5600 -0.6824 0.4698
vn 0.0865 0.8785 0.4698
vn 0.4161 -0.7785 0.4698
vn -0.4161 -0.7785 0.4698
vn -0.0865 0.8785 0.4698
vn 0.5600 -0.6824 0.4698
vn -0.2563 -0.8448 0.4698
vn -0.2563 0.8448 0.4698
vn 0.6824 -0.5600 0.4698
vn -0.0865 -0.8785 0.4698
vn -0.4161 0.7785 0.4698
vn 0.7785 -0.4161 0.4698
vn -0.5600 0.6824 0.4698
vn 0.8448 -0.2563 0.4698
vn -0.6824 0.5600 0.4698
vn 0.8785 -0.0865 0.4698
vn -0.7785 0.4161 0.4698
vn 0.8785 0.0865 0.4698
vn -0.8448 0.2563 0.4698
vn 0.8448 0.2563 0.4698
vn -0.8785 0.0865 0.4698
vn 0.4390 -0.5350 0.7219
vn 0.0826 -0.8387 0.5382
vn -0.6515 -0.5347 0.5382
vn 0.2447 0.8065 0.5382
vn 0.2446 -0.8065 0.5382
vn -0.5347 -0.6515 0.5382
vn 0.0826 0.8387 0.5382
vn 0.3973 -0.7433 0.5382
vn -0.3973 -0.7433 0.5382
vn -0.0826 0.8387 0.5382
vn 0.5347 -0.6515 0.5382
vn -0.2446 -0.8065 0.5382
vn -0.2446 0.8065 0.5382
vn 0.6515 -0.5347 0.5382
vn -0.0826 -0.8387 0.5382
vn -0.3973 0.7433 0.5382
vn 0.7433 -0.3973 0.5382
vn -0.5347 0.6515 0.5382
vn 0.8065 -0.2447 0.5382
vn -0.6515 0.5347 0.5382
vn 0.8387 -0.0826 0.5382
vn -0.7433 0.3973 0.5382
vn 0.8387 0.0826 0.5382
vn -0.8065 0.2446 0.5382
vn 0.8065 0.2447 0.5382
vn -0.8387 0.0826 0.5382
vn 0.7433 0.3973 0.5382
vn -0.8387 -0.0826 0.5382
vn 0.6515 0.5347 0.5382
vn -0.8065 -0.2447 0.5382
vn 0.5347 0.6515 0.5382
vn -0.7433 -0.3973 0.5382
vn -0.2009 -0.6622 0.7219
vn -0.2008 0.6622 0.7219
vn 0.5350 -0.4390 0.7219
vn -0.0678 -0.6887 0.7219
vn -0.3262 0.6103 0.7219
vn 0.6103 -0.3262 0.7219
vn -0.4390 0.5349 0.7219
vn 0.6622 -0.2009 0.7219
vn -0.5349 0.4390 0.7219
vn 0.6887 -0.0678 0.7219
vn -0.6103 0.3262 0.7219
vn 0.6887 0.0678 0.7219
vn -0.6623 0.2009 0.7218
vn 0.6622 0.2009 0.7219
vn -0.6887 0.0678 0.7219
vn 0.6103 0.3262 0.7219
vn -0.6887 -0.0678 0.7219
vn 0.5350 0.4390 0.7219
vn -0.6622 -0.2009 0.7219
vn 0.4390 0.5349 0.7219
vn -0.6103 -0.3262 0.7219
vn 0.3262 0.6103 0.7219
vn 0.0679 -0.6887 0.7219
vn -0.5350 -0.4390 0.7218
vn 0.2009 0.6622 0.7219
vn 0.2010 -0.6622 0.7218
vn -0.4390 -0.5350 0.7219
vn 0.0679 0.6887 0.7219
vn 0.3262 -0.6103 0.7219
vn -0.3263 -0.6103 0.7219
vn -0.0678 0.6887 0.7219
vn 0.3327 0.1009 0.9376
vn -0.2499 0.8237 -0.5090
vn -0.7591 -0.4058 -0.5090
vn 0.6654 -0.5461 -0.5090
vn 0.4058 0.7591 -0.5090
vn 0.0844 -0.8566 -0.5090
vn -0.8237 0.2499 -0.5090
vn -0.0844 -0.8566 -0.5090
vn 0.8237 0.2499 -0.5090
vn -0.4058 0.7591 -0.5090
vn -0.6654 -0.5461 -0.5090
vn 0.7591 -0.4058 -0.5090
vn 0.2499 0.8237 -0.5090
vn -0.8566 0.0844 -0.5090
vn 0.2499 -0.8237 -0.5090
vn 0.7591 0.4058 -0.5090
vn -0.5461 0.6654 -0.5090
vn -0.5461 -0.6654 -0.5090
vn 0.8237 -0.2499 -0.5090
vn 0.0844 0.8566 -0.5090
vn -0.8566 -0.0844 -0.5090
vn 0.4058 -0.7591 -0.5090
vn 0.6654 0.5461 -0.5090
vn -0.6654 0.5461 -0.5090
vn -0.4058 -0.7591 -0.5090
vn 0.8566 -0.0844 -0.5090
vn -0.0844 0.8566 -0.5090
vn -0.8237 -0.2499 -0.5090
vn 0.5461 -0.6654 -0.5090
vn 0.5461 0.6654 -0.5090
vn -0.7591 0.4058 -0.5090
vn -0.2499 -0.8237 -0.5090
vn 0.4501 0.5484 -0.7048
vn -0.3460 0.0341 0.9376
vn 0.3066 0.1639 0.9376
vn -0.3460 -0.0341 0.9376
vn 0.2688 0.2206 0.9376
vn -0.3328 -0.1009 0.9376
vn 0.2206 0.2688 0.9376
vn -0.3066 -0.1639 0.9376
vn 0.1639 0.3067 0.9376
vn 0.0341 -0.3460 0.9376
vn -0.2688 -0.2206 0.9376
vn 0.1009 0.3327 0.9376
vn 0.1009 -0.3327 0.9376
vn -0.2206 -0.2688 0.9376
vn 0.0341 0.3460 0.9376
vn 0.1639 -0.3067 0.9376
vn -0.1639 -0.3067 0.9376
vn -0.0341 0.3460 0.9376
vn 0.2206 -0.2688 0.9376
vn -0.1009 -0.3327 0.9376
vn -0.1009 0.3327 0.9376
vn 0.2688 -0.2206 0.9376
vn -0.0341 -0.3460 0.9376
vn -0.1639 0.3067 0.9376
vn 0.3067 -0.1639 0.9376
vn -0.2206 0.2688 0.9376
vn 0.3327 -0.1009 0.9376
vn -0.2688 0.2206 0.9376
vn 0.3460 -0.0341 0.9376
vn -0.3067 0.1639 0.9376
vn 0.3460 0.0341 0.9376
vn -0.3327 0.1009 0.9376
vn -0.6257 -0.3344 -0.7048
vn 0.3344 0.6257 -0.7048
vn 0.0695 -0.7060 -0.7048
vn -0.5484 -0.4501 -0.7048
vn 0.2059 0.6789 -0.7048
vn 0.2059 -0.6789 -0.7048
vn -0.4501 -0.5484 -0.7048
vn 0.0695 0.7060 -0.7048
vn 0.3344 -0.6257 -0.7048
vn -0.3344 -0.6257 -0.7048
vn -0.0696 0.7060 -0.7048
vn 0.4501 -0.5484 -0.7048
vn -0.2059 -0.6789 -0.7048
vn -0.2059 0.6789 -0.7048
vn 0.5484 -0.4501 -0.7048
vn -0.0696 -0.7060 -0.7048
vn -0.3344 0.6257 -0.7048
vn 0.6257 -0.3344 -0.7048
vn -0.4501 0.5484 -0.7048
vn 0.6789 -0.2059 -0.7048
vn -0.5484 0.4501 -0.7048
vn 0.7060 -0.0695 -0.7048
vn -0.6257 0.3344 -0.7048
vn 0.7060 0.0695 -0.7048
vn -0.6789 0.2059 -0.7048
vn 0.6789 0.2059 -0.7048
vn -0.7060 0.0695 -0.7048
vn 0.6257 0.3344 -0.7048
vn -0.7060 -0.0695 -0.7048
vn 0.5484 0.4501 -0.7047
vn -0.6789 -0.2059 -0.7048
vn 0.3266 -0.1746 -0.9289
vn -0.3267 0.1746 -0.9289
vn 0.1746 -0.3267 -0.9289
vn 0.1746 0.3266 -0.9289
vn -0.1746 -0.3267 -0.9289
vn 0.3266 0.1746 -0.9289
vn 0.3406 -0.1820 0.9224
vn 0.3843 -0.0378 0.9224
vn -0.0950 -0.9954 0.0123
vn -0.2558 -0.9041 0.3422
vn -0.4575 0.8891 0.0110
vn 0.4714 0.8819 0.0123
vn 0.0980 -0.9951 0.0121
vn -0.6201 0.7845 0.0082
vn 0.2903 0.9568 0.0142
vn 0.2903 -0.9569 0.0110
vn -0.7614 0.6483 0.0052
vn 0.0980 0.9951 0.0151
vn 0.4714 -0.8819 0.0092
vn -0.8747 0.4847 0.0026
vn 0.6344 -0.7730 0.0069
vn -0.9540 0.2998 0.0008
vn 0.7730 -0.6344 0.0045
vn -0.9948 0.1014 -0.0000
vn 0.8819 -0.4714 0.0024
vn -0.9948 -0.1014 0.0003
vn 0.9569 -0.2903 0.0008
vn -0.9542 -0.2993 0.0015
vn -0.8754 -0.4835 0.0035
vn 0.9952 0.0980 0.0003
vn -0.7628 -0.6466 0.0058
vn 0.9569 0.2903 0.0016
vn -0.6223 -0.7828 0.0082
vn 0.8819 0.4714 0.0038
vn -0.4599 -0.8879 0.0102
vn -0.0943 0.9954 0.0148
vn 0.7730 0.6344 0.0066
vn -0.2820 -0.9593 0.0116
vn -0.2802 0.9599 0.0134
vn 0.6344 0.7730 0.0096
vn -0.9918 0.0820 -0.0977
vn -0.1955 0.9805 -0.0184
vn 0.6264 0.7782 -0.0451
vn -0.0857 -0.9313 0.3540
vn -0.3443 0.9373 -0.0543
vn 0.4605 0.8875 -0.0167
vn 0.0975 -0.9308 0.3523
vn -0.5077 0.8570 -0.0885
vn 0.2806 0.9598 0.0077
vn 0.2891 -0.8967 0.3353
vn -0.6742 0.7304 -0.1095
vn 0.0943 0.9954 0.0175
vn 0.4699 -0.8289 0.3035
vn -0.8238 0.5564 -0.1079
vn 0.6332 -0.7294 0.2589
vn -0.9351 0.3452 -0.0806
vn 0.7723 -0.6014 0.2045
vn -0.9928 0.1153 -0.0309
vn 0.8817 -0.4493 0.1441
vn -0.9931 -0.1124 0.0334
vn 0.9569 -0.2784 0.0826
vn -0.9413 -0.3214 0.1031
vn 0.9952 -0.0947 0.0254
vn -0.8480 -0.5018 0.1706
vn 0.9952 0.0955 -0.0223
vn -0.7243 -0.6498 0.2307
vn 0.9567 0.2856 -0.0554
vn -0.5798 -0.7651 0.2802
vn 0.8807 0.4685 -0.0702
vn -0.4218 -0.8492 0.3176
vn -0.0626 0.9980 0.0080
vn 0.7690 0.6358 -0.0657
vn 0.8815 -0.2780 0.3817
vn -0.9923 -0.0758 0.0977
vn 0.9569 -0.1780 0.2296
vn -0.9362 -0.2069 0.2840
vn 0.9952 -0.0630 0.0751
vn -0.8382 -0.3108 0.4480
vn 0.9952 0.0667 -0.0720
vn -0.7117 -0.3903 0.5841
vn 0.9564 0.2110 -0.2017
vn -0.5668 -0.4490 0.6907
vn 0.8786 0.3687 -0.3036
vn -0.4108 -0.4904 0.7686
vn -0.0364 0.9285 -0.3695
vn 0.7615 0.5333 -0.3684
vn -0.2485 -0.5169 0.8192
vn -0.1270 0.8992 -0.4186
vn 0.6096 0.6895 -0.3912
vn -0.0831 -0.5305 0.8436
vn -0.2550 0.8410 -0.4771
vn 0.4359 0.8159 -0.3799
vn 0.0971 -0.5312 0.8417
vn -0.4227 0.7456 -0.5151
vn 0.2580 0.8976 -0.3573
vn 0.2880 -0.5151 0.8073
vn -0.6124 0.6102 -0.5026
vn 0.0854 0.9331 -0.3492
vn 0.4687 -0.4815 0.7406
vn -0.7909 0.4424 -0.4228
vn 0.6321 -0.4305 0.6443
vn -0.9241 0.2596 -0.2803
vn 0.7717 -0.3625 0.5226
vn 0.8738 0.0103 0.4863
vn 0.9950 0.0262 -0.0959
vn -0.9952 0.0010 0.0980
vn 0.9538 0.0030 0.3004
vn -0.9569 0.0062 0.2903
vn 0.9948 -0.0000 0.1014
vn -0.8818 0.0156 0.4713
vn 0.9949 0.0009 -0.1012
vn -0.7727 0.0288 0.6341
vn 0.9544 0.0048 -0.2984
vn -0.6338 0.0438 0.7723
vn 0.8761 0.0106 -0.4820
vn -0.4706 0.0583 0.8804
vn -0.0980 0.0343 -0.9946
vn 0.7642 0.0173 -0.6447
vn -0.2896 0.0693 0.9546
vn -0.2901 0.0316 -0.9565
vn 0.6241 0.0238 -0.7810
vn -0.0978 0.0742 0.9924
vn -0.4712 0.0269 -0.8816
vn 0.4618 0.0293 -0.8865
vn 0.0926 0.0721 0.9931
vn -0.6343 0.0208 -0.7728
vn 0.2834 0.0331 -0.9584
vn 0.2760 0.0635 0.9590
vn -0.7729 0.0140 -0.6343
vn 0.0955 0.0348 -0.9948
vn 0.4527 0.0505 0.8903
vn -0.8819 0.0076 -0.4714
vn 0.6162 0.0357 0.7868
vn -0.9569 0.0025 -0.2903
vn 0.7590 0.0216 0.6507
vn 0.7694 0.2829 -0.5728
vn -0.7729 -0.1478 0.6171
vn 0.9558 0.0789 -0.2831
vn -0.6342 -0.1752 0.7531
vn 0.8793 0.1295 -0.4582
vn -0.4711 -0.1954 0.8602
vn -0.0980 0.2781 -0.9555
vn 0.7691 0.1756 -0.6145
vn -0.2900 -0.2087 0.9340
vn -0.2902 0.2665 -0.9191
vn 0.6298 0.2152 -0.7464
vn -0.0979 -0.2158 0.9715
vn -0.4713 0.2443 -0.8474
vn 0.4670 0.2463 -0.8492
vn 0.0958 -0.2171 0.9715
vn -0.6343 0.2124 -0.7433
vn 0.2872 0.2677 -0.9197
vn 0.2843 -0.2123 0.9349
vn -0.7730 0.1725 -0.6105
vn 0.0969 0.2784 -0.9556
vn 0.4635 -0.2008 0.8631
vn -0.8819 0.1265 -0.4541
vn 0.6267 -0.1815 0.7579
vn -0.9569 0.0766 -0.2800
vn 0.7671 -0.1538 0.6229
vn -0.9952 0.0254 -0.0947
vn 0.8784 -0.1178 0.4631
vn -0.9952 -0.0248 0.0948
vn 0.9556 -0.0745 0.2851
vn -0.9569 -0.0716 0.2813
vn 0.9950 -0.0258 0.0961
vn -0.8819 -0.1130 0.4577
vn 0.9556 -0.1669 0.2430
vn -0.2894 -0.3343 0.8969
vn -0.2902 0.4278 -0.8560
vn 0.6301 0.3458 -0.6952
vn -0.0977 -0.3447 0.9336
vn -0.4713 0.3927 -0.7897
vn 0.4674 0.3952 -0.7908
vn 0.0949 -0.3477 0.9328
vn -0.6343 0.3423 -0.6932
vn 0.2874 0.4291 -0.8563
vn 0.2823 -0.3425 0.8961
vn -0.7730 0.2788 -0.5699
vn 0.0970 0.4463 -0.8896
vn 0.4613 -0.3266 0.8249
vn -0.8819 0.2051 -0.4245
vn 0.6251 -0.2971 0.7218
vn -0.9569 0.1247 -0.2622
vn 0.7662 -0.2526 0.5908
vn -0.9952 0.0414 -0.0888
vn 0.8781 -0.1935 0.4375
vn -0.9952 -0.0406 0.0892
vn 0.9556 -0.1221 0.2683
vn -0.9569 -0.1174 0.2655
vn 0.9950 -0.0421 0.0902
vn -0.8818 -0.1854 0.4336
vn 0.9950 0.0427 -0.0898
vn -0.7727 -0.2416 0.5870
vn 0.9559 0.1278 -0.2645
vn -0.6337 -0.2848 0.7192
vn 0.8795 0.2091 -0.4275
vn -0.4705 -0.3151 0.8243
vn -0.0980 0.4459 -0.8897
vn 0.9547 0.2164 -0.2044
vn -0.9569 -0.1617 0.2411
vn 0.9950 -0.0571 0.0815
vn -0.8818 -0.2578 0.3948
vn 0.9950 0.0576 -0.0810
vn -0.7727 -0.3399 0.5361
vn 0.9559 0.1718 -0.2383
vn -0.6337 -0.4054 0.6588
vn 0.8795 0.2802 -0.3847
vn -0.4705 -0.4534 0.7570
vn -0.0980 0.5936 -0.7988
vn 0.7694 0.3780 -0.5149
vn -0.2894 -0.4850 0.8253
vn -0.2902 0.5699 -0.7687
vn 0.6301 0.4612 -0.6246
vn -0.0977 -0.5016 0.8596
vn -0.4713 0.5239 -0.7095
vn 0.4674 0.5265 -0.7102
vn 0.0949 -0.5044 0.8583
vn -0.6343 0.4575 -0.6232
vn 0.2874 0.5713 -0.7688
vn 0.2823 -0.4929 0.8230
vn -0.7730 0.3735 -0.5129
vn 0.0970 0.5940 -0.7986
vn 0.4613 -0.4649 0.7557
vn -0.8819 0.2757 -0.3824
vn 0.6251 -0.4180 0.6592
vn -0.9569 0.1683 -0.2365
vn 0.7662 -0.3513 0.5380
vn -0.9952 0.0562 -0.0803
vn 0.8781 -0.2665 0.3973
vn -0.9952 -0.0555 0.0808
vn 0.9535 -0.2576 0.1563
vn -0.6270 -0.4324 0.6480
vn 0.8769 0.3525 -0.3268
vn -0.4589 -0.4451 0.7690
vn -0.0979 0.7411 -0.6642
vn 0.7655 0.4748 -0.4342
vn -0.2773 -0.4373 0.8555
vn -0.2899 0.7115 -0.6401
vn 0.6258 0.5781 -0.5236
vn -0.0927 -0.4347 0.8958
vn -0.4710 0.6539 -0.5922
vn 0.4634 0.6588 -0.5927
vn 0.0824 -0.4536 0.8874
vn -0.6340 0.5706 -0.5219
vn 0.2846 0.7139 -0.6398
vn 0.2542 -0.4845 0.8370
vn -0.7728 0.4654 -0.4315
vn 0.0960 0.7416 -0.6639
vn 0.4322 -0.5005 0.7501
vn -0.8818 0.3428 -0.3238
vn 0.6031 -0.4814 0.6360
vn -0.9569 0.2086 -0.2019
vn 0.7530 -0.4223 0.5046
vn -0.9952 0.0693 -0.0693
vn 0.8719 -0.3284 0.3633
vn -0.9952 -0.0678 0.0708
vn 0.9535 -0.2084 0.2176
vn -0.9568 -0.1949 0.2156
vn 0.9948 -0.0717 0.0717
vn -0.8812 -0.3035 0.3626
vn 0.9949 0.0726 -0.0703
vn -0.7700 -0.3850 0.5087
vn 0.9547 0.2896 -0.0688
vn -0.9568 -0.2440 0.1578
vn 0.9948 -0.0878 0.0507
vn -0.8812 -0.3870 0.2717
vn 0.9949 0.0883 -0.0491
vn -0.7700 -0.5036 0.3917
vn 0.9547 0.2619 -0.1414
vn -0.6270 -0.5854 0.5140
vn 0.8769 0.4251 -0.2245
vn -0.4589 -0.6290 0.6276
vn -0.0979 0.8878 -0.4498
vn 0.7655 0.5710 -0.2965
vn -0.2773 -0.6438 0.7132
vn -0.2899 0.8529 -0.4342
vn 0.6258 0.6940 -0.3561
vn -0.0927 -0.6517 0.7528
vn -0.4710 0.7848 -0.4028
vn 0.4633 0.7897 -0.4020
vn 0.0824 -0.6678 0.7398
vn -0.6340 0.6863 -0.3564
vn 0.2846 0.8552 -0.4333
vn 0.2542 -0.6847 0.6831
vn -0.7728 0.5612 -0.2964
vn 0.0960 0.8882 -0.4493
vn 0.4322 -0.6776 0.5950
vn -0.8818 0.4149 -0.2240
vn 0.6031 -0.6296 0.4897
vn -0.9569 0.2538 -0.1410
vn 0.7530 -0.5385 0.3781
vn -0.9952 0.0849 -0.0490
vn 0.8719 -0.4112 0.2659
vn -0.9952 -0.0838 0.0508
vn -0.6270 -0.6985 0.3450
vn 0.8769 0.4687 -0.1068
vn -0.4589 -0.7700 0.4434
vn -0.0979 0.9739 -0.2047
vn 0.7655 0.6283 -0.1387
vn -0.2773 -0.8064 0.5223
vn -0.2899 0.9362 -0.1986
vn 0.6258 0.7625 -0.1644
vn -0.0927 -0.8244 0.5584
vn -0.4709 0.8624 -0.1859
vn 0.4634 0.8669 -0.1839
vn 0.0824 -0.8365 0.5417
vn -0.6340 0.7551 -0.1667
vn 0.2846 0.9382 -0.1972
vn 0.2542 -0.8381 0.4826
vn -0.7728 0.6188 -0.1410
vn 0.0960 0.9742 -0.2041
vn 0.4322 -0.8085 0.3994
vn -0.8818 0.4588 -0.1090
vn 0.6031 -0.7349 0.3101
vn -0.9569 0.2816 -0.0706
vn 0.7530 -0.6180 0.2258
vn -0.9952 0.0947 -0.0254
vn 0.8719 -0.4660 0.1505
vn -0.9952 -0.0941 0.0274
vn 0.9535 -0.2892 0.0843
vn -0.9568 -0.2766 0.0893
vn 0.9948 -0.0980 0.0263
vn -0.8812 -0.4441 0.1623
vn 0.9949 0.0980 -0.0246
vn -0.7700 -0.5878 0.2480
vn 0.0970 0.9949 0.0285
vn 0.8795 0.4670 0.0913
vn 0.4613 -0.8857 0.0526
vn -0.8819 0.4714 0.0065
vn 0.6251 -0.7797 0.0357
vn -0.9569 0.2903 0.0022
vn 0.7662 -0.6422 0.0208
vn 0.8781 -0.4783 0.0096
vn -0.9952 -0.0980 0.0009
vn 0.9556 -0.2948 0.0027
vn -0.9569 -0.2903 0.0058
vn 0.9950 -0.0995 -0.0000
vn -0.8818 -0.4713 0.0153
vn 0.9950 0.0994 0.0008
vn -0.7727 -0.6341 0.0291
vn 0.9559 0.2937 0.0040
vn -0.6337 -0.7722 0.0459
vn 0.8795 0.4758 0.0089
vn -0.4705 -0.8802 0.0628
vn -0.0980 0.9948 0.0281
vn 0.7694 0.6386 0.0143
vn -0.2894 -0.9542 0.0761
vn -0.2902 0.9566 0.0259
vn 0.6301 0.7762 0.0195
vn -0.0977 -0.9918 0.0821
vn -0.4713 0.8817 0.0222
vn 0.4674 0.8837 0.0240
vn 0.0949 -0.9923 0.0791
vn -0.6343 0.7729 0.0173
vn 0.2874 0.9574 0.0270
vn 0.2823 -0.9569 0.0683
vn -0.7730 0.6343 0.0118
vn -0.4713 0.8209 0.3224
vn -0.4705 -0.8777 -0.0910
vn -0.0980 0.9748 0.2004
vn 0.7694 0.6264 0.1250
vn -0.2894 -0.9529 -0.0907
vn -0.2902 0.9376 0.1917
vn 0.6301 0.7610 0.1540
vn -0.0977 -0.9910 -0.0914
vn -0.4713 0.8645 0.1750
vn 0.4674 0.8661 0.1771
vn 0.0949 -0.9910 -0.0944
vn -0.6343 0.7582 0.1513
vn 0.2874 0.9382 0.1929
vn 0.2823 -0.9542 -0.0989
vn -0.7730 0.6227 0.1218
vn 0.0970 0.9748 0.2008
vn 0.4613 -0.8813 -0.1020
vn -0.8819 0.4631 0.0882
vn 0.6251 -0.7741 -0.1002
vn -0.9569 0.2855 0.0526
vn 0.7662 -0.6361 -0.0910
vn -0.9952 0.0965 0.0170
vn 0.8781 -0.4727 -0.0736
vn -0.9952 -0.0967 -0.0161
vn 0.9556 -0.2908 -0.0485
vn -0.9569 -0.2869 -0.0447
vn 0.9950 -0.0980 -0.0173
vn -0.8818 -0.4668 -0.0668
vn 0.9950 0.0977 0.0180
vn -0.7727 -0.6295 -0.0815
vn 0.9559 0.2886 0.0550
vn -0.6337 -0.7684 -0.0889
vn -0.8818 0.4015 0.2473
vn 0.4674 0.8222 0.3248
vn 0.0949 -0.9596 -0.2650
vn -0.6343 0.7204 0.2806
vn 0.2874 0.8904 0.3529
vn 0.2823 -0.9225 -0.2631
vn -0.7730 0.5921 0.2281
vn 0.0970 0.9251 0.3670
vn 0.4613 -0.8502 -0.2535
vn -0.8819 0.4407 0.1673
vn 0.6251 -0.7449 -0.2331
vn -0.9569 0.2720 0.1014
vn 0.7662 -0.6106 -0.2001
vn -0.9952 0.0921 0.0335
vn 0.8781 -0.4527 -0.1546
vn -0.9952 -0.0924 -0.0327
vn 0.9556 -0.2780 -0.0983
vn -0.9569 -0.2748 -0.0938
vn 0.9950 -0.0935 -0.0340
vn -0.8818 -0.4481 -0.1469
vn 0.9950 0.0931 0.0347
vn -0.7727 -0.6058 -0.1896
vn 0.9559 0.2746 0.1042
vn -0.6337 -0.7413 -0.2210
vn 0.8795 0.4441 0.1710
vn -0.4705 -0.8486 -0.2420
vn -0.0980 0.9252 0.3666
vn 0.7694 0.5952 0.2319
vn -0.2894 -0.9227 -0.2548
vn -0.2902 0.8901 0.3516
vn 0.6301 0.7227 0.2839
vn -0.0977 -0.9601 -0.2621
vn -0.9952 -0.0708 -0.0678
vn 0.6031 -0.7389 -0.3004
vn -0.9569 0.2490 0.1492
vn 0.7530 -0.5967 -0.2773
vn 0.8719 -0.4359 -0.2231
vn -0.9952 -0.0860 -0.0472
vn 0.9535 -0.2641 -0.1449
vn -0.9568 -0.2587 -0.1324
vn 0.9948 -0.0879 -0.0507
vn -0.8812 -0.4288 -0.1993
vn 0.9949 0.0866 0.0519
vn -0.7701 -0.5910 -0.2403
vn 0.9547 0.2534 0.1561
vn -0.6270 -0.7379 -0.2499
vn 0.8769 0.4069 0.2559
vn -0.4589 -0.8580 -0.2310
vn -0.0979 0.8334 0.5439
vn 0.7655 0.5423 0.3462
vn -0.2773 -0.9395 -0.2010
vn -0.2899 0.8024 0.5216
vn 0.6258 0.6554 0.4229
vn -0.0927 -0.9778 -0.1880
vn -0.4710 0.7412 0.4783
vn 0.4633 0.7430 0.4829
vn 0.0824 -0.9746 -0.2084
vn -0.6340 0.6518 0.4161
vn 0.2846 0.8028 0.5240
vn 0.2542 -0.9339 -0.2514
vn -0.7728 0.5373 0.3379
vn 0.0960 0.8332 0.5445
vn 0.4322 -0.8541 -0.2893
vn -0.7704 -0.3865 -0.5070
vn 0.9535 -0.2176 -0.2084
vn -0.9568 -0.2156 -0.1949
vn -0.8812 -0.3626 -0.3035
vn 0.9949 0.0703 0.0726
vn -0.7700 -0.5087 -0.3850
vn 0.9547 0.2044 0.2164
vn -0.6270 -0.6480 -0.4324
vn 0.8769 0.3268 0.3525
vn -0.4589 -0.7690 -0.4451
vn -0.0979 0.6642 0.7411
vn 0.7655 0.4342 0.4748
vn -0.2773 -0.8555 -0.4373
vn -0.2899 0.6401 0.7115
vn 0.6258 0.5236 0.5781
vn -0.0927 -0.8958 -0.4347
vn -0.4709 0.5922 0.6539
vn 0.4634 0.5927 0.6588
vn 0.0824 -0.8874 -0.4536
vn -0.6340 0.5219 0.5707
vn 0.2846 0.6398 0.7139
vn 0.2542 -0.8370 -0.4845
vn -0.7728 0.4315 0.4654
vn 0.0960 0.6639 0.7416
vn 0.4322 -0.7501 -0.5005
vn -0.8818 0.3238 0.3428
vn 0.6031 -0.6360 -0.4814
vn -0.9569 0.2019 0.2086
vn 0.7530 -0.5045 -0.4223
vn 0.8719 -0.3633 -0.3284
vn -0.2773 -0.5223 -0.8064
vn 0.9547 0.1416 0.2619
vn -0.6282 -0.5037 -0.5931
vn 0.8768 0.2249 0.4249
vn -0.4612 -0.6105 -0.6439
vn -0.0979 0.4508 0.8872
vn 0.7655 0.2972 0.5707
vn -0.2799 -0.6905 -0.6670
vn -0.2900 0.4351 0.8524
vn 0.6257 0.3570 0.6936
vn -0.0938 -0.7278 -0.6794
vn -0.4710 0.4036 0.7844
vn 0.4632 0.4029 0.7893
vn 0.0841 -0.7166 -0.6923
vn -0.6340 0.3572 0.6859
vn 0.2845 0.4343 0.8547
vn 0.2576 -0.6648 -0.7012
vn -0.7728 0.2969 0.5609
vn 0.0959 0.4504 0.8877
vn 0.4350 -0.5829 -0.6863
vn -0.8819 0.2243 0.4147
vn 0.6047 -0.4829 -0.6334
vn -0.9569 0.1412 0.2537
vn 0.7537 -0.3749 -0.5399
vn 0.8721 -0.2648 -0.4116
vn -0.9952 -0.0508 -0.0839
vn 0.9536 -0.1560 -0.2577
vn -0.9568 -0.1572 -0.2444
vn 0.9948 -0.0507 -0.0879
vn -0.8812 -0.2696 -0.3883
vn 0.9949 0.0491 0.0883
vn 0.2943 -0.0006 -0.9557
vn -0.2899 0.1986 0.9362
vn 0.6258 0.1644 0.7625
vn -0.0927 -0.5584 -0.8244
vn -0.4710 0.1859 0.8623
vn 0.4633 0.1839 0.8669
vn 0.0824 -0.5417 -0.8365
vn -0.6340 0.1667 0.7551
vn 0.2846 0.1972 0.9382
vn 0.2542 -0.4826 -0.8381
vn -0.7728 0.1410 0.6188
vn 0.0960 0.2041 0.9742
vn 0.4322 -0.3994 -0.8085
vn -0.8818 0.1090 0.4588
vn 0.6031 -0.3101 -0.7349
vn -0.9569 0.0706 0.2816
vn 0.7530 -0.2258 -0.6180
vn -0.9952 0.0254 0.0947
vn 0.8719 -0.1504 -0.4660
vn -0.9952 -0.0274 -0.0941
vn 0.9535 -0.0843 -0.2893
vn -0.9568 -0.0893 -0.2766
vn 0.9948 -0.0263 -0.0980
vn -0.8812 -0.1623 -0.4441
vn 0.9949 0.0246 0.0980
vn -0.7701 -0.2480 -0.5878
vn 0.9547 0.0688 0.2896
vn -0.6270 -0.3450 -0.6985
vn 0.8769 0.1068 0.4687
vn -0.4589 -0.4434 -0.7700
vn -0.0979 0.2047 0.9739
vn 0.7655 0.1387 0.6283
vn 0.9324 -0.2157 0.2899
vn -0.7730 -0.0036 0.6344
vn 0.4768 -0.0014 -0.8790
vn -0.8819 -0.0046 0.4714
vn 0.6400 -0.0023 -0.7684
vn -0.9569 -0.0053 0.2903
vn 0.7775 -0.0033 -0.6289
vn -0.9952 -0.0056 0.0980
vn 0.8847 -0.0041 -0.4661
vn -0.9953 -0.0055 -0.0964
vn 0.9581 -0.0047 -0.2865
vn -0.9582 -0.0050 -0.2860
vn 0.9953 -0.0050 -0.0966
vn -0.8850 -0.0041 -0.4655
vn 0.9952 -0.0049 0.0980
vn -0.7780 -0.0031 -0.6283
vn 0.9569 -0.0045 0.2903
vn -0.6404 -0.0020 -0.7681
vn 0.8819 -0.0037 0.4714
vn -0.4772 -0.0010 -0.8788
vn -0.0980 -0.0001 0.9952
vn 0.7730 -0.0028 0.6344
vn -0.2944 -0.0003 -0.9557
vn -0.2903 -0.0006 0.9569
vn 0.6344 -0.0018 0.7730
vn -0.0995 -0.0000 -0.9950
vn -0.4714 -0.0014 0.8819
vn 0.4714 -0.0009 0.8819
vn 0.0995 -0.0001 -0.9950
vn -0.6344 -0.0025 0.7730
vn 0.2903 -0.0003 0.9569
vn 0.5581 -0.3031 0.7724
vn -0.6555 0.0565 -0.7530
vn 0.8601 -0.1959 0.4709
vn -0.4859 0.0606 -0.8719
vn -0.0969 0.0149 0.9952
vn 0.7548 -0.1681 0.6340
vn -0.2978 0.0459 -0.9535
vn -0.2884 0.0360 0.9568
vn 0.6204 -0.1337 0.7728
vn -0.0999 0.0176 -0.9948
vn -0.4711 0.0406 0.8812
vn 0.4618 -0.0951 0.8818
vn 0.0992 -0.0192 -0.9949
vn -0.6375 0.0236 0.7700
vn 0.2851 -0.0551 0.9569
vn 0.2915 -0.0600 -0.9547
vn -0.7788 -0.0175 0.6270
vn 0.0965 -0.0170 0.9952
vn 0.4699 -0.1013 -0.8769
vn -0.8852 -0.0764 0.4589
vn 0.6280 -0.1399 -0.7655
vn -0.9516 -0.1325 0.2773
vn 0.7605 -0.1733 -0.6258
vn -0.9831 -0.1577 0.0927
vn 0.8634 -0.1997 -0.4634
vn -0.9871 -0.1375 -0.0824
vn 0.9336 -0.2178 -0.2846
vn -0.9636 -0.0832 -0.2542
vn 0.9692 -0.2267 -0.0960
vn -0.9016 -0.0203 -0.4322
vn 0.9692 -0.2261 0.0979
vn -0.7971 0.0295 -0.6031
vn 0.0693 -0.0693 0.9952
vn -0.0945 0.0441 -0.9946
vn -0.4651 0.1131 0.8780
vn 0.4177 -0.2194 0.8817
vn 0.0923 -0.0462 -0.9947
vn -0.6563 0.0540 0.7526
vn 0.2597 -0.1300 0.9569
vn 0.2681 -0.1408 -0.9531
vn -0.8170 -0.1378 0.5599
vn 0.0888 -0.0414 0.9952
vn 0.4279 -0.2324 -0.8735
vn -0.8372 -0.4555 0.3027
vn 0.5674 -0.3154 -0.7606
vn -0.7050 -0.7015 0.1039
vn 0.6829 -0.3859 -0.6202
vn -0.6302 -0.7761 0.0240
vn 0.7718 -0.4408 -0.4583
vn -0.7089 -0.7053 -0.0002
vn 0.8321 -0.4781 -0.2810
vn -0.8752 -0.4761 -0.0856
vn 0.8627 -0.4967 -0.0947
vn -0.9419 -0.1588 -0.2960
vn 0.8629 -0.4958 0.0977
vn -0.8448 0.0695 -0.5306
vn 0.8312 -0.4747 0.2894
vn -0.6732 0.1637 -0.7211
vn 0.7683 -0.4342 0.4703
vn -0.4822 0.1677 -0.8598
vn -0.0905 0.0378 0.9952
vn 0.6763 -0.3760 0.6334
vn -0.2875 0.1201 -0.9502
vn -0.2755 0.0958 0.9565
vn 0.3316 -0.8218 -0.4634
vn 0.3226 -0.3647 -0.8735
vn -0.9425 -0.1416 0.3027
vn 0.4253 -0.4905 -0.7606
vn -0.9024 -0.4181 0.1039
vn 0.5098 -0.5962 -0.6202
vn -0.8576 -0.5137 0.0240
vn 0.5745 -0.6782 -0.4583
vn -0.9074 -0.4204 -0.0002
vn 0.6184 -0.7339 -0.2810
vn -0.9853 -0.1480 -0.0856
vn 0.6408 -0.7618 -0.0947
vn -0.9394 0.1729 -0.2960
vn 0.6413 -0.7611 0.0977
vn -0.7701 0.3542 -0.5306
vn 0.6187 -0.7304 0.2894
vn -0.5767 0.3841 -0.7211
vn 0.5735 -0.6708 0.4703
vn -0.3958 0.3225 -0.8598
vn -0.0721 0.0665 0.9952
vn 0.5069 -0.5846 0.6334
vn -0.2291 0.2112 -0.9502
vn -0.2261 0.1842 0.9565
vn 0.4208 -0.4757 0.7724
vn -0.0737 0.0737 -0.9946
vn -0.3984 0.2653 0.8780
vn 0.3175 -0.3490 0.8817
vn 0.0709 -0.0750 -0.9947
vn -0.5983 0.2752 0.7526
vn 0.1996 -0.2110 0.9569
vn 0.2038 -0.2240 -0.9531
vn -0.8149 0.1500 0.5599
vn 0.1451 -0.9846 0.0980
vn -0.6788 0.7297 -0.0824
vn 0.3571 -0.8897 -0.2846
vn -0.6208 0.7416 -0.2542
vn 0.3702 -0.9240 -0.0960
vn -0.5337 0.7269 -0.4322
vn 0.3707 -0.9236 0.0979
vn -0.4330 0.6699 -0.6031
vn 0.3582 -0.8875 0.2899
vn -0.3297 0.5694 -0.7530
vn 0.3328 -0.8170 0.4709
vn -0.2291 0.4328 -0.8719
vn -0.0434 0.0879 0.9952
vn 0.2953 -0.7147 0.6340
vn -0.1332 0.2702 -0.9535
vn -0.1359 0.2569 0.9568
vn 0.2463 -0.5849 0.7728
vn -0.0429 0.0919 -0.9948
vn -0.2369 0.4092 0.8812
vn 0.1870 -0.4329 0.8818
vn 0.0412 -0.0922 -0.9949
vn -0.3463 0.5358 0.7700
vn 0.1184 -0.2651 0.9569
vn 0.1180 -0.2733 -0.9547
vn -0.4611 0.6280 0.6270
vn 0.0414 -0.0888 0.9952
vn 0.1866 -0.4430 -0.8769
vn -0.5703 0.6813 0.4589
vn 0.2457 -0.5946 -0.7655
vn -0.6544 0.7035 0.2773
vn 0.2943 -0.7224 -0.6258
vn -0.6931 0.7149 0.0927
vn -0.1706 0.7617 -0.6251
vn 0.1406 -0.9466 0.2902
vn -0.1320 0.6288 -0.7662
vn 0.1312 -0.8722 0.4713
vn -0.0925 0.4694 -0.8781
vn -0.0179 0.0964 0.9952
vn 0.1172 -0.7642 0.6343
vn -0.0539 0.2899 -0.9556
vn -0.0561 0.2849 0.9569
vn 0.0985 -0.6268 0.7730
vn -0.0173 0.0980 -0.9950
vn -0.0969 0.4615 0.8818
vn 0.0755 -0.4653 0.8819
vn 0.0165 -0.0980 -0.9950
vn -0.1387 0.6195 0.7727
vn 0.0482 -0.2863 0.9569
vn 0.0470 -0.2900 -0.9559
vn -0.1792 0.7525 0.6337
vn 0.0170 -0.0965 0.9952
vn 0.0739 -0.4701 -0.8795
vn -0.2147 0.8559 0.4705
vn 0.0968 -0.6314 -0.7694
vn -0.2406 0.9264 0.2895
vn 0.1155 -0.7678 -0.6301
vn -0.2531 0.9625 0.0977
vn 0.1299 -0.8745 -0.4674
vn -0.2503 0.9635 -0.0949
vn 0.1396 -0.9476 -0.2874
vn -0.2334 0.9305 -0.2823
vn 0.1447 -0.9847 -0.0970
vn -0.2056 0.8631 -0.4613
vn -1.0000 0.0002 -0.0000
vn -1.0000 -0.0001 -0.0000
vn -1.0000 -0.0000 0.0001
vn -1.0000 -0.0002 -0.0000
vn 0.9809 -0.1722 -0.0904
vn -0.9605 -0.0000 0.2782
vn 0.9605 -0.0000 0.2782
vn 0.7705 -0.6375 -0.0000
vn 0.5172 -0.8559 -0.0000
vn 0.9531 -0.0000 -0.3026
vn 0.0016 -0.8895 -0.4569
vn -0.0065 0.8897 0.4565
vn -0.5172 -0.8559 -0.0000
vn -0.7705 -0.6375 -0.0000
vn -0.0000 -0.8661 0.4999
vn 0.0001 -0.8660 0.5001
vn -0.0001 -0.8660 0.5001
vn 0.9569 0.2082 0.2023
vn -0.0877 -0.3144 -0.9452
vn -0.9546 0.1554 0.2541
vn 0.6341 0.4132 0.6536
vn 0.6307 -0.2906 -0.7196
vn -0.8725 -0.2267 -0.4328
vn -0.2843 0.5201 0.8054
vn 0.9952 -0.0475 -0.0858
vn -0.2650 -0.3289 -0.9064
vn -0.8767 0.2545 0.4083
vn 0.7728 0.3357 0.5386
vn 0.4657 -0.3019 -0.8318
vn -0.9536 -0.1457 -0.2634
vn 0.0979 0.5399 0.8360
vn -0.0958 0.5405 0.8359
vn 0.9569 -0.1348 -0.2573
vn -0.4415 -0.3360 -0.8320
vn -0.7652 0.3440 0.5441
vn 0.8819 0.2460 0.4022
vn 0.2848 -0.3026 -0.9096
vn -0.9948 -0.0507 -0.0878
vn 0.2900 0.5177 0.8049
vn 0.8814 -0.2073 -0.4244
vn -0.6085 -0.3242 -0.7243
vn -0.6254 0.4200 0.6576
vn 0.9569 0.1487 0.2493
vn 0.0958 -0.3046 -0.9476
vn -0.9949 0.0518 0.0868
vn 0.4710 0.4748 0.7434
vn 0.7714 -0.2600 -0.5809
vn -0.7553 -0.2876 -0.5889
vn -0.4630 0.4795 0.7455
vn 0.9569 -0.2454 -0.1555
vn -0.7553 -0.4303 -0.4944
vn -0.8725 -0.3310 -0.3594
vn 0.9952 -0.0680 -0.0706
vn -0.9536 -0.2089 -0.2167
vn 0.9569 -0.1968 -0.2137
vn 0.8814 -0.3100 -0.3563
vn -0.9949 0.0725 0.0704
vn 0.7714 -0.4015 -0.4938
vn -0.9546 0.2159 0.2052
vn 0.6307 -0.4670 -0.6198
vn -0.8767 0.3514 0.3285
vn 0.4657 -0.5069 -0.7254
vn 0.0979 0.7379 0.6678
vn -0.7652 0.4731 0.4366
vn 0.2848 -0.5277 -0.8003
vn 0.2900 0.7084 0.6435
vn -0.6254 0.5759 0.5265
vn 0.0958 -0.5395 -0.8365
vn 0.4710 0.6511 0.5952
vn -0.4630 0.6561 0.5960
vn -0.0877 -0.5484 -0.8316
vn 0.6341 0.5683 0.5244
vn -0.2843 0.7108 0.6433
vn -0.2650 -0.5523 -0.7904
vn 0.7728 0.4636 0.4333
vn -0.0959 0.7384 0.6675
vn -0.4415 -0.5399 -0.7166
vn 0.8819 0.3417 0.3249
vn -0.6085 -0.5006 -0.6157
vn 0.6340 -0.7369 -0.2346
vn -0.9948 -0.0878 -0.0507
vn 0.8815 -0.3917 -0.2639
vn -0.9949 0.0882 0.0493
vn 0.7714 -0.5156 -0.3730
vn -0.9546 0.2616 0.1424
vn 0.6307 -0.6115 -0.4778
vn -0.8767 0.4245 0.2263
vn 0.4657 -0.6774 -0.5695
vn 0.0979 0.8856 0.4541
vn -0.7652 0.5700 0.2992
vn 0.2848 -0.7168 -0.6364
vn 0.2900 0.8508 0.4382
vn -0.6254 0.6926 0.3595
vn 0.0958 -0.7376 -0.6684
vn 0.4710 0.7829 0.4064
vn -0.4630 0.7880 0.4059
vn -0.0877 -0.7449 -0.6614
vn 0.6341 0.6846 0.3594
vn -0.2843 0.8531 0.4374
vn -0.2650 -0.7381 -0.6205
vn 0.7728 0.5600 0.2986
vn -0.0959 0.8860 0.4536
vn -0.4415 -0.7070 -0.5525
vn 0.8819 0.4142 0.2254
vn -0.6085 -0.6429 -0.4652
vn 0.9569 0.2535 0.1416
vn -0.7553 -0.5436 -0.3662
vn -0.8725 -0.4128 -0.2615
vn 0.9952 -0.0840 -0.0505
vn -0.9536 -0.2579 -0.1552
vn 0.0975 -0.9778 -0.1855
vn -0.8794 0.4618 0.1156
vn 0.4709 -0.8384 -0.2746
vn 0.0980 0.9675 0.2331
vn -0.7693 0.6203 0.1530
vn 0.2898 -0.9078 -0.3031
vn 0.2902 0.9301 0.2251
vn -0.6300 0.7545 0.1841
vn 0.0978 -0.9434 -0.3170
vn 0.4713 0.8568 0.2090
vn -0.4672 0.8593 0.2080
vn -0.0953 -0.9442 -0.3152
vn 0.6343 0.7506 0.1852
vn -0.2873 0.9312 0.2243
vn -0.2833 -0.9114 -0.2985
vn 0.7730 0.6154 0.1541
vn -0.0969 0.9677 0.2328
vn -0.4624 -0.8449 -0.2689
vn 0.8819 0.4568 0.1165
vn -0.6259 -0.7455 -0.2292
vn 0.9569 0.2809 0.0733
vn -0.7666 -0.6156 -0.1825
vn 0.9952 0.0947 0.0254
vn -0.8783 -0.4597 -0.1314
vn 0.9952 -0.0945 -0.0261
vn -0.9556 -0.2841 -0.0785
vn 0.9569 -0.2791 -0.0798
vn -0.9950 -0.0961 -0.0258
vn 0.8819 -0.4521 -0.1340
vn -0.9950 0.0962 0.0251
vn 0.7728 -0.6066 -0.1865
vn -0.9559 0.2847 0.0726
vn 0.4713 0.8797 0.0628
vn -0.4705 0.8802 0.0619
vn -0.0964 -0.9790 -0.1796
vn 0.6344 0.7710 0.0563
vn -0.2896 0.9548 0.0665
vn -0.2866 -0.9449 -0.1584
vn 0.7730 0.6326 0.0476
vn -0.0978 0.9928 0.0689
vn -0.4674 -0.8745 -0.1299
vn 0.8819 0.4700 0.0368
vn -0.6312 -0.7691 -0.1003
vn 0.9569 0.2893 0.0238
vn -0.7709 -0.6327 -0.0730
vn 0.9952 0.0976 0.0085
vn -0.8809 -0.4708 -0.0488
vn 0.9952 -0.0976 -0.0092
vn -0.9566 -0.2902 -0.0274
vn 0.9569 -0.2888 -0.0299
vn -0.9951 -0.0980 -0.0086
vn 0.8818 -0.4684 -0.0540
vn -0.9952 0.0980 0.0081
vn 0.7727 -0.6294 -0.0821
vn -0.9567 0.2902 0.0227
vn 0.6337 -0.7652 -0.1137
vn -0.8814 0.4711 0.0354
vn 0.4702 -0.8704 -0.1460
vn 0.0980 0.9928 0.0691
vn -0.7722 0.6337 0.0462
vn 0.2891 -0.9416 -0.1728
vn 0.2902 0.9546 0.0671
vn -0.6334 0.7718 0.0551
vn -0.8809 -0.4708 -0.0483
vn -0.9958 0.0877 -0.0278
vn 0.9949 -0.0980 -0.0253
vn -0.9553 -0.2898 -0.0578
vn 0.9567 -0.2902 -0.0233
vn -0.9933 -0.0978 -0.0621
vn 0.8817 -0.4713 -0.0199
vn -0.9936 0.0953 -0.0601
vn 0.7729 -0.6343 -0.0154
vn -0.9576 0.2833 -0.0525
vn 0.6344 -0.7730 -0.0104
vn -0.8857 0.4624 -0.0411
vn 0.4714 -0.8819 -0.0057
vn 0.0994 0.9950 -0.0007
vn -0.7794 0.6259 -0.0285
vn 0.2903 -0.9569 -0.0019
vn 0.2938 0.9559 -0.0035
vn -0.6419 0.7666 -0.0169
vn 0.4759 0.8794 -0.0078
vn -0.4781 0.8783 -0.0079
vn -0.0980 -0.9952 -0.0008
vn 0.6388 0.7693 -0.0127
vn -0.2947 0.9556 -0.0023
vn -0.2903 -0.9569 -0.0048
vn 0.7764 0.6300 -0.0175
vn -0.0995 0.9950 -0.0000
vn -0.4714 -0.8819 -0.0124
vn 0.8839 0.4673 -0.0215
vn -0.6342 -0.7728 -0.0232
vn 0.9575 0.2873 -0.0243
vn -0.7725 -0.6340 -0.0358
vn 0.9950 0.0969 -0.0256
vn 0.0910 0.9949 -0.0440
vn 0.7555 -0.6341 -0.1647
vn -0.9643 0.2650 -0.0009
vn 0.6209 -0.7728 -0.1312
vn -0.8967 0.4415 0.0312
vn 0.4621 -0.8819 -0.0936
vn 0.0993 0.9949 -0.0190
vn -0.7915 0.6085 0.0569
vn 0.2851 -0.9569 -0.0545
vn 0.2919 0.9546 -0.0591
vn -0.6518 0.7553 0.0689
vn 0.0965 -0.9952 -0.0170
vn 0.4707 0.8767 -0.0995
vn -0.4843 0.8725 0.0650
vn -0.0968 -0.9952 0.0153
vn 0.6290 0.7652 -0.1371
vn -0.2973 0.9536 0.0469
vn -0.2879 -0.9569 0.0387
vn 0.7616 0.6254 -0.1698
vn -0.0999 0.9948 0.0176
vn -0.4697 -0.8815 0.0496
vn 0.8645 0.4630 -0.1956
vn -0.6348 -0.7714 0.0456
vn 0.9347 0.2843 -0.2133
vn -0.7756 -0.6307 0.0270
vn 0.9703 0.0959 -0.2220
vn -0.8849 -0.4657 -0.0008
vn 0.9703 -0.0979 -0.2214
vn -0.9582 -0.2848 -0.0267
vn 0.9334 -0.2900 -0.2112
vn -0.9947 -0.0958 -0.0379
vn 0.8610 -0.4710 -0.1919
vn 0.4698 0.7601 -0.4490
vn -0.7498 0.6085 0.2598
vn 0.2613 -0.9569 -0.1264
vn 0.2667 0.9546 -0.1327
vn -0.6118 0.7553 0.2352
vn 0.0888 -0.9952 -0.0414
vn 0.4289 0.8767 -0.2179
vn -0.4509 0.8725 0.1882
vn -0.0896 -0.9952 0.0398
vn 0.5721 0.7652 -0.2953
vn -0.2751 0.9536 0.1222
vn -0.2681 -0.9569 0.1119
vn 0.6917 0.6254 -0.3611
vn -0.0919 0.9948 0.0429
vn -0.4408 -0.8815 0.1695
vn 0.7844 0.4630 -0.4127
vn -0.6013 -0.7714 0.2084
vn 0.8477 0.2843 -0.4479
vn -0.7422 -0.6307 0.2268
vn 0.8798 0.0959 -0.4656
vn -0.8550 -0.4657 0.2282
vn 0.8799 -0.0979 -0.4650
vn -0.9325 -0.2848 0.2222
vn 0.8470 -0.2900 -0.4456
vn -0.9706 -0.0958 0.2208
vn 0.7820 -0.4710 -0.4082
vn -0.9690 0.0877 0.2309
vn 0.6871 -0.6341 -0.3547
vn -0.9316 0.2650 0.2487
vn 0.5658 -0.7728 -0.2875
vn -0.8581 0.4415 0.2623
vn 0.4222 -0.8819 -0.2100
vn 0.4133 0.2806 -0.8663
vn -0.2447 0.9505 0.1917
vn -0.2374 -0.9567 0.1686
vn 0.5638 0.6195 -0.5462
vn -0.0798 0.9946 0.0670
vn -0.4049 -0.8798 0.2490
vn 0.6358 0.4576 -0.6215
vn -0.5786 -0.7639 0.2858
vn 0.6846 0.2806 -0.6727
vn -0.7490 -0.6088 0.2614
vn 0.7095 0.0945 -0.6983
vn -0.8891 -0.4236 0.1735
vn 0.7099 -0.0977 -0.6975
vn -0.9689 -0.2382 0.0667
vn 0.6845 -0.2895 -0.6691
vn -0.9969 -0.0764 0.0185
vn 0.6338 -0.4705 -0.6140
vn -0.9961 0.0549 0.0685
vn 0.5593 -0.6336 -0.5346
vn -0.9626 0.1953 0.1878
vn 0.4632 -0.7725 -0.4343
vn -0.8751 0.3753 0.3054
vn 0.3483 -0.8818 -0.3182
vn 0.0775 0.9946 -0.0684
vn -0.7404 0.5638 0.3658
vn 0.2178 -0.9569 -0.1920
vn 0.2239 0.9529 -0.2045
vn -0.5811 0.7312 0.3574
vn 0.0751 -0.9952 -0.0630
vn 0.3557 0.8731 -0.3335
vn -0.4132 0.8620 0.2935
vn -0.0772 -0.9952 0.0605
vn 0.1432 -0.2902 -0.9462
vn -0.6144 -0.6088 0.5018
vn 0.4279 0.0945 -0.8989
vn -0.7761 -0.4236 0.4671
vn 0.4285 -0.0977 -0.8982
vn -0.8877 -0.2382 0.3940
vn 0.4143 -0.2895 -0.8628
vn -0.9304 -0.0764 0.3584
vn 0.3856 -0.4705 -0.7937
vn -0.9126 0.0549 0.4051
vn 0.3427 -0.6336 -0.6936
vn -0.8403 0.1953 0.5057
vn 0.2867 -0.7725 -0.5666
vn -0.7179 0.3753 0.5863
vn 0.2184 -0.8818 -0.4181
vn 0.0495 0.9946 -0.0908
vn -0.5707 0.5638 0.5970
vn 0.1390 -0.9569 -0.2549
vn 0.1404 0.9529 -0.2688
vn -0.4238 0.7311 0.5346
vn 0.0490 -0.9952 -0.0849
vn 0.2201 0.8731 -0.4350
vn -0.2879 0.8620 0.4171
vn -0.0519 -0.9952 0.0832
vn 0.2879 0.7600 -0.5826
vn -0.1644 0.9505 0.2638
vn -0.1654 -0.9567 0.2396
vn 0.3430 0.6195 -0.7061
vn -0.0521 0.9946 0.0903
vn -0.2953 -0.8798 0.3725
vn 0.3849 0.4576 -0.8015
vn -0.4459 -0.7639 0.4665
vn -0.2336 -0.0978 0.9674
vn 0.1336 -0.4713 -0.8718
vn -0.2317 0.0953 0.9681
vn 0.1191 -0.6343 -0.7638
vn -0.2179 0.2833 0.9339
vn 0.0999 -0.7730 -0.6265
vn -0.1943 0.4624 0.8651
vn 0.0763 -0.8819 -0.4652
vn 0.0166 0.9950 -0.0980
vn -0.1634 0.6259 0.7626
vn 0.0485 -0.9569 -0.2862
vn 0.0475 0.9559 -0.2900
vn -0.1281 0.7666 0.6292
vn 0.0170 -0.9952 -0.0965
vn 0.0749 0.8794 -0.4701
vn -0.0908 0.8783 0.4694
vn -0.0178 -0.9952 0.0964
vn 0.0984 0.7693 -0.6313
vn -0.0534 0.9556 0.2899
vn -0.0551 -0.9569 0.2851
vn 0.1176 0.6300 -0.7677
vn -0.0173 0.9950 0.0980
vn -0.0941 -0.8819 0.4620
vn 0.1323 0.4673 -0.8742
vn -0.1330 -0.7728 0.6206
vn 0.1423 0.2873 -0.9472
vn -0.1694 -0.6340 0.7546
vn 0.1476 0.0969 -0.9843
vn -0.2005 -0.4709 0.8591
vn 0.1479 -0.0980 -0.9841
vn -0.2228 -0.2898 0.9308
vn -0.0411 -0.8857 0.4624
vn 0.0752 -0.4722 0.8783
vn -0.0057 0.4714 -0.8819
vn -0.0285 -0.7794 0.6259
vn -0.0019 0.2903 -0.9569
vn -0.0169 -0.6418 0.7666
vn -0.0079 -0.4781 0.8783
vn -0.0008 -0.0980 -0.9952
vn -0.0023 -0.2947 0.9556
vn -0.0048 -0.2903 -0.9569
vn -0.0000 -0.0995 0.9950
vn -0.0124 -0.4714 -0.8819
vn -0.0007 0.0994 0.9950
vn -0.0232 -0.6342 -0.7728
vn -0.0035 0.2938 0.9559
vn -0.0358 -0.7725 -0.6340
vn -0.0078 0.4759 0.8794
vn -0.0483 -0.8809 -0.4709
vn -0.0253 0.9949 -0.0980
vn -0.0127 0.6388 0.7693
vn -0.0578 -0.9553 -0.2898
vn -0.0233 0.9567 -0.2902
vn -0.0175 0.7764 0.6300
vn -0.0621 -0.9933 -0.0978
vn -0.0198 0.8818 -0.4713
vn -0.0215 0.8839 0.4673
vn -0.0601 -0.9936 0.0953
vn -0.0154 0.7729 -0.6343
vn -0.0243 0.9575 0.2873
vn -0.0525 -0.9576 0.2833
vn -0.0104 0.6344 -0.7730
vn -0.0256 0.9950 0.0969
vn -0.0359 0.0945 0.9949
vn 0.0163 -0.0967 -0.9952
vn 0.0489 -0.2907 0.9556
vn 0.0457 -0.2867 -0.9569
vn 0.0173 -0.0980 0.9950
vn 0.0696 -0.4664 -0.8819
vn -0.0179 0.0978 0.9950
vn 0.0873 -0.6286 -0.7728
vn -0.0545 0.2887 0.9559
vn 0.0988 -0.7670 -0.6340
vn -0.0904 0.4673 0.8794
vn 0.1054 -0.8759 -0.4708
vn -0.1976 0.9754 -0.0980
vn -0.1235 0.6269 0.7693
vn 0.1090 -0.9509 -0.2898
vn -0.1890 0.9381 -0.2902
vn -0.1520 0.7616 0.6300
vn 0.1113 -0.9890 -0.0978
vn -0.1727 0.8649 -0.4713
vn -0.1747 0.8667 0.4673
vn 0.1133 -0.9890 0.0954
vn -0.1494 0.7585 -0.6343
vn -0.1902 0.9388 0.2873
vn 0.1146 -0.9522 0.2833
vn -0.1204 0.6229 -0.7730
vn -0.1980 0.9754 0.0969
vn 0.1133 -0.8794 0.4624
vn -0.0874 0.4632 -0.8819
vn 0.1073 -0.7725 0.6259
vn -0.0523 0.2855 -0.9569
vn 0.0948 -0.6350 0.7666
vn -0.0170 0.0965 -0.9952
vn -0.3901 0.5121 0.7652
vn 0.1552 -0.6172 -0.7714
vn -0.1089 0.2772 0.9546
vn 0.1613 -0.7591 -0.6307
vn -0.1797 0.4462 0.8767
vn 0.1528 -0.8716 -0.4657
vn -0.3865 0.9171 -0.0979
vn -0.2443 0.5956 0.7652
vn 0.1400 -0.9483 -0.2848
vn -0.3701 0.8826 -0.2900
vn -0.2995 0.7206 0.6254
vn 0.1354 -0.9861 -0.0958
vn -0.3385 0.8146 -0.4710
vn -0.3427 0.8174 0.4630
vn 0.1455 -0.9855 0.0877
vn -0.2934 0.7154 -0.6341
vn -0.3723 0.8835 0.2843
vn 0.1665 -0.9498 0.2650
vn -0.2371 0.5887 -0.7728
vn -0.3871 0.9170 0.0959
vn 0.1865 -0.8777 0.4415
vn -0.1724 0.4389 -0.8819
vn 0.1935 -0.7696 0.6085
vn -0.1032 0.2714 -0.9569
vn 0.1810 -0.6299 0.7553
vn -0.0335 0.0921 -0.9952
vn 0.1481 -0.4656 0.8725
vn 0.0319 -0.0927 -0.9952
vn 0.0978 -0.2847 0.9536
vn 0.0881 -0.2768 -0.9569
vn 0.0347 -0.0953 0.9948
vn 0.1304 -0.4539 -0.8814
vn -0.7642 0.5789 0.2843
vn 0.3807 -0.8797 -0.2848
vn -0.5859 0.7567 -0.2900
vn -0.4758 0.6185 0.6254
vn 0.3860 -0.9175 -0.0958
vn -0.5378 0.6992 -0.4710
vn -0.5426 0.7009 0.4630
vn 0.3956 -0.9142 0.0877
vn -0.4686 0.6151 -0.6341
vn -0.5883 0.7570 0.2843
vn 0.4067 -0.8743 0.2650
vn -0.3813 0.5072 -0.7728
vn -0.6113 0.7856 0.0958
vn 0.4073 -0.7995 0.4415
vn -0.2801 0.3793 -0.8819
vn 0.3861 -0.6933 0.6085
vn -0.1699 0.2354 -0.9569
vn 0.3379 -0.5616 0.7553
vn -0.0562 0.0803 -0.9952
vn 0.2636 -0.4114 0.8725
vn 0.0548 -0.0813 -0.9952
vn 0.1681 -0.2496 0.9536
vn 0.1567 -0.2446 -0.9569
vn 0.0582 -0.0831 0.9948
vn 0.2435 -0.4047 -0.8814
vn -0.0591 0.0820 0.9949
vn 0.3096 -0.5560 -0.7714
vn -0.1770 0.2396 0.9546
vn 0.3523 -0.6915 -0.6307
vn -0.2891 0.3845 0.8767
vn 0.3732 -0.8024 -0.4657
vn -0.6107 0.7858 -0.0979
vn 0.5734 -0.3174 0.7553
vn 0.6191 -0.7393 0.2650
vn -0.4996 0.3913 -0.7728
vn -0.7938 0.6006 0.0958
vn 0.6003 -0.6669 0.4415
vn -0.3687 0.2939 -0.8819
vn 0.5524 -0.5698 0.6085
vn -0.2250 0.1834 -0.9569
vn 0.4717 -0.4550 0.7553
vn -0.0751 0.0630 -0.9952
vn 0.3611 -0.3292 0.8725
vn 0.0739 -0.0644 -0.9952
vn 0.2270 -0.1976 0.9536
vn 0.2147 -0.1957 -0.9569
vn 0.0777 -0.0652 0.9948
vn 0.3399 -0.3279 -0.8815
vn -0.0783 0.0639 0.9949
vn 0.4430 -0.4569 -0.7714
vn -0.2330 0.1856 0.9546
vn 0.5192 -0.5767 -0.6307
vn -0.3787 0.2966 0.8767
vn 0.5682 -0.6784 -0.4657
vn -0.7933 0.6010 -0.0979
vn -0.5094 0.3937 0.7652
vn 0.5954 -0.7512 -0.2848
vn -0.7618 0.5793 -0.2900
vn -0.6196 0.4743 0.6254
vn 0.6103 -0.7863 -0.0958
vn -0.7005 0.5362 -0.4710
vn -0.7055 0.5365 0.4630
vn 0.6188 -0.7807 0.0877
vn -0.6118 0.4729 -0.6341
vn 0.0980 -0.0173 0.9950
vn -0.0888 0.0414 -0.9952
vn 0.4340 -0.2245 0.8725
vn 0.0881 -0.0430 -0.9952
vn 0.2704 -0.1321 0.9536
vn 0.2580 -0.1335 -0.9569
vn 0.0919 -0.0429 0.9948
vn 0.4132 -0.2287 -0.8815
vn -0.0922 0.0414 0.9949
vn 0.5461 -0.3267 -0.7714
vn -0.2731 0.1190 0.9546
vn 0.6508 -0.4227 -0.6307
vn -0.4426 0.1885 0.8767
vn 0.7244 -0.5083 -0.4657
vn -0.9218 0.3752 -0.0979
vn -0.5939 0.2484 0.7652
vn 0.7696 -0.5715 -0.2848
vn -0.8858 0.3624 -0.2900
vn -0.7213 0.2978 0.6254
vn 0.7931 -0.6016 -0.0958
vn -0.8154 0.3366 -0.4710
vn -0.8204 0.3356 0.4630
vn 0.7997 -0.5939 0.0877
vn -0.7134 0.2984 -0.6341
vn -0.8880 0.3614 0.2843
vn 0.7893 -0.5538 0.2650
vn -0.5839 0.2486 -0.7728
vn -0.9222 0.3747 0.0958
vn 0.7525 -0.4888 0.4414
vn -0.4322 0.1884 -0.8819
vn 0.6810 -0.4074 0.6085
vn -0.2648 0.1189 -0.9569
vn 0.4620 -0.0941 -0.8819
vn -0.0980 0.0166 0.9950
vn 0.6206 -0.1330 -0.7728
vn -0.2900 0.0475 0.9559
vn 0.7546 -0.1694 -0.6340
vn -0.4701 0.0749 0.8794
vn 0.8591 -0.2005 -0.4708
vn -0.9841 0.1479 -0.0980
vn -0.6313 0.0984 0.7693
vn 0.9308 -0.2228 -0.2898
vn -0.9462 0.1432 -0.2902
vn -0.7676 0.1176 0.6300
vn 0.9674 -0.2336 -0.0978
vn -0.8718 0.1336 -0.4713
vn -0.8742 0.1323 0.4672
vn 0.9681 -0.2317 0.0954
vn -0.7638 0.1191 -0.6343
vn -0.9472 0.1423 0.2873
vn 0.9339 -0.2179 0.2833
vn -0.6265 0.0999 -0.7730
vn -0.9843 0.1476 0.0969
vn 0.8651 -0.1943 0.4624
vn -0.4652 0.0763 -0.8819
vn 0.7626 -0.1634 0.6259
vn -0.2862 0.0485 -0.9569
vn 0.6292 -0.1281 0.7666
vn -0.0965 0.0170 -0.9952
vn 0.4695 -0.0908 0.8783
vn 0.0964 -0.0178 -0.9952
vn 0.2899 -0.0534 0.9556
vn 0.2850 -0.0552 -0.9569
vn -0.8812 -0.0395 -0.4710
vn -0.4522 -0.1335 -0.8819
vn -0.8854 -0.0425 0.4630
vn 0.9758 -0.2003 0.0877
vn -0.7726 -0.0310 -0.6341
vn -0.9575 -0.0477 0.2843
vn 0.9494 -0.1683 0.2650
vn -0.6342 -0.0214 -0.7728
vn -0.9941 -0.0501 0.0958
vn 0.8885 -0.1250 0.4415
vn -0.4714 -0.0119 -0.8819
vn 0.7894 -0.0814 0.6085
vn -0.2903 -0.0041 -0.9569
vn 0.6538 -0.0454 0.7553
vn 0.4882 -0.0200 0.8725
vn 0.0980 -0.0018 -0.9952
vn 0.3009 -0.0055 0.9536
vn 0.2903 -0.0119 -0.9569
vn 0.1014 -0.0000 0.9948
vn 0.4711 -0.0327 -0.8815
vn -0.1011 -0.0014 0.9949
vn 0.6330 -0.0653 -0.7714
vn -0.2978 -0.0075 0.9546
vn 0.7685 -0.1081 -0.6307
vn -0.4808 -0.0162 0.8767
vn 0.8713 -0.1545 -0.4657
vn -0.9940 -0.0495 -0.0979
vn -0.6432 -0.0258 0.7652
vn 0.9390 -0.1927 -0.2848
vn -0.9559 -0.0459 -0.2900
vn -0.7795 -0.0350 0.6254
vn 0.9730 -0.2100 -0.0958
vn 0.0865 0.0462 -0.9952
vn 0.7836 0.1257 0.6085
vn -0.2793 -0.0791 -0.9569
vn 0.6433 0.1254 0.7553
vn -0.0947 -0.0254 -0.9952
vn 0.4768 0.1070 0.8725
vn 0.0951 0.0237 -0.9952
vn 0.2921 0.0726 0.9536
vn 0.2835 0.0636 -0.9569
vn 0.0980 0.0263 0.9948
vn 0.4635 0.0904 -0.8815
vn -0.0972 -0.0275 0.9949
vn 0.6284 0.1008 -0.7714
vn -0.2857 -0.0843 0.9546
vn 0.7703 0.0945 -0.6307
vn -0.4602 -0.1401 0.8767
vn 0.8816 0.0763 -0.4657
vn -0.9473 -0.3051 -0.0979
vn -0.6146 -0.1914 0.7652
vn 0.9569 0.0569 -0.2848
vn -0.9115 -0.2917 -0.2900
vn -0.7439 -0.2355 0.6254
vn 0.9942 0.0489 -0.0958
vn -0.8410 -0.2662 -0.4710
vn -0.8442 -0.2702 0.4630
vn 0.9944 0.0591 0.0877
vn -0.7383 -0.2300 -0.6341
vn -0.9126 -0.2939 0.2843
vn 0.9607 0.0831 0.2650
vn -0.6071 -0.1848 -0.7728
vn -0.9473 -0.3057 0.0959
vn 0.8906 0.1093 0.4415
vn 0.3279 0.3399 -0.8815
vn 0.2742 0.1463 0.9505
vn 0.2630 0.1248 -0.9567
vn 0.0903 0.0521 0.9946
vn 0.4420 0.1749 -0.8798
vn -0.0882 -0.0538 0.9946
vn 0.6194 0.1810 -0.7639
vn -0.2560 -0.1625 0.9529
vn 0.7830 0.1274 -0.6088
vn -0.4082 -0.2667 0.8731
vn 0.9057 0.0164 -0.4236
vn -0.8202 -0.5636 -0.0977
vn -0.5406 -0.3606 0.7601
vn 0.9658 -0.1026 -0.2381
vn -0.7903 -0.5401 -0.2895
vn -0.6501 -0.4400 0.6195
vn 0.9850 -0.1548 -0.0764
vn -0.7308 -0.4946 -0.4705
vn -0.7341 -0.5017 0.4576
vn 0.9929 -0.1055 0.0549
vn -0.6436 -0.4293 -0.6336
vn -0.7911 -0.5436 0.2806
vn 0.9806 0.0178 0.1953
vn -0.5316 -0.3473 -0.7725
vn -0.8200 -0.5645 0.0945
vn 0.9149 0.1488 0.3753
vn -0.3982 -0.2529 -0.8817
vn 0.7927 0.2317 0.5638
vn -0.2479 -0.1513 -0.9569
vn 0.6343 0.2510 0.7312
vn -0.0849 -0.0490 -0.9952
vn 0.4579 0.2173 0.8620
vn 0.5083 0.7244 -0.4657
vn -0.0639 -0.0783 0.9949
vn 0.4569 0.4430 -0.7714
vn -0.1856 -0.2330 0.9546
vn 0.5767 0.5192 -0.6307
vn -0.6010 -0.7933 -0.0979
vn -0.2966 -0.3787 0.8767
vn 0.6784 0.5682 -0.4657
vn -0.5793 -0.7618 -0.2900
vn -0.3937 -0.5094 0.7652
vn 0.7512 0.5954 -0.2848
vn -0.5362 -0.7005 -0.4710
vn -0.4743 -0.6196 0.6254
vn 0.7863 0.6103 -0.0958
vn -0.4729 -0.6118 -0.6341
vn -0.5365 -0.7055 0.4630
vn 0.7807 0.6188 0.0877
vn -0.3913 -0.4996 -0.7728
vn -0.5789 -0.7642 0.2843
vn 0.7393 0.6191 0.2650
vn -0.2939 -0.3687 -0.8819
vn -0.6006 -0.7938 0.0958
vn 0.6669 0.6003 0.4415
vn 0.5698 0.5524 0.6085
vn -0.1834 -0.2250 -0.9569
vn 0.4550 0.4717 0.7553
vn -0.0630 -0.0751 -0.9952
vn 0.3292 0.3611 0.8725
vn 0.0644 0.0740 -0.9952
vn 0.1976 0.2270 0.9536
vn 0.1957 0.2147 -0.9569
vn 0.0652 0.0777 0.9948
vn 0.0119 0.9952 0.0967
vn -0.3752 -0.9218 -0.0979
vn -0.2484 -0.5939 0.7652
vn 0.5715 0.7696 -0.2848
vn -0.3624 -0.8858 -0.2900
vn -0.2978 -0.7213 0.6254
vn 0.6016 0.7931 -0.0958
vn -0.3366 -0.8154 -0.4710
vn -0.3356 -0.8204 0.4630
vn 0.5939 0.7997 0.0877
vn -0.2984 -0.7134 -0.6341
vn -0.3614 -0.8880 0.2843
vn 0.5538 0.7893 0.2650
vn -0.2486 -0.5839 -0.7728
vn -0.3747 -0.9222 0.0959
vn 0.4888 0.7525 0.4415
vn -0.1884 -0.4322 -0.8819
vn 0.4074 0.6810 0.6085
vn -0.1189 -0.2648 -0.9569
vn 0.3174 0.5734 0.7553
vn -0.0414 -0.0888 -0.9952
vn 0.2245 0.4340 0.8725
vn 0.0430 0.0881 -0.9952
vn 0.1321 0.2704 0.9536
vn 0.1335 0.2580 -0.9569
vn 0.0429 0.0919 0.9948
vn 0.2287 0.4132 -0.8815
vn -0.0414 -0.0922 0.9949
vn 0.3267 0.5461 -0.7714
vn -0.1190 -0.2731 0.9546
vn 0.4227 0.6508 -0.6307
vn -0.1885 -0.4426 0.8767
vn 1.0000 -0.0001 -0.0000
vn 1.0000 0.0001 0.0001
vn 1.0000 -0.0000 0.0001
vn 1.0000 -0.0000 -0.0001
vn 1.0000 0.0001 -0.0000
vn -0.0126 -0.7730 -0.6343
vn -0.0162 -0.9578 0.2870
vn 0.0116 0.9579 0.2868
vn -0.0101 -0.6344 -0.7730
vn -0.0169 -0.9952 0.0968
vn 0.0109 0.8844 0.4666
vn -0.0073 -0.4714 -0.8819
vn 0.0098 0.7770 0.6294
vn -0.0043 -0.2903 -0.9569
vn 0.0083 0.6393 0.7689
vn -0.0014 -0.0980 -0.9952
vn 0.0064 0.4762 0.8793
vn 0.0014 0.0980 -0.9952
vn 0.0041 0.2937 0.9559
vn 0.0039 0.2903 -0.9569
vn 0.0014 0.0993 0.9951
vn 0.0062 0.4714 -0.8819
vn -0.0015 -0.0993 0.9951
vn 0.0080 0.6344 -0.7730
vn -0.0045 -0.2937 0.9559
vn 0.0095 0.7730 -0.6344
vn -0.0076 -0.4760 0.8794
vn 0.0106 0.8819 -0.4714
vn -0.0168 -0.9950 -0.0980
vn -0.0104 -0.6391 0.7691
vn 0.0114 0.9569 -0.2902
vn -0.0160 -0.9568 -0.2903
vn -0.0128 -0.7768 0.6296
vn 0.0118 0.9951 -0.0980
vn -0.0146 -0.8818 -0.4714
vn -0.0148 -0.8842 0.4668
vn -0.5007 -0.1519 0.8522
vn 0.1519 -0.5008 0.8522
vn -0.1519 -0.5007 0.8522
vn -0.5008 0.1519 0.8522
vn 0.5008 0.1519 0.8522
vn 0.0446 -0.4533 0.8902
vn 0.0446 0.4533 0.8902
vn -0.0446 -0.4533 0.8902
vn 0.5241 -0.6386 0.5635
vn 0.0905 -0.9183 0.3853
vn 0.2679 -0.8830 0.3853
vn -0.0904 -0.9183 0.3853
vn 0.8830 -0.2679 0.3853
vn -0.8831 0.2679 0.3853
vn 0.8830 0.2679 0.3853
vn -0.0001 -0.0000 1.0000
vn -0.0002 -0.0000 1.0000
vn 0.0001 -0.0000 1.0000
vn 0.0002 -0.0000 1.0000
vn -0.2398 -0.7906 0.5634
vn 0.7286 -0.3894 0.5634
vn -0.5241 0.6386 0.5635
vn 0.7906 -0.2398 0.5635
vn 0.8222 -0.0810 0.5635
vn 0.7906 0.2398 0.5634
vn -0.8222 0.0810 0.5635
vn -0.7906 -0.2398 0.5634
vn 0.5241 0.6386 0.5635
vn -0.7286 -0.3895 0.5634
vn 0.3894 -0.7286 0.5635
vn -0.3894 -0.7286 0.5634
vn -0.0810 0.8222 0.5635
vn -0.2708 0.8926 -0.3606
vn 0.2708 0.8926 -0.3606
vn 0.0004 -0.0000 -1.0000
vn -0.0004 -0.0000 -1.0000
vn 0.0001 -0.0000 -1.0000
vn -0.0001 -0.0000 -1.0000
vn 0.4390 -0.5350 0.7218
vn 0.2446 0.8065 0.5382
vn 0.2447 -0.8065 0.5382
vn -0.2447 -0.8065 0.5382
vn -0.2447 0.8065 0.5382
vn -0.8065 0.2447 0.5382
vn 0.0008 -0.0000 1.0000
vn -0.0008 -0.0000 1.0000
vn -0.2009 0.6622 0.7219
vn 0.5349 -0.4390 0.7219
vn -0.0679 -0.6887 0.7219
vn -0.5350 0.4390 0.7219
vn -0.6622 0.2009 0.7219
vn 0.6623 0.2009 0.7218
vn 0.6103 0.3263 0.7218
vn 0.5349 0.4390 0.7219
vn 0.4390 0.5350 0.7218
vn -0.6103 -0.3262 0.7218
vn 0.0678 -0.6887 0.7219
vn -0.5349 -0.4390 0.7219
vn 0.2008 0.6622 0.7219
vn 0.2009 -0.6622 0.7219
vn -0.4390 -0.5349 0.7219
vn 0.0678 0.6887 0.7219
vn -0.3262 -0.6103 0.7219
vn -0.0679 0.6887 0.7219
vn 0.3067 0.1639 0.9376
vn -0.3327 -0.1009 0.9376
vn -0.3067 -0.1639 0.9376
vn 0.3066 -0.1639 0.9376
vn -0.3066 0.1639 0.9376
vn -0.0003 -0.0000 -1.0000
vn 0.0003 -0.0000 -1.0000
vn 0.0696 -0.7060 -0.7048
vn 0.0696 0.7060 -0.7048
vn -0.0695 0.7060 -0.7048
vn -0.0695 -0.7060 -0.7048
vn 0.5484 0.4501 -0.7048
vt 0.791980 0.973671
vt 0.854627 0.990984
vt 0.856629 0.999767
vt 0.798269 0.968558
vt 0.853082 0.983667
vt 0.803257 0.963968
vt 0.852123 0.977664
vt 0.807355 0.959787
vt 0.851386 0.972351
vt 0.810815 0.955925
vt 0.851095 0.967841
vt 0.813810 0.952352
vt 0.850991 0.963753
vt 0.816477 0.948999
vt 0.851165 0.960162
vt 0.818879 0.945824
vt 0.851499 0.956908
vt 0.821097 0.942808
vt 0.851954 0.953869
vt 0.823155 0.939915
vt 0.852575 0.951108
vt 0.825110 0.937130
vt 0.853306 0.948519
vt 0.826986 0.934425
vt 0.854148 0.946084
vt 0.828787 0.931787
vt 0.855087 0.943764
vt 0.830551 0.929206
vt 0.856139 0.941572
vt 0.832288 0.926661
vt 0.857315 0.939500
vt 0.834011 0.924139
vt 0.858598 0.937510
vt 0.835730 0.921628
vt 0.860004 0.935597
vt 0.837456 0.919114
vt 0.861517 0.933744
vt 0.839198 0.916586
vt 0.863193 0.931964
vt 0.840952 0.914023
vt 0.864996 0.930231
vt 0.842731 0.911425
vt 0.866959 0.928542
vt 0.844540 0.908774
vt 0.869149 0.926902
vt 0.846385 0.906048
vt 0.871569 0.925305
vt 0.848281 0.903226
vt 0.874270 0.923751
vt 0.850235 0.900254
vt 0.877220 0.922211
vt 0.852252 0.897095
vt 0.880638 0.920712
vt 0.854343 0.893694
vt 0.884553 0.919258
vt 0.856516 0.889984
vt 0.889112 0.917856
vt 0.858779 0.885869
vt 0.894517 0.916524
vt 0.861138 0.881217
vt 0.901066 0.915295
vt 0.816995 0.892378
vt 0.863594 0.875837
vt 0.909194 0.914212
vt 0.866139 0.869440
vt 0.918406 0.912607
vt 0.855113 0.960202
vt 0.868820 0.930964
vt 0.869848 0.936338
vt 0.866898 0.932437
vt 0.860824 0.939027
vt 0.878803 0.925969
vt 0.858565 0.975896
vt 0.857657 0.944874
vt 0.856867 0.947037
vt 0.901335 0.923919
vt 0.855287 0.954376
vt 0.855114 0.957186
vt 0.862133 0.937268
vt 0.882091 0.925009
vt 0.855998 0.967204
vt 0.857006 0.971340
vt 0.858590 0.942829
vt 0.870933 0.929577
vt 0.864031 0.987328
vt 0.869082 0.994905
vt 0.918803 0.927716
vt 0.908701 0.925133
vt 0.863575 0.935580
vt 0.885851 0.924233
vt 0.873271 0.928278
vt 0.860897 0.981325
vt 0.856200 0.949332
vt 0.855674 0.951780
vt 0.865158 0.933975
vt 0.895279 0.923546
vt 0.890194 0.923709
vt 0.855391 0.963564
vt 0.859652 0.940884
vt 0.875865 0.927083
vt 0.877767 0.932939
vt 0.877563 0.938997
vt 0.876743 0.939058
vt 0.861139 0.956889
vt 0.861664 0.959348
vt 0.871551 0.935276
vt 0.860932 0.954599
vt 0.873428 0.934342
vt 0.860912 0.952402
vt 0.875493 0.933554
vt 0.861131 0.950348
vt 0.861526 0.948408
vt 0.880276 0.932538
vt 0.862081 0.946577
vt 0.883039 0.932404
vt 0.875165 0.976260
vt 0.880760 0.978858
vt 0.886083 0.932614
vt 0.862759 0.944824
vt 0.889432 0.933275
vt 0.863582 0.943166
vt 0.870870 0.973289
vt 0.893098 0.934534
vt 0.864577 0.941626
vt 0.865395 0.967439
vt 0.867729 0.970354
vt 0.897077 0.936602
vt 0.866920 0.938787
vt 0.865677 0.940160
vt 0.863683 0.964611
vt 0.901325 0.939771
vt 0.862473 0.961912
vt 0.868308 0.937512
vt 0.868435 0.958667
vt 0.867980 0.957836
vt 0.877052 0.950312
vt 0.866235 0.951535
vt 0.866227 0.952295
vt 0.879273 0.938941
vt 0.878405 0.938896
vt 0.866300 0.950066
vt 0.866206 0.950792
vt 0.881087 0.939122
vt 0.880175 0.938953
vt 0.866526 0.948659
vt 0.866354 0.949349
vt 0.882986 0.939583
vt 0.882042 0.939267
vt 0.866899 0.947321
vt 0.866657 0.947972
vt 0.879796 0.964904
vt 0.881408 0.964913
vt 0.884943 0.940373
vt 0.883983 0.939886
vt 0.867412 0.946052
vt 0.867103 0.946663
vt 0.876847 0.964505
vt 0.878276 0.964841
vt 0.886911 0.941553
vt 0.885962 0.940866
vt 0.868058 0.944857
vt 0.867685 0.945426
vt 0.874301 0.963607
vt 0.875509 0.964164
vt 0.888814 0.943186
vt 0.887919 0.942269
vt 0.868828 0.943747
vt 0.868396 0.944270
vt 0.872169 0.962387
vt 0.873161 0.963082
vt 0.890537 0.945331
vt 0.889759 0.944160
vt 0.869720 0.942723
vt 0.869230 0.943199
vt 0.870428 0.960967
vt 0.871221 0.961742
vt 0.905694 0.944493
vt 0.891905 0.948026
vt 0.891337 0.946589
vt 0.870732 0.941794
vt 0.870186 0.942218
vt 0.869045 0.959429
vt 0.869658 0.960246
vt 0.871863 0.940969
vt 0.871260 0.941336
vt 0.873112 0.940260
vt 0.872454 0.940564
vt 0.867195 0.956227
vt 0.867513 0.957055
vt 0.874479 0.939682
vt 0.873766 0.939915
vt 0.866662 0.954627
vt 0.866857 0.955440
vt 0.875963 0.939253
vt 0.875196 0.939407
vt 0.866349 0.953060
vt 0.866437 0.953849
vt 0.892439 0.949567
vt 0.802068 0.914664
vt 0.803815 0.912607
vt 0.787433 0.930954
vt 0.822027 0.882592
vt 0.809778 0.903706
vt 0.793287 0.925091
vt 0.795207 0.923140
vt 0.826117 0.872247
vt 0.815530 0.894666
vt 0.785320 0.932793
vt 0.820864 0.885106
vt 0.808340 0.905954
vt 0.825207 0.874878
vt 0.812532 0.899129
vt 0.814043 0.896916
vt 0.800453 0.916842
vt 0.828052 0.864172
vt 0.868677 0.861615
vt 0.780725 0.936002
vt 0.783080 0.934496
vt 0.818438 0.890052
vt 0.819666 0.887592
vt 0.806867 0.908185
vt 0.791432 0.927150
vt 0.823146 0.880050
vt 0.824211 0.877479
vt 0.798797 0.919008
vt 0.827573 0.866893
vt 0.805359 0.910402
vt 0.789504 0.929158
vt 0.811172 0.901429
vt 0.796951 0.921014
vt 0.826916 0.869585
vt 0.782773 0.883441
vt 0.769470 0.872808
vt 0.783890 0.881730
vt 0.798563 0.858142
vt 0.763551 0.911288
vt 0.765110 0.909298
vt 0.780538 0.886835
vt 0.781657 0.885138
vt 0.797347 0.860364
vt 0.761916 0.913219
vt 0.779408 0.888535
vt 0.796080 0.862541
vt 0.760193 0.915068
vt 0.778261 0.890250
vt 0.794789 0.864671
vt 0.777092 0.891988
vt 0.793495 0.866755
vt 0.775897 0.893759
vt 0.792211 0.868792
vt 0.774674 0.895569
vt 0.790945 0.870779
vt 0.773421 0.897423
vt 0.789704 0.872715
vt 0.772133 0.899324
vt 0.788492 0.874602
vt 0.770811 0.901267
vt 0.787308 0.876442
vt 0.769450 0.903247
vt 0.786151 0.878239
vt 0.768051 0.905255
vt 0.785013 0.879999
vt 0.800718 0.853561
vt 0.766607 0.907278
vt 0.799696 0.855876
vt 0.777873 0.864566
vt 0.769864 0.855673
vt 0.779703 0.863160
vt 0.791515 0.852419
vt 0.757854 0.902129
vt 0.758740 0.899503
vt 0.768385 0.874250
vt 0.789806 0.854527
vt 0.756791 0.904689
vt 0.766410 0.877251
vt 0.767360 0.875726
vt 0.787867 0.856523
vt 0.755536 0.907080
vt 0.765514 0.878819
vt 0.785801 0.858381
vt 0.754081 0.909228
vt 0.764672 0.880439
vt 0.783706 0.860098
vt 0.763885 0.882121
vt 0.781656 0.861683
vt 0.763154 0.883881
vt 0.762479 0.885734
vt 0.761857 0.887699
vt 0.776181 0.865930
vt 0.761275 0.889791
vt 0.774622 0.867281
vt 0.760710 0.892025
vt 0.773186 0.868635
vt 0.760127 0.894400
vt 0.771859 0.870004
vt 0.759485 0.896905
vt 0.770625 0.871393
vt 0.792927 0.850223
vt 0.762997 0.858123
vt 0.755963 0.851532
vt 0.758406 0.850102
vt 0.749467 0.878695
vt 0.749624 0.876448
vt 0.767436 0.856407
vt 0.749485 0.881023
vt 0.765141 0.857214
vt 0.749656 0.883450
vt 0.749946 0.885968
vt 0.760998 0.859160
vt 0.750289 0.888659
vt 0.759143 0.860340
vt 0.750593 0.891483
vt 0.757434 0.861667
vt 0.787948 0.846780
vt 0.750758 0.894461
vt 0.755851 0.863105
vt 0.785880 0.848551
vt 0.750721 0.897541
vt 0.754423 0.864681
vt 0.783469 0.850278
vt 0.750404 0.900585
vt 0.752101 0.868230
vt 0.753195 0.866412
vt 0.780801 0.851783
vt 0.749786 0.903482
vt 0.751188 0.870154
vt 0.777987 0.853043
vt 0.749011 0.906031
vt 0.750502 0.872180
vt 0.775187 0.854076
vt 0.749967 0.874276
vt 0.772472 0.854919
vt 0.740297 0.877669
vt 0.731571 0.873881
vt 0.740642 0.874862
vt 0.740019 0.886058
vt 0.740030 0.883267
vt 0.753601 0.853131
vt 0.751348 0.854915
vt 0.740108 0.891607
vt 0.740061 0.888835
vt 0.783256 0.838730
vt 0.740136 0.894360
vt 0.749273 0.856921
vt 0.780967 0.839902
vt 0.745669 0.861474
vt 0.747383 0.859121
vt 0.776165 0.842214
vt 0.778602 0.841065
vt 0.740106 0.897086
vt 0.773674 0.843325
vt 0.739895 0.902411
vt 0.740021 0.899778
vt 0.744181 0.863975
vt 0.739730 0.905021
vt 0.741920 0.869293
vt 0.742945 0.866599
vt 0.771135 0.844393
vt 0.766003 0.846515
vt 0.768570 0.845451
vt 0.741173 0.872064
vt 0.760906 0.848813
vt 0.763443 0.847633
vt 0.740106 0.880472
vt 0.728870 0.886178
vt 0.721107 0.882206
vt 0.729379 0.883263
vt 0.756674 0.839603
vt 0.759210 0.837850
vt 0.730703 0.877115
vt 0.754084 0.841509
vt 0.729982 0.880244
vt 0.751456 0.843592
vt 0.748818 0.845875
vt 0.746210 0.848376
vt 0.728435 0.888996
vt 0.743684 0.851099
vt 0.775672 0.828194
vt 0.777990 0.827040
vt 0.728061 0.891733
vt 0.741292 0.854032
vt 0.773381 0.829390
vt 0.727737 0.894403
vt 0.739076 0.857144
vt 0.771096 0.830632
vt 0.727457 0.897024
vt 0.768799 0.831926
vt 0.727218 0.899614
vt 0.737104 0.860417
vt 0.766473 0.833281
vt 0.727022 0.902192
vt 0.735368 0.863777
vt 0.764106 0.834709
vt 0.733875 0.867175
vt 0.761687 0.836225
vt 0.732618 0.870557
vt 0.718941 0.893654
vt 0.712963 0.890028
vt 0.719381 0.890945
vt 0.743879 0.839848
vt 0.746763 0.837200
vt 0.720450 0.885245
vt 0.740980 0.842768
vt 0.719880 0.888151
vt 0.738126 0.845959
vt 0.771446 0.820066
vt 0.773740 0.818796
vt 0.735386 0.849399
vt 0.769176 0.821375
vt 0.732822 0.853042
vt 0.766910 0.822726
vt 0.718549 0.896300
vt 0.764629 0.824132
vt 0.718202 0.898911
vt 0.730504 0.856845
vt 0.762311 0.825610
vt 0.726874 0.904780
vt 0.717894 0.901509
vt 0.728443 0.860725
vt 0.759937 0.827176
vt 0.726655 0.864609
vt 0.757489 0.828853
vt 0.725133 0.868424
vt 0.754953 0.830664
vt 0.723852 0.872115
vt 0.752319 0.832638
vt 0.722777 0.875649
vt 0.749586 0.834806
vt 0.721874 0.879011
vt 0.716282 0.877924
vt 0.711940 0.872925
vt 0.717445 0.874470
vt 0.731882 0.846670
vt 0.734749 0.842883
vt 0.765672 0.815387
vt 0.767919 0.813949
vt 0.712360 0.892756
vt 0.729144 0.850632
vt 0.763439 0.816875
vt 0.711819 0.895421
vt 0.761198 0.818428
vt 0.711334 0.898052
vt 0.726606 0.854722
vt 0.758924 0.820064
vt 0.717629 0.904114
vt 0.710899 0.900677
vt 0.724281 0.858857
vt 0.756596 0.821805
vt 0.722199 0.862963
vt 0.754194 0.823676
vt 0.720375 0.866968
vt 0.751698 0.825705
vt 0.718799 0.870815
vt 0.749096 0.827925
vt 0.746379 0.830369
vt 0.743555 0.833071
vt 0.715279 0.881185
vt 0.740644 0.836054
vt 0.714406 0.884271
vt 0.737690 0.839330
vt 0.713640 0.887210
vt 0.770203 0.812553
vt 0.707319 0.885883
vt 0.701773 0.881089
vt 0.708264 0.882911
vt 0.742765 0.825917
vt 0.745466 0.823225
vt 0.710545 0.876461
vt 0.739941 0.828897
vt 0.709330 0.879781
vt 0.737013 0.832191
vt 0.734022 0.835800
vt 0.731023 0.839692
vt 0.764023 0.807861
vt 0.766297 0.806304
vt 0.706474 0.888728
vt 0.728069 0.843799
vt 0.761797 0.809455
vt 0.705710 0.891480
vt 0.725199 0.848048
vt 0.759594 0.811097
vt 0.705015 0.894171
vt 0.757387 0.812804
vt 0.704379 0.896833
vt 0.722454 0.852376
vt 0.755153 0.814599
vt 0.710515 0.903318
vt 0.703794 0.899497
vt 0.719875 0.856718
vt 0.752865 0.816507
vt 0.717510 0.861010
vt 0.750502 0.818558
vt 0.715399 0.865179
vt 0.748042 0.820785
vt 0.713548 0.869162
vt 0.704971 0.874810
vt 0.701924 0.869103
vt 0.706888 0.871378
vt 0.731479 0.833193
vt 0.734200 0.829107
vt 0.700434 0.883997
vt 0.728669 0.837519
vt 0.758918 0.800875
vt 0.761150 0.799075
vt 0.699230 0.886797
vt 0.725785 0.841987
vt 0.756764 0.802718
vt 0.698142 0.889522
vt 0.722830 0.846498
vt 0.754659 0.804619
vt 0.697149 0.892204
vt 0.752579 0.806599
vt 0.696238 0.894875
vt 0.719882 0.851010
vt 0.750498 0.808685
vt 0.703261 0.902190
vt 0.695399 0.897569
vt 0.716950 0.855432
vt 0.748393 0.810907
vt 0.714114 0.859722
vt 0.746243 0.813299
vt 0.711464 0.863831
vt 0.744027 0.815898
vt 0.709049 0.867721
vt 0.741727 0.818746
vt 0.739327 0.821879
vt 0.736819 0.825329
vt 0.703276 0.878037
vt 0.693597 0.881217
vt 0.689073 0.874727
vt 0.695356 0.878384
vt 0.735250 0.818212
vt 0.737281 0.814670
vt 0.699490 0.872358
vt 0.733145 0.822073
vt 0.697310 0.875441
vt 0.730934 0.826259
vt 0.728587 0.830745
vt 0.726069 0.835431
vt 0.752961 0.794081
vt 0.755128 0.791981
vt 0.692006 0.883971
vt 0.723342 0.840190
vt 0.750890 0.796226
vt 0.690556 0.886677
vt 0.720374 0.844892
vt 0.748891 0.798433
vt 0.689225 0.889363
vt 0.746942 0.800728
vt 0.687995 0.892058
vt 0.717257 0.849494
vt 0.745021 0.803142
vt 0.694630 0.900317
vt 0.686850 0.894795
vt 0.714006 0.853889
vt 0.743111 0.805706
vt 0.710727 0.858056
vt 0.741196 0.808454
vt 0.707570 0.861976
vt 0.739258 0.811429
vt 0.704620 0.865651
vt 0.682924 0.882813
vt 0.652392 0.869707
vt 0.653684 0.866508
vt 0.725398 0.828542
vt 0.727274 0.823746
vt 0.686842 0.877439
vt 0.723267 0.833493
vt 0.745992 0.787502
vt 0.748071 0.785068
vt 0.684798 0.880121
vt 0.720782 0.838451
vt 0.744021 0.789993
vt 0.717863 0.843250
vt 0.742149 0.792557
vt 0.681200 0.885514
vt 0.740345 0.795221
vt 0.679595 0.888238
vt 0.714636 0.847851
vt 0.738610 0.798017
vt 0.685784 0.897601
vt 0.678098 0.891022
vt 0.711122 0.852105
vt 0.736933 0.800975
vt 0.707443 0.856026
vt 0.735322 0.804110
vt 0.703836 0.859626
vt 0.733724 0.807480
vt 0.700389 0.862959
vt 0.732146 0.811112
vt 0.697176 0.866083
vt 0.730570 0.815041
vt 0.694211 0.869081
vt 0.728974 0.819246
vt 0.691525 0.871934
vt 0.648340 0.878694
vt 0.642020 0.872460
vt 0.649724 0.875796
vt 0.675200 0.815261
vt 0.678350 0.810650
vt 0.716052 0.772301
vt 0.718392 0.769854
vt 0.651074 0.872803
vt 0.672296 0.820020
vt 0.713603 0.774764
vt 0.676696 0.893881
vt 0.667387 0.829724
vt 0.669693 0.824880
vt 0.711029 0.777277
vt 0.705424 0.782555
vt 0.708318 0.779860
vt 0.665351 0.834550
vt 0.663530 0.839248
vt 0.702393 0.785345
vt 0.660362 0.848037
vt 0.661876 0.843769
vt 0.699203 0.788287
vt 0.695867 0.791411
vt 0.657588 0.855986
vt 0.658939 0.852136
vt 0.688764 0.798349
vt 0.692360 0.794767
vt 0.656271 0.859674
vt 0.685197 0.802171
vt 0.720621 0.767422
vt 0.722743 0.764999
vt 0.654970 0.863180
vt 0.681699 0.806273
vt 0.647185 0.860530
vt 0.641195 0.854509
vt 0.648589 0.857218
vt 0.664447 0.822498
vt 0.702983 0.773724
vt 0.705497 0.771110
vt 0.661774 0.827581
vt 0.700321 0.776488
vt 0.659346 0.832539
vt 0.697496 0.779430
vt 0.657145 0.837294
vt 0.694497 0.782584
vt 0.655145 0.841797
vt 0.691318 0.785985
vt 0.653318 0.846026
vt 0.687964 0.789666
vt 0.651633 0.849995
vt 0.684474 0.793639
vt 0.650065 0.853715
vt 0.680916 0.797906
vt 0.677358 0.802457
vt 0.714509 0.761629
vt 0.716602 0.759403
vt 0.673872 0.807256
vt 0.712372 0.763897
vt 0.645839 0.863681
vt 0.670512 0.812241
vt 0.710170 0.766221
vt 0.644537 0.866700
vt 0.707886 0.768617
vt 0.643267 0.869618
vt 0.667368 0.817357
vt 0.706608 0.758133
vt 0.698755 0.754698
vt 0.700901 0.752406
vt 0.672593 0.798560
vt 0.676171 0.793620
vt 0.708727 0.755928
vt 0.710832 0.753784
vt 0.639717 0.857721
vt 0.669027 0.803728
vt 0.638327 0.860779
vt 0.665522 0.809036
vt 0.704452 0.760411
vt 0.637011 0.863716
vt 0.702237 0.762785
vt 0.635753 0.866566
vt 0.662165 0.814424
vt 0.699939 0.765279
vt 0.640791 0.875250
vt 0.634545 0.869358
vt 0.658964 0.819786
vt 0.697531 0.767925
vt 0.655969 0.825037
vt 0.694991 0.770755
vt 0.653213 0.830096
vt 0.692294 0.773806
vt 0.650704 0.834894
vt 0.689420 0.777118
vt 0.648431 0.839391
vt 0.686358 0.780732
vt 0.646373 0.843579
vt 0.683109 0.784681
vt 0.644499 0.847474
vt 0.679697 0.788980
vt 0.642782 0.851106
vt 0.694309 0.759617
vt 0.685745 0.756403
vt 0.687892 0.753498
vt 0.629610 0.860688
vt 0.660278 0.805682
vt 0.696566 0.757091
vt 0.628326 0.863521
vt 0.656739 0.811269
vt 0.633383 0.872119
vt 0.627101 0.866315
vt 0.653295 0.816785
vt 0.691957 0.762309
vt 0.650020 0.822156
vt 0.689481 0.765206
vt 0.646982 0.827297
vt 0.686854 0.768354
vt 0.644217 0.832139
vt 0.684053 0.771801
vt 0.641725 0.836645
vt 0.681061 0.775595
vt 0.639485 0.840815
vt 0.677876 0.779777
vt 0.637465 0.844672
vt 0.674516 0.784364
vt 0.635632 0.848254
vt 0.671025 0.789334
vt 0.633955 0.851605
vt 0.667458 0.794617
vt 0.703032 0.750193
vt 0.705174 0.748042
vt 0.632407 0.854767
vt 0.663866 0.800103
vt 0.630965 0.857782
vt 0.681211 0.762993
vt 0.672842 0.762311
vt 0.674904 0.758163
vt 0.645787 0.820284
vt 0.683526 0.759551
vt 0.642144 0.825240
vt 0.638769 0.829845
vt 0.678777 0.766787
vt 0.635705 0.834097
vt 0.676201 0.770985
vt 0.632953 0.838018
vt 0.673469 0.775628
vt 0.630486 0.841648
vt 0.670571 0.780719
vt 0.628268 0.845031
vt 0.667503 0.786208
vt 0.626262 0.848216
vt 0.664260 0.791976
vt 0.696260 0.743460
vt 0.698423 0.741192
vt 0.624434 0.851246
vt 0.660828 0.797863
vt 0.694151 0.745802
vt 0.622754 0.854164
vt 0.657192 0.803717
vt 0.692071 0.748235
vt 0.621197 0.857007
vt 0.689993 0.750789
vt 0.619742 0.859813
vt 0.653447 0.809472
vt 0.625933 0.869100
vt 0.618373 0.862618
vt 0.649601 0.815012
vt 0.668484 0.771939
vt 0.660875 0.774461
vt 0.662628 0.768615
vt 0.629950 0.830803
vt 0.670710 0.766891
vt 0.626711 0.834436
vt 0.623799 0.837827
vt 0.666130 0.777449
vt 0.621177 0.841021
vt 0.663589 0.783351
vt 0.618805 0.844064
vt 0.660781 0.789496
vt 0.688948 0.736715
vt 0.691136 0.734225
vt 0.616643 0.846998
vt 0.657615 0.795681
vt 0.686848 0.739289
vt 0.614657 0.849859
vt 0.654030 0.801711
vt 0.684816 0.741964
vt 0.612818 0.852684
vt 0.682826 0.744772
vt 0.611103 0.855507
vt 0.650131 0.807508
vt 0.680859 0.747749
vt 0.617087 0.865451
vt 0.609492 0.858362
vt 0.645938 0.812939
vt 0.678895 0.750939
vt 0.641647 0.817975
vt 0.676916 0.754392
vt 0.637463 0.822614
vt 0.633539 0.826877
vt 0.656658 0.787041
vt 0.650484 0.791479
vt 0.652819 0.785102
vt 0.614131 0.835989
vt 0.658938 0.780659
vt 0.611334 0.838882
vt 0.680591 0.729751
vt 0.682815 0.726925
vt 0.608765 0.841716
vt 0.653866 0.793380
vt 0.678498 0.732667
vt 0.606386 0.844525
vt 0.650445 0.799451
vt 0.676514 0.735689
vt 0.604168 0.847341
vt 0.674617 0.738850
vt 0.602085 0.850196
vt 0.646475 0.805135
vt 0.672792 0.742189
vt 0.607982 0.861280
vt 0.600119 0.853125
vt 0.642030 0.810311
vt 0.671025 0.745747
vt 0.637360 0.814980
vt 0.669305 0.749574
vt 0.632729 0.819196
vt 0.667619 0.753722
vt 0.628332 0.823037
vt 0.665955 0.758250
vt 0.624267 0.826577
vt 0.664301 0.763205
vt 0.620560 0.829880
vt 0.617194 0.833001
vt 0.638693 0.807748
vt 0.575552 0.763155
vt 0.643324 0.802943
vt 0.669104 0.726245
vt 0.671161 0.722852
vt 0.598386 0.838122
vt 0.647298 0.797478
vt 0.667207 0.729747
vt 0.595652 0.840887
vt 0.665457 0.733392
vt 0.593057 0.843746
vt 0.663847 0.737215
vt 0.598264 0.856159
vt 0.590581 0.846724
vt 0.662370 0.741252
vt 0.633707 0.811915
vt 0.661022 0.745540
vt 0.628681 0.815564
vt 0.659794 0.750116
vt 0.623847 0.818838
vt 0.658657 0.755060
vt 0.619320 0.821853
vt 0.657624 0.760390
vt 0.615135 0.824694
vt 0.656653 0.766120
vt 0.611275 0.827422
vt 0.655653 0.772221
vt 0.607691 0.830101
vt 0.654456 0.778605
vt 0.604375 0.832757
vt 0.673386 0.719544
vt 0.601284 0.835421
vt 0.559248 0.788808
vt 0.549200 0.784744
vt 0.551250 0.782190
vt 0.605880 0.704018
vt 0.609215 0.699823
vt 0.541209 0.809807
vt 0.544015 0.806315
vt 0.573607 0.767045
vt 0.602596 0.708525
vt 0.571648 0.770657
vt 0.599465 0.713256
vt 0.569673 0.774036
vt 0.596437 0.718135
vt 0.567674 0.777223
vt 0.565644 0.780259
vt 0.593426 0.723112
vt 0.563572 0.783182
vt 0.590524 0.728247
vt 0.561443 0.786025
vt 0.587848 0.733572
vt 0.556975 0.791569
vt 0.585473 0.738999
vt 0.554606 0.794342
vt 0.583343 0.744368
vt 0.617761 0.689044
vt 0.619817 0.685952
vt 0.552127 0.797160
vt 0.581350 0.749536
vt 0.615281 0.692371
vt 0.549530 0.800062
vt 0.579412 0.754412
vt 0.612404 0.695952
vt 0.546817 0.803093
vt 0.577485 0.758952
vt 0.544830 0.790085
vt 0.534642 0.785699
vt 0.536819 0.782797
vt 0.580211 0.737503
vt 0.547069 0.787361
vt 0.577256 0.742716
vt 0.613536 0.685151
vt 0.615339 0.682345
vt 0.574528 0.747572
vt 0.611381 0.688388
vt 0.542457 0.792972
vt 0.571981 0.752016
vt 0.608847 0.692099
vt 0.539920 0.796092
vt 0.569587 0.756057
vt 0.605965 0.696315
vt 0.537193 0.799548
vt 0.567322 0.759737
vt 0.602879 0.701033
vt 0.534249 0.803498
vt 0.565163 0.763109
vt 0.599810 0.706118
vt 0.563089 0.766228
vt 0.596811 0.711303
vt 0.561077 0.769146
vt 0.593726 0.716460
vt 0.559107 0.771908
vt 0.557158 0.774557
vt 0.590413 0.721569
vt 0.555209 0.777129
vt 0.586929 0.726743
vt 0.553242 0.779660
vt 0.583450 0.732094
vt 0.529793 0.792531
vt 0.519387 0.790180
vt 0.522037 0.785818
vt 0.565475 0.749092
vt 0.606051 0.689054
vt 0.608003 0.685071
vt 0.532315 0.788904
vt 0.562463 0.752466
vt 0.603799 0.693692
vt 0.559723 0.755533
vt 0.601233 0.698916
vt 0.527018 0.796758
vt 0.557211 0.758357
vt 0.598391 0.704461
vt 0.554882 0.760993
vt 0.595315 0.709985
vt 0.552695 0.763488
vt 0.592025 0.715396
vt 0.550616 0.765883
vt 0.548613 0.768215
vt 0.588525 0.720775
vt 0.546658 0.770517
vt 0.584695 0.726144
vt 0.542812 0.775170
vt 0.544727 0.772820
vt 0.580566 0.731451
vt 0.540874 0.777588
vt 0.576406 0.736513
vt 0.538886 0.780114
vt 0.572450 0.741161
vt 0.609699 0.681702
vt 0.611194 0.678861
vt 0.568798 0.745344
vt 0.540784 0.761590
vt 0.536464 0.753116
vt 0.542939 0.759431
vt 0.550254 0.752747
vt 0.596850 0.702812
vt 0.599352 0.696925
vt 0.547635 0.755038
vt 0.593753 0.708631
vt 0.545211 0.757256
vt 0.590260 0.714281
vt 0.586580 0.719915
vt 0.538713 0.763758
vt 0.582418 0.725393
vt 0.534732 0.768248
vt 0.536701 0.765964
vt 0.577705 0.730452
vt 0.532771 0.770631
vt 0.572786 0.734879
vt 0.530791 0.773151
vt 0.568061 0.738706
vt 0.605563 0.678705
vt 0.606812 0.675693
vt 0.528764 0.775856
vt 0.563714 0.742061
vt 0.604259 0.682266
vt 0.526659 0.778807
vt 0.559793 0.745064
vt 0.602863 0.686472
vt 0.524435 0.782088
vt 0.556277 0.747805
vt 0.601284 0.691378
vt 0.553117 0.750350
vt 0.529749 0.759635
vt 0.521415 0.756193
vt 0.523670 0.753836
vt 0.587249 0.712355
vt 0.534131 0.755251
vt 0.583384 0.717854
vt 0.531902 0.757417
vt 0.578866 0.722901
vt 0.527647 0.761940
vt 0.573814 0.727316
vt 0.525566 0.764353
vt 0.568622 0.731068
vt 0.523479 0.766909
vt 0.563641 0.734280
vt 0.600678 0.676029
vt 0.601967 0.672781
vt 0.521359 0.769648
vt 0.559021 0.737115
vt 0.599436 0.679814
vt 0.519168 0.772624
vt 0.554807 0.739706
vt 0.598213 0.684186
vt 0.516860 0.775902
vt 0.550999 0.742133
vt 0.596920 0.689179
vt 0.514364 0.779574
vt 0.547561 0.744444
vt 0.595386 0.694757
vt 0.511552 0.783778
vt 0.544437 0.746674
vt 0.593357 0.700696
vt 0.541577 0.748848
vt 0.590640 0.706632
vt 0.538934 0.750988
vt 0.596556 0.669610
vt 0.544942 0.643127
vt 0.547321 0.639266
vt 0.569155 0.721993
vt 0.519182 0.758658
vt 0.564105 0.725307
vt 0.516944 0.761241
vt 0.559208 0.728218
vt 0.594955 0.673270
vt 0.514669 0.763981
vt 0.554552 0.730860
vt 0.593500 0.677374
vt 0.512319 0.766923
vt 0.550182 0.733375
vt 0.592137 0.681946
vt 0.509851 0.770091
vt 0.546196 0.735803
vt 0.590779 0.686976
vt 0.507202 0.773515
vt 0.542592 0.738141
vt 0.589284 0.692443
vt 0.504295 0.777168
vt 0.539284 0.740434
vt 0.587465 0.698104
vt 0.536254 0.742679
vt 0.585079 0.703646
vt 0.533446 0.744894
vt 0.582041 0.708963
vt 0.530822 0.747092
vt 0.528338 0.749302
vt 0.578336 0.713845
vt 0.525961 0.751545
vt 0.574011 0.718197
vt 0.499384 0.684826
vt 0.499100 0.722110
vt 0.480379 0.734180
vt 0.487528 0.733213
vt 0.490293 0.731914
vt 0.507541 0.695464
vt 0.510370 0.692009
vt 0.542558 0.646986
vt 0.504731 0.698873
vt 0.540157 0.650845
vt 0.484249 0.734021
vt 0.537727 0.654705
vt 0.504052 0.709709
vt 0.504876 0.704969
vt 0.476478 0.735036
vt 0.503630 0.713654
vt 0.535224 0.658567
vt 0.502577 0.716977
vt 0.530043 0.666286
vt 0.532653 0.662430
vt 0.501037 0.719770
vt 0.527340 0.670110
vt 0.497999 0.724740
vt 0.524575 0.673896
vt 0.518926 0.681341
vt 0.521762 0.677635
vt 0.494756 0.728779
vt 0.496546 0.726953
vt 0.516069 0.684977
vt 0.492605 0.730234
vt 0.513214 0.688519
vt 0.015567 0.149648
vt 0.009755 0.151935
vt 0.017903 0.146855
vt 0.023306 0.150825
vt 0.039318 0.146668
vt 0.027833 0.156567
vt 0.021061 0.153546
vt 0.017945 0.155415
vt 0.008431 0.157028
vt 0.008862 0.156858
vt 0.008864 0.156847
vt 0.009440 0.156816
vt 0.009646 0.157477
vt 0.009277 0.156758
vt 0.014570 0.152381
vt 0.006881 0.149632
vt 0.006037 0.147059
vt 0.007235 0.146368
vt 0.024650 0.164878
vt 0.021793 0.160852
vt 0.010672 0.144562
vt 0.006081 0.153336
vt 0.002804 0.143576
vt 0.004545 0.140319
vt 0.011063 0.156700
vt 0.010883 0.158202
vt 0.011968 0.155657
vt 0.013305 0.157746
vt 0.012137 0.166632
vt 0.015224 0.164693
vt 0.017291 0.173700
vt 0.008908 0.156846
vt 0.008348 0.157114
vt 0.008192 0.157127
vt 0.007599 0.155135
vt 0.009551 0.156633
vt 0.008314 0.156991
vt 0.009388 0.156432
vt 0.008144 0.156474
vt 0.008532 0.155781
vt 0.009239 0.156762
vt 0.009221 0.156773
vt 0.009116 0.156771
vt 0.008876 0.156898
vt 0.008772 0.156767
vt 0.008438 0.156975
vt 0.008230 0.156972
vt 0.004346 0.149305
vt 0.003510 0.146552
vt 0.003968 0.151215
vt 0.006085 0.148824
vt 0.045476 0.144929
vt 0.040535 0.150979
vt 0.037063 0.137104
vt 0.019870 0.125944
vt 0.034151 0.129514
vt 0.026188 0.114152
vt 0.040951 0.117904
vt 0.036776 0.122864
vt 0.042673 0.137454
vt 0.040604 0.135329
vt 0.037841 0.134792
vt 0.014878 0.119523
vt 0.014349 0.113330
vt 0.018519 0.111491
vt 0.034131 0.095622
vt 0.038456 0.109150
vt 0.007867 0.126976
vt 0.008854 0.117056
vt 0.013217 0.117376
vt 0.008858 0.111919
vt 0.006599 0.107401
vt 0.005497 0.109522
vt 0.006398 0.119920
vt 0.025746 0.097235
vt 0.034708 0.075192
vt 0.020310 0.097580
vt 0.039461 0.094357
vt 0.046693 0.105648
vt 0.018063 0.082487
vt 0.020684 0.076564
vt 0.022865 0.077143
vt 0.012735 0.096708
vt 0.040307 0.078583
vt 0.010662 0.080752
vt 0.011714 0.075092
vt 0.010681 0.082557
vt 0.017335 0.081179
vt 0.041091 0.077483
vt 0.020724 0.068137
vt 0.024481 0.065899
vt 0.019669 0.063421
vt 0.020759 0.062220
vt 0.035663 0.066805
vt 0.036786 0.073883
vt 0.031796 0.065366
vt 0.015052 0.060025
vt 0.017041 0.057895
vt 0.031064 0.058883
vt 0.035430 0.058916
vt 0.037820 0.060331
vt 0.012637 0.067587
vt 0.023348 0.059195
vt 0.026197 0.060012
vt 0.029284 0.060505
vt 0.021856 0.057582
vt 0.025590 0.055889
vt 0.028693 0.042799
vt 0.030514 0.040149
vt 0.030145 0.041766
vt 0.026218 0.056292
vt 0.027180 0.056698
vt 0.028708 0.056777
vt 0.029730 0.056587
vt 0.022004 0.054809
vt 0.027134 0.046109
vt 0.030275 0.046918
vt 0.029121 0.042896
vt 0.029706 0.042619
vt 0.031400 0.046706
vt 0.027690 0.046406
vt 0.024026 0.044139
vt 0.028361 0.042597
vt 0.028639 0.046746
vt 0.032142 0.046486
vt 0.030436 0.056388
vt 0.040567 0.121511
vt 0.042263 0.123619
vt 0.039426 0.123032
vt 0.041550 0.120547
vt 0.039655 0.128195
vt 0.036084 0.131071
vt 0.036607 0.132061
vt 0.037113 0.133110
vt 0.040024 0.129293
vt 0.042165 0.124281
vt 0.040714 0.129254
vt 0.040665 0.130476
vt 0.041156 0.129579
vt 0.040617 0.130195
vt 0.039350 0.129916
vt 0.037739 0.130584
vt 0.042908 0.123436
vt 0.042539 0.124813
vt 0.043843 0.123214
vt 0.043225 0.125157
vt 0.041532 0.129325
vt 0.042804 0.135544
vt 0.040927 0.132028
vt 0.043128 0.132244
vt 0.039533 0.131653
vt 0.038540 0.131231
vt 0.039923 0.131264
vt 0.038534 0.132383
vt 0.040638 0.129796
vt 0.040666 0.130565
vt 0.037572 0.133903
vt 0.038946 0.134194
vt 0.038763 0.133233
vt 0.040693 0.131276
vt 0.040388 0.131070
vt 0.040222 0.130764
vt 0.040509 0.130338
vt 0.039566 0.132102
vt 0.040229 0.129463
vt 0.040566 0.130494
vt 0.040442 0.130564
vt 0.040573 0.130445
vt 0.039787 0.132600
vt 0.040596 0.130208
vt 0.040417 0.130321
vt 0.040309 0.130778
vt 0.040415 0.130533
vt 0.039565 0.129928
vt 0.040791 0.129854
vt 0.040381 0.129926
vt 0.999820 0.792638
vt 0.974218 0.758601
vt 0.977764 0.756602
vt 0.992747 0.796978
vt 0.970598 0.760563
vt 0.966889 0.762494
vt 0.985673 0.801359
vt 0.963079 0.764402
vt 0.982138 0.803579
vt 0.959156 0.766301
vt 0.978604 0.805829
vt 0.955107 0.768207
vt 0.950923 0.770143
vt 0.971550 0.810448
vt 0.946600 0.772134
vt 0.968036 0.812835
vt 0.942142 0.774214
vt 0.937567 0.776421
vt 0.964536 0.815284
vt 0.932905 0.778801
vt 0.957598 0.820399
vt 0.928208 0.781401
vt 0.923544 0.784264
vt 0.954175 0.823076
vt 0.918989 0.787422
vt 0.950793 0.825833
vt 0.914614 0.790887
vt 0.947461 0.828670
vt 0.910474 0.794661
vt 0.940983 0.834546
vt 0.906571 0.798635
vt 0.903013 0.802812
vt 0.932356 0.836534
vt 0.899770 0.807171
vt 0.929108 0.838484
vt 0.896887 0.811584
vt 0.894350 0.816007
vt 0.924334 0.842492
vt 0.892114 0.820399
vt 0.922599 0.844808
vt 0.890131 0.824731
vt 0.888350 0.828987
vt 0.921334 0.847392
vt 0.886723 0.833168
vt 0.920388 0.853492
vt 0.885203 0.837281
vt 0.883747 0.841335
vt 0.918676 0.856415
vt 0.882328 0.845336
vt 0.917593 0.859587
vt 0.880926 0.849308
vt 0.916715 0.862910
vt 0.879521 0.853275
vt 0.936319 0.835131
vt 0.965922 0.858152
vt 0.925396 0.884518
vt 0.916508 0.866508
vt 0.878091 0.857262
vt 0.918572 0.875433
vt 0.876612 0.861300
vt 0.942681 0.762653
vt 0.946605 0.760002
vt 0.950374 0.757508
vt 0.940885 0.750576
vt 0.944347 0.747583
vt 0.907013 0.791085
vt 0.876751 0.829660
vt 0.957548 0.752896
vt 0.961010 0.750736
vt 0.920716 0.778932
vt 0.925341 0.775241
vt 0.887633 0.813153
vt 0.866731 0.848312
vt 0.938589 0.765484
vt 0.902701 0.795431
vt 0.874529 0.833502
vt 0.954013 0.755147
vt 0.916084 0.782822
vt 0.884549 0.817458
vt 0.967836 0.746622
vt 0.971270 0.744647
vt 0.864939 0.852024
vt 0.934322 0.768517
vt 0.898569 0.799845
vt 0.872442 0.837262
vt 0.911504 0.786885
vt 0.881728 0.821647
vt 0.964428 0.748649
vt 0.929895 0.771767
vt 0.894652 0.804307
vt 0.870462 0.840963
vt 0.879140 0.825713
vt 0.891000 0.808757
vt 0.868566 0.844636
vt 0.933594 0.757252
vt 0.923916 0.754003
vt 0.927307 0.749648
vt 0.885115 0.804967
vt 0.937309 0.753791
vt 0.880991 0.809119
vt 0.877139 0.813142
vt 0.929720 0.760976
vt 0.873567 0.817037
vt 0.925674 0.764961
vt 0.870266 0.820809
vt 0.921457 0.769184
vt 0.867211 0.824475
vt 0.917083 0.773598
vt 0.864372 0.828057
vt 0.912577 0.778132
vt 0.960984 0.735036
vt 0.964390 0.732861
vt 0.861721 0.831579
vt 0.907969 0.782710
vt 0.957643 0.737304
vt 0.859226 0.835069
vt 0.903287 0.787266
vt 0.954342 0.739671
vt 0.856860 0.838557
vt 0.951046 0.742157
vt 0.854598 0.842072
vt 0.898640 0.791830
vt 0.947724 0.744786
vt 0.863177 0.855811
vt 0.852420 0.845650
vt 0.894011 0.796308
vt 0.889476 0.800692
vt 0.916672 0.763477
vt 0.905839 0.762517
vt 0.909438 0.757361
vt 0.865895 0.811009
vt 0.920384 0.758626
vt 0.861907 0.814388
vt 0.858188 0.817712
vt 0.912740 0.768481
vt 0.854714 0.821007
vt 0.908554 0.773527
vt 0.953129 0.723415
vt 0.956609 0.720900
vt 0.851459 0.824296
vt 0.904097 0.778496
vt 0.949769 0.726066
vt 0.848394 0.827605
vt 0.899373 0.783276
vt 0.946503 0.728852
vt 0.845493 0.830960
vt 0.943302 0.731793
vt 0.842733 0.834389
vt 0.894516 0.787907
vt 0.940137 0.734910
vt 0.850315 0.849317
vt 0.840095 0.837923
vt 0.889506 0.792271
vt 0.936982 0.738229
vt 0.884458 0.796383
vt 0.933811 0.741775
vt 0.879492 0.800275
vt 0.930595 0.745575
vt 0.874706 0.803984
vt 0.870163 0.807551
vt 0.897867 0.772565
vt 0.892546 0.776352
vt 0.896909 0.771683
vt 0.846211 0.812831
vt 0.901998 0.767625
vt 0.945015 0.712912
vt 0.948662 0.709928
vt 0.842481 0.816074
vt 0.941545 0.716038
vt 0.838935 0.819363
vt 0.893422 0.777241
vt 0.938208 0.719291
vt 0.835549 0.822721
vt 0.934968 0.722688
vt 0.832296 0.826179
vt 0.888684 0.781621
vt 0.931795 0.726252
vt 0.837574 0.841589
vt 0.829158 0.829768
vt 0.883698 0.785702
vt 0.928667 0.730008
vt 0.878558 0.789519
vt 0.925560 0.733980
vt 0.873403 0.793120
vt 0.922449 0.738191
vt 0.868334 0.796562
vt 0.919313 0.742652
vt 0.863437 0.799896
vt 0.916125 0.747357
vt 0.858758 0.803165
vt 0.912849 0.752279
vt 0.854330 0.806397
vt 0.850153 0.809612
vt 0.882771 0.784576
vt 0.651834 0.556597
vt 0.656812 0.553306
vt 0.934830 0.715965
vt 0.938156 0.712449
vt 0.832107 0.819348
vt 0.931638 0.719624
vt 0.828590 0.822783
vt 0.887813 0.780652
vt 0.928547 0.723450
vt 0.826142 0.833537
vt 0.825178 0.826376
vt 0.925540 0.727471
vt 0.877522 0.788170
vt 0.922598 0.731703
vt 0.872219 0.791499
vt 0.919691 0.736169
vt 0.866967 0.794643
vt 0.916801 0.740876
vt 0.861854 0.797678
vt 0.913896 0.745806
vt 0.856932 0.800672
vt 0.910922 0.750929
vt 0.852245 0.803661
vt 0.907814 0.756182
vt 0.847798 0.806673
vt 0.904493 0.761479
vt 0.843583 0.809726
vt 0.900881 0.766689
vt 0.941647 0.709049
vt 0.945347 0.705733
vt 0.839578 0.812845
vt 0.835762 0.816044
vt 0.642009 0.563742
vt 0.631677 0.560998
vt 0.636604 0.556343
vt 0.709167 0.510697
vt 0.702457 0.518146
vt 0.705838 0.514484
vt 0.646877 0.560056
vt 0.698999 0.521691
vt 0.637309 0.567694
vt 0.695414 0.525099
vt 0.632836 0.571928
vt 0.687912 0.531635
vt 0.691726 0.528410
vt 0.628635 0.576431
vt 0.624683 0.581075
vt 0.683956 0.534790
vt 0.621042 0.585860
vt 0.679844 0.537887
vt 0.726113 0.489894
vt 0.617680 0.590682
vt 0.675565 0.540948
vt 0.722538 0.494230
vt 0.614538 0.595447
vt 0.666482 0.547051
vt 0.671114 0.543993
vt 0.719112 0.498522
vt 0.608687 0.604352
vt 0.611557 0.600034
vt 0.715770 0.502712
vt 0.661706 0.550140
vt 0.712469 0.506773
vt 0.603074 0.611981
vt 0.605870 0.608346
vt 0.618076 0.576160
vt 0.617825 0.567136
vt 0.622362 0.570974
vt 0.685990 0.515003
vt 0.689137 0.511865
vt 0.626912 0.565895
vt 0.682773 0.518089
vt 0.679460 0.521148
vt 0.676023 0.524204
vt 0.672434 0.527283
vt 0.614080 0.581365
vt 0.668665 0.530411
vt 0.715830 0.482081
vt 0.610395 0.586484
vt 0.664692 0.533616
vt 0.711911 0.486508
vt 0.607020 0.591397
vt 0.660495 0.536929
vt 0.708292 0.490684
vt 0.603936 0.595985
vt 0.656066 0.540382
vt 0.704885 0.494631
vt 0.601109 0.600167
vt 0.651413 0.544013
vt 0.701624 0.498376
vt 0.598506 0.603903
vt 0.646570 0.547862
vt 0.698458 0.501945
vt 0.641602 0.551963
vt 0.695345 0.505365
vt 0.692248 0.508663
vt 0.701004 0.478290
vt 0.694791 0.465482
vt 0.705237 0.474058
vt 0.667258 0.513830
vt 0.670209 0.510757
vt 0.613229 0.572706
vt 0.664193 0.517001
vt 0.608786 0.578139
vt 0.660978 0.520308
vt 0.604603 0.583354
vt 0.657579 0.523791
vt 0.600771 0.588245
vt 0.653960 0.527493
vt 0.697190 0.482212
vt 0.597343 0.592712
vt 0.650092 0.531456
vt 0.693693 0.485873
vt 0.594321 0.596705
vt 0.645959 0.535720
vt 0.690436 0.489321
vt 0.596100 0.607179
vt 0.591677 0.600227
vt 0.641564 0.540314
vt 0.687354 0.492599
vt 0.636947 0.545245
vt 0.684398 0.495747
vt 0.632184 0.550484
vt 0.681524 0.498800
vt 0.627367 0.555953
vt 0.675896 0.504770
vt 0.678697 0.501793
vt 0.622568 0.561541
vt 0.673077 0.507748
vt 0.679861 0.480424
vt 0.671774 0.467539
vt 0.683070 0.477077
vt 0.598745 0.579755
vt 0.649671 0.515064
vt 0.652669 0.511378
vt 0.690430 0.469669
vt 0.594543 0.584641
vt 0.646486 0.519041
vt 0.686563 0.473512
vt 0.590854 0.589082
vt 0.643076 0.523365
vt 0.587693 0.593046
vt 0.639412 0.528088
vt 0.589373 0.603317
vt 0.585015 0.596555
vt 0.635479 0.533246
vt 0.676867 0.483606
vt 0.631293 0.538836
vt 0.674031 0.486666
vt 0.626902 0.544790
vt 0.671309 0.489647
vt 0.622375 0.550958
vt 0.666073 0.495530
vt 0.668662 0.492586
vt 0.617742 0.557136
vt 0.663495 0.498501
vt 0.612994 0.563163
vt 0.660897 0.501531
vt 0.658248 0.504660
vt 0.608162 0.568965
vt 0.655516 0.507926
vt 0.603350 0.574504
vt 0.659880 0.479817
vt 0.650847 0.466769
vt 0.662563 0.476834
vt 0.581551 0.589786
vt 0.632951 0.521586
vt 0.635702 0.516229
vt 0.668459 0.470734
vt 0.582756 0.599665
vt 0.578470 0.593104
vt 0.629992 0.527466
vt 0.665408 0.473819
vt 0.626764 0.533846
vt 0.623193 0.540607
vt 0.619216 0.547516
vt 0.654877 0.485840
vt 0.657320 0.482803
vt 0.614798 0.554289
vt 0.652500 0.488947
vt 0.609951 0.560718
vt 0.650164 0.492157
vt 0.647847 0.495512
vt 0.604860 0.566791
vt 0.645525 0.499055
vt 0.599581 0.572368
vt 0.643177 0.502837
vt 0.684216 0.456715
vt 0.594366 0.577440
vt 0.640777 0.506917
vt 0.679530 0.460600
vt 0.589513 0.582010
vt 0.638296 0.511359
vt 0.675431 0.464182
vt 0.585221 0.586108
vt 0.642919 0.476466
vt 0.630082 0.472840
vt 0.632579 0.469006
vt 0.618866 0.536882
vt 0.621387 0.529606
vt 0.648024 0.469928
vt 0.615658 0.544295
vt 0.645383 0.473147
vt 0.611622 0.551507
vt 0.640592 0.479906
vt 0.606782 0.558217
vt 0.638385 0.483496
vt 0.636287 0.487273
vt 0.601521 0.564447
vt 0.634290 0.491274
vt 0.595857 0.569918
vt 0.632383 0.495543
vt 0.674021 0.447157
vt 0.590131 0.574638
vt 0.630554 0.500129
vt 0.669071 0.450780
vt 0.584710 0.578733
vt 0.628788 0.505085
vt 0.664689 0.454148
vt 0.579840 0.582381
vt 0.627055 0.510468
vt 0.660749 0.457372
vt 0.575595 0.585732
vt 0.625308 0.516336
vt 0.657167 0.460523
vt 0.575904 0.596119
vt 0.571969 0.588876
vt 0.623465 0.522720
vt 0.653882 0.463644
vt 0.623386 0.485489
vt 0.538043 0.420909
vt 0.625484 0.481046
vt 0.598804 0.552080
vt 0.602852 0.545953
vt 0.627714 0.476840
vt 0.594055 0.557672
vt 0.588877 0.562724
vt 0.621432 0.490187
vt 0.664363 0.437074
vt 0.583511 0.567272
vt 0.619570 0.495200
vt 0.659862 0.440838
vt 0.578232 0.571466
vt 0.617828 0.500526
vt 0.655571 0.444428
vt 0.573344 0.575376
vt 0.616151 0.506205
vt 0.651565 0.447896
vt 0.568920 0.579141
vt 0.614490 0.512304
vt 0.647824 0.451337
vt 0.568914 0.591856
vt 0.565026 0.582806
vt 0.612802 0.518777
vt 0.644347 0.454775
vt 0.610974 0.525557
vt 0.641105 0.458225
vt 0.608838 0.532503
vt 0.638079 0.461734
vt 0.606181 0.539342
vt 0.635252 0.465325
vt 0.526641 0.435587
vt 0.486326 0.414572
vt 0.491072 0.408383
vt 0.490967 0.494111
vt 0.530355 0.430565
vt 0.534158 0.425666
vt 0.583534 0.371008
vt 0.485167 0.504179
vt 0.488061 0.499189
vt 0.580028 0.374890
vt 0.522997 0.440720
vt 0.576446 0.378795
vt 0.479420 0.513831
vt 0.482295 0.509050
vt 0.519450 0.445952
vt 0.569095 0.386657
vt 0.572800 0.382714
vt 0.476544 0.518512
vt 0.565333 0.390646
vt 0.561639 0.586408
vt 0.515966 0.451254
vt 0.512580 0.456624
vt 0.561512 0.394705
vt 0.509286 0.462041
vt 0.557643 0.398832
vt 0.502958 0.472918
vt 0.506075 0.467480
vt 0.553735 0.403040
vt 0.545904 0.411753
vt 0.549831 0.407340
vt 0.496871 0.483674
vt 0.499885 0.478319
vt 0.493903 0.488934
vt 0.541964 0.416272
vt 0.474390 0.434378
vt 0.468406 0.422761
vt 0.477924 0.427633
vt 0.553624 0.355186
vt 0.449329 0.498184
vt 0.451385 0.493414
vt 0.481889 0.420991
vt 0.545686 0.361715
vt 0.549745 0.358431
vt 0.541440 0.365036
vt 0.473673 0.523095
vt 0.447225 0.502801
vt 0.537025 0.368399
vt 0.471253 0.441123
vt 0.532420 0.371860
vt 0.465940 0.454227
vt 0.468456 0.447780
vt 0.522598 0.379251
vt 0.527625 0.375458
vt 0.517390 0.383262
vt 0.461488 0.466545
vt 0.463636 0.460525
vt 0.459427 0.472374
vt 0.512102 0.387533
vt 0.506747 0.392148
vt 0.457412 0.477963
vt 0.496131 0.402569
vt 0.501410 0.397153
vt 0.560937 0.348702
vt 0.453420 0.488454
vt 0.455410 0.483324
vt 0.557352 0.351945
vt 0.454071 0.450544
vt 0.445479 0.439365
vt 0.457129 0.443963
vt 0.529198 0.357144
vt 0.533320 0.353691
vt 0.464259 0.429985
vt 0.524870 0.360780
vt 0.460510 0.437086
vt 0.520310 0.364643
vt 0.515501 0.368778
vt 0.510442 0.373231
vt 0.451282 0.456802
vt 0.505164 0.378048
vt 0.448712 0.462725
vt 0.499712 0.383278
vt 0.446314 0.468332
vt 0.494158 0.388949
vt 0.444051 0.473645
vt 0.488594 0.395062
vt 0.548329 0.341078
vt 0.551871 0.338112
vt 0.441895 0.478699
vt 0.483133 0.401579
vt 0.544738 0.344102
vt 0.439822 0.483529
vt 0.477881 0.408431
vt 0.541061 0.347197
vt 0.437810 0.488176
vt 0.537265 0.350385
vt 0.435847 0.492678
vt 0.472957 0.415536
vt 0.445052 0.507281
vt 0.433920 0.497072
vt 0.433570 0.463759
vt 0.423643 0.453436
vt 0.436147 0.458247
vt 0.507738 0.358482
vt 0.512468 0.354131
vt 0.442051 0.446074
vt 0.502711 0.363231
vt 0.438958 0.452364
vt 0.497390 0.368435
vt 0.491810 0.374139
vt 0.486040 0.380362
vt 0.431183 0.468945
vt 0.480182 0.387084
vt 0.539765 0.330425
vt 0.543295 0.327539
vt 0.428950 0.473856
vt 0.474354 0.394235
vt 0.536219 0.333382
vt 0.426842 0.478543
vt 0.468674 0.401715
vt 0.532621 0.336426
vt 0.424833 0.483056
vt 0.528932 0.339585
vt 0.422903 0.487444
vt 0.463262 0.409406
vt 0.525111 0.342894
vt 0.432027 0.501398
vt 0.421037 0.491753
vt 0.458194 0.417155
vt 0.521120 0.346390
vt 0.453528 0.424819
vt 0.516918 0.350119
vt 0.449293 0.432258
vt 0.412753 0.472799
vt 0.401679 0.461797
vt 0.415139 0.468302
vt 0.485269 0.366356
vt 0.490494 0.359863
vt 0.420541 0.458680
vt 0.479755 0.373408
vt 0.417722 0.463615
vt 0.474003 0.380940
vt 0.529978 0.318313
vt 0.533488 0.315342
vt 0.468085 0.388823
vt 0.526509 0.321378
vt 0.462082 0.396894
vt 0.523043 0.324560
vt 0.410527 0.477161
vt 0.519540 0.327894
vt 0.408433 0.481440
vt 0.456191 0.405060
vt 0.515958 0.331424
vt 0.419228 0.496024
vt 0.406447 0.485685
vt 0.450437 0.413101
vt 0.512257 0.335198
vt 0.444949 0.420889
vt 0.508393 0.339273
vt 0.439830 0.428309
vt 0.504324 0.343712
vt 0.435141 0.435285
vt 0.500007 0.348581
vt 0.430898 0.441786
vt 0.495405 0.353947
vt 0.427079 0.447824
vt 0.391893 0.479065
vt 0.379604 0.467237
vt 0.394101 0.474800
vt 0.461297 0.383286
vt 0.467149 0.374821
vt 0.516193 0.309630
vt 0.519631 0.306334
vt 0.398961 0.466215
vt 0.455129 0.391798
vt 0.512795 0.313061
vt 0.396447 0.470533
vt 0.509401 0.316670
vt 0.448854 0.400243
vt 0.505974 0.320504
vt 0.404559 0.489941
vt 0.442514 0.408381
vt 0.502476 0.324617
vt 0.436306 0.416098
vt 0.498871 0.329074
vt 0.430409 0.423325
vt 0.495117 0.333944
vt 0.424950 0.430041
vt 0.491173 0.339300
vt 0.419985 0.436261
vt 0.486994 0.345213
vt 0.415515 0.442030
vt 0.482538 0.351738
vt 0.411504 0.447405
vt 0.477763 0.358891
vt 0.407899 0.452449
vt 0.472640 0.366626
vt 0.404642 0.457227
vt 0.523143 0.303152
vt 0.415062 0.423718
vt 0.412474 0.410568
vt 0.421222 0.417394
vt 0.441410 0.395051
vt 0.494917 0.309967
vt 0.498218 0.305726
vt 0.389810 0.483365
vt 0.377086 0.471597
vt 0.434610 0.403081
vt 0.491605 0.314514
vt 0.427797 0.410530
vt 0.488249 0.319431
vt 0.484818 0.324788
vt 0.481271 0.330658
vt 0.409412 0.429570
vt 0.477565 0.337108
vt 0.404292 0.435023
vt 0.473641 0.344187
vt 0.399677 0.440148
vt 0.469425 0.351900
vt 0.395516 0.445008
vt 0.464827 0.360182
vt 0.391751 0.449663
vt 0.459752 0.368876
vt 0.508357 0.294311
vt 0.511920 0.290814
vt 0.388326 0.454166
vt 0.454124 0.377748
vt 0.504906 0.297944
vt 0.385189 0.458566
vt 0.447938 0.386521
vt 0.501537 0.301734
vt 0.382295 0.462908
vt 0.388205 0.431507
vt 0.383040 0.416326
vt 0.393512 0.426707
vt 0.473281 0.316344
vt 0.476311 0.310401
vt 0.405666 0.416331
vt 0.470234 0.322789
vt 0.399328 0.421677
vt 0.467120 0.329792
vt 0.463865 0.337385
vt 0.460355 0.345567
vt 0.383374 0.436139
vt 0.456443 0.354257
vt 0.378968 0.440658
vt 0.451948 0.363272
vt 0.495758 0.282037
vt 0.499446 0.278099
vt 0.374939 0.445106
vt 0.446712 0.372355
vt 0.492241 0.286149
vt 0.371236 0.449524
vt 0.440666 0.381177
vt 0.488870 0.290451
vt 0.367820 0.453949
vt 0.485616 0.294979
vt 0.364652 0.458417
vt 0.434043 0.389581
vt 0.482455 0.299777
vt 0.374727 0.476021
vt 0.361707 0.462968
vt 0.426925 0.397287
vt 0.479360 0.304899
vt 0.419634 0.404260
vt 0.367134 0.430560
vt 0.267432 0.369117
vt 0.270086 0.362555
vt 0.451245 0.330935
vt 0.454315 0.323138
vt 0.377305 0.421176
vt 0.447969 0.339211
vt 0.372024 0.425885
vt 0.444373 0.347813
vt 0.440269 0.356497
vt 0.483196 0.270843
vt 0.487073 0.266307
vt 0.362616 0.435178
vt 0.435515 0.365119
vt 0.479522 0.275543
vt 0.358420 0.439831
vt 0.430042 0.373368
vt 0.476024 0.280415
vt 0.354510 0.444502
vt 0.472677 0.285499
vt 0.350846 0.449253
vt 0.423784 0.381043
vt 0.469457 0.290837
vt 0.358975 0.467627
vt 0.347400 0.454119
vt 0.416990 0.388140
vt 0.466316 0.296490
vt 0.409891 0.394628
vt 0.463258 0.302505
vt 0.402759 0.400581
vt 0.460259 0.308932
vt 0.395823 0.406106
vt 0.457309 0.315780
vt 0.389199 0.411344
vt 0.393077 0.205647
vt 0.375680 0.195172
vt 0.379836 0.191093
vt 0.318504 0.266468
vt 0.325522 0.259764
vt 0.401567 0.196837
vt 0.264751 0.375313
vt 0.311934 0.273691
vt 0.397435 0.201250
vt 0.261991 0.381227
vt 0.388463 0.210033
vt 0.300241 0.289541
vt 0.305861 0.281454
vt 0.259152 0.386867
vt 0.295293 0.297977
vt 0.378358 0.218849
vt 0.383567 0.214426
vt 0.253210 0.397445
vt 0.256223 0.392262
vt 0.290966 0.306655
vt 0.366979 0.227847
vt 0.372841 0.223303
vt 0.287187 0.315424
vt 0.280831 0.332506
vt 0.283844 0.324113
vt 0.360761 0.232521
vt 0.347225 0.242460
vt 0.354127 0.237393
vt 0.275341 0.348324
vt 0.278022 0.340641
vt 0.340006 0.247845
vt 0.272700 0.355661
vt 0.332734 0.253572
vt 0.366856 0.203792
vt 0.350610 0.195069
vt 0.354967 0.190251
vt 0.244239 0.373392
vt 0.298723 0.276193
vt 0.371369 0.199392
vt 0.241583 0.378488
vt 0.292449 0.285060
vt 0.238993 0.383439
vt 0.286505 0.294065
vt 0.362094 0.208413
vt 0.280954 0.303124
vt 0.357033 0.213308
vt 0.275837 0.312072
vt 0.351624 0.218532
vt 0.271154 0.320717
vt 0.345825 0.224141
vt 0.266877 0.328917
vt 0.339629 0.230186
vt 0.262953 0.336609
vt 0.333051 0.236714
vt 0.259333 0.343776
vt 0.326186 0.243743
vt 0.255967 0.350454
vt 0.319174 0.251269
vt 0.252811 0.356691
vt 0.312174 0.259244
vt 0.383882 0.187122
vt 0.387863 0.183238
vt 0.249826 0.362552
vt 0.305338 0.267581
vt 0.246978 0.368099
vt 0.341162 0.205890
vt 0.325515 0.201240
vt 0.329611 0.194201
vt 0.270631 0.298283
vt 0.346027 0.200257
vt 0.264334 0.307161
vt 0.258534 0.315603
vt 0.335963 0.212045
vt 0.253267 0.323500
vt 0.330387 0.218794
vt 0.248514 0.330822
vt 0.324421 0.226188
vt 0.244227 0.337596
vt 0.318096 0.234233
vt 0.240345 0.343882
vt 0.311501 0.242864
vt 0.236807 0.349755
vt 0.304757 0.251929
vt 0.371190 0.173461
vt 0.375183 0.169667
vt 0.233556 0.355290
vt 0.297942 0.261209
vt 0.367216 0.177387
vt 0.230543 0.360559
vt 0.291060 0.270547
vt 0.363220 0.181464
vt 0.227724 0.365629
vt 0.359154 0.185736
vt 0.225066 0.370561
vt 0.284168 0.279881
vt 0.236459 0.388294
vt 0.222540 0.375413
vt 0.277305 0.289141
vt 0.321200 0.208992
vt 0.304814 0.209507
vt 0.308657 0.200449
vt 0.241161 0.317696
vt 0.235096 0.324151
vt 0.316590 0.217509
vt 0.229671 0.330171
vt 0.311597 0.226766
vt 0.224818 0.335838
vt 0.306117 0.236622
vt 0.220460 0.341225
vt 0.300063 0.246808
vt 0.356475 0.157968
vt 0.360572 0.153886
vt 0.216525 0.346403
vt 0.293420 0.257003
vt 0.352522 0.162245
vt 0.212945 0.351436
vt 0.286213 0.266975
vt 0.348679 0.166730
vt 0.209669 0.356379
vt 0.344901 0.171466
vt 0.206652 0.361289
vt 0.278809 0.276801
vt 0.341147 0.176509
vt 0.220139 0.380229
vt 0.203863 0.366216
vt 0.271013 0.286166
vt 0.337377 0.181926
vt 0.263051 0.294984
vt 0.333547 0.187794
vt 0.255245 0.303173
vt 0.247893 0.310728
vt 0.296087 0.229576
vt 0.281253 0.234233
vt 0.285491 0.223499
vt 0.216243 0.320177
vt 0.300680 0.219265
vt 0.210721 0.325697
vt 0.341732 0.143771
vt 0.346048 0.139025
vt 0.205730 0.331033
vt 0.290837 0.240160
vt 0.337666 0.148716
vt 0.201192 0.336241
vt 0.284759 0.250663
vt 0.333801 0.153861
vt 0.197040 0.341377
vt 0.277795 0.260773
vt 0.330086 0.159248
vt 0.193219 0.346494
vt 0.326477 0.164932
vt 0.189684 0.351650
vt 0.270187 0.270386
vt 0.322932 0.170980
vt 0.201295 0.371198
vt 0.186408 0.356900
vt 0.261910 0.279288
vt 0.253299 0.287463
vt 0.319417 0.177471
vt 0.244768 0.294963
vt 0.315895 0.184489
vt 0.236659 0.301888
vt 0.312326 0.192124
vt 0.229172 0.308342
vt 0.222373 0.314414
vt 0.269466 0.254648
vt 0.079767 0.119723
vt 0.084899 0.113111
vt 0.324107 0.128860
vt 0.328310 0.122824
vt 0.185715 0.324149
vt 0.275962 0.244724
vt 0.320172 0.134985
vt 0.180730 0.329341
vt 0.316509 0.141178
vt 0.176050 0.334594
vt 0.313060 0.147514
vt 0.171611 0.339962
vt 0.261926 0.263693
vt 0.309781 0.154075
vt 0.183399 0.362289
vt 0.167360 0.345513
vt 0.253396 0.271816
vt 0.306640 0.160938
vt 0.244286 0.279070
vt 0.303610 0.168188
vt 0.235082 0.285639
vt 0.300672 0.175917
vt 0.226193 0.291730
vt 0.297799 0.184208
vt 0.217873 0.297504
vt 0.294954 0.193128
vt 0.210226 0.303061
vt 0.292063 0.202705
vt 0.203251 0.308462
vt 0.288987 0.212890
vt 0.196894 0.313752
vt 0.191077 0.318967
vt 0.095004 0.113145
vt 0.039849 0.054575
vt 0.131129 0.004316
vt 0.139640 0.047334
vt 0.005454 0.207823
vt 0.010751 0.201595
vt 0.074581 0.126282
vt 0.140296 0.055678
vt 0.000180 0.214069
vt 0.069352 0.132781
vt 0.139378 0.063159
vt 0.064090 0.139215
vt 0.137182 0.069808
vt 0.058803 0.145586
vt 0.133864 0.075801
vt 0.053495 0.151901
vt 0.132675 0.082237
vt 0.048168 0.158169
vt 0.130339 0.088024
vt 0.042826 0.164403
vt 0.126966 0.093176
vt 0.037472 0.170612
vt 0.122556 0.097771
vt 0.032114 0.176806
vt 0.117828 0.102913
vt 0.026756 0.182995
vt 0.111862 0.107232
vt 0.137326 0.016841
vt 0.021406 0.189185
vt 0.104390 0.110697
vt 0.140275 0.028625
vt 0.016069 0.195383
vt 0.140879 0.038517
vt 0.846085 0.324800
vt 0.820639 0.076587
vt 0.846085 0.056792
vt 0.819590 0.290806
vt 0.800266 0.093207
vt 0.798937 0.267902
vt 0.783875 0.104821
vt 0.782084 0.251765
vt 0.770321 0.113653
vt 0.768404 0.241240
vt 0.758703 0.120527
vt 0.746491 0.226686
vt 0.748460 0.125998
vt 0.737328 0.221409
vt 0.739388 0.130223
vt 0.731226 0.133539
vt 0.729194 0.217668
vt 0.723790 0.136138
vt 0.721836 0.214732
vt 0.716864 0.138313
vt 0.715092 0.212439
vt 0.710405 0.139846
vt 0.708698 0.210450
vt 0.704263 0.141139
vt 0.702703 0.209094
vt 0.698383 0.141975
vt 0.691340 0.207148
vt 0.692698 0.142539
vt 0.687134 0.142840
vt 0.685884 0.206655
vt 0.681629 0.142886
vt 0.680485 0.206422
vt 0.676128 0.142673
vt 0.675130 0.206583
vt 0.670547 0.142339
vt 0.669750 0.206880
vt 0.664785 0.141609
vt 0.664242 0.207458
vt 0.658845 0.140590
vt 0.658553 0.208502
vt 0.652649 0.139264
vt 0.652663 0.209777
vt 0.646064 0.137508
vt 0.646432 0.211498
vt 0.639043 0.135317
vt 0.639784 0.213745
vt 0.631405 0.132547
vt 0.632618 0.216627
vt 0.622966 0.129016
vt 0.616140 0.224988
vt 0.613488 0.124407
vt 0.606406 0.231022
vt 0.602795 0.118503
vt 0.590362 0.111058
vt 0.595271 0.238863
vt 0.575488 0.100496
vt 0.582392 0.248835
vt 0.557707 0.086223
vt 0.724508 0.226473
vt 0.718167 0.222835
vt 0.567051 0.261575
vt 0.535910 0.066522
vt 0.547954 0.280403
vt 0.508816 0.043391
vt 0.764452 0.105506
vt 0.715525 0.133808
vt 0.707169 0.128575
vt 0.712663 0.126363
vt 0.692357 0.138772
vt 0.697836 0.138099
vt 0.647486 0.132972
vt 0.827082 0.035166
vt 0.531003 0.020963
vt 0.552676 0.051748
vt 0.722039 0.131452
vt 0.670949 0.138503
vt 0.596862 0.102124
vt 0.607838 0.111253
vt 0.754154 0.113375
vt 0.686985 0.139134
vt 0.640853 0.130451
vt 0.806293 0.062700
vt 0.709357 0.135695
vt 0.665398 0.137693
vt 0.584343 0.090226
vt 0.744869 0.119728
vt 0.625924 0.123167
vt 0.633711 0.127242
vt 0.776150 0.095331
vt 0.790051 0.081313
vt 0.703497 0.137070
vt 0.659684 0.136525
vt 0.736592 0.124559
vt 0.676348 0.138999
vt 0.681665 0.139205
vt 0.617268 0.117837
vt 0.653764 0.135014
vt 0.569824 0.074003
vt 0.729019 0.128395
vt 0.691682 0.132302
vt 0.694633 0.122332
vt 0.696718 0.131480
vt 0.638702 0.118622
vt 0.632175 0.113658
vt 0.701872 0.130254
vt 0.618233 0.099976
vt 0.625405 0.107785
vt 0.783333 0.018238
vt 0.686725 0.132753
vt 0.768241 0.066300
vt 0.776362 0.045978
vt 0.610593 0.089892
vt 0.594896 0.058972
vt 0.602724 0.076682
vt 0.676847 0.132645
vt 0.681798 0.132861
vt 0.760035 0.081485
vt 0.752064 0.093450
vt 0.587938 0.036315
vt 0.671848 0.131963
vt 0.737469 0.109682
vt 0.744546 0.102709
vt 0.666758 0.131037
vt 0.656164 0.127790
vt 0.661539 0.129706
vt 0.724392 0.119942
vt 0.730733 0.115415
vt 0.650584 0.125490
vt 0.644762 0.122402
vt 0.718386 0.123531
vt 0.734222 0.072149
vt 0.694561 0.085812
vt 0.693098 0.082738
vt 0.733400 0.042971
vt 0.727278 0.022818
vt 0.635323 0.089260
vt 0.690401 0.123276
vt 0.735035 0.058959
vt 0.630447 0.068433
vt 0.632236 0.079912
vt 0.686234 0.123799
vt 0.630843 0.054479
vt 0.677846 0.123638
vt 0.682076 0.123911
vt 0.673596 0.122955
vt 0.731834 0.082971
vt 0.644451 0.017455
vt 0.634615 0.036968
vt 0.724716 0.098854
vt 0.728532 0.091755
vt 0.664982 0.120320
vt 0.669306 0.121862
vt 0.660609 0.118263
vt 0.720516 0.104772
vt 0.716210 0.109583
vt 0.651838 0.112441
vt 0.656189 0.115646
vt 0.707506 0.116597
vt 0.711858 0.113473
vt 0.643156 0.103240
vt 0.647474 0.108238
vt 0.703175 0.119066
vt 0.639055 0.096894
vt 0.698895 0.120942
vt 0.684402 0.103244
vt 0.672078 0.096979
vt 0.676860 0.073573
vt 0.673786 0.076814
vt 0.680841 0.103577
vt 0.677475 0.102556
vt 0.679116 0.103235
vt 0.695341 0.088783
vt 0.695522 0.091578
vt 0.675835 0.101662
vt 0.695178 0.094178
vt 0.673098 0.098877
vt 0.674365 0.100435
vt 0.694593 0.096331
vt 0.692460 0.099787
vt 0.693653 0.098223
vt 0.670818 0.094900
vt 0.689556 0.102084
vt 0.691029 0.101050
vt 0.669523 0.089849
vt 0.669941 0.092513
vt 0.669638 0.087010
vt 0.687938 0.102799
vt 0.686521 0.076743
vt 0.681717 0.074401
vt 0.686215 0.103188
vt 0.670254 0.083641
vt 0.690286 0.079585
vt 0.671610 0.080214
vt 0.682602 0.103583
vt 0.706740 0.230028
vt 0.712203 0.219939
vt 0.670400 0.213272
vt 0.623435 0.235197
vt 0.615853 0.242348
vt 0.756668 0.233001
vt 0.755280 0.254999
vt 0.746661 0.244872
vt 0.695655 0.214544
vt 0.690473 0.213599
vt 0.783237 0.311110
vt 0.649138 0.218921
vt 0.643264 0.221667
vt 0.524849 0.301147
vt 0.578119 0.300622
vt 0.566583 0.333940
vt 0.665308 0.214071
vt 0.607488 0.251927
vt 0.738742 0.237097
vt 0.685416 0.213043
vt 0.637068 0.225157
vt 0.773982 0.285853
vt 0.706465 0.217711
vt 0.660100 0.215156
vt 0.598502 0.263861
vt 0.731414 0.231246
vt 0.680395 0.212808
vt 0.630482 0.229583
vt 0.624798 0.220301
vt 0.764413 0.267861
vt 0.700966 0.215853
vt 0.654731 0.216792
vt 0.588560 0.279895
vt 0.675402 0.212832
vt 0.696934 0.207947
vt 0.693186 0.223879
vt 0.688567 0.241624
vt 0.686431 0.240315
vt 0.645105 0.235801
vt 0.702153 0.227447
vt 0.640660 0.240616
vt 0.697634 0.225409
vt 0.636326 0.246607
vt 0.632125 0.254388
vt 0.688800 0.222813
vt 0.790507 0.347399
vt 0.732796 0.312351
vt 0.628516 0.263392
vt 0.684487 0.222045
vt 0.736225 0.293703
vt 0.625736 0.274959
vt 0.680173 0.221799
vt 0.735815 0.278559
vt 0.624487 0.290211
vt 0.675883 0.221791
vt 0.733279 0.266351
vt 0.625441 0.308726
vt 0.671581 0.222317
vt 0.729554 0.256577
vt 0.631081 0.330680
vt 0.667283 0.223219
vt 0.725206 0.248725
vt 0.662945 0.224560
vt 0.720678 0.242590
vt 0.658549 0.226404
vt 0.715960 0.237529
vt 0.654112 0.228817
vt 0.711341 0.233380
vt 0.649588 0.231948
vt 0.675011 0.239604
vt 0.692179 0.245696
vt 0.693743 0.276463
vt 0.661948 0.258224
vt 0.684155 0.239462
vt 0.723692 0.334171
vt 0.688576 0.278958
vt 0.663226 0.262526
vt 0.681911 0.238827
vt 0.665639 0.267075
vt 0.679610 0.238633
vt 0.696465 0.271423
vt 0.669216 0.271462
vt 0.677286 0.238889
vt 0.698031 0.266488
vt 0.674860 0.276373
vt 0.698571 0.261829
vt 0.682230 0.280597
vt 0.672585 0.240025
vt 0.698221 0.257488
vt 0.670299 0.240904
vt 0.697518 0.253890
vt 0.668124 0.242076
vt 0.696210 0.250702
vt 0.666184 0.243678
vt 0.694416 0.247981
vt 0.664424 0.245715
vt 0.663027 0.248178
vt 0.690513 0.243415
vt 0.662058 0.251066
vt 0.661607 0.254366
vt 0.414638 0.735614
vt 0.314167 0.483173
vt 0.334535 0.457248
vt 0.372512 0.702166
vt 0.297339 0.503503
vt 0.339150 0.678438
vt 0.283352 0.518048
vt 0.315850 0.665298
vt 0.271441 0.529044
vt 0.296567 0.655316
vt 0.261040 0.537664
vt 0.280924 0.648271
vt 0.251704 0.544597
vt 0.267429 0.642502
vt 0.243304 0.550071
vt 0.256131 0.638797
vt 0.235622 0.554475
vt 0.246250 0.635974
vt 0.228527 0.558029
vt 0.237499 0.633892
vt 0.221800 0.561032
vt 0.229540 0.632078
vt 0.215512 0.563287
vt 0.222186 0.630975
vt 0.209495 0.565226
vt 0.215391 0.630244
vt 0.203681 0.566661
vt 0.208899 0.629663
vt 0.198026 0.567768
vt 0.202656 0.629392
vt 0.192465 0.568566
vt 0.196586 0.629384
vt 0.186938 0.569071
vt 0.190605 0.629605
vt 0.181397 0.569284
vt 0.184681 0.630201
vt 0.175773 0.569337
vt 0.178749 0.631032
vt 0.169957 0.568982
vt 0.172739 0.632152
vt 0.163958 0.568316
vt 0.166556 0.633442
vt 0.157703 0.567319
vt 0.160068 0.635111
vt 0.151066 0.565879
vt 0.153195 0.637216
vt 0.144007 0.563983
vt 0.145819 0.639847
vt 0.136360 0.561493
vt 0.137790 0.643145
vt 0.127958 0.558233
vt 0.128903 0.647313
vt 0.118590 0.553899
vt 0.118989 0.652507
vt 0.108112 0.548271
vt 0.107680 0.659095
vt 0.096074 0.541087
vt 0.094506 0.667558
vt 0.081903 0.530918
vt 0.078757 0.678618
vt 0.065270 0.517180
vt 0.242396 0.646721
vt 0.234569 0.643458
vt 0.059339 0.693269
vt 0.045336 0.498335
vt 0.034110 0.716147
vt 0.020802 0.475702
vt 0.264374 0.521973
vt 0.219960 0.556680
vt 0.211076 0.552396
vt 0.216279 0.549602
vt 0.202757 0.562831
vt 0.152277 0.561318
vt 0.311160 0.441823
vt 0.041978 0.456246
vt 0.061170 0.485014
vt 0.226195 0.553554
vt 0.175914 0.565476
vt 0.102286 0.532539
vt 0.112913 0.541201
vt 0.247264 0.538909
vt 0.255483 0.531299
vt 0.197341 0.564023
vt 0.138466 0.556200
vt 0.145614 0.559106
vt 0.297274 0.472680
vt 0.164565 0.564217
vt 0.170326 0.565034
vt 0.239761 0.544834
vt 0.191998 0.564863
vt 0.274144 0.510069
vt 0.285183 0.493897
vt 0.214015 0.559245
vt 0.158598 0.563036
vt 0.090360 0.521242
vt 0.181344 0.565583
vt 0.186680 0.565378
vt 0.130713 0.552434
vt 0.208310 0.561237
vt 0.076797 0.505905
vt 0.232759 0.549638
vt 0.122158 0.547439
vt 0.201000 0.556341
vt 0.193983 0.548819
vt 0.198062 0.547497
vt 0.143032 0.547594
vt 0.136507 0.543010
vt 0.205996 0.554613
vt 0.129776 0.537527
vt 0.196073 0.557631
vt 0.266820 0.435540
vt 0.122685 0.530209
vt 0.265684 0.462735
vt 0.107576 0.508417
vt 0.115200 0.520758
vt 0.191186 0.558520
vt 0.256312 0.499390
vt 0.261632 0.483451
vt 0.181361 0.559211
vt 0.186297 0.559038
vt 0.100096 0.491996
vt 0.176351 0.558905
vt 0.250475 0.512181
vt 0.089152 0.438961
vt 0.093584 0.471138
vt 0.238610 0.530088
vt 0.244535 0.522279
vt 0.165999 0.557342
vt 0.171245 0.558332
vt 0.232774 0.536604
vt 0.160583 0.555764
vt 0.227113 0.541866
vt 0.154971 0.553789
vt 0.221619 0.546138
vt 0.149114 0.551037
vt 0.229575 0.505042
vt 0.192749 0.509475
vt 0.230360 0.494412
vt 0.216774 0.449862
vt 0.138616 0.519506
vt 0.225376 0.467255
vt 0.135354 0.510789
vt 0.185835 0.550166
vt 0.189922 0.549704
vt 0.229252 0.481871
vt 0.133179 0.487163
vt 0.133279 0.500104
vt 0.177419 0.549886
vt 0.181649 0.550235
vt 0.144304 0.453162
vt 0.136073 0.471065
vt 0.224806 0.521256
vt 0.227576 0.513910
vt 0.168788 0.547896
vt 0.173129 0.549118
vt 0.221468 0.527514
vt 0.164383 0.546159
vt 0.217851 0.532712
vt 0.159920 0.543865
vt 0.210127 0.540553
vt 0.214046 0.537013
vt 0.155513 0.540983
vt 0.206137 0.543436
vt 0.146677 0.532523
vt 0.151074 0.537139
vt 0.202120 0.545715
vt 0.142471 0.526625
vt 0.186365 0.529918
vt 0.173997 0.524833
vt 0.176877 0.502584
vt 0.174242 0.505754
vt 0.181250 0.530325
vt 0.182947 0.530521
vt 0.194445 0.512223
vt 0.179608 0.529797
vt 0.195952 0.517605
vt 0.195491 0.514961
vt 0.176450 0.527983
vt 0.177959 0.529056
vt 0.195893 0.520127
vt 0.195545 0.522256
vt 0.175115 0.526578
vt 0.194827 0.524172
vt 0.192571 0.527165
vt 0.193829 0.525802
vt 0.172655 0.522930
vt 0.191243 0.528307
vt 0.171091 0.518211
vt 0.171663 0.520713
vt 0.189743 0.529154
vt 0.181423 0.502891
vt 0.171015 0.515516
vt 0.188112 0.529694
vt 0.189816 0.506819
vt 0.186055 0.504565
vt 0.171382 0.512320
vt 0.184651 0.530388
vt 0.172433 0.509041
vt 0.227405 0.641168
vt 0.228249 0.656506
vt 0.222496 0.653238
vt 0.179937 0.638038
vt 0.118273 0.672583
vt 0.271488 0.664001
vt 0.202388 0.636639
vt 0.331884 0.738029
vt 0.149893 0.648709
vt 0.058569 0.782582
vt 0.001539 0.748343
vt 0.174324 0.639187
vt 0.108404 0.683149
vt 0.260736 0.656682
vt 0.196688 0.636517
vt 0.142934 0.652747
vt 0.313889 0.708589
vt 0.220605 0.639269
vt 0.168586 0.640832
vt 0.097486 0.696912
vt 0.251033 0.650984
vt 0.191070 0.636752
vt 0.135334 0.657995
vt 0.297597 0.688024
vt 0.214297 0.637941
vt 0.162645 0.642891
vt 0.085036 0.716599
vt 0.185495 0.637222
vt 0.127202 0.664387
vt 0.283723 0.674245
vt 0.208243 0.637109
vt 0.156440 0.645474
vt 0.071841 0.743307
vt 0.211674 0.649008
vt 0.200268 0.667560
vt 0.206487 0.647797
vt 0.157444 0.660300
vt 0.152365 0.664931
vt 0.217009 0.650935
vt 0.147265 0.670463
vt 0.142251 0.677611
vt 0.137440 0.686516
vt 0.201393 0.647036
vt 0.350987 0.782582
vt 0.267345 0.751232
vt 0.133065 0.697682
vt 0.196438 0.646720
vt 0.268209 0.726851
vt 0.129497 0.711805
vt 0.191535 0.646802
vt 0.264902 0.708018
vt 0.127634 0.728960
vt 0.186678 0.647294
vt 0.259407 0.693074
vt 0.129014 0.750357
vt 0.181924 0.648163
vt 0.253172 0.681655
vt 0.136695 0.777738
vt 0.177126 0.649486
vt 0.246701 0.672844
vt 0.172281 0.651298
vt 0.240297 0.665918
vt 0.167389 0.653645
vt 0.234175 0.660635
vt 0.162458 0.656587
vt 0.187279 0.667756
vt 0.207313 0.673323
vt 0.211661 0.710940
vt 0.173145 0.690700
vt 0.197616 0.666775
vt 0.259818 0.781388
vt 0.205683 0.714350
vt 0.174792 0.695754
vt 0.195026 0.666257
vt 0.177793 0.701082
vt 0.192412 0.666242
vt 0.214598 0.704198
vt 0.182293 0.706328
vt 0.189832 0.666728
vt 0.216052 0.697832
vt 0.189288 0.712080
vt 0.216250 0.692011
vt 0.198180 0.716845
vt 0.184621 0.668500
vt 0.215390 0.686737
vt 0.182143 0.669734
vt 0.214197 0.682485
vt 0.179887 0.671471
vt 0.212397 0.678830
vt 0.177927 0.673712
vt 0.210091 0.675788
vt 0.175854 0.676113
vt 0.174230 0.678976
vt 0.205202 0.670809
vt 0.173115 0.682297
vt 0.202817 0.668893
vt 0.172596 0.686067
vt 0.290618 0.098990
vt 0.423132 0.094324
vt 0.425367 0.098990
vt 0.293314 0.094306
vt 0.419965 0.089787
vt 0.296885 0.089785
vt 0.417108 0.085685
vt 0.300394 0.085557
vt 0.414351 0.081858
vt 0.303271 0.081718
vt 0.412145 0.078362
vt 0.305990 0.078085
vt 0.410284 0.075133
vt 0.309857 0.071662
vt 0.408664 0.072066
vt 0.407348 0.069194
vt 0.312557 0.065946
vt 0.406314 0.066511
vt 0.405425 0.063921
vt 0.313484 0.063358
vt 0.404754 0.061469
vt 0.314254 0.060865
vt 0.404229 0.059106
vt 0.314846 0.058467
vt 0.403819 0.056798
vt 0.315254 0.056190
vt 0.403542 0.054541
vt 0.315573 0.053979
vt 0.403393 0.052330
vt 0.315780 0.051794
vt 0.403350 0.050134
vt 0.315868 0.049640
vt 0.403398 0.047936
vt 0.315849 0.047482
vt 0.403552 0.045719
vt 0.315714 0.045319
vt 0.403838 0.043461
vt 0.315454 0.043122
vt 0.404245 0.041143
vt 0.315088 0.040904
vt 0.404801 0.038741
vt 0.314595 0.038601
vt 0.405483 0.036265
vt 0.313934 0.036196
vt 0.406377 0.033651
vt 0.313095 0.033698
vt 0.407483 0.030906
vt 0.312003 0.031040
vt 0.408856 0.027995
vt 0.310650 0.028246
vt 0.410531 0.024908
vt 0.309024 0.025293
vt 0.412459 0.021643
vt 0.307178 0.022164
vt 0.414737 0.018127
vt 0.304974 0.018776
vt 0.417324 0.014333
vt 0.302445 0.015112
vt 0.420391 0.010174
vt 0.311392 0.068700
vt 0.308206 0.063799
vt 0.299399 0.011107
vt 0.423485 0.005705
vt 0.296620 0.006857
vt 0.425591 0.001122
vt 0.419115 0.078041
vt 0.408716 0.062742
vt 0.411671 0.059084
vt 0.412573 0.060914
vt 0.406810 0.056284
vt 0.408818 0.037463
vt 0.436499 0.093516
vt 0.430739 0.011544
vt 0.409743 0.065028
vt 0.406511 0.046056
vt 0.416824 0.024949
vt 0.414296 0.072429
vt 0.416456 0.075135
vt 0.406485 0.054216
vt 0.409863 0.035152
vt 0.430388 0.088388
vt 0.407323 0.041875
vt 0.406844 0.043983
vt 0.422713 0.018875
vt 0.419507 0.022033
vt 0.412488 0.069870
vt 0.406241 0.050141
vt 0.406297 0.052170
vt 0.411128 0.032774
vt 0.422255 0.081097
vt 0.426115 0.084541
vt 0.407912 0.060530
vt 0.412714 0.030267
vt 0.407282 0.058381
vt 0.407978 0.039711
vt 0.426427 0.015450
vt 0.410984 0.067408
vt 0.406306 0.048111
vt 0.414578 0.027687
vt 0.410062 0.053694
vt 0.414626 0.054248
vt 0.410434 0.055479
vt 0.415220 0.035618
vt 0.416896 0.033735
vt 0.410968 0.057278
vt 0.418949 0.031829
vt 0.443637 0.078786
vt 0.421327 0.029950
vt 0.436870 0.077390
vt 0.424274 0.028066
vt 0.409848 0.051924
vt 0.431471 0.075713
vt 0.427841 0.026213
vt 0.409871 0.048389
vt 0.409779 0.050158
vt 0.423843 0.072144
vt 0.427283 0.073967
vt 0.437546 0.022637
vt 0.432249 0.024404
vt 0.410090 0.046613
vt 0.421066 0.070295
vt 0.444522 0.021132
vt 0.410487 0.044819
vt 0.418687 0.068396
vt 0.416716 0.066509
vt 0.411041 0.043018
vt 0.411753 0.041204
vt 0.415033 0.064613
vt 0.413799 0.037504
vt 0.412676 0.039351
vt 0.413669 0.062751
vt 0.427101 0.064077
vt 0.426136 0.052734
vt 0.429909 0.064340
vt 0.440990 0.061862
vt 0.424868 0.036847
vt 0.414050 0.051543
vt 0.414269 0.052898
vt 0.436939 0.063403
vt 0.427408 0.036271
vt 0.433253 0.064151
vt 0.430305 0.036058
vt 0.414078 0.048826
vt 0.413984 0.050192
vt 0.433740 0.036335
vt 0.441921 0.038907
vt 0.437774 0.037248
vt 0.414697 0.046109
vt 0.414319 0.047462
vt 0.424619 0.063479
vt 0.420629 0.061694
vt 0.422442 0.062661
vt 0.415977 0.043443
vt 0.415257 0.044761
vt 0.419118 0.060618
vt 0.416875 0.042145
vt 0.417827 0.059438
vt 0.417987 0.040887
vt 0.416737 0.058189
vt 0.420837 0.038632
vt 0.419286 0.039714
vt 0.415847 0.056899
vt 0.415147 0.055586
vt 0.422692 0.037661
vt 0.420707 0.050778
vt 0.422497 0.047544
vt 0.428012 0.048772
vt 0.427317 0.048064
vt 0.420753 0.049360
vt 0.420646 0.049822
vt 0.425413 0.053170
vt 0.420951 0.048923
vt 0.424679 0.053434
vt 0.423991 0.053531
vt 0.421557 0.048110
vt 0.421210 0.048491
vt 0.423334 0.053494
vt 0.421986 0.047790
vt 0.422749 0.053377
vt 0.422224 0.053159
vt 0.421772 0.052885
vt 0.423031 0.047247
vt 0.421394 0.052540
vt 0.423633 0.047051
vt 0.420875 0.051723
vt 0.421092 0.052154
vt 0.424294 0.046973
vt 0.427408 0.051142
vt 0.427829 0.050019
vt 0.424988 0.047028
vt 0.420746 0.051261
vt 0.426819 0.052054
vt 0.425779 0.047200
vt 0.426557 0.047539
vt 0.420630 0.050297
vt 0.305096 0.059002
vt 0.309386 0.061622
vt 0.312030 0.045701
vt 0.301902 0.026383
vt 0.297328 0.075960
vt 0.300343 0.073310
vt 0.311868 0.053398
vt 0.284001 0.085527
vt 0.308807 0.035637
vt 0.294197 0.002309
vt 0.287361 0.014499
vt 0.282073 0.010259
vt 0.311847 0.043729
vt 0.299164 0.023795
vt 0.308106 0.074746
vt 0.302925 0.070802
vt 0.312212 0.051473
vt 0.307636 0.033394
vt 0.289180 0.081833
vt 0.310278 0.059486
vt 0.311276 0.041781
vt 0.295875 0.021006
vt 0.305069 0.068394
vt 0.312238 0.049531
vt 0.306006 0.031252
vt 0.293548 0.078724
vt 0.310968 0.057414
vt 0.310705 0.039750
vt 0.292033 0.018132
vt 0.306767 0.066045
vt 0.312290 0.047617
vt 0.304189 0.028837
vt 0.311536 0.055401
vt 0.309946 0.037678
vt 0.306878 0.055791
vt 0.301112 0.051482
vt 0.307489 0.054185
vt 0.304641 0.038370
vt 0.303302 0.036870
vt 0.306086 0.057401
vt 0.301702 0.035309
vt 0.299767 0.033910
vt 0.297416 0.032586
vt 0.307930 0.052601
vt 0.267296 0.069050
vt 0.277199 0.068764
vt 0.294569 0.031390
vt 0.308167 0.050996
vt 0.283950 0.068962
vt 0.291105 0.030386
vt 0.308308 0.049415
vt 0.288906 0.068480
vt 0.286307 0.029359
vt 0.308248 0.047832
vt 0.292809 0.067591
vt 0.280547 0.028782
vt 0.308098 0.046261
vt 0.295861 0.066466
vt 0.271660 0.027753
vt 0.307744 0.044692
vt 0.298474 0.065107
vt 0.307279 0.043096
vt 0.300639 0.063654
vt 0.306591 0.041535
vt 0.302433 0.062134
vt 0.305705 0.039975
vt 0.303890 0.060588
vt 0.301252 0.047532
vt 0.299315 0.053336
vt 0.289778 0.053957
vt 0.296755 0.043016
vt 0.295546 0.043034
vt 0.301408 0.050730
vt 0.289380 0.051973
vt 0.294226 0.043318
vt 0.301576 0.049956
vt 0.292824 0.043928
vt 0.301590 0.049158
vt 0.291306 0.054767
vt 0.291437 0.044893
vt 0.301504 0.048341
vt 0.292795 0.055230
vt 0.290341 0.046850
vt 0.294207 0.055386
vt 0.289502 0.049428
vt 0.301150 0.046718
vt 0.295543 0.055270
vt 0.300894 0.045950
vt 0.296683 0.055045
vt 0.300539 0.045224
vt 0.297705 0.054622
vt 0.300044 0.044574
vt 0.298575 0.054058
vt 0.299420 0.043993
vt 0.298666 0.043527
vt 0.300068 0.052809
vt 0.297768 0.043186
vt 0.300667 0.052181
vt 0.588213 0.849841
vt 0.471819 0.735121
vt 0.467127 0.734179
vt 0.462562 0.732216
vt 0.458066 0.728010
vt 0.454477 0.723008
vt 0.451932 0.717401
vt 0.450531 0.711406
vt 0.453428 0.704262
vt 0.457664 0.697820
vt 0.463074 0.692329
vt 0.469453 0.687999
vt 0.476553 0.684996
vt 0.484103 0.683435
vt 0.491812 0.683378
vt 0.502750 0.691586
vt 0.008211 0.157168
vt 0.008720 0.157009
vt 0.030689 0.160593
vt 0.019354 0.172404
vt 0.001332 0.146005
vt 0.046693 0.149240
vt 0.040451 0.130543
vt 0.039234 0.130567
vt 0.041024 0.130625
vt 0.996283 0.794805
vt 0.989210 0.799160
vt 0.975074 0.808116
vt 0.961054 0.817803
vt 0.944189 0.831577
vt 0.926451 0.840305
vt 0.920571 0.850287
vt 0.921537 0.880311
vt 0.916991 0.870706
vt 0.946036 0.835178
vt 0.950868 0.836783
vt 0.955294 0.839300
vt 0.959301 0.842992
vt 0.962510 0.847393
vt 0.964746 0.852605
vt 0.963898 0.864541
vt 0.960666 0.870412
vt 0.956352 0.875540
vt 0.951120 0.879728
vt 0.945171 0.882814
vt 0.938734 0.884681
vt 0.932057 0.885256
vt 0.821841 0.830168
vt 0.344167 0.459128
vt 0.163262 0.351304
vt 0.075025 0.110988
vt 0.065456 0.106730
vt 0.056358 0.099064
vt 0.048929 0.089771
vt 0.043457 0.079207
vt 0.040440 0.067069
vt 0.044136 0.040784
vt 0.051030 0.028094
vt 0.060268 0.016992
vt 0.071494 0.007906
vt 0.085844 0.002592
vt 0.100955 0.000180
vt 0.116246 0.000762
vt 0.583083 0.000535
vt 0.436827 0.006306
vt 0.277803 0.089799
s 0
usemtl マテリアル
f 2/1/1 3/2/1 1/3/1
f 4/4/2 5/5/2 3/2/2
f 6/6/3 7/7/3 5/5/3
f 8/8/4 9/9/4 7/7/4
f 10/10/5 11/11/5 9/9/5
f 12/12/6 13/13/6 11/11/6
f 14/14/7 15/15/7 13/13/7
f 16/16/8 17/17/8 15/15/8
f 18/18/9 19/19/9 17/17/9
f 20/20/10 21/21/10 19/19/10
f 22/22/11 23/23/11 21/21/11
f 24/24/12 25/25/12 23/23/12
f 26/26/13 27/27/13 25/25/13
f 28/28/14 29/29/14 27/27/14
f 30/30/15 31/31/15 29/29/15
f 32/32/16 33/33/16 31/31/16
f 34/34/17 35/35/17 33/33/17
f 36/36/18 37/37/18 35/35/18
f 38/38/19 39/39/19 37/37/19
f 40/40/20 41/41/20 39/39/20
f 42/42/21 43/43/21 41/41/21
f 44/44/22 45/45/22 43/43/22
f 46/46/23 47/47/23 45/45/23
f 48/48/24 49/49/24 47/47/24
f 50/50/25 51/51/25 49/49/25
f 52/52/26 53/53/26 51/51/26
f 54/54/27 55/55/27 53/53/27
f 56/56/28 57/57/28 55/55/28
f 58/58/29 59/59/29 57/57/29
f 60/60/30 61/61/30 59/59/30
f 42/42/31 204/62/31 44/44/31
f 62/63/32 63/64/32 61/61/32
f 64/65/33 1/66/33 63/64/33
f 17/17/34 72/67/34 15/15/34
f 86/68/35 117/69/35 85/70/35
f 35/35/36 81/71/36 33/33/36
f 53/53/37 90/72/37 51/51/37
f 9/9/38 68/73/38 7/7/38
f 25/25/39 78/74/39 77/75/39
f 45/45/40 86/68/40 43/43/40
f 63/64/41 95/76/41 61/61/41
f 17/17/42 74/77/42 73/78/42
f 37/37/43 82/79/43 35/35/43
f 55/55/44 91/80/44 53/53/44
f 9/9/45 70/81/45 69/82/45
f 27/27/46 79/83/46 78/74/46
f 47/47/47 87/84/47 45/45/47
f 1/3/48 66/85/48 65/86/48
f 63/64/49 65/87/49 96/88/49
f 21/21/50 74/77/50 19/19/50
f 39/39/51 83/89/51 37/37/51
f 57/57/52 92/90/52 55/55/52
f 13/13/53 70/81/53 11/11/53
f 31/31/54 79/83/54 29/29/54
f 49/49/55 88/91/55 47/47/55
f 3/2/56 67/92/56 66/85/56
f 21/21/57 76/93/57 75/94/57
f 41/41/58 84/95/58 39/39/58
f 57/57/59 94/96/59 93/97/59
f 15/15/60 71/98/60 13/13/60
f 33/33/61 80/99/61 31/31/61
f 51/51/62 89/100/62 49/49/62
f 7/7/63 67/92/63 5/5/63
f 25/25/64 76/93/64 23/23/64
f 43/43/65 85/70/65 41/41/65
f 61/61/66 94/96/66 59/59/66
f 121/101/67 184/102/67 152/103/67
f 72/67/68 105/104/68 104/105/68
f 87/84/69 118/106/69 86/68/69
f 73/78/70 106/107/70 105/104/70
f 88/91/71 119/108/71 87/84/71
f 74/77/72 107/109/72 106/107/72
f 89/100/73 120/110/73 88/91/73
f 75/94/74 108/111/74 107/109/74
f 90/72/75 121/101/75 89/100/75
f 76/93/76 109/112/76 108/111/76
f 91/80/77 122/113/77 90/72/77
f 77/75/78 110/114/78 109/112/78
f 92/90/79 123/115/79 91/80/79
f 79/83/80 110/114/80 78/74/80
f 65/86/81 98/116/81 97/117/81
f 93/97/82 124/118/82 92/90/82
f 80/99/83 111/119/83 79/83/83
f 67/92/84 98/116/84 66/85/84
f 94/96/85 125/120/85 93/97/85
f 81/71/86 112/121/86 80/99/86
f 68/73/87 99/122/87 67/92/87
f 95/76/88 126/123/88 94/96/88
f 82/79/89 113/124/89 81/71/89
f 68/73/90 101/125/90 100/126/90
f 96/88/91 127/127/91 95/76/91
f 82/79/92 115/128/92 114/129/92
f 69/82/93 102/130/93 101/125/93
f 65/87/94 128/131/94 96/88/94
f 84/95/95 115/128/95 83/89/95
f 70/81/96 103/132/96 102/130/96
f 85/70/97 116/133/97 84/95/97
f 72/67/98 103/132/98 71/98/98
f 135/134/99 167/135/99 193/136/99
f 108/111/100 171/137/100 139/138/100
f 122/113/101 185/139/101 153/140/101
f 109/112/102 172/141/102 140/142/102
f 123/115/103 186/143/103 154/144/103
f 110/114/104 173/145/104 141/146/104
f 124/118/105 187/147/105 155/148/105
f 111/119/106 174/149/106 142/150/106
f 98/116/107 161/151/107 129/152/107
f 125/120/108 188/153/108 156/154/108
f 112/121/109 175/155/109 143/156/109
f 99/122/110 162/157/110 130/158/110
f 126/123/111 189/159/111 157/160/111
f 113/124/112 176/161/112 144/162/112
f 100/126/113 163/163/113 131/164/113
f 127/127/114 190/165/114 158/166/114
f 114/129/115 177/167/115 145/168/115
f 101/125/116 164/169/116 132/170/116
f 128/131/117 191/171/117 159/172/117
f 115/128/118 178/173/118 146/174/118
f 102/130/119 165/175/119 133/176/119
f 97/177/120 192/178/120 160/179/120
f 116/133/121 179/180/121 147/181/121
f 103/132/122 166/182/122 134/183/122
f 117/69/123 180/184/123 148/185/123
f 104/105/124 167/135/124 135/134/124
f 118/106/125 181/186/125 149/187/125
f 105/104/126 168/188/126 136/189/126
f 119/108/127 182/190/127 150/191/127
f 106/107/128 169/192/128 137/193/128
f 120/110/129 183/194/129 151/195/129
f 107/109/130 170/196/130 138/197/130
f 179/180/131 148/185/131 193/136/131
f 136/189/132 168/188/132 193/136/132
f 180/184/133 149/187/133 193/136/133
f 137/193/134 169/192/134 193/136/134
f 181/186/135 150/191/135 193/136/135
f 138/197/136 170/196/136 193/136/136
f 182/190/137 151/195/137 193/136/137
f 139/138/138 171/137/138 193/136/138
f 183/194/139 152/103/139 193/136/139
f 140/142/140 172/141/140 193/136/140
f 184/102/141 153/140/141 193/136/141
f 141/146/142 173/145/142 193/136/142
f 185/139/143 154/144/143 193/136/143
f 142/150/144 174/149/144 193/136/144
f 186/143/145 155/148/145 193/136/145
f 143/156/146 175/155/146 193/136/146
f 187/147/147 156/154/147 193/136/147
f 161/151/148 130/158/148 193/136/148
f 144/162/149 176/161/149 193/136/149
f 188/153/150 157/160/150 193/136/150
f 162/157/151 131/164/151 193/136/151
f 145/168/152 177/167/152 193/136/152
f 189/159/153 158/166/153 193/136/153
f 163/163/154 132/170/154 193/136/154
f 146/174/155 178/173/155 193/136/155
f 190/165/156 159/172/156 193/136/156
f 164/169/157 133/176/157 193/136/157
f 147/181/131 179/180/131 193/136/131
f 191/171/158 160/179/158 193/136/158
f 165/175/159 134/183/159 193/136/159
f 148/185/133 180/184/133 193/136/133
f 192/178/160 129/198/160 193/136/160
f 166/182/161 135/134/161 193/136/161
f 149/187/135 181/186/135 193/136/135
f 167/135/99 136/189/99 193/136/99
f 150/191/137 182/190/137 193/136/137
f 168/188/132 137/193/132 193/136/132
f 151/195/139 183/194/139 193/136/139
f 169/192/134 138/197/134 193/136/134
f 152/103/141 184/102/141 193/136/141
f 170/196/136 139/138/136 193/136/136
f 153/140/143 185/139/143 193/136/143
f 171/137/138 140/142/138 193/136/138
f 154/144/145 186/143/145 193/136/145
f 172/141/140 141/146/140 193/136/140
f 155/148/147 187/147/147 193/136/147
f 129/152/148 161/151/148 193/136/148
f 173/145/142 142/150/142 193/136/142
f 156/154/150 188/153/150 193/136/150
f 130/158/151 162/157/151 193/136/151
f 174/149/144 143/156/144 193/136/144
f 157/160/153 189/159/153 193/136/153
f 131/164/154 163/163/154 193/136/154
f 175/155/146 144/162/146 193/136/146
f 158/166/156 190/165/156 193/136/156
f 132/170/157 164/169/157 193/136/157
f 176/161/149 145/168/149 193/136/149
f 159/172/158 191/171/158 193/136/158
f 133/176/159 165/175/159 193/136/159
f 177/167/152 146/174/152 193/136/152
f 160/179/160 192/178/160 193/136/160
f 134/183/161 166/182/161 193/136/161
f 178/173/155 147/181/155 193/136/155
f 26/26/162 214/199/162 213/200/162
f 6/6/163 222/201/163 8/8/163
f 50/50/164 200/202/164 52/52/164
f 32/32/165 209/203/165 34/34/165
f 16/16/166 219/204/166 218/205/166
f 58/58/167 196/206/167 60/60/167
f 40/40/168 205/207/168 42/42/168
f 22/22/169 214/199/169 24/24/169
f 4/4/170 223/208/170 6/6/170
f 48/48/171 201/209/171 50/50/171
f 30/30/172 210/210/172 32/32/172
f 12/12/173 219/204/173 14/14/173
f 56/56/174 197/211/174 58/58/174
f 40/40/175 207/212/175 206/213/175
f 20/20/176 215/214/176 22/22/176
f 64/65/177 224/215/177 2/216/177
f 4/4/178 224/217/178 225/218/178
f 48/48/179 203/219/179 202/220/179
f 28/28/180 211/221/180 30/30/180
f 10/10/181 220/222/181 12/12/181
f 56/56/182 199/223/182 198/224/182
f 36/36/183 207/212/183 38/38/183
f 18/18/184 216/225/184 20/20/184
f 62/63/185 194/226/185 64/65/185
f 46/46/186 204/62/186 203/219/186
f 26/26/187 212/227/187 28/28/187
f 10/10/188 222/201/188 221/228/188
f 54/54/189 200/202/189 199/223/189
f 34/34/190 208/229/190 36/36/190
f 18/18/191 218/205/191 217/230/191
f 62/63/192 196/206/192 195/231/192
f 209/203/193 241/232/193 208/229/193
f 241/232/194 272/233/194 240/234/194
f 196/206/195 228/235/195 195/231/195
f 222/201/196 256/236/196 255/237/196
f 209/203/197 243/238/197 242/239/197
f 197/211/198 229/240/198 196/206/198
f 223/208/199 257/241/199 256/236/199
f 210/210/200 244/242/200 243/238/200
f 198/224/201 230/243/201 197/211/201
f 225/218/202 226/244/202 257/241/202
f 211/221/203 245/245/203 244/242/203
f 199/223/204 231/246/204 198/224/204
f 212/227/205 246/247/205 245/245/205
f 200/202/206 232/248/206 199/223/206
f 213/200/207 247/249/207 246/247/207
f 201/209/208 233/250/208 200/202/208
f 214/199/209 248/251/209 247/249/209
f 202/220/24 234/252/24 201/209/24
f 215/214/210 249/253/210 248/251/210
f 203/219/211 235/254/211 202/220/211
f 216/225/212 250/255/212 249/253/212
f 204/62/213 236/256/213 203/219/213
f 217/230/214 251/257/214 250/255/214
f 205/207/215 237/258/215 204/62/215
f 218/205/216 252/259/216 251/257/216
f 206/213/217 238/260/217 205/207/217
f 219/204/218 253/261/218 252/259/218
f 207/212/219 239/262/219 206/213/219
f 194/226/220 226/263/220 224/215/220
f 220/222/221 254/264/221 253/261/221
f 208/229/222 240/234/222 207/212/222
f 195/231/223 227/265/223 194/226/223
f 221/228/224 255/237/224 254/264/224
f 266/266/225 297/267/225 265/268/225
f 228/235/226 259/269/226 227/265/226
f 254/264/227 287/270/227 286/271/227
f 242/239/228 273/272/228 241/232/228
f 229/240/229 260/273/229 228/235/229
f 255/237/230 288/274/230 287/270/230
f 242/239/231 275/275/231 274/276/231
f 230/243/232 261/277/232 229/240/232
f 256/236/233 289/278/233 288/274/233
f 243/238/234 276/279/234 275/275/234
f 231/246/235 262/280/235 230/243/235
f 257/241/236 258/281/236 289/278/236
f 244/242/237 277/282/237 276/279/237
f 232/248/238 263/283/238 231/246/238
f 245/245/239 278/284/239 277/282/239
f 233/250/240 264/285/240 232/248/240
f 246/247/241 279/286/241 278/284/241
f 234/252/242 265/268/242 233/250/242
f 247/249/243 280/287/243 279/286/243
f 235/254/244 266/266/244 234/252/244
f 248/251/245 281/288/245 280/287/245
f 236/256/246 267/289/246 235/254/246
f 249/253/247 282/290/247 281/288/247
f 237/258/248 268/291/248 236/256/248
f 250/255/249 283/292/249 282/290/249
f 238/260/250 269/293/250 237/258/250
f 251/257/251 284/294/251 283/292/251
f 239/262/252 270/295/252 238/260/252
f 252/259/253 285/296/253 284/294/253
f 240/234/254 271/297/254 239/262/254
f 227/265/255 258/298/255 226/263/255
f 253/261/256 286/271/256 285/296/256
f 300/299/257 333/300/257 332/301/257
f 279/286/258 312/302/258 311/303/258
f 267/289/259 298/304/259 266/266/259
f 280/287/260 313/305/260 312/302/260
f 268/291/261 299/306/261 267/289/261
f 281/288/262 314/307/262 313/305/262
f 269/293/263 300/299/263 268/291/263
f 282/290/264 315/308/264 314/307/264
f 270/295/265 301/309/265 269/293/265
f 283/292/266 316/310/266 315/308/266
f 271/297/267 302/311/267 270/295/267
f 284/294/268 317/312/268 316/310/268
f 272/233/269 303/313/269 271/297/269
f 259/269/270 290/314/270 258/298/270
f 285/296/271 318/315/271 317/312/271
f 273/272/272 304/316/272 272/233/272
f 260/273/273 291/317/273 259/269/273
f 286/271/274 319/318/274 318/315/274
f 274/276/275 305/319/275 273/272/275
f 261/277/276 292/320/276 260/273/276
f 287/270/277 320/321/277 319/318/277
f 274/276/278 307/322/278 306/323/278
f 262/280/279 293/324/279 261/277/279
f 288/274/280 321/325/280 320/321/280
f 275/275/281 308/326/281 307/322/281
f 263/283/282 294/327/282 262/280/282
f 289/278/283 290/328/283 321/325/283
f 276/279/284 309/329/284 308/326/284
f 264/285/285 295/330/285 263/283/285
f 277/282/286 310/331/286 309/329/286
f 265/268/287 296/332/287 264/285/287
f 278/284/288 311/303/288 310/331/288
f 344/333/289 375/334/289 343/335/289
f 314/307/290 347/336/290 346/337/290
f 301/309/291 334/338/291 333/300/291
f 316/310/292 347/336/292 315/308/292
f 302/311/293 335/339/293 334/338/293
f 316/310/294 349/340/294 348/341/294
f 304/316/295 335/339/295 303/313/295
f 291/317/296 322/342/296 290/314/296
f 317/312/297 350/343/297 349/340/297
f 305/319/298 336/344/298 304/316/298
f 292/320/299 323/345/299 291/317/299
f 319/318/300 350/343/300 318/315/300
f 305/319/301 338/346/301 337/347/301
f 292/320/302 325/348/302 324/349/302
f 320/321/303 351/350/303 319/318/303
f 307/322/304 338/346/304 306/323/304
f 293/324/305 326/351/305 325/348/305
f 320/321/306 353/352/306 352/353/306
f 308/326/307 339/354/307 307/322/307
f 295/330/308 326/351/308 294/327/308
f 321/325/309 322/355/309 353/352/309
f 308/326/310 341/356/310 340/357/310
f 296/332/311 327/358/311 295/330/311
f 310/331/312 341/356/312 309/329/312
f 296/332/313 329/359/313 328/360/313
f 311/303/314 342/361/314 310/331/314
f 298/304/315 329/359/315 297/267/315
f 312/302/316 343/335/316 311/303/316
f 298/304/317 331/362/317 330/363/317
f 313/305/318 344/333/318 312/302/318
f 299/306/319 332/301/319 331/362/319
f 314/307/320 345/364/320 313/305/320
f 379/365/321 410/366/321 378/367/321
f 330/363/322 363/368/322 362/369/322
f 345/364/323 376/370/323 344/333/323
f 331/362/324 364/371/324 363/368/324
f 346/337/325 377/372/325 345/364/325
f 332/301/326 365/373/326 364/371/326
f 347/336/290 378/367/290 346/337/290
f 333/300/327 366/374/327 365/373/327
f 348/341/328 379/365/328 347/336/328
f 334/338/329 367/375/329 366/374/329
f 349/340/330 380/376/330 348/341/330
f 335/339/331 368/377/331 367/375/331
f 322/342/332 355/378/332 354/379/332
f 350/343/333 381/380/333 349/340/333
f 336/344/334 369/381/334 368/377/334
f 323/345/335 356/382/335 355/378/335
f 351/350/336 382/383/336 350/343/336
f 337/347/337 370/384/337 369/381/337
f 324/349/338 357/385/338 356/382/338
f 352/353/339 383/386/339 351/350/339
f 339/354/340 370/384/340 338/346/340
f 325/348/341 358/387/341 357/385/341
f 353/352/342 384/388/342 352/353/342
f 340/357/343 371/389/343 339/354/343
f 326/351/344 359/390/344 358/387/344
f 322/355/345 385/391/345 353/352/345
f 341/356/346 372/392/346 340/357/346
f 327/358/347 360/393/347 359/390/347
f 342/361/348 373/394/348 341/356/348
f 328/360/349 361/395/349 360/393/349
f 343/335/350 374/396/350 342/361/350
f 329/359/351 362/369/351 361/395/351
f 414/397/352 445/398/352 413/399/352
f 365/373/353 398/400/353 397/401/353
f 380/376/354 411/402/354 379/365/354
f 366/374/355 399/403/355 398/400/355
f 381/380/356 412/404/356 380/376/356
f 367/375/357 400/405/357 399/403/357
f 354/379/358 387/406/358 386/407/358
f 382/383/359 413/399/359 381/380/359
f 368/377/360 401/408/360 400/405/360
f 355/378/361 388/409/361 387/406/361
f 383/386/362 414/397/362 382/383/362
f 369/381/363 402/410/363 401/408/363
f 356/382/364 389/411/364 388/409/364
f 384/388/365 415/412/365 383/386/365
f 371/389/366 402/410/366 370/384/366
f 357/385/367 390/413/367 389/411/367
f 385/391/368 416/414/368 384/388/368
f 372/392/369 403/415/369 371/389/369
f 358/387/370 391/416/370 390/413/370
f 354/417/371 417/418/371 385/391/371
f 373/394/372 404/419/372 372/392/372
f 359/390/373 392/420/373 391/416/373
f 374/396/374 405/421/374 373/394/374
f 360/393/375 393/422/375 392/420/375
f 375/334/376 406/423/376 374/396/376
f 361/395/377 394/424/377 393/422/377
f 376/370/378 407/425/378 375/334/378
f 362/369/379 395/426/379 394/424/379
f 377/372/380 408/427/380 376/370/380
f 363/368/381 396/428/381 395/426/381
f 378/367/382 409/429/382 377/372/382
f 364/371/383 397/401/383 396/428/383
f 441/430/384 472/431/384 440/432/384
f 400/405/385 433/433/385 432/434/385
f 387/406/386 420/435/386 419/436/386
f 415/412/387 446/437/387 414/397/387
f 401/408/388 434/438/388 433/433/388
f 388/409/389 421/439/389 420/435/389
f 416/414/390 447/440/390 415/412/390
f 403/415/391 434/438/391 402/410/391
f 389/411/392 422/441/392 421/439/392
f 417/418/393 448/442/393 416/414/393
f 404/419/394 435/443/394 403/415/394
f 390/413/395 423/444/395 422/441/395
f 386/445/396 449/446/396 417/418/396
f 405/421/397 436/447/397 404/419/397
f 391/416/398 424/448/398 423/444/398
f 406/423/399 437/449/399 405/421/399
f 392/420/400 425/450/400 424/448/400
f 407/425/401 438/451/401 406/423/401
f 393/422/402 426/452/402 425/450/402
f 408/427/403 439/453/403 407/425/403
f 394/424/404 427/454/404 426/452/404
f 409/429/405 440/432/405 408/427/405
f 395/426/406 428/455/406 427/454/406
f 410/366/407 441/430/407 409/429/407
f 396/428/408 429/456/408 428/455/408
f 411/402/409 442/457/409 410/366/409
f 397/401/410 430/458/410 429/456/410
f 412/404/411 443/459/411 411/402/411
f 398/400/412 431/460/412 430/458/412
f 413/399/413 444/461/413 412/404/413
f 399/403/414 432/434/414 431/460/414
f 386/407/415 419/436/415 418/462/415
f 476/463/416 507/464/416 475/465/416
f 427/454/417 460/466/417 459/467/417
f 442/457/418 473/468/418 441/430/418
f 428/455/419 461/469/419 460/466/419
f 443/459/420 474/470/420 442/457/420
f 429/456/421 462/471/421 461/469/421
f 444/461/422 475/465/422 443/459/422
f 430/458/423 463/472/423 462/471/423
f 445/398/424 476/463/424 444/461/424
f 431/460/425 464/473/425 463/472/425
f 418/462/426 451/474/426 450/475/426
f 446/437/427 477/476/427 445/398/427
f 432/434/428 465/477/428 464/473/428
f 419/436/429 452/478/429 451/474/429
f 447/440/430 478/479/430 446/437/430
f 433/433/431 466/480/431 465/477/431
f 420/435/432 453/481/432 452/478/432
f 448/442/433 479/482/433 447/440/433
f 435/443/434 466/480/434 434/438/434
f 421/439/435 454/483/435 453/481/435
f 449/446/436 480/484/436 448/442/436
f 436/447/437 467/485/437 435/443/437
f 422/441/438 455/486/438 454/483/438
f 418/487/439 481/488/439 449/446/439
f 437/449/440 468/489/440 436/447/440
f 423/444/441 456/490/441 455/486/441
f 438/451/442 469/491/442 437/449/442
f 424/448/443 457/492/443 456/490/443
f 439/453/444 470/493/444 438/451/444
f 425/450/445 458/494/445 457/492/445
f 440/432/446 471/495/446 439/453/446
f 426/452/447 459/467/447 458/494/447
f 505/496/448 536/497/448 504/498/448
f 462/471/449 495/499/449 494/500/449
f 477/476/450 508/501/450 476/463/450
f 463/472/451 496/502/451 495/499/451
f 450/475/452 483/503/452 482/504/452
f 478/479/453 509/505/453 477/476/453
f 464/473/454 497/506/454 496/502/454
f 451/474/455 484/507/455 483/503/455
f 479/482/456 510/508/456 478/479/456
f 465/477/457 498/509/457 497/506/457
f 452/478/458 485/510/458 484/507/458
f 480/484/459 511/511/459 479/482/459
f 467/485/460 498/509/460 466/480/460
f 453/481/461 486/512/461 485/510/461
f 481/488/462 512/513/462 480/484/462
f 468/489/463 499/514/463 467/485/463
f 454/483/464 487/515/464 486/512/464
f 450/516/465 513/517/465 481/488/465
f 469/491/466 500/518/466 468/489/466
f 455/486/467 488/519/467 487/515/467
f 470/493/468 501/520/468 469/491/468
f 456/490/469 489/521/469 488/519/469
f 471/495/470 502/522/470 470/493/470
f 457/492/471 490/523/471 489/521/471
f 472/431/472 503/524/472 471/495/472
f 458/494/473 491/525/473 490/523/473
f 473/468/474 504/498/474 472/431/474
f 459/467/475 492/526/475 491/525/475
f 474/470/476 505/496/476 473/468/476
f 460/466/477 493/527/477 492/526/477
f 475/465/478 506/528/478 474/470/478
f 461/469/479 494/500/479 493/527/479
f 540/529/480 571/530/480 539/531/480
f 491/525/481 524/532/481 523/533/481
f 506/528/482 537/534/482 505/496/482
f 492/526/483 525/535/483 524/532/483
f 507/464/484 538/536/484 506/528/484
f 493/527/485 526/537/485 525/535/485
f 508/501/486 539/531/486 507/464/486
f 494/500/487 527/538/487 526/537/487
f 509/505/488 540/529/488 508/501/488
f 495/499/489 528/539/489 527/538/489
f 482/504/490 515/540/490 514/541/490
f 510/508/491 541/542/491 509/505/491
f 496/502/492 529/543/492 528/539/492
f 483/503/493 516/544/493 515/540/493
f 511/511/494 542/545/494 510/508/494
f 497/506/495 530/546/495 529/543/495
f 484/507/496 517/547/496 516/544/496
f 512/513/497 543/548/497 511/511/497
f 499/514/498 530/546/498 498/509/498
f 485/510/499 518/549/499 517/547/499
f 513/517/500 544/550/500 512/513/500
f 500/518/501 531/551/501 499/514/501
f 486/512/502 519/552/502 518/549/502
f 482/553/503 545/554/503 513/517/503
f 501/520/504 532/555/504 500/518/504
f 487/515/505 520/556/505 519/552/505
f 502/522/506 533/557/506 501/520/506
f 488/519/507 521/558/507 520/556/507
f 503/524/508 534/559/508 502/522/508
f 489/521/509 522/560/509 521/558/509
f 504/498/510 535/561/510 503/524/510
f 490/523/511 523/533/511 522/560/511
f 574/562/4 607/563/4 606/564/4
f 526/537/512 559/565/512 558/566/512
f 541/542/513 572/567/513 540/529/513
f 527/538/514 560/568/514 559/565/514
f 514/541/515 547/569/515 546/570/515
f 542/545/516 573/571/516 541/542/516
f 528/539/517 561/572/517 560/568/517
f 515/540/518 548/573/518 547/569/518
f 543/548/519 574/562/519 542/545/519
f 529/543/520 562/574/520 561/572/520
f 516/544/521 549/575/521 548/573/521
f 544/550/522 575/576/522 543/548/522
f 531/551/523 562/574/523 530/546/523
f 517/547/524 550/577/524 549/575/524
f 545/554/525 576/578/525 544/550/525
f 532/555/526 563/579/526 531/551/526
f 518/549/527 551/580/527 550/577/527
f 514/581/528 577/582/528 545/554/528
f 533/557/529 564/583/529 532/555/529
f 519/552/530 552/584/530 551/580/530
f 534/559/531 565/585/531 533/557/531
f 520/556/532 553/586/532 552/584/532
f 535/561/533 566/587/533 534/559/533
f 521/558/534 554/588/534 553/586/534
f 536/497/535 567/589/535 535/561/535
f 522/560/536 555/590/536 554/588/536
f 537/534/537 568/591/537 536/497/537
f 523/533/538 556/592/538 555/590/538
f 538/536/539 569/593/539 537/534/539
f 524/532/540 557/594/540 556/592/540
f 539/531/541 570/595/541 538/536/541
f 525/535/542 558/566/542 557/594/542
f 578/596/543 641/597/543 609/598/543
f 561/572/17 594/599/17 593/600/17
f 548/573/30 581/601/30 580/602/30
f 576/578/3 607/563/3 575/576/3
f 563/579/16 594/599/16 562/574/16
f 550/577/29 581/601/29 549/575/29
f 577/582/2 608/603/2 576/578/2
f 564/583/15 595/604/15 563/579/15
f 551/580/28 582/605/28 550/577/28
f 546/606/1 609/598/1 577/582/1
f 564/583/14 597/607/14 596/608/14
f 552/584/27 583/609/27 551/580/27
f 566/587/13 597/607/13 565/585/13
f 552/584/26 585/610/26 584/611/26
f 567/589/12 598/612/12 566/587/12
f 554/588/25 585/610/25 553/586/25
f 568/591/11 599/613/11 567/589/11
f 555/590/24 586/614/24 554/588/24
f 568/591/10 601/615/10 600/616/10
f 556/592/23 587/617/23 555/590/23
f 570/595/9 601/615/9 569/593/9
f 557/594/22 588/618/22 556/592/22
f 570/595/8 603/619/8 602/620/8
f 557/594/21 590/621/21 589/622/21
f 572/567/7 603/619/7 571/530/7
f 559/565/20 590/621/20 558/566/20
f 573/571/6 604/623/6 572/567/6
f 560/568/19 591/624/19 559/565/19
f 546/570/33 579/625/33 578/626/33
f 573/571/5 606/564/5 605/627/5
f 561/572/18 592/628/18 560/568/18
f 548/573/32 579/625/32 547/569/32
f 637/629/544 668/630/544 636/631/544
f 597/607/545 628/632/545 596/608/545
f 583/609/546 616/633/546 615/634/546
f 598/612/547 629/635/547 597/607/547
f 584/611/548 617/636/548 616/633/548
f 599/613/549 630/637/549 598/612/549
f 585/610/550 618/638/550 617/636/550
f 600/616/551 631/639/551 599/613/551
f 586/614/552 619/640/552 618/638/552
f 601/615/553 632/641/553 600/616/553
f 587/617/554 620/642/554 619/640/554
f 602/620/555 633/643/555 601/615/555
f 588/618/556 621/644/556 620/642/556
f 603/619/8 634/645/8 602/620/8
f 589/622/557 622/646/557 621/644/557
f 604/623/558 635/647/558 603/619/558
f 590/621/559 623/648/559 622/646/559
f 605/627/560 636/631/560 604/623/560
f 591/624/561 624/649/561 623/648/561
f 578/626/562 611/650/562 610/651/562
f 606/564/563 637/629/563 605/627/563
f 592/628/564 625/652/564 624/649/564
f 579/625/565 612/653/565 611/650/565
f 607/563/566 638/654/566 606/564/566
f 593/600/567 626/655/567 625/652/567
f 580/602/568 613/656/568 612/653/568
f 608/603/569 639/657/569 607/563/569
f 595/604/570 626/655/570 594/599/570
f 581/601/571 614/658/571 613/656/571
f 609/598/572 640/659/572 608/603/572
f 596/608/573 627/660/573 595/604/573
f 582/605/574 615/634/574 614/658/574
f 644/661/575 677/662/575 676/663/575
f 623/648/576 656/664/576 655/665/576
f 610/651/577 643/666/577 642/667/577
f 638/654/578 669/668/578 637/629/578
f 624/649/579 657/669/579 656/664/579
f 611/650/580 644/661/580 643/666/580
f 639/657/581 670/670/581 638/654/581
f 625/652/582 658/671/582 657/669/582
f 612/653/583 645/672/583 644/661/583
f 640/659/584 671/673/584 639/657/584
f 627/660/585 658/671/585 626/655/585
f 613/656/586 646/674/586 645/672/586
f 641/597/587 672/675/587 640/659/587
f 628/632/588 659/676/588 627/660/588
f 614/658/589 647/677/589 646/674/589
f 610/678/590 673/679/590 641/597/590
f 629/635/591 660/680/591 628/632/591
f 615/634/592 648/681/592 647/677/592
f 630/637/593 661/682/593 629/635/593
f 616/633/594 649/683/594 648/681/594
f 631/639/595 662/684/595 630/637/595
f 617/636/596 650/685/596 649/683/596
f 632/641/597 663/686/597 631/639/597
f 618/638/598 651/687/598 650/685/598
f 633/643/599 664/688/599 632/641/599
f 619/640/600 652/689/600 651/687/600
f 634/645/601 665/690/601 633/643/601
f 620/642/602 653/691/602 652/689/602
f 635/647/603 666/692/603 634/645/603
f 621/644/604 654/693/604 653/691/604
f 636/631/605 667/694/605 635/647/605
f 622/646/606 655/665/606 654/693/606
f 679/695/607 712/696/607 711/697/607
f 672/675/608 703/698/608 671/673/608
f 659/676/609 690/699/609 658/671/609
f 645/672/610 678/700/610 677/662/610
f 673/679/611 704/701/611 672/675/611
f 660/680/612 691/702/612 659/676/612
f 646/674/613 679/695/613 678/700/613
f 642/703/614 705/704/614 673/679/614
f 661/682/615 692/705/615 660/680/615
f 647/677/616 680/706/616 679/695/616
f 662/684/617 693/707/617 661/682/617
f 648/681/618 681/708/618 680/706/618
f 663/686/619 694/709/619 662/684/619
f 649/683/620 682/710/620 681/708/620
f 664/688/621 695/711/621 663/686/621
f 650/685/622 683/712/622 682/710/622
f 665/690/623 696/713/623 664/688/623
f 651/687/624 684/714/624 683/712/624
f 666/692/625 697/715/625 665/690/625
f 652/689/626 685/716/626 684/714/626
f 667/694/627 698/717/627 666/692/627
f 653/691/628 686/718/628 685/716/628
f 668/630/629 699/719/629 667/694/629
f 654/693/630 687/720/630 686/718/630
f 669/668/631 700/721/631 668/630/631
f 655/665/632 688/722/632 687/720/632
f 642/667/633 675/723/633 674/724/633
f 670/670/634 701/725/634 669/668/634
f 656/664/635 689/726/635 688/722/635
f 643/666/636 676/663/636 675/723/636
f 671/673/637 702/727/637 670/670/637
f 657/669/638 690/699/638 689/726/638
f 714/728/639 747/729/639 746/730/639
f 694/709/640 725/731/640 693/707/640
f 680/706/641 713/732/641 712/696/641
f 695/711/642 726/733/642 694/709/642
f 681/708/643 714/728/643 713/732/643
f 696/713/644 727/734/644 695/711/644
f 682/710/645 715/735/645 714/728/645
f 697/715/646 728/736/646 696/713/646
f 683/712/647 716/737/647 715/735/647
f 698/717/648 729/738/648 697/715/648
f 684/714/649 717/739/649 716/737/649
f 699/719/650 730/740/650 698/717/650
f 685/716/651 718/741/651 717/739/651
f 700/721/652 731/742/652 699/719/652
f 686/718/653 719/743/653 718/741/653
f 701/725/654 732/744/654 700/721/654
f 687/720/655 720/745/655 719/743/655
f 674/724/656 707/746/656 706/747/656
f 702/727/657 733/748/657 701/725/657
f 688/722/658 721/749/658 720/745/658
f 675/723/659 708/750/659 707/746/659
f 703/698/660 734/751/660 702/727/660
f 689/726/661 722/752/661 721/749/661
f 676/663/662 709/753/662 708/750/662
f 704/701/663 735/754/663 703/698/663
f 691/702/664 722/752/664 690/699/664
f 677/662/665 710/755/665 709/753/665
f 705/704/666 736/756/666 704/701/666
f 692/705/667 723/757/667 691/702/667
f 678/700/668 711/697/668 710/755/668
f 674/758/669 737/759/669 705/704/669
f 693/707/670 724/760/670 692/705/670
f 749/761/671 782/762/671 781/763/671
f 729/738/672 760/764/672 728/736/672
f 715/735/673 748/765/673 747/729/673
f 730/740/674 761/766/674 729/738/674
f 716/737/675 749/761/675 748/765/675
f 731/742/676 762/767/676 730/740/676
f 717/739/677 750/768/677 749/761/677
f 732/744/678 763/769/678 731/742/678
f 718/741/679 751/770/679 750/768/679
f 733/748/680 764/771/680 732/744/680
f 719/743/681 752/772/681 751/770/681
f 706/747/682 739/773/682 738/774/682
f 734/751/683 765/775/683 733/748/683
f 720/745/684 753/776/684 752/772/684
f 707/746/685 740/777/685 739/773/685
f 735/754/686 766/778/686 734/751/686
f 721/749/687 754/779/687 753/776/687
f 708/750/688 741/780/688 740/777/688
f 736/756/689 767/781/689 735/754/689
f 723/757/690 754/779/690 722/752/690
f 709/753/691 742/782/691 741/780/691
f 737/759/692 768/783/692 736/756/692
f 724/760/693 755/784/693 723/757/693
f 710/755/694 743/785/694 742/782/694
f 706/786/695 769/787/695 737/759/695
f 725/731/696 756/788/696 724/760/696
f 711/697/697 744/789/697 743/785/697
f 726/733/698 757/790/698 725/731/698
f 712/696/699 745/791/699 744/789/699
f 727/734/700 758/792/700 726/733/700
f 713/732/701 746/730/701 745/791/701
f 728/736/702 759/793/702 727/734/702
f 784/794/703 817/795/703 816/796/703
f 764/771/704 795/797/704 763/769/704
f 750/768/705 783/798/705 782/762/705
f 765/775/706 796/799/706 764/771/706
f 751/770/707 784/794/707 783/798/707
f 738/774/708 771/800/708 770/801/708
f 766/778/709 797/802/709 765/775/709
f 752/772/710 785/803/710 784/794/710
f 739/773/711 772/804/711 771/800/711
f 767/781/712 798/805/712 766/778/712
f 753/776/713 786/806/713 785/803/713
f 740/777/714 773/807/714 772/804/714
f 768/783/715 799/808/715 767/781/715
f 755/784/716 786/806/716 754/779/716
f 741/780/717 774/809/717 773/807/717
f 769/787/718 800/810/718 768/783/718
f 756/788/719 787/811/719 755/784/719
f 742/782/720 775/812/720 774/809/720
f 738/813/721 801/814/721 769/787/721
f 757/790/722 788/815/722 756/788/722
f 743/785/723 776/816/723 775/812/723
f 758/792/724 789/817/724 757/790/724
f 744/789/725 777/818/725 776/816/725
f 759/793/726 790/819/726 758/792/726
f 745/791/727 778/820/727 777/818/727
f 760/764/728 791/821/728 759/793/728
f 746/730/729 779/822/729 778/820/729
f 761/766/730 792/823/730 760/764/730
f 747/729/731 780/824/731 779/822/731
f 762/767/732 793/825/732 761/766/732
f 748/765/733 781/763/733 780/824/733
f 763/769/734 794/826/734 762/767/734
f 820/827/735 851/828/735 819/829/735
f 771/800/736 804/830/736 803/831/736
f 799/808/737 830/832/737 798/805/737
f 785/803/738 818/833/738 817/795/738
f 772/804/739 805/834/739 804/830/739
f 800/810/740 831/835/740 799/808/740
f 787/811/741 818/833/741 786/806/741
f 773/807/742 806/836/742 805/834/742
f 801/814/743 832/837/743 800/810/743
f 788/815/744 819/829/744 787/811/744
f 774/809/745 807/838/745 806/836/745
f 770/839/746 833/840/746 801/814/746
f 789/817/747 820/827/747 788/815/747
f 775/812/748 808/841/748 807/838/748
f 790/819/749 821/842/749 789/817/749
f 776/816/750 809/843/750 808/841/750
f 791/821/751 822/844/751 790/819/751
f 777/818/752 810/845/752 809/843/752
f 792/823/753 823/846/753 791/821/753
f 778/820/754 811/847/754 810/845/754
f 793/825/755 824/848/755 792/823/755
f 779/822/756 812/849/756 811/847/756
f 794/826/757 825/850/757 793/825/757
f 780/824/758 813/851/758 812/849/758
f 795/797/759 826/852/759 794/826/759
f 781/763/760 814/853/760 813/851/760
f 796/799/761 827/854/761 795/797/761
f 782/762/762 815/855/762 814/853/762
f 797/802/763 828/856/763 796/799/763
f 783/798/764 816/796/764 815/855/764
f 770/801/765 803/831/765 802/857/765
f 798/805/766 829/858/766 797/802/766
f 859/859/767 892/860/767 891/861/767
f 806/836/768 839/862/768 838/863/768
f 833/840/769 834/864/769 865/865/769
f 821/842/770 852/866/770 820/827/770
f 807/838/771 840/867/771 839/862/771
f 822/844/772 853/868/772 821/842/772
f 808/841/773 841/869/773 840/867/773
f 823/846/774 854/870/774 822/844/774
f 809/843/775 842/871/775 841/869/775
f 824/848/776 855/872/776 823/846/776
f 811/847/777 842/871/777 810/845/777
f 825/850/778 856/873/778 824/848/778
f 812/849/779 843/874/779 811/847/779
f 826/852/780 857/875/780 825/850/780
f 813/851/781 844/876/781 812/849/781
f 826/852/782 859/859/782 858/877/782
f 814/853/783 845/878/783 813/851/783
f 827/854/784 860/879/784 859/859/784
f 815/855/785 846/880/785 814/853/785
f 828/856/786 861/881/786 860/879/786
f 816/796/787 847/882/787 815/855/787
f 802/857/788 835/883/788 834/884/788
f 829/858/789 862/885/789 861/881/789
f 817/795/790 848/886/790 816/796/790
f 803/831/791 836/887/791 835/883/791
f 830/832/792 863/888/792 862/885/792
f 818/833/793 849/889/793 817/795/793
f 804/830/794 837/890/794 836/887/794
f 831/835/795 864/891/795 863/888/795
f 819/829/309 850/892/309 818/833/309
f 805/834/796 838/863/796 837/890/796
f 832/837/797 865/865/797 864/891/797
f 894/893/798 927/894/798 926/895/798
f 847/882/799 878/896/799 846/880/799
f 860/879/800 893/897/800 892/860/800
f 848/886/801 879/898/801 847/882/801
f 834/884/802 867/899/802 866/900/802
f 861/881/803 894/893/803 893/897/803
f 849/889/804 880/901/804 848/886/804
f 835/883/805 868/902/805 867/899/805
f 862/885/806 895/903/806 894/893/806
f 850/892/807 881/904/807 849/889/807
f 836/887/808 869/905/808 868/902/808
f 863/888/809 896/906/809 895/903/809
f 851/828/810 882/907/810 850/892/810
f 837/890/811 870/908/811 869/905/811
f 864/891/812 897/909/812 896/906/812
f 852/866/813 883/910/813 851/828/813
f 838/863/814 871/911/814 870/908/814
f 865/865/815 866/912/815 897/909/815
f 853/868/816 884/913/816 852/866/816
f 839/862/817 872/914/817 871/911/817
f 854/870/818 885/915/818 853/868/818
f 840/867/819 873/916/819 872/914/819
f 855/872/820 886/917/820 854/870/820
f 841/869/821 874/918/821 873/916/821
f 856/873/822 887/919/822 855/872/822
f 843/874/823 874/918/823 842/871/823
f 857/875/824 888/920/824 856/873/824
f 844/876/825 875/921/825 843/874/825
f 858/877/826 889/922/826 857/875/826
f 845/878/827 876/923/827 844/876/827
f 858/877/828 891/861/828 890/924/828
f 846/880/829 877/925/829 845/878/829
f 929/926/830 930/927/830 961/928/830
f 882/907/831 913/929/831 881/904/831
f 868/902/832 901/930/832 900/931/832
f 895/903/833 928/932/833 927/894/833
f 883/910/834 914/933/834 882/907/834
f 869/905/835 902/934/835 901/930/835
f 896/906/836 929/926/836 928/932/836
f 884/913/837 915/935/837 883/910/837
f 870/908/838 903/936/838 902/934/838
f 897/909/839 898/937/839 929/926/839
f 885/915/840 916/938/840 884/913/840
f 871/911/841 904/939/841 903/936/841
f 886/917/842 917/940/842 885/915/842
f 872/914/843 905/941/843 904/939/843
f 887/919/844 918/942/844 886/917/844
f 873/916/845 906/943/845 905/941/845
f 888/920/846 919/944/846 887/919/846
f 875/921/847 906/943/847 874/918/847
f 889/922/848 920/945/848 888/920/848
f 876/923/849 907/946/849 875/921/849
f 890/924/850 921/947/850 889/922/850
f 877/925/851 908/948/851 876/923/851
f 890/924/852 923/949/852 922/950/852
f 878/896/853 909/951/853 877/925/853
f 891/861/854 924/952/854 923/949/854
f 879/898/855 910/953/855 878/896/855
f 892/860/856 925/954/856 924/952/856
f 880/901/857 911/955/857 879/898/857
f 866/900/858 899/956/858 898/957/858
f 893/897/859 926/895/859 925/954/859
f 881/904/860 912/958/860 880/901/860
f 867/899/861 900/931/861 899/956/861
f 952/959/862 983/960/862 951/961/862
f 917/940/863 948/962/863 916/938/863
f 903/936/864 936/963/864 935/964/864
f 918/942/865 949/965/865 917/940/865
f 904/939/866 937/966/866 936/963/866
f 919/944/867 950/967/867 918/942/867
f 905/941/868 938/968/868 937/966/868
f 920/945/869 951/961/869 919/944/869
f 907/946/870 938/968/870 906/943/870
f 921/947/871 952/959/871 920/945/871
f 908/948/872 939/969/872 907/946/872
f 922/950/873 953/970/873 921/947/873
f 909/951/874 940/971/874 908/948/874
f 922/950/875 955/972/875 954/973/875
f 910/953/876 941/974/876 909/951/876
f 923/949/877 956/975/877 955/972/877
f 911/955/878 942/976/878 910/953/878
f 924/952/879 957/977/879 956/975/879
f 912/958/880 943/978/880 911/955/880
f 898/957/881 931/979/881 930/980/881
f 925/954/882 958/981/882 957/977/882
f 913/929/883 944/982/883 912/958/883
f 899/956/884 932/983/884 931/979/884
f 926/895/885 959/984/885 958/981/885
f 914/933/886 945/985/886 913/929/886
f 900/931/887 933/986/887 932/983/887
f 927/894/888 960/987/888 959/984/888
f 915/935/889 946/988/889 914/933/889
f 901/930/890 934/989/890 933/986/890
f 928/932/891 961/928/891 960/987/891
f 916/938/892 947/990/892 915/935/892
f 902/934/893 935/964/893 934/989/893
f 986/991/894 1019/992/894 1018/993/894
f 939/969/895 970/994/895 938/968/895
f 953/970/896 984/995/896 952/959/896
f 940/971/897 971/996/897 939/969/897
f 954/973/898 985/997/898 953/970/898
f 941/974/899 972/998/899 940/971/899
f 954/973/900 987/999/900 986/991/900
f 942/976/901 973/1000/901 941/974/901
f 955/972/902 988/1001/902 987/999/902
f 943/978/903 974/1002/903 942/976/903
f 956/975/904 989/1003/904 988/1001/904
f 944/982/905 975/1004/905 943/978/905
f 930/980/906 963/1005/906 962/1006/906
f 957/977/907 990/1007/907 989/1003/907
f 945/985/908 976/1008/908 944/982/908
f 931/979/909 964/1009/909 963/1005/909
f 958/981/910 991/1010/910 990/1007/910
f 946/988/911 977/1011/911 945/985/911
f 932/983/912 965/1012/912 964/1009/912
f 959/984/913 992/1013/913 991/1010/913
f 947/990/914 978/1014/914 946/988/914
f 933/986/915 966/1015/915 965/1012/915
f 960/987/916 993/1016/916 992/1013/916
f 948/962/917 979/1017/917 947/990/917
f 934/989/918 967/1018/918 966/1015/918
f 961/928/919 962/1019/919 993/1016/919
f 949/965/920 980/1020/920 948/962/920
f 935/964/921 968/1021/921 967/1018/921
f 950/967/922 981/1022/922 949/965/922
f 936/963/923 969/1023/923 968/1021/923
f 951/961/924 982/1024/924 950/967/924
f 937/966/925 970/994/925 969/1023/925
f 994/1025/926 1027/1026/926 1026/1027/926
f 974/1002/927 1005/1028/927 973/1000/927
f 987/999/928 1020/1029/928 1019/992/928
f 975/1004/929 1006/1030/929 974/1002/929
f 988/1001/930 1021/1031/930 1020/1029/930
f 976/1008/931 1007/1032/931 975/1004/931
f 962/1006/932 995/1033/932 994/1025/932
f 989/1003/933 1022/1034/933 1021/1031/933
f 977/1011/934 1008/1035/934 976/1008/934
f 963/1005/935 996/1036/935 995/1033/935
f 990/1007/936 1023/1037/936 1022/1034/936
f 978/1014/937 1009/1038/937 977/1011/937
f 964/1009/938 997/1039/938 996/1036/938
f 991/1010/939 1024/1040/939 1023/1037/939
f 979/1017/940 1010/1041/940 978/1014/940
f 965/1012/941 998/1042/941 997/1039/941
f 992/1013/942 1025/1043/942 1024/1040/942
f 980/1020/943 1011/1044/943 979/1017/943
f 966/1015/944 999/1045/944 998/1042/944
f 993/1016/945 994/1046/945 1025/1043/945
f 981/1022/946 1012/1047/946 980/1020/946
f 967/1018/947 1000/1048/947 999/1045/947
f 982/1024/948 1013/1049/948 981/1022/948
f 968/1021/949 1001/1050/949 1000/1048/949
f 983/960/950 1014/1051/950 982/1024/950
f 969/1023/951 1002/1052/951 1001/1050/951
f 984/995/952 1015/1053/952 983/960/952
f 971/996/953 1002/1052/953 970/994/953
f 985/997/954 1016/1054/954 984/995/954
f 972/998/955 1003/1055/955 971/996/955
f 986/991/956 1017/1056/956 985/997/956
f 973/1000/957 1004/1057/957 972/998/957
f 1040/1058/958 1048/1059/958 1056/1060/958
f 1021/1031/959 1054/1061/959 1053/1062/959
f 1008/1035/960 1041/1063/960 1040/1064/960
f 995/1033/961 1028/1065/961 1027/1026/961
f 1023/1037/962 1054/1061/962 1022/1034/962
f 1009/1038/963 1042/1066/963 1041/1063/963
f 996/1036/964 1029/1067/964 1028/1065/964
f 1024/1040/965 1055/1068/965 1023/1037/965
f 1011/1044/966 1042/1066/966 1010/1041/966
f 997/1039/967 1030/1069/967 1029/1067/967
f 1025/1043/968 1056/1060/968 1024/1040/968
f 1011/1044/969 1044/1070/969 1043/1071/969
f 999/1045/970 1030/1069/970 998/1042/970
f 994/1046/971 1057/1072/971 1025/1043/971
f 1012/1047/972 1045/1073/972 1044/1070/972
f 1000/1048/973 1031/1074/973 999/1045/973
f 1013/1049/974 1046/1075/974 1045/1073/974
f 1000/1048/975 1033/1076/975 1032/1077/975
f 1015/1053/976 1046/1075/976 1014/1051/976
f 1002/1052/977 1033/1076/977 1001/1050/977
f 1016/1054/978 1047/1078/978 1015/1053/978
f 1003/1055/979 1034/1079/979 1002/1052/979
f 1016/1054/980 1049/1080/980 1048/1059/980
f 1004/1057/981 1035/1081/981 1003/1055/981
f 1018/993/982 1049/1080/982 1017/1056/982
f 1004/1057/983 1037/1082/983 1036/1083/983
f 1018/993/984 1051/1084/984 1050/1085/984
f 1005/1028/985 1038/1086/985 1037/1082/985
f 1020/1029/986 1051/1084/986 1019/992/986
f 1007/1032/987 1038/1086/987 1006/1030/987
f 1020/1029/988 1053/1062/988 1052/1087/988
f 1008/1035/989 1039/1088/989 1007/1032/989
f 1097/1089/958 1068/1090/958 1060/1091/958
f 1064/1092/990 1106/1093/990 1069/1094/990
f 1098/1095/990 1069/1094/990 1062/1096/990
f 1085/1097/991 1075/1098/991 1086/1099/991
f 1073/1100/991 1070/1101/991 1084/1102/991
f 1098/1095/992 1058/1103/992 1097/1089/992
f 1059/1104/993 1101/1105/993 1061/1106/993
f 1069/1094/990 1063/1107/990 1066/1108/990
f 1067/1109/958 1059/1104/958 1061/1106/958
f 1066/1110/994 1059/1104/994 1068/1090/994
f 1067/1109/995 1065/1111/995 1069/1112/995
f 1070/1101/996 1072/1113/996 1071/1114/996
f 1068/1090/997 1095/1115/997 1073/1100/997
f 1096/1116/998 1072/1113/998 1095/1115/998
f 1096/1116/999 1066/1108/999 1070/1117/999
f 1077/1118/1000 1074/1119/1000 1070/1117/1000
f 1078/1120/1001 1074/1121/1001 1080/1122/1001
f 1068/1090/1001 1077/1123/1001 1066/1110/1001
f 1073/1100/1002 1078/1120/1002 1076/1124/1002
f 1092/1125/1003 1078/1120/1003 1080/1122/1003
f 1077/1123/1003 1076/1124/1003 1088/1126/1003
f 1084/1102/958 1094/1127/958 1090/1128/958
f 1082/1129/1001 1090/1128/1001 1088/1126/1001
f 1082/1129/990 1089/1130/990 1087/1131/990
f 1091/1132/1004 1086/1099/1004 1087/1131/1004
f 1081/1133/998 1092/1125/998 1079/1134/998
f 1085/1097/1005 1092/1125/1005 1093/1135/1005
f 1081/1133/1006 1085/1097/1006 1086/1099/1006
f 1062/1096/1007 1095/1115/1007 1058/1103/1007
f 1064/1092/1008 1097/1089/1008 1060/1091/1008
f 1101/1105/1001 1099/1136/1001 1100/1137/1001
f 1063/1138/1009 1100/1137/1009 1099/1136/1009
f 1059/1104/1010 1099/1136/1010 1102/1139/1010
f 1065/1111/1011 1101/1105/1011 1100/1137/1011
f 1110/1140/990 1112/1141/990 1106/1093/990
f 1060/1091/998 1105/1142/998 1064/1092/998
f 1069/1112/1001 1104/1143/1001 1067/1109/1001
f 1060/1091/1012 1104/1143/1012 1103/1144/1012
f 1108/1145/1013 1109/1146/1013 1107/1147/1013
f 1104/1143/1014 1107/1147/1014 1103/1144/1014
f 1106/1093/1015 1109/1148/1015 1110/1140/1015
f 1168/1149/1016 1109/1148/1016 1162/1150/1016
f 1111/1151/993 1117/1152/993 1113/1153/993
f 1108/1145/1017 1120/1154/1017 1110/1155/1017
f 1106/1156/994 1111/1151/994 1104/1143/994
f 1104/1143/958 1113/1153/958 1108/1145/958
f 1116/1157/1001 1117/1152/1001 1115/1158/1001
f 1113/1153/1018 1118/1159/1018 1114/1160/1018
f 1114/1161/1009 1116/1157/1009 1112/1162/1009
f 1112/1162/1019 1115/1158/1019 1111/1151/1019
f 1119/1163/998 1124/1164/998 1120/1154/998
f 1114/1160/1020 1121/1165/1020 1113/1153/1020
f 1108/1145/1021 1121/1165/1021 1119/1163/1021
f 1110/1155/1022 1122/1166/1022 1114/1167/1022
f 1125/1168/958 1127/1169/958 1123/1170/958
f 1121/1165/958 1123/1170/958 1119/1163/958
f 1122/1171/1001 1125/1168/1001 1121/1165/1001
f 1122/1166/990 1124/1164/990 1126/1172/990
f 1127/1169/995 1130/1173/995 1128/1174/995
f 1126/1175/1001 1129/1176/1001 1125/1168/1001
f 1124/1164/990 1130/1177/990 1126/1172/990
f 1128/1174/1023 1133/1178/1023 1127/1169/1023
f 1131/1179/958 1137/1180/958 1135/1181/958
f 1124/1164/990 1134/1182/990 1128/1183/990
f 1123/1170/958 1133/1178/958 1131/1179/958
f 1123/1170/1024 1132/1184/1024 1124/1164/1024
f 1135/1181/998 1138/1185/998 1136/1186/998
f 1132/1184/1025 1142/1187/1025 1136/1188/1025
f 1132/1184/990 1138/1189/990 1134/1182/990
f 1134/1190/1026 1137/1180/1026 1133/1178/1026
f 1136/1186/1027 1141/1191/1027 1135/1181/1027
f 1135/1181/1028 1139/1192/1028 1131/1179/1028
f 1132/1184/1029 1139/1192/1029 1140/1193/1029
f 1142/1194/998 1149/1195/998 1141/1191/998
f 1151/1196/994 1146/1197/994 1152/1198/994
f 1139/1192/1030 1149/1195/1030 1158/1199/1030
f 1140/1193/1001 1148/1200/1001 1150/1201/1001
f 1142/1187/1031 1150/1201/1031 1157/1202/1031
f 1147/1203/1032 1155/1204/1032 1149/1195/1032
f 1156/1205/1001 1143/1206/1001 1144/1207/1001
f 1156/1205/1033 1152/1198/1033 1160/1208/1033
f 1155/1204/958 1151/1196/958 1159/1209/958
f 1153/1210/998 1145/1211/998 1155/1204/998
f 1159/1209/1034 1143/1206/1034 1154/1212/1034
f 1158/1199/1035 1154/1212/1035 1148/1200/1035
f 1149/1195/958 1159/1209/958 1158/1199/958
f 1160/1208/990 1146/1197/990 1153/1213/990
f 1147/1214/990 1160/1208/990 1153/1213/990
f 1157/1202/1036 1156/1205/1036 1160/1208/1036
f 1150/1201/1037 1154/1212/1037 1156/1205/1037
f 1143/1206/994 1152/1198/994 1144/1207/994
f 1166/1215/995 1173/1216/995 1163/1217/995
f 1107/1147/1038 1164/1218/1038 1166/1215/1038
f 1167/1219/1039 1161/1220/1039 1107/1147/1039
f 1105/1142/1040 1178/1221/1040 1165/1222/1040
f 1182/1223/994 1174/1224/994 1169/1225/994
f 1190/1226/990 1181/1227/990 1199/1228/990
f 1185/1229/998 1177/1230/998 1182/1223/998
f 1174/1224/998 1170/1231/998 1175/1232/998
f 1175/1232/998 1171/1233/998 1172/1234/998
f 1181/1227/994 1175/1232/994 1168/1235/994
f 1164/1236/990 1172/1237/990 1171/1238/990
f 1164/1218/995 1170/1231/995 1166/1215/995
f 1163/1217/958 1174/1224/958 1167/1219/958
f 1192/1239/958 1183/1240/958 1203/1241/958
f 1178/1221/1041 1180/1242/1041 1165/1222/1041
f 1161/1220/1041 1183/1240/1041 1178/1221/1041
f 1186/1243/998 1168/1235/998 1184/1244/998
f 1176/1245/1041 1179/1246/1041 1162/1150/1041
f 1165/1222/1041 1184/1247/1041 1176/1245/1041
f 1194/1248/998 1187/1249/998 1190/1226/998
f 1191/1250/1042 1187/1249/1042 1192/1239/1042
f 1169/1225/995 1189/1251/995 1182/1223/995
f 1183/1240/1043 1193/1252/1043 1180/1242/1043
f 1182/1223/958 1189/1251/958 1204/1253/958
f 1184/1244/990 1195/1254/990 1207/1255/990
f 1181/1227/995 1188/1256/995 1169/1225/995
f 1180/1242/1043 1195/1257/1043 1184/1247/1043
f 1199/1228/994 1204/1253/994 1205/1258/994
f 1203/1241/995 1206/1259/995 1207/1255/995
f 1201/1260/1001 1196/1261/1001 1205/1258/1001
f 1202/1262/998 1198/1263/998 1197/1264/998
f 1209/1265/1044 1210/1266/1044 1208/1267/1044
f 1210/1266/1045 1213/1268/1045 1212/1269/1045
f 1213/1268/1046 1214/1270/1046 1212/1269/1046
f 1214/1270/1047 1217/1271/1047 1216/1272/1047
f 1216/1272/1048 1219/1273/1048 1218/1274/1048
f 1218/1274/1049 1221/1275/1049 1220/1276/1049
f 1221/1275/1050 1222/1277/1050 1220/1276/1050
f 1222/1277/734 1225/1278/734 1224/1279/734
f 1224/1279/1051 1227/1280/1051 1226/1281/1051
f 1227/1280/1052 1228/1282/1052 1226/1281/1052
f 1229/1283/1053 1230/1284/1053 1228/1282/1053
f 1230/1284/1054 1233/1285/1054 1232/1286/1054
f 1233/1285/1055 1234/1287/1055 1232/1286/1055
f 1235/1288/1056 1236/1289/1056 1234/1287/1056
f 1237/1290/1057 1238/1291/1057 1236/1289/1057
f 1239/1292/1058 1240/1293/1058 1238/1291/1058
f 1240/1293/1059 1243/1294/1059 1242/1295/1059
f 1243/1294/1060 1244/1296/1060 1242/1295/1060
f 1244/1296/1061 1247/1297/1061 1246/1298/1061
f 1246/1298/1062 1249/1299/1062 1248/1300/1062
f 1249/1299/1063 1250/1301/1063 1248/1300/1063
f 1250/1301/1064 1253/1302/1064 1252/1303/1064
f 1252/1303/1065 1255/1304/1065 1254/1305/1065
f 1255/1304/1066 1256/1306/1066 1254/1305/1066
f 1257/1307/1067 1258/1308/1067 1256/1306/1067
f 1258/1308/1068 1261/1309/1068 1260/1310/1068
f 1261/1309/1069 1262/1311/1069 1260/1310/1069
f 1263/1312/1070 1264/1313/1070 1262/1311/1070
f 1265/1314/1071 1266/1315/1071 1264/1313/1071
f 1267/1316/1072 1268/1317/1072 1266/1315/1072
f 1245/1318/1073 1229/1319/1073 1213/1320/1073
f 1269/1321/1074 1270/1322/1074 1268/1317/1074
f 1270/1322/1075 1209/1323/1075 1208/1324/1075
f 1222/1277/1076 1280/1325/1076 1279/1326/1076
f 1278/1327/1077 1311/1328/1077 1310/1329/1077
f 1242/1295/1078 1288/1330/1078 1240/1293/1078
f 1260/1310/1079 1297/1331/1079 1258/1308/1079
f 1214/1270/1080 1276/1332/1080 1275/1333/1080
f 1232/1286/1081 1285/1334/1081 1284/1335/1081
f 1252/1303/1082 1293/1336/1082 1250/1301/1082
f 1270/1322/1083 1302/1337/1083 1268/1317/1083
f 1224/1279/1084 1281/1338/1084 1280/1325/1084
f 1244/1296/1085 1289/1339/1085 1242/1295/1085
f 1262/1311/1086 1298/1340/1086 1260/1310/1086
f 1216/1272/1087 1277/1341/1087 1276/1332/1087
f 1234/1287/1088 1286/1342/1088 1285/1334/1088
f 1254/1305/1089 1294/1343/1089 1252/1303/1089
f 1208/1267/1090 1273/1344/1090 1272/1345/1090
f 1208/1324/1091 1303/1346/1091 1270/1322/1091
f 1226/1281/1092 1282/1347/1092 1281/1338/1092
f 1246/1298/1093 1290/1348/1093 1244/1296/1093
f 1264/1313/1094 1299/1349/1094 1262/1311/1094
f 1218/1274/1095 1278/1327/1095 1277/1341/1095
f 1236/1289/1096 1287/1350/1096 1286/1342/1096
f 1256/1306/1097 1295/1351/1097 1254/1305/1097
f 1210/1266/1098 1274/1352/1098 1273/1344/1098
f 1228/1282/1099 1283/1353/1099 1282/1347/1099
f 1248/1300/1100 1291/1354/1100 1246/1298/1100
f 1266/1315/1101 1300/1355/1101 1264/1313/1101
f 1220/1276/1102 1279/1326/1102 1278/1327/1102
f 1238/1291/1103 1288/1330/1103 1287/1350/1103
f 1258/1308/1067 1296/1356/1067 1256/1306/1067
f 1212/1269/1104 1275/1333/1104 1274/1352/1104
f 1230/1284/1105 1284/1335/1105 1283/1353/1105
f 1250/1301/1106 1292/1357/1106 1248/1300/1106
f 1268/1317/1107 1301/1358/1107 1266/1315/1107
f 1313/1359/1108 1346/1360/1108 1345/1361/1108
f 1293/1336/1109 1324/1362/1109 1292/1357/1109
f 1279/1326/1110 1312/1363/1110 1311/1328/1110
f 1294/1343/1111 1325/1364/1111 1293/1336/1111
f 1280/1325/1112 1313/1359/1112 1312/1363/1112
f 1295/1351/1113 1326/1365/1113 1294/1343/1113
f 1281/1338/1114 1314/1366/1114 1313/1359/1114
f 1296/1356/1115 1327/1367/1115 1295/1351/1115
f 1282/1347/1116 1315/1368/1116 1314/1366/1116
f 1297/1331/1117 1328/1369/1117 1296/1356/1117
f 1283/1353/1118 1316/1370/1118 1315/1368/1118
f 1298/1340/1119 1329/1371/1119 1297/1331/1119
f 1284/1335/1120 1317/1372/1120 1316/1370/1120
f 1299/1349/1121 1330/1373/1121 1298/1340/1121
f 1285/1334/1122 1318/1374/1122 1317/1372/1122
f 1272/1345/1123 1305/1375/1123 1304/1376/1123
f 1300/1355/1124 1331/1377/1124 1299/1349/1124
f 1286/1342/1125 1319/1378/1125 1318/1374/1125
f 1273/1344/1126 1306/1379/1126 1305/1375/1126
f 1301/1358/1127 1332/1380/1127 1300/1355/1127
f 1287/1350/1128 1320/1381/1128 1319/1378/1128
f 1274/1352/1129 1307/1382/1129 1306/1379/1129
f 1302/1337/1130 1333/1383/1130 1301/1358/1130
f 1289/1339/1131 1320/1381/1131 1288/1330/1131
f 1275/1333/1132 1308/1384/1132 1307/1382/1132
f 1303/1346/1133 1334/1385/1133 1302/1337/1133
f 1290/1348/1134 1321/1386/1134 1289/1339/1134
f 1276/1332/1135 1309/1387/1135 1308/1384/1135
f 1272/1388/1136 1335/1389/1136 1303/1346/1136
f 1291/1354/1137 1322/1390/1137 1290/1348/1137
f 1277/1341/1138 1310/1329/1138 1309/1387/1138
f 1292/1357/1139 1323/1391/1139 1291/1354/1139
f 1348/1392/1140 1381/1393/1140 1380/1394/1140
f 1328/1369/1141 1359/1395/1141 1327/1367/1141
f 1314/1366/1142 1347/1396/1142 1346/1360/1142
f 1329/1371/1143 1360/1397/1143 1328/1369/1143
f 1315/1368/1144 1348/1392/1144 1347/1396/1144
f 1330/1373/1145 1361/1398/1145 1329/1371/1145
f 1316/1370/1146 1349/1399/1146 1348/1392/1146
f 1331/1377/1147 1362/1400/1147 1330/1373/1147
f 1317/1372/1148 1350/1401/1148 1349/1399/1148
f 1304/1376/1149 1337/1402/1149 1336/1403/1149
f 1332/1380/1150 1363/1404/1150 1331/1377/1150
f 1318/1374/1151 1351/1405/1151 1350/1401/1151
f 1305/1375/1152 1338/1406/1152 1337/1402/1152
f 1333/1383/1153 1364/1407/1153 1332/1380/1153
f 1319/1378/1154 1352/1408/1154 1351/1405/1154
f 1306/1379/1155 1339/1409/1155 1338/1406/1155
f 1334/1385/1156 1365/1410/1156 1333/1383/1156
f 1321/1386/1157 1352/1408/1157 1320/1381/1157
f 1307/1382/1158 1340/1411/1158 1339/1409/1158
f 1335/1389/1159 1366/1412/1159 1334/1385/1159
f 1322/1390/1160 1353/1413/1160 1321/1386/1160
f 1308/1384/1161 1341/1414/1161 1340/1411/1161
f 1304/1415/1162 1367/1416/1162 1335/1389/1162
f 1323/1391/1163 1354/1417/1163 1322/1390/1163
f 1309/1387/1164 1342/1418/1164 1341/1414/1164
f 1324/1362/1165 1355/1419/1165 1323/1391/1165
f 1310/1329/1166 1343/1420/1166 1342/1418/1166
f 1325/1364/1167 1356/1421/1167 1324/1362/1167
f 1311/1328/1168 1344/1422/1168 1343/1420/1168
f 1326/1365/1169 1357/1423/1169 1325/1364/1169
f 1312/1363/1170 1345/1361/1170 1344/1422/1170
f 1327/1367/1171 1358/1424/1171 1326/1365/1171
f 1383/1425/1172 1416/1426/1172 1415/1427/1172
f 1363/1404/1173 1394/1428/1173 1362/1400/1173
f 1349/1399/1174 1382/1429/1174 1381/1393/1174
f 1336/1403/1175 1369/1430/1175 1368/1431/1175
f 1364/1407/1176 1395/1432/1176 1363/1404/1176
f 1350/1401/1177 1383/1425/1177 1382/1429/1177
f 1337/1402/1178 1370/1433/1178 1369/1430/1178
f 1365/1410/1179 1396/1434/1179 1364/1407/1179
f 1351/1405/1180 1384/1435/1180 1383/1425/1180
f 1338/1406/1181 1371/1436/1181 1370/1433/1181
f 1366/1412/1182 1397/1437/1182 1365/1410/1182
f 1353/1413/1183 1384/1435/1183 1352/1408/1183
f 1339/1409/1184 1372/1438/1184 1371/1436/1184
f 1367/1416/1185 1398/1439/1185 1366/1412/1185
f 1354/1417/1186 1385/1440/1186 1353/1413/1186
f 1340/1411/1187 1373/1441/1187 1372/1438/1187
f 1336/1442/1188 1399/1443/1188 1367/1416/1188
f 1355/1419/1189 1386/1444/1189 1354/1417/1189
f 1341/1414/1190 1374/1445/1190 1373/1441/1190
f 1356/1421/1191 1387/1446/1191 1355/1419/1191
f 1342/1418/1192 1375/1447/1192 1374/1445/1192
f 1357/1423/1193 1388/1448/1193 1356/1421/1193
f 1343/1420/1194 1376/1449/1194 1375/1447/1194
f 1358/1424/1195 1389/1450/1195 1357/1423/1195
f 1344/1422/1196 1377/1451/1196 1376/1449/1196
f 1359/1395/1197 1390/1452/1197 1358/1424/1197
f 1345/1361/1198 1378/1453/1198 1377/1451/1198
f 1360/1397/1199 1391/1454/1199 1359/1395/1199
f 1346/1360/1200 1379/1455/1200 1378/1453/1200
f 1361/1398/1201 1392/1456/1201 1360/1397/1201
f 1347/1396/1202 1380/1394/1202 1379/1455/1202
f 1362/1400/1203 1393/1457/1203 1361/1398/1203
f 1418/1458/19 1451/1459/19 1450/1460/19
f 1370/1433/1204 1403/1461/1204 1402/1462/1204
f 1398/1439/1205 1429/1463/1205 1397/1437/1205
f 1385/1440/1206 1416/1426/1206 1384/1435/1206
f 1371/1436/1207 1404/1464/1207 1403/1461/1207
f 1399/1443/1208 1430/1465/1208 1398/1439/1208
f 1386/1444/1209 1417/1466/1209 1385/1440/1209
f 1372/1438/1210 1405/1467/1210 1404/1464/1210
f 1368/1468/1211 1431/1469/1211 1399/1443/1211
f 1387/1446/1212 1418/1458/1212 1386/1444/1212
f 1373/1441/1213 1406/1470/1213 1405/1467/1213
f 1388/1448/1214 1419/1471/1214 1387/1446/1214
f 1374/1445/1215 1407/1472/1215 1406/1470/1215
f 1389/1450/1216 1420/1473/1216 1388/1448/1216
f 1375/1447/1217 1408/1474/1217 1407/1472/1217
f 1390/1452/1218 1421/1475/1218 1389/1450/1218
f 1376/1449/1219 1409/1476/1219 1408/1474/1219
f 1391/1454/1220 1422/1477/1220 1390/1452/1220
f 1377/1451/1221 1410/1478/1221 1409/1476/1221
f 1392/1456/1222 1423/1479/1222 1391/1454/1222
f 1378/1453/1223 1411/1480/1223 1410/1478/1223
f 1393/1457/1224 1424/1481/1224 1392/1456/1224
f 1379/1455/1225 1412/1482/1225 1411/1480/1225
f 1394/1428/1226 1425/1483/1226 1393/1457/1226
f 1380/1394/1227 1413/1484/1227 1412/1482/1227
f 1395/1432/1228 1426/1485/1228 1394/1428/1228
f 1381/1393/1229 1414/1486/1229 1413/1484/1229
f 1368/1431/1230 1401/1487/1230 1400/1488/1230
f 1396/1434/1231 1427/1489/1231 1395/1432/1231
f 1382/1429/1232 1415/1427/1232 1414/1486/1232
f 1369/1430/1233 1402/1462/1233 1401/1487/1233
f 1397/1437/1234 1428/1490/1234 1396/1434/1234
f 1453/1491/1235 1486/1492/1235 1485/1493/1235
f 1406/1470/6 1437/1494/6 1405/1467/6
f 1420/1473/20 1451/1459/20 1419/1471/20
f 1406/1470/7 1439/1495/7 1438/1496/7
f 1420/1473/21 1453/1491/21 1452/1497/21
f 1407/1472/8 1440/1498/8 1439/1495/8
f 1422/1477/22 1453/1491/22 1421/1475/22
f 1409/1476/9 1440/1498/9 1408/1474/9
f 1423/1479/23 1454/1499/23 1422/1477/23
f 1410/1478/10 1441/1500/10 1409/1476/10
f 1424/1481/24 1455/1501/24 1423/1479/24
f 1410/1478/11 1443/1502/11 1442/1503/11
f 1425/1483/25 1456/1504/25 1424/1481/25
f 1412/1482/12 1443/1502/12 1411/1480/12
f 1426/1485/26 1457/1505/26 1425/1483/26
f 1413/1484/13 1444/1506/13 1412/1482/13
f 1427/1489/27 1458/1507/27 1426/1485/27
f 1414/1486/14 1445/1508/14 1413/1484/14
f 1401/1487/1 1432/1509/1 1400/1488/1
f 1428/1490/28 1459/1510/28 1427/1489/28
f 1415/1427/15 1446/1511/15 1414/1486/15
f 1402/1462/2 1433/1512/2 1401/1487/2
f 1429/1463/29 1460/1513/29 1428/1490/29
f 1415/1427/16 1448/1514/16 1447/1515/16
f 1403/1461/3 1434/1516/3 1402/1462/3
f 1429/1463/30 1462/1517/30 1461/1518/30
f 1417/1466/17 1448/1514/17 1416/1426/17
f 1404/1464/4 1435/1519/4 1403/1461/4
f 1431/1469/32 1462/1517/32 1430/1465/32
f 1418/1458/18 1449/1520/18 1417/1466/18
f 1405/1467/5 1436/1521/5 1404/1464/5
f 1431/1469/33 1432/1522/33 1463/1523/33
f 1489/1524/1236 1520/1525/1236 1488/1526/1236
f 1440/1498/1237 1473/1527/1237 1472/1528/1237
f 1454/1499/1238 1487/1529/1238 1486/1492/1238
f 1441/1500/1239 1474/1530/1239 1473/1527/1239
f 1455/1501/1240 1488/1526/1240 1487/1529/1240
f 1442/1503/1241 1475/1531/1241 1474/1530/1241
f 1457/1505/1242 1488/1526/1242 1456/1504/1242
f 1443/1502/1243 1476/1532/1243 1475/1531/1243
f 1458/1507/1244 1489/1524/1244 1457/1505/1244
f 1444/1506/1245 1477/1533/1245 1476/1532/1245
f 1459/1510/1246 1490/1534/1246 1458/1507/1246
f 1445/1508/1247 1478/1535/1247 1477/1533/1247
f 1433/1512/1 1464/1536/1 1432/1509/1
f 1460/1513/1248 1491/1537/1248 1459/1510/1248
f 1446/1511/1249 1479/1538/1249 1478/1535/1249
f 1434/1516/1250 1465/1539/1250 1433/1512/1250
f 1461/1518/1251 1492/1540/1251 1460/1513/1251
f 1447/1515/1252 1480/1541/1252 1479/1538/1252
f 1435/1519/1253 1466/1542/1253 1434/1516/1253
f 1462/1517/1254 1493/1543/1254 1461/1518/1254
f 1448/1514/1255 1481/1544/1255 1480/1541/1255
f 1436/1521/1256 1467/1545/1256 1435/1519/1256
f 1463/1523/1257 1494/1546/1257 1462/1517/1257
f 1449/1520/1258 1482/1547/1258 1481/1544/1258
f 1437/1494/1259 1468/1548/1259 1436/1521/1259
f 1432/1522/1260 1495/1549/1260 1463/1523/1260
f 1450/1460/1261 1483/1550/1261 1482/1547/1261
f 1438/1496/1262 1469/1551/1262 1437/1494/1262
f 1451/1459/1263 1484/1552/1263 1483/1550/1263
f 1439/1495/1264 1470/1553/1264 1438/1496/1264
f 1452/1497/1265 1485/1493/1265 1484/1552/1265
f 1440/1498/1266 1471/1554/1266 1439/1495/1266
f 1497/1555/1267 1528/1556/1267 1496/1557/1267
f 1475/1531/1268 1508/1558/1268 1507/1559/1268
f 1490/1534/1269 1521/1560/1269 1489/1524/1269
f 1476/1532/1270 1509/1561/1270 1508/1558/1270
f 1491/1537/1271 1522/1562/1271 1490/1534/1271
f 1477/1533/1272 1510/1563/1272 1509/1561/1272
f 1465/1539/1273 1496/1557/1273 1464/1536/1273
f 1492/1540/1274 1523/1564/1274 1491/1537/1274
f 1478/1535/1275 1511/1565/1275 1510/1563/1275
f 1466/1542/1276 1497/1555/1276 1465/1539/1276
f 1493/1543/1277 1524/1566/1277 1492/1540/1277
f 1479/1538/1278 1512/1567/1278 1511/1565/1278
f 1467/1545/1279 1498/1568/1279 1466/1542/1279
f 1494/1546/1280 1525/1569/1280 1493/1543/1280
f 1480/1541/1281 1513/1570/1281 1512/1567/1281
f 1468/1548/1282 1499/1571/1282 1467/1545/1282
f 1495/1549/1283 1526/1572/1283 1494/1546/1283
f 1481/1544/1284 1514/1573/1284 1513/1570/1284
f 1469/1551/1285 1500/1574/1285 1468/1548/1285
f 1464/1575/1286 1527/1576/1286 1495/1549/1286
f 1482/1547/1287 1515/1577/1287 1514/1573/1287
f 1470/1553/1288 1501/1578/1288 1469/1551/1288
f 1483/1550/1289 1516/1579/1289 1515/1577/1289
f 1471/1554/1290 1502/1580/1290 1470/1553/1290
f 1484/1552/1291 1517/1581/1291 1516/1579/1291
f 1472/1528/1292 1503/1582/1292 1471/1554/1292
f 1485/1493/1293 1518/1583/1293 1517/1581/1293
f 1472/1528/1294 1505/1584/1294 1504/1585/1294
f 1486/1492/1295 1519/1586/1295 1518/1583/1295
f 1473/1527/1296 1506/1587/1296 1505/1584/1296
f 1487/1529/1297 1520/1525/1297 1519/1586/1297
f 1474/1530/1298 1507/1559/1298 1506/1587/1298
f 1532/1588/1299 1563/1589/1299 1531/1590/1299
f 1524/1566/1300 1555/1591/1300 1523/1564/1300
f 1510/1563/1301 1543/1592/1301 1542/1593/1301
f 1498/1568/1302 1529/1594/1302 1497/1555/1302
f 1525/1569/1303 1556/1595/1303 1524/1566/1303
f 1511/1565/1304 1544/1596/1304 1543/1592/1304
f 1499/1571/1305 1530/1597/1305 1498/1568/1305
f 1526/1572/1306 1557/1598/1306 1525/1569/1306
f 1512/1567/1307 1545/1599/1307 1544/1596/1307
f 1500/1574/1308 1531/1590/1308 1499/1571/1308
f 1527/1576/1309 1558/1600/1309 1526/1572/1309
f 1513/1570/1310 1546/1601/1310 1545/1599/1310
f 1501/1578/1311 1532/1588/1311 1500/1574/1311
f 1496/1602/1312 1559/1603/1312 1527/1576/1312
f 1514/1573/1313 1547/1604/1313 1546/1601/1313
f 1502/1580/1314 1533/1605/1314 1501/1578/1314
f 1515/1577/1315 1548/1606/1315 1547/1604/1315
f 1503/1582/1316 1534/1607/1316 1502/1580/1316
f 1516/1579/1317 1549/1608/1317 1548/1606/1317
f 1504/1585/1318 1535/1609/1318 1503/1582/1318
f 1517/1581/1319 1550/1610/1319 1549/1608/1319
f 1504/1585/1320 1537/1611/1320 1536/1612/1320
f 1518/1583/1321 1551/1613/1321 1550/1610/1321
f 1505/1584/1322 1538/1614/1322 1537/1611/1322
f 1519/1586/1323 1552/1615/1323 1551/1613/1323
f 1506/1587/1324 1539/1616/1324 1538/1614/1324
f 1521/1560/1325 1552/1615/1325 1520/1525/1325
f 1507/1559/1326 1540/1617/1326 1539/1616/1326
f 1522/1562/1327 1553/1618/1327 1521/1560/1327
f 1508/1558/1328 1541/1619/1328 1540/1617/1328
f 1523/1564/1329 1554/1620/1329 1522/1562/1329
f 1509/1561/1330 1542/1593/1330 1541/1619/1330
f 1567/1621/1331 1598/1622/1331 1566/1623/1331
f 1559/1603/1332 1590/1624/1332 1558/1600/1332
f 1545/1599/1333 1578/1625/1333 1577/1626/1333
f 1533/1605/1334 1564/1627/1334 1532/1588/1334
f 1528/1628/1335 1591/1629/1335 1559/1603/1335
f 1546/1601/1336 1579/1630/1336 1578/1625/1336
f 1534/1607/1337 1565/1631/1337 1533/1605/1337
f 1547/1604/1338 1580/1632/1338 1579/1630/1338
f 1535/1609/1339 1566/1623/1339 1534/1607/1339
f 1548/1606/1340 1581/1633/1340 1580/1632/1340
f 1536/1612/1341 1567/1621/1341 1535/1609/1341
f 1549/1608/1342 1582/1634/1342 1581/1633/1342
f 1536/1612/1343 1569/1635/1343 1568/1636/1343
f 1550/1610/1344 1583/1637/1344 1582/1634/1344
f 1537/1611/1345 1570/1638/1345 1569/1635/1345
f 1551/1613/1346 1584/1639/1346 1583/1637/1346
f 1538/1614/1347 1571/1640/1347 1570/1638/1347
f 1553/1618/1348 1584/1639/1348 1552/1615/1348
f 1539/1616/1349 1572/1641/1349 1571/1640/1349
f 1554/1620/1350 1585/1642/1350 1553/1618/1350
f 1540/1617/1351 1573/1643/1351 1572/1641/1351
f 1555/1591/1352 1586/1644/1352 1554/1620/1352
f 1541/1619/1353 1574/1645/1353 1573/1643/1353
f 1529/1594/1354 1560/1646/1354 1528/1556/1354
f 1556/1595/1355 1587/1647/1355 1555/1591/1355
f 1542/1593/1356 1575/1648/1356 1574/1645/1356
f 1530/1597/1357 1561/1649/1357 1529/1594/1357
f 1557/1598/1358 1588/1650/1358 1556/1595/1358
f 1543/1592/1359 1576/1651/1359 1575/1648/1359
f 1531/1590/1360 1562/1652/1360 1530/1597/1360
f 1558/1600/1361 1589/1653/1361 1557/1598/1361
f 1544/1596/1362 1577/1626/1362 1576/1651/1362
f 1601/1654/1363 1634/1655/1363 1633/1656/1363
f 1580/1632/1364 1613/1657/1364 1612/1658/1364
f 1568/1636/1365 1599/1659/1365 1567/1621/1365
f 1581/1633/1366 1614/1660/1366 1613/1657/1366
f 1568/1636/1367 1601/1654/1367 1600/1661/1367
f 1582/1634/1368 1615/1662/1368 1614/1660/1368
f 1569/1635/1369 1602/1663/1369 1601/1654/1369
f 1583/1637/1370 1616/1664/1370 1615/1662/1370
f 1570/1638/1371 1603/1665/1371 1602/1663/1371
f 1585/1642/1372 1616/1664/1372 1584/1639/1372
f 1571/1640/1373 1604/1666/1373 1603/1665/1373
f 1586/1644/1374 1617/1667/1374 1585/1642/1374
f 1572/1641/1375 1605/1668/1375 1604/1666/1375
f 1587/1647/1376 1618/1669/1376 1586/1644/1376
f 1573/1643/1377 1606/1670/1377 1605/1668/1377
f 1561/1649/1378 1592/1671/1378 1560/1646/1378
f 1588/1650/1379 1619/1672/1379 1587/1647/1379
f 1574/1645/1380 1607/1673/1380 1606/1670/1380
f 1562/1652/1381 1593/1674/1381 1561/1649/1381
f 1589/1653/1382 1620/1675/1382 1588/1650/1382
f 1575/1648/1383 1608/1676/1383 1607/1673/1383
f 1563/1589/1384 1594/1677/1384 1562/1652/1384
f 1590/1624/1385 1621/1678/1385 1589/1653/1385
f 1576/1651/1386 1609/1679/1386 1608/1676/1386
f 1564/1627/1387 1595/1680/1387 1563/1589/1387
f 1591/1629/1388 1622/1681/1388 1590/1624/1388
f 1577/1626/1389 1610/1682/1389 1609/1679/1389
f 1565/1631/1390 1596/1683/1390 1564/1627/1390
f 1560/1684/1391 1623/1685/1391 1591/1629/1391
f 1578/1625/1392 1611/1686/1392 1610/1682/1392
f 1566/1623/1393 1597/1687/1393 1565/1631/1393
f 1579/1630/1394 1612/1658/1394 1611/1686/1394
f 1637/1688/976 1668/1689/976 1636/1690/976
f 1615/1662/1395 1648/1691/1395 1647/1692/1395
f 1602/1663/1396 1635/1693/1396 1634/1655/1396
f 1617/1667/1397 1648/1691/1397 1616/1664/1397
f 1603/1665/1398 1636/1690/1398 1635/1693/1398
f 1618/1669/1399 1649/1694/1399 1617/1667/1399
f 1604/1666/1400 1637/1688/1400 1636/1690/1400
f 1619/1672/1401 1650/1695/1401 1618/1669/1401
f 1605/1668/1402 1638/1696/1402 1637/1688/1402
f 1593/1674/1403 1624/1697/1403 1592/1671/1403
f 1620/1675/1404 1651/1698/1404 1619/1672/1404
f 1606/1670/1405 1639/1699/1405 1638/1696/1405
f 1594/1677/1406 1625/1700/1406 1593/1674/1406
f 1621/1678/1407 1652/1701/1407 1620/1675/1407
f 1607/1673/1408 1640/1702/1408 1639/1699/1408
f 1595/1680/1409 1626/1703/1409 1594/1677/1409
f 1622/1681/1410 1653/1704/1410 1621/1678/1410
f 1608/1676/1411 1641/1705/1411 1640/1702/1411
f 1596/1683/1412 1627/1706/1412 1595/1680/1412
f 1623/1685/1413 1654/1707/1413 1622/1681/1413
f 1609/1679/1414 1642/1708/1414 1641/1705/1414
f 1597/1687/1415 1628/1709/1415 1596/1683/1415
f 1592/1710/1416 1655/1711/1416 1623/1685/1416
f 1610/1682/1417 1643/1712/1417 1642/1708/1417
f 1598/1622/1418 1629/1713/1418 1597/1687/1418
f 1611/1686/1419 1644/1714/1419 1643/1712/1419
f 1599/1659/1420 1630/1715/1420 1598/1622/1420
f 1612/1658/1421 1645/1716/1421 1644/1714/1421
f 1600/1661/1422 1631/1717/1422 1599/1659/1422
f 1613/1657/1423 1646/1718/1423 1645/1716/1423
f 1600/1661/1424 1633/1656/1424 1632/1719/1424
f 1614/1660/1425 1647/1692/1425 1646/1718/1425
f 1671/1720/982 1704/1721/982 1703/1722/982
f 1651/1698/964 1682/1723/964 1650/1695/964
f 1637/1688/978 1670/1724/978 1669/1725/978
f 1625/1700/979 1656/1726/979 1624/1697/979
f 1651/1698/967 1684/1727/967 1683/1728/967
f 1638/1696/980 1671/1720/980 1670/1724/980
f 1626/1703/981 1657/1729/981 1625/1700/981
f 1653/1704/970 1684/1727/970 1652/1701/970
f 1639/1699/982 1672/1730/982 1671/1720/982
f 1627/1706/983 1658/1731/983 1626/1703/983
f 1653/1704/973 1686/1732/973 1685/1733/973
f 1640/1702/984 1673/1734/984 1672/1730/984
f 1627/1706/985 1660/1735/985 1659/1736/985
f 1654/1707/975 1687/1737/975 1686/1732/975
f 1642/1708/986 1673/1734/986 1641/1705/986
f 1628/1709/987 1661/1738/987 1660/1735/987
f 1624/1739/977 1687/1737/977 1655/1711/977
f 1643/1712/988 1674/1740/988 1642/1708/988
f 1630/1715/989 1661/1738/989 1629/1713/989
f 1644/1714/959 1675/1741/959 1643/1712/959
f 1631/1717/960 1662/1742/960 1630/1715/960
f 1645/1716/962 1676/1743/962 1644/1714/962
f 1632/1719/963 1663/1744/963 1631/1717/963
f 1645/1716/965 1678/1745/965 1677/1746/965
f 1633/1656/966 1664/1747/966 1632/1719/966
f 1647/1692/968 1678/1745/968 1646/1718/968
f 1633/1656/969 1666/1748/969 1665/1749/969
f 1647/1692/971 1680/1750/971 1679/1751/971
f 1635/1693/972 1666/1748/972 1634/1655/972
f 1648/1691/926 1681/1752/926 1680/1750/926
f 1636/1690/974 1667/1753/974 1635/1693/974
f 1650/1695/961 1681/1752/961 1649/1694/961
f 1707/1754/1426 1738/1755/1426 1706/1756/1426
f 1659/1736/983 1690/1757/983 1658/1731/983
f 1685/1733/973 1718/1758/973 1717/1759/973
f 1672/1730/984 1705/1760/984 1704/1721/984
f 1659/1736/985 1692/1761/985 1691/1762/985
f 1687/1737/975 1718/1758/975 1686/1732/975
f 1674/1740/986 1705/1760/986 1673/1734/986
f 1660/1735/987 1693/1763/987 1692/1761/987
f 1656/1764/977 1719/1765/977 1687/1737/977
f 1675/1741/988 1706/1756/988 1674/1740/988
f 1662/1742/989 1693/1763/989 1661/1738/989
f 1676/1743/959 1707/1754/959 1675/1741/959
f 1663/1744/960 1694/1766/960 1662/1742/960
f 1677/1746/962 1708/1767/962 1676/1743/962
f 1664/1747/963 1695/1768/963 1663/1744/963
f 1677/1746/965 1710/1769/965 1709/1770/965
f 1664/1747/966 1697/1771/966 1696/1772/966
f 1679/1751/968 1710/1769/968 1678/1745/968
f 1665/1749/969 1698/1773/969 1697/1771/969
f 1679/1751/971 1712/1774/971 1711/1775/971
f 1667/1753/972 1698/1773/972 1666/1748/972
f 1680/1750/926 1713/1776/926 1712/1774/926
f 1668/1689/974 1699/1777/974 1667/1753/974
f 1682/1723/961 1713/1776/961 1681/1752/961
f 1669/1725/976 1700/1778/976 1668/1689/976
f 1683/1728/964 1714/1779/964 1682/1723/964
f 1669/1725/978 1702/1780/978 1701/1781/978
f 1657/1729/979 1688/1782/979 1656/1726/979
f 1683/1728/967 1716/1783/967 1715/1784/967
f 1671/1720/980 1702/1780/980 1670/1724/980
f 1658/1731/981 1689/1785/981 1657/1729/981
f 1685/1733/970 1716/1783/970 1684/1727/970
f 1742/1786/1427 1773/1787/1427 1741/1788/1427
f 1693/1763/1428 1726/1789/1428 1725/1790/1428
f 1708/1767/1429 1739/1791/1429 1707/1754/1429
f 1694/1766/1430 1727/1792/1430 1726/1789/1430
f 1709/1770/1431 1740/1793/1431 1708/1767/1431
f 1695/1768/1432 1728/1794/1432 1727/1792/1432
f 1710/1769/1433 1741/1788/1433 1709/1770/1433
f 1696/1772/1434 1729/1795/1434 1728/1794/1434
f 1711/1775/1435 1742/1786/1435 1710/1769/1435
f 1697/1771/1436 1730/1796/1436 1729/1795/1436
f 1712/1774/1437 1743/1797/1437 1711/1775/1437
f 1698/1773/1438 1731/1798/1438 1730/1796/1438
f 1713/1776/926 1744/1799/926 1712/1774/926
f 1699/1777/1439 1732/1800/1439 1731/1798/1439
f 1714/1779/1440 1745/1801/1440 1713/1776/1440
f 1700/1778/1441 1733/1802/1441 1732/1800/1441
f 1715/1784/1442 1746/1803/1442 1714/1779/1442
f 1701/1781/1443 1734/1804/1443 1733/1802/1443
f 1688/1782/1444 1721/1805/1444 1720/1806/1444
f 1716/1783/1445 1747/1807/1445 1715/1784/1445
f 1702/1780/1446 1735/1808/1446 1734/1804/1446
f 1689/1785/1447 1722/1809/1447 1721/1805/1447
f 1717/1759/1448 1748/1810/1448 1716/1783/1448
f 1703/1722/1449 1736/1811/1449 1735/1808/1449
f 1690/1757/1450 1723/1812/1450 1722/1809/1450
f 1718/1758/1451 1749/1813/1451 1717/1759/1451
f 1705/1760/1452 1736/1811/1452 1704/1721/1452
f 1691/1762/1453 1724/1814/1453 1723/1812/1453
f 1719/1765/1454 1750/1815/1454 1718/1758/1454
f 1706/1756/1455 1737/1816/1455 1705/1760/1455
f 1692/1761/1456 1725/1790/1456 1724/1814/1456
f 1688/1817/1457 1751/1818/1457 1719/1765/1457
f 1777/1819/1458 1808/1820/1458 1776/1821/1458
f 1728/1794/1459 1761/1822/1459 1760/1823/1459
f 1743/1797/1460 1774/1824/1460 1742/1786/1460
f 1729/1795/1461 1762/1825/1461 1761/1822/1461
f 1744/1799/1462 1775/1826/1462 1743/1797/1462
f 1730/1796/1463 1763/1827/1463 1762/1825/1463
f 1745/1801/1464 1776/1821/1464 1744/1799/1464
f 1731/1798/1465 1764/1828/1465 1763/1827/1465
f 1746/1803/1466 1777/1819/1466 1745/1801/1466
f 1732/1800/1467 1765/1829/1467 1764/1828/1467
f 1747/1807/1468 1778/1830/1468 1746/1803/1468
f 1733/1802/1469 1766/1831/1469 1765/1829/1469
f 1720/1806/1470 1753/1832/1470 1752/1833/1470
f 1748/1810/1471 1779/1834/1471 1747/1807/1471
f 1734/1804/1472 1767/1835/1472 1766/1831/1472
f 1721/1805/1473 1754/1836/1473 1753/1832/1473
f 1749/1813/1474 1780/1837/1474 1748/1810/1474
f 1735/1808/1475 1768/1838/1475 1767/1835/1475
f 1722/1809/1476 1755/1839/1476 1754/1836/1476
f 1750/1815/1477 1781/1840/1477 1749/1813/1477
f 1737/1816/1478 1768/1838/1478 1736/1811/1478
f 1723/1812/1479 1756/1841/1479 1755/1839/1479
f 1751/1818/1480 1782/1842/1480 1750/1815/1480
f 1738/1755/1481 1769/1843/1481 1737/1816/1481
f 1724/1814/1482 1757/1844/1482 1756/1841/1482
f 1720/1845/1483 1783/1846/1483 1751/1818/1483
f 1739/1791/1484 1770/1847/1484 1738/1755/1484
f 1725/1790/1485 1758/1848/1485 1757/1844/1485
f 1740/1793/1486 1771/1849/1486 1739/1791/1486
f 1726/1789/1487 1759/1850/1487 1758/1848/1487
f 1741/1788/1488 1772/1851/1488 1740/1793/1488
f 1727/1792/1489 1760/1823/1489 1759/1850/1489
f 1812/1852/1490 1843/1853/1490 1811/1854/1490
f 1763/1827/1491 1796/1855/1491 1795/1856/1491
f 1778/1830/1492 1809/1857/1492 1777/1819/1492
f 1764/1828/1493 1797/1858/1493 1796/1855/1493
f 1779/1834/1494 1810/1859/1494 1778/1830/1494
f 1765/1829/1495 1798/1860/1495 1797/1858/1495
f 1752/1833/1496 1785/1861/1496 1784/1862/1496
f 1780/1837/1497 1811/1854/1497 1779/1834/1497
f 1766/1831/1498 1799/1863/1498 1798/1860/1498
f 1753/1832/1499 1786/1864/1499 1785/1861/1499
f 1781/1840/1500 1812/1852/1500 1780/1837/1500
f 1767/1835/1501 1800/1865/1501 1799/1863/1501
f 1754/1836/1502 1787/1866/1502 1786/1864/1502
f 1782/1842/1503 1813/1867/1503 1781/1840/1503
f 1769/1843/1504 1800/1865/1504 1768/1838/1504
f 1755/1839/1505 1788/1868/1505 1787/1866/1505
f 1783/1846/1506 1814/1869/1506 1782/1842/1506
f 1770/1847/1507 1801/1870/1507 1769/1843/1507
f 1756/1841/1508 1789/1871/1508 1788/1868/1508
f 1752/1872/1509 1815/1873/1509 1783/1846/1509
f 1771/1849/1510 1802/1874/1510 1770/1847/1510
f 1757/1844/1511 1790/1875/1511 1789/1871/1511
f 1772/1851/1512 1803/1876/1512 1771/1849/1512
f 1758/1848/1513 1791/1877/1513 1790/1875/1513
f 1773/1787/1514 1804/1878/1514 1772/1851/1514
f 1759/1850/1515 1792/1879/1515 1791/1877/1515
f 1774/1824/1516 1805/1880/1516 1773/1787/1516
f 1760/1823/1517 1793/1881/1517 1792/1879/1517
f 1775/1826/1518 1806/1882/1518 1774/1824/1518
f 1761/1822/1519 1794/1883/1519 1793/1881/1519
f 1776/1821/1520 1807/1884/1520 1775/1826/1520
f 1762/1825/1521 1795/1856/1521 1794/1883/1521
f 1847/1885/1522 1878/1886/1522 1846/1887/1522
f 1798/1860/1523 1831/1888/1523 1830/1889/1523
f 1785/1861/1524 1818/1890/1524 1817/1891/1524
f 1813/1867/1525 1844/1892/1525 1812/1852/1525
f 1799/1863/1526 1832/1893/1526 1831/1888/1526
f 1786/1864/1527 1819/1894/1527 1818/1890/1527
f 1814/1869/1528 1845/1895/1528 1813/1867/1528
f 1801/1870/1529 1832/1893/1529 1800/1865/1529
f 1787/1866/1530 1820/1896/1530 1819/1894/1530
f 1815/1873/1531 1846/1887/1531 1814/1869/1531
f 1802/1874/1532 1833/1897/1532 1801/1870/1532
f 1788/1868/1533 1821/1898/1533 1820/1896/1533
f 1784/1899/1534 1847/1885/1534 1815/1873/1534
f 1803/1876/1535 1834/1900/1535 1802/1874/1535
f 1789/1871/1536 1822/1901/1536 1821/1898/1536
f 1804/1878/1537 1835/1902/1537 1803/1876/1537
f 1790/1875/1538 1823/1903/1538 1822/1901/1538
f 1805/1880/1539 1836/1904/1539 1804/1878/1539
f 1791/1877/1540 1824/1905/1540 1823/1903/1540
f 1806/1882/1541 1837/1906/1541 1805/1880/1541
f 1792/1879/1542 1825/1907/1542 1824/1905/1542
f 1807/1884/1543 1838/1908/1543 1806/1882/1543
f 1793/1881/1544 1826/1909/1544 1825/1907/1544
f 1808/1820/1545 1839/1910/1545 1807/1884/1545
f 1794/1883/1546 1827/1911/1546 1826/1909/1546
f 1809/1857/1547 1840/1912/1547 1808/1820/1547
f 1795/1856/1548 1828/1913/1548 1827/1911/1548
f 1810/1859/1549 1841/1914/1549 1809/1857/1549
f 1796/1855/1550 1829/1915/1550 1828/1913/1550
f 1811/1854/1551 1842/1916/1551 1810/1859/1551
f 1797/1858/1552 1830/1889/1552 1829/1915/1552
f 1784/1862/1553 1817/1891/1553 1816/1917/1553
f 1869/1918/1554 1900/1919/1554 1868/1920/1554
f 1834/1900/1555 1865/1921/1555 1833/1897/1555
f 1820/1896/1556 1853/1922/1556 1852/1923/1556
f 1816/1924/1557 1879/1925/1557 1847/1885/1557
f 1835/1902/1558 1866/1926/1558 1834/1900/1558
f 1821/1898/1559 1854/1927/1559 1853/1922/1559
f 1836/1904/1560 1867/1928/1560 1835/1902/1560
f 1822/1901/1561 1855/1929/1561 1854/1927/1561
f 1837/1906/1562 1868/1920/1562 1836/1904/1562
f 1823/1903/1563 1856/1930/1563 1855/1929/1563
f 1838/1908/1564 1869/1918/1564 1837/1906/1564
f 1824/1905/1565 1857/1931/1565 1856/1930/1565
f 1839/1910/1566 1870/1932/1566 1838/1908/1566
f 1825/1907/1567 1858/1933/1567 1857/1931/1567
f 1840/1912/1568 1871/1934/1568 1839/1910/1568
f 1826/1909/1569 1859/1935/1569 1858/1933/1569
f 1841/1914/1570 1872/1936/1570 1840/1912/1570
f 1827/1911/1571 1860/1937/1571 1859/1935/1571
f 1842/1916/1572 1873/1938/1572 1841/1914/1572
f 1828/1913/1573 1861/1939/1573 1860/1937/1573
f 1843/1853/1574 1874/1940/1574 1842/1916/1574
f 1829/1915/1575 1862/1941/1575 1861/1939/1575
f 1816/1917/1576 1849/1942/1576 1848/1943/1576
f 1844/1892/1577 1875/1944/1577 1843/1853/1577
f 1830/1889/1578 1863/1945/1578 1862/1941/1578
f 1817/1891/1579 1850/1946/1579 1849/1942/1579
f 1845/1895/1580 1876/1947/1580 1844/1892/1580
f 1831/1888/1581 1864/1948/1581 1863/1945/1581
f 1818/1890/1582 1851/1949/1582 1850/1946/1582
f 1846/1887/1583 1877/1950/1583 1845/1895/1583
f 1833/1897/1584 1864/1948/1584 1832/1893/1584
f 1819/1894/1585 1852/1923/1585 1851/1949/1585
f 1904/1951/1586 1935/1952/1586 1903/1953/1586
f 1855/1929/1587 1888/1954/1587 1887/1955/1587
f 1870/1932/1588 1901/1956/1588 1869/1918/1588
f 1856/1930/1589 1889/1957/1589 1888/1954/1589
f 1871/1934/1590 1902/1958/1590 1870/1932/1590
f 1857/1931/1591 1890/1959/1591 1889/1957/1591
f 1872/1936/1592 1903/1953/1592 1871/1934/1592
f 1858/1933/1593 1891/1960/1593 1890/1959/1593
f 1873/1938/1594 1904/1951/1594 1872/1936/1594
f 1859/1935/1595 1892/1961/1595 1891/1960/1595
f 1874/1940/1596 1905/1962/1596 1873/1938/1596
f 1860/1937/1597 1893/1963/1597 1892/1961/1597
f 1875/1944/1598 1906/1964/1598 1874/1940/1598
f 1861/1939/1599 1894/1965/1599 1893/1963/1599
f 1848/1943/1600 1881/1966/1600 1880/1967/1600
f 1876/1947/1601 1907/1968/1601 1875/1944/1601
f 1862/1941/1602 1895/1969/1602 1894/1965/1602
f 1849/1942/1603 1882/1970/1603 1881/1966/1603
f 1877/1950/1604 1908/1971/1604 1876/1947/1604
f 1863/1945/1605 1896/1972/1605 1895/1969/1605
f 1850/1946/1606 1883/1973/1606 1882/1970/1606
f 1878/1886/1607 1909/1974/1607 1877/1950/1607
f 1865/1921/1608 1896/1972/1608 1864/1948/1608
f 1851/1949/1609 1884/1975/1609 1883/1973/1609
f 1879/1925/1610 1910/1976/1610 1878/1886/1610
f 1866/1926/1611 1897/1977/1611 1865/1921/1611
f 1852/1923/1612 1885/1978/1612 1884/1975/1612
f 1848/1979/1613 1911/1980/1613 1879/1925/1613
f 1867/1928/1614 1898/1981/1614 1866/1926/1614
f 1853/1922/1615 1886/1982/1615 1885/1978/1615
f 1868/1920/1616 1899/1983/1616 1867/1928/1616
f 1854/1927/1617 1887/1955/1617 1886/1982/1617
f 1938/1984/295 1971/1985/295 1970/1986/295
f 1890/1959/1618 1923/1987/1618 1922/1988/1618
f 1905/1962/1619 1936/1989/1619 1904/1951/1619
f 1891/1960/1620 1924/1990/1620 1923/1987/1620
f 1906/1964/1621 1937/1991/1621 1905/1962/1621
f 1892/1961/1622 1925/1992/1622 1924/1990/1622
f 1907/1968/1623 1938/1984/1623 1906/1964/1623
f 1893/1963/1624 1926/1993/1624 1925/1992/1624
f 1880/1967/1625 1913/1994/1625 1912/1995/1625
f 1908/1971/1626 1939/1996/1626 1907/1968/1626
f 1894/1965/1627 1927/1997/1627 1926/1993/1627
f 1881/1966/1628 1914/1998/1628 1913/1994/1628
f 1909/1974/1629 1940/1999/1629 1908/1971/1629
f 1895/1969/1630 1928/2000/1630 1927/1997/1630
f 1882/1970/1631 1915/2001/1631 1914/1998/1631
f 1910/1976/1632 1941/2002/1632 1909/1974/1632
f 1897/1977/1633 1928/2000/1633 1896/1972/1633
f 1883/1973/1634 1916/2003/1634 1915/2001/1634
f 1911/1980/1635 1942/2004/1635 1910/1976/1635
f 1898/1981/1636 1929/2005/1636 1897/1977/1636
f 1884/1975/1637 1917/2006/1637 1916/2003/1637
f 1880/2007/1638 1943/2008/1638 1911/1980/1638
f 1899/1983/1639 1930/2009/1639 1898/1981/1639
f 1885/1978/1640 1918/2010/1640 1917/2006/1640
f 1900/1919/1641 1931/2011/1641 1899/1983/1641
f 1886/1982/1642 1919/2012/1642 1918/2010/1642
f 1901/1956/1643 1932/2013/1643 1900/1919/1643
f 1887/1955/1644 1920/2014/1644 1919/2012/1644
f 1902/1958/1645 1933/2015/1645 1901/1956/1645
f 1888/1954/1646 1921/2016/1646 1920/2014/1646
f 1903/1953/1647 1934/2017/1647 1902/1958/1647
f 1889/1957/1648 1922/1988/1648 1921/2016/1648
f 1946/2018/1649 1979/2019/1649 1978/2020/1649
f 1925/1992/294 1958/2021/294 1957/2022/294
f 1913/1994/315 1944/2023/315 1912/1995/315
f 1939/1996/293 1972/2024/293 1971/1985/293
f 1926/1993/292 1959/2025/292 1958/2021/292
f 1913/1994/313 1946/2018/313 1945/2026/313
f 1940/1999/291 1973/2027/291 1972/2024/291
f 1928/2000/290 1959/2025/290 1927/1997/290
f 1914/1998/311 1947/2028/311 1946/2018/311
f 1942/2004/257 1973/2027/257 1941/2002/257
f 1928/2000/320 1961/2029/320 1960/2030/320
f 1916/2003/308 1947/2028/308 1915/2001/308
f 1943/2008/319 1974/2031/319 1942/2004/319
f 1929/2005/318 1962/2032/318 1961/2029/318
f 1916/2003/305 1949/2033/305 1948/2034/305
f 1943/2008/317 1944/2035/317 1975/2036/317
f 1931/2011/316 1962/2032/316 1930/2009/316
f 1918/2010/302 1949/2033/302 1917/2006/302
f 1932/2013/314 1963/2037/314 1931/2011/314
f 1918/2010/299 1951/2038/299 1950/2039/299
f 1933/2015/312 1964/2040/312 1932/2013/312
f 1920/2014/296 1951/2038/296 1919/2012/296
f 1933/2015/310 1966/2041/310 1965/2042/310
f 1921/2016/309 1952/2043/309 1920/2014/309
f 1935/1952/307 1966/2041/307 1934/2017/307
f 1921/2016/306 1954/2044/306 1953/2045/306
f 1935/1952/304 1968/2046/304 1967/2047/304
f 1922/1988/303 1955/2048/303 1954/2044/303
f 1937/1991/301 1968/2046/301 1936/1989/301
f 1924/1990/300 1955/2048/300 1923/1987/300
f 1937/1991/298 1970/1986/298 1969/2049/298
f 1925/1992/297 1956/2050/297 1924/1990/297
f 1981/2051/1650 2014/2052/1650 2013/2053/1650
f 1974/2031/1651 2005/2054/1651 1973/2027/1651
f 1961/2029/1652 1992/2055/1652 1960/2030/1652
f 1947/2028/1653 1980/2056/1653 1979/2019/1653
f 1975/2036/1654 2006/2057/1654 1974/2031/1654
f 1962/2032/1655 1993/2058/1655 1961/2029/1655
f 1948/2034/1656 1981/2051/1656 1980/2056/1656
f 1944/2035/1657 2007/2059/1657 1975/2036/1657
f 1963/2037/1658 1994/2060/1658 1962/2032/1658
f 1949/2033/1659 1982/2061/1659 1981/2051/1659
f 1964/2040/1660 1995/2062/1660 1963/2037/1660
f 1950/2039/1661 1983/2063/1661 1982/2061/1661
f 1965/2042/1662 1996/2064/1662 1964/2040/1662
f 1951/2038/1663 1984/2065/1663 1983/2063/1663
f 1966/2041/1664 1997/2066/1664 1965/2042/1664
f 1952/2043/1665 1985/2067/1665 1984/2065/1665
f 1967/2047/1666 1998/2068/1666 1966/2041/1666
f 1953/2045/1667 1986/2069/1667 1985/2067/1667
f 1968/2046/1668 1999/2070/1668 1967/2047/1668
f 1954/2044/1669 1987/2071/1669 1986/2069/1669
f 1969/2049/301 2000/2072/301 1968/2046/301
f 1955/2048/1670 1988/2073/1670 1987/2071/1670
f 1970/1986/1671 2001/2074/1671 1969/2049/1671
f 1956/2050/1672 1989/2075/1672 1988/2073/1672
f 1971/1985/1673 2002/2076/1673 1970/1986/1673
f 1957/2022/1674 1990/2077/1674 1989/2075/1674
f 1944/2023/1675 1977/2078/1675 1976/2079/1675
f 1972/2024/1676 2003/2080/1676 1971/1985/1676
f 1958/2021/1677 1991/2081/1677 1990/2077/1677
f 1945/2026/1678 1978/2020/1678 1977/2078/1678
f 1973/2027/1679 2004/2082/1679 1972/2024/1679
f 1959/2025/1680 1992/2055/1680 1991/2081/1680
f 2016/2083/1681 2049/2084/1681 2048/2085/1681
f 1996/2064/1682 2027/2086/1682 1995/2062/1682
f 1982/2061/1683 2015/2087/1683 2014/2052/1683
f 1997/2066/1684 2028/2088/1684 1996/2064/1684
f 1983/2063/1685 2016/2083/1685 2015/2087/1685
f 1998/2068/1686 2029/2089/1686 1997/2066/1686
f 1984/2065/1687 2017/2090/1687 2016/2083/1687
f 1999/2070/1688 2030/2091/1688 1998/2068/1688
f 1985/2067/1689 2018/2092/1689 2017/2090/1689
f 2000/2072/1690 2031/2093/1690 1999/2070/1690
f 1986/2069/1691 2019/2094/1691 2018/2092/1691
f 2001/2074/1692 2032/2095/1692 2000/2072/1692
f 1987/2071/1693 2020/2096/1693 2019/2094/1693
f 2002/2076/1694 2033/2097/1694 2001/2074/1694
f 1988/2073/1695 2021/2098/1695 2020/2096/1695
f 2003/2080/1696 2034/2099/1696 2002/2076/1696
f 1989/2075/1697 2022/2100/1697 2021/2098/1697
f 1976/2079/1698 2009/2101/1698 2008/2102/1698
f 2004/2082/1699 2035/2103/1699 2003/2080/1699
f 1990/2077/1700 2023/2104/1700 2022/2100/1700
f 1977/2078/1701 2010/2105/1701 2009/2101/1701
f 2005/2054/1702 2036/2106/1702 2004/2082/1702
f 1991/2081/1703 2024/2107/1703 2023/2104/1703
f 1978/2020/1704 2011/2108/1704 2010/2105/1704
f 2006/2057/1705 2037/2109/1705 2005/2054/1705
f 1993/2058/1706 2024/2107/1706 1992/2055/1706
f 1979/2019/1707 2012/2110/1707 2011/2108/1707
f 2007/2059/1708 2038/2111/1708 2006/2057/1708
f 1994/2060/1709 2025/2112/1709 1993/2058/1709
f 1980/2056/1710 2013/2053/1710 2012/2110/1710
f 1976/2113/1711 2039/2114/1711 2007/2059/1711
f 1995/2062/1712 2026/2115/1712 1994/2060/1712
f 2050/2116/1713 2083/2117/1713 2082/2118/1713
f 2031/2093/1714 2062/2119/1714 2030/2091/1714
f 2017/2090/1715 2050/2116/1715 2049/2084/1715
f 2032/2095/1716 2063/2120/1716 2031/2093/1716
f 2018/2092/1717 2051/2121/1717 2050/2116/1717
f 2033/2097/1718 2064/2122/1718 2032/2095/1718
f 2019/2094/1719 2052/2123/1719 2051/2121/1719
f 2034/2099/1720 2065/2124/1720 2033/2097/1720
f 2020/2096/1721 2053/2125/1721 2052/2123/1721
f 2035/2103/1722 2066/2126/1722 2034/2099/1722
f 2021/2098/1723 2054/2127/1723 2053/2125/1723
f 2008/2102/1724 2041/2128/1724 2040/2129/1724
f 2036/2106/1725 2067/2130/1725 2035/2103/1725
f 2022/2100/1726 2055/2131/1726 2054/2127/1726
f 2009/2101/1727 2042/2132/1727 2041/2128/1727
f 2037/2109/1728 2068/2133/1728 2036/2106/1728
f 2023/2104/1729 2056/2134/1729 2055/2131/1729
f 2010/2105/1730 2043/2135/1730 2042/2132/1730
f 2038/2111/1731 2069/2136/1731 2037/2109/1731
f 2025/2112/1732 2056/2134/1732 2024/2107/1732
f 2011/2108/1733 2044/2137/1733 2043/2135/1733
f 2039/2114/1734 2070/2138/1734 2038/2111/1734
f 2026/2115/1735 2057/2139/1735 2025/2112/1735
f 2012/2110/1736 2045/2140/1736 2044/2137/1736
f 2008/2141/1737 2071/2142/1737 2039/2114/1737
f 2027/2086/1738 2058/2143/1738 2026/2115/1738
f 2013/2053/1739 2046/2144/1739 2045/2140/1739
f 2028/2088/1740 2059/2145/1740 2027/2086/1740
f 2014/2052/1741 2047/2146/1741 2046/2144/1741
f 2029/2089/1742 2060/2147/1742 2028/2088/1742
f 2015/2087/1743 2048/2085/1743 2047/2146/1743
f 2030/2091/1744 2061/2148/1744 2029/2089/1744
f 2085/2149/1745 2118/2150/1745 2117/2151/1745
f 2065/2124/1746 2096/2152/1746 2064/2122/1746
f 2051/2121/1747 2084/2153/1747 2083/2117/1747
f 2066/2126/1748 2097/2154/1748 2065/2124/1748
f 2052/2123/1749 2085/2149/1749 2084/2153/1749
f 2040/2129/1750 2073/2155/1750 2072/2156/1750
f 2067/2130/1751 2098/2157/1751 2066/2126/1751
f 2053/2125/1752 2086/2158/1752 2085/2149/1752
f 2041/2128/1753 2074/2159/1753 2073/2155/1753
f 2068/2133/1754 2099/2160/1754 2067/2130/1754
f 2054/2127/1755 2087/2161/1755 2086/2158/1755
f 2042/2132/1756 2075/2162/1756 2074/2159/1756
f 2069/2136/1757 2100/2163/1757 2068/2133/1757
f 2055/2131/1758 2088/2164/1758 2087/2161/1758
f 2043/2135/1759 2076/2165/1759 2075/2162/1759
f 2070/2138/1760 2101/2166/1760 2069/2136/1760
f 2057/2139/1761 2088/2164/1761 2056/2134/1761
f 2044/2137/1762 2077/2167/1762 2076/2165/1762
f 2071/2142/1763 2102/2168/1763 2070/2138/1763
f 2058/2143/1764 2089/2169/1764 2057/2139/1764
f 2045/2140/1765 2078/2170/1765 2077/2167/1765
f 2040/2171/1766 2103/2172/1766 2071/2142/1766
f 2059/2145/1767 2090/2173/1767 2058/2143/1767
f 2060/2147/1768 2091/2174/1768 2059/2145/1768
f 2046/2144/1769 2079/2175/1769 2078/2170/1769
f 2061/2148/1770 2092/2176/1770 2060/2147/1770
f 2047/2146/1771 2080/2177/1771 2079/2175/1771
f 2062/2119/1772 2093/2178/1772 2061/2148/1772
f 2048/2085/1773 2081/2179/1773 2080/2177/1773
f 2063/2120/1774 2094/2180/1774 2062/2119/1774
f 2049/2084/1775 2082/2118/1775 2081/2179/1775
f 2064/2122/1776 2095/2181/1776 2063/2120/1776
f 2120/2182/1777 2153/2183/1777 2152/2184/1777
f 2072/2156/1778 2105/2185/1778 2104/2186/1778
f 2100/2163/1779 2131/2187/1779 2099/2160/1779
f 2086/2158/1780 2119/2188/1780 2118/2150/1780
f 2073/2155/1781 2106/2189/1781 2105/2185/1781
f 2101/2166/1782 2132/2190/1782 2100/2163/1782
f 2087/2161/1783 2120/2182/1783 2119/2188/1783
f 2074/2159/1784 2107/2191/1784 2106/2189/1784
f 2102/2168/1785 2133/2192/1785 2101/2166/1785
f 2089/2169/1786 2120/2182/1786 2088/2164/1786
f 2075/2162/1787 2108/2193/1787 2107/2191/1787
f 2103/2172/1788 2134/2194/1788 2102/2168/1788
f 2090/2173/1789 2121/2195/1789 2089/2169/1789
f 2076/2165/1790 2109/2196/1790 2108/2193/1790
f 2072/2197/1791 2135/2198/1791 2103/2172/1791
f 2091/2174/1792 2122/2199/1792 2090/2173/1792
f 2077/2167/1793 2110/2200/1793 2109/2196/1793
f 2092/2176/1794 2123/2201/1794 2091/2174/1794
f 2078/2170/1795 2111/2202/1795 2110/2200/1795
f 2093/2178/1796 2124/2203/1796 2092/2176/1796
f 2079/2175/1797 2112/2204/1797 2111/2202/1797
f 2094/2180/1798 2125/2205/1798 2093/2178/1798
f 2080/2177/1799 2113/2206/1799 2112/2204/1799
f 2095/2181/1800 2126/2207/1800 2094/2180/1800
f 2081/2179/1801 2114/2208/1801 2113/2206/1801
f 2096/2152/1802 2127/2209/1802 2095/2181/1802
f 2082/2118/1803 2115/2210/1803 2114/2208/1803
f 2097/2154/1804 2128/2211/1804 2096/2152/1804
f 2083/2117/1805 2116/2212/1805 2115/2210/1805
f 2098/2157/1806 2129/2213/1806 2097/2154/1806
f 2084/2153/1807 2117/2151/1807 2116/2212/1807
f 2099/2160/1808 2130/2214/1808 2098/2157/1808
f 2151/2215/990 2159/2216/990 2167/2217/990
f 2108/2193/1809 2139/2218/1809 2107/2191/1809
f 2134/2194/1810 2167/2219/1810 2166/2220/1810
f 2121/2195/1811 2154/2221/1811 2153/2183/1811
f 2109/2196/1812 2140/2222/1812 2108/2193/1812
f 2135/2198/1813 2136/2223/1813 2167/2219/1813
f 2122/2199/1814 2155/2224/1814 2154/2221/1814
f 2110/2200/1815 2141/2225/1815 2109/2196/1815
f 2123/2201/1816 2156/2226/1816 2155/2224/1816
f 2111/2202/1817 2142/2227/1817 2110/2200/1817
f 2124/2203/1818 2157/2228/1818 2156/2226/1818
f 2112/2204/1819 2143/2229/1819 2111/2202/1819
f 2125/2205/1820 2158/2230/1820 2157/2228/1820
f 2113/2206/1821 2144/2231/1821 2112/2204/1821
f 2126/2207/1822 2159/2232/1822 2158/2230/1822
f 2114/2208/1823 2145/2233/1823 2113/2206/1823
f 2127/2209/1824 2160/2234/1824 2159/2232/1824
f 2115/2210/1825 2146/2235/1825 2114/2208/1825
f 2128/2211/1826 2161/2236/1826 2160/2234/1826
f 2116/2212/1827 2147/2237/1827 2115/2210/1827
f 2129/2213/1828 2162/2238/1828 2161/2236/1828
f 2117/2151/1829 2148/2239/1829 2116/2212/1829
f 2130/2214/1830 2163/2240/1830 2162/2238/1830
f 2118/2150/1831 2149/2241/1831 2117/2151/1831
f 2105/2185/1832 2136/2242/1832 2104/2186/1832
f 2131/2187/1833 2164/2243/1833 2163/2240/1833
f 2119/2188/1834 2150/2244/1834 2118/2150/1834
f 2106/2189/1835 2137/2245/1835 2105/2185/1835
f 2132/2190/1836 2165/2246/1836 2164/2243/1836
f 2120/2182/1837 2151/2215/1837 2119/2188/1837
f 2107/2191/1838 2138/2247/1838 2106/2189/1838
f 2133/2192/1839 2166/2220/1839 2165/2246/1839
f 2169/2248/16 2170/2249/16 2168/2250/16
f 2171/2251/15 2172/2252/15 2170/2249/15
f 2173/2253/14 2174/2254/14 2172/2252/14
f 2175/2255/13 2176/2256/13 2174/2254/13
f 2177/2257/12 2178/2258/12 2176/2256/12
f 2178/2258/11 2181/2259/11 2180/2260/11
f 2180/2260/10 2183/2261/10 2182/2262/10
f 2183/2261/9 2184/2263/9 2182/2262/9
f 2185/2264/8 2186/2265/8 2184/2263/8
f 2187/2266/7 2188/2267/7 2186/2265/7
f 2189/2268/6 2190/2269/6 2188/2267/6
f 2191/2270/5 2192/2271/5 2190/2269/5
f 2193/2272/4 2194/2273/4 2192/2271/4
f 2194/2273/3 2197/2274/3 2196/2275/3
f 2197/2274/2 2198/2276/2 2196/2275/2
f 2199/2277/1 2200/2278/1 2198/2276/1
f 2201/2279/33 2202/2280/33 2200/2278/33
f 2203/2281/32 2204/2282/32 2202/2280/32
f 2205/2283/30 2206/2284/30 2204/2282/30
f 2207/2285/29 2208/2286/29 2206/2284/29
f 2209/2287/28 2210/2288/28 2208/2286/28
f 2211/2289/27 2212/2290/27 2210/2288/27
f 2213/2291/26 2214/2292/26 2212/2290/26
f 2215/2293/25 2216/2294/25 2214/2292/25
f 2217/2295/24 2218/2296/24 2216/2294/24
f 2218/2296/23 2221/2297/23 2220/2298/23
f 2220/2298/22 2223/2299/22 2222/2300/22
f 2223/2299/21 2224/2301/21 2222/2300/21
f 2225/2302/20 2226/2303/20 2224/2301/20
f 2227/2304/19 2228/2305/19 2226/2303/19
f 2187/2266/1840 2368/2306/1840 2369/2307/1840
f 2229/2308/18 2230/2309/18 2228/2305/18
f 2231/2310/17 2168/2311/17 2230/2309/17
f 2178/2258/1841 2236/2312/1841 2176/2256/1841
f 2242/2313/1842 2275/2314/1842 2274/2315/1842
f 2194/2273/1843 2246/2316/1843 2245/2317/1843
f 2214/2292/1844 2254/2318/1844 2212/2290/1844
f 2170/2249/1845 2232/2319/1845 2168/2250/1845
f 2230/2309/1846 2232/2320/1846 2263/2321/1846
f 2186/2265/1847 2242/2313/1847 2241/2322/1847
f 2206/2284/1848 2250/2323/1848 2204/2282/1848
f 2222/2300/1849 2260/2324/1849 2259/2325/1849
f 2180/2260/1850 2237/2326/1850 2178/2258/1850
f 2196/2275/1851 2247/2327/1851 2246/2316/1851
f 2216/2294/1852 2255/2328/1852 2214/2292/1852
f 2172/2252/1853 2233/2329/1853 2170/2249/1853
f 2188/2267/1854 2243/2330/1854 2242/2313/1854
f 2208/2286/1855 2251/2331/1855 2206/2284/1855
f 2224/2301/1856 2261/2332/1856 2260/2324/1856
f 2182/2262/1857 2238/2333/1857 2180/2260/1857
f 2200/2278/1858 2247/2327/1858 2198/2276/1858
f 2216/2294/1859 2257/2334/1859 2256/2335/1859
f 2172/2252/1860 2235/2336/1860 2234/2337/1860
f 2190/2269/1861 2244/2338/1861 2243/2330/1861
f 2210/2288/1862 2252/2339/1862 2208/2286/1862
f 2228/2305/1863 2261/2332/1863 2226/2303/1863
f 2184/2263/1864 2239/2340/1864 2182/2262/1864
f 2200/2278/1865 2249/2341/1865 2248/2342/1865
f 2218/2296/1866 2258/2343/1866 2257/2334/1866
f 2176/2256/1867 2235/2336/1867 2174/2254/1867
f 2194/2273/1868 2244/2338/1868 2192/2271/1868
f 2212/2290/1869 2253/2344/1869 2210/2288/1869
f 2230/2309/1870 2262/2345/1870 2228/2305/1870
f 2184/2263/1871 2241/2322/1871 2240/2346/1871
f 2204/2282/1872 2249/2341/1872 2202/2280/1872
f 2220/2298/1873 2259/2325/1873 2258/2343/1873
f 2278/2347/1874 2309/2348/1874 2277/2349/1874
f 2257/2334/1875 2288/2350/1875 2256/2335/1875
f 2244/2338/1876 2275/2314/1876 2243/2330/1876
f 2258/2343/1877 2289/2351/1877 2257/2334/1877
f 2245/2317/1878 2276/2352/1878 2244/2338/1878
f 2258/2343/1879 2291/2353/1879 2290/2354/1879
f 2246/2316/1880 2277/2349/1880 2245/2317/1880
f 2233/2329/1881 2264/2355/1881 2232/2319/1881
f 2260/2324/1882 2291/2353/1882 2259/2325/1882
f 2246/2316/1883 2279/2356/1883 2278/2347/1883
f 2233/2329/1884 2266/2357/1884 2265/2358/1884
f 2261/2332/1885 2292/2359/1885 2260/2324/1885
f 2248/2342/1886 2279/2356/1886 2247/2327/1886
f 2235/2336/1887 2266/2357/1887 2234/2337/1887
f 2261/2332/1888 2294/2360/1888 2293/2361/1888
f 2248/2342/1889 2281/2362/1889 2280/2363/1889
f 2236/2312/1890 2267/2364/1890 2235/2336/1890
f 2263/2321/1891 2294/2360/1891 2262/2345/1891
f 2250/2323/1892 2281/2362/1892 2249/2341/1892
f 2237/2326/1893 2268/2365/1893 2236/2312/1893
f 2232/2320/1894 2295/2366/1894 2263/2321/1894
f 2251/2331/1895 2282/2367/1895 2250/2323/1895
f 2237/2326/1896 2270/2368/1896 2269/2369/1896
f 2252/2339/1897 2283/2370/1897 2251/2331/1897
f 2239/2340/1898 2270/2368/1898 2238/2333/1898
f 2252/2339/1899 2285/2371/1899 2284/2372/1899
f 2239/2340/1900 2272/2373/1900 2271/2374/1900
f 2253/2344/1901 2286/2375/1901 2285/2371/1901
f 2241/2322/1902 2272/2373/1902 2240/2346/1902
f 2254/2318/1903 2287/2376/1903 2286/2375/1903
f 2241/2322/1904 2274/2315/1904 2273/2377/1904
f 2255/2328/1905 2288/2350/1905 2287/2376/1905
f 2299/2378/1906 2332/2379/1906 2331/2380/1906
f 2264/2355/1907 2297/2381/1907 2296/2382/1907
f 2292/2359/1908 2323/2383/1908 2291/2353/1908
f 2279/2356/1909 2310/2384/1909 2278/2347/1909
f 2265/2358/1910 2298/2385/1910 2297/2381/1910
f 2292/2359/1911 2325/2386/1911 2324/2387/1911
f 2280/2363/1912 2311/2388/1912 2279/2356/1912
f 2267/2364/1913 2298/2385/1913 2266/2357/1913
f 2293/2361/1914 2326/2389/1914 2325/2386/1914
f 2280/2363/1915 2313/2390/1915 2312/2391/1915
f 2268/2365/1916 2299/2378/1916 2267/2364/1916
f 2295/2366/1917 2326/2389/1917 2294/2360/1917
f 2281/2362/1918 2314/2392/1918 2313/2390/1918
f 2269/2369/1919 2300/2393/1919 2268/2365/1919
f 2295/2366/1920 2296/2394/1920 2327/2395/1920
f 2283/2370/1921 2314/2392/1921 2282/2367/1921
f 2269/2369/1922 2302/2396/1922 2301/2397/1922
f 2283/2370/1923 2316/2398/1923 2315/2399/1923
f 2271/2374/1924 2302/2396/1924 2270/2368/1924
f 2284/2372/1925 2317/2400/1925 2316/2398/1925
f 2272/2373/1926 2303/2401/1926 2271/2374/1926
f 2286/2375/1927 2317/2400/1927 2285/2371/1927
f 2273/2377/1928 2304/2402/1928 2272/2373/1928
f 2286/2375/1929 2319/2403/1929 2318/2404/1929
f 2273/2377/1930 2306/2405/1930 2305/2406/1930
f 2288/2350/1931 2319/2403/1931 2287/2376/1931
f 2275/2314/1932 2306/2405/1932 2274/2315/1932
f 2288/2350/1933 2321/2407/1933 2320/2408/1933
f 2276/2352/1934 2307/2409/1934 2275/2314/1934
f 2289/2351/1935 2322/2410/1935 2321/2407/1935
f 2276/2352/1936 2309/2348/1936 2308/2411/1936
f 2290/2354/1937 2323/2383/1937 2322/2410/1937
f 2343/2412/994 2351/2413/994 2359/2414/994
f 2326/2389/1938 2359/2414/1938 2358/2415/1938
f 2314/2392/1939 2345/2416/1939 2313/2390/1939
f 2301/2397/1940 2332/2379/1940 2300/2393/1940
f 2296/2394/1941 2359/2414/1941 2327/2395/1941
f 2314/2392/1942 2347/2417/1942 2346/2418/1942
f 2302/2396/1943 2333/2419/1943 2301/2397/1943
f 2316/2398/1944 2347/2417/1944 2315/2399/1944
f 2303/2401/1945 2334/2420/1945 2302/2396/1945
f 2317/2400/1946 2348/2421/1946 2316/2398/1946
f 2304/2402/1947 2335/2422/1947 2303/2401/1947
f 2317/2400/1948 2350/2423/1948 2349/2424/1948
f 2305/2406/1949 2336/2425/1949 2304/2402/1949
f 2318/2404/1950 2351/2413/1950 2350/2423/1950
f 2305/2406/1951 2338/2426/1951 2337/2427/1951
f 2320/2408/1952 2351/2413/1952 2319/2403/1952
f 2307/2409/1953 2338/2426/1953 2306/2405/1953
f 2321/2407/1954 2352/2428/1954 2320/2408/1954
f 2307/2409/1955 2340/2429/1955 2339/2430/1955
f 2321/2407/1956 2354/2431/1956 2353/2432/1956
f 2309/2348/1957 2340/2429/1957 2308/2411/1957
f 2322/2410/1958 2355/2433/1958 2354/2431/1958
f 2310/2384/1959 2341/2434/1959 2309/2348/1959
f 2296/2382/1960 2329/2435/1960 2328/2436/1960
f 2324/2387/1961 2355/2433/1961 2323/2383/1961
f 2310/2384/1962 2343/2412/1962 2342/2437/1962
f 2298/2385/1963 2329/2435/1963 2297/2381/1963
f 2325/2386/1964 2356/2438/1964 2324/2387/1964
f 2312/2391/1965 2343/2412/1965 2311/2388/1965
f 2299/2378/1966 2330/2439/1966 2298/2385/1966
f 2325/2386/1967 2358/2415/1967 2357/2440/1967
f 2312/2391/1968 2345/2416/1968 2344/2441/1968
f 2369/2307/1969 2402/2442/1969 2370/2443/1969
f 2203/2281/1970 2378/2444/1970 2205/2283/1970
f 2223/2299/1971 2386/2445/1971 2387/2446/1971
f 2179/2447/1972 2364/2448/1972 2365/2449/1972
f 2197/2274/1973 2373/2450/1973 2374/2451/1973
f 2169/2248/1974 2360/2452/1974 2171/2251/1974
f 2215/2293/1975 2382/2453/1975 2383/2454/1975
f 2169/2455/1976 2391/2456/1976 2361/2457/1976
f 2189/2268/1977 2369/2307/1977 2370/2443/1977
f 2205/2283/1978 2379/2458/1978 2207/2285/1978
f 2223/2299/1979 2388/2459/1979 2225/2302/1979
f 2179/2447/1980 2366/2460/1980 2181/2259/1980
f 2197/2274/1981 2375/2461/1981 2199/2277/1981
f 2215/2293/1982 2384/2462/1982 2217/2295/1982
f 2171/2251/1983 2362/2463/1983 2173/2253/1983
f 2189/2268/1984 2371/2464/1984 2191/2270/1984
f 2207/2285/1985 2380/2465/1985 2209/2287/1985
f 2225/2302/1986 2389/2466/1986 2227/2304/1986
f 2181/2259/1987 2367/2467/1987 2183/2261/1987
f 2199/2277/1988 2376/2468/1988 2201/2279/1988
f 2217/2295/1989 2385/2469/1989 2219/2470/1989
f 2173/2253/1990 2363/2471/1990 2175/2255/1990
f 2193/2272/1991 2371/2464/1991 2372/2472/1991
f 2209/2287/1992 2381/2473/1992 2211/2289/1992
f 2227/2304/1993 2390/2474/1993 2229/2308/1993
f 2185/2264/1994 2367/2467/1994 2368/2306/1994
f 2201/2279/1995 2377/2475/1995 2203/2281/1995
f 2221/2297/1996 2385/2469/1996 2386/2445/1996
f 2177/2257/1997 2363/2471/1997 2364/2448/1997
f 2195/2476/1998 2372/2472/1998 2373/2450/1998
f 2213/2291/1999 2381/2473/1999 2382/2453/1999
f 2231/2310/2000 2390/2474/2000 2391/2456/2000
f 2405/2477/2001 2436/2478/2001 2437/2479/2001
f 2383/2454/2002 2416/2480/2002 2384/2462/2002
f 2370/2443/2003 2403/2481/2003 2371/2464/2003
f 2384/2462/2004 2417/2482/2004 2385/2469/2004
f 2371/2464/2005 2404/2483/2005 2372/2472/2005
f 2385/2469/2006 2418/2484/2006 2386/2445/2006
f 2373/2450/2007 2404/2483/2007 2405/2477/2007
f 2387/2446/2008 2418/2484/2008 2419/2485/2008
f 2373/2450/2009 2406/2486/2009 2374/2451/2009
f 2361/2487/2010 2392/2488/2010 2360/2452/2010
f 2387/2446/2011 2420/2489/2011 2388/2459/2011
f 2375/2461/2012 2406/2486/2012 2407/2490/2012
f 2362/2463/2013 2392/2488/2013 2394/2491/2013
f 2389/2466/2014 2420/2489/2014 2421/2492/2014
f 2376/2468/2015 2407/2490/2015 2408/2493/2015
f 2362/2463/2016 2395/2494/2016 2363/2471/2016
f 2390/2474/2017 2421/2492/2017 2422/2495/2017
f 2377/2475/2018 2408/2493/2018 2409/2496/2018
f 2364/2448/2019 2395/2494/2019 2396/2497/2019
f 2390/2474/2020 2423/2498/2020 2391/2456/2020
f 2377/2475/2021 2410/2499/2021 2378/2444/2021
f 2365/2449/2022 2396/2497/2022 2397/2500/2022
f 2361/2457/2023 2423/2498/2023 2393/2501/2023
f 2378/2444/2024 2411/2502/2024 2379/2458/2024
f 2366/2460/2025 2397/2500/2025 2398/2503/2025
f 2379/2458/2026 2412/2504/2026 2380/2465/2026
f 2367/2467/2027 2398/2503/2027 2399/2505/2027
f 2380/2465/2028 2413/2506/2028 2381/2473/2028
f 2368/2306/2029 2399/2505/2029 2400/2507/2029
f 2381/2473/2030 2414/2508/2030 2382/2453/2030
f 2369/2307/2031 2400/2507/2031 2401/2509/2031
f 2382/2453/2032 2415/2510/2032 2383/2454/2032
f 2442/2511/995 2434/2512/995 2426/2513/995
f 2418/2484/2033 2451/2514/2033 2419/2485/2033
f 2405/2477/2034 2438/2515/2034 2406/2486/2034
f 2393/2516/2035 2424/2517/2035 2392/2488/2035
f 2420/2489/2036 2451/2514/2036 2452/2518/2036
f 2407/2490/2037 2438/2515/2037 2439/2519/2037
f 2394/2491/2038 2424/2517/2038 2426/2513/2038
f 2420/2489/2039 2453/2520/2039 2421/2492/2039
f 2408/2493/2040 2439/2519/2040 2440/2521/2040
f 2394/2491/2041 2427/2522/2041 2395/2494/2041
f 2422/2495/2042 2453/2520/2042 2454/2523/2042
f 2408/2493/2043 2441/2524/2043 2409/2496/2043
f 2396/2497/2044 2427/2522/2044 2428/2525/2044
f 2422/2495/2045 2455/2526/2045 2423/2498/2045
f 2410/2499/2046 2441/2524/2046 2442/2511/2046
f 2396/2497/2047 2429/2527/2047 2397/2500/2047
f 2393/2501/2048 2455/2526/2048 2425/2528/2048
f 2411/2502/2049 2442/2511/2049 2443/2529/2049
f 2398/2503/2050 2429/2527/2050 2430/2530/2050
f 2411/2502/2051 2444/2531/2051 2412/2504/2051
f 2399/2505/2052 2430/2530/2052 2431/2532/2052
f 2413/2506/2053 2444/2531/2053 2445/2533/2053
f 2399/2505/2054 2432/2534/2054 2400/2507/2054
f 2413/2506/2055 2446/2535/2055 2414/2508/2055
f 2400/2507/2056 2433/2536/2056 2401/2509/2056
f 2414/2508/2057 2447/2537/2057 2415/2510/2057
f 2401/2509/2058 2434/2512/2058 2402/2442/2058
f 2415/2510/2059 2448/2538/2059 2416/2480/2059
f 2402/2442/2060 2435/2539/2060 2403/2481/2060
f 2416/2480/2061 2449/2540/2061 2417/2482/2061
f 2403/2481/2062 2436/2478/2062 2404/2483/2062
f 2418/2484/2063 2449/2540/2063 2450/2541/2063
f 2457/2542/2064 2458/2543/2064 2456/2544/2064
f 2459/2545/2065 2460/2546/2065 2458/2543/2065
f 2461/2547/2066 2462/2548/2066 2460/2546/2066
f 2463/2549/2067 2464/2550/2067 2462/2548/2067
f 2465/2551/2068 2466/2552/2068 2464/2550/2068
f 2467/2553/2069 2468/2554/2069 2466/2552/2069
f 2469/2555/2070 2470/2556/2070 2468/2554/2070
f 2471/2557/2071 2472/2558/2071 2470/2556/2071
f 2473/2559/2072 2474/2560/2072 2472/2558/2072
f 2475/2561/2073 2476/2562/2073 2474/2560/2073
f 2477/2563/2074 2478/2564/2074 2476/2562/2074
f 2479/2565/2075 2480/2566/2075 2478/2564/2075
f 2481/2567/2076 2482/2568/2076 2480/2566/2076
f 2483/2569/2077 2484/2570/2077 2482/2568/2077
f 2485/2571/2078 2486/2572/2078 2484/2570/2078
f 2487/2573/2079 2488/2574/2079 2486/2572/2079
f 2489/2575/2080 2490/2576/2080 2488/2574/2080
f 2491/2577/2081 2492/2578/2081 2490/2576/2081
f 2493/2579/2082 2494/2580/2082 2492/2578/2082
f 2495/2581/2083 2496/2582/2083 2494/2580/2083
f 2497/2583/2084 2498/2584/2084 2496/2582/2084
f 2499/2585/2085 2500/2586/2085 2498/2584/2085
f 2501/2587/2086 2502/2588/2086 2500/2586/2086
f 2503/2589/2087 2504/2590/2087 2502/2588/2087
f 2505/2591/2088 2506/2592/2088 2504/2590/2088
f 2507/2593/2089 2508/2594/2089 2506/2592/2089
f 2509/2595/2090 2510/2596/2090 2508/2594/2090
f 2511/2597/2091 2512/2598/2091 2510/2596/2091
f 2513/2599/2092 2514/2600/2092 2512/2598/2092
f 2515/2601/2093 2516/2602/2093 2514/2600/2093
f 2475/2561/2094 2656/2603/2094 2657/2604/2094
f 2517/2605/2095 2518/2606/2095 2516/2602/2095
f 2519/2607/2096 2456/2608/2096 2518/2606/2096
f 2466/2552/2097 2524/2609/2097 2464/2550/2097
f 2530/2610/2098 2563/2611/2098 2562/2612/2098
f 2484/2570/2099 2533/2613/2099 2482/2568/2099
f 2502/2588/2100 2542/2614/2100 2500/2586/2100
f 2458/2543/2101 2520/2615/2101 2456/2544/2101
f 2518/2606/2102 2520/2616/2102 2551/2617/2102
f 2474/2560/2103 2530/2610/2103 2529/2618/2103
f 2494/2580/2104 2538/2619/2104 2492/2578/2104
f 2510/2596/2105 2548/2620/2105 2547/2621/2105
f 2466/2552/2106 2526/2622/2106 2525/2623/2106
f 2486/2572/2107 2534/2624/2107 2484/2570/2107
f 2502/2588/2108 2544/2625/2108 2543/2626/2108
f 2460/2546/2109 2521/2627/2109 2458/2543/2109
f 2478/2564/2110 2530/2610/2110 2476/2562/2110
f 2494/2580/2111 2540/2628/2111 2539/2629/2111
f 2514/2600/2112 2548/2620/2112 2512/2598/2112
f 2468/2554/2113 2527/2630/2113 2526/2622/2113
f 2488/2574/2114 2535/2631/2114 2486/2572/2114
f 2506/2592/2115 2544/2625/2115 2504/2590/2115
f 2460/2546/2116 2523/2632/2116 2522/2633/2116
f 2480/2566/2117 2531/2634/2117 2478/2564/2117
f 2496/2582/2118 2541/2635/2118 2540/2628/2118
f 2516/2602/2119 2549/2636/2119 2514/2600/2119
f 2472/2558/2120 2527/2630/2120 2470/2556/2120
f 2488/2574/2121 2537/2637/2121 2536/2638/2121
f 2508/2594/2122 2545/2639/2122 2506/2592/2122
f 2462/2548/2123 2524/2609/2123 2523/2632/2123
f 2482/2568/2124 2532/2640/2124 2480/2566/2124
f 2500/2586/2125 2541/2635/2125 2498/2584/2125
f 2518/2606/2126 2550/2641/2126 2516/2602/2126
f 2474/2560/2127 2528/2642/2127 2472/2558/2127
f 2492/2578/2128 2537/2637/2128 2490/2576/2128
f 2510/2596/2129 2546/2643/2129 2508/2594/2129
f 2565/2644/2130 2598/2645/2130 2597/2646/2130
f 2545/2639/2131 2576/2647/2131 2544/2625/2131
f 2532/2640/2132 2563/2611/2132 2531/2634/2132
f 2546/2643/2133 2577/2648/2133 2545/2639/2133
f 2533/2613/2134 2564/2649/2134 2532/2640/2134
f 2547/2621/2135 2578/2650/2135 2546/2643/2135
f 2533/2613/2136 2566/2651/2136 2565/2644/2136
f 2521/2627/2137 2552/2652/2137 2520/2615/2137
f 2548/2620/2138 2579/2653/2138 2547/2621/2138
f 2535/2631/2139 2566/2651/2139 2534/2624/2139
f 2522/2633/2140 2553/2654/2140 2521/2627/2140
f 2548/2620/2141 2581/2655/2141 2580/2656/2141
f 2536/2638/2142 2567/2657/2142 2535/2631/2142
f 2522/2633/2143 2555/2658/2143 2554/2659/2143
f 2550/2641/2144 2581/2655/2144 2549/2636/2144
f 2536/2638/2145 2569/2660/2145 2568/2661/2145
f 2524/2609/2146 2555/2658/2146 2523/2632/2146
f 2551/2617/2147 2582/2662/2147 2550/2641/2147
f 2537/2637/2148 2570/2663/2148 2569/2660/2148
f 2525/2623/2149 2556/2664/2149 2524/2609/2149
f 2551/2617/2150 2552/2665/2150 2583/2666/2150
f 2539/2629/2151 2570/2663/2151 2538/2619/2151
f 2525/2623/2152 2558/2667/2152 2557/2668/2152
f 2539/2629/2153 2572/2669/2153 2571/2670/2153
f 2527/2630/2154 2558/2667/2154 2526/2622/2154
f 2541/2635/2155 2572/2669/2155 2540/2628/2155
f 2528/2642/2156 2559/2671/2156 2527/2630/2156
f 2542/2614/2157 2573/2672/2157 2541/2635/2157
f 2529/2618/2158 2560/2673/2158 2528/2642/2158
f 2543/2626/2159 2574/2674/2159 2542/2614/2159
f 2530/2610/2160 2561/2675/2160 2529/2618/2160
f 2544/2625/2161 2575/2676/2161 2543/2626/2161
f 2588/2677/2162 2619/2678/2162 2587/2679/2162
f 2553/2654/2163 2584/2680/2163 2552/2652/2163
f 2580/2656/2164 2611/2681/2164 2579/2653/2164
f 2567/2657/2165 2598/2645/2165 2566/2651/2165
f 2554/2659/2166 2585/2682/2166 2553/2654/2166
f 2581/2655/2167 2612/2683/2167 2580/2656/2167
f 2567/2657/2168 2600/2684/2168 2599/2685/2168
f 2555/2658/2169 2586/2686/2169 2554/2659/2169
f 2581/2655/2170 2614/2687/2170 2613/2688/2170
f 2569/2660/2171 2600/2684/2171 2568/2661/2171
f 2555/2658/2172 2588/2677/2172 2587/2679/2172
f 2583/2666/2173 2614/2687/2173 2582/2662/2173
f 2569/2660/2174 2602/2689/2174 2601/2690/2174
f 2557/2668/2175 2588/2677/2175 2556/2664/2175
f 2583/2666/2176 2584/2691/2176 2615/2692/2176
f 2571/2670/2177 2602/2689/2177 2570/2663/2177
f 2557/2668/2178 2590/2693/2178 2589/2694/2178
f 2571/2670/2179 2604/2695/2179 2603/2696/2179
f 2559/2671/2180 2590/2693/2180 2558/2667/2180
f 2573/2672/2181 2604/2695/2181 2572/2669/2181
f 2560/2673/2182 2591/2697/2182 2559/2671/2182
f 2574/2674/2183 2605/2698/2183 2573/2672/2183
f 2561/2675/2184 2592/2699/2184 2560/2673/2184
f 2575/2676/2185 2606/2700/2185 2574/2674/2185
f 2561/2675/2186 2594/2701/2186 2593/2702/2186
f 2576/2647/2187 2607/2703/2187 2575/2676/2187
f 2562/2612/2188 2595/2704/2188 2594/2701/2188
f 2576/2647/2189 2609/2705/2189 2608/2706/2189
f 2563/2611/2190 2596/2707/2190 2595/2704/2190
f 2577/2648/2191 2610/2708/2191 2609/2705/2191
f 2565/2644/2192 2596/2707/2192 2564/2649/2192
f 2579/2653/2193 2610/2708/2193 2578/2650/2193
f 2631/2709/994 2639/2710/994 2647/2711/994
f 2614/2687/2194 2647/2711/2194 2646/2712/2194
f 2601/2690/2195 2634/2713/2195 2633/2714/2195
f 2589/2694/2196 2620/2715/2196 2588/2677/2196
f 2584/2691/2197 2647/2711/2197 2615/2692/2197
f 2602/2689/2198 2635/2716/2198 2634/2713/2198
f 2589/2694/2199 2622/2717/2199 2621/2718/2199
f 2604/2695/2200 2635/2716/2200 2603/2696/2200
f 2591/2697/2201 2622/2717/2201 2590/2693/2201
f 2604/2695/2202 2637/2719/2202 2636/2720/2202
f 2592/2699/2203 2623/2721/2203 2591/2697/2203
f 2606/2700/2204 2637/2719/2204 2605/2698/2204
f 2593/2702/2205 2624/2722/2205 2592/2699/2205
f 2607/2703/2206 2638/2723/2206 2606/2700/2206
f 2594/2701/2207 2625/2724/2207 2593/2702/2207
f 2608/2706/2208 2639/2710/2208 2607/2703/2208
f 2594/2701/2209 2627/2725/2209 2626/2726/2209
f 2609/2705/2210 2640/2727/2210 2608/2706/2210
f 2595/2704/2211 2628/2728/2211 2627/2725/2211
f 2609/2705/2212 2642/2729/2212 2641/2730/2212
f 2597/2646/2213 2628/2728/2213 2596/2707/2213
f 2611/2681/2214 2642/2729/2214 2610/2708/2214
f 2598/2645/2215 2629/2731/2215 2597/2646/2215
f 2585/2682/2216 2616/2732/2216 2584/2680/2216
f 2612/2683/2217 2643/2733/2217 2611/2681/2217
f 2599/2685/2218 2630/2734/2218 2598/2645/2218
f 2585/2682/2219 2618/2735/2219 2617/2736/2219
f 2613/2688/2220 2644/2737/2220 2612/2683/2220
f 2599/2685/2221 2632/2738/2221 2631/2709/2221
f 2586/2686/2222 2619/2678/2222 2618/2735/2222
f 2614/2687/2223 2645/2739/2223 2613/2688/2223
f 2601/2690/2224 2632/2738/2224 2600/2684/2224
f 2658/2740/2225 2689/2741/2225 2690/2742/2225
f 2491/2577/2226 2666/2743/2226 2493/2579/2226
f 2509/2595/2227 2675/2744/2227 2511/2597/2227
f 2465/2551/2228 2653/2745/2228 2467/2553/2228
f 2483/2569/2229 2662/2746/2229 2485/2571/2229
f 2457/2542/2230 2648/2747/2230 2459/2545/2230
f 2501/2587/2231 2671/2748/2231 2503/2589/2231
f 2519/2607/2232 2649/2749/2232 2457/2750/2232
f 2477/2563/2233 2657/2604/2233 2658/2740/2233
f 2493/2579/2234 2667/2751/2234 2495/2581/2234
f 2511/2597/2235 2676/2752/2235 2513/2599/2235
f 2467/2553/2236 2654/2753/2236 2469/2555/2236
f 2485/2571/2237 2663/2754/2237 2487/2573/2237
f 2503/2589/2238 2672/2755/2238 2505/2591/2238
f 2461/2547/2239 2648/2747/2239 2650/2756/2239
f 2477/2563/2240 2659/2757/2240 2479/2565/2240
f 2497/2583/2241 2667/2751/2241 2668/2758/2241
f 2513/2599/2242 2677/2759/2242 2515/2601/2242
f 2469/2555/2243 2655/2760/2243 2471/2557/2243
f 2487/2573/2244 2664/2761/2244 2489/2575/2244
f 2505/2591/2245 2673/2762/2245 2507/2593/2245
f 2461/2547/2246 2651/2763/2246 2463/2549/2246
f 2479/2565/2247 2660/2764/2247 2481/2567/2247
f 2499/2585/2248 2668/2758/2248 2669/2765/2248
f 2515/2601/2249 2678/2766/2249 2517/2605/2249
f 2471/2557/2250 2656/2603/2250 2473/2559/2250
f 2491/2577/2251 2664/2761/2251 2665/2767/2251
f 2509/2595/2252 2673/2762/2252 2674/2768/2252
f 2465/2551/2253 2651/2763/2253 2652/2769/2253
f 2481/2567/2254 2661/2770/2254 2483/2569/2254
f 2499/2585/2255 2670/2771/2255 2501/2587/2255
f 2517/2605/2256 2679/2772/2256 2519/2607/2256
f 2692/2773/2257 2725/2774/2257 2693/2775/2257
f 2672/2755/2258 2703/2776/2258 2704/2777/2258
f 2658/2740/2259 2691/2778/2259 2659/2757/2259
f 2673/2762/2260 2704/2777/2260 2705/2779/2260
f 2659/2757/2261 2692/2773/2261 2660/2764/2261
f 2673/2762/2262 2706/2780/2262 2674/2768/2262
f 2660/2764/2263 2693/2775/2263 2661/2770/2263
f 2675/2744/2264 2706/2780/2264 2707/2781/2264
f 2662/2746/2265 2693/2775/2265 2694/2782/2265
f 2649/2783/2266 2680/2784/2266 2648/2747/2266
f 2676/2752/2267 2707/2781/2267 2708/2785/2267
f 2662/2746/2268 2695/2786/2268 2663/2754/2268
f 2648/2747/2269 2682/2787/2269 2650/2756/2269
f 2677/2759/2270 2708/2785/2270 2709/2788/2270
f 2663/2754/2271 2696/2789/2271 2664/2761/2271
f 2651/2763/2272 2682/2787/2272 2683/2790/2272
f 2677/2759/2273 2710/2791/2273 2678/2766/2273
f 2664/2761/2274 2697/2792/2274 2665/2767/2274
f 2651/2763/2275 2684/2793/2275 2652/2769/2275
f 2679/2772/2276 2710/2791/2276 2711/2794/2276
f 2666/2743/2277 2697/2792/2277 2698/2795/2277
f 2652/2769/2278 2685/2796/2278 2653/2745/2278
f 2679/2772/2279 2681/2797/2279 2649/2749/2279
f 2666/2743/2280 2699/2798/2280 2667/2751/2280
f 2653/2745/2281 2686/2799/2281 2654/2753/2281
f 2667/2751/2282 2700/2800/2282 2668/2758/2282
f 2654/2753/2283 2687/2801/2283 2655/2760/2283
f 2668/2758/2284 2701/2802/2284 2669/2765/2284
f 2655/2760/2285 2688/2803/2285 2656/2603/2285
f 2669/2765/2286 2702/2804/2286 2670/2771/2286
f 2656/2603/2287 2689/2741/2287 2657/2604/2287
f 2671/2748/2288 2702/2804/2288 2703/2776/2288
f 2730/2805/995 2722/2806/995 2714/2807/995
f 2706/2780/2289 2739/2808/2289 2707/2781/2289
f 2694/2782/2290 2725/2774/2290 2726/2809/2290
f 2681/2810/2291 2712/2811/2291 2680/2784/2291
f 2708/2785/2292 2739/2808/2292 2740/2812/2292
f 2695/2786/2293 2726/2809/2293 2727/2813/2293
f 2680/2784/2294 2714/2807/2294 2682/2787/2294
f 2708/2785/2295 2741/2814/2295 2709/2788/2295
f 2696/2789/2296 2727/2813/2296 2728/2815/2296
f 2683/2790/2297 2714/2807/2297 2715/2816/2297
f 2709/2788/2298 2742/2817/2298 2710/2791/2298
f 2696/2789/2299 2729/2818/2299 2697/2792/2299
f 2684/2793/2300 2715/2816/2300 2716/2819/2300
f 2710/2791/2301 2743/2820/2301 2711/2794/2301
f 2697/2792/2302 2730/2805/2302 2698/2795/2302
f 2684/2793/2303 2717/2821/2303 2685/2796/2303
f 2681/2797/2304 2743/2820/2304 2713/2822/2304
f 2698/2795/2305 2731/2823/2305 2699/2798/2305
f 2685/2796/2306 2718/2824/2306 2686/2799/2306
f 2699/2798/2307 2732/2825/2307 2700/2800/2307
f 2686/2799/2308 2719/2826/2308 2687/2801/2308
f 2700/2800/2309 2733/2827/2309 2701/2802/2309
f 2688/2803/2310 2719/2826/2310 2720/2828/2310
f 2702/2804/2311 2733/2827/2311 2734/2829/2311
f 2689/2741/2312 2720/2828/2312 2721/2830/2312
f 2703/2776/2313 2734/2829/2313 2735/2831/2313
f 2690/2742/2314 2721/2830/2314 2722/2806/2314
f 2703/2776/2315 2736/2832/2315 2704/2777/2315
f 2690/2742/2316 2723/2833/2316 2691/2778/2316
f 2704/2777/2317 2737/2834/2317 2705/2779/2317
f 2692/2773/2318 2723/2833/2318 2724/2835/2318
f 2705/2779/2319 2738/2836/2319 2706/2780/2319
f 2745/2837/16 2746/2838/16 2744/2839/16
f 2747/2840/15 2748/2841/15 2746/2838/15
f 2749/2842/14 2750/2843/14 2748/2841/14
f 2751/2844/13 2752/2845/13 2750/2843/13
f 2753/2846/12 2754/2847/12 2752/2845/12
f 2755/2848/11 2756/2849/11 2754/2847/11
f 2756/2849/10 2759/2850/10 2758/2851/10
f 2759/2850/9 2760/2852/9 2758/2851/9
f 2760/2852/8 2763/2853/8 2762/2854/8
f 2763/2853/7 2764/2855/7 2762/2854/7
f 2765/2856/6 2766/2857/6 2764/2855/6
f 2767/2858/5 2768/2859/5 2766/2857/5
f 2769/2860/4 2770/2861/4 2768/2859/4
f 2771/2862/3 2772/2863/3 2770/2861/3
f 2773/2864/2 2774/2865/2 2772/2863/2
f 2775/2866/1 2776/2867/1 2774/2865/1
f 2777/2868/33 2778/2869/33 2776/2867/33
f 2779/2870/32 2780/2871/32 2778/2869/32
f 2781/2872/30 2782/2873/30 2780/2871/30
f 2783/2874/29 2784/2875/29 2782/2873/29
f 2785/2876/28 2786/2877/28 2784/2875/28
f 2787/2878/27 2788/2879/27 2786/2877/27
f 2789/2880/26 2790/2881/26 2788/2879/26
f 2791/2882/25 2792/2883/25 2790/2881/25
f 2793/2884/24 2794/2885/24 2792/2883/24
f 2795/2886/23 2796/2887/23 2794/2885/23
f 2797/2888/22 2798/2889/22 2796/2887/22
f 2799/2890/21 2800/2891/21 2798/2889/21
f 2801/2892/20 2802/2893/20 2800/2891/20
f 2803/2894/19 2804/2895/19 2802/2893/19
f 2761/2896/2320 2945/2897/2320 2763/2853/2320
f 2805/2898/18 2806/2899/18 2804/2895/18
f 2807/2900/17 2744/2901/17 2806/2899/17
f 2754/2847/2321 2812/2902/2321 2752/2845/2321
f 2818/2903/2322 2851/2904/2322 2850/2905/2322
f 2772/2863/2323 2821/2906/2323 2770/2861/2323
f 2790/2881/2324 2830/2907/2324 2788/2879/2324
f 2746/2838/2325 2808/2908/2325 2744/2839/2325
f 2744/2901/2326 2839/2909/2326 2806/2899/2326
f 2762/2854/2327 2818/2903/2327 2817/2910/2327
f 2782/2873/2328 2826/2911/2328 2780/2871/2328
f 2800/2891/2329 2835/2912/2329 2798/2889/2329
f 2754/2847/2330 2814/2913/2330 2813/2914/2330
f 2774/2865/2331 2822/2915/2331 2772/2863/2331
f 2792/2883/2332 2831/2916/2332 2790/2881/2332
f 2748/2841/2333 2809/2917/2333 2746/2838/2333
f 2766/2857/2334 2818/2903/2334 2764/2855/2334
f 2782/2873/2335 2828/2918/2335 2827/2919/2335
f 2800/2891/2336 2837/2920/2336 2836/2921/2336
f 2756/2849/2337 2815/2922/2337 2814/2913/2337
f 2774/2865/2338 2824/2923/2338 2823/2924/2338
f 2794/2885/2339 2832/2925/2339 2792/2883/2339
f 2748/2841/2340 2811/2926/2340 2810/2927/2340
f 2768/2859/2341 2819/2928/2341 2766/2857/2341
f 2786/2877/2342 2828/2918/2342 2784/2875/2342
f 2804/2895/2343 2837/2920/2343 2802/2893/2343
f 2760/2852/2344 2815/2922/2344 2758/2851/2344
f 2778/2869/2345 2824/2923/2345 2776/2867/2345
f 2796/2887/2346 2833/2929/2346 2794/2885/2346
f 2752/2845/2347 2811/2926/2347 2750/2843/2347
f 2770/2861/2348 2820/2930/2348 2768/2859/2348
f 2788/2879/2349 2829/2931/2349 2786/2877/2349
f 2806/2899/2350 2838/2932/2350 2804/2895/2350
f 2762/2854/2351 2816/2933/2351 2760/2852/2351
f 2780/2871/2352 2825/2934/2352 2778/2869/2352
f 2798/2889/2353 2834/2935/2353 2796/2887/2353
f 2854/2936/2354 2885/2937/2354 2853/2938/2354
f 2833/2929/2355 2864/2939/2355 2832/2925/2355
f 2820/2930/2356 2851/2904/2356 2819/2928/2356
f 2834/2935/2357 2865/2940/2357 2833/2929/2357
f 2821/2906/2358 2852/2941/2358 2820/2930/2358
f 2835/2912/2359 2866/2942/2359 2834/2935/2359
f 2822/2915/2360 2853/2938/2360 2821/2906/2360
f 2809/2917/2361 2840/2943/2361 2808/2908/2361
f 2836/2921/2362 2867/2944/2362 2835/2912/2362
f 2823/2924/2363 2854/2936/2363 2822/2915/2363
f 2810/2927/2364 2841/2945/2364 2809/2917/2364
f 2837/2920/2365 2868/2946/2365 2836/2921/2365
f 2824/2923/2366 2855/2947/2366 2823/2924/2366
f 2811/2926/2367 2842/2948/2367 2810/2927/2367
f 2838/2932/2368 2869/2949/2368 2837/2920/2368
f 2824/2923/2369 2857/2950/2369 2856/2951/2369
f 2811/2926/2370 2844/2952/2370 2843/2953/2370
f 2838/2932/2371 2871/2954/2371 2870/2955/2371
f 2825/2934/2372 2858/2956/2372 2857/2950/2372
f 2812/2902/2373 2845/2957/2373 2844/2952/2373
f 2839/2909/2374 2840/2958/2374 2871/2954/2374
f 2826/2911/2375 2859/2959/2375 2858/2956/2375
f 2813/2914/2376 2846/2960/2376 2845/2957/2376
f 2828/2918/2377 2859/2959/2377 2827/2919/2377
f 2814/2913/2378 2847/2961/2378 2846/2960/2378
f 2829/2931/2379 2860/2962/2379 2828/2918/2379
f 2816/2933/2380 2847/2961/2380 2815/2922/2380
f 2830/2907/2381 2861/2963/2381 2829/2931/2381
f 2817/2910/2382 2848/2964/2382 2816/2933/2382
f 2830/2907/2383 2863/2965/2383 2862/2966/2383
f 2818/2903/2384 2849/2967/2384 2817/2910/2384
f 2832/2925/2385 2863/2965/2385 2831/2916/2385
f 2876/2968/2386 2907/2969/2386 2875/2970/2386
f 2841/2945/2387 2872/2971/2387 2840/2943/2387
f 2868/2946/2388 2899/2972/2388 2867/2944/2388
f 2854/2936/2389 2887/2973/2389 2886/2974/2389
f 2842/2948/2390 2873/2975/2390 2841/2945/2390
f 2869/2949/2391 2900/2976/2391 2868/2946/2391
f 2856/2951/2392 2887/2973/2392 2855/2947/2392
f 2842/2948/2393 2875/2970/2393 2874/2977/2393
f 2870/2955/2394 2901/2978/2394 2869/2949/2394
f 2856/2951/2395 2889/2979/2395 2888/2980/2395
f 2843/2953/2396 2876/2968/2396 2875/2970/2396
f 2871/2954/2397 2902/2981/2397 2870/2955/2397
f 2858/2956/2398 2889/2979/2398 2857/2950/2398
f 2845/2957/2399 2876/2968/2399 2844/2952/2399
f 2871/2954/2400 2872/2982/2400 2903/2983/2400
f 2858/2956/2401 2891/2984/2401 2890/2985/2401
f 2846/2960/2402 2877/2986/2402 2845/2957/2402
f 2860/2962/2403 2891/2984/2403 2859/2959/2403
f 2846/2960/2404 2879/2987/2404 2878/2988/2404
f 2860/2962/2405 2893/2989/2405 2892/2990/2405
f 2848/2964/2406 2879/2987/2406 2847/2961/2406
f 2862/2966/2407 2893/2989/2407 2861/2963/2407
f 2849/2967/2408 2880/2991/2408 2848/2964/2408
f 2863/2965/2409 2894/2992/2409 2862/2966/2409
f 2850/2905/2410 2881/2993/2410 2849/2967/2410
f 2864/2939/2411 2895/2994/2411 2863/2965/2411
f 2851/2904/2412 2882/2995/2412 2850/2905/2412
f 2864/2939/2413 2897/2996/2413 2896/2997/2413
f 2852/2941/2414 2883/2998/2414 2851/2904/2414
f 2866/2942/2415 2897/2996/2415 2865/2940/2415
f 2852/2941/2416 2885/2937/2416 2884/2999/2416
f 2867/2944/2417 2898/3000/2417 2866/2942/2417
f 2919/3001/994 2927/3002/994 2935/3003/994
f 2902/2981/2418 2935/3003/2418 2934/3004/2418
f 2889/2979/2419 2922/3005/2419 2921/3006/2419
f 2877/2986/2420 2908/3007/2420 2876/2968/2420
f 2872/2982/2421 2935/3003/2421 2903/2983/2421
f 2890/2985/2422 2923/3008/2422 2922/3005/2422
f 2878/2988/2423 2909/3009/2423 2877/2986/2423
f 2892/2990/2424 2923/3008/2424 2891/2984/2424
f 2879/2987/2425 2910/3010/2425 2878/2988/2425
f 2892/2990/2426 2925/3011/2426 2924/3012/2426
f 2880/2991/2427 2911/3013/2427 2879/2987/2427
f 2893/2989/2428 2926/3014/2428 2925/3011/2428
f 2881/2993/2429 2912/3015/2429 2880/2991/2429
f 2894/2992/2430 2927/3002/2430 2926/3014/2430
f 2882/2995/2431 2913/3016/2431 2881/2993/2431
f 2896/2997/2432 2927/3002/2432 2895/2994/2432
f 2883/2998/2433 2914/3017/2433 2882/2995/2433
f 2897/2996/2434 2928/3018/2434 2896/2997/2434
f 2884/2999/2435 2915/3019/2435 2883/2998/2435
f 2898/3000/2436 2929/3020/2436 2897/2996/2436
f 2884/2999/2437 2917/3021/2437 2916/3022/2437
f 2899/2972/2438 2930/3023/2438 2898/3000/2438
f 2886/2974/2439 2917/3021/2439 2885/2937/2439
f 2872/2971/2440 2905/3024/2440 2904/3025/2440
f 2900/2976/2441 2931/3026/2441 2899/2972/2441
f 2887/2973/2442 2918/3027/2442 2886/2974/2442
f 2873/2975/2443 2906/3028/2443 2905/3024/2443
f 2901/2978/2444 2932/3029/2444 2900/2976/2444
f 2888/2980/2445 2919/3001/2445 2887/2973/2445
f 2875/2970/2446 2906/3028/2446 2874/2977/2446
f 2902/2981/2447 2933/3030/2447 2901/2978/2447
f 2888/2980/2448 2921/3006/2448 2920/3031/2448
f 2945/2897/2449 2978/3032/2449 2946/3033/2449
f 2779/2870/2450 2954/3034/2450 2781/2872/2450
f 2797/2888/2451 2963/3035/2451 2799/2890/2451
f 2755/2848/2452 2940/3036/2452 2941/3037/2452
f 2771/2862/2453 2950/3038/2453 2773/2864/2453
f 2745/2837/2454 2936/3039/2454 2747/2840/2454
f 2789/2880/2455 2959/3040/2455 2791/2882/2455
f 2745/3041/2456 2967/3042/2456 2937/3043/2456
f 2765/2856/2457 2945/2897/2457 2946/3033/2457
f 2781/2872/2458 2955/3044/2458 2783/2874/2458
f 2799/2890/2459 2964/3045/2459 2801/2892/2459
f 2757/3046/2460 2941/3037/2460 2942/3047/2460
f 2775/2866/2461 2950/3038/2461 2951/3048/2461
f 2793/2884/2462 2959/3040/2462 2960/3049/2462
f 2749/2842/2463 2936/3039/2463 2938/3050/2463
f 2765/2856/2464 2947/3051/2464 2767/2858/2464
f 2785/2876/2465 2955/3044/2465 2956/3052/2465
f 2801/2892/2466 2965/3053/2466 2803/2894/2466
f 2759/2850/2467 2942/3047/2467 2943/3054/2467
f 2775/2866/2468 2952/3055/2468 2777/2868/2468
f 2795/2886/2469 2960/3049/2469 2961/3056/2469
f 2751/2844/2470 2938/3050/2470 2939/3057/2470
f 2769/2860/2471 2947/3051/2471 2948/3058/2471
f 2785/2876/2472 2957/3059/2472 2787/2878/2472
f 2805/2898/2473 2965/3053/2473 2966/3060/2473
f 2759/2850/2474 2944/3061/2474 2761/2896/2474
f 2779/2870/2475 2952/3055/2475 2953/3062/2475
f 2795/2886/2476 2962/3063/2476 2797/2888/2476
f 2753/2846/2477 2939/3057/2477 2940/3036/2477
f 2771/2862/2478 2948/3058/2478 2949/3064/2478
f 2787/2878/2479 2958/3065/2479 2789/2880/2479
f 2805/2898/2480 2967/3042/2480 2807/2900/2480
f 2980/3066/2481 3013/3067/2481 2981/3068/2481
f 2960/3049/2482 2991/3069/2482 2992/3070/2482
f 2946/3033/2483 2979/3071/2483 2947/3051/2483
f 2961/3056/2484 2992/3070/2484 2993/3072/2484
f 2947/3051/2485 2980/3066/2485 2948/3058/2485
f 2961/3056/2486 2994/3073/2486 2962/3063/2486
f 2948/3058/2487 2981/3068/2487 2949/3064/2487
f 2962/3063/2488 2995/3074/2488 2963/3035/2488
f 2950/3038/2489 2981/3068/2489 2982/3075/2489
f 2936/3039/2490 2969/3076/2490 2968/3077/2490
f 2963/3035/2491 2996/3078/2491 2964/3045/2491
f 2950/3038/2492 2983/3079/2492 2951/3048/2492
f 2936/3039/2493 2970/3080/2493 2938/3050/2493
f 2965/3053/2494 2996/3078/2494 2997/3081/2494
f 2952/3055/2495 2983/3079/2495 2984/3082/2495
f 2938/3050/2496 2971/3083/2496 2939/3057/2496
f 2965/3053/2497 2998/3084/2497 2966/3060/2497
f 2952/3055/2498 2985/3085/2498 2953/3062/2498
f 2939/3057/2499 2972/3086/2499 2940/3036/2499
f 2967/3042/2500 2998/3084/2500 2999/3087/2500
f 2954/3034/2501 2985/3085/2501 2986/3088/2501
f 2940/3036/2502 2973/3089/2502 2941/3037/2502
f 2967/3042/2503 2969/3090/2503 2937/3043/2503
f 2954/3034/2504 2987/3091/2504 2955/3044/2504
f 2941/3037/2505 2974/3092/2505 2942/3047/2505
f 2955/3044/2506 2988/3093/2506 2956/3052/2506
f 2942/3047/2507 2975/3094/2507 2943/3054/2507
f 2957/3059/2508 2988/3093/2508 2989/3095/2508
f 2943/3054/2509 2976/3096/2509 2944/3061/2509
f 2958/3065/2510 2989/3095/2510 2990/3097/2510
f 2944/3061/2511 2977/3098/2511 2945/2897/2511
f 2959/3040/2512 2990/3097/2512 2991/3069/2512
f 3018/3099/995 3010/3100/995 3002/3101/995
f 2995/3074/2513 3026/3102/2513 3027/3103/2513
f 2982/3075/2514 3013/3067/2514 3014/3104/2514
f 2969/3076/2515 3000/3105/2515 2968/3077/2515
f 2995/3074/2516 3028/3106/2516 2996/3078/2516
f 2982/3075/2517 3015/3107/2517 2983/3079/2517
f 2970/3080/2518 3000/3105/2518 3002/3101/2518
f 2997/3081/2519 3028/3106/2519 3029/3108/2519
f 2984/3082/2520 3015/3107/2520 3016/3109/2520
f 2971/3083/2521 3002/3101/2521 3003/3110/2521
f 2998/3084/2522 3029/3108/2522 3030/3111/2522
f 2984/3082/2523 3017/3112/2523 2985/3085/2523
f 2971/3083/2524 3004/3113/2524 2972/3086/2524
f 2998/3084/2525 3031/3114/2525 2999/3087/2525
f 2986/3088/2526 3017/3112/2526 3018/3099/2526
f 2973/3089/2527 3004/3113/2527 3005/3115/2527
f 2999/3087/2528 3001/3116/2528 2969/3090/2528
f 2986/3088/2529 3019/3117/2529 2987/3091/2529
f 2974/3092/2530 3005/3115/2530 3006/3118/2530
f 2988/3093/2531 3019/3117/2531 3020/3119/2531
f 2974/3092/2532 3007/3120/2532 2975/3094/2532
f 2988/3093/2533 3021/3121/2533 2989/3095/2533
f 2975/3094/2534 3008/3122/2534 2976/3096/2534
f 2989/3095/2535 3022/3123/2535 2990/3097/2535
f 2976/3096/2536 3009/3124/2536 2977/3098/2536
f 2990/3097/2537 3023/3125/2537 2991/3069/2537
f 2978/3032/2538 3009/3124/2538 3010/3100/2538
f 2991/3069/2539 3024/3126/2539 2992/3070/2539
f 2978/3032/2540 3011/3127/2540 2979/3071/2540
f 2992/3070/2541 3025/3128/2541 2993/3072/2541
f 2980/3066/2542 3011/3127/2542 3012/3129/2542
f 2993/3072/2543 3026/3102/2543 2994/3073/2543
f 2/1/1 4/4/1 3/2/1
f 4/4/2 6/6/2 5/5/2
f 6/6/3 8/8/3 7/7/3
f 8/8/4 10/10/4 9/9/4
f 10/10/5 12/12/5 11/11/5
f 12/12/6 14/14/6 13/13/6
f 14/14/7 16/16/7 15/15/7
f 16/16/8 18/18/8 17/17/8
f 18/18/9 20/20/9 19/19/9
f 20/20/10 22/22/10 21/21/10
f 22/22/11 24/24/11 23/23/11
f 24/24/12 26/26/12 25/25/12
f 26/26/13 28/28/13 27/27/13
f 28/28/14 30/30/14 29/29/14
f 30/30/15 32/32/15 31/31/15
f 32/32/16 34/34/16 33/33/16
f 34/34/17 36/36/17 35/35/17
f 36/36/18 38/38/18 37/37/18
f 38/38/19 40/40/19 39/39/19
f 40/40/20 42/42/20 41/41/20
f 42/42/21 44/44/21 43/43/21
f 44/44/22 46/46/22 45/45/22
f 46/46/23 48/48/23 47/47/23
f 48/48/24 50/50/24 49/49/24
f 50/50/25 52/52/25 51/51/25
f 52/52/26 54/54/26 53/53/26
f 54/54/27 56/56/27 55/55/27
f 56/56/28 58/58/28 57/57/28
f 58/58/29 60/60/29 59/59/29
f 60/60/30 62/63/30 61/61/30
f 42/42/31 205/207/31 204/62/31
f 62/63/32 64/65/32 63/64/32
f 64/65/33 2/216/33 1/66/33
f 17/17/34 73/78/34 72/67/34
f 86/68/35 118/106/35 117/69/35
f 35/35/36 82/79/36 81/71/36
f 53/53/37 91/80/37 90/72/37
f 9/9/38 69/82/38 68/73/38
f 25/25/39 27/27/39 78/74/39
f 45/45/40 87/84/40 86/68/40
f 63/64/41 96/88/41 95/76/41
f 17/17/42 19/19/42 74/77/42
f 37/37/43 83/89/43 82/79/43
f 55/55/44 92/90/44 91/80/44
f 9/9/45 11/11/45 70/81/45
f 27/27/46 29/29/46 79/83/46
f 47/47/47 88/91/47 87/84/47
f 1/3/48 3/2/48 66/85/48
f 63/64/49 1/66/49 65/87/49
f 21/21/50 75/94/50 74/77/50
f 39/39/51 84/95/51 83/89/51
f 57/57/52 93/97/52 92/90/52
f 13/13/53 71/98/53 70/81/53
f 31/31/54 80/99/54 79/83/54
f 49/49/55 89/100/55 88/91/55
f 3/2/56 5/5/56 67/92/56
f 21/21/57 23/23/57 76/93/57
f 41/41/58 85/70/58 84/95/58
f 57/57/59 59/59/59 94/96/59
f 15/15/60 72/67/60 71/98/60
f 33/33/61 81/71/61 80/99/61
f 51/51/62 90/72/62 89/100/62
f 7/7/63 68/73/63 67/92/63
f 25/25/64 77/75/64 76/93/64
f 43/43/65 86/68/65 85/70/65
f 61/61/66 95/76/66 94/96/66
f 152/103/67 120/110/67 121/101/67
f 121/101/67 153/140/67 184/102/67
f 72/67/68 73/78/68 105/104/68
f 87/84/69 119/108/69 118/106/69
f 73/78/70 74/77/70 106/107/70
f 88/91/71 120/110/71 119/108/71
f 74/77/72 75/94/72 107/109/72
f 89/100/73 121/101/73 120/110/73
f 75/94/74 76/93/74 108/111/74
f 90/72/75 122/113/75 121/101/75
f 76/93/76 77/75/76 109/112/76
f 91/80/77 123/115/77 122/113/77
f 77/75/78 78/74/78 110/114/78
f 92/90/79 124/118/79 123/115/79
f 79/83/80 111/119/80 110/114/80
f 65/86/81 66/85/81 98/116/81
f 93/97/82 125/120/82 124/118/82
f 80/99/83 112/121/83 111/119/83
f 67/92/84 99/122/84 98/116/84
f 94/96/85 126/123/85 125/120/85
f 81/71/86 113/124/86 112/121/86
f 68/73/87 100/126/87 99/122/87
f 95/76/88 127/127/88 126/123/88
f 82/79/89 114/129/89 113/124/89
f 68/73/90 69/82/90 101/125/90
f 96/88/91 128/131/91 127/127/91
f 82/79/92 83/89/92 115/128/92
f 69/82/93 70/81/93 102/130/93
f 65/87/94 97/177/94 128/131/94
f 84/95/95 116/133/95 115/128/95
f 70/81/96 71/98/96 103/132/96
f 85/70/97 117/69/97 116/133/97
f 72/67/98 104/105/98 103/132/98
f 139/138/100 107/109/100 108/111/100
f 108/111/2544 140/142/2544 171/137/2544
f 153/140/101 121/101/101 122/113/101
f 122/113/101 154/144/101 185/139/101
f 140/142/102 108/111/102 109/112/102
f 109/112/102 141/146/102 172/141/102
f 154/144/103 122/113/103 123/115/103
f 123/115/103 155/148/103 186/143/103
f 141/146/104 109/112/104 110/114/104
f 110/114/104 142/150/104 173/145/104
f 155/148/2545 123/115/2545 124/118/2545
f 124/118/2545 156/154/2545 187/147/2545
f 142/150/2546 110/114/2546 111/119/2546
f 111/119/2546 143/156/2546 174/149/2546
f 129/152/107 97/117/107 98/116/107
f 98/116/107 130/158/107 161/151/107
f 156/154/108 124/118/108 125/120/108
f 125/120/108 157/160/108 188/153/108
f 143/156/109 111/119/109 112/121/109
f 112/121/109 144/162/109 175/155/109
f 130/158/110 98/116/110 99/122/110
f 99/122/110 131/164/110 162/157/110
f 157/160/111 125/120/111 126/123/111
f 126/123/111 158/166/111 189/159/111
f 144/162/112 112/121/112 113/124/112
f 113/124/112 145/168/112 176/161/112
f 131/164/113 99/122/113 100/126/113
f 100/126/2547 132/170/2547 163/163/2547
f 158/166/114 126/123/114 127/127/114
f 127/127/114 159/172/114 190/165/114
f 145/168/115 113/124/115 114/129/115
f 114/129/115 146/174/115 177/167/115
f 132/170/116 100/126/116 101/125/116
f 101/125/116 133/176/116 164/169/116
f 159/172/117 127/127/117 128/131/117
f 128/131/117 160/179/117 191/171/117
f 146/174/118 114/129/118 115/128/118
f 115/128/118 147/181/118 178/173/118
f 133/176/119 101/125/119 102/130/119
f 102/130/119 134/183/119 165/175/119
f 160/179/120 128/131/120 97/177/120
f 97/177/120 129/198/120 192/178/120
f 147/181/2548 115/128/2548 116/133/2548
f 116/133/2548 148/185/2548 179/180/2548
f 134/183/122 102/130/122 103/132/122
f 103/132/2549 135/134/2549 166/182/2549
f 148/185/123 116/133/123 117/69/123
f 117/69/123 149/187/123 180/184/123
f 135/134/124 103/132/124 104/105/124
f 104/105/124 136/189/124 167/135/124
f 149/187/125 117/69/125 118/106/125
f 118/106/125 150/191/125 181/186/125
f 136/189/126 104/105/126 105/104/126
f 105/104/126 137/193/126 168/188/126
f 150/191/127 118/106/127 119/108/127
f 119/108/127 151/195/127 182/190/127
f 137/193/128 105/104/128 106/107/128
f 106/107/128 138/197/128 169/192/128
f 151/195/129 119/108/129 120/110/129
f 120/110/129 152/103/129 183/194/129
f 138/197/130 106/107/130 107/109/130
f 107/109/130 139/138/130 170/196/130
f 26/26/162 24/24/162 214/199/162
f 6/6/163 223/208/163 222/201/163
f 50/50/164 201/209/164 200/202/164
f 32/32/165 210/210/165 209/203/165
f 16/16/166 14/14/166 219/204/166
f 58/58/167 197/211/167 196/206/167
f 40/40/168 206/213/168 205/207/168
f 22/22/2550 215/214/2550 214/199/2550
f 4/4/170 225/218/170 223/208/170
f 48/48/171 202/220/171 201/209/171
f 30/30/172 211/221/172 210/210/172
f 12/12/173 220/222/173 219/204/173
f 56/56/174 198/224/174 197/211/174
f 40/40/175 38/38/175 207/212/175
f 20/20/176 216/225/176 215/214/176
f 64/65/177 194/226/177 224/215/177
f 4/4/178 2/1/178 224/217/178
f 48/48/179 46/46/179 203/219/179
f 28/28/180 212/227/180 211/221/180
f 10/10/181 221/228/181 220/222/181
f 56/56/182 54/54/182 199/223/182
f 36/36/183 208/229/183 207/212/183
f 18/18/2551 217/230/2551 216/225/2551
f 62/63/185 195/231/185 194/226/185
f 46/46/186 44/44/186 204/62/186
f 26/26/187 213/200/187 212/227/187
f 10/10/188 8/8/188 222/201/188
f 54/54/189 52/52/189 200/202/189
f 34/34/190 209/203/190 208/229/190
f 18/18/191 16/16/191 218/205/191
f 62/63/192 60/60/192 196/206/192
f 209/203/2552 242/239/2552 241/232/2552
f 241/232/2553 273/272/2553 272/233/2553
f 196/206/2554 229/240/2554 228/235/2554
f 222/201/2555 223/208/2555 256/236/2555
f 209/203/2556 210/210/2556 243/238/2556
f 197/211/2557 230/243/2557 229/240/2557
f 223/208/2558 225/218/2558 257/241/2558
f 210/210/2559 211/221/2559 244/242/2559
f 198/224/2560 231/246/2560 230/243/2560
f 225/218/2561 224/217/2561 226/244/2561
f 211/221/2562 212/227/2562 245/245/2562
f 199/223/2563 232/248/2563 231/246/2563
f 212/227/2564 213/200/2564 246/247/2564
f 200/202/2565 233/250/2565 232/248/2565
f 213/200/2566 214/199/2566 247/249/2566
f 201/209/2567 234/252/2567 233/250/2567
f 214/199/2568 215/214/2568 248/251/2568
f 202/220/2569 235/254/2569 234/252/2569
f 215/214/2570 216/225/2570 249/253/2570
f 203/219/2571 236/256/2571 235/254/2571
f 216/225/9 217/230/9 250/255/9
f 204/62/2572 237/258/2572 236/256/2572
f 217/230/2573 218/205/2573 251/257/2573
f 205/207/2574 238/260/2574 237/258/2574
f 218/205/2575 219/204/2575 252/259/2575
f 206/213/2576 239/262/2576 238/260/2576
f 219/204/2577 220/222/2577 253/261/2577
f 207/212/2578 240/234/2578 239/262/2578
f 194/226/2579 227/265/2579 226/263/2579
f 220/222/2580 221/228/2580 254/264/2580
f 208/229/2581 241/232/2581 240/234/2581
f 195/231/2582 228/235/2582 227/265/2582
f 221/228/2583 222/201/2583 255/237/2583
f 266/266/2584 298/304/2584 297/267/2584
f 228/235/2585 260/273/2585 259/269/2585
f 254/264/2586 255/237/2586 287/270/2586
f 242/239/2587 274/276/2587 273/272/2587
f 229/240/2588 261/277/2588 260/273/2588
f 255/237/2589 256/236/2589 288/274/2589
f 242/239/2590 243/238/2590 275/275/2590
f 230/243/2591 262/280/2591 261/277/2591
f 256/236/2592 257/241/2592 289/278/2592
f 243/238/2593 244/242/2593 276/279/2593
f 231/246/2594 263/283/2594 262/280/2594
f 257/241/2595 226/244/2595 258/281/2595
f 244/242/2596 245/245/2596 277/282/2596
f 232/248/2597 264/285/2597 263/283/2597
f 245/245/2598 246/247/2598 278/284/2598
f 233/250/2599 265/268/2599 264/285/2599
f 246/247/2600 247/249/2600 279/286/2600
f 234/252/2601 266/266/2601 265/268/2601
f 247/249/2602 248/251/2602 280/287/2602
f 235/254/2603 267/289/2603 266/266/2603
f 248/251/2604 249/253/2604 281/288/2604
f 236/256/2605 268/291/2605 267/289/2605
f 249/253/2606 250/255/2606 282/290/2606
f 237/258/2607 269/293/2607 268/291/2607
f 250/255/2608 251/257/2608 283/292/2608
f 238/260/2609 270/295/2609 269/293/2609
f 251/257/2610 252/259/2610 284/294/2610
f 239/262/2611 271/297/2611 270/295/2611
f 252/259/2612 253/261/2612 285/296/2612
f 240/234/2613 272/233/2613 271/297/2613
f 227/265/2614 259/269/2614 258/298/2614
f 253/261/2615 254/264/2615 286/271/2615
f 300/299/257 301/309/257 333/300/257
f 279/286/2616 280/287/2616 312/302/2616
f 267/289/2617 299/306/2617 298/304/2617
f 280/287/2618 281/288/2618 313/305/2618
f 268/291/2619 300/299/2619 299/306/2619
f 281/288/2620 282/290/2620 314/307/2620
f 269/293/2621 301/309/2621 300/299/2621
f 282/290/2622 283/292/2622 315/308/2622
f 270/295/2623 302/311/2623 301/309/2623
f 283/292/2624 284/294/2624 316/310/2624
f 271/297/2625 303/313/2625 302/311/2625
f 284/294/2626 285/296/2626 317/312/2626
f 272/233/2627 304/316/2627 303/313/2627
f 259/269/2628 291/317/2628 290/314/2628
f 285/296/2629 286/271/2629 318/315/2629
f 273/272/2630 305/319/2630 304/316/2630
f 260/273/2631 292/320/2631 291/317/2631
f 286/271/2632 287/270/2632 319/318/2632
f 274/276/2633 306/323/2633 305/319/2633
f 261/277/2634 293/324/2634 292/320/2634
f 287/270/2635 288/274/2635 320/321/2635
f 274/276/2636 275/275/2636 307/322/2636
f 262/280/2637 294/327/2637 293/324/2637
f 288/274/2638 289/278/2638 321/325/2638
f 275/275/2639 276/279/2639 308/326/2639
f 263/283/2640 295/330/2640 294/327/2640
f 289/278/2641 258/281/2641 290/328/2641
f 276/279/2642 277/282/2642 309/329/2642
f 264/285/2643 296/332/2643 295/330/2643
f 277/282/2644 278/284/2644 310/331/2644
f 265/268/2645 297/267/2645 296/332/2645
f 278/284/2646 279/286/2646 311/303/2646
f 344/333/2647 376/370/2647 375/334/2647
f 314/307/290 315/308/290 347/336/290
f 301/309/291 302/311/291 334/338/291
f 316/310/292 348/341/292 347/336/292
f 302/311/293 303/313/293 335/339/293
f 316/310/294 317/312/294 349/340/294
f 304/316/295 336/344/295 335/339/295
f 291/317/296 323/345/296 322/342/296
f 317/312/297 318/315/297 350/343/297
f 305/319/298 337/347/298 336/344/298
f 292/320/299 324/349/299 323/345/299
f 319/318/300 351/350/300 350/343/300
f 305/319/301 306/323/301 338/346/301
f 292/320/302 293/324/302 325/348/302
f 320/321/303 352/353/303 351/350/303
f 307/322/304 339/354/304 338/346/304
f 293/324/305 294/327/305 326/351/305
f 320/321/306 321/325/306 353/352/306
f 308/326/307 340/357/307 339/354/307
f 295/330/308 327/358/308 326/351/308
f 321/325/309 290/328/309 322/355/309
f 308/326/310 309/329/310 341/356/310
f 296/332/311 328/360/311 327/358/311
f 310/331/312 342/361/312 341/356/312
f 296/332/313 297/267/313 329/359/313
f 311/303/314 343/335/314 342/361/314
f 298/304/315 330/363/315 329/359/315
f 312/302/316 344/333/316 343/335/316
f 298/304/317 299/306/317 331/362/317
f 313/305/318 345/364/318 344/333/318
f 299/306/319 300/299/319 332/301/319
f 314/307/320 346/337/320 345/364/320
f 379/365/2648 411/402/2648 410/366/2648
f 330/363/2649 331/362/2649 363/368/2649
f 345/364/2650 377/372/2650 376/370/2650
f 331/362/2651 332/301/2651 364/371/2651
f 346/337/2652 378/367/2652 377/372/2652
f 332/301/2653 333/300/2653 365/373/2653
f 347/336/2654 379/365/2654 378/367/2654
f 333/300/2655 334/338/2655 366/374/2655
f 348/341/2656 380/376/2656 379/365/2656
f 334/338/2657 335/339/2657 367/375/2657
f 349/340/2658 381/380/2658 380/376/2658
f 335/339/2659 336/344/2659 368/377/2659
f 322/342/2660 323/345/2660 355/378/2660
f 350/343/2661 382/383/2661 381/380/2661
f 336/344/2662 337/347/2662 369/381/2662
f 323/345/2663 324/349/2663 356/382/2663
f 351/350/2664 383/386/2664 382/383/2664
f 337/347/2665 338/346/2665 370/384/2665
f 324/349/2666 325/348/2666 357/385/2666
f 352/353/2667 384/388/2667 383/386/2667
f 339/354/2668 371/389/2668 370/384/2668
f 325/348/2669 326/351/2669 358/387/2669
f 353/352/2670 385/391/2670 384/388/2670
f 340/357/2671 372/392/2671 371/389/2671
f 326/351/2672 327/358/2672 359/390/2672
f 322/355/2673 354/417/2673 385/391/2673
f 341/356/2674 373/394/2674 372/392/2674
f 327/358/2675 328/360/2675 360/393/2675
f 342/361/2676 374/396/2676 373/394/2676
f 328/360/2677 329/359/2677 361/395/2677
f 343/335/2678 375/334/2678 374/396/2678
f 329/359/315 330/363/315 362/369/315
f 414/397/2679 446/437/2679 445/398/2679
f 365/373/2680 366/374/2680 398/400/2680
f 380/376/2681 412/404/2681 411/402/2681
f 366/374/2682 367/375/2682 399/403/2682
f 381/380/2683 413/399/2683 412/404/2683
f 367/375/2684 368/377/2684 400/405/2684
f 354/379/2685 355/378/2685 387/406/2685
f 382/383/2686 414/397/2686 413/399/2686
f 368/377/2687 369/381/2687 401/408/2687
f 355/378/2688 356/382/2688 388/409/2688
f 383/386/2689 415/412/2689 414/397/2689
f 369/381/2690 370/384/2690 402/410/2690
f 356/382/2691 357/385/2691 389/411/2691
f 384/388/2692 416/414/2692 415/412/2692
f 371/389/2693 403/415/2693 402/410/2693
f 357/385/2694 358/387/2694 390/413/2694
f 385/391/2695 417/418/2695 416/414/2695
f 372/392/2696 404/419/2696 403/415/2696
f 358/387/2697 359/390/2697 391/416/2697
f 354/417/2698 386/445/2698 417/418/2698
f 373/394/2699 405/421/2699 404/419/2699
f 359/390/2700 360/393/2700 392/420/2700
f 374/396/2701 406/423/2701 405/421/2701
f 360/393/2702 361/395/2702 393/422/2702
f 375/334/2703 407/425/2703 406/423/2703
f 361/395/2704 362/369/2704 394/424/2704
f 376/370/2705 408/427/2705 407/425/2705
f 362/369/2706 363/368/2706 395/426/2706
f 377/372/2707 409/429/2707 408/427/2707
f 363/368/2708 364/371/2708 396/428/2708
f 378/367/2709 410/366/2709 409/429/2709
f 364/371/2710 365/373/2710 397/401/2710
f 441/430/2711 473/468/2711 472/431/2711
f 400/405/2712 401/408/2712 433/433/2712
f 387/406/2713 388/409/2713 420/435/2713
f 415/412/2714 447/440/2714 446/437/2714
f 401/408/2715 402/410/2715 434/438/2715
f 388/409/2716 389/411/2716 421/439/2716
f 416/414/2717 448/442/2717 447/440/2717
f 403/415/2718 435/443/2718 434/438/2718
f 389/411/2719 390/413/2719 422/441/2719
f 417/418/2720 449/446/2720 448/442/2720
f 404/419/2721 436/447/2721 435/443/2721
f 390/413/2722 391/416/2722 423/444/2722
f 386/445/2723 418/487/2723 449/446/2723
f 405/421/2724 437/449/2724 436/447/2724
f 391/416/2725 392/420/2725 424/448/2725
f 406/423/2726 438/451/2726 437/449/2726
f 392/420/2727 393/422/2727 425/450/2727
f 407/425/2728 439/453/2728 438/451/2728
f 393/422/2729 394/424/2729 426/452/2729
f 408/427/2730 440/432/2730 439/453/2730
f 394/424/2731 395/426/2731 427/454/2731
f 409/429/2732 441/430/2732 440/432/2732
f 395/426/2733 396/428/2733 428/455/2733
f 410/366/2734 442/457/2734 441/430/2734
f 396/428/2735 397/401/2735 429/456/2735
f 411/402/2736 443/459/2736 442/457/2736
f 397/401/2737 398/400/2737 430/458/2737
f 412/404/2738 444/461/2738 443/459/2738
f 398/400/2739 399/403/2739 431/460/2739
f 413/399/2740 445/398/2740 444/461/2740
f 399/403/2741 400/405/2741 432/434/2741
f 386/407/2742 387/406/2742 419/436/2742
f 476/463/2743 508/501/2743 507/464/2743
f 427/454/2744 428/455/2744 460/466/2744
f 442/457/2745 474/470/2745 473/468/2745
f 428/455/2746 429/456/2746 461/469/2746
f 443/459/2747 475/465/2747 474/470/2747
f 429/456/2748 430/458/2748 462/471/2748
f 444/461/2749 476/463/2749 475/465/2749
f 430/458/2750 431/460/2750 463/472/2750
f 445/398/2751 477/476/2751 476/463/2751
f 431/460/2752 432/434/2752 464/473/2752
f 418/462/2753 419/436/2753 451/474/2753
f 446/437/2754 478/479/2754 477/476/2754
f 432/434/2755 433/433/2755 465/477/2755
f 419/436/2756 420/435/2756 452/478/2756
f 447/440/2757 479/482/2757 478/479/2757
f 433/433/2758 434/438/2758 466/480/2758
f 420/435/2759 421/439/2759 453/481/2759
f 448/442/2760 480/484/2760 479/482/2760
f 435/443/2761 467/485/2761 466/480/2761
f 421/439/2762 422/441/2762 454/483/2762
f 449/446/2763 481/488/2763 480/484/2763
f 436/447/2764 468/489/2764 467/485/2764
f 422/441/2765 423/444/2765 455/486/2765
f 418/487/2766 450/516/2766 481/488/2766
f 437/449/2767 469/491/2767 468/489/2767
f 423/444/2768 424/448/2768 456/490/2768
f 438/451/2769 470/493/2769 469/491/2769
f 424/448/2770 425/450/2770 457/492/2770
f 439/453/2771 471/495/2771 470/493/2771
f 425/450/2772 426/452/2772 458/494/2772
f 440/432/2773 472/431/2773 471/495/2773
f 426/452/2774 427/454/2774 459/467/2774
f 505/496/2775 537/534/2775 536/497/2775
f 462/471/2776 463/472/2776 495/499/2776
f 477/476/2777 509/505/2777 508/501/2777
f 463/472/2778 464/473/2778 496/502/2778
f 450/475/2779 451/474/2779 483/503/2779
f 478/479/2780 510/508/2780 509/505/2780
f 464/473/2781 465/477/2781 497/506/2781
f 451/474/2782 452/478/2782 484/507/2782
f 479/482/2783 511/511/2783 510/508/2783
f 465/477/2784 466/480/2784 498/509/2784
f 452/478/2785 453/481/2785 485/510/2785
f 480/484/2786 512/513/2786 511/511/2786
f 467/485/2787 499/514/2787 498/509/2787
f 453/481/2788 454/483/2788 486/512/2788
f 481/488/2789 513/517/2789 512/513/2789
f 468/489/2790 500/518/2790 499/514/2790
f 454/483/2791 455/486/2791 487/515/2791
f 450/516/2792 482/553/2792 513/517/2792
f 469/491/2793 501/520/2793 500/518/2793
f 455/486/2794 456/490/2794 488/519/2794
f 470/493/2795 502/522/2795 501/520/2795
f 456/490/2796 457/492/2796 489/521/2796
f 471/495/2797 503/524/2797 502/522/2797
f 457/492/2798 458/494/2798 490/523/2798
f 472/431/2799 504/498/2799 503/524/2799
f 458/494/2800 459/467/2800 491/525/2800
f 473/468/2801 505/496/2801 504/498/2801
f 459/467/2802 460/466/2802 492/526/2802
f 474/470/2803 506/528/2803 505/496/2803
f 460/466/2804 461/469/2804 493/527/2804
f 475/465/2805 507/464/2805 506/528/2805
f 461/469/2806 462/471/2806 494/500/2806
f 540/529/2807 572/567/2807 571/530/2807
f 491/525/2808 492/526/2808 524/532/2808
f 506/528/2809 538/536/2809 537/534/2809
f 492/526/2810 493/527/2810 525/535/2810
f 507/464/2811 539/531/2811 538/536/2811
f 493/527/2812 494/500/2812 526/537/2812
f 508/501/2813 540/529/2813 539/531/2813
f 494/500/2814 495/499/2814 527/538/2814
f 509/505/2815 541/542/2815 540/529/2815
f 495/499/2816 496/502/2816 528/539/2816
f 482/504/2817 483/503/2817 515/540/2817
f 510/508/2818 542/545/2818 541/542/2818
f 496/502/2819 497/506/2819 529/543/2819
f 483/503/2820 484/507/2820 516/544/2820
f 511/511/2821 543/548/2821 542/545/2821
f 497/506/2822 498/509/2822 530/546/2822
f 484/507/2823 485/510/2823 517/547/2823
f 512/513/2824 544/550/2824 543/548/2824
f 499/514/2825 531/551/2825 530/546/2825
f 485/510/2826 486/512/2826 518/549/2826
f 513/517/2827 545/554/2827 544/550/2827
f 500/518/2828 532/555/2828 531/551/2828
f 486/512/2829 487/515/2829 519/552/2829
f 482/553/2830 514/581/2830 545/554/2830
f 501/520/2831 533/557/2831 532/555/2831
f 487/515/2832 488/519/2832 520/556/2832
f 502/522/2833 534/559/2833 533/557/2833
f 488/519/2834 489/521/2834 521/558/2834
f 503/524/2835 535/561/2835 534/559/2835
f 489/521/2836 490/523/2836 522/560/2836
f 504/498/2837 536/497/2837 535/561/2837
f 490/523/2838 491/525/2838 523/533/2838
f 574/562/4 575/576/4 607/563/4
f 526/537/2839 527/538/2839 559/565/2839
f 541/542/2840 573/571/2840 572/567/2840
f 527/538/2841 528/539/2841 560/568/2841
f 514/541/2842 515/540/2842 547/569/2842
f 542/545/2843 574/562/2843 573/571/2843
f 528/539/2844 529/543/2844 561/572/2844
f 515/540/2845 516/544/2845 548/573/2845
f 543/548/2846 575/576/2846 574/562/2846
f 529/543/2847 530/546/2847 562/574/2847
f 516/544/2848 517/547/2848 549/575/2848
f 544/550/2849 576/578/2849 575/576/2849
f 531/551/2850 563/579/2850 562/574/2850
f 517/547/2851 518/549/2851 550/577/2851
f 545/554/2852 577/582/2852 576/578/2852
f 532/555/2853 564/583/2853 563/579/2853
f 518/549/2854 519/552/2854 551/580/2854
f 514/581/2855 546/606/2855 577/582/2855
f 533/557/2856 565/585/2856 564/583/2856
f 519/552/2857 520/556/2857 552/584/2857
f 534/559/2858 566/587/2858 565/585/2858
f 520/556/2859 521/558/2859 553/586/2859
f 535/561/2860 567/589/2860 566/587/2860
f 521/558/2861 522/560/2861 554/588/2861
f 536/497/2862 568/591/2862 567/589/2862
f 522/560/2863 523/533/2863 555/590/2863
f 537/534/2864 569/593/2864 568/591/2864
f 523/533/2865 524/532/2865 556/592/2865
f 538/536/2866 570/595/2866 569/593/2866
f 524/532/2867 525/535/2867 557/594/2867
f 539/531/2868 571/530/2868 570/595/2868
f 525/535/2869 526/537/2869 558/566/2869
f 578/596/2870 610/678/2870 641/597/2870
f 561/572/17 562/574/17 594/599/17
f 548/573/30 549/575/30 581/601/30
f 576/578/3 608/603/3 607/563/3
f 563/579/16 595/604/16 594/599/16
f 550/577/29 582/605/29 581/601/29
f 577/582/2 609/598/2 608/603/2
f 564/583/15 596/608/15 595/604/15
f 551/580/28 583/609/28 582/605/28
f 546/606/1 578/596/1 609/598/1
f 564/583/14 565/585/14 597/607/14
f 552/584/27 584/611/27 583/609/27
f 566/587/13 598/612/13 597/607/13
f 552/584/26 553/586/26 585/610/26
f 567/589/12 599/613/12 598/612/12
f 554/588/25 586/614/25 585/610/25
f 568/591/11 600/616/11 599/613/11
f 555/590/24 587/617/24 586/614/24
f 568/591/10 569/593/10 601/615/10
f 556/592/23 588/618/23 587/617/23
f 570/595/9 602/620/9 601/615/9
f 557/594/22 589/622/22 588/618/22
f 570/595/8 571/530/8 603/619/8
f 557/594/21 558/566/21 590/621/21
f 572/567/7 604/623/7 603/619/7
f 559/565/20 591/624/20 590/621/20
f 573/571/6 605/627/6 604/623/6
f 560/568/19 592/628/19 591/624/19
f 546/570/33 547/569/33 579/625/33
f 573/571/5 574/562/5 606/564/5
f 561/572/18 593/600/18 592/628/18
f 548/573/32 580/602/32 579/625/32
f 637/629/2871 669/668/2871 668/630/2871
f 597/607/2872 629/635/2872 628/632/2872
f 583/609/2873 584/611/2873 616/633/2873
f 598/612/2874 630/637/2874 629/635/2874
f 584/611/2875 585/610/2875 617/636/2875
f 599/613/2876 631/639/2876 630/637/2876
f 585/610/25 586/614/25 618/638/25
f 600/616/2877 632/641/2877 631/639/2877
f 586/614/2878 587/617/2878 619/640/2878
f 601/615/2879 633/643/2879 632/641/2879
f 587/617/2880 588/618/2880 620/642/2880
f 602/620/2881 634/645/2881 633/643/2881
f 588/618/2882 589/622/2882 621/644/2882
f 603/619/2883 635/647/2883 634/645/2883
f 589/622/2884 590/621/2884 622/646/2884
f 604/623/2885 636/631/2885 635/647/2885
f 590/621/2886 591/624/2886 623/648/2886
f 605/627/2887 637/629/2887 636/631/2887
f 591/624/2888 592/628/2888 624/649/2888
f 578/626/2889 579/625/2889 611/650/2889
f 606/564/2890 638/654/2890 637/629/2890
f 592/628/2891 593/600/2891 625/652/2891
f 579/625/2892 580/602/2892 612/653/2892
f 607/563/2893 639/657/2893 638/654/2893
f 593/600/2894 594/599/2894 626/655/2894
f 580/602/2895 581/601/2895 613/656/2895
f 608/603/2896 640/659/2896 639/657/2896
f 595/604/2897 627/660/2897 626/655/2897
f 581/601/2898 582/605/2898 614/658/2898
f 609/598/2899 641/597/2899 640/659/2899
f 596/608/2900 628/632/2900 627/660/2900
f 582/605/2901 583/609/2901 615/634/2901
f 644/661/2902 645/672/2902 677/662/2902
f 623/648/2903 624/649/2903 656/664/2903
f 610/651/2904 611/650/2904 643/666/2904
f 638/654/2905 670/670/2905 669/668/2905
f 624/649/2906 625/652/2906 657/669/2906
f 611/650/2907 612/653/2907 644/661/2907
f 639/657/2908 671/673/2908 670/670/2908
f 625/652/2909 626/655/2909 658/671/2909
f 612/653/2910 613/656/2910 645/672/2910
f 640/659/2911 672/675/2911 671/673/2911
f 627/660/2912 659/676/2912 658/671/2912
f 613/656/2913 614/658/2913 646/674/2913
f 641/597/2914 673/679/2914 672/675/2914
f 628/632/2915 660/680/2915 659/676/2915
f 614/658/2916 615/634/2916 647/677/2916
f 610/678/2917 642/703/2917 673/679/2917
f 629/635/2918 661/682/2918 660/680/2918
f 615/634/2919 616/633/2919 648/681/2919
f 630/637/2920 662/684/2920 661/682/2920
f 616/633/2921 617/636/2921 649/683/2921
f 631/639/2922 663/686/2922 662/684/2922
f 617/636/2923 618/638/2923 650/685/2923
f 632/641/2924 664/688/2924 663/686/2924
f 618/638/2925 619/640/2925 651/687/2925
f 633/643/2926 665/690/2926 664/688/2926
f 619/640/2927 620/642/2927 652/689/2927
f 634/645/2928 666/692/2928 665/690/2928
f 620/642/2929 621/644/2929 653/691/2929
f 635/647/2930 667/694/2930 666/692/2930
f 621/644/2931 622/646/2931 654/693/2931
f 636/631/2932 668/630/2932 667/694/2932
f 622/646/2933 623/648/2933 655/665/2933
f 679/695/2934 680/706/2934 712/696/2934
f 672/675/2935 704/701/2935 703/698/2935
f 659/676/2936 691/702/2936 690/699/2936
f 645/672/2937 646/674/2937 678/700/2937
f 673/679/2938 705/704/2938 704/701/2938
f 660/680/2939 692/705/2939 691/702/2939
f 646/674/2940 647/677/2940 679/695/2940
f 642/703/2941 674/758/2941 705/704/2941
f 661/682/2942 693/707/2942 692/705/2942
f 647/677/2943 648/681/2943 680/706/2943
f 662/684/2944 694/709/2944 693/707/2944
f 648/681/2945 649/683/2945 681/708/2945
f 663/686/2946 695/711/2946 694/709/2946
f 649/683/2947 650/685/2947 682/710/2947
f 664/688/2948 696/713/2948 695/711/2948
f 650/685/2949 651/687/2949 683/712/2949
f 665/690/2950 697/715/2950 696/713/2950
f 651/687/2951 652/689/2951 684/714/2951
f 666/692/2952 698/717/2952 697/715/2952
f 652/689/2953 653/691/2953 685/716/2953
f 667/694/2954 699/719/2954 698/717/2954
f 653/691/2955 654/693/2955 686/718/2955
f 668/630/2956 700/721/2956 699/719/2956
f 654/693/2957 655/665/2957 687/720/2957
f 669/668/2958 701/725/2958 700/721/2958
f 655/665/2959 656/664/2959 688/722/2959
f 642/667/2960 643/666/2960 675/723/2960
f 670/670/2961 702/727/2961 701/725/2961
f 656/664/2962 657/669/2962 689/726/2962
f 643/666/2963 644/661/2963 676/663/2963
f 671/673/2964 703/698/2964 702/727/2964
f 657/669/2965 658/671/2965 690/699/2965
f 714/728/2966 715/735/2966 747/729/2966
f 694/709/2967 726/733/2967 725/731/2967
f 680/706/2968 681/708/2968 713/732/2968
f 695/711/2969 727/734/2969 726/733/2969
f 681/708/1143 682/710/1143 714/728/1143
f 696/713/2970 728/736/2970 727/734/2970
f 682/710/2971 683/712/2971 715/735/2971
f 697/715/2972 729/738/2972 728/736/2972
f 683/712/2973 684/714/2973 716/737/2973
f 698/717/2974 730/740/2974 729/738/2974
f 684/714/2975 685/716/2975 717/739/2975
f 699/719/2976 731/742/2976 730/740/2976
f 685/716/2977 686/718/2977 718/741/2977
f 700/721/2978 732/744/2978 731/742/2978
f 686/718/2979 687/720/2979 719/743/2979
f 701/725/2980 733/748/2980 732/744/2980
f 687/720/2981 688/722/2981 720/745/2981
f 674/724/2982 675/723/2982 707/746/2982
f 702/727/2983 734/751/2983 733/748/2983
f 688/722/2984 689/726/2984 721/749/2984
f 675/723/2985 676/663/2985 708/750/2985
f 703/698/2986 735/754/2986 734/751/2986
f 689/726/2987 690/699/2987 722/752/2987
f 676/663/2988 677/662/2988 709/753/2988
f 704/701/2989 736/756/2989 735/754/2989
f 691/702/2990 723/757/2990 722/752/2990
f 677/662/2991 678/700/2991 710/755/2991
f 705/704/2992 737/759/2992 736/756/2992
f 692/705/2993 724/760/2993 723/757/2993
f 678/700/2994 679/695/2994 711/697/2994
f 674/758/2995 706/786/2995 737/759/2995
f 693/707/2996 725/731/2996 724/760/2996
f 749/761/2997 750/768/2997 782/762/2997
f 729/738/2998 761/766/2998 760/764/2998
f 715/735/2999 716/737/2999 748/765/2999
f 730/740/1112 762/767/1112 761/766/1112
f 716/737/3000 717/739/3000 749/761/3000
f 731/742/3001 763/769/3001 762/767/3001
f 717/739/3002 718/741/3002 750/768/3002
f 732/744/3003 764/771/3003 763/769/3003
f 718/741/3004 719/743/3004 751/770/3004
f 733/748/3005 765/775/3005 764/771/3005
f 719/743/3006 720/745/3006 752/772/3006
f 706/747/3007 707/746/3007 739/773/3007
f 734/751/3008 766/778/3008 765/775/3008
f 720/745/3009 721/749/3009 753/776/3009
f 707/746/3010 708/750/3010 740/777/3010
f 735/754/3011 767/781/3011 766/778/3011
f 721/749/3012 722/752/3012 754/779/3012
f 708/750/3013 709/753/3013 741/780/3013
f 736/756/3014 768/783/3014 767/781/3014
f 723/757/3015 755/784/3015 754/779/3015
f 709/753/3016 710/755/3016 742/782/3016
f 737/759/3017 769/787/3017 768/783/3017
f 724/760/3018 756/788/3018 755/784/3018
f 710/755/3019 711/697/3019 743/785/3019
f 706/786/3020 738/813/3020 769/787/3020
f 725/731/3021 757/790/3021 756/788/3021
f 711/697/3022 712/696/3022 744/789/3022
f 726/733/3023 758/792/3023 757/790/3023
f 712/696/3024 713/732/3024 745/791/3024
f 727/734/3025 759/793/3025 758/792/3025
f 713/732/1117 714/728/1117 746/730/1117
f 728/736/3026 760/764/3026 759/793/3026
f 784/794/3027 785/803/3027 817/795/3027
f 764/771/3028 796/799/3028 795/797/3028
f 750/768/3029 751/770/3029 783/798/3029
f 765/775/3030 797/802/3030 796/799/3030
f 751/770/3031 752/772/3031 784/794/3031
f 738/774/3032 739/773/3032 771/800/3032
f 766/778/3033 798/805/3033 797/802/3033
f 752/772/3034 753/776/3034 785/803/3034
f 739/773/3035 740/777/3035 772/804/3035
f 767/781/3036 799/808/3036 798/805/3036
f 753/776/3037 754/779/3037 786/806/3037
f 740/777/3038 741/780/3038 773/807/3038
f 768/783/3039 800/810/3039 799/808/3039
f 755/784/3040 787/811/3040 786/806/3040
f 741/780/3041 742/782/3041 774/809/3041
f 769/787/3042 801/814/3042 800/810/3042
f 756/788/3043 788/815/3043 787/811/3043
f 742/782/3044 743/785/3044 775/812/3044
f 738/813/3045 770/839/3045 801/814/3045
f 757/790/3046 789/817/3046 788/815/3046
f 743/785/3047 744/789/3047 776/816/3047
f 758/792/3048 790/819/3048 789/817/3048
f 744/789/3049 745/791/3049 777/818/3049
f 759/793/3050 791/821/3050 790/819/3050
f 745/791/1067 746/730/1067 778/820/1067
f 760/764/3051 792/823/3051 791/821/3051
f 746/730/3052 747/729/3052 779/822/3052
f 761/766/3053 793/825/3053 792/823/3053
f 747/729/3054 748/765/3054 780/824/3054
f 762/767/3055 794/826/3055 793/825/3055
f 748/765/3056 749/761/3056 781/763/3056
f 763/769/3057 795/797/3057 794/826/3057
f 820/827/3058 852/866/3058 851/828/3058
f 771/800/3059 772/804/3059 804/830/3059
f 799/808/3060 831/835/3060 830/832/3060
f 785/803/3061 786/806/3061 818/833/3061
f 772/804/3062 773/807/3062 805/834/3062
f 800/810/3063 832/837/3063 831/835/3063
f 787/811/3064 819/829/3064 818/833/3064
f 773/807/3065 774/809/3065 806/836/3065
f 801/814/3066 833/840/3066 832/837/3066
f 788/815/3067 820/827/3067 819/829/3067
f 774/809/3068 775/812/3068 807/838/3068
f 770/839/3069 802/3130/3069 833/840/3069
f 789/817/3070 821/842/3070 820/827/3070
f 775/812/3071 776/816/3071 808/841/3071
f 790/819/3072 822/844/3072 821/842/3072
f 776/816/3073 777/818/3073 809/843/3073
f 791/821/3074 823/846/3074 822/844/3074
f 777/818/3075 778/820/3075 810/845/3075
f 792/823/3076 824/848/3076 823/846/3076
f 778/820/3077 779/822/3077 811/847/3077
f 793/825/3078 825/850/3078 824/848/3078
f 779/822/3079 780/824/3079 812/849/3079
f 794/826/3080 826/852/3080 825/850/3080
f 780/824/3081 781/763/3081 813/851/3081
f 795/797/3082 827/854/3082 826/852/3082
f 781/763/3083 782/762/3083 814/853/3083
f 796/799/3084 828/856/3084 827/854/3084
f 782/762/3085 783/798/3085 815/855/3085
f 797/802/3086 829/858/3086 828/856/3086
f 783/798/3087 784/794/3087 816/796/3087
f 770/801/3088 771/800/3088 803/831/3088
f 798/805/3089 830/832/3089 829/858/3089
f 859/859/3090 860/879/3090 892/860/3090
f 806/836/3091 807/838/3091 839/862/3091
f 833/840/304 802/3130/304 834/864/304
f 821/842/3092 853/868/3092 852/866/3092
f 807/838/3093 808/841/3093 840/867/3093
f 822/844/3094 854/870/3094 853/868/3094
f 808/841/3095 809/843/3095 841/869/3095
f 823/846/3096 855/872/3096 854/870/3096
f 809/843/3097 810/845/3097 842/871/3097
f 824/848/3098 856/873/3098 855/872/3098
f 811/847/3099 843/874/3099 842/871/3099
f 825/850/3100 857/875/3100 856/873/3100
f 812/849/3101 844/876/3101 843/874/3101
f 826/852/3102 858/877/3102 857/875/3102
f 813/851/3103 845/878/3103 844/876/3103
f 826/852/3104 827/854/3104 859/859/3104
f 814/853/3105 846/880/3105 845/878/3105
f 827/854/3106 828/856/3106 860/879/3106
f 815/855/3107 847/882/3107 846/880/3107
f 828/856/3108 829/858/3108 861/881/3108
f 816/796/3109 848/886/3109 847/882/3109
f 802/857/3110 803/831/3110 835/883/3110
f 829/858/3111 830/832/3111 862/885/3111
f 817/795/3112 849/889/3112 848/886/3112
f 803/831/3113 804/830/3113 836/887/3113
f 830/832/3114 831/835/3114 863/888/3114
f 818/833/3115 850/892/3115 849/889/3115
f 804/830/3116 805/834/3116 837/890/3116
f 831/835/3117 832/837/3117 864/891/3117
f 819/829/3118 851/828/3118 850/892/3118
f 805/834/3119 806/836/3119 838/863/3119
f 832/837/3120 833/840/3120 865/865/3120
f 894/893/3121 895/903/3121 927/894/3121
f 847/882/3122 879/898/3122 878/896/3122
f 860/879/3123 861/881/3123 893/897/3123
f 848/886/3124 880/901/3124 879/898/3124
f 834/884/3125 835/883/3125 867/899/3125
f 861/881/3126 862/885/3126 894/893/3126
f 849/889/3127 881/904/3127 880/901/3127
f 835/883/3128 836/887/3128 868/902/3128
f 862/885/3129 863/888/3129 895/903/3129
f 850/892/3130 882/907/3130 881/904/3130
f 836/887/3131 837/890/3131 869/905/3131
f 863/888/3132 864/891/3132 896/906/3132
f 851/828/3133 883/910/3133 882/907/3133
f 837/890/3134 838/863/3134 870/908/3134
f 864/891/3135 865/865/3135 897/909/3135
f 852/866/3136 884/913/3136 883/910/3136
f 838/863/3137 839/862/3137 871/911/3137
f 865/865/3138 834/864/3138 866/912/3138
f 853/868/3139 885/915/3139 884/913/3139
f 839/862/3140 840/867/3140 872/914/3140
f 854/870/3141 886/917/3141 885/915/3141
f 840/867/3142 841/869/3142 873/916/3142
f 855/872/3143 887/919/3143 886/917/3143
f 841/869/3144 842/871/3144 874/918/3144
f 856/873/3145 888/920/3145 887/919/3145
f 843/874/3146 875/921/3146 874/918/3146
f 857/875/3147 889/922/3147 888/920/3147
f 844/876/3148 876/923/3148 875/921/3148
f 858/877/3149 890/924/3149 889/922/3149
f 845/878/3150 877/925/3150 876/923/3150
f 858/877/3151 859/859/3151 891/861/3151
f 846/880/3152 878/896/3152 877/925/3152
f 929/926/3153 898/937/3153 930/927/3153
f 882/907/3154 914/933/3154 913/929/3154
f 868/902/3155 869/905/3155 901/930/3155
f 895/903/3156 896/906/3156 928/932/3156
f 883/910/3157 915/935/3157 914/933/3157
f 869/905/3158 870/908/3158 902/934/3158
f 896/906/3159 897/909/3159 929/926/3159
f 884/913/3160 916/938/3160 915/935/3160
f 870/908/3161 871/911/3161 903/936/3161
f 897/909/3162 866/912/3162 898/937/3162
f 885/915/3163 917/940/3163 916/938/3163
f 871/911/3164 872/914/3164 904/939/3164
f 886/917/3165 918/942/3165 917/940/3165
f 872/914/3166 873/916/3166 905/941/3166
f 887/919/3167 919/944/3167 918/942/3167
f 873/916/3168 874/918/3168 906/943/3168
f 888/920/3169 920/945/3169 919/944/3169
f 875/921/3170 907/946/3170 906/943/3170
f 889/922/3171 921/947/3171 920/945/3171
f 876/923/3172 908/948/3172 907/946/3172
f 890/924/3173 922/950/3173 921/947/3173
f 877/925/3174 909/951/3174 908/948/3174
f 890/924/3175 891/861/3175 923/949/3175
f 878/896/3176 910/953/3176 909/951/3176
f 891/861/3177 892/860/3177 924/952/3177
f 879/898/3178 911/955/3178 910/953/3178
f 892/860/3179 893/897/3179 925/954/3179
f 880/901/3180 912/958/3180 911/955/3180
f 866/900/3181 867/899/3181 899/956/3181
f 893/897/3182 894/893/3182 926/895/3182
f 881/904/3183 913/929/3183 912/958/3183
f 867/899/3184 868/902/3184 900/931/3184
f 952/959/3185 984/995/3185 983/960/3185
f 917/940/3186 949/965/3186 948/962/3186
f 903/936/3187 904/939/3187 936/963/3187
f 918/942/3188 950/967/3188 949/965/3188
f 904/939/3189 905/941/3189 937/966/3189
f 919/944/3190 951/961/3190 950/967/3190
f 905/941/3191 906/943/3191 938/968/3191
f 920/945/3192 952/959/3192 951/961/3192
f 907/946/3193 939/969/3193 938/968/3193
f 921/947/3194 953/970/3194 952/959/3194
f 908/948/3195 940/971/3195 939/969/3195
f 922/950/3196 954/973/3196 953/970/3196
f 909/951/3197 941/974/3197 940/971/3197
f 922/950/3198 923/949/3198 955/972/3198
f 910/953/3199 942/976/3199 941/974/3199
f 923/949/3200 924/952/3200 956/975/3200
f 911/955/3201 943/978/3201 942/976/3201
f 924/952/3202 925/954/3202 957/977/3202
f 912/958/3203 944/982/3203 943/978/3203
f 898/957/3204 899/956/3204 931/979/3204
f 925/954/3205 926/895/3205 958/981/3205
f 913/929/3206 945/985/3206 944/982/3206
f 899/956/3207 900/931/3207 932/983/3207
f 926/895/3208 927/894/3208 959/984/3208
f 914/933/3209 946/988/3209 945/985/3209
f 900/931/3210 901/930/3210 933/986/3210
f 927/894/3211 928/932/3211 960/987/3211
f 915/935/3212 947/990/3212 946/988/3212
f 901/930/3213 902/934/3213 934/989/3213
f 928/932/3214 929/926/3214 961/928/3214
f 916/938/3215 948/962/3215 947/990/3215
f 902/934/3216 903/936/3216 935/964/3216
f 986/991/3217 987/999/3217 1019/992/3217
f 939/969/3218 971/996/3218 970/994/3218
f 953/970/3219 985/997/3219 984/995/3219
f 940/971/3220 972/998/3220 971/996/3220
f 954/973/3221 986/991/3221 985/997/3221
f 941/974/3222 973/1000/3222 972/998/3222
f 954/973/3223 955/972/3223 987/999/3223
f 942/976/3224 974/1002/3224 973/1000/3224
f 955/972/3225 956/975/3225 988/1001/3225
f 943/978/3226 975/1004/3226 974/1002/3226
f 956/975/3227 957/977/3227 989/1003/3227
f 944/982/3228 976/1008/3228 975/1004/3228
f 930/980/3229 931/979/3229 963/1005/3229
f 957/977/3230 958/981/3230 990/1007/3230
f 945/985/3231 977/1011/3231 976/1008/3231
f 931/979/3232 932/983/3232 964/1009/3232
f 958/981/3233 959/984/3233 991/1010/3233
f 946/988/3234 978/1014/3234 977/1011/3234
f 932/983/3235 933/986/3235 965/1012/3235
f 959/984/3236 960/987/3236 992/1013/3236
f 947/990/3237 979/1017/3237 978/1014/3237
f 933/986/3238 934/989/3238 966/1015/3238
f 960/987/3239 961/928/3239 993/1016/3239
f 948/962/3240 980/1020/3240 979/1017/3240
f 934/989/3241 935/964/3241 967/1018/3241
f 961/928/3242 930/927/3242 962/1019/3242
f 949/965/3243 981/1022/3243 980/1020/3243
f 935/964/3244 936/963/3244 968/1021/3244
f 950/967/3245 982/1024/3245 981/1022/3245
f 936/963/3246 937/966/3246 969/1023/3246
f 951/961/3247 983/960/3247 982/1024/3247
f 937/966/3248 938/968/3248 970/994/3248
f 994/1025/926 995/1033/926 1027/1026/926
f 974/1002/3249 1006/1030/3249 1005/1028/3249
f 987/999/3250 988/1001/3250 1020/1029/3250
f 975/1004/3251 1007/1032/3251 1006/1030/3251
f 988/1001/3252 989/1003/3252 1021/1031/3252
f 976/1008/3253 1008/1035/3253 1007/1032/3253
f 962/1006/3254 963/1005/3254 995/1033/3254
f 989/1003/3255 990/1007/3255 1022/1034/3255
f 977/1011/3256 1009/1038/3256 1008/1035/3256
f 963/1005/3257 964/1009/3257 996/1036/3257
f 990/1007/3258 991/1010/3258 1023/1037/3258
f 978/1014/3259 1010/1041/3259 1009/1038/3259
f 964/1009/3260 965/1012/3260 997/1039/3260
f 991/1010/3261 992/1013/3261 1024/1040/3261
f 979/1017/3262 1011/1044/3262 1010/1041/3262
f 965/1012/3263 966/1015/3263 998/1042/3263
f 992/1013/3264 993/1016/3264 1025/1043/3264
f 980/1020/3265 1012/1047/3265 1011/1044/3265
f 966/1015/3266 967/1018/3266 999/1045/3266
f 993/1016/3267 962/1019/3267 994/1046/3267
f 981/1022/3268 1013/1049/3268 1012/1047/3268
f 967/1018/3269 968/1021/3269 1000/1048/3269
f 982/1024/3270 1014/1051/3270 1013/1049/3270
f 968/1021/3271 969/1023/3271 1001/1050/3271
f 983/960/3272 1015/1053/3272 1014/1051/3272
f 969/1023/3273 970/994/3273 1002/1052/3273
f 984/995/3274 1016/1054/3274 1015/1053/3274
f 971/996/3275 1003/1055/3275 1002/1052/3275
f 985/997/3276 1017/1056/3276 1016/1054/3276
f 972/998/3277 1004/1057/3277 1003/1055/3277
f 986/991/3278 1018/993/3278 1017/1056/3278
f 973/1000/3279 1005/1028/3279 1004/1057/3279
f 1056/1060/958 1057/1072/958 1026/3131/958
f 1026/3131/958 1027/3132/958 1028/3133/958
f 1028/3133/958 1029/3134/958 1030/3135/958
f 1030/3135/958 1031/3136/958 1032/3137/958
f 1032/3137/3280 1033/3138/3280 1034/3139/3280
f 1034/3139/958 1035/3140/958 1036/3141/958
f 1036/3141/3281 1037/3142/3281 1038/3143/3281
f 1038/3143/958 1039/3144/958 1040/1058/958
f 1040/1058/958 1041/3145/958 1042/1066/958
f 1042/1066/3282 1043/1071/3282 1044/1070/3282
f 1044/1070/958 1045/1073/958 1046/1075/958
f 1046/1075/958 1047/1078/958 1048/1059/958
f 1048/1059/3281 1049/1080/3281 1050/1085/3281
f 1050/1085/3283 1051/1084/3283 1052/1087/3283
f 1052/1087/958 1053/1062/958 1054/1061/958
f 1054/1061/958 1055/1068/958 1056/1060/958
f 1056/1060/958 1026/3131/958 1028/3133/958
f 1028/3133/958 1030/3135/958 1032/3137/958
f 1032/3137/958 1034/3139/958 1036/3141/958
f 1036/3141/958 1038/3143/958 1040/1058/958
f 1040/1058/958 1042/1066/958 1044/1070/958
f 1044/1070/958 1046/1075/958 1048/1059/958
f 1048/1059/958 1050/1085/958 1052/1087/958
f 1052/1087/958 1054/1061/958 1056/1060/958
f 1056/1060/958 1028/3133/958 1032/3137/958
f 1032/3137/958 1036/3141/958 1040/1058/958
f 1040/1058/958 1044/1070/958 1048/1059/958
f 1048/1059/958 1052/1087/958 1056/1060/958
f 1056/1060/958 1032/3137/958 1040/1058/958
f 1021/1031/959 1022/1034/959 1054/1061/959
f 1008/1035/960 1009/1038/960 1041/1063/960
f 995/1033/961 996/1036/961 1028/1065/961
f 1023/1037/962 1055/1068/962 1054/1061/962
f 1009/1038/963 1010/1041/963 1042/1066/963
f 996/1036/964 997/1039/964 1029/1067/964
f 1024/1040/965 1056/1060/965 1055/1068/965
f 1011/1044/966 1043/1071/966 1042/1066/966
f 997/1039/967 998/1042/967 1030/1069/967
f 1025/1043/968 1057/1072/968 1056/1060/968
f 1011/1044/969 1012/1047/969 1044/1070/969
f 999/1045/970 1031/1074/970 1030/1069/970
f 994/1046/971 1026/3131/971 1057/1072/971
f 1012/1047/972 1013/1049/972 1045/1073/972
f 1000/1048/973 1032/1077/973 1031/1074/973
f 1013/1049/974 1014/1051/974 1046/1075/974
f 1000/1048/975 1001/1050/975 1033/1076/975
f 1015/1053/976 1047/1078/976 1046/1075/976
f 1002/1052/977 1034/1079/977 1033/1076/977
f 1016/1054/978 1048/1059/978 1047/1078/978
f 1003/1055/979 1035/1081/979 1034/1079/979
f 1016/1054/980 1017/1056/980 1049/1080/980
f 1004/1057/981 1036/1083/981 1035/1081/981
f 1018/993/982 1050/1085/982 1049/1080/982
f 1004/1057/983 1005/1028/983 1037/1082/983
f 1018/993/984 1019/992/984 1051/1084/984
f 1005/1028/985 1006/1030/985 1038/1086/985
f 1020/1029/986 1052/1087/986 1051/1084/986
f 1007/1032/987 1039/1088/987 1038/1086/987
f 1020/1029/988 1021/1031/988 1053/1062/988
f 1008/1035/989 1040/1064/989 1039/1088/989
f 1097/1089/958 1058/1103/958 1068/1090/958
f 1068/1090/958 1067/1109/958 1060/1091/958
f 1064/1092/3284 1105/1142/3284 1106/1093/3284
f 1098/1095/990 1064/1092/990 1069/1094/990
f 1069/1094/990 1066/1108/990 1062/1096/990
f 1085/1097/991 1074/1121/991 1075/1098/991
f 1087/1131/991 1086/1099/991 1075/1098/991
f 1070/1101/991 1074/3146/991 1085/1097/991
f 1070/1101/991 1085/1097/991 1083/3147/991
f 1087/1131/991 1075/1098/991 1073/1100/991
f 1082/1129/991 1087/1131/991 1073/1100/991
f 1070/1101/991 1083/3147/991 1084/1102/991
f 1084/1102/991 1082/1129/991 1073/1100/991
f 1098/1095/992 1062/1096/992 1058/1103/992
f 1059/1104/993 1102/1139/993 1101/1105/993
f 1069/1094/990 1065/3148/990 1063/1107/990
f 1067/1109/958 1068/1090/958 1059/1104/958
f 1066/1110/994 1063/1138/994 1059/1104/994
f 1067/1109/995 1061/1106/995 1065/1111/995
f 1070/1101/996 1073/1100/996 1072/1113/996
f 1073/1100/958 1076/1124/958 1068/1090/958
f 1068/1090/3285 1058/1103/3285 1095/1115/3285
f 1095/1115/997 1072/1113/997 1073/1100/997
f 1096/1116/998 1071/1114/998 1072/1113/998
f 1096/1116/3286 1062/1096/3286 1066/1108/3286
f 1066/1108/990 1077/1118/990 1070/1117/990
f 1070/1117/999 1071/1114/999 1096/1116/999
f 1077/1118/1000 1080/3149/1000 1074/1119/1000
f 1078/1120/1001 1075/1098/1001 1074/1121/1001
f 1068/1090/1001 1076/1124/1001 1077/1123/1001
f 1073/1100/1002 1075/1098/1002 1078/1120/1002
f 1092/1125/1003 1091/1132/1003 1078/1120/1003
f 1080/1122/1003 1093/1135/1003 1092/1125/1003
f 1094/1127/1003 1093/1135/1003 1080/1122/1003
f 1076/1124/1003 1078/1120/1003 1091/1132/1003
f 1076/1124/1003 1091/1132/1003 1089/1130/1003
f 1094/1127/1003 1080/1122/1003 1077/1123/1003
f 1090/1128/1003 1094/1127/1003 1077/1123/1003
f 1076/1124/1003 1089/1130/1003 1088/1126/1003
f 1088/1126/1003 1090/1128/1003 1077/1123/1003
f 1084/1102/958 1083/3147/958 1094/1127/958
f 1082/1129/1001 1084/1102/1001 1090/1128/1001
f 1082/1129/990 1088/1126/990 1089/1130/990
f 1087/1131/1004 1089/1130/1004 1091/1132/1004
f 1091/1132/1004 1081/1133/1004 1086/1099/1004
f 1081/1133/998 1091/1132/998 1092/1125/998
f 1094/1127/1005 1083/3147/1005 1085/1097/1005
f 1085/1097/1005 1079/1134/1005 1092/1125/1005
f 1093/1135/1005 1094/1127/1005 1085/1097/1005
f 1081/1133/1006 1079/1134/1006 1085/1097/1006
f 1062/1096/1007 1096/1116/1007 1095/1115/1007
f 1064/1092/1008 1098/1095/1008 1097/1089/1008
f 1101/1105/1001 1102/1139/1001 1099/1136/1001
f 1063/1138/1009 1065/3150/1009 1100/1137/1009
f 1059/1104/1010 1063/1138/1010 1099/1136/1010
f 1065/1111/1011 1061/1106/1011 1101/1105/1011
f 1110/1140/990 1114/3151/990 1112/1141/990
f 1060/1091/998 1103/1144/998 1105/1142/998
f 1069/1112/1001 1106/1156/1001 1104/1143/1001
f 1060/1091/958 1067/1109/958 1104/1143/958
f 1108/1145/1013 1110/1155/1013 1109/1146/1013
f 1104/1143/1014 1108/1145/1014 1107/1147/1014
f 1106/1093/1015 1105/1142/1015 1109/1148/1015
f 1168/1149/3287 1164/1236/3287 1109/1148/3287
f 1109/1148/3288 1105/1142/3288 1162/1150/3288
f 1162/1150/990 1179/1246/990 1168/1149/990
f 1111/1151/993 1115/1158/993 1117/1152/993
f 1108/1145/1017 1119/1163/1017 1120/1154/1017
f 1106/1156/994 1112/1162/994 1111/1151/994
f 1104/1143/958 1111/1151/958 1113/1153/958
f 1116/1157/1001 1118/1159/1001 1117/1152/1001
f 1113/1153/1018 1117/1152/1018 1118/1159/1018
f 1114/1161/1009 1118/1159/1009 1116/1157/1009
f 1112/1162/1019 1116/1157/1019 1115/1158/1019
f 1119/1163/998 1123/1170/998 1124/1164/998
f 1114/1160/1020 1122/1171/1020 1121/1165/1020
f 1108/1145/1021 1113/1153/1021 1121/1165/1021
f 1110/1155/1022 1120/1154/1022 1122/1166/1022
f 1125/1168/958 1129/1176/958 1127/1169/958
f 1121/1165/958 1125/1168/958 1123/1170/958
f 1122/1171/1001 1126/1175/1001 1125/1168/1001
f 1122/1166/990 1120/1154/990 1124/1164/990
f 1127/1169/995 1129/1176/995 1130/1173/995
f 1126/1175/1001 1130/1173/1001 1129/1176/1001
f 1124/1164/990 1128/1183/990 1130/1177/990
f 1128/1174/1023 1134/1190/1023 1133/1178/1023
f 1131/1179/958 1133/1178/958 1137/1180/958
f 1124/1164/990 1132/1184/990 1134/1182/990
f 1123/1170/958 1127/1169/958 1133/1178/958
f 1123/1170/1024 1131/1179/1024 1132/1184/1024
f 1135/1181/998 1137/1180/998 1138/1185/998
f 1132/1184/1025 1140/1193/1025 1142/1187/1025
f 1132/1184/990 1136/1188/990 1138/1189/990
f 1134/1190/1026 1138/1185/1026 1137/1180/1026
f 1136/1186/1027 1142/1194/1027 1141/1191/1027
f 1135/1181/1028 1141/1191/1028 1139/1192/1028
f 1132/1184/1029 1131/1179/1029 1139/1192/1029
f 1142/1194/998 1147/1203/998 1149/1195/998
f 1151/1196/994 1145/1211/994 1146/1197/994
f 1158/1199/1034 1148/1200/1034 1139/1192/1034
f 1139/1192/1030 1141/1191/1030 1149/1195/1030
f 1140/1193/1001 1139/1192/1001 1148/1200/1001
f 1157/1202/3289 1147/1214/3289 1142/1187/3289
f 1142/1187/990 1140/1193/990 1150/1201/990
f 1147/1203/3290 1153/1210/3290 1155/1204/3290
f 1156/1205/1001 1154/1212/1001 1143/1206/1001
f 1156/1205/1033 1144/1207/1033 1152/1198/1033
f 1155/1204/958 1145/1211/958 1151/1196/958
f 1153/1210/998 1146/1197/998 1145/1211/998
f 1159/1209/1034 1151/1196/1034 1143/1206/1034
f 1158/1199/1035 1159/1209/1035 1154/1212/1035
f 1149/1195/958 1155/1204/958 1159/1209/958
f 1160/1208/990 1152/1198/990 1146/1197/990
f 1147/1214/990 1157/1202/990 1160/1208/990
f 1157/1202/1036 1150/1201/1036 1156/1205/1036
f 1150/1201/3291 1148/1200/3291 1154/1212/3291
f 1143/1206/994 1151/1196/994 1152/1198/994
f 1166/1215/995 1170/1231/995 1173/1216/995
f 1166/1215/1038 1163/1217/1038 1107/1147/1038
f 1107/1147/1038 1109/1146/1038 1164/1218/1038
f 1167/1219/958 1177/1230/958 1161/1220/958
f 1161/1220/3292 1103/1144/3292 1107/1147/3292
f 1107/1147/3293 1163/1217/3293 1167/1219/3293
f 1176/1245/1040 1162/1150/1040 1105/1142/1040
f 1105/1142/1040 1103/1144/1040 1161/1220/1040
f 1105/1142/1040 1161/1220/1040 1178/1221/1040
f 1165/1222/1040 1176/1245/1040 1105/1142/1040
f 1182/1223/994 1167/1219/994 1174/1224/994
f 1174/1224/994 1175/1232/994 1169/1225/994
f 1199/1228/990 1196/1261/990 1194/3152/990
f 1181/1227/990 1186/1243/990 1197/1264/990
f 1181/1227/990 1197/1264/990 1198/1263/990
f 1199/1228/990 1194/3152/990 1190/1226/990
f 1181/1227/990 1198/1263/990 1199/1228/990
f 1185/1229/998 1183/1240/998 1177/1230/998
f 1177/1230/998 1167/1219/998 1182/1223/998
f 1174/1224/998 1173/1216/998 1170/1231/998
f 1175/1232/998 1170/1231/998 1171/1233/998
f 1181/1227/994 1169/1225/994 1175/1232/994
f 1175/1232/994 1172/1234/994 1168/1235/994
f 1164/1236/990 1168/1149/990 1172/1237/990
f 1164/1218/995 1171/1233/995 1170/1231/995
f 1163/1217/958 1173/1216/958 1174/1224/958
f 1203/1241/958 1201/1260/958 1191/1250/958
f 1183/1240/958 1185/1229/958 1202/1262/958
f 1183/1240/958 1202/1262/958 1200/3153/958
f 1203/1241/958 1191/1250/958 1192/1239/958
f 1183/1240/958 1200/3153/958 1203/1241/958
f 1178/1221/1041 1183/1240/1041 1180/1242/1041
f 1161/1220/1041 1177/1230/1041 1183/1240/1041
f 1186/1243/998 1181/1227/998 1168/1235/998
f 1168/1235/998 1179/3154/998 1184/1244/998
f 1176/1245/1041 1184/1247/1041 1179/1246/1041
f 1165/1222/1041 1180/1242/1041 1184/1247/1041
f 1194/1248/1042 1195/1257/1042 1193/1252/1042
f 1187/1249/998 1188/1256/998 1190/1226/998
f 1194/1248/1042 1193/1252/1042 1187/1249/1042
f 1191/1250/998 1189/1251/998 1188/1256/998
f 1187/1249/1042 1193/1252/1042 1192/1239/1042
f 1191/1250/998 1188/1256/998 1187/1249/998
f 1169/1225/995 1188/1256/995 1189/1251/995
f 1183/1240/1043 1192/1239/1043 1193/1252/1043
f 1202/1262/958 1185/1229/958 1182/1223/958
f 1189/1251/958 1191/1250/958 1201/1260/958
f 1189/1251/958 1201/1260/958 1205/1258/958
f 1204/1253/958 1202/1262/958 1182/1223/958
f 1189/1251/958 1205/1258/958 1204/1253/958
f 1206/1259/990 1197/1264/990 1186/1243/990
f 1194/3152/990 1196/1261/990 1207/1255/990
f 1206/1259/990 1186/1243/990 1184/1244/990
f 1195/1254/990 1194/3152/990 1207/1255/990
f 1207/1255/990 1206/1259/990 1184/1244/990
f 1181/1227/995 1190/1226/995 1188/1256/995
f 1180/1242/1043 1193/1252/1043 1195/1257/1043
f 1199/1228/994 1198/1263/994 1204/1253/994
f 1203/1241/995 1200/3153/995 1206/1259/995
f 1201/1260/1001 1203/1241/1001 1207/1255/1001
f 1196/1261/1001 1199/1228/1001 1205/1258/1001
f 1201/1260/1001 1207/1255/1001 1196/1261/1001
f 1206/1259/998 1200/3153/998 1202/1262/998
f 1202/1262/998 1204/1253/998 1198/1263/998
f 1197/1264/998 1206/1259/998 1202/1262/998
f 1209/1265/1044 1211/3155/1044 1210/1266/1044
f 1210/1266/1045 1211/3155/1045 1213/1268/1045
f 1213/1268/1046 1215/3156/1046 1214/1270/1046
f 1214/1270/1047 1215/3156/1047 1217/1271/1047
f 1216/1272/1048 1217/1271/1048 1219/1273/1048
f 1218/1274/1049 1219/1273/1049 1221/1275/1049
f 1221/1275/1050 1223/3157/1050 1222/1277/1050
f 1222/1277/734 1223/3157/734 1225/1278/734
f 1224/1279/1051 1225/1278/1051 1227/1280/1051
f 1227/1280/1052 1229/1283/1052 1228/1282/1052
f 1229/1283/1053 1231/3158/1053 1230/1284/1053
f 1230/1284/1054 1231/3158/1054 1233/1285/1054
f 1233/1285/1055 1235/1288/1055 1234/1287/1055
f 1235/1288/1056 1237/1290/1056 1236/1289/1056
f 1237/1290/1057 1239/1292/1057 1238/1291/1057
f 1239/1292/1058 1241/3159/1058 1240/1293/1058
f 1240/1293/1059 1241/3159/1059 1243/1294/1059
f 1243/1294/1060 1245/1318/1060 1244/1296/1060
f 1244/1296/1061 1245/1318/1061 1247/1297/1061
f 1246/1298/1062 1247/1297/1062 1249/1299/1062
f 1249/1299/1063 1251/3160/1063 1250/1301/1063
f 1250/1301/1064 1251/3160/1064 1253/1302/1064
f 1252/1303/1065 1253/1302/1065 1255/1304/1065
f 1255/1304/1066 1257/1307/1066 1256/1306/1066
f 1257/1307/1067 1259/3161/1067 1258/1308/1067
f 1258/1308/1068 1259/3161/1068 1261/1309/1068
f 1261/1309/1069 1263/1312/1069 1262/1311/1069
f 1263/1312/1070 1265/1314/1070 1264/1313/1070
f 1265/1314/1071 1267/1316/1071 1266/1315/1071
f 1267/1316/1072 1269/1321/1072 1268/1317/1072
f 1213/1320/3294 1211/3162/3294 1209/1323/3294
f 1209/1323/3294 1271/3163/3294 1269/1321/3294
f 1269/1321/3294 1267/1316/3294 1265/1314/3294
f 1265/1314/1073 1263/1312/1073 1261/1309/1073
f 1261/1309/1073 1259/3161/1073 1257/1307/1073
f 1257/1307/1073 1255/1304/1073 1253/1302/1073
f 1253/1302/3295 1251/3160/3295 1249/1299/3295
f 1249/1299/3294 1247/1297/3294 1245/1318/3294
f 1245/1318/3294 1243/1294/3294 1241/3164/3294
f 1241/3164/1073 1239/3165/1073 1237/3166/1073
f 1237/3166/3294 1235/3167/3294 1233/3168/3294
f 1233/3168/3296 1231/3169/3296 1229/1319/3296
f 1229/1319/1073 1227/3170/1073 1225/3171/1073
f 1225/3171/1073 1223/3172/1073 1221/3173/1073
f 1221/3173/1073 1219/3174/1073 1217/3175/1073
f 1217/3175/3294 1215/3176/3294 1213/1320/3294
f 1213/1320/1073 1209/1323/1073 1269/1321/1073
f 1269/1321/1073 1265/1314/1073 1261/1309/1073
f 1261/1309/1073 1257/1307/1073 1253/1302/1073
f 1253/1302/1073 1249/1299/1073 1245/1318/1073
f 1245/1318/1073 1241/3164/1073 1237/3166/1073
f 1237/3166/1073 1233/3168/1073 1229/1319/1073
f 1229/1319/1073 1225/3171/1073 1221/3173/1073
f 1221/3173/1073 1217/3175/1073 1213/1320/1073
f 1213/1320/1073 1269/1321/1073 1261/1309/1073
f 1261/1309/1073 1253/1302/1073 1245/1318/1073
f 1245/1318/1073 1237/3166/1073 1229/1319/1073
f 1229/1319/1073 1221/3173/1073 1213/1320/1073
f 1213/1320/1073 1261/1309/1073 1245/1318/1073
f 1269/1321/1074 1271/3163/1074 1270/1322/1074
f 1270/1322/1075 1271/3163/1075 1209/1323/1075
f 1222/1277/734 1224/1279/734 1280/1325/734
f 1278/1327/3297 1279/1326/3297 1311/1328/3297
f 1242/1295/3298 1289/1339/3298 1288/1330/3298
f 1260/1310/3299 1298/1340/3299 1297/1331/3299
f 1214/1270/3300 1216/1272/3300 1276/1332/3300
f 1232/1286/3301 1234/1287/3301 1285/1334/3301
f 1252/1303/3302 1294/1343/3302 1293/1336/3302
f 1270/1322/3303 1303/1346/3303 1302/1337/3303
f 1224/1279/3304 1226/1281/3304 1281/1338/3304
f 1244/1296/3305 1290/1348/3305 1289/1339/3305
f 1262/1311/3306 1299/1349/3306 1298/1340/3306
f 1216/1272/3307 1218/1274/3307 1277/1341/3307
f 1234/1287/3308 1236/1289/3308 1286/1342/3308
f 1254/1305/3309 1295/1351/3309 1294/1343/3309
f 1208/1267/3310 1210/1266/3310 1273/1344/3310
f 1208/1324/3311 1272/1388/3311 1303/1346/3311
f 1226/1281/3312 1228/1282/3312 1282/1347/3312
f 1246/1298/3313 1291/1354/3313 1290/1348/3313
f 1264/1313/3314 1300/1355/3314 1299/1349/3314
f 1218/1274/3315 1220/1276/3315 1278/1327/3315
f 1236/1289/3316 1238/1291/3316 1287/1350/3316
f 1256/1306/3317 1296/1356/3317 1295/1351/3317
f 1210/1266/3318 1212/1269/3318 1274/1352/3318
f 1228/1282/3319 1230/1284/3319 1283/1353/3319
f 1248/1300/3320 1292/1357/3320 1291/1354/3320
f 1266/1315/3321 1301/1358/3321 1300/1355/3321
f 1220/1276/3322 1222/1277/3322 1279/1326/3322
f 1238/1291/3323 1240/1293/3323 1288/1330/3323
f 1258/1308/3324 1297/1331/3324 1296/1356/3324
f 1212/1269/3325 1214/1270/3325 1275/1333/3325
f 1230/1284/3326 1232/1286/3326 1284/1335/3326
f 1250/1301/3327 1293/1336/3327 1292/1357/3327
f 1268/1317/3328 1302/1337/3328 1301/1358/3328
f 1313/1359/3329 1314/1366/3329 1346/1360/3329
f 1293/1336/3330 1325/1364/3330 1324/1362/3330
f 1279/1326/676 1280/1325/676 1312/1363/676
f 1294/1343/3331 1326/1365/3331 1325/1364/3331
f 1280/1325/3332 1281/1338/3332 1313/1359/3332
f 1295/1351/3333 1327/1367/3333 1326/1365/3333
f 1281/1338/3334 1282/1347/3334 1314/1366/3334
f 1296/1356/639 1328/1369/639 1327/1367/639
f 1282/1347/3335 1283/1353/3335 1315/1368/3335
f 1297/1331/3336 1329/1371/3336 1328/1369/3336
f 1283/1353/3337 1284/1335/3337 1316/1370/3337
f 1298/1340/3338 1330/1373/3338 1329/1371/3338
f 1284/1335/3339 1285/1334/3339 1317/1372/3339
f 1299/1349/3340 1331/1377/3340 1330/1373/3340
f 1285/1334/3341 1286/1342/3341 1318/1374/3341
f 1272/1345/3342 1273/1344/3342 1305/1375/3342
f 1300/1355/3343 1332/1380/3343 1331/1377/3343
f 1286/1342/3344 1287/1350/3344 1319/1378/3344
f 1273/1344/3345 1274/1352/3345 1306/1379/3345
f 1301/1358/3346 1333/1383/3346 1332/1380/3346
f 1287/1350/3347 1288/1330/3347 1320/1381/3347
f 1274/1352/3348 1275/1333/3348 1307/1382/3348
f 1302/1337/3349 1334/1385/3349 1333/1383/3349
f 1289/1339/3350 1321/1386/3350 1320/1381/3350
f 1275/1333/3351 1276/1332/3351 1308/1384/3351
f 1303/1346/3352 1335/1389/3352 1334/1385/3352
f 1290/1348/3353 1322/1390/3353 1321/1386/3353
f 1276/1332/3354 1277/1341/3354 1309/1387/3354
f 1272/1388/3355 1304/1415/3355 1335/1389/3355
f 1291/1354/3356 1323/1391/3356 1322/1390/3356
f 1277/1341/3357 1278/1327/3357 1310/1329/3357
f 1292/1357/3358 1324/1362/3358 1323/1391/3358
f 1348/1392/3359 1349/1399/3359 1381/1393/3359
f 1328/1369/3360 1360/1397/3360 1359/1395/3360
f 1314/1366/3361 1315/1368/3361 1347/1396/3361
f 1329/1371/3362 1361/1398/3362 1360/1397/3362
f 1315/1368/3363 1316/1370/3363 1348/1392/3363
f 1330/1373/3364 1362/1400/3364 1361/1398/3364
f 1316/1370/3365 1317/1372/3365 1349/1399/3365
f 1331/1377/3366 1363/1404/3366 1362/1400/3366
f 1317/1372/3367 1318/1374/3367 1350/1401/3367
f 1304/1376/3368 1305/1375/3368 1337/1402/3368
f 1332/1380/3369 1364/1407/3369 1363/1404/3369
f 1318/1374/3370 1319/1378/3370 1351/1405/3370
f 1305/1375/3371 1306/1379/3371 1338/1406/3371
f 1333/1383/3372 1365/1410/3372 1364/1407/3372
f 1319/1378/3373 1320/1381/3373 1352/1408/3373
f 1306/1379/3374 1307/1382/3374 1339/1409/3374
f 1334/1385/3375 1366/1412/3375 1365/1410/3375
f 1321/1386/3376 1353/1413/3376 1352/1408/3376
f 1307/1382/3377 1308/1384/3377 1340/1411/3377
f 1335/1389/3378 1367/1416/3378 1366/1412/3378
f 1322/1390/3379 1354/1417/3379 1353/1413/3379
f 1308/1384/3380 1309/1387/3380 1341/1414/3380
f 1304/1415/3381 1336/1442/3381 1367/1416/3381
f 1323/1391/3382 1355/1419/3382 1354/1417/3382
f 1309/1387/3383 1310/1329/3383 1342/1418/3383
f 1324/1362/3384 1356/1421/3384 1355/1419/3384
f 1310/1329/3385 1311/1328/3385 1343/1420/3385
f 1325/1364/3386 1357/1423/3386 1356/1421/3386
f 1311/1328/650 1312/1363/650 1344/1422/650
f 1326/1365/3387 1358/1424/3387 1357/1423/3387
f 1312/1363/3388 1313/1359/3388 1345/1361/3388
f 1327/1367/3389 1359/1395/3389 1358/1424/3389
f 1383/1425/3390 1384/1435/3390 1416/1426/3390
f 1363/1404/3391 1395/1432/3391 1394/1428/3391
f 1349/1399/3392 1350/1401/3392 1382/1429/3392
f 1336/1403/3393 1337/1402/3393 1369/1430/3393
f 1364/1407/3394 1396/1434/3394 1395/1432/3394
f 1350/1401/3395 1351/1405/3395 1383/1425/3395
f 1337/1402/3396 1338/1406/3396 1370/1433/3396
f 1365/1410/3397 1397/1437/3397 1396/1434/3397
f 1351/1405/3398 1352/1408/3398 1384/1435/3398
f 1338/1406/3399 1339/1409/3399 1371/1436/3399
f 1366/1412/3400 1398/1439/3400 1397/1437/3400
f 1353/1413/3401 1385/1440/3401 1384/1435/3401
f 1339/1409/3402 1340/1411/3402 1372/1438/3402
f 1367/1416/3403 1399/1443/3403 1398/1439/3403
f 1354/1417/3404 1386/1444/3404 1385/1440/3404
f 1340/1411/3405 1341/1414/3405 1373/1441/3405
f 1336/1442/3406 1368/1468/3406 1399/1443/3406
f 1355/1419/3407 1387/1446/3407 1386/1444/3407
f 1341/1414/3408 1342/1418/3408 1374/1445/3408
f 1356/1421/3409 1388/1448/3409 1387/1446/3409
f 1342/1418/3410 1343/1420/3410 1375/1447/3410
f 1357/1423/3411 1389/1450/3411 1388/1448/3411
f 1343/1420/3412 1344/1422/3412 1376/1449/3412
f 1358/1424/3413 1390/1452/3413 1389/1450/3413
f 1344/1422/3414 1345/1361/3414 1377/1451/3414
f 1359/1395/3415 1391/1454/3415 1390/1452/3415
f 1345/1361/3416 1346/1360/3416 1378/1453/3416
f 1360/1397/3417 1392/1456/3417 1391/1454/3417
f 1346/1360/3418 1347/1396/3418 1379/1455/3418
f 1361/1398/3419 1393/1457/3419 1392/1456/3419
f 1347/1396/3420 1348/1392/3420 1380/1394/3420
f 1362/1400/3421 1394/1428/3421 1393/1457/3421
f 1418/1458/19 1419/1471/19 1451/1459/19
f 1370/1433/3422 1371/1436/3422 1403/1461/3422
f 1398/1439/3423 1430/1465/3423 1429/1463/3423
f 1385/1440/3424 1417/1466/3424 1416/1426/3424
f 1371/1436/3425 1372/1438/3425 1404/1464/3425
f 1399/1443/3426 1431/1469/3426 1430/1465/3426
f 1386/1444/3427 1418/1458/3427 1417/1466/3427
f 1372/1438/3428 1373/1441/3428 1405/1467/3428
f 1368/1468/3429 1400/3177/3429 1431/1469/3429
f 1387/1446/3430 1419/1471/3430 1418/1458/3430
f 1373/1441/3431 1374/1445/3431 1406/1470/3431
f 1388/1448/3432 1420/1473/3432 1419/1471/3432
f 1374/1445/3433 1375/1447/3433 1407/1472/3433
f 1389/1450/3434 1421/1475/3434 1420/1473/3434
f 1375/1447/3435 1376/1449/3435 1408/1474/3435
f 1390/1452/3436 1422/1477/3436 1421/1475/3436
f 1376/1449/3437 1377/1451/3437 1409/1476/3437
f 1391/1454/3438 1423/1479/3438 1422/1477/3438
f 1377/1451/3439 1378/1453/3439 1410/1478/3439
f 1392/1456/3440 1424/1481/3440 1423/1479/3440
f 1378/1453/3441 1379/1455/3441 1411/1480/3441
f 1393/1457/3442 1425/1483/3442 1424/1481/3442
f 1379/1455/3443 1380/1394/3443 1412/1482/3443
f 1394/1428/3444 1426/1485/3444 1425/1483/3444
f 1380/1394/3445 1381/1393/3445 1413/1484/3445
f 1395/1432/3446 1427/1489/3446 1426/1485/3446
f 1381/1393/3447 1382/1429/3447 1414/1486/3447
f 1368/1431/3448 1369/1430/3448 1401/1487/3448
f 1396/1434/3449 1428/1490/3449 1427/1489/3449
f 1382/1429/3450 1383/1425/3450 1415/1427/3450
f 1369/1430/3451 1370/1433/3451 1402/1462/3451
f 1397/1437/3452 1429/1463/3452 1428/1490/3452
f 1453/1491/3453 1454/1499/3453 1486/1492/3453
f 1406/1470/6 1438/1496/6 1437/1494/6
f 1420/1473/20 1452/1497/20 1451/1459/20
f 1406/1470/7 1407/1472/7 1439/1495/7
f 1420/1473/21 1421/1475/21 1453/1491/21
f 1407/1472/8 1408/1474/8 1440/1498/8
f 1422/1477/22 1454/1499/22 1453/1491/22
f 1409/1476/9 1441/1500/9 1440/1498/9
f 1423/1479/23 1455/1501/23 1454/1499/23
f 1410/1478/10 1442/1503/10 1441/1500/10
f 1424/1481/24 1456/1504/24 1455/1501/24
f 1410/1478/11 1411/1480/11 1443/1502/11
f 1425/1483/25 1457/1505/25 1456/1504/25
f 1412/1482/12 1444/1506/12 1443/1502/12
f 1426/1485/26 1458/1507/26 1457/1505/26
f 1413/1484/13 1445/1508/13 1444/1506/13
f 1427/1489/27 1459/1510/27 1458/1507/27
f 1414/1486/14 1446/1511/14 1445/1508/14
f 1401/1487/1 1433/1512/1 1432/1509/1
f 1428/1490/28 1460/1513/28 1459/1510/28
f 1415/1427/15 1447/1515/15 1446/1511/15
f 1402/1462/2 1434/1516/2 1433/1512/2
f 1429/1463/29 1461/1518/29 1460/1513/29
f 1415/1427/16 1416/1426/16 1448/1514/16
f 1403/1461/3 1435/1519/3 1434/1516/3
f 1429/1463/30 1430/1465/30 1462/1517/30
f 1417/1466/17 1449/1520/17 1448/1514/17
f 1404/1464/4 1436/1521/4 1435/1519/4
f 1431/1469/32 1463/1523/32 1462/1517/32
f 1418/1458/18 1450/1460/18 1449/1520/18
f 1405/1467/5 1437/1494/5 1436/1521/5
f 1431/1469/33 1400/3177/33 1432/1522/33
f 1489/1524/3454 1521/1560/3454 1520/1525/3454
f 1440/1498/3455 1441/1500/3455 1473/1527/3455
f 1454/1499/3456 1455/1501/3456 1487/1529/3456
f 1441/1500/3457 1442/1503/3457 1474/1530/3457
f 1455/1501/3458 1456/1504/3458 1488/1526/3458
f 1442/1503/3459 1443/1502/3459 1475/1531/3459
f 1457/1505/3460 1489/1524/3460 1488/1526/3460
f 1443/1502/3461 1444/1506/3461 1476/1532/3461
f 1458/1507/3462 1490/1534/3462 1489/1524/3462
f 1444/1506/3463 1445/1508/3463 1477/1533/3463
f 1459/1510/3464 1491/1537/3464 1490/1534/3464
f 1445/1508/3465 1446/1511/3465 1478/1535/3465
f 1433/1512/3466 1465/1539/3466 1464/1536/3466
f 1460/1513/3467 1492/1540/3467 1491/1537/3467
f 1446/1511/3468 1447/1515/3468 1479/1538/3468
f 1434/1516/3469 1466/1542/3469 1465/1539/3469
f 1461/1518/3470 1493/1543/3470 1492/1540/3470
f 1447/1515/16 1448/1514/16 1480/1541/16
f 1435/1519/3471 1467/1545/3471 1466/1542/3471
f 1462/1517/3472 1494/1546/3472 1493/1543/3472
f 1448/1514/3473 1449/1520/3473 1481/1544/3473
f 1436/1521/3474 1468/1548/3474 1467/1545/3474
f 1463/1523/3475 1495/1549/3475 1494/1546/3475
f 1449/1520/3476 1450/1460/3476 1482/1547/3476
f 1437/1494/3477 1469/1551/3477 1468/1548/3477
f 1432/1522/3478 1464/1575/3478 1495/1549/3478
f 1450/1460/3479 1451/1459/3479 1483/1550/3479
f 1438/1496/3480 1470/1553/3480 1469/1551/3480
f 1451/1459/3481 1452/1497/3481 1484/1552/3481
f 1439/1495/3482 1471/1554/3482 1470/1553/3482
f 1452/1497/3483 1453/1491/3483 1485/1493/3483
f 1440/1498/3484 1472/1528/3484 1471/1554/3484
f 1497/1555/3485 1529/1594/3485 1528/1556/3485
f 1475/1531/3486 1476/1532/3486 1508/1558/3486
f 1490/1534/3487 1522/1562/3487 1521/1560/3487
f 1476/1532/3488 1477/1533/3488 1509/1561/3488
f 1491/1537/3489 1523/1564/3489 1522/1562/3489
f 1477/1533/3490 1478/1535/3490 1510/1563/3490
f 1465/1539/3491 1497/1555/3491 1496/1557/3491
f 1492/1540/3492 1524/1566/3492 1523/1564/3492
f 1478/1535/3493 1479/1538/3493 1511/1565/3493
f 1466/1542/3494 1498/1568/3494 1497/1555/3494
f 1493/1543/3495 1525/1569/3495 1524/1566/3495
f 1479/1538/3496 1480/1541/3496 1512/1567/3496
f 1467/1545/3497 1499/1571/3497 1498/1568/3497
f 1494/1546/3498 1526/1572/3498 1525/1569/3498
f 1480/1541/3499 1481/1544/3499 1513/1570/3499
f 1468/1548/3500 1500/1574/3500 1499/1571/3500
f 1495/1549/3501 1527/1576/3501 1526/1572/3501
f 1481/1544/3502 1482/1547/3502 1514/1573/3502
f 1469/1551/3503 1501/1578/3503 1500/1574/3503
f 1464/1575/3504 1496/1602/3504 1527/1576/3504
f 1482/1547/3505 1483/1550/3505 1515/1577/3505
f 1470/1553/3506 1502/1580/3506 1501/1578/3506
f 1483/1550/3507 1484/1552/3507 1516/1579/3507
f 1471/1554/3508 1503/1582/3508 1502/1580/3508
f 1484/1552/3509 1485/1493/3509 1517/1581/3509
f 1472/1528/3510 1504/1585/3510 1503/1582/3510
f 1485/1493/3511 1486/1492/3511 1518/1583/3511
f 1472/1528/3512 1473/1527/3512 1505/1584/3512
f 1486/1492/3513 1487/1529/3513 1519/1586/3513
f 1473/1527/3514 1474/1530/3514 1506/1587/3514
f 1487/1529/3515 1488/1526/3515 1520/1525/3515
f 1474/1530/3516 1475/1531/3516 1507/1559/3516
f 1532/1588/3517 1564/1627/3517 1563/1589/3517
f 1524/1566/3518 1556/1595/3518 1555/1591/3518
f 1510/1563/3519 1511/1565/3519 1543/1592/3519
f 1498/1568/3520 1530/1597/3520 1529/1594/3520
f 1525/1569/3521 1557/1598/3521 1556/1595/3521
f 1511/1565/3522 1512/1567/3522 1544/1596/3522
f 1499/1571/3523 1531/1590/3523 1530/1597/3523
f 1526/1572/3524 1558/1600/3524 1557/1598/3524
f 1512/1567/3525 1513/1570/3525 1545/1599/3525
f 1500/1574/3526 1532/1588/3526 1531/1590/3526
f 1527/1576/3527 1559/1603/3527 1558/1600/3527
f 1513/1570/3528 1514/1573/3528 1546/1601/3528
f 1501/1578/3529 1533/1605/3529 1532/1588/3529
f 1496/1602/3530 1528/1628/3530 1559/1603/3530
f 1514/1573/3531 1515/1577/3531 1547/1604/3531
f 1502/1580/3532 1534/1607/3532 1533/1605/3532
f 1515/1577/3533 1516/1579/3533 1548/1606/3533
f 1503/1582/3534 1535/1609/3534 1534/1607/3534
f 1516/1579/3535 1517/1581/3535 1549/1608/3535
f 1504/1585/3536 1536/1612/3536 1535/1609/3536
f 1517/1581/3537 1518/1583/3537 1550/1610/3537
f 1504/1585/3538 1505/1584/3538 1537/1611/3538
f 1518/1583/3539 1519/1586/3539 1551/1613/3539
f 1505/1584/3540 1506/1587/3540 1538/1614/3540
f 1519/1586/3541 1520/1525/3541 1552/1615/3541
f 1506/1587/3542 1507/1559/3542 1539/1616/3542
f 1521/1560/3543 1553/1618/3543 1552/1615/3543
f 1507/1559/3544 1508/1558/3544 1540/1617/3544
f 1522/1562/3545 1554/1620/3545 1553/1618/3545
f 1508/1558/3546 1509/1561/3546 1541/1619/3546
f 1523/1564/3547 1555/1591/3547 1554/1620/3547
f 1509/1561/3548 1510/1563/3548 1542/1593/3548
f 1567/1621/3549 1599/1659/3549 1598/1622/3549
f 1559/1603/3550 1591/1629/3550 1590/1624/3550
f 1545/1599/3551 1546/1601/3551 1578/1625/3551
f 1533/1605/3552 1565/1631/3552 1564/1627/3552
f 1528/1628/3553 1560/1684/3553 1591/1629/3553
f 1546/1601/3554 1547/1604/3554 1579/1630/3554
f 1534/1607/3555 1566/1623/3555 1565/1631/3555
f 1547/1604/3556 1548/1606/3556 1580/1632/3556
f 1535/1609/3557 1567/1621/3557 1566/1623/3557
f 1548/1606/3558 1549/1608/3558 1581/1633/3558
f 1536/1612/3559 1568/1636/3559 1567/1621/3559
f 1549/1608/3560 1550/1610/3560 1582/1634/3560
f 1536/1612/3561 1537/1611/3561 1569/1635/3561
f 1550/1610/3562 1551/1613/3562 1583/1637/3562
f 1537/1611/3563 1538/1614/3563 1570/1638/3563
f 1551/1613/3564 1552/1615/3564 1584/1639/3564
f 1538/1614/3565 1539/1616/3565 1571/1640/3565
f 1553/1618/3566 1585/1642/3566 1584/1639/3566
f 1539/1616/3567 1540/1617/3567 1572/1641/3567
f 1554/1620/3568 1586/1644/3568 1585/1642/3568
f 1540/1617/3569 1541/1619/3569 1573/1643/3569
f 1555/1591/3570 1587/1647/3570 1586/1644/3570
f 1541/1619/3571 1542/1593/3571 1574/1645/3571
f 1529/1594/3572 1561/1649/3572 1560/1646/3572
f 1556/1595/3573 1588/1650/3573 1587/1647/3573
f 1542/1593/3574 1543/1592/3574 1575/1648/3574
f 1530/1597/3575 1562/1652/3575 1561/1649/3575
f 1557/1598/3576 1589/1653/3576 1588/1650/3576
f 1543/1592/3577 1544/1596/3577 1576/1651/3577
f 1531/1590/3578 1563/1589/3578 1562/1652/3578
f 1558/1600/3579 1590/1624/3579 1589/1653/3579
f 1544/1596/3580 1545/1599/3580 1577/1626/3580
f 1601/1654/3581 1602/1663/3581 1634/1655/3581
f 1580/1632/3582 1581/1633/3582 1613/1657/3582
f 1568/1636/3583 1600/1661/3583 1599/1659/3583
f 1581/1633/3584 1582/1634/3584 1614/1660/3584
f 1568/1636/3585 1569/1635/3585 1601/1654/3585
f 1582/1634/3586 1583/1637/3586 1615/1662/3586
f 1569/1635/3587 1570/1638/3587 1602/1663/3587
f 1583/1637/3588 1584/1639/3588 1616/1664/3588
f 1570/1638/3589 1571/1640/3589 1603/1665/3589
f 1585/1642/3590 1617/1667/3590 1616/1664/3590
f 1571/1640/3591 1572/1641/3591 1604/1666/3591
f 1586/1644/3592 1618/1669/3592 1617/1667/3592
f 1572/1641/3593 1573/1643/3593 1605/1668/3593
f 1587/1647/3594 1619/1672/3594 1618/1669/3594
f 1573/1643/3595 1574/1645/3595 1606/1670/3595
f 1561/1649/3596 1593/1674/3596 1592/1671/3596
f 1588/1650/3597 1620/1675/3597 1619/1672/3597
f 1574/1645/3598 1575/1648/3598 1607/1673/3598
f 1562/1652/3599 1594/1677/3599 1593/1674/3599
f 1589/1653/3600 1621/1678/3600 1620/1675/3600
f 1575/1648/3601 1576/1651/3601 1608/1676/3601
f 1563/1589/3602 1595/1680/3602 1594/1677/3602
f 1590/1624/3603 1622/1681/3603 1621/1678/3603
f 1576/1651/3604 1577/1626/3604 1609/1679/3604
f 1564/1627/3605 1596/1683/3605 1595/1680/3605
f 1591/1629/3606 1623/1685/3606 1622/1681/3606
f 1577/1626/3607 1578/1625/3607 1610/1682/3607
f 1565/1631/3608 1597/1687/3608 1596/1683/3608
f 1560/1684/3609 1592/1710/3609 1623/1685/3609
f 1578/1625/3610 1579/1630/3610 1611/1686/3610
f 1566/1623/3611 1598/1622/3611 1597/1687/3611
f 1579/1630/3612 1580/1632/3612 1612/1658/3612
f 1637/1688/976 1669/1725/976 1668/1689/976
f 1615/1662/3613 1616/1664/3613 1648/1691/3613
f 1602/1663/3614 1603/1665/3614 1635/1693/3614
f 1617/1667/3615 1649/1694/3615 1648/1691/3615
f 1603/1665/3616 1604/1666/3616 1636/1690/3616
f 1618/1669/3617 1650/1695/3617 1649/1694/3617
f 1604/1666/3618 1605/1668/3618 1637/1688/3618
f 1619/1672/3619 1651/1698/3619 1650/1695/3619
f 1605/1668/3620 1606/1670/3620 1638/1696/3620
f 1593/1674/3621 1625/1700/3621 1624/1697/3621
f 1620/1675/3622 1652/1701/3622 1651/1698/3622
f 1606/1670/3623 1607/1673/3623 1639/1699/3623
f 1594/1677/3624 1626/1703/3624 1625/1700/3624
f 1621/1678/3625 1653/1704/3625 1652/1701/3625
f 1607/1673/3626 1608/1676/3626 1640/1702/3626
f 1595/1680/3627 1627/1706/3627 1626/1703/3627
f 1622/1681/3628 1654/1707/3628 1653/1704/3628
f 1608/1676/3629 1609/1679/3629 1641/1705/3629
f 1596/1683/3630 1628/1709/3630 1627/1706/3630
f 1623/1685/3631 1655/1711/3631 1654/1707/3631
f 1609/1679/3632 1610/1682/3632 1642/1708/3632
f 1597/1687/3633 1629/1713/3633 1628/1709/3633
f 1592/1710/3634 1624/1739/3634 1655/1711/3634
f 1610/1682/3635 1611/1686/3635 1643/1712/3635
f 1598/1622/3636 1630/1715/3636 1629/1713/3636
f 1611/1686/3637 1612/1658/3637 1644/1714/3637
f 1599/1659/3638 1631/1717/3638 1630/1715/3638
f 1612/1658/3639 1613/1657/3639 1645/1716/3639
f 1600/1661/3640 1632/1719/3640 1631/1717/3640
f 1613/1657/3641 1614/1660/3641 1646/1718/3641
f 1600/1661/3642 1601/1654/3642 1633/1656/3642
f 1614/1660/3643 1615/1662/3643 1647/1692/3643
f 1671/1720/982 1672/1730/982 1704/1721/982
f 1651/1698/964 1683/1728/964 1682/1723/964
f 1637/1688/978 1638/1696/978 1670/1724/978
f 1625/1700/979 1657/1729/979 1656/1726/979
f 1651/1698/967 1652/1701/967 1684/1727/967
f 1638/1696/980 1639/1699/980 1671/1720/980
f 1626/1703/981 1658/1731/981 1657/1729/981
f 1653/1704/970 1685/1733/970 1684/1727/970
f 1639/1699/982 1640/1702/982 1672/1730/982
f 1627/1706/983 1659/1736/983 1658/1731/983
f 1653/1704/973 1654/1707/973 1686/1732/973
f 1640/1702/984 1641/1705/984 1673/1734/984
f 1627/1706/985 1628/1709/985 1660/1735/985
f 1654/1707/975 1655/1711/975 1687/1737/975
f 1642/1708/986 1674/1740/986 1673/1734/986
f 1628/1709/987 1629/1713/987 1661/1738/987
f 1624/1739/977 1656/1764/977 1687/1737/977
f 1643/1712/988 1675/1741/988 1674/1740/988
f 1630/1715/989 1662/1742/989 1661/1738/989
f 1644/1714/959 1676/1743/959 1675/1741/959
f 1631/1717/960 1663/1744/960 1662/1742/960
f 1645/1716/962 1677/1746/962 1676/1743/962
f 1632/1719/963 1664/1747/963 1663/1744/963
f 1645/1716/965 1646/1718/965 1678/1745/965
f 1633/1656/966 1665/1749/966 1664/1747/966
f 1647/1692/968 1679/1751/968 1678/1745/968
f 1633/1656/969 1634/1655/969 1666/1748/969
f 1647/1692/971 1648/1691/971 1680/1750/971
f 1635/1693/972 1667/1753/972 1666/1748/972
f 1648/1691/926 1649/1694/926 1681/1752/926
f 1636/1690/974 1668/1689/974 1667/1753/974
f 1650/1695/961 1682/1723/961 1681/1752/961
f 1707/1754/3644 1739/1791/3644 1738/1755/3644
f 1659/1736/983 1691/1762/983 1690/1757/983
f 1685/1733/973 1686/1732/973 1718/1758/973
f 1672/1730/984 1673/1734/984 1705/1760/984
f 1659/1736/985 1660/1735/985 1692/1761/985
f 1687/1737/975 1719/1765/975 1718/1758/975
f 1674/1740/986 1706/1756/986 1705/1760/986
f 1660/1735/987 1661/1738/987 1693/1763/987
f 1656/1764/977 1688/1817/977 1719/1765/977
f 1675/1741/988 1707/1754/988 1706/1756/988
f 1662/1742/989 1694/1766/989 1693/1763/989
f 1676/1743/959 1708/1767/959 1707/1754/959
f 1663/1744/960 1695/1768/960 1694/1766/960
f 1677/1746/962 1709/1770/962 1708/1767/962
f 1664/1747/963 1696/1772/963 1695/1768/963
f 1677/1746/965 1678/1745/965 1710/1769/965
f 1664/1747/966 1665/1749/966 1697/1771/966
f 1679/1751/968 1711/1775/968 1710/1769/968
f 1665/1749/969 1666/1748/969 1698/1773/969
f 1679/1751/971 1680/1750/971 1712/1774/971
f 1667/1753/972 1699/1777/972 1698/1773/972
f 1680/1750/926 1681/1752/926 1713/1776/926
f 1668/1689/974 1700/1778/974 1699/1777/974
f 1682/1723/961 1714/1779/961 1713/1776/961
f 1669/1725/976 1701/1781/976 1700/1778/976
f 1683/1728/964 1715/1784/964 1714/1779/964
f 1669/1725/978 1670/1724/978 1702/1780/978
f 1657/1729/979 1689/1785/979 1688/1782/979
f 1683/1728/967 1684/1727/967 1716/1783/967
f 1671/1720/980 1703/1722/980 1702/1780/980
f 1658/1731/981 1690/1757/981 1689/1785/981
f 1685/1733/970 1717/1759/970 1716/1783/970
f 1742/1786/3645 1774/1824/3645 1773/1787/3645
f 1693/1763/3646 1694/1766/3646 1726/1789/3646
f 1708/1767/3647 1740/1793/3647 1739/1791/3647
f 1694/1766/3648 1695/1768/3648 1727/1792/3648
f 1709/1770/3649 1741/1788/3649 1740/1793/3649
f 1695/1768/963 1696/1772/963 1728/1794/963
f 1710/1769/3650 1742/1786/3650 1741/1788/3650
f 1696/1772/3651 1697/1771/3651 1729/1795/3651
f 1711/1775/3652 1743/1797/3652 1742/1786/3652
f 1697/1771/3653 1698/1773/3653 1730/1796/3653
f 1712/1774/3654 1744/1799/3654 1743/1797/3654
f 1698/1773/3655 1699/1777/3655 1731/1798/3655
f 1713/1776/3656 1745/1801/3656 1744/1799/3656
f 1699/1777/3657 1700/1778/3657 1732/1800/3657
f 1714/1779/3658 1746/1803/3658 1745/1801/3658
f 1700/1778/3659 1701/1781/3659 1733/1802/3659
f 1715/1784/3660 1747/1807/3660 1746/1803/3660
f 1701/1781/3661 1702/1780/3661 1734/1804/3661
f 1688/1782/3662 1689/1785/3662 1721/1805/3662
f 1716/1783/3663 1748/1810/3663 1747/1807/3663
f 1702/1780/3664 1703/1722/3664 1735/1808/3664
f 1689/1785/3665 1690/1757/3665 1722/1809/3665
f 1717/1759/3666 1749/1813/3666 1748/1810/3666
f 1703/1722/3667 1704/1721/3667 1736/1811/3667
f 1690/1757/3668 1691/1762/3668 1723/1812/3668
f 1718/1758/3669 1750/1815/3669 1749/1813/3669
f 1705/1760/3670 1737/1816/3670 1736/1811/3670
f 1691/1762/3671 1692/1761/3671 1724/1814/3671
f 1719/1765/3672 1751/1818/3672 1750/1815/3672
f 1706/1756/3673 1738/1755/3673 1737/1816/3673
f 1692/1761/3674 1693/1763/3674 1725/1790/3674
f 1688/1817/3675 1720/1845/3675 1751/1818/3675
f 1777/1819/3676 1809/1857/3676 1808/1820/3676
f 1728/1794/3677 1729/1795/3677 1761/1822/3677
f 1743/1797/3678 1775/1826/3678 1774/1824/3678
f 1729/1795/3679 1730/1796/3679 1762/1825/3679
f 1744/1799/3680 1776/1821/3680 1775/1826/3680
f 1730/1796/3681 1731/1798/3681 1763/1827/3681
f 1745/1801/3682 1777/1819/3682 1776/1821/3682
f 1731/1798/3683 1732/1800/3683 1764/1828/3683
f 1746/1803/3684 1778/1830/3684 1777/1819/3684
f 1732/1800/3685 1733/1802/3685 1765/1829/3685
f 1747/1807/3686 1779/1834/3686 1778/1830/3686
f 1733/1802/3687 1734/1804/3687 1766/1831/3687
f 1720/1806/3688 1721/1805/3688 1753/1832/3688
f 1748/1810/3689 1780/1837/3689 1779/1834/3689
f 1734/1804/3690 1735/1808/3690 1767/1835/3690
f 1721/1805/3691 1722/1809/3691 1754/1836/3691
f 1749/1813/3692 1781/1840/3692 1780/1837/3692
f 1735/1808/3693 1736/1811/3693 1768/1838/3693
f 1722/1809/3694 1723/1812/3694 1755/1839/3694
f 1750/1815/3695 1782/1842/3695 1781/1840/3695
f 1737/1816/3696 1769/1843/3696 1768/1838/3696
f 1723/1812/3697 1724/1814/3697 1756/1841/3697
f 1751/1818/3698 1783/1846/3698 1782/1842/3698
f 1738/1755/3699 1770/1847/3699 1769/1843/3699
f 1724/1814/3700 1725/1790/3700 1757/1844/3700
f 1720/1845/3701 1752/1872/3701 1783/1846/3701
f 1739/1791/3702 1771/1849/3702 1770/1847/3702
f 1725/1790/3703 1726/1789/3703 1758/1848/3703
f 1740/1793/3704 1772/1851/3704 1771/1849/3704
f 1726/1789/3705 1727/1792/3705 1759/1850/3705
f 1741/1788/3706 1773/1787/3706 1772/1851/3706
f 1727/1792/3707 1728/1794/3707 1760/1823/3707
f 1812/1852/3708 1844/1892/3708 1843/1853/3708
f 1763/1827/3709 1764/1828/3709 1796/1855/3709
f 1778/1830/3710 1810/1859/3710 1809/1857/3710
f 1764/1828/3711 1765/1829/3711 1797/1858/3711
f 1779/1834/3712 1811/1854/3712 1810/1859/3712
f 1765/1829/3713 1766/1831/3713 1798/1860/3713
f 1752/1833/3714 1753/1832/3714 1785/1861/3714
f 1780/1837/3715 1812/1852/3715 1811/1854/3715
f 1766/1831/3716 1767/1835/3716 1799/1863/3716
f 1753/1832/3717 1754/1836/3717 1786/1864/3717
f 1781/1840/3718 1813/1867/3718 1812/1852/3718
f 1767/1835/3719 1768/1838/3719 1800/1865/3719
f 1754/1836/3720 1755/1839/3720 1787/1866/3720
f 1782/1842/3721 1814/1869/3721 1813/1867/3721
f 1769/1843/3722 1801/1870/3722 1800/1865/3722
f 1755/1839/3723 1756/1841/3723 1788/1868/3723
f 1783/1846/3724 1815/1873/3724 1814/1869/3724
f 1770/1847/3725 1802/1874/3725 1801/1870/3725
f 1756/1841/3726 1757/1844/3726 1789/1871/3726
f 1752/1872/3727 1784/1899/3727 1815/1873/3727
f 1771/1849/3728 1803/1876/3728 1802/1874/3728
f 1757/1844/3729 1758/1848/3729 1790/1875/3729
f 1772/1851/3730 1804/1878/3730 1803/1876/3730
f 1758/1848/3731 1759/1850/3731 1791/1877/3731
f 1773/1787/3732 1805/1880/3732 1804/1878/3732
f 1759/1850/3733 1760/1823/3733 1792/1879/3733
f 1774/1824/3734 1806/1882/3734 1805/1880/3734
f 1760/1823/3735 1761/1822/3735 1793/1881/3735
f 1775/1826/3736 1807/1884/3736 1806/1882/3736
f 1761/1822/3737 1762/1825/3737 1794/1883/3737
f 1776/1821/3738 1808/1820/3738 1807/1884/3738
f 1762/1825/3739 1763/1827/3739 1795/1856/3739
f 1847/1885/3740 1879/1925/3740 1878/1886/3740
f 1798/1860/3741 1799/1863/3741 1831/1888/3741
f 1785/1861/3742 1786/1864/3742 1818/1890/3742
f 1813/1867/3743 1845/1895/3743 1844/1892/3743
f 1799/1863/3744 1800/1865/3744 1832/1893/3744
f 1786/1864/3745 1787/1866/3745 1819/1894/3745
f 1814/1869/3746 1846/1887/3746 1845/1895/3746
f 1801/1870/3747 1833/1897/3747 1832/1893/3747
f 1787/1866/3748 1788/1868/3748 1820/1896/3748
f 1815/1873/3749 1847/1885/3749 1846/1887/3749
f 1802/1874/3750 1834/1900/3750 1833/1897/3750
f 1788/1868/3751 1789/1871/3751 1821/1898/3751
f 1784/1899/3752 1816/1924/3752 1847/1885/3752
f 1803/1876/3753 1835/1902/3753 1834/1900/3753
f 1789/1871/3754 1790/1875/3754 1822/1901/3754
f 1804/1878/3755 1836/1904/3755 1835/1902/3755
f 1790/1875/3756 1791/1877/3756 1823/1903/3756
f 1805/1880/3757 1837/1906/3757 1836/1904/3757
f 1791/1877/3758 1792/1879/3758 1824/1905/3758
f 1806/1882/3759 1838/1908/3759 1837/1906/3759
f 1792/1879/3760 1793/1881/3760 1825/1907/3760
f 1807/1884/3761 1839/1910/3761 1838/1908/3761
f 1793/1881/3762 1794/1883/3762 1826/1909/3762
f 1808/1820/3763 1840/1912/3763 1839/1910/3763
f 1794/1883/3764 1795/1856/3764 1827/1911/3764
f 1809/1857/3765 1841/1914/3765 1840/1912/3765
f 1795/1856/3766 1796/1855/3766 1828/1913/3766
f 1810/1859/3767 1842/1916/3767 1841/1914/3767
f 1796/1855/3768 1797/1858/3768 1829/1915/3768
f 1811/1854/3769 1843/1853/3769 1842/1916/3769
f 1797/1858/3770 1798/1860/3770 1830/1889/3770
f 1784/1862/3771 1785/1861/3771 1817/1891/3771
f 1869/1918/3772 1901/1956/3772 1900/1919/3772
f 1834/1900/3773 1866/1926/3773 1865/1921/3773
f 1820/1896/3774 1821/1898/3774 1853/1922/3774
f 1816/1924/3775 1848/1979/3775 1879/1925/3775
f 1835/1902/3776 1867/1928/3776 1866/1926/3776
f 1821/1898/3777 1822/1901/3777 1854/1927/3777
f 1836/1904/3778 1868/1920/3778 1867/1928/3778
f 1822/1901/3779 1823/1903/3779 1855/1929/3779
f 1837/1906/3780 1869/1918/3780 1868/1920/3780
f 1823/1903/3781 1824/1905/3781 1856/1930/3781
f 1838/1908/3782 1870/1932/3782 1869/1918/3782
f 1824/1905/3783 1825/1907/3783 1857/1931/3783
f 1839/1910/3784 1871/1934/3784 1870/1932/3784
f 1825/1907/3785 1826/1909/3785 1858/1933/3785
f 1840/1912/3786 1872/1936/3786 1871/1934/3786
f 1826/1909/3787 1827/1911/3787 1859/1935/3787
f 1841/1914/3788 1873/1938/3788 1872/1936/3788
f 1827/1911/3789 1828/1913/3789 1860/1937/3789
f 1842/1916/3790 1874/1940/3790 1873/1938/3790
f 1828/1913/3791 1829/1915/3791 1861/1939/3791
f 1843/1853/3792 1875/1944/3792 1874/1940/3792
f 1829/1915/3793 1830/1889/3793 1862/1941/3793
f 1816/1917/3794 1817/1891/3794 1849/1942/3794
f 1844/1892/3795 1876/1947/3795 1875/1944/3795
f 1830/1889/3796 1831/1888/3796 1863/1945/3796
f 1817/1891/3797 1818/1890/3797 1850/1946/3797
f 1845/1895/3798 1877/1950/3798 1876/1947/3798
f 1831/1888/3799 1832/1893/3799 1864/1948/3799
f 1818/1890/3800 1819/1894/3800 1851/1949/3800
f 1846/1887/3801 1878/1886/3801 1877/1950/3801
f 1833/1897/3802 1865/1921/3802 1864/1948/3802
f 1819/1894/3803 1820/1896/3803 1852/1923/3803
f 1904/1951/3804 1936/1989/3804 1935/1952/3804
f 1855/1929/3805 1856/1930/3805 1888/1954/3805
f 1870/1932/3806 1902/1958/3806 1901/1956/3806
f 1856/1930/3807 1857/1931/3807 1889/1957/3807
f 1871/1934/3808 1903/1953/3808 1902/1958/3808
f 1857/1931/3809 1858/1933/3809 1890/1959/3809
f 1872/1936/3810 1904/1951/3810 1903/1953/3810
f 1858/1933/3811 1859/1935/3811 1891/1960/3811
f 1873/1938/3812 1905/1962/3812 1904/1951/3812
f 1859/1935/3813 1860/1937/3813 1892/1961/3813
f 1874/1940/3814 1906/1964/3814 1905/1962/3814
f 1860/1937/3815 1861/1939/3815 1893/1963/3815
f 1875/1944/3816 1907/1968/3816 1906/1964/3816
f 1861/1939/3817 1862/1941/3817 1894/1965/3817
f 1848/1943/3818 1849/1942/3818 1881/1966/3818
f 1876/1947/3819 1908/1971/3819 1907/1968/3819
f 1862/1941/3820 1863/1945/3820 1895/1969/3820
f 1849/1942/3821 1850/1946/3821 1882/1970/3821
f 1877/1950/3822 1909/1974/3822 1908/1971/3822
f 1863/1945/3823 1864/1948/3823 1896/1972/3823
f 1850/1946/3824 1851/1949/3824 1883/1973/3824
f 1878/1886/3825 1910/1976/3825 1909/1974/3825
f 1865/1921/3826 1897/1977/3826 1896/1972/3826
f 1851/1949/3827 1852/1923/3827 1884/1975/3827
f 1879/1925/3828 1911/1980/3828 1910/1976/3828
f 1866/1926/3829 1898/1981/3829 1897/1977/3829
f 1852/1923/3830 1853/1922/3830 1885/1978/3830
f 1848/1979/3831 1880/2007/3831 1911/1980/3831
f 1867/1928/3832 1899/1983/3832 1898/1981/3832
f 1853/1922/3833 1854/1927/3833 1886/1982/3833
f 1868/1920/3834 1900/1919/3834 1899/1983/3834
f 1854/1927/3835 1855/1929/3835 1887/1955/3835
f 1938/1984/295 1939/1996/295 1971/1985/295
f 1890/1959/3836 1891/1960/3836 1923/1987/3836
f 1905/1962/3837 1937/1991/3837 1936/1989/3837
f 1891/1960/3838 1892/1961/3838 1924/1990/3838
f 1906/1964/3839 1938/1984/3839 1937/1991/3839
f 1892/1961/3840 1893/1963/3840 1925/1992/3840
f 1907/1968/3841 1939/1996/3841 1938/1984/3841
f 1893/1963/3842 1894/1965/3842 1926/1993/3842
f 1880/1967/3843 1881/1966/3843 1913/1994/3843
f 1908/1971/3844 1940/1999/3844 1939/1996/3844
f 1894/1965/3845 1895/1969/3845 1927/1997/3845
f 1881/1966/3846 1882/1970/3846 1914/1998/3846
f 1909/1974/3847 1941/2002/3847 1940/1999/3847
f 1895/1969/3848 1896/1972/3848 1928/2000/3848
f 1882/1970/3849 1883/1973/3849 1915/2001/3849
f 1910/1976/3850 1942/2004/3850 1941/2002/3850
f 1897/1977/3851 1929/2005/3851 1928/2000/3851
f 1883/1973/3852 1884/1975/3852 1916/2003/3852
f 1911/1980/3853 1943/2008/3853 1942/2004/3853
f 1898/1981/3854 1930/2009/3854 1929/2005/3854
f 1884/1975/3855 1885/1978/3855 1917/2006/3855
f 1880/2007/3856 1912/3178/3856 1943/2008/3856
f 1899/1983/3857 1931/2011/3857 1930/2009/3857
f 1885/1978/3858 1886/1982/3858 1918/2010/3858
f 1900/1919/3859 1932/2013/3859 1931/2011/3859
f 1886/1982/3860 1887/1955/3860 1919/2012/3860
f 1901/1956/3861 1933/2015/3861 1932/2013/3861
f 1887/1955/3862 1888/1954/3862 1920/2014/3862
f 1902/1958/3863 1934/2017/3863 1933/2015/3863
f 1888/1954/3864 1889/1957/3864 1921/2016/3864
f 1903/1953/3865 1935/1952/3865 1934/2017/3865
f 1889/1957/3866 1890/1959/3866 1922/1988/3866
f 1946/2018/3867 1947/2028/3867 1979/2019/3867
f 1925/1992/294 1926/1993/294 1958/2021/294
f 1913/1994/315 1945/2026/315 1944/2023/315
f 1939/1996/293 1940/1999/293 1972/2024/293
f 1926/1993/292 1927/1997/292 1959/2025/292
f 1913/1994/313 1914/1998/313 1946/2018/313
f 1940/1999/291 1941/2002/291 1973/2027/291
f 1928/2000/290 1960/2030/290 1959/2025/290
f 1914/1998/311 1915/2001/311 1947/2028/311
f 1942/2004/257 1974/2031/257 1973/2027/257
f 1928/2000/320 1929/2005/320 1961/2029/320
f 1916/2003/308 1948/2034/308 1947/2028/308
f 1943/2008/319 1975/2036/319 1974/2031/319
f 1929/2005/318 1930/2009/318 1962/2032/318
f 1916/2003/305 1917/2006/305 1949/2033/305
f 1943/2008/317 1912/3178/317 1944/2035/317
f 1931/2011/316 1963/2037/316 1962/2032/316
f 1918/2010/302 1950/2039/302 1949/2033/302
f 1932/2013/314 1964/2040/314 1963/2037/314
f 1918/2010/299 1919/2012/299 1951/2038/299
f 1933/2015/312 1965/2042/312 1964/2040/312
f 1920/2014/296 1952/2043/296 1951/2038/296
f 1933/2015/310 1934/2017/310 1966/2041/310
f 1921/2016/309 1953/2045/309 1952/2043/309
f 1935/1952/307 1967/2047/307 1966/2041/307
f 1921/2016/306 1922/1988/306 1954/2044/306
f 1935/1952/304 1936/1989/304 1968/2046/304
f 1922/1988/303 1923/1987/303 1955/2048/303
f 1937/1991/301 1969/2049/301 1968/2046/301
f 1924/1990/300 1956/2050/300 1955/2048/300
f 1937/1991/298 1938/1984/298 1970/1986/298
f 1925/1992/297 1957/2022/297 1956/2050/297
f 1981/2051/3868 1982/2061/3868 2014/2052/3868
f 1974/2031/3869 2006/2057/3869 2005/2054/3869
f 1961/2029/3870 1993/2058/3870 1992/2055/3870
f 1947/2028/3871 1948/2034/3871 1980/2056/3871
f 1975/2036/3872 2007/2059/3872 2006/2057/3872
f 1962/2032/3873 1994/2060/3873 1993/2058/3873
f 1948/2034/3874 1949/2033/3874 1981/2051/3874
f 1944/2035/3875 1976/2113/3875 2007/2059/3875
f 1963/2037/3876 1995/2062/3876 1994/2060/3876
f 1949/2033/3877 1950/2039/3877 1982/2061/3877
f 1964/2040/3878 1996/2064/3878 1995/2062/3878
f 1950/2039/3879 1951/2038/3879 1983/2063/3879
f 1965/2042/3880 1997/2066/3880 1996/2064/3880
f 1951/2038/296 1952/2043/296 1984/2065/296
f 1966/2041/3881 1998/2068/3881 1997/2066/3881
f 1952/2043/3882 1953/2045/3882 1985/2067/3882
f 1967/2047/3883 1999/2070/3883 1998/2068/3883
f 1953/2045/3884 1954/2044/3884 1986/2069/3884
f 1968/2046/3885 2000/2072/3885 1999/2070/3885
f 1954/2044/3886 1955/2048/3886 1987/2071/3886
f 1969/2049/3887 2001/2074/3887 2000/2072/3887
f 1955/2048/3888 1956/2050/3888 1988/2073/3888
f 1970/1986/3889 2002/2076/3889 2001/2074/3889
f 1956/2050/3890 1957/2022/3890 1989/2075/3890
f 1971/1985/3891 2003/2080/3891 2002/2076/3891
f 1957/2022/3892 1958/2021/3892 1990/2077/3892
f 1944/2023/3893 1945/2026/3893 1977/2078/3893
f 1972/2024/3894 2004/2082/3894 2003/2080/3894
f 1958/2021/3895 1959/2025/3895 1991/2081/3895
f 1945/2026/3896 1946/2018/3896 1978/2020/3896
f 1973/2027/3897 2005/2054/3897 2004/2082/3897
f 1959/2025/3898 1960/2030/3898 1992/2055/3898
f 2016/2083/3899 2017/2090/3899 2049/2084/3899
f 1996/2064/3900 2028/2088/3900 2027/2086/3900
f 1982/2061/3901 1983/2063/3901 2015/2087/3901
f 1997/2066/3902 2029/2089/3902 2028/2088/3902
f 1983/2063/3903 1984/2065/3903 2016/2083/3903
f 1998/2068/3904 2030/2091/3904 2029/2089/3904
f 1984/2065/3905 1985/2067/3905 2017/2090/3905
f 1999/2070/3906 2031/2093/3906 2030/2091/3906
f 1985/2067/3907 1986/2069/3907 2018/2092/3907
f 2000/2072/3908 2032/2095/3908 2031/2093/3908
f 1986/2069/3909 1987/2071/3909 2019/2094/3909
f 2001/2074/3910 2033/2097/3910 2032/2095/3910
f 1987/2071/3911 1988/2073/3911 2020/2096/3911
f 2002/2076/3912 2034/2099/3912 2033/2097/3912
f 1988/2073/3913 1989/2075/3913 2021/2098/3913
f 2003/2080/3914 2035/2103/3914 2034/2099/3914
f 1989/2075/3915 1990/2077/3915 2022/2100/3915
f 1976/2079/3916 1977/2078/3916 2009/2101/3916
f 2004/2082/3917 2036/2106/3917 2035/2103/3917
f 1990/2077/3918 1991/2081/3918 2023/2104/3918
f 1977/2078/3919 1978/2020/3919 2010/2105/3919
f 2005/2054/3920 2037/2109/3920 2036/2106/3920
f 1991/2081/3921 1992/2055/3921 2024/2107/3921
f 1978/2020/3922 1979/2019/3922 2011/2108/3922
f 2006/2057/3923 2038/2111/3923 2037/2109/3923
f 1993/2058/3924 2025/2112/3924 2024/2107/3924
f 1979/2019/3925 1980/2056/3925 2012/2110/3925
f 2007/2059/3926 2039/2114/3926 2038/2111/3926
f 1994/2060/3927 2026/2115/3927 2025/2112/3927
f 1980/2056/3928 1981/2051/3928 2013/2053/3928
f 1976/2113/3929 2008/2141/3929 2039/2114/3929
f 1995/2062/3930 2027/2086/3930 2026/2115/3930
f 2050/2116/3931 2051/2121/3931 2083/2117/3931
f 2031/2093/3932 2063/2120/3932 2062/2119/3932
f 2017/2090/3933 2018/2092/3933 2050/2116/3933
f 2032/2095/3934 2064/2122/3934 2063/2120/3934
f 2018/2092/3935 2019/2094/3935 2051/2121/3935
f 2033/2097/3936 2065/2124/3936 2064/2122/3936
f 2019/2094/3937 2020/2096/3937 2052/2123/3937
f 2034/2099/3938 2066/2126/3938 2065/2124/3938
f 2020/2096/3939 2021/2098/3939 2053/2125/3939
f 2035/2103/3940 2067/2130/3940 2066/2126/3940
f 2021/2098/3941 2022/2100/3941 2054/2127/3941
f 2008/2102/3942 2009/2101/3942 2041/2128/3942
f 2036/2106/3943 2068/2133/3943 2067/2130/3943
f 2022/2100/3944 2023/2104/3944 2055/2131/3944
f 2009/2101/3945 2010/2105/3945 2042/2132/3945
f 2037/2109/3946 2069/2136/3946 2068/2133/3946
f 2023/2104/3947 2024/2107/3947 2056/2134/3947
f 2010/2105/3948 2011/2108/3948 2043/2135/3948
f 2038/2111/3949 2070/2138/3949 2069/2136/3949
f 2025/2112/3950 2057/2139/3950 2056/2134/3950
f 2011/2108/3951 2012/2110/3951 2044/2137/3951
f 2039/2114/3952 2071/2142/3952 2070/2138/3952
f 2026/2115/3953 2058/2143/3953 2057/2139/3953
f 2012/2110/3954 2013/2053/3954 2045/2140/3954
f 2008/2141/3955 2040/2171/3955 2071/2142/3955
f 2027/2086/3956 2059/2145/3956 2058/2143/3956
f 2013/2053/3957 2014/2052/3957 2046/2144/3957
f 2028/2088/3958 2060/2147/3958 2059/2145/3958
f 2014/2052/3959 2015/2087/3959 2047/2146/3959
f 2029/2089/3960 2061/2148/3960 2060/2147/3960
f 2015/2087/3961 2016/2083/3961 2048/2085/3961
f 2030/2091/3962 2062/2119/3962 2061/2148/3962
f 2085/2149/3963 2086/2158/3963 2118/2150/3963
f 2065/2124/3964 2097/2154/3964 2096/2152/3964
f 2051/2121/3965 2052/2123/3965 2084/2153/3965
f 2066/2126/3966 2098/2157/3966 2097/2154/3966
f 2052/2123/3967 2053/2125/3967 2085/2149/3967
f 2040/2129/3968 2041/2128/3968 2073/2155/3968
f 2067/2130/3969 2099/2160/3969 2098/2157/3969
f 2053/2125/3970 2054/2127/3970 2086/2158/3970
f 2041/2128/3971 2042/2132/3971 2074/2159/3971
f 2068/2133/3972 2100/2163/3972 2099/2160/3972
f 2054/2127/3973 2055/2131/3973 2087/2161/3973
f 2042/2132/3974 2043/2135/3974 2075/2162/3974
f 2069/2136/3975 2101/2166/3975 2100/2163/3975
f 2055/2131/3976 2056/2134/3976 2088/2164/3976
f 2043/2135/3977 2044/2137/3977 2076/2165/3977
f 2070/2138/3978 2102/2168/3978 2101/2166/3978
f 2057/2139/3979 2089/2169/3979 2088/2164/3979
f 2044/2137/3980 2045/2140/3980 2077/2167/3980
f 2071/2142/3981 2103/2172/3981 2102/2168/3981
f 2058/2143/3982 2090/2173/3982 2089/2169/3982
f 2045/2140/3983 2046/2144/3983 2078/2170/3983
f 2040/2171/3984 2072/2197/3984 2103/2172/3984
f 2059/2145/3985 2091/2174/3985 2090/2173/3985
f 2060/2147/3986 2092/2176/3986 2091/2174/3986
f 2046/2144/3987 2047/2146/3987 2079/2175/3987
f 2061/2148/3988 2093/2178/3988 2092/2176/3988
f 2047/2146/3989 2048/2085/3989 2080/2177/3989
f 2062/2119/3990 2094/2180/3990 2093/2178/3990
f 2048/2085/3991 2049/2084/3991 2081/2179/3991
f 2063/2120/3992 2095/2181/3992 2094/2180/3992
f 2049/2084/3993 2050/2116/3993 2082/2118/3993
f 2064/2122/3994 2096/2152/3994 2095/2181/3994
f 2120/2182/3995 2121/2195/3995 2153/2183/3995
f 2072/2156/3996 2073/2155/3996 2105/2185/3996
f 2100/2163/3997 2132/2190/3997 2131/2187/3997
f 2086/2158/3998 2087/2161/3998 2119/2188/3998
f 2073/2155/3999 2074/2159/3999 2106/2189/3999
f 2101/2166/4000 2133/2192/4000 2132/2190/4000
f 2087/2161/4001 2088/2164/4001 2120/2182/4001
f 2074/2159/4002 2075/2162/4002 2107/2191/4002
f 2102/2168/4003 2134/2194/4003 2133/2192/4003
f 2089/2169/4004 2121/2195/4004 2120/2182/4004
f 2075/2162/4005 2076/2165/4005 2108/2193/4005
f 2103/2172/4006 2135/2198/4006 2134/2194/4006
f 2090/2173/4007 2122/2199/4007 2121/2195/4007
f 2076/2165/4008 2077/2167/4008 2109/2196/4008
f 2072/2197/4009 2104/3179/4009 2135/2198/4009
f 2091/2174/4010 2123/2201/4010 2122/2199/4010
f 2077/2167/4011 2078/2170/4011 2110/2200/4011
f 2092/2176/4012 2124/2203/4012 2123/2201/4012
f 2078/2170/4013 2079/2175/4013 2111/2202/4013
f 2093/2178/4014 2125/2205/4014 2124/2203/4014
f 2079/2175/4015 2080/2177/4015 2112/2204/4015
f 2094/2180/4016 2126/2207/4016 2125/2205/4016
f 2080/2177/4017 2081/2179/4017 2113/2206/4017
f 2095/2181/4018 2127/2209/4018 2126/2207/4018
f 2081/2179/4019 2082/2118/4019 2114/2208/4019
f 2096/2152/4020 2128/2211/4020 2127/2209/4020
f 2082/2118/4021 2083/2117/4021 2115/2210/4021
f 2097/2154/4022 2129/2213/4022 2128/2211/4022
f 2083/2117/4023 2084/2153/4023 2116/2212/4023
f 2098/2157/4024 2130/2214/4024 2129/2213/4024
f 2084/2153/4025 2085/2149/4025 2117/2151/4025
f 2099/2160/4026 2131/2187/4026 2130/2214/4026
f 2167/2217/4027 2136/2242/4027 2137/2245/4027
f 2137/2245/990 2138/2247/990 2139/2218/990
f 2139/2218/4028 2140/2222/4028 2141/2225/4028
f 2141/2225/4029 2142/2227/4029 2143/2229/4029
f 2143/2229/4029 2144/2231/4029 2145/2233/4029
f 2145/2233/990 2146/2235/990 2147/2237/990
f 2147/2237/4030 2148/2239/4030 2149/2241/4030
f 2149/2241/4031 2150/2244/4031 2151/2215/4031
f 2151/2215/4027 2152/2184/4027 2153/3180/4027
f 2153/3180/990 2154/3181/990 2155/3182/990
f 2155/3182/990 2156/3183/990 2157/3184/990
f 2157/3184/990 2158/3185/990 2159/2216/990
f 2159/2216/990 2160/3186/990 2161/3187/990
f 2161/3187/990 2162/3188/990 2163/3189/990
f 2163/3189/990 2164/3190/990 2165/3191/990
f 2165/3191/4031 2166/3192/4031 2167/2217/4031
f 2167/2217/990 2137/2245/990 2139/2218/990
f 2139/2218/990 2141/2225/990 2143/2229/990
f 2143/2229/990 2145/2233/990 2147/2237/990
f 2147/2237/4027 2149/2241/4027 2151/2215/4027
f 2151/2215/990 2153/3180/990 2155/3182/990
f 2155/3182/990 2157/3184/990 2159/2216/990
f 2159/2216/990 2161/3187/990 2163/3189/990
f 2163/3189/990 2165/3191/990 2167/2217/990
f 2167/2217/990 2139/2218/990 2143/2229/990
f 2143/2229/990 2147/2237/990 2151/2215/990
f 2151/2215/990 2155/3182/990 2159/2216/990
f 2159/2216/990 2163/3189/990 2167/2217/990
f 2167/2217/990 2143/2229/990 2151/2215/990
f 2108/2193/4032 2140/2222/4032 2139/2218/4032
f 2134/2194/4033 2135/2198/4033 2167/2219/4033
f 2121/2195/4034 2122/2199/4034 2154/2221/4034
f 2109/2196/4035 2141/2225/4035 2140/2222/4035
f 2135/2198/4036 2104/3179/4036 2136/2223/4036
f 2122/2199/4037 2123/2201/4037 2155/2224/4037
f 2110/2200/4038 2142/2227/4038 2141/2225/4038
f 2123/2201/4039 2124/2203/4039 2156/2226/4039
f 2111/2202/4040 2143/2229/4040 2142/2227/4040
f 2124/2203/4041 2125/2205/4041 2157/2228/4041
f 2112/2204/4042 2144/2231/4042 2143/2229/4042
f 2125/2205/4043 2126/2207/4043 2158/2230/4043
f 2113/2206/4044 2145/2233/4044 2144/2231/4044
f 2126/2207/4045 2127/2209/4045 2159/2232/4045
f 2114/2208/4046 2146/2235/4046 2145/2233/4046
f 2127/2209/4047 2128/2211/4047 2160/2234/4047
f 2115/2210/4048 2147/2237/4048 2146/2235/4048
f 2128/2211/4049 2129/2213/4049 2161/2236/4049
f 2116/2212/4050 2148/2239/4050 2147/2237/4050
f 2129/2213/4051 2130/2214/4051 2162/2238/4051
f 2117/2151/4052 2149/2241/4052 2148/2239/4052
f 2130/2214/4053 2131/2187/4053 2163/2240/4053
f 2118/2150/4054 2150/2244/4054 2149/2241/4054
f 2105/2185/4055 2137/2245/4055 2136/2242/4055
f 2131/2187/4056 2132/2190/4056 2164/2243/4056
f 2119/2188/4057 2151/2215/4057 2150/2244/4057
f 2106/2189/4058 2138/2247/4058 2137/2245/4058
f 2132/2190/4059 2133/2192/4059 2165/2246/4059
f 2120/2182/4060 2152/2184/4060 2151/2215/4060
f 2107/2191/4061 2139/2218/4061 2138/2247/4061
f 2133/2192/4062 2134/2194/4062 2166/2220/4062
f 2169/2248/16 2171/2251/16 2170/2249/16
f 2171/2251/15 2173/2253/15 2172/2252/15
f 2173/2253/14 2175/2255/14 2174/2254/14
f 2175/2255/13 2177/2257/13 2176/2256/13
f 2177/2257/12 2179/2447/12 2178/2258/12
f 2178/2258/11 2179/2447/11 2181/2259/11
f 2180/2260/10 2181/2259/10 2183/2261/10
f 2183/2261/9 2185/2264/9 2184/2263/9
f 2185/2264/8 2187/2266/8 2186/2265/8
f 2187/2266/7 2189/2268/7 2188/2267/7
f 2189/2268/6 2191/2270/6 2190/2269/6
f 2191/2270/5 2193/2272/5 2192/2271/5
f 2193/2272/4 2195/2476/4 2194/2273/4
f 2194/2273/3 2195/2476/3 2197/2274/3
f 2197/2274/2 2199/2277/2 2198/2276/2
f 2199/2277/1 2201/2279/1 2200/2278/1
f 2201/2279/33 2203/2281/33 2202/2280/33
f 2203/2281/32 2205/2283/32 2204/2282/32
f 2205/2283/30 2207/2285/30 2206/2284/30
f 2207/2285/29 2209/2287/29 2208/2286/29
f 2209/2287/28 2211/2289/28 2210/2288/28
f 2211/2289/27 2213/2291/27 2212/2290/27
f 2213/2291/26 2215/2293/26 2214/2292/26
f 2215/2293/25 2217/2295/25 2216/2294/25
f 2217/2295/24 2219/2470/24 2218/2296/24
f 2218/2296/23 2219/2470/23 2221/2297/23
f 2220/2298/22 2221/2297/22 2223/2299/22
f 2223/2299/21 2225/2302/21 2224/2301/21
f 2225/2302/20 2227/2304/20 2226/2303/20
f 2227/2304/19 2229/2308/19 2228/2305/19
f 2187/2266/1840 2185/2264/1840 2368/2306/1840
f 2229/2308/18 2231/2310/18 2230/2309/18
f 2231/2310/17 2169/2455/17 2168/2311/17
f 2178/2258/1841 2237/2326/1841 2236/2312/1841
f 2242/2313/1842 2243/2330/1842 2275/2314/1842
f 2194/2273/1843 2196/2275/1843 2246/2316/1843
f 2214/2292/1844 2255/2328/1844 2254/2318/1844
f 2170/2249/1845 2233/2329/1845 2232/2319/1845
f 2230/2309/1846 2168/2311/1846 2232/2320/1846
f 2186/2265/1847 2188/2267/1847 2242/2313/1847
f 2206/2284/1848 2251/2331/1848 2250/2323/1848
f 2222/2300/1849 2224/2301/1849 2260/2324/1849
f 2180/2260/1850 2238/2333/1850 2237/2326/1850
f 2196/2275/1851 2198/2276/1851 2247/2327/1851
f 2216/2294/1852 2256/2335/1852 2255/2328/1852
f 2172/2252/1853 2234/2337/1853 2233/2329/1853
f 2188/2267/1854 2190/2269/1854 2243/2330/1854
f 2208/2286/1855 2252/2339/1855 2251/2331/1855
f 2224/2301/1856 2226/2303/1856 2261/2332/1856
f 2182/2262/1857 2239/2340/1857 2238/2333/1857
f 2200/2278/1858 2248/2342/1858 2247/2327/1858
f 2216/2294/1859 2218/2296/1859 2257/2334/1859
f 2172/2252/1860 2174/2254/1860 2235/2336/1860
f 2190/2269/1861 2192/2271/1861 2244/2338/1861
f 2210/2288/1862 2253/2344/1862 2252/2339/1862
f 2228/2305/1863 2262/2345/1863 2261/2332/1863
f 2184/2263/1864 2240/2346/1864 2239/2340/1864
f 2200/2278/1865 2202/2280/1865 2249/2341/1865
f 2218/2296/1866 2220/2298/1866 2258/2343/1866
f 2176/2256/1867 2236/2312/1867 2235/2336/1867
f 2194/2273/1868 2245/2317/1868 2244/2338/1868
f 2212/2290/1869 2254/2318/1869 2253/2344/1869
f 2230/2309/1870 2263/2321/1870 2262/2345/1870
f 2184/2263/1871 2186/2265/1871 2241/2322/1871
f 2204/2282/1872 2250/2323/1872 2249/2341/1872
f 2220/2298/1873 2222/2300/1873 2259/2325/1873
f 2278/2347/1874 2310/2384/1874 2309/2348/1874
f 2257/2334/1875 2289/2351/1875 2288/2350/1875
f 2244/2338/1876 2276/2352/1876 2275/2314/1876
f 2258/2343/4063 2290/2354/4063 2289/2351/4063
f 2245/2317/1878 2277/2349/1878 2276/2352/1878
f 2258/2343/1879 2259/2325/1879 2291/2353/1879
f 2246/2316/1880 2278/2347/1880 2277/2349/1880
f 2233/2329/1881 2265/2358/1881 2264/2355/1881
f 2260/2324/1882 2292/2359/1882 2291/2353/1882
f 2246/2316/1883 2247/2327/1883 2279/2356/1883
f 2233/2329/4064 2234/2337/4064 2266/2357/4064
f 2261/2332/1885 2293/2361/1885 2292/2359/1885
f 2248/2342/1886 2280/2363/1886 2279/2356/1886
f 2235/2336/1887 2267/2364/1887 2266/2357/1887
f 2261/2332/1888 2262/2345/1888 2294/2360/1888
f 2248/2342/1889 2249/2341/1889 2281/2362/1889
f 2236/2312/1890 2268/2365/1890 2267/2364/1890
f 2263/2321/4065 2295/2366/4065 2294/2360/4065
f 2250/2323/1892 2282/2367/1892 2281/2362/1892
f 2237/2326/1893 2269/2369/1893 2268/2365/1893
f 2232/2320/1894 2264/3193/1894 2295/2366/1894
f 2251/2331/1895 2283/2370/1895 2282/2367/1895
f 2237/2326/1896 2238/2333/1896 2270/2368/1896
f 2252/2339/1897 2284/2372/1897 2283/2370/1897
f 2239/2340/1898 2271/2374/1898 2270/2368/1898
f 2252/2339/1899 2253/2344/1899 2285/2371/1899
f 2239/2340/1900 2240/2346/1900 2272/2373/1900
f 2253/2344/1901 2254/2318/1901 2286/2375/1901
f 2241/2322/1902 2273/2377/1902 2272/2373/1902
f 2254/2318/4066 2255/2328/4066 2287/2376/4066
f 2241/2322/4067 2242/2313/4067 2274/2315/4067
f 2255/2328/1905 2256/2335/1905 2288/2350/1905
f 2299/2378/1906 2300/2393/1906 2332/2379/1906
f 2264/2355/4068 2265/2358/4068 2297/2381/4068
f 2292/2359/1908 2324/2387/1908 2323/2383/1908
f 2279/2356/1909 2311/2388/1909 2310/2384/1909
f 2265/2358/1910 2266/2357/1910 2298/2385/1910
f 2292/2359/1911 2293/2361/1911 2325/2386/1911
f 2280/2363/4069 2312/2391/4069 2311/2388/4069
f 2267/2364/1913 2299/2378/1913 2298/2385/1913
f 2293/2361/1914 2294/2360/1914 2326/2389/1914
f 2280/2363/1915 2281/2362/1915 2313/2390/1915
f 2268/2365/1916 2300/2393/1916 2299/2378/1916
f 2295/2366/1917 2327/2395/1917 2326/2389/1917
f 2281/2362/1918 2282/2367/1918 2314/2392/1918
f 2269/2369/1919 2301/2397/1919 2300/2393/1919
f 2295/2366/4070 2264/3193/4070 2296/2394/4070
f 2283/2370/1921 2315/2399/1921 2314/2392/1921
f 2269/2369/1922 2270/2368/1922 2302/2396/1922
f 2283/2370/1923 2284/2372/1923 2316/2398/1923
f 2271/2374/1924 2303/2401/1924 2302/2396/1924
f 2284/2372/1925 2285/2371/1925 2317/2400/1925
f 2272/2373/1926 2304/2402/1926 2303/2401/1926
f 2286/2375/1927 2318/2404/1927 2317/2400/1927
f 2273/2377/1928 2305/2406/1928 2304/2402/1928
f 2286/2375/1929 2287/2376/1929 2319/2403/1929
f 2273/2377/1930 2274/2315/1930 2306/2405/1930
f 2288/2350/1931 2320/2408/1931 2319/2403/1931
f 2275/2314/1932 2307/2409/1932 2306/2405/1932
f 2288/2350/1933 2289/2351/1933 2321/2407/1933
f 2276/2352/1934 2308/2411/1934 2307/2409/1934
f 2289/2351/1935 2290/2354/1935 2322/2410/1935
f 2276/2352/1936 2277/2349/1936 2309/2348/1936
f 2290/2354/1937 2291/2353/1937 2323/2383/1937
f 2359/2414/994 2328/2436/994 2329/2435/994
f 2329/2435/994 2330/2439/994 2331/2380/994
f 2331/2380/994 2332/2379/994 2333/2419/994
f 2333/2419/994 2334/2420/994 2335/2422/994
f 2335/2422/994 2336/2425/994 2337/2427/994
f 2337/2427/994 2338/2426/994 2339/2430/994
f 2339/2430/994 2340/2429/994 2341/2434/994
f 2341/2434/994 2342/2437/994 2343/2412/994
f 2343/2412/994 2344/2441/994 2345/2416/994
f 2345/2416/994 2346/2418/994 2347/2417/994
f 2347/2417/994 2348/2421/994 2349/2424/994
f 2349/2424/994 2350/2423/994 2351/2413/994
f 2351/2413/994 2352/2428/994 2353/2432/994
f 2353/2432/994 2354/2431/994 2355/2433/994
f 2355/2433/994 2356/2438/994 2357/2440/994
f 2357/2440/994 2358/2415/994 2359/2414/994
f 2359/2414/994 2329/2435/994 2331/2380/994
f 2331/2380/994 2333/2419/994 2335/2422/994
f 2335/2422/994 2337/2427/994 2339/2430/994
f 2339/2430/994 2341/2434/994 2343/2412/994
f 2343/2412/994 2345/2416/994 2347/2417/994
f 2347/2417/994 2349/2424/994 2351/2413/994
f 2351/2413/994 2353/2432/994 2355/2433/994
f 2355/2433/994 2357/2440/994 2359/2414/994
f 2359/2414/994 2331/2380/994 2335/2422/994
f 2335/2422/994 2339/2430/994 2343/2412/994
f 2343/2412/994 2347/2417/994 2351/2413/994
f 2351/2413/994 2355/2433/994 2359/2414/994
f 2359/2414/994 2335/2422/994 2343/2412/994
f 2326/2389/1938 2327/2395/1938 2359/2414/1938
f 2314/2392/1939 2346/2418/1939 2345/2416/1939
f 2301/2397/1940 2333/2419/1940 2332/2379/1940
f 2296/2394/1941 2328/2436/1941 2359/2414/1941
f 2314/2392/1942 2315/2399/1942 2347/2417/1942
f 2302/2396/1943 2334/2420/1943 2333/2419/1943
f 2316/2398/1944 2348/2421/1944 2347/2417/1944
f 2303/2401/1945 2335/2422/1945 2334/2420/1945
f 2317/2400/1946 2349/2424/1946 2348/2421/1946
f 2304/2402/1947 2336/2425/1947 2335/2422/1947
f 2317/2400/1948 2318/2404/1948 2350/2423/1948
f 2305/2406/1949 2337/2427/1949 2336/2425/1949
f 2318/2404/1950 2319/2403/1950 2351/2413/1950
f 2305/2406/1951 2306/2405/1951 2338/2426/1951
f 2320/2408/1952 2352/2428/1952 2351/2413/1952
f 2307/2409/1953 2339/2430/1953 2338/2426/1953
f 2321/2407/1954 2353/2432/1954 2352/2428/1954
f 2307/2409/1955 2308/2411/1955 2340/2429/1955
f 2321/2407/1956 2322/2410/1956 2354/2431/1956
f 2309/2348/1957 2341/2434/1957 2340/2429/1957
f 2322/2410/1958 2323/2383/1958 2355/2433/1958
f 2310/2384/1959 2342/2437/1959 2341/2434/1959
f 2296/2382/1960 2297/2381/1960 2329/2435/1960
f 2324/2387/1961 2356/2438/1961 2355/2433/1961
f 2310/2384/1962 2311/2388/1962 2343/2412/1962
f 2298/2385/1963 2330/2439/1963 2329/2435/1963
f 2325/2386/1964 2357/2440/1964 2356/2438/1964
f 2312/2391/1965 2344/2441/1965 2343/2412/1965
f 2299/2378/1966 2331/2380/1966 2330/2439/1966
f 2325/2386/1967 2326/2389/1967 2358/2415/1967
f 2312/2391/1968 2313/2390/1968 2345/2416/1968
f 2369/2307/1969 2401/2509/1969 2402/2442/1969
f 2203/2281/1970 2377/2475/1970 2378/2444/1970
f 2223/2299/1971 2221/2297/1971 2386/2445/1971
f 2179/2447/1972 2177/2257/1972 2364/2448/1972
f 2197/2274/1973 2195/2476/1973 2373/2450/1973
f 2169/2248/1974 2361/2487/1974 2360/2452/1974
f 2215/2293/1975 2213/2291/1975 2382/2453/1975
f 2169/2455/1976 2231/2310/1976 2391/2456/1976
f 2189/2268/1977 2187/2266/1977 2369/2307/1977
f 2205/2283/1978 2378/2444/1978 2379/2458/1978
f 2223/2299/1979 2387/2446/1979 2388/2459/1979
f 2179/2447/1980 2365/2449/1980 2366/2460/1980
f 2197/2274/1981 2374/2451/1981 2375/2461/1981
f 2215/2293/1982 2383/2454/1982 2384/2462/1982
f 2171/2251/1983 2360/2452/1983 2362/2463/1983
f 2189/2268/1984 2370/2443/1984 2371/2464/1984
f 2207/2285/1985 2379/2458/1985 2380/2465/1985
f 2225/2302/1986 2388/2459/1986 2389/2466/1986
f 2181/2259/1987 2366/2460/1987 2367/2467/1987
f 2199/2277/1988 2375/2461/1988 2376/2468/1988
f 2217/2295/1989 2384/2462/1989 2385/2469/1989
f 2173/2253/1990 2362/2463/1990 2363/2471/1990
f 2193/2272/1991 2191/2270/1991 2371/2464/1991
f 2209/2287/1992 2380/2465/1992 2381/2473/1992
f 2227/2304/1993 2389/2466/1993 2390/2474/1993
f 2185/2264/1994 2183/2261/1994 2367/2467/1994
f 2201/2279/1995 2376/2468/1995 2377/2475/1995
f 2221/2297/1996 2219/2470/1996 2385/2469/1996
f 2177/2257/1997 2175/2255/1997 2363/2471/1997
f 2195/2476/1998 2193/2272/1998 2372/2472/1998
f 2213/2291/1999 2211/2289/1999 2381/2473/1999
f 2231/2310/2000 2229/2308/2000 2390/2474/2000
f 2405/2477/2001 2404/2483/2001 2436/2478/2001
f 2383/2454/2002 2415/2510/2002 2416/2480/2002
f 2370/2443/2003 2402/2442/2003 2403/2481/2003
f 2384/2462/2004 2416/2480/2004 2417/2482/2004
f 2371/2464/2005 2403/2481/2005 2404/2483/2005
f 2385/2469/2006 2417/2482/2006 2418/2484/2006
f 2373/2450/2007 2372/2472/2007 2404/2483/2007
f 2387/2446/2008 2386/2445/2008 2418/2484/2008
f 2373/2450/2009 2405/2477/2009 2406/2486/2009
f 2361/2487/2010 2393/2516/2010 2392/2488/2010
f 2387/2446/2011 2419/2485/2011 2420/2489/2011
f 2375/2461/2012 2374/2451/2012 2406/2486/2012
f 2362/2463/2013 2360/2452/2013 2392/2488/2013
f 2389/2466/2014 2388/2459/2014 2420/2489/2014
f 2376/2468/2015 2375/2461/2015 2407/2490/2015
f 2362/2463/2016 2394/2491/2016 2395/2494/2016
f 2390/2474/2017 2389/2466/2017 2421/2492/2017
f 2377/2475/2018 2376/2468/2018 2408/2493/2018
f 2364/2448/2019 2363/2471/2019 2395/2494/2019
f 2390/2474/2020 2422/2495/2020 2423/2498/2020
f 2377/2475/2021 2409/2496/2021 2410/2499/2021
f 2365/2449/2022 2364/2448/2022 2396/2497/2022
f 2361/2457/2023 2391/2456/2023 2423/2498/2023
f 2378/2444/2024 2410/2499/2024 2411/2502/2024
f 2366/2460/2025 2365/2449/2025 2397/2500/2025
f 2379/2458/2026 2411/2502/2026 2412/2504/2026
f 2367/2467/2027 2366/2460/2027 2398/2503/2027
f 2380/2465/2028 2412/2504/2028 2413/2506/2028
f 2368/2306/2029 2367/2467/2029 2399/2505/2029
f 2381/2473/2030 2413/2506/2030 2414/2508/2030
f 2369/2307/2031 2368/2306/2031 2400/2507/2031
f 2382/2453/2032 2414/2508/2032 2415/2510/2032
f 2426/2513/995 2424/2517/995 2425/2528/995
f 2425/2528/995 2455/2526/995 2454/2523/995
f 2454/2523/995 2453/2520/995 2452/2518/995
f 2452/2518/995 2451/2514/995 2450/2541/995
f 2450/2541/995 2449/2540/995 2448/2538/995
f 2448/2538/995 2447/2537/995 2446/2535/995
f 2446/2535/995 2445/2533/995 2444/2531/995
f 2444/2531/995 2443/2529/995 2442/2511/995
f 2442/2511/995 2441/2524/995 2440/2521/995
f 2440/2521/995 2439/2519/995 2438/2515/995
f 2438/2515/995 2437/2479/995 2436/2478/995
f 2436/2478/995 2435/2539/995 2434/2512/995
f 2434/2512/995 2433/2536/995 2432/2534/995
f 2432/2534/995 2431/2532/995 2430/2530/995
f 2430/2530/995 2429/2527/995 2428/2525/995
f 2428/2525/995 2427/2522/995 2426/2513/995
f 2426/2513/995 2425/2528/995 2454/2523/995
f 2454/2523/995 2452/2518/995 2450/2541/995
f 2450/2541/995 2448/2538/995 2446/2535/995
f 2446/2535/995 2444/2531/995 2442/2511/995
f 2442/2511/995 2440/2521/995 2438/2515/995
f 2438/2515/995 2436/2478/995 2434/2512/995
f 2434/2512/995 2432/2534/995 2430/2530/995
f 2430/2530/995 2428/2525/995 2426/2513/995
f 2426/2513/995 2454/2523/995 2450/2541/995
f 2450/2541/995 2446/2535/995 2442/2511/995
f 2442/2511/995 2438/2515/995 2434/2512/995
f 2434/2512/995 2430/2530/995 2426/2513/995
f 2426/2513/995 2450/2541/995 2442/2511/995
f 2418/2484/2033 2450/2541/2033 2451/2514/2033
f 2405/2477/2034 2437/2479/2034 2438/2515/2034
f 2393/2516/2035 2425/2528/2035 2424/2517/2035
f 2420/2489/2036 2419/2485/2036 2451/2514/2036
f 2407/2490/2037 2406/2486/2037 2438/2515/2037
f 2394/2491/2038 2392/2488/2038 2424/2517/2038
f 2420/2489/2039 2452/2518/2039 2453/2520/2039
f 2408/2493/2040 2407/2490/2040 2439/2519/2040
f 2394/2491/2041 2426/2513/2041 2427/2522/2041
f 2422/2495/2042 2421/2492/2042 2453/2520/2042
f 2408/2493/2043 2440/2521/2043 2441/2524/2043
f 2396/2497/2044 2395/2494/2044 2427/2522/2044
f 2422/2495/2045 2454/2523/2045 2455/2526/2045
f 2410/2499/2046 2409/2496/2046 2441/2524/2046
f 2396/2497/2047 2428/2525/2047 2429/2527/2047
f 2393/2501/2048 2423/2498/2048 2455/2526/2048
f 2411/2502/2049 2410/2499/2049 2442/2511/2049
f 2398/2503/2050 2397/2500/2050 2429/2527/2050
f 2411/2502/2051 2443/2529/2051 2444/2531/2051
f 2399/2505/2052 2398/2503/2052 2430/2530/2052
f 2413/2506/2053 2412/2504/2053 2444/2531/2053
f 2399/2505/2054 2431/2532/2054 2432/2534/2054
f 2413/2506/2055 2445/2533/2055 2446/2535/2055
f 2400/2507/2056 2432/2534/2056 2433/2536/2056
f 2414/2508/2057 2446/2535/2057 2447/2537/2057
f 2401/2509/2058 2433/2536/2058 2434/2512/2058
f 2415/2510/2059 2447/2537/2059 2448/2538/2059
f 2402/2442/2060 2434/2512/2060 2435/2539/2060
f 2416/2480/2061 2448/2538/2061 2449/2540/2061
f 2403/2481/2062 2435/2539/2062 2436/2478/2062
f 2418/2484/2063 2417/2482/2063 2449/2540/2063
f 2457/2542/2064 2459/2545/2064 2458/2543/2064
f 2459/2545/2065 2461/2547/2065 2460/2546/2065
f 2461/2547/2066 2463/2549/2066 2462/2548/2066
f 2463/2549/2067 2465/2551/2067 2464/2550/2067
f 2465/2551/2068 2467/2553/2068 2466/2552/2068
f 2467/2553/2069 2469/2555/2069 2468/2554/2069
f 2469/2555/2070 2471/2557/2070 2470/2556/2070
f 2471/2557/2071 2473/2559/2071 2472/2558/2071
f 2473/2559/2072 2475/2561/2072 2474/2560/2072
f 2475/2561/2073 2477/2563/2073 2476/2562/2073
f 2477/2563/2074 2479/2565/2074 2478/2564/2074
f 2479/2565/2075 2481/2567/2075 2480/2566/2075
f 2481/2567/2076 2483/2569/2076 2482/2568/2076
f 2483/2569/2077 2485/2571/2077 2484/2570/2077
f 2485/2571/2078 2487/2573/2078 2486/2572/2078
f 2487/2573/2079 2489/2575/2079 2488/2574/2079
f 2489/2575/2080 2491/2577/2080 2490/2576/2080
f 2491/2577/2081 2493/2579/2081 2492/2578/2081
f 2493/2579/2082 2495/2581/2082 2494/2580/2082
f 2495/2581/2083 2497/2583/2083 2496/2582/2083
f 2497/2583/2084 2499/2585/2084 2498/2584/2084
f 2499/2585/2085 2501/2587/2085 2500/2586/2085
f 2501/2587/2086 2503/2589/2086 2502/2588/2086
f 2503/2589/2087 2505/2591/2087 2504/2590/2087
f 2505/2591/2088 2507/2593/2088 2506/2592/2088
f 2507/2593/2089 2509/2595/2089 2508/2594/2089
f 2509/2595/2090 2511/2597/2090 2510/2596/2090
f 2511/2597/2091 2513/2599/2091 2512/2598/2091
f 2513/2599/2092 2515/2601/2092 2514/2600/2092
f 2515/2601/2093 2517/2605/2093 2516/2602/2093
f 2475/2561/2094 2473/2559/2094 2656/2603/2094
f 2517/2605/2095 2519/2607/2095 2518/2606/2095
f 2519/2607/2096 2457/2750/2096 2456/2608/2096
f 2466/2552/2097 2525/2623/2097 2524/2609/2097
f 2530/2610/2098 2531/2634/2098 2563/2611/2098
f 2484/2570/2099 2534/2624/2099 2533/2613/2099
f 2502/2588/2100 2543/2626/2100 2542/2614/2100
f 2458/2543/2101 2521/2627/2101 2520/2615/2101
f 2518/2606/2102 2456/2608/2102 2520/2616/2102
f 2474/2560/2103 2476/2562/2103 2530/2610/2103
f 2494/2580/2104 2539/2629/2104 2538/2619/2104
f 2510/2596/2105 2512/2598/2105 2548/2620/2105
f 2466/2552/2106 2468/2554/2106 2526/2622/2106
f 2486/2572/2107 2535/2631/2107 2534/2624/2107
f 2502/2588/2108 2504/2590/2108 2544/2625/2108
f 2460/2546/2109 2522/2633/2109 2521/2627/2109
f 2478/2564/2110 2531/2634/2110 2530/2610/2110
f 2494/2580/2111 2496/2582/2111 2540/2628/2111
f 2514/2600/2112 2549/2636/2112 2548/2620/2112
f 2468/2554/2113 2470/2556/2113 2527/2630/2113
f 2488/2574/2114 2536/2638/2114 2535/2631/2114
f 2506/2592/2115 2545/2639/2115 2544/2625/2115
f 2460/2546/2116 2462/2548/2116 2523/2632/2116
f 2480/2566/2117 2532/2640/2117 2531/2634/2117
f 2496/2582/2118 2498/2584/2118 2541/2635/2118
f 2516/2602/2119 2550/2641/2119 2549/2636/2119
f 2472/2558/2120 2528/2642/2120 2527/2630/2120
f 2488/2574/2121 2490/2576/2121 2537/2637/2121
f 2508/2594/2122 2546/2643/2122 2545/2639/2122
f 2462/2548/2123 2464/2550/2123 2524/2609/2123
f 2482/2568/2124 2533/2613/2124 2532/2640/2124
f 2500/2586/2125 2542/2614/2125 2541/2635/2125
f 2518/2606/2126 2551/2617/2126 2550/2641/2126
f 2474/2560/2127 2529/2618/2127 2528/2642/2127
f 2492/2578/2128 2538/2619/2128 2537/2637/2128
f 2510/2596/2129 2547/2621/2129 2546/2643/2129
f 2565/2644/2130 2566/2651/2130 2598/2645/2130
f 2545/2639/2131 2577/2648/2131 2576/2647/2131
f 2532/2640/2132 2564/2649/2132 2563/2611/2132
f 2546/2643/2133 2578/2650/2133 2577/2648/2133
f 2533/2613/2134 2565/2644/2134 2564/2649/2134
f 2547/2621/2135 2579/2653/2135 2578/2650/2135
f 2533/2613/2136 2534/2624/2136 2566/2651/2136
f 2521/2627/2137 2553/2654/2137 2552/2652/2137
f 2548/2620/2138 2580/2656/2138 2579/2653/2138
f 2535/2631/2139 2567/2657/2139 2566/2651/2139
f 2522/2633/2140 2554/2659/2140 2553/2654/2140
f 2548/2620/2141 2549/2636/2141 2581/2655/2141
f 2536/2638/2142 2568/2661/2142 2567/2657/2142
f 2522/2633/2143 2523/2632/2143 2555/2658/2143
f 2550/2641/2144 2582/2662/2144 2581/2655/2144
f 2536/2638/2145 2537/2637/2145 2569/2660/2145
f 2524/2609/2146 2556/2664/2146 2555/2658/2146
f 2551/2617/2147 2583/2666/2147 2582/2662/2147
f 2537/2637/2148 2538/2619/2148 2570/2663/2148
f 2525/2623/2149 2557/2668/2149 2556/2664/2149
f 2551/2617/2150 2520/2616/2150 2552/2665/2150
f 2539/2629/2151 2571/2670/2151 2570/2663/2151
f 2525/2623/2152 2526/2622/2152 2558/2667/2152
f 2539/2629/2153 2540/2628/2153 2572/2669/2153
f 2527/2630/2154 2559/2671/2154 2558/2667/2154
f 2541/2635/2155 2573/2672/2155 2572/2669/2155
f 2528/2642/2156 2560/2673/2156 2559/2671/2156
f 2542/2614/2157 2574/2674/2157 2573/2672/2157
f 2529/2618/2158 2561/2675/2158 2560/2673/2158
f 2543/2626/2159 2575/2676/2159 2574/2674/2159
f 2530/2610/2160 2562/2612/2160 2561/2675/2160
f 2544/2625/2161 2576/2647/2161 2575/2676/2161
f 2588/2677/4071 2620/2715/4071 2619/2678/4071
f 2553/2654/4072 2585/2682/4072 2584/2680/4072
f 2580/2656/2164 2612/2683/2164 2611/2681/2164
f 2567/2657/2165 2599/2685/2165 2598/2645/2165
f 2554/2659/4073 2586/2686/4073 2585/2682/4073
f 2581/2655/2167 2613/2688/2167 2612/2683/2167
f 2567/2657/2168 2568/2661/2168 2600/2684/2168
f 2555/2658/2169 2587/2679/2169 2586/2686/2169
f 2581/2655/2170 2582/2662/2170 2614/2687/2170
f 2569/2660/2171 2601/2690/2171 2600/2684/2171
f 2555/2658/2172 2556/2664/2172 2588/2677/2172
f 2583/2666/2173 2615/2692/2173 2614/2687/2173
f 2569/2660/2174 2570/2663/2174 2602/2689/2174
f 2557/2668/2175 2589/2694/2175 2588/2677/2175
f 2583/2666/4074 2552/2665/4074 2584/2691/4074
f 2571/2670/2177 2603/2696/2177 2602/2689/2177
f 2557/2668/2178 2558/2667/2178 2590/2693/2178
f 2571/2670/2179 2572/2669/2179 2604/2695/2179
f 2559/2671/4075 2591/2697/4075 2590/2693/4075
f 2573/2672/2181 2605/2698/2181 2604/2695/2181
f 2560/2673/2182 2592/2699/2182 2591/2697/2182
f 2574/2674/2183 2606/2700/2183 2605/2698/2183
f 2561/2675/2184 2593/2702/2184 2592/2699/2184
f 2575/2676/4076 2607/2703/4076 2606/2700/4076
f 2561/2675/4077 2562/2612/4077 2594/2701/4077
f 2576/2647/2187 2608/2706/2187 2607/2703/2187
f 2562/2612/2188 2563/2611/2188 2595/2704/2188
f 2576/2647/2189 2577/2648/2189 2609/2705/2189
f 2563/2611/2190 2564/2649/2190 2596/2707/2190
f 2577/2648/2191 2578/2650/2191 2610/2708/2191
f 2565/2644/2192 2597/2646/2192 2596/2707/2192
f 2579/2653/2193 2611/2681/2193 2610/2708/2193
f 2647/2711/994 2616/2732/994 2617/2736/994
f 2617/2736/4078 2618/2735/4078 2619/2678/4078
f 2619/2678/994 2620/2715/994 2621/2718/994
f 2621/2718/4079 2622/2717/4079 2623/2721/4079
f 2623/2721/4079 2624/2722/4079 2625/2724/4079
f 2625/2724/994 2626/2726/994 2627/2725/994
f 2627/2725/4080 2628/2728/4080 2629/2731/4080
f 2629/2731/994 2630/2734/994 2631/2709/994
f 2631/2709/994 2632/2738/994 2633/2714/994
f 2633/2714/994 2634/2713/994 2635/2716/994
f 2635/2716/994 2636/2720/994 2637/2719/994
f 2637/2719/994 2638/2723/994 2639/2710/994
f 2639/2710/4081 2640/2727/4081 2641/2730/4081
f 2641/2730/4081 2642/2729/4081 2643/2733/4081
f 2643/2733/4078 2644/2737/4078 2645/2739/4078
f 2645/2739/994 2646/2712/994 2647/2711/994
f 2647/2711/994 2617/2736/994 2619/2678/994
f 2619/2678/994 2621/2718/994 2623/2721/994
f 2623/2721/994 2625/2724/994 2627/2725/994
f 2627/2725/994 2629/2731/994 2631/2709/994
f 2631/2709/994 2633/2714/994 2635/2716/994
f 2635/2716/994 2637/2719/994 2639/2710/994
f 2639/2710/994 2641/2730/994 2643/2733/994
f 2643/2733/994 2645/2739/994 2647/2711/994
f 2647/2711/994 2619/2678/994 2623/2721/994
f 2623/2721/994 2627/2725/994 2631/2709/994
f 2631/2709/994 2635/2716/994 2639/2710/994
f 2639/2710/994 2643/2733/994 2647/2711/994
f 2647/2711/994 2623/2721/994 2631/2709/994
f 2614/2687/4082 2615/2692/4082 2647/2711/4082
f 2601/2690/2195 2602/2689/2195 2634/2713/2195
f 2589/2694/2196 2621/2718/2196 2620/2715/2196
f 2584/2691/2197 2616/2732/2197 2647/2711/2197
f 2602/2689/2198 2603/2696/2198 2635/2716/2198
f 2589/2694/4083 2590/2693/4083 2622/2717/4083
f 2604/2695/4084 2636/2720/4084 2635/2716/4084
f 2591/2697/4085 2623/2721/4085 2622/2717/4085
f 2604/2695/2202 2605/2698/2202 2637/2719/2202
f 2592/2699/4086 2624/2722/4086 2623/2721/4086
f 2606/2700/2204 2638/2723/2204 2637/2719/2204
f 2593/2702/2205 2625/2724/2205 2624/2722/2205
f 2607/2703/2206 2639/2710/2206 2638/2723/2206
f 2594/2701/4087 2626/2726/4087 2625/2724/4087
f 2608/2706/4088 2640/2727/4088 2639/2710/4088
f 2594/2701/2209 2595/2704/2209 2627/2725/2209
f 2609/2705/2210 2641/2730/2210 2640/2727/2210
f 2595/2704/2211 2596/2707/2211 2628/2728/2211
f 2609/2705/4089 2610/2708/4089 2642/2729/4089
f 2597/2646/4090 2629/2731/4090 2628/2728/4090
f 2611/2681/4091 2643/2733/4091 2642/2729/4091
f 2598/2645/2215 2630/2734/2215 2629/2731/2215
f 2585/2682/2216 2617/2736/2216 2616/2732/2216
f 2612/2683/2217 2644/2737/2217 2643/2733/2217
f 2599/2685/2218 2631/2709/2218 2630/2734/2218
f 2585/2682/2219 2586/2686/2219 2618/2735/2219
f 2613/2688/2220 2645/2739/2220 2644/2737/2220
f 2599/2685/2221 2600/2684/2221 2632/2738/2221
f 2586/2686/4092 2587/2679/4092 2619/2678/4092
f 2614/2687/4093 2646/2712/4093 2645/2739/4093
f 2601/2690/4094 2633/2714/4094 2632/2738/4094
f 2658/2740/2225 2657/2604/2225 2689/2741/2225
f 2491/2577/4095 2665/2767/4095 2666/2743/4095
f 2509/2595/2227 2674/2768/2227 2675/2744/2227
f 2465/2551/2228 2652/2769/2228 2653/2745/2228
f 2483/2569/2229 2661/2770/2229 2662/2746/2229
f 2457/2542/2230 2649/2783/2230 2648/2747/2230
f 2501/2587/2231 2670/2771/2231 2671/2748/2231
f 2519/2607/2232 2679/2772/2232 2649/2749/2232
f 2477/2563/2233 2475/2561/2233 2657/2604/2233
f 2493/2579/2234 2666/2743/2234 2667/2751/2234
f 2511/2597/2235 2675/2744/2235 2676/2752/2235
f 2467/2553/2236 2653/2745/2236 2654/2753/2236
f 2485/2571/4096 2662/2746/4096 2663/2754/4096
f 2503/2589/2238 2671/2748/2238 2672/2755/2238
f 2461/2547/2239 2459/2545/2239 2648/2747/2239
f 2477/2563/2240 2658/2740/2240 2659/2757/2240
f 2497/2583/2241 2495/2581/2241 2667/2751/2241
f 2513/2599/2242 2676/2752/2242 2677/2759/2242
f 2469/2555/2243 2654/2753/2243 2655/2760/2243
f 2487/2573/2244 2663/2754/2244 2664/2761/2244
f 2505/2591/2245 2672/2755/2245 2673/2762/2245
f 2461/2547/2246 2650/2756/2246 2651/2763/2246
f 2479/2565/2247 2659/2757/2247 2660/2764/2247
f 2499/2585/2248 2497/2583/2248 2668/2758/2248
f 2515/2601/2249 2677/2759/2249 2678/2766/2249
f 2471/2557/2250 2655/2760/2250 2656/2603/2250
f 2491/2577/2251 2489/2575/2251 2664/2761/2251
f 2509/2595/2252 2507/2593/2252 2673/2762/2252
f 2465/2551/2253 2463/2549/2253 2651/2763/2253
f 2481/2567/2254 2660/2764/2254 2661/2770/2254
f 2499/2585/2255 2669/2765/2255 2670/2771/2255
f 2517/2605/2256 2678/2766/2256 2679/2772/2256
f 2692/2773/2257 2724/2835/2257 2725/2774/2257
f 2672/2755/2258 2671/2748/2258 2703/2776/2258
f 2658/2740/2259 2690/2742/2259 2691/2778/2259
f 2673/2762/2260 2672/2755/2260 2704/2777/2260
f 2659/2757/2261 2691/2778/2261 2692/2773/2261
f 2673/2762/2262 2705/2779/2262 2706/2780/2262
f 2660/2764/2263 2692/2773/2263 2693/2775/2263
f 2675/2744/2264 2674/2768/2264 2706/2780/2264
f 2662/2746/2265 2661/2770/2265 2693/2775/2265
f 2649/2783/2266 2681/2810/2266 2680/2784/2266
f 2676/2752/2267 2675/2744/2267 2707/2781/2267
f 2662/2746/2268 2694/2782/2268 2695/2786/2268
f 2648/2747/2269 2680/2784/2269 2682/2787/2269
f 2677/2759/2270 2676/2752/2270 2708/2785/2270
f 2663/2754/2271 2695/2786/2271 2696/2789/2271
f 2651/2763/2272 2650/2756/2272 2682/2787/2272
f 2677/2759/2273 2709/2788/2273 2710/2791/2273
f 2664/2761/2274 2696/2789/2274 2697/2792/2274
f 2651/2763/2275 2683/2790/2275 2684/2793/2275
f 2679/2772/2276 2678/2766/2276 2710/2791/2276
f 2666/2743/2277 2665/2767/2277 2697/2792/2277
f 2652/2769/2278 2684/2793/2278 2685/2796/2278
f 2679/2772/2279 2711/2794/2279 2681/2797/2279
f 2666/2743/2280 2698/2795/2280 2699/2798/2280
f 2653/2745/2281 2685/2796/2281 2686/2799/2281
f 2667/2751/2282 2699/2798/2282 2700/2800/2282
f 2654/2753/2283 2686/2799/2283 2687/2801/2283
f 2668/2758/2284 2700/2800/2284 2701/2802/2284
f 2655/2760/2285 2687/2801/2285 2688/2803/2285
f 2669/2765/2286 2701/2802/2286 2702/2804/2286
f 2656/2603/2287 2688/2803/2287 2689/2741/2287
f 2671/2748/2288 2670/2771/2288 2702/2804/2288
f 2714/2807/995 2712/2811/995 2713/2822/995
f 2713/2822/995 2743/2820/995 2742/2817/995
f 2742/2817/995 2741/2814/995 2740/2812/995
f 2740/2812/995 2739/2808/995 2738/2836/995
f 2738/2836/4097 2737/2834/4097 2736/2832/4097
f 2736/2832/995 2735/2831/995 2734/2829/995
f 2734/2829/995 2733/2827/995 2732/2825/995
f 2732/2825/995 2731/2823/995 2730/2805/995
f 2730/2805/995 2729/2818/995 2728/2815/995
f 2728/2815/995 2727/2813/995 2726/2809/995
f 2726/2809/995 2725/2774/995 2724/2835/995
f 2724/2835/995 2723/2833/995 2722/2806/995
f 2722/2806/995 2721/2830/995 2720/2828/995
f 2720/2828/4098 2719/2826/4098 2718/2824/4098
f 2718/2824/995 2717/2821/995 2716/2819/995
f 2716/2819/995 2715/2816/995 2714/2807/995
f 2714/2807/995 2713/2822/995 2742/2817/995
f 2742/2817/4099 2740/2812/4099 2738/2836/4099
f 2738/2836/995 2736/2832/995 2734/2829/995
f 2734/2829/4099 2732/2825/4099 2730/2805/4099
f 2730/2805/995 2728/2815/995 2726/2809/995
f 2726/2809/4100 2724/2835/4100 2722/2806/4100
f 2722/2806/995 2720/2828/995 2718/2824/995
f 2718/2824/4100 2716/2819/4100 2714/2807/4100
f 2714/2807/995 2742/2817/995 2738/2836/995
f 2738/2836/995 2734/2829/995 2730/2805/995
f 2730/2805/995 2726/2809/995 2722/2806/995
f 2722/2806/995 2718/2824/995 2714/2807/995
f 2714/2807/995 2738/2836/995 2730/2805/995
f 2706/2780/2289 2738/2836/2289 2739/2808/2289
f 2694/2782/2290 2693/2775/2290 2725/2774/2290
f 2681/2810/2291 2713/2822/2291 2712/2811/2291
f 2708/2785/2292 2707/2781/2292 2739/2808/2292
f 2695/2786/2293 2694/2782/2293 2726/2809/2293
f 2680/2784/2294 2712/2811/2294 2714/2807/2294
f 2708/2785/2295 2740/2812/2295 2741/2814/2295
f 2696/2789/2296 2695/2786/2296 2727/2813/2296
f 2683/2790/2297 2682/2787/2297 2714/2807/2297
f 2709/2788/2298 2741/2814/2298 2742/2817/2298
f 2696/2789/2299 2728/2815/2299 2729/2818/2299
f 2684/2793/2300 2683/2790/2300 2715/2816/2300
f 2710/2791/2301 2742/2817/2301 2743/2820/2301
f 2697/2792/2302 2729/2818/2302 2730/2805/2302
f 2684/2793/2303 2716/2819/2303 2717/2821/2303
f 2681/2797/2304 2711/2794/2304 2743/2820/2304
f 2698/2795/2305 2730/2805/2305 2731/2823/2305
f 2685/2796/2306 2717/2821/2306 2718/2824/2306
f 2699/2798/2307 2731/2823/2307 2732/2825/2307
f 2686/2799/2308 2718/2824/2308 2719/2826/2308
f 2700/2800/2309 2732/2825/2309 2733/2827/2309
f 2688/2803/2310 2687/2801/2310 2719/2826/2310
f 2702/2804/2311 2701/2802/2311 2733/2827/2311
f 2689/2741/2312 2688/2803/2312 2720/2828/2312
f 2703/2776/2313 2702/2804/2313 2734/2829/2313
f 2690/2742/2314 2689/2741/2314 2721/2830/2314
f 2703/2776/2315 2735/2831/2315 2736/2832/2315
f 2690/2742/2316 2722/2806/2316 2723/2833/2316
f 2704/2777/2317 2736/2832/2317 2737/2834/2317
f 2692/2773/2318 2691/2778/2318 2723/2833/2318
f 2705/2779/2319 2737/2834/2319 2738/2836/2319
f 2745/2837/16 2747/2840/16 2746/2838/16
f 2747/2840/15 2749/2842/15 2748/2841/15
f 2749/2842/14 2751/2844/14 2750/2843/14
f 2751/2844/13 2753/2846/13 2752/2845/13
f 2753/2846/12 2755/2848/12 2754/2847/12
f 2755/2848/11 2757/3046/11 2756/2849/11
f 2756/2849/10 2757/3046/10 2759/2850/10
f 2759/2850/9 2761/2896/9 2760/2852/9
f 2760/2852/8 2761/2896/8 2763/2853/8
f 2763/2853/7 2765/2856/7 2764/2855/7
f 2765/2856/6 2767/2858/6 2766/2857/6
f 2767/2858/5 2769/2860/5 2768/2859/5
f 2769/2860/4 2771/2862/4 2770/2861/4
f 2771/2862/3 2773/2864/3 2772/2863/3
f 2773/2864/2 2775/2866/2 2774/2865/2
f 2775/2866/1 2777/2868/1 2776/2867/1
f 2777/2868/33 2779/2870/33 2778/2869/33
f 2779/2870/32 2781/2872/32 2780/2871/32
f 2781/2872/30 2783/2874/30 2782/2873/30
f 2783/2874/29 2785/2876/29 2784/2875/29
f 2785/2876/28 2787/2878/28 2786/2877/28
f 2787/2878/27 2789/2880/27 2788/2879/27
f 2789/2880/26 2791/2882/26 2790/2881/26
f 2791/2882/25 2793/2884/25 2792/2883/25
f 2793/2884/24 2795/2886/24 2794/2885/24
f 2795/2886/23 2797/2888/23 2796/2887/23
f 2797/2888/22 2799/2890/22 2798/2889/22
f 2799/2890/21 2801/2892/21 2800/2891/21
f 2801/2892/20 2803/2894/20 2802/2893/20
f 2803/2894/19 2805/2898/19 2804/2895/19
f 2761/2896/2320 2944/3061/2320 2945/2897/2320
f 2805/2898/18 2807/2900/18 2806/2899/18
f 2807/2900/17 2745/3041/17 2744/2901/17
f 2754/2847/2321 2813/2914/2321 2812/2902/2321
f 2818/2903/2322 2819/2928/2322 2851/2904/2322
f 2772/2863/2323 2822/2915/2323 2821/2906/2323
f 2790/2881/2324 2831/2916/2324 2830/2907/2324
f 2746/2838/2325 2809/2917/2325 2808/2908/2325
f 2744/2901/2326 2808/3194/2326 2839/2909/2326
f 2762/2854/2327 2764/2855/2327 2818/2903/2327
f 2782/2873/2328 2827/2919/2328 2826/2911/2328
f 2800/2891/2329 2836/2921/2329 2835/2912/2329
f 2754/2847/2330 2756/2849/2330 2814/2913/2330
f 2774/2865/2331 2823/2924/2331 2822/2915/2331
f 2792/2883/2332 2832/2925/2332 2831/2916/2332
f 2748/2841/2333 2810/2927/2333 2809/2917/2333
f 2766/2857/2334 2819/2928/2334 2818/2903/2334
f 2782/2873/2335 2784/2875/2335 2828/2918/2335
f 2800/2891/2336 2802/2893/2336 2837/2920/2336
f 2756/2849/2337 2758/2851/2337 2815/2922/2337
f 2774/2865/2338 2776/2867/2338 2824/2923/2338
f 2794/2885/2339 2833/2929/2339 2832/2925/2339
f 2748/2841/2340 2750/2843/2340 2811/2926/2340
f 2768/2859/2341 2820/2930/2341 2819/2928/2341
f 2786/2877/2342 2829/2931/2342 2828/2918/2342
f 2804/2895/2343 2838/2932/2343 2837/2920/2343
f 2760/2852/2344 2816/2933/2344 2815/2922/2344
f 2778/2869/2345 2825/2934/2345 2824/2923/2345
f 2796/2887/2346 2834/2935/2346 2833/2929/2346
f 2752/2845/2347 2812/2902/2347 2811/2926/2347
f 2770/2861/2348 2821/2906/2348 2820/2930/2348
f 2788/2879/2349 2830/2907/2349 2829/2931/2349
f 2806/2899/2350 2839/2909/2350 2838/2932/2350
f 2762/2854/2351 2817/2910/2351 2816/2933/2351
f 2780/2871/2352 2826/2911/2352 2825/2934/2352
f 2798/2889/2353 2835/2912/2353 2834/2935/2353
f 2854/2936/2354 2886/2974/2354 2885/2937/2354
f 2833/2929/2355 2865/2940/2355 2864/2939/2355
f 2820/2930/2356 2852/2941/2356 2851/2904/2356
f 2834/2935/2357 2866/2942/2357 2865/2940/2357
f 2821/2906/2358 2853/2938/2358 2852/2941/2358
f 2835/2912/2359 2867/2944/2359 2866/2942/2359
f 2822/2915/2360 2854/2936/2360 2853/2938/2360
f 2809/2917/2361 2841/2945/2361 2840/2943/2361
f 2836/2921/2362 2868/2946/2362 2867/2944/2362
f 2823/2924/2363 2855/2947/2363 2854/2936/2363
f 2810/2927/2364 2842/2948/2364 2841/2945/2364
f 2837/2920/2365 2869/2949/2365 2868/2946/2365
f 2824/2923/2366 2856/2951/2366 2855/2947/2366
f 2811/2926/2367 2843/2953/2367 2842/2948/2367
f 2838/2932/2368 2870/2955/2368 2869/2949/2368
f 2824/2923/2369 2825/2934/2369 2857/2950/2369
f 2811/2926/2370 2812/2902/2370 2844/2952/2370
f 2838/2932/2371 2839/2909/2371 2871/2954/2371
f 2825/2934/2372 2826/2911/2372 2858/2956/2372
f 2812/2902/2373 2813/2914/2373 2845/2957/2373
f 2839/2909/2374 2808/3194/2374 2840/2958/2374
f 2826/2911/2375 2827/2919/2375 2859/2959/2375
f 2813/2914/2376 2814/2913/2376 2846/2960/2376
f 2828/2918/2377 2860/2962/2377 2859/2959/2377
f 2814/2913/2378 2815/2922/2378 2847/2961/2378
f 2829/2931/2379 2861/2963/2379 2860/2962/2379
f 2816/2933/2380 2848/2964/2380 2847/2961/2380
f 2830/2907/2381 2862/2966/2381 2861/2963/2381
f 2817/2910/2382 2849/2967/2382 2848/2964/2382
f 2830/2907/2383 2831/2916/2383 2863/2965/2383
f 2818/2903/2384 2850/2905/2384 2849/2967/2384
f 2832/2925/2385 2864/2939/2385 2863/2965/2385
f 2876/2968/4101 2908/3007/4101 2907/2969/4101
f 2841/2945/2387 2873/2975/2387 2872/2971/2387
f 2868/2946/2388 2900/2976/2388 2899/2972/2388
f 2854/2936/4102 2855/2947/4102 2887/2973/4102
f 2842/2948/4103 2874/2977/4103 2873/2975/4103
f 2869/2949/2391 2901/2978/2391 2900/2976/2391
f 2856/2951/2392 2888/2980/2392 2887/2973/2392
f 2842/2948/2393 2843/2953/2393 2875/2970/2393
f 2870/2955/2394 2902/2981/2394 2901/2978/2394
f 2856/2951/2395 2857/2950/2395 2889/2979/2395
f 2843/2953/2396 2844/2952/2396 2876/2968/2396
f 2871/2954/4104 2903/2983/4104 2902/2981/4104
f 2858/2956/4105 2890/2985/4105 2889/2979/4105
f 2845/2957/2399 2877/2986/2399 2876/2968/2399
f 2871/2954/2400 2840/2958/2400 2872/2982/2400
f 2858/2956/2401 2859/2959/2401 2891/2984/2401
f 2846/2960/2402 2878/2988/2402 2877/2986/2402
f 2860/2962/2403 2892/2990/2403 2891/2984/2403
f 2846/2960/2404 2847/2961/2404 2879/2987/2404
f 2860/2962/2405 2861/2963/2405 2893/2989/2405
f 2848/2964/2406 2880/2991/2406 2879/2987/2406
f 2862/2966/2407 2894/2992/2407 2893/2989/2407
f 2849/2967/2408 2881/2993/2408 2880/2991/2408
f 2863/2965/4106 2895/2994/4106 2894/2992/4106
f 2850/2905/2410 2882/2995/2410 2881/2993/2410
f 2864/2939/2411 2896/2997/2411 2895/2994/2411
f 2851/2904/2412 2883/2998/2412 2882/2995/2412
f 2864/2939/2413 2865/2940/2413 2897/2996/2413
f 2852/2941/2414 2884/2999/2414 2883/2998/2414
f 2866/2942/2415 2898/3000/2415 2897/2996/2415
f 2852/2941/2416 2853/2938/2416 2885/2937/2416
f 2867/2944/2417 2899/2972/2417 2898/3000/2417
f 2935/3003/994 2904/3025/994 2905/3024/994
f 2905/3024/994 2906/3028/994 2907/2969/994
f 2907/2969/4107 2908/3007/4107 2909/3009/4107
f 2909/3009/994 2910/3010/994 2911/3013/994
f 2911/3013/4108 2912/3015/4108 2913/3016/4108
f 2913/3016/994 2914/3017/994 2915/3019/994
f 2915/3019/4107 2916/3022/4107 2917/3021/4107
f 2917/3021/994 2918/3027/994 2919/3001/994
f 2919/3001/994 2920/3031/994 2921/3006/994
f 2921/3006/994 2922/3005/994 2923/3008/994
f 2923/3008/4108 2924/3012/4108 2925/3011/4108
f 2925/3011/994 2926/3014/994 2927/3002/994
f 2927/3002/4107 2928/3018/4107 2929/3020/4107
f 2929/3020/994 2930/3023/994 2931/3026/994
f 2931/3026/4108 2932/3029/4108 2933/3030/4108
f 2933/3030/994 2934/3004/994 2935/3003/994
f 2935/3003/994 2905/3024/994 2907/2969/994
f 2907/2969/4079 2909/3009/4079 2911/3013/4079
f 2911/3013/4081 2913/3016/4081 2915/3019/4081
f 2915/3019/4078 2917/3021/4078 2919/3001/4078
f 2919/3001/994 2921/3006/994 2923/3008/994
f 2923/3008/4081 2925/3011/4081 2927/3002/4081
f 2927/3002/4079 2929/3020/4079 2931/3026/4079
f 2931/3026/4080 2933/3030/4080 2935/3003/4080
f 2935/3003/4080 2907/2969/4080 2911/3013/4080
f 2911/3013/994 2915/3019/994 2919/3001/994
f 2919/3001/4078 2923/3008/4078 2927/3002/4078
f 2927/3002/994 2931/3026/994 2935/3003/994
f 2935/3003/994 2911/3013/994 2919/3001/994
f 2902/2981/2418 2903/2983/2418 2935/3003/2418
f 2889/2979/4109 2890/2985/4109 2922/3005/4109
f 2877/2986/4110 2909/3009/4110 2908/3007/4110
f 2872/2982/4111 2904/3025/4111 2935/3003/4111
f 2890/2985/2422 2891/2984/2422 2923/3008/2422
f 2878/2988/2423 2910/3010/2423 2909/3009/2423
f 2892/2990/2424 2924/3012/2424 2923/3008/2424
f 2879/2987/2425 2911/3013/2425 2910/3010/2425
f 2892/2990/4112 2893/2989/4112 2925/3011/4112
f 2880/2991/2427 2912/3015/2427 2911/3013/2427
f 2893/2989/2428 2894/2992/2428 2926/3014/2428
f 2881/2993/2429 2913/3016/2429 2912/3015/2429
f 2894/2992/4113 2895/2994/4113 2927/3002/4113
f 2882/2995/4114 2914/3017/4114 2913/3016/4114
f 2896/2997/2432 2928/3018/2432 2927/3002/2432
f 2883/2998/4115 2915/3019/4115 2914/3017/4115
f 2897/2996/2434 2929/3020/2434 2928/3018/2434
f 2884/2999/4116 2916/3022/4116 2915/3019/4116
f 2898/3000/2436 2930/3023/2436 2929/3020/2436
f 2884/2999/4117 2885/2937/4117 2917/3021/4117
f 2899/2972/4118 2931/3026/4118 2930/3023/4118
f 2886/2974/2439 2918/3027/2439 2917/3021/2439
f 2872/2971/4119 2873/2975/4119 2905/3024/4119
f 2900/2976/4120 2932/3029/4120 2931/3026/4120
f 2887/2973/4121 2919/3001/4121 2918/3027/4121
f 2873/2975/4122 2874/2977/4122 2906/3028/4122
f 2901/2978/4123 2933/3030/4123 2932/3029/4123
f 2888/2980/4124 2920/3031/4124 2919/3001/4124
f 2875/2970/2446 2907/2969/2446 2906/3028/2446
f 2902/2981/4125 2934/3004/4125 2933/3030/4125
f 2888/2980/4126 2889/2979/4126 2921/3006/4126
f 2945/2897/2449 2977/3098/2449 2978/3032/2449
f 2779/2870/2450 2953/3062/2450 2954/3034/2450
f 2797/2888/2451 2962/3063/2451 2963/3035/2451
f 2755/2848/2452 2753/2846/2452 2940/3036/2452
f 2771/2862/2453 2949/3064/2453 2950/3038/2453
f 2745/2837/2454 2937/3195/2454 2936/3039/2454
f 2789/2880/2455 2958/3065/2455 2959/3040/2455
f 2745/3041/2456 2807/2900/2456 2967/3042/2456
f 2765/2856/2457 2763/2853/2457 2945/2897/2457
f 2781/2872/2458 2954/3034/2458 2955/3044/2458
f 2799/2890/2459 2963/3035/2459 2964/3045/2459
f 2757/3046/2460 2755/2848/2460 2941/3037/2460
f 2775/2866/2461 2773/2864/2461 2950/3038/2461
f 2793/2884/2462 2791/2882/2462 2959/3040/2462
f 2749/2842/2463 2747/2840/2463 2936/3039/2463
f 2765/2856/2464 2946/3033/2464 2947/3051/2464
f 2785/2876/2465 2783/2874/2465 2955/3044/2465
f 2801/2892/2466 2964/3045/2466 2965/3053/2466
f 2759/2850/2467 2757/3046/2467 2942/3047/2467
f 2775/2866/2468 2951/3048/2468 2952/3055/2468
f 2795/2886/2469 2793/2884/2469 2960/3049/2469
f 2751/2844/2470 2749/2842/2470 2938/3050/2470
f 2769/2860/2471 2767/2858/2471 2947/3051/2471
f 2785/2876/2472 2956/3052/2472 2957/3059/2472
f 2805/2898/2473 2803/2894/2473 2965/3053/2473
f 2759/2850/2474 2943/3054/2474 2944/3061/2474
f 2779/2870/2475 2777/2868/2475 2952/3055/2475
f 2795/2886/2476 2961/3056/2476 2962/3063/2476
f 2753/2846/2477 2751/2844/2477 2939/3057/2477
f 2771/2862/2478 2769/2860/2478 2948/3058/2478
f 2787/2878/2479 2957/3059/2479 2958/3065/2479
f 2805/2898/2480 2966/3060/2480 2967/3042/2480
f 2980/3066/2481 3012/3129/2481 3013/3067/2481
f 2960/3049/2482 2959/3040/2482 2991/3069/2482
f 2946/3033/4127 2978/3032/4127 2979/3071/4127
f 2961/3056/2484 2960/3049/2484 2992/3070/2484
f 2947/3051/2485 2979/3071/2485 2980/3066/2485
f 2961/3056/4128 2993/3072/4128 2994/3073/4128
f 2948/3058/2487 2980/3066/2487 2981/3068/2487
f 2962/3063/4129 2994/3073/4129 2995/3074/4129
f 2950/3038/2489 2949/3064/2489 2981/3068/2489
f 2936/3039/2490 2937/3195/2490 2969/3076/2490
f 2963/3035/2491 2995/3074/2491 2996/3078/2491
f 2950/3038/2492 2982/3075/2492 2983/3079/2492
f 2936/3039/2493 2968/3077/2493 2970/3080/2493
f 2965/3053/2494 2964/3045/2494 2996/3078/2494
f 2952/3055/2495 2951/3048/2495 2983/3079/2495
f 2938/3050/2496 2970/3080/2496 2971/3083/2496
f 2965/3053/2497 2997/3081/2497 2998/3084/2497
f 2952/3055/2498 2984/3082/2498 2985/3085/2498
f 2939/3057/2499 2971/3083/2499 2972/3086/2499
f 2967/3042/2500 2966/3060/2500 2998/3084/2500
f 2954/3034/2501 2953/3062/2501 2985/3085/2501
f 2940/3036/2502 2972/3086/2502 2973/3089/2502
f 2967/3042/2503 2999/3087/2503 2969/3090/2503
f 2954/3034/2504 2986/3088/2504 2987/3091/2504
f 2941/3037/4130 2973/3089/4130 2974/3092/4130
f 2955/3044/2506 2987/3091/2506 2988/3093/2506
f 2942/3047/2507 2974/3092/2507 2975/3094/2507
f 2957/3059/2508 2956/3052/2508 2988/3093/2508
f 2943/3054/2509 2975/3094/2509 2976/3096/2509
f 2958/3065/4131 2957/3059/4131 2989/3095/4131
f 2944/3061/2511 2976/3096/2511 2977/3098/2511
f 2959/3040/2512 2958/3065/2512 2990/3097/2512
f 3002/3101/4099 3000/3105/4099 3001/3116/4099
f 3001/3116/4100 3031/3114/4100 3030/3111/4100
f 3030/3111/995 3029/3108/995 3028/3106/995
f 3028/3106/4132 3027/3103/4132 3026/3102/4132
f 3026/3102/4133 3025/3128/4133 3024/3126/4133
f 3024/3126/4133 3023/3125/4133 3022/3123/4133
f 3022/3123/995 3021/3121/995 3020/3119/995
f 3020/3119/995 3019/3117/995 3018/3099/995
f 3018/3099/995 3017/3112/995 3016/3109/995
f 3016/3109/995 3015/3107/995 3014/3104/995
f 3014/3104/995 3013/3067/995 3012/3129/995
f 3012/3129/995 3011/3127/995 3010/3100/995
f 3010/3100/4132 3009/3124/4132 3008/3122/4132
f 3008/3122/4132 3007/3120/4132 3006/3118/4132
f 3006/3118/4133 3005/3115/4133 3004/3113/4133
f 3004/3113/995 3003/3110/995 3002/3101/995
f 3002/3101/995 3001/3116/995 3030/3111/995
f 3030/3111/995 3028/3106/995 3026/3102/995
f 3026/3102/995 3024/3126/995 3022/3123/995
f 3022/3123/995 3020/3119/995 3018/3099/995
f 3018/3099/995 3016/3109/995 3014/3104/995
f 3014/3104/995 3012/3129/995 3010/3100/995
f 3010/3100/995 3008/3122/995 3006/3118/995
f 3006/3118/995 3004/3113/995 3002/3101/995
f 3002/3101/995 3030/3111/995 3026/3102/995
f 3026/3102/995 3022/3123/995 3018/3099/995
f 3018/3099/995 3014/3104/995 3010/3100/995
f 3010/3100/995 3006/3118/995 3002/3101/995
f 3002/3101/995 3026/3102/995 3018/3099/995
f 2995/3074/2513 2994/3073/2513 3026/3102/2513
f 2982/3075/2514 2981/3068/2514 3013/3067/2514
f 2969/3076/4134 3001/3116/4134 3000/3105/4134
f 2995/3074/2516 3027/3103/2516 3028/3106/2516
f 2982/3075/2517 3014/3104/2517 3015/3107/2517
f 2970/3080/2518 2968/3077/2518 3000/3105/2518
f 2997/3081/2519 2996/3078/2519 3028/3106/2519
f 2984/3082/4135 2983/3079/4135 3015/3107/4135
f 2971/3083/2521 2970/3080/2521 3002/3101/2521
f 2998/3084/2522 2997/3081/2522 3029/3108/2522
f 2984/3082/4136 3016/3109/4136 3017/3112/4136
f 2971/3083/2524 3003/3110/2524 3004/3113/2524
f 2998/3084/2525 3030/3111/2525 3031/3114/2525
f 2986/3088/2526 2985/3085/2526 3017/3112/2526
f 2973/3089/2527 2972/3086/2527 3004/3113/2527
f 2999/3087/4137 3031/3114/4137 3001/3116/4137
f 2986/3088/2529 3018/3099/2529 3019/3117/2529
f 2974/3092/2530 2973/3089/2530 3005/3115/2530
f 2988/3093/2531 2987/3091/2531 3019/3117/2531
f 2974/3092/2532 3006/3118/2532 3007/3120/2532
f 2988/3093/2533 3020/3119/2533 3021/3121/2533
f 2975/3094/2534 3007/3120/2534 3008/3122/2534
f 2989/3095/2535 3021/3121/2535 3022/3123/2535
f 2976/3096/2536 3008/3122/2536 3009/3124/2536
f 2990/3097/2537 3022/3123/2537 3023/3125/2537
f 2978/3032/2538 2977/3098/2538 3009/3124/2538
f 2991/3069/2539 3023/3125/2539 3024/3126/2539
f 2978/3032/2540 3010/3100/2540 3011/3127/2540
f 2992/3070/2541 3024/3126/2541 3025/3128/2541
f 2980/3066/4138 2979/3071/4138 3011/3127/4138
f 2993/3072/2543 3025/3128/2543 3026/3102/2543
